[ 2026-05-13 11:11:39 | node_14 | INFO ] 🧩 Model added for round 46 (1/12) from ['node_7']
[ 2026-05-13 11:11:39 | node_14 | INFO ] 🧩 Model added for round 46 (2/12) from ['node_47']
[ 2026-05-13 11:11:39 | node_35 | INFO ] ♻️ Proactively processing 5 early models for round 46.
[ 2026-05-13 11:11:39 | node_14 | INFO ] 🧩 Model added for round 46 (3/12) from ['node_20']
[ 2026-05-13 11:11:39 | node_48 | INFO ] 🧩 Model added for round 46 (4/7) from ['node_31']
[ 2026-05-13 11:11:39 | node_14 | INFO ] 🧩 Model added for round 46 (4/12) from ['node_15']
[ 2026-05-13 11:11:39 | node_35 | INFO ] 🧩 Model added for round 46 (1/9) from ['node_37']
[ 2026-05-13 11:11:39 | node_35 | INFO ] 🧩 Model added for round 46 (2/9) from ['node_27']
[ 2026-05-13 11:11:39 | node_14 | INFO ] 🧩 Model added for round 46 (5/12) from ['node_26']
[ 2026-05-13 11:11:39 | node_35 | INFO ] 🧩 Model added for round 46 (3/9) from ['node_32']
[ 2026-05-13 11:11:40 | node_14 | INFO ] 🧩 Model added for round 46 (6/12) from ['node_6']
[ 2026-05-13 11:11:40 | node_35 | INFO ] 🧩 Model added for round 46 (4/9) from ['node_13']
[ 2026-05-13 11:11:40 | node_14 | INFO ] 🧩 Model added for round 46 (7/12) from ['node_31']
[ 2026-05-13 11:11:40 | node_35 | INFO ] 🧩 Model added for round 46 (5/9) from ['node_30']
[ 2026-05-13 11:11:40 | node_14 | INFO ] 🏋️‍♀️ Preparing training...
[ 2026-05-13 11:11:40 | node_35 | INFO ] 🏋️‍♀️ Preparing training...
[ 2026-05-13 11:11:40 | node_46 | INFO ] ⏹️  Gossiping exited for 50 equal rounds.
[ 2026-05-13 11:11:40 | node_46 | INFO ] 🔬 Evaluating...
[ 2026-05-13 11:11:40 | node_14 | INFO ] 🎓 Training step done.
[ 2026-05-13 11:11:40 | node_35 | INFO ] 🎓 Training step done.
[ 2026-05-13 11:11:40 | node_14 | INFO ] 🛠️ Calling force_add_local_model...
[ 2026-05-13 11:11:40 | node_35 | INFO ] 🛠️ Calling force_add_local_model...
[ 2026-05-13 11:11:40 | node_14 | INFO ] ✅ [FORCE] Local model added for round 46. (8/12)
[ 2026-05-13 11:11:40 | node_46 | INFO ] 📈 Evaluated. Results: {'test_loss': 0.1474558413028717, 'test_acc': 0.9750000238418579, 'test_precision': 0.9742589592933655, 'test_recall': 0.9738919734954834, 'test_f1': 0.9730383157730103, 'communication_cost': 30107168}
[ 2026-05-13 11:11:41 | node_35 | INFO ] ✅ [FORCE] Local model added for round 46. (6/9)
[ 2026-05-13 11:11:41 | node_18 | INFO ] 🧩 Model added for round 46 (4/5) from ['node_3']
[ 2026-05-13 11:11:41 | node_46 | INFO ] 📢 Broadcasting metrics.
[ 2026-05-13 11:11:41 | node_16 | INFO ] ⏹️  Gossiping exited for 50 equal rounds.
[ 2026-05-13 11:11:41 | node_16 | INFO ] 🔬 Evaluating...
[ 2026-05-13 11:11:41 | node_45 | INFO ] 📤 Sending model to 5 direct neighbors: ['node_6', 'node_27', 'node_28', 'node_31', 'node_38']
[ 2026-05-13 11:11:41 | node_36 | INFO ] ⏹️  Gossiping exited for 50 equal rounds.
[ 2026-05-13 11:11:41 | node_25 | INFO ] 🧩 Model added for round 46 (7/10) from ['node_10']
[ 2026-05-13 11:11:41 | node_36 | INFO ] 🔬 Evaluating...
[ 2026-05-13 11:11:41 | node_16 | INFO ] 📈 Evaluated. Results: {'test_loss': 0.14813916385173798, 'test_acc': 0.9649999737739563, 'test_precision': 0.9649350643157959, 'test_recall': 0.9617764353752136, 'test_f1': 0.9619652032852173, 'communication_cost': 37633960}
[ 2026-05-13 11:11:41 | node_16 | INFO ] 📢 Broadcasting metrics.
[ 2026-05-13 11:11:42 | node_6 | INFO ] 🧩 Model added for round 46 (8/11) from ['node_45']
[ 2026-05-13 11:11:42 | node_36 | INFO ] 📈 Evaluated. Results: {'test_loss': 0.1728670299053192, 'test_acc': 0.9649999737739563, 'test_precision': 0.962242841720581, 'test_recall': 0.9657041430473328, 'test_f1': 0.9633620381355286, 'communication_cost': 30107168}
[ 2026-05-13 11:11:42 | node_36 | INFO ] 📢 Broadcasting metrics.
[ 2026-05-13 11:11:43 | node_29 | INFO ] 🧩 Model added for round 46 (5/6) from ['node_3']
[ 2026-05-13 11:11:43 | node_26 | INFO ] 🧩 Model added for round 46 (5/10) from ['node_10']
[ 2026-05-13 11:11:44 | node_27 | INFO ] 🧩 Model added for round 46 (5/8) from ['node_45']
[ 2026-05-13 11:11:44 | node_33 | INFO ] 🧩 Model added for round 46 (4/6) from ['node_3']
[ 2026-05-13 11:11:45 | node_27 | INFO ] 🧩 Model added for round 46 (6/8) from ['node_10']
[ 2026-05-13 11:11:45 | node_31 | INFO ] 🧩 Model added for round 46 (6/10) from ['node_45']
[ 2026-05-13 11:11:46 | node_14 | INFO ] 📤 Sending model to 11 direct neighbors: ['node_2', 'node_6', 'node_7', 'node_12', 'node_15', 'node_20', 'node_26', 'node_31', 'node_35', 'node_38', 'node_47']
[ 2026-05-13 11:11:46 | node_46 | INFO ] 🎉 Round 46 of 50 finished.
[ 2026-05-13 11:11:46 | node_35 | INFO ] 📤 Sending model to 8 direct neighbors: ['node', 'node_13', 'node_14', 'node_17', 'node_27', 'node_30', 'node_32', 'node_37']
[ 2026-05-13 11:11:46 | node_46 | INFO ] 🗳️ [DETERMINISTIC] Train set assigned (No Voting). Size: 50
[ 2026-05-13 11:11:46 | node_46 | INFO ] ♻️ Proactively processing 5 early models for round 46.
[ 2026-05-13 11:11:46 | node_46 | INFO ] 🧩 Model added for round 46 (1/9) from ['node_9']
[ 2026-05-13 11:11:46 | node_46 | INFO ] 🧩 Model added for round 46 (2/9) from ['node_1']
[ 2026-05-13 11:11:46 | node_46 | INFO ] 🧩 Model added for round 46 (3/9) from ['node_49']
[ 2026-05-13 11:11:46 | node_46 | INFO ] 🧩 Model added for round 46 (4/9) from ['node_15']
[ 2026-05-13 11:11:46 | node_46 | INFO ] 🧩 Model added for round 46 (5/9) from ['node_3']
[ 2026-05-13 11:11:46 | node_6 | INFO ] 🧩 Model added for round 46 (9/11) from ['node_14']
[ 2026-05-13 11:11:46 | node_46 | INFO ] 🏋️‍♀️ Preparing training...
[ 2026-05-13 11:11:47 | node_13 | INFO ] 🧩 Model added for round 46 (6/10) from ['node_35']
[ 2026-05-13 11:11:47 | node_30 | INFO ] 🧩 Model added for round 46 (6/11) from ['node_10']
[ 2026-05-13 11:11:47 | node_36 | INFO ] 🎉 Round 46 of 50 finished.
[ 2026-05-13 11:11:47 | node_36 | INFO ] 🗳️ [DETERMINISTIC] Train set assigned (No Voting). Size: 50
[ 2026-05-13 11:11:47 | node_36 | INFO ] ♻️ Proactively processing 4 early models for round 46.
[ 2026-05-13 11:11:47 | node_46 | INFO ] 🎓 Training step done.
[ 2026-05-13 11:11:47 | node_36 | INFO ] 🧩 Model added for round 46 (1/9) from ['node_42']
[ 2026-05-13 11:11:47 | node_46 | INFO ] 🛠️ Calling force_add_local_model...
[ 2026-05-13 11:11:47 | node_36 | INFO ] 🧩 Model added for round 46 (2/9) from ['node_48']
[ 2026-05-13 11:11:47 | node_46 | INFO ] ✅ [FORCE] Local model added for round 46. (6/9)
[ 2026-05-13 11:11:47 | node_36 | INFO ] 🧩 Model added for round 46 (3/9) from ['node_30']
[ 2026-05-13 11:11:47 | node_36 | INFO ] 🧩 Model added for round 46 (4/9) from ['node_34']
[ 2026-05-13 11:11:47 | node_36 | INFO ] 🏋️‍♀️ Preparing training...
[ 2026-05-13 11:11:47 | node_16 | INFO ] 🎉 Round 46 of 50 finished.
[ 2026-05-13 11:11:48 | node_16 | INFO ] 🗳️ [DETERMINISTIC] Train set assigned (No Voting). Size: 50
[ 2026-05-13 11:11:48 | node_16 | INFO ] ♻️ Proactively processing 6 early models for round 46.
[ 2026-05-13 11:11:48 | node_16 | INFO ] 🧩 Model added for round 46 (1/11) from ['node_40']
[ 2026-05-13 11:11:48 | node_36 | INFO ] 🎓 Training step done.
[ 2026-05-13 11:11:48 | node_16 | INFO ] 🧩 Model added for round 46 (2/11) from ['node_27']
[ 2026-05-13 11:11:48 | node_36 | INFO ] 🛠️ Calling force_add_local_model...
[ 2026-05-13 11:11:48 | node_16 | INFO ] 🧩 Model added for round 46 (3/11) from ['node_13']
[ 2026-05-13 11:11:48 | node_16 | INFO ] 🧩 Model added for round 46 (4/11) from ['node_26']
[ 2026-05-13 11:11:48 | node_36 | INFO ] ✅ [FORCE] Local model added for round 46. (5/9)
[ 2026-05-13 11:11:48 | node_16 | INFO ] 🧩 Model added for round 46 (5/11) from ['node_30']
[ 2026-05-13 11:11:48 | node_16 | INFO ] 🧩 Model added for round 46 (6/11) from ['node_34']
[ 2026-05-13 11:11:48 | node_16 | INFO ] 🏋️‍♀️ Preparing training...
[ 2026-05-13 11:11:48 | node_7 | INFO ] 🧩 Model added for round 46 (5/6) from ['node_14']
[ 2026-05-13 11:11:48 | node_14 | INFO ] 🧩 Model added for round 46 (9/12) from ['node_35']
[ 2026-05-13 11:11:49 | node_16 | INFO ] 🎓 Training step done.
[ 2026-05-13 11:11:49 | node_16 | INFO ] 🛠️ Calling force_add_local_model...
[ 2026-05-13 11:11:49 | node_16 | INFO ] ✅ [FORCE] Local model added for round 46. (7/11)
[ 2026-05-13 11:11:50 | node_15 | INFO ] 🧩 Model added for round 46 (5/8) from ['node_14']
[ 2026-05-13 11:11:51 | node_27 | INFO ] 🧩 Model added for round 46 (7/8) from ['node_35']
[ 2026-05-13 11:11:51 | node_20 | INFO ] 🧩 Model added for round 46 (6/8) from ['node_14']
[ 2026-05-13 11:11:52 | node_30 | INFO ] 🧩 Model added for round 46 (7/11) from ['node_35']
[ 2026-05-13 11:11:52 | node_46 | INFO ] 📤 Sending model to 8 direct neighbors: ['node_1', 'node_3', 'node_9', 'node_15', 'node_21', 'node_28', 'node_43', 'node_49']
[ 2026-05-13 11:11:52 | node_26 | INFO ] 🧩 Model added for round 46 (6/10) from ['node_14']
[ 2026-05-13 11:11:53 | node_1 | INFO ] 🧩 Model added for round 46 (7/9) from ['node_46']
[ 2026-05-13 11:11:53 | node_36 | INFO ] 📤 Sending model to 8 direct neighbors: ['node_4', 'node_16', 'node_17', 'node_30', 'node_34', 'node_38', 'node_42', 'node_48']
[ 2026-05-13 11:11:54 | node_32 | INFO ] 🧩 Model added for round 46 (8/9) from ['node_35']
[ 2026-05-13 11:11:54 | node_31 | INFO ] 🧩 Model added for round 46 (7/10) from ['node_14']
[ 2026-05-13 11:11:54 | node_16 | INFO ] 🧩 Model added for round 46 (8/11) from ['node_36']
[ 2026-05-13 11:11:54 | node_16 | INFO ] 📤 Sending model to 10 direct neighbors: ['node_2', 'node_13', 'node_26', 'node_27', 'node_28', 'node_30', 'node_34', 'node_36', 'node_38', 'node_40']
[ 2026-05-13 11:11:54 | node_3 | INFO ] 🧩 Model added for round 46 (7/11) from ['node_46']
[ 2026-05-13 11:11:55 | node_13 | INFO ] 🧩 Model added for round 46 (7/10) from ['node_16']
[ 2026-05-13 11:11:56 | node_37 | INFO ] 🧩 Model added for round 46 (5/6) from ['node_35']
[ 2026-05-13 11:11:56 | node_35 | INFO ] 🧩 Model added for round 46 (7/9) from ['node_14']
[ 2026-05-13 11:11:56 | node_9 | INFO ] 🧩 Model added for round 46 (6/8) from ['node_46']
[ 2026-05-13 11:11:56 | node_30 | INFO ] 🧩 Model added for round 46 (8/11) from ['node_36']
[ 2026-05-13 11:11:57 | node_26 | INFO ] 🧩 Model added for round 46 (7/10) from ['node_16']
[ 2026-05-13 11:11:58 | node_15 | INFO ] 🧩 Model added for round 46 (6/8) from ['node_46']
[ 2026-05-13 11:11:58 | node_47 | INFO ] 🧩 Model added for round 46 (5/7) from ['node_14']
[ 2026-05-13 11:11:59 | node_34 | INFO ] 🧩 Model added for round 46 (4/10) from ['node_36']
[ 2026-05-13 11:11:59 | node_27 | INFO ] 🧩 Model added for round 46 (8/8) from ['node_16']
[ 2026-05-13 11:12:00 | node_27 | INFO ] 🧠 Aggregation complete. Setting new model.
[ 2026-05-13 11:12:00 | node_27 | INFO ] 🗣️ Gossiping aggregated model.
[ 2026-05-13 11:12:02 | node_49 | INFO ] 🧩 Model added for round 46 (4/5) from ['node_46']
[ 2026-05-13 11:12:02 | node_42 | INFO ] 🧩 Model added for round 46 (10/11) from ['node_36']
[ 2026-05-13 11:12:02 | node_30 | INFO ] 🧩 Model added for round 46 (9/11) from ['node_16']
[ 2026-05-13 11:12:04 | node_48 | INFO ] 🧩 Model added for round 46 (5/7) from ['node_36']
[ 2026-05-13 11:12:04 | node_34 | INFO ] 🧩 Model added for round 46 (5/10) from ['node_16']
[ 2026-05-13 11:12:05 | node_2 | INFO ] ⏹️  Gossiping exited for 50 equal rounds.
[ 2026-05-13 11:12:05 | node_2 | INFO ] 🔬 Evaluating...
[ 2026-05-13 11:12:05 | node_2 | INFO ] 📈 Evaluated. Results: {'test_loss': 0.13081637024879456, 'test_acc': 0.9850000143051147, 'test_precision': 0.9825000166893005, 'test_recall': 0.9837932586669922, 'test_f1': 0.9824683666229248, 'communication_cost': 52687544}
[ 2026-05-13 11:12:06 | node_2 | INFO ] 📢 Broadcasting metrics.
[ 2026-05-13 11:12:06 | node_36 | INFO ] 🧩 Model added for round 46 (6/9) from ['node_16']
[ 2026-05-13 11:12:09 | node_40 | INFO ] 🧩 Model added for round 46 (3/4) from ['node_16']
[ 2026-05-13 11:12:11 | node_2 | INFO ] 🎉 Round 46 of 50 finished.
[ 2026-05-13 11:12:11 | node_2 | INFO ] 🗳️ [DETERMINISTIC] Train set assigned (No Voting). Size: 50
[ 2026-05-13 11:12:11 | node_2 | INFO ] ♻️ Proactively processing 10 early models for round 46.
[ 2026-05-13 11:12:11 | node_2 | INFO ] 🧩 Model added for round 46 (1/15) from ['node_29']
[ 2026-05-13 11:12:11 | node_2 | INFO ] 🧩 Model added for round 46 (2/15) from ['node_42']
[ 2026-05-13 11:12:11 | node_2 | INFO ] 🧩 Model added for round 46 (3/15) from ['node_20']
[ 2026-05-13 11:12:11 | node_2 | INFO ] 🧩 Model added for round 46 (4/15) from ['node_8']
[ 2026-05-13 11:12:11 | node_2 | INFO ] 🧩 Model added for round 46 (5/15) from ['node_26']
[ 2026-05-13 11:12:11 | node_2 | INFO ] 🧩 Model added for round 46 (6/15) from ['node_6']
[ 2026-05-13 11:12:12 | node_2 | INFO ] 🧩 Model added for round 46 (7/15) from ['node_31']
[ 2026-05-13 11:12:12 | node_2 | INFO ] 🧩 Model added for round 46 (8/15) from ['node_3']
[ 2026-05-13 11:12:12 | node_2 | INFO ] 🧩 Model added for round 46 (9/15) from ['node_14']
[ 2026-05-13 11:12:12 | node_2 | INFO ] 🧩 Model added for round 46 (10/15) from ['node_16']
[ 2026-05-13 11:12:12 | node_2 | INFO ] 🏋️‍♀️ Preparing training...
[ 2026-05-13 11:12:12 | node_2 | INFO ] 🎓 Training step done.
[ 2026-05-13 11:12:13 | node_2 | INFO ] 🛠️ Calling force_add_local_model...
[ 2026-05-13 11:12:13 | node_2 | INFO ] ✅ [FORCE] Local model added for round 46. (11/15)
[ 2026-05-13 11:12:18 | node_2 | INFO ] 📤 Sending model to 14 direct neighbors: ['node_3', 'node_6', 'node_8', 'node_14', 'node_16', 'node_17', 'node_20', 'node_22', 'node_24', 'node_26', 'node_28', 'node_29', 'node_31', 'node_42']
[ 2026-05-13 11:12:18 | node_3 | INFO ] 🧩 Model added for round 46 (8/11) from ['node_2']
[ 2026-05-13 11:12:20 | node_6 | INFO ] 🧩 Model added for round 46 (10/11) from ['node_2']
[ 2026-05-13 11:12:22 | node_8 | INFO ] 🧩 Model added for round 46 (5/5) from ['node_2']
[ 2026-05-13 11:12:23 | node_8 | INFO ] 🧠 Aggregation complete. Setting new model.
[ 2026-05-13 11:12:23 | node_14 | INFO ] 🧩 Model added for round 46 (10/12) from ['node_2']
[ 2026-05-13 11:12:24 | node_8 | INFO ] 🗣️ Gossiping aggregated model.
[ 2026-05-13 11:12:25 | node_16 | INFO ] 🧩 Model added for round 46 (9/11) from ['node_2']
[ 2026-05-13 11:12:28 | node_20 | INFO ] 🧩 Model added for round 46 (7/8) from ['node_2']
[ 2026-05-13 11:12:30 | node_26 | INFO ] 🧩 Model added for round 46 (8/10) from ['node_2']
[ 2026-05-13 11:12:32 | node_29 | INFO ] 🧩 Model added for round 46 (6/6) from ['node_2']
[ 2026-05-13 11:12:33 | node_29 | INFO ] 🧠 Aggregation complete. Setting new model.
[ 2026-05-13 11:12:33 | node_29 | INFO ] 🗣️ Gossiping aggregated model.
[ 2026-05-13 11:12:34 | node_31 | INFO ] 🧩 Model added for round 46 (8/10) from ['node_2']
[ 2026-05-13 11:12:35 | node_42 | INFO ] 🧩 Model added for round 46 (11/11) from ['node_2']
[ 2026-05-13 11:12:37 | node_42 | INFO ] 🧠 Aggregation complete. Setting new model.
[ 2026-05-13 11:12:38 | node_42 | INFO ] 🗣️ Gossiping aggregated model.
[ 2026-05-13 11:12:53 | node_24 | INFO ] ⏹️  Gossiping exited for 50 equal rounds.
[ 2026-05-13 11:12:53 | node_24 | INFO ] 🔬 Evaluating...
[ 2026-05-13 11:12:54 | node_24 | INFO ] 📈 Evaluated. Results: {'test_loss': 0.20647703111171722, 'test_acc': 0.9700000286102295, 'test_precision': 0.9634567499160767, 'test_recall': 0.964348316192627, 'test_f1': 0.9627969861030579, 'communication_cost': 30107168}
[ 2026-05-13 11:12:54 | node_24 | INFO ] 📢 Broadcasting metrics.
[ 2026-05-13 11:12:58 | node_24 | INFO ] 🎉 Round 46 of 50 finished.
[ 2026-05-13 11:12:58 | node_24 | INFO ] 🗳️ [DETERMINISTIC] Train set assigned (No Voting). Size: 50
[ 2026-05-13 11:12:59 | node_24 | INFO ] ♻️ Proactively processing 4 early models for round 46.
[ 2026-05-13 11:12:59 | node_24 | INFO ] 🧩 Model added for round 46 (1/9) from ['node_5']
[ 2026-05-13 11:12:59 | node_24 | INFO ] 🧩 Model added for round 46 (2/9) from ['node_10']
[ 2026-05-13 11:12:59 | node_24 | INFO ] 🧩 Model added for round 46 (3/9) from ['node_3']
[ 2026-05-13 11:12:59 | node_24 | INFO ] 🧩 Model added for round 46 (4/9) from ['node_2']
[ 2026-05-13 11:12:59 | node_24 | INFO ] 🏋️‍♀️ Preparing training...
[ 2026-05-13 11:12:59 | node_21 | INFO ] ⏹️  Gossiping exited for 50 equal rounds.
[ 2026-05-13 11:12:59 | node_21 | INFO ] 🔬 Evaluating...
[ 2026-05-13 11:12:59 | node_24 | INFO ] 🎓 Training step done.
[ 2026-05-13 11:12:59 | node_24 | INFO ] 🛠️ Calling force_add_local_model...
[ 2026-05-13 11:13:00 | node_24 | INFO ] ✅ [FORCE] Local model added for round 46. (5/9)
[ 2026-05-13 11:13:00 | node_21 | INFO ] 📈 Evaluated. Results: {'test_loss': 0.33815571665763855, 'test_acc': 0.9599999785423279, 'test_precision': 0.966505765914917, 'test_recall': 0.9550498127937317, 'test_f1': 0.9593134522438049, 'communication_cost': 22580376}
[ 2026-05-13 11:13:00 | node_21 | INFO ] 📢 Broadcasting metrics.
[ 2026-05-13 11:13:04 | node_21 | INFO ] 🎉 Round 46 of 50 finished.
[ 2026-05-13 11:13:04 | node_21 | INFO ] 🗳️ [DETERMINISTIC] Train set assigned (No Voting). Size: 50
[ 2026-05-13 11:13:04 | node_21 | INFO ] ♻️ Proactively processing 4 early models for round 46.
[ 2026-05-13 11:13:04 | node_21 | INFO ] 🧩 Model added for round 46 (1/7) from ['node_25']
[ 2026-05-13 11:13:04 | node_21 | INFO ] 🧩 Model added for round 46 (2/7) from ['node_13']
[ 2026-05-13 11:13:04 | node_21 | INFO ] 🧩 Model added for round 46 (3/7) from ['node_34']
[ 2026-05-13 11:13:04 | node_21 | INFO ] 🧩 Model added for round 46 (4/7) from ['node_46']
[ 2026-05-13 11:13:04 | node_21 | INFO ] 🏋️‍♀️ Preparing training...
[ 2026-05-13 11:13:05 | node_24 | INFO ] 📤 Sending model to 8 direct neighbors: ['node_2', 'node_3', 'node_4', 'node_5', 'node_10', 'node_12', 'node_17', 'node_23']
[ 2026-05-13 11:13:05 | node_21 | INFO ] 🎓 Training step done.
[ 2026-05-13 11:13:05 | node_22 | INFO ] ⏹️  Gossiping exited for 50 equal rounds.
[ 2026-05-13 11:13:05 | node_21 | INFO ] 🛠️ Calling force_add_local_model...
[ 2026-05-13 11:13:05 | node_2 | INFO ] 🧩 Model added for round 46 (12/15) from ['node_24']
[ 2026-05-13 11:13:05 | node_21 | INFO ] ✅ [FORCE] Local model added for round 46. (5/7)
[ 2026-05-13 11:13:05 | node_22 | INFO ] 🔬 Evaluating...
[ 2026-05-13 11:13:06 | node_22 | INFO ] 📈 Evaluated. Results: {'test_loss': 0.14087066054344177, 'test_acc': 0.9800000190734863, 'test_precision': 0.9772136211395264, 'test_recall': 0.9822778105735779, 'test_f1': 0.979062020778656, 'communication_cost': 33870564}
[ 2026-05-13 11:13:06 | node_22 | INFO ] 📢 Broadcasting metrics.
[ 2026-05-13 11:13:07 | node_3 | INFO ] 🧩 Model added for round 46 (9/11) from ['node_24']
[ 2026-05-13 11:13:10 | node_5 | INFO ] 🧩 Model added for round 46 (2/11) from ['node_24']
[ 2026-05-13 11:13:10 | node_21 | INFO ] 📤 Sending model to 6 direct neighbors: ['node_13', 'node_17', 'node_25', 'node_28', 'node_34', 'node_46']
[ 2026-05-13 11:13:11 | node_13 | INFO ] 🧩 Model added for round 46 (8/10) from ['node_21']
[ 2026-05-13 11:13:11 | node_22 | INFO ] 🎉 Round 46 of 50 finished.
[ 2026-05-13 11:13:11 | node_22 | INFO ] 🗳️ [DETERMINISTIC] Train set assigned (No Voting). Size: 50
[ 2026-05-13 11:13:11 | node_22 | INFO ] ♻️ Proactively processing 7 early models for round 46.
[ 2026-05-13 11:13:11 | node_22 | INFO ] 🧩 Model added for round 46 (1/10) from ['node_18']
[ 2026-05-13 11:13:11 | node_22 | INFO ] 🧩 Model added for round 46 (2/10) from ['node_37']
[ 2026-05-13 11:13:11 | node_22 | INFO ] 🧩 Model added for round 46 (3/10) from ['node_30']
[ 2026-05-13 11:13:11 | node_22 | INFO ] 🧩 Model added for round 46 (4/10) from ['node_11']
[ 2026-05-13 11:13:11 | node_10 | INFO ] 🧩 Model added for round 46 (7/9) from ['node_24']
[ 2026-05-13 11:13:11 | node_22 | INFO ] 🧩 Model added for round 46 (5/10) from ['node_6']
[ 2026-05-13 11:13:12 | node_22 | INFO ] 🧩 Model added for round 46 (6/10) from ['node_5']
[ 2026-05-13 11:13:12 | node | INFO ] ⏹️  Gossiping exited for 50 equal rounds.
[ 2026-05-13 11:13:12 | node_22 | INFO ] 🧩 Model added for round 46 (7/10) from ['node_2']
[ 2026-05-13 11:13:12 | node_22 | INFO ] 🏋️‍♀️ Preparing training...
[ 2026-05-13 11:13:12 | node | INFO ] 🔬 Evaluating...
[ 2026-05-13 11:13:12 | node | INFO ] 📈 Evaluated. Results: {'test_loss': 0.29851609468460083, 'test_acc': 0.9700000286102295, 'test_precision': 0.970396876335144, 'test_recall': 0.9695835113525391, 'test_f1': 0.9691720008850098, 'communication_cost': 30107168}
[ 2026-05-13 11:13:12 | node_22 | INFO ] 🎓 Training step done.
[ 2026-05-13 11:13:13 | node_22 | INFO ] 🛠️ Calling force_add_local_model...
[ 2026-05-13 11:13:13 | node | INFO ] 📢 Broadcasting metrics.
[ 2026-05-13 11:13:13 | node_22 | INFO ] ✅ [FORCE] Local model added for round 46. (8/10)
[ 2026-05-13 11:13:13 | node_25 | INFO ] 🧩 Model added for round 46 (8/10) from ['node_21']
[ 2026-05-13 11:13:15 | node_34 | INFO ] 🧩 Model added for round 46 (6/10) from ['node_21']
[ 2026-05-13 11:13:17 | node_46 | INFO ] 🧩 Model added for round 46 (7/9) from ['node_21']
[ 2026-05-13 11:13:17 | node | INFO ] 🎉 Round 46 of 50 finished.
[ 2026-05-13 11:13:17 | node | INFO ] 🗳️ [DETERMINISTIC] Train set assigned (No Voting). Size: 50
[ 2026-05-13 11:13:17 | node | INFO ] ♻️ Proactively processing 7 early models for round 46.
[ 2026-05-13 11:13:17 | node | INFO ] 🧩 Model added for round 46 (1/9) from ['node_25']
[ 2026-05-13 11:13:17 | node | INFO ] 🧩 Model added for round 46 (2/9) from ['node_44']
[ 2026-05-13 11:13:17 | node | INFO ] 🧩 Model added for round 46 (3/9) from ['node_15']
[ 2026-05-13 11:13:17 | node | INFO ] 🧩 Model added for round 46 (4/9) from ['node_48']
[ 2026-05-13 11:13:18 | node | INFO ] 🧩 Model added for round 46 (5/9) from ['node_33']
[ 2026-05-13 11:13:18 | node | INFO ] 🧩 Model added for round 46 (6/9) from ['node_5']
[ 2026-05-13 11:13:18 | node | INFO ] 🧩 Model added for round 46 (7/9) from ['node_35']
[ 2026-05-13 11:13:18 | node | INFO ] 🏋️‍♀️ Preparing training...
[ 2026-05-13 11:13:18 | node_22 | INFO ] 📤 Sending model to 9 direct neighbors: ['node_2', 'node_5', 'node_6', 'node_11', 'node_17', 'node_18', 'node_28', 'node_30', 'node_37']
[ 2026-05-13 11:13:18 | node_2 | INFO ] 🧩 Model added for round 46 (13/15) from ['node_22']
[ 2026-05-13 11:13:18 | node | INFO ] 🎓 Training step done.
[ 2026-05-13 11:13:18 | node | INFO ] 🛠️ Calling force_add_local_model...
[ 2026-05-13 11:13:18 | node | INFO ] ✅ [FORCE] Local model added for round 46. (8/9)
[ 2026-05-13 11:13:20 | node_5 | INFO ] 🧩 Model added for round 46 (3/11) from ['node_22']
[ 2026-05-13 11:13:22 | node_6 | INFO ] 🧩 Model added for round 46 (11/11) from ['node_22']
[ 2026-05-13 11:13:23 | node_6 | INFO ] 🧠 Aggregation complete. Setting new model.
[ 2026-05-13 11:13:23 | node | INFO ] 📤 Sending model to 8 direct neighbors: ['node_4', 'node_5', 'node_15', 'node_25', 'node_33', 'node_35', 'node_44', 'node_48']
[ 2026-05-13 11:13:24 | node_11 | INFO ] 🧩 Model added for round 46 (7/9) from ['node_22']
[ 2026-05-13 11:13:24 | node_5 | INFO ] 🧩 Model added for round 46 (4/11) from ['node']
[ 2026-05-13 11:13:25 | node_6 | INFO ] 🗣️ Gossiping aggregated model.
[ 2026-05-13 11:13:25 | node_18 | INFO ] 🧩 Model added for round 46 (5/5) from ['node_22']
[ 2026-05-13 11:13:26 | node_18 | INFO ] 🧠 Aggregation complete. Setting new model.
[ 2026-05-13 11:13:26 | node_15 | INFO ] 🧩 Model added for round 46 (7/8) from ['node']
[ 2026-05-13 11:13:28 | node_18 | INFO ] 🗣️ Gossiping aggregated model.
[ 2026-05-13 11:13:28 | node_30 | INFO ] 🧩 Model added for round 46 (10/11) from ['node_22']
[ 2026-05-13 11:13:29 | node_25 | INFO ] 🧩 Model added for round 46 (9/10) from ['node']
[ 2026-05-13 11:13:30 | node_43 | INFO ] ⏹️  Gossiping exited for 50 equal rounds.
[ 2026-05-13 11:13:30 | node_37 | INFO ] 🧩 Model added for round 46 (6/6) from ['node_22']
[ 2026-05-13 11:13:31 | node_43 | INFO ] 🔬 Evaluating...
[ 2026-05-13 11:13:31 | node_43 | INFO ] 📈 Evaluated. Results: {'test_loss': 0.16980405151844025, 'test_acc': 0.9700000286102295, 'test_precision': 0.974690854549408, 'test_recall': 0.9646826386451721, 'test_f1': 0.9688589572906494, 'communication_cost': 26343772}
[ 2026-05-13 11:13:31 | node_33 | INFO ] 🧩 Model added for round 46 (5/6) from ['node']
[ 2026-05-13 11:13:31 | node_43 | INFO ] 📢 Broadcasting metrics.
[ 2026-05-13 11:13:31 | node_37 | INFO ] 🧠 Aggregation complete. Setting new model.
[ 2026-05-13 11:13:32 | node_37 | INFO ] 🗣️ Gossiping aggregated model.
[ 2026-05-13 11:13:33 | node_35 | INFO ] 🧩 Model added for round 46 (8/9) from ['node']
[ 2026-05-13 11:13:34 | node_43 | INFO ] 🎉 Round 46 of 50 finished.
[ 2026-05-13 11:13:34 | node_43 | INFO ] 🗳️ [DETERMINISTIC] Train set assigned (No Voting). Size: 50
[ 2026-05-13 11:13:34 | node_43 | INFO ] ♻️ Proactively processing 4 early models for round 46.
[ 2026-05-13 11:13:34 | node_43 | INFO ] 🧩 Model added for round 46 (1/8) from ['node_48']
[ 2026-05-13 11:13:34 | node_43 | INFO ] 🧩 Model added for round 46 (2/8) from ['node_33']
[ 2026-05-13 11:13:34 | node_43 | INFO ] 🧩 Model added for round 46 (3/8) from ['node_5']
[ 2026-05-13 11:13:34 | node_43 | INFO ] 🧩 Model added for round 46 (4/8) from ['node_46']
[ 2026-05-13 11:13:34 | node_43 | INFO ] 🏋️‍♀️ Preparing training...
[ 2026-05-13 11:13:34 | node_44 | INFO ] 🧩 Model added for round 46 (8/9) from ['node']
[ 2026-05-13 11:13:35 | node_43 | INFO ] 🎓 Training step done.
[ 2026-05-13 11:13:35 | node_43 | INFO ] 🛠️ Calling force_add_local_model...
[ 2026-05-13 11:13:35 | node_43 | INFO ] ✅ [FORCE] Local model added for round 46. (5/8)
[ 2026-05-13 11:13:36 | node_48 | INFO ] 🧩 Model added for round 46 (6/7) from ['node']
[ 2026-05-13 11:13:40 | node_43 | INFO ] 📤 Sending model to 7 direct neighbors: ['node_5', 'node_12', 'node_17', 'node_19', 'node_33', 'node_46', 'node_48']
[ 2026-05-13 11:13:40 | node_5 | INFO ] 🧩 Model added for round 46 (5/11) from ['node_43']
[ 2026-05-13 11:13:44 | node_7 | INFO ] ⏳ Dynamic Patience (iteration 1): Missing nodes still active. Waiting 150s more...
[ 2026-05-13 11:13:44 | node_33 | INFO ] 🧩 Model added for round 46 (6/6) from ['node_43']
[ 2026-05-13 11:13:44 | node_33 | INFO ] 🧠 Aggregation complete. Setting new model.
[ 2026-05-13 11:13:45 | node_33 | INFO ] 🗣️ Gossiping aggregated model.
[ 2026-05-13 11:13:45 | node_46 | INFO ] 🧩 Model added for round 46 (8/9) from ['node_43']
[ 2026-05-13 11:13:47 | node_48 | INFO ] 🧩 Model added for round 46 (7/7) from ['node_43']
[ 2026-05-13 11:13:47 | node_48 | INFO ] 🧠 Aggregation complete. Setting new model.
[ 2026-05-13 11:13:48 | node_48 | INFO ] 🗣️ Gossiping aggregated model.
[ 2026-05-13 11:13:50 | node_4 | INFO ] ⏹️  Gossiping exited for 50 equal rounds.
[ 2026-05-13 11:13:50 | node_4 | INFO ] 🔬 Evaluating...
[ 2026-05-13 11:13:50 | node_4 | INFO ] 📈 Evaluated. Results: {'test_loss': 0.13776525855064392, 'test_acc': 0.9750000238418579, 'test_precision': 0.9729815721511841, 'test_recall': 0.9743499755859375, 'test_f1': 0.9728083610534668, 'communication_cost': 41397356}
[ 2026-05-13 11:13:51 | node_4 | INFO ] 📢 Broadcasting metrics.
[ 2026-05-13 11:13:55 | node_4 | INFO ] 🎉 Round 46 of 50 finished.
[ 2026-05-13 11:13:55 | node_4 | INFO ] 🗳️ [DETERMINISTIC] Train set assigned (No Voting). Size: 50
[ 2026-05-13 11:13:56 | node_4 | INFO ] ♻️ Proactively processing 11 early models for round 46.
[ 2026-05-13 11:13:56 | node_4 | INFO ] 🧩 Model added for round 46 (1/12) from ['node_40']
[ 2026-05-13 11:13:56 | node_4 | INFO ] 🧩 Model added for round 46 (2/12) from ['node_47']
[ 2026-05-13 11:13:56 | node_4 | INFO ] 🧩 Model added for round 46 (3/12) from ['node_25']
[ 2026-05-13 11:13:56 | node_4 | INFO ] 🧩 Model added for round 46 (4/12) from ['node_44']
[ 2026-05-13 11:13:56 | node_4 | INFO ] 🧩 Model added for round 46 (5/12) from ['node_34']
[ 2026-05-13 11:13:56 | node_4 | INFO ] 🧩 Model added for round 46 (6/12) from ['node_31']
[ 2026-05-13 11:13:56 | node_4 | INFO ] 🧩 Model added for round 46 (7/12) from ['node_5']
[ 2026-05-13 11:13:56 | node_4 | INFO ] 🧩 Model added for round 46 (8/12) from ['node_3']
[ 2026-05-13 11:13:56 | node_4 | INFO ] 🧩 Model added for round 46 (9/12) from ['node_36']
[ 2026-05-13 11:13:56 | node_4 | INFO ] 🧩 Model added for round 46 (10/12) from ['node_24']
[ 2026-05-13 11:13:56 | node_4 | INFO ] 🧩 Model added for round 46 (11/12) from ['node']
[ 2026-05-13 11:13:56 | node_4 | INFO ] 🏋️‍♀️ Preparing training...
[ 2026-05-13 11:13:57 | node_4 | INFO ] 🎓 Training step done.
[ 2026-05-13 11:13:57 | node_4 | INFO ] 🛠️ Calling force_add_local_model...
[ 2026-05-13 11:13:57 | node_4 | INFO ] ✅ [FORCE] Local model added for round 46. (12/12)
[ 2026-05-13 11:13:59 | node_12 | INFO ] ⏹️  Gossiping exited for 50 equal rounds.
[ 2026-05-13 11:13:59 | node_12 | INFO ] 🔬 Evaluating...
[ 2026-05-13 11:13:59 | node_12 | INFO ] 📈 Evaluated. Results: {'test_loss': 0.15684160590171814, 'test_acc': 0.9599999785423279, 'test_precision': 0.9646826386451721, 'test_recall': 0.9589258432388306, 'test_f1': 0.9609274864196777, 'communication_cost': 33870564}
[ 2026-05-13 11:13:59 | node_12 | INFO ] 📢 Broadcasting metrics.
[ 2026-05-13 11:14:01 | node_17 | INFO ] ⏹️  Gossiping exited for 50 equal rounds.
[ 2026-05-13 11:14:01 | node_17 | INFO ] 🔬 Evaluating...
[ 2026-05-13 11:14:01 | node_40 | INFO ] ⏳ Dynamic Patience (iteration 1): Missing nodes still active. Waiting 150s more...
[ 2026-05-13 11:14:01 | node_17 | INFO ] 📈 Evaluated. Results: {'test_loss': 0.16471487283706665, 'test_acc': 0.9800000190734863, 'test_precision': 0.9783222675323486, 'test_recall': 0.9746296405792236, 'test_f1': 0.9753124117851257, 'communication_cost': 45160752}
[ 2026-05-13 11:14:02 | node_17 | INFO ] 📢 Broadcasting metrics.
[ 2026-05-13 11:14:02 | node_4 | INFO ] 📤 Sending model to 11 direct neighbors: ['node', 'node_3', 'node_5', 'node_24', 'node_25', 'node_31', 'node_34', 'node_36', 'node_40', 'node_44', 'node_47']
[ 2026-05-13 11:14:03 | node | INFO ] 🧩 Model added for round 46 (9/9) from ['node_4']
[ 2026-05-13 11:14:03 | node_19 | INFO ] ⏹️  Gossiping exited for 50 equal rounds.
[ 2026-05-13 11:14:03 | node_19 | INFO ] 🔬 Evaluating...
[ 2026-05-13 11:14:03 | node | INFO ] 🧠 Aggregation complete. Setting new model.
[ 2026-05-13 11:14:04 | node_19 | INFO ] 📈 Evaluated. Results: {'test_loss': 0.2232748419046402, 'test_acc': 0.9649999737739563, 'test_precision': 0.9645334482192993, 'test_recall': 0.968799352645874, 'test_f1': 0.9657941460609436, 'communication_cost': 37633960}
[ 2026-05-13 11:14:04 | node_12 | INFO ] 🎉 Round 46 of 50 finished.
[ 2026-05-13 11:14:04 | node_12 | INFO ] 🗳️ [DETERMINISTIC] Train set assigned (No Voting). Size: 50
[ 2026-05-13 11:14:04 | node_12 | INFO ] ♻️ Proactively processing 8 early models for round 46.
[ 2026-05-13 11:14:04 | node_12 | INFO ] 🧩 Model added for round 46 (1/10) from ['node_49']
[ 2026-05-13 11:14:04 | node_19 | INFO ] 📢 Broadcasting metrics.
[ 2026-05-13 11:14:04 | node_12 | INFO ] 🧩 Model added for round 46 (2/10) from ['node_39']
[ 2026-05-13 11:14:04 | node_12 | INFO ] 🧩 Model added for round 46 (3/10) from ['node_13']
[ 2026-05-13 11:14:04 | node_12 | INFO ] 🧩 Model added for round 46 (4/10) from ['node_26']
[ 2026-05-13 11:14:04 | node_12 | INFO ] 🧩 Model added for round 46 (5/10) from ['node_5']
[ 2026-05-13 11:14:04 | node_3 | INFO ] 🧩 Model added for round 46 (10/11) from ['node_4']
[ 2026-05-13 11:14:04 | node_12 | INFO ] 🧩 Model added for round 46 (6/10) from ['node_14']
[ 2026-05-13 11:14:04 | node_12 | INFO ] 🧩 Model added for round 46 (7/10) from ['node_24']
[ 2026-05-13 11:14:04 | node_12 | INFO ] 🧩 Model added for round 46 (8/10) from ['node_43']
[ 2026-05-13 11:14:04 | node_12 | INFO ] 🏋️‍♀️ Preparing training...
[ 2026-05-13 11:14:04 | node | INFO ] 🗣️ Gossiping aggregated model.
[ 2026-05-13 11:14:04 | node_38 | INFO ] ⏹️  Gossiping exited for 50 equal rounds.
[ 2026-05-13 11:14:05 | node_38 | INFO ] 🔬 Evaluating...
[ 2026-05-13 11:14:05 | node_38 | INFO ] 📈 Evaluated. Results: {'test_loss': 0.1087220087647438, 'test_acc': 0.9750000238418579, 'test_precision': 0.9770509600639343, 'test_recall': 0.9694879651069641, 'test_f1': 0.9727067351341248, 'communication_cost': 33870564}
[ 2026-05-13 11:14:05 | node_12 | INFO ] 🎓 Training step done.
[ 2026-05-13 11:14:05 | node_12 | INFO ] 🛠️ Calling force_add_local_model...
[ 2026-05-13 11:14:05 | node_38 | INFO ] 📢 Broadcasting metrics.
[ 2026-05-13 11:14:05 | node_12 | INFO ] ✅ [FORCE] Local model added for round 46. (9/10)
[ 2026-05-13 11:14:06 | node_5 | INFO ] 🧩 Model added for round 46 (6/11) from ['node_4']
[ 2026-05-13 11:14:08 | node_28 | INFO ] ⏹️  Gossiping exited for 50 equal rounds.
[ 2026-05-13 11:14:08 | node_28 | INFO ] 🔬 Evaluating...
[ 2026-05-13 11:14:08 | node_24 | INFO ] 🧩 Model added for round 46 (6/9) from ['node_4']
[ 2026-05-13 11:14:08 | node_28 | INFO ] 📈 Evaluated. Results: {'test_loss': 0.36356866359710693, 'test_acc': 0.9549999833106995, 'test_precision': 0.9510713815689087, 'test_recall': 0.9480546712875366, 'test_f1': 0.9489833116531372, 'communication_cost': 41397356}
[ 2026-05-13 11:14:08 | node_17 | INFO ] 🎉 Round 46 of 50 finished.
[ 2026-05-13 11:14:08 | node_28 | INFO ] 📢 Broadcasting metrics.
[ 2026-05-13 11:14:08 | node_17 | INFO ] 🗳️ [DETERMINISTIC] Train set assigned (No Voting). Size: 50
[ 2026-05-13 11:14:09 | node_17 | INFO ] ♻️ Proactively processing 12 early models for round 46.
[ 2026-05-13 11:14:09 | node_17 | INFO ] 🧩 Model added for round 46 (1/13) from ['node_11']
[ 2026-05-13 11:14:09 | node_17 | INFO ] 🧩 Model added for round 46 (2/13) from ['node_34']
[ 2026-05-13 11:14:09 | node_17 | INFO ] 🧩 Model added for round 46 (3/13) from ['node_31']
[ 2026-05-13 11:14:09 | node_17 | INFO ] 🧩 Model added for round 46 (4/13) from ['node_5']
[ 2026-05-13 11:14:09 | node_17 | INFO ] 🧩 Model added for round 46 (5/13) from ['node_10']
[ 2026-05-13 11:14:09 | node_17 | INFO ] 🧩 Model added for round 46 (6/13) from ['node_35']
[ 2026-05-13 11:14:09 | node_17 | INFO ] 🧩 Model added for round 46 (7/13) from ['node_36']
[ 2026-05-13 11:14:09 | node_17 | INFO ] 🧩 Model added for round 46 (8/13) from ['node_2']
[ 2026-05-13 11:14:09 | node_17 | INFO ] 🧩 Model added for round 46 (9/13) from ['node_21']
[ 2026-05-13 11:14:09 | node_17 | INFO ] 🧩 Model added for round 46 (10/13) from ['node_24']
[ 2026-05-13 11:14:10 | node_17 | INFO ] 🧩 Model added for round 46 (11/13) from ['node_22']
[ 2026-05-13 11:14:10 | node_17 | INFO ] 🧩 Model added for round 46 (12/13) from ['node_43']
[ 2026-05-13 11:14:10 | node_17 | INFO ] 🏋️‍♀️ Preparing training...
[ 2026-05-13 11:14:10 | node_25 | INFO ] 🧩 Model added for round 46 (10/10) from ['node_4']
[ 2026-05-13 11:14:10 | node_23 | INFO ] ⏹️  Gossiping exited for 50 equal rounds.
[ 2026-05-13 11:14:10 | node_17 | INFO ] 🎓 Training step done.
[ 2026-05-13 11:14:10 | node_23 | INFO ] 🔬 Evaluating...
[ 2026-05-13 11:14:10 | node_17 | INFO ] 🛠️ Calling force_add_local_model...
[ 2026-05-13 11:14:10 | node_19 | INFO ] 🎉 Round 46 of 50 finished.
[ 2026-05-13 11:14:10 | node_17 | INFO ] ✅ [FORCE] Local model added for round 46. (13/13)
[ 2026-05-13 11:14:10 | node_12 | INFO ] 📤 Sending model to 9 direct neighbors: ['node_5', 'node_13', 'node_14', 'node_24', 'node_26', 'node_38', 'node_39', 'node_43', 'node_49']
[ 2026-05-13 11:14:10 | node_25 | INFO ] 🧠 Aggregation complete. Setting new model.
[ 2026-05-13 11:14:10 | node_19 | INFO ] 🗳️ [DETERMINISTIC] Train set assigned (No Voting). Size: 50
[ 2026-05-13 11:14:11 | node_19 | INFO ] ♻️ Proactively processing 8 early models for round 46.
[ 2026-05-13 11:14:11 | node_19 | INFO ] 🧩 Model added for round 46 (1/11) from ['node_9']
[ 2026-05-13 11:14:11 | node_19 | INFO ] 🧩 Model added for round 46 (2/11) from ['node_1']
[ 2026-05-13 11:14:11 | node_19 | INFO ] 🧩 Model added for round 46 (3/11) from ['node_26']
[ 2026-05-13 11:14:11 | node_19 | INFO ] 🧩 Model added for round 46 (4/11) from ['node_11']
[ 2026-05-13 11:14:11 | node_23 | INFO ] 📈 Evaluated. Results: {'test_loss': 0.21669182181358337, 'test_acc': 0.9750000238418579, 'test_precision': 0.9769881367683411, 'test_recall': 0.9759524464607239, 'test_f1': 0.9756262898445129, 'communication_cost': 37633960}
[ 2026-05-13 11:14:11 | node_19 | INFO ] 🧩 Model added for round 46 (5/11) from ['node_34']
[ 2026-05-13 11:14:11 | node_19 | INFO ] 🧩 Model added for round 46 (6/11) from ['node_5']
[ 2026-05-13 11:14:11 | node_38 | INFO ] 🎉 Round 46 of 50 finished.
[ 2026-05-13 11:14:11 | node_19 | INFO ] 🧩 Model added for round 46 (7/11) from ['node_3']
[ 2026-05-13 11:14:11 | node_19 | INFO ] 🧩 Model added for round 46 (8/11) from ['node_43']
[ 2026-05-13 11:14:11 | node_19 | INFO ] 🏋️‍♀️ Preparing training...
[ 2026-05-13 11:14:11 | node_38 | INFO ] 🗳️ [DETERMINISTIC] Train set assigned (No Voting). Size: 50
[ 2026-05-13 11:14:11 | node_23 | INFO ] 📢 Broadcasting metrics.
[ 2026-05-13 11:14:11 | node_38 | INFO ] ♻️ Proactively processing 6 early models for round 46.
[ 2026-05-13 11:14:11 | node_38 | INFO ] 🧩 Model added for round 46 (1/10) from ['node_32']
[ 2026-05-13 11:14:11 | node_38 | INFO ] 🧩 Model added for round 46 (2/10) from ['node_5']
[ 2026-05-13 11:14:11 | node_38 | INFO ] 🧩 Model added for round 46 (3/10) from ['node_45']
[ 2026-05-13 11:14:11 | node_38 | INFO ] 🧩 Model added for round 46 (4/10) from ['node_14']
[ 2026-05-13 11:14:11 | node_38 | INFO ] 🧩 Model added for round 46 (5/10) from ['node_36']
[ 2026-05-13 11:14:11 | node_38 | INFO ] 🧩 Model added for round 46 (6/10) from ['node_16']
[ 2026-05-13 11:14:11 | node_38 | INFO ] 🏋️‍♀️ Preparing training...
[ 2026-05-13 11:14:11 | node_5 | INFO ] 🧩 Model added for round 46 (7/11) from ['node_12']
[ 2026-05-13 11:14:12 | node_25 | INFO ] 🗣️ Gossiping aggregated model.
[ 2026-05-13 11:14:12 | node_31 | INFO ] 🧩 Model added for round 46 (9/10) from ['node_4']
[ 2026-05-13 11:14:12 | node_19 | INFO ] 🎓 Training step done.
[ 2026-05-13 11:14:12 | node_19 | INFO ] 🛠️ Calling force_add_local_model...
[ 2026-05-13 11:14:12 | node_19 | INFO ] ✅ [FORCE] Local model added for round 46. (9/11)
[ 2026-05-13 11:14:12 | node_38 | INFO ] 🎓 Training step done.
[ 2026-05-13 11:14:12 | node_38 | INFO ] 🛠️ Calling force_add_local_model...
[ 2026-05-13 11:14:12 | node_38 | INFO ] ✅ [FORCE] Local model added for round 46. (7/10)
[ 2026-05-13 11:14:13 | node_13 | INFO ] 🧩 Model added for round 46 (9/10) from ['node_12']
[ 2026-05-13 11:14:14 | node_34 | INFO ] 🧩 Model added for round 46 (7/10) from ['node_4']
[ 2026-05-13 11:14:14 | node_28 | INFO ] 🎉 Round 46 of 50 finished.
[ 2026-05-13 11:14:14 | node_28 | INFO ] 🗳️ [DETERMINISTIC] Train set assigned (No Voting). Size: 50
[ 2026-05-13 11:14:15 | node_28 | INFO ] ♻️ Proactively processing 11 early models for round 46.
[ 2026-05-13 11:14:15 | node_28 | INFO ] 🧩 Model added for round 46 (1/12) from ['node_20']
[ 2026-05-13 11:14:15 | node_28 | INFO ] 🧩 Model added for round 46 (2/12) from ['node_15']
[ 2026-05-13 11:14:15 | node_28 | INFO ] 🧩 Model added for round 46 (3/12) from ['node_13']
[ 2026-05-13 11:14:15 | node_28 | INFO ] 🧩 Model added for round 46 (4/12) from ['node_5']
[ 2026-05-13 11:14:15 | node_28 | INFO ] 🧩 Model added for round 46 (5/12) from ['node_45']
[ 2026-05-13 11:14:15 | node_14 | INFO ] 🧩 Model added for round 46 (11/12) from ['node_12']
[ 2026-05-13 11:14:15 | node_28 | INFO ] 🧩 Model added for round 46 (6/12) from ['node_10']
[ 2026-05-13 11:14:15 | node_28 | INFO ] 🧩 Model added for round 46 (7/12) from ['node_46']
[ 2026-05-13 11:14:15 | node_28 | INFO ] 🧩 Model added for round 46 (8/12) from ['node_16']
[ 2026-05-13 11:14:15 | node_28 | INFO ] 🧩 Model added for round 46 (9/12) from ['node_2']
[ 2026-05-13 11:14:15 | node_28 | INFO ] 🧩 Model added for round 46 (10/12) from ['node_21']
[ 2026-05-13 11:14:15 | node_36 | INFO ] 🧩 Model added for round 46 (7/9) from ['node_4']
[ 2026-05-13 11:14:15 | node_28 | INFO ] 🧩 Model added for round 46 (11/12) from ['node_22']
[ 2026-05-13 11:14:15 | node_28 | INFO ] 🏋️‍♀️ Preparing training...
[ 2026-05-13 11:14:15 | node_17 | INFO ] 📤 Sending model to 12 direct neighbors: ['node_2', 'node_5', 'node_10', 'node_11', 'node_21', 'node_22', 'node_24', 'node_31', 'node_34', 'node_35', 'node_36', 'node_43']
[ 2026-05-13 11:14:16 | node_2 | INFO ] 🧩 Model added for round 46 (14/15) from ['node_17']
[ 2026-05-13 11:14:16 | node_28 | INFO ] 🎓 Training step done.
[ 2026-05-13 11:14:16 | node_28 | INFO ] 🛠️ Calling force_add_local_model...
[ 2026-05-13 11:14:16 | node_28 | INFO ] ✅ [FORCE] Local model added for round 46. (12/12)
[ 2026-05-13 11:14:17 | node_23 | INFO ] 🎉 Round 46 of 50 finished.
[ 2026-05-13 11:14:17 | node_23 | INFO ] 🗳️ [DETERMINISTIC] Train set assigned (No Voting). Size: 50
[ 2026-05-13 11:14:17 | node_19 | INFO ] 📤 Sending model to 10 direct neighbors: ['node_1', 'node_3', 'node_5', 'node_9', 'node_11', 'node_23', 'node_26', 'node_34', 'node_38', 'node_43']
[ 2026-05-13 11:14:17 | node_23 | INFO ] ♻️ Proactively processing 8 early models for round 46.
[ 2026-05-13 11:14:17 | node_23 | INFO ] 🧩 Model added for round 46 (1/11) from ['node_7']
[ 2026-05-13 11:14:17 | node_40 | INFO ] 🧩 Model added for round 46 (4/4) from ['node_4']
[ 2026-05-13 11:14:17 | node_23 | INFO ] 🧩 Model added for round 46 (2/11) from ['node_9']
[ 2026-05-13 11:14:17 | node_24 | INFO ] 🧩 Model added for round 46 (7/9) from ['node_12']
[ 2026-05-13 11:14:17 | node_23 | INFO ] 🧩 Model added for round 46 (3/11) from ['node_47']
[ 2026-05-13 11:14:17 | node_38 | INFO ] 📤 Sending model to 9 direct neighbors: ['node_5', 'node_12', 'node_14', 'node_16', 'node_19', 'node_23', 'node_32', 'node_36', 'node_45']
[ 2026-05-13 11:14:17 | node_23 | INFO ] 🧩 Model added for round 46 (4/11) from ['node_1']
[ 2026-05-13 11:14:17 | node_23 | INFO ] 🧩 Model added for round 46 (5/11) from ['node_39']
[ 2026-05-13 11:14:17 | node_1 | INFO ] 🧩 Model added for round 46 (8/9) from ['node_19']
[ 2026-05-13 11:14:17 | node_23 | INFO ] 🧩 Model added for round 46 (6/11) from ['node_30']
[ 2026-05-13 11:14:18 | node_23 | INFO ] 🧩 Model added for round 46 (7/11) from ['node_34']
[ 2026-05-13 11:14:18 | node_23 | INFO ] 🧩 Model added for round 46 (8/11) from ['node_24']
[ 2026-05-13 11:14:18 | node_40 | INFO ] 🧠 Aggregation complete. Setting new model.
[ 2026-05-13 11:14:18 | node_5 | INFO ] 🧩 Model added for round 46 (8/11) from ['node_38']
[ 2026-05-13 11:14:18 | node_23 | INFO ] 🏋️‍♀️ Preparing training...
[ 2026-05-13 11:14:18 | node_40 | INFO ] 🗣️ Gossiping aggregated model.
[ 2026-05-13 11:14:18 | node_44 | INFO ] 🧩 Model added for round 46 (9/9) from ['node_4']
[ 2026-05-13 11:14:18 | node_23 | INFO ] 🎓 Training step done.
[ 2026-05-13 11:14:18 | node_23 | INFO ] 🛠️ Calling force_add_local_model...
[ 2026-05-13 11:14:18 | node_5 | INFO ] 🧩 Model added for round 46 (9/11) from ['node_17']
[ 2026-05-13 11:14:18 | node_23 | INFO ] ✅ [FORCE] Local model added for round 46. (9/11)
[ 2026-05-13 11:14:19 | node_26 | INFO ] 🧩 Model added for round 46 (9/10) from ['node_12']
[ 2026-05-13 11:14:19 | node_41 | INFO ] ⏹️  Gossiping exited for 50 equal rounds.
[ 2026-05-13 11:14:19 | node_3 | INFO ] 🧩 Model added for round 46 (11/11) from ['node_19']
[ 2026-05-13 11:14:19 | node_41 | INFO ] 🔬 Evaluating...
[ 2026-05-13 11:14:19 | node_44 | INFO ] 🧠 Aggregation complete. Setting new model.
[ 2026-05-13 11:14:19 | node_12 | INFO ] 🧩 Model added for round 46 (10/10) from ['node_38']
[ 2026-05-13 11:14:20 | node_41 | INFO ] 📈 Evaluated. Results: {'test_loss': 0.207733154296875, 'test_acc': 0.949999988079071, 'test_precision': 0.9471848011016846, 'test_recall': 0.950782060623169, 'test_f1': 0.9472770690917969, 'communication_cost': 26343772}
[ 2026-05-13 11:14:20 | node_41 | INFO ] 📢 Broadcasting metrics.
[ 2026-05-13 11:14:20 | node_47 | INFO ] 🧩 Model added for round 46 (6/7) from ['node_4']
[ 2026-05-13 11:14:20 | node_3 | INFO ] 🧠 Aggregation complete. Setting new model.
[ 2026-05-13 11:14:21 | node_38 | INFO ] 🧩 Model added for round 46 (8/10) from ['node_12']
[ 2026-05-13 11:14:21 | node_10 | INFO ] 🧩 Model added for round 46 (8/9) from ['node_17']
[ 2026-05-13 11:14:21 | node_44 | INFO ] 🗣️ Gossiping aggregated model.
[ 2026-05-13 11:14:21 | node_5 | INFO ] 🧩 Model added for round 46 (10/11) from ['node_19']
[ 2026-05-13 11:14:21 | node_28 | INFO ] 📤 Sending model to 11 direct neighbors: ['node_2', 'node_5', 'node_10', 'node_13', 'node_15', 'node_16', 'node_20', 'node_21', 'node_22', 'node_45', 'node_46']
[ 2026-05-13 11:14:21 | node_14 | INFO ] 🧩 Model added for round 46 (12/12) from ['node_38']
[ 2026-05-13 11:14:22 | node_2 | INFO ] 🧩 Model added for round 46 (15/15) from ['node_28']
[ 2026-05-13 11:14:22 | node_3 | INFO ] 🗣️ Gossiping aggregated model.
[ 2026-05-13 11:14:23 | node_11 | INFO ] 🧩 Model added for round 46 (8/9) from ['node_17']
[ 2026-05-13 11:14:23 | node_4 | INFO ] 🧠 Aggregation complete. Setting new model.
[ 2026-05-13 11:14:23 | node_39 | INFO ] 🧩 Model added for round 46 (9/10) from ['node_12']
[ 2026-05-13 11:14:23 | node_14 | INFO ] 🧠 Aggregation complete. Setting new model.
[ 2026-05-13 11:14:23 | node_2 | INFO ] 🧠 Aggregation complete. Setting new model.
[ 2026-05-13 11:14:24 | node_23 | INFO ] 📤 Sending model to 10 direct neighbors: ['node_1', 'node_7', 'node_9', 'node_19', 'node_24', 'node_30', 'node_34', 'node_38', 'node_39', 'node_47']
[ 2026-05-13 11:14:24 | node_41 | INFO ] 🎉 Round 47 of 50 finished.
[ 2026-05-13 11:14:24 | node_9 | INFO ] 🧩 Model added for round 46 (7/8) from ['node_19']
[ 2026-05-13 11:14:24 | node_41 | INFO ] 🗳️ [DETERMINISTIC] Train set assigned (No Voting). Size: 50
[ 2026-05-13 11:14:24 | node_1 | INFO ] 🧩 Model added for round 46 (9/9) from ['node_23']
[ 2026-05-13 11:14:25 | node_14 | INFO ] 🗣️ Gossiping aggregated model.
[ 2026-05-13 11:14:25 | node_41 | INFO ] 🏋️‍♀️ Preparing training...
[ 2026-05-13 11:14:25 | node_2 | INFO ] 🗣️ Gossiping aggregated model.
[ 2026-05-13 11:14:25 | node_4 | INFO ] 🗣️ Gossiping aggregated model.
[ 2026-05-13 11:14:25 | node_43 | INFO ] 🧩 Model added for round 46 (6/8) from ['node_12']
[ 2026-05-13 11:14:25 | node_16 | INFO ] 🧩 Model added for round 46 (10/11) from ['node_38']
[ 2026-05-13 11:14:26 | node_21 | INFO ] 🧩 Model added for round 46 (6/7) from ['node_17']
[ 2026-05-13 11:14:26 | node_5 | INFO ] 🧩 Model added for round 46 (11/11) from ['node_28']
[ 2026-05-13 11:14:26 | node_41 | INFO ] 🎓 Training step done.
[ 2026-05-13 11:14:26 | node_41 | INFO ] 🛠️ Calling force_add_local_model...
[ 2026-05-13 11:14:26 | node_41 | INFO ] ✅ [FORCE] Local model added for round 47. (1/8)
[ 2026-05-13 11:14:26 | node_11 | INFO ] 🧩 Model added for round 46 (9/9) from ['node_19']
[ 2026-05-13 11:14:26 | node_1 | INFO ] 🧠 Aggregation complete. Setting new model.
[ 2026-05-13 11:14:26 | node_7 | INFO ] 🧩 Model added for round 46 (6/6) from ['node_23']
[ 2026-05-13 11:14:27 | node_5 | INFO ] 🧠 Aggregation complete. Setting new model.
[ 2026-05-13 11:14:27 | node_49 | INFO ] 🧩 Model added for round 46 (5/5) from ['node_12']
[ 2026-05-13 11:14:27 | node_11 | INFO ] 🧠 Aggregation complete. Setting new model.
[ 2026-05-13 11:14:27 | node_1 | INFO ] 🗣️ Gossiping aggregated model.
[ 2026-05-13 11:14:28 | node_22 | INFO ] 🧩 Model added for round 46 (9/10) from ['node_17']
[ 2026-05-13 11:14:28 | node_19 | INFO ] 🧩 Model added for round 46 (10/11) from ['node_38']
[ 2026-05-13 11:14:28 | node_11 | INFO ] 🗣️ Gossiping aggregated model.
[ 2026-05-13 11:14:28 | node_23 | INFO ] 🧩 Model added for round 46 (10/11) from ['node_19']
[ 2026-05-13 11:14:28 | node_10 | INFO ] 🧩 Model added for round 46 (9/9) from ['node_28']
[ 2026-05-13 11:14:28 | node_9 | INFO ] 🧩 Model added for round 46 (8/8) from ['node_23']
[ 2026-05-13 11:14:29 | node_5 | INFO ] 🗣️ Gossiping aggregated model.
[ 2026-05-13 11:14:29 | node_7 | INFO ] 🧠 Aggregation complete. Setting new model.
[ 2026-05-13 11:14:30 | node_7 | INFO ] 🗣️ Gossiping aggregated model.
[ 2026-05-13 11:14:30 | node_19 | INFO ] 🧩 Model added for round 46 (11/11) from ['node_23']
[ 2026-05-13 11:14:30 | node_24 | INFO ] 🧩 Model added for round 46 (8/9) from ['node_17']
[ 2026-05-13 11:14:30 | node_13 | INFO ] 🧩 Model added for round 46 (10/10) from ['node_28']
[ 2026-05-13 11:14:31 | node_26 | INFO ] 🧩 Model added for round 46 (10/10) from ['node_19']
[ 2026-05-13 11:14:31 | node_41 | INFO ] 📤 Sending model to 7 direct neighbors: ['node_9', 'node_11', 'node_13', 'node_25', 'node_26', 'node_32', 'node_42']
[ 2026-05-13 11:14:31 | node_23 | INFO ] 🧩 Model added for round 46 (11/11) from ['node_38']
[ 2026-05-13 11:14:31 | node_49 | INFO ] 🧠 Aggregation complete. Setting new model.
[ 2026-05-13 11:14:31 | node_10 | INFO ] 🧠 Aggregation complete. Setting new model.
[ 2026-05-13 11:14:31 | node_9 | INFO ] 🧠 Aggregation complete. Setting new model.
[ 2026-05-13 11:14:31 | node_12 | INFO ] 🧠 Aggregation complete. Setting new model.
[ 2026-05-13 11:14:32 | node_26 | INFO ] 🧠 Aggregation complete. Setting new model.
[ 2026-05-13 11:14:32 | node_13 | INFO ] 🧠 Aggregation complete. Setting new model.
[ 2026-05-13 11:14:32 | node_49 | INFO ] 🗣️ Gossiping aggregated model.
[ 2026-05-13 11:14:32 | node_31 | INFO ] 🧩 Model added for round 46 (10/10) from ['node_17']
[ 2026-05-13 11:14:33 | node_9 | INFO ] 🗣️ Gossiping aggregated model.
[ 2026-05-13 11:14:33 | node_10 | INFO ] 🗣️ Gossiping aggregated model.
[ 2026-05-13 11:14:33 | node_24 | INFO ] 🧩 Model added for round 46 (9/9) from ['node_23']
[ 2026-05-13 11:14:33 | node_26 | INFO ] 🗣️ Gossiping aggregated model.
[ 2026-05-13 11:14:33 | node_13 | INFO ] 🗣️ Gossiping aggregated model.
[ 2026-05-13 11:14:33 | node_15 | INFO ] 🧩 Model added for round 46 (8/8) from ['node_28']
[ 2026-05-13 11:14:33 | node_12 | INFO ] 🗣️ Gossiping aggregated model.
[ 2026-05-13 11:14:34 | node_34 | INFO ] 🧩 Model added for round 46 (8/10) from ['node_19']
[ 2026-05-13 11:14:34 | node_32 | INFO ] 🧩 Model added for round 46 (9/9) from ['node_38']
[ 2026-05-13 11:14:35 | node_34 | INFO ] 🧩 Model added for round 46 (9/10) from ['node_17']
[ 2026-05-13 11:14:36 | node_16 | INFO ] 🧩 Model added for round 46 (11/11) from ['node_28']
[ 2026-05-13 11:14:36 | node_30 | INFO ] 🧩 Model added for round 46 (11/11) from ['node_23']
[ 2026-05-13 11:14:36 | node_36 | INFO ] 🧩 Model added for round 46 (8/9) from ['node_38']
[ 2026-05-13 11:14:37 | node_38 | INFO ] 🧩 Model added for round 46 (9/10) from ['node_19']
[ 2026-05-13 11:14:37 | node_32 | INFO ] 🧠 Aggregation complete. Setting new model.
[ 2026-05-13 11:14:37 | node_31 | INFO ] 🧠 Aggregation complete. Setting new model.
[ 2026-05-13 11:14:37 | node_35 | INFO ] 🧩 Model added for round 46 (9/9) from ['node_17']
[ 2026-05-13 11:14:37 | node_15 | INFO ] 🧠 Aggregation complete. Setting new model.
[ 2026-05-13 11:14:37 | node_30 | INFO ] 🧠 Aggregation complete. Setting new model.
[ 2026-05-13 11:14:38 | node_15 | INFO ] 🗣️ Gossiping aggregated model.
[ 2026-05-13 11:14:38 | node_34 | INFO ] 🧩 Model added for round 46 (10/10) from ['node_23']
[ 2026-05-13 11:14:38 | node_32 | INFO ] 🗣️ Gossiping aggregated model.
[ 2026-05-13 11:14:39 | node_31 | INFO ] 🗣️ Gossiping aggregated model.
[ 2026-05-13 11:14:39 | node_45 | INFO ] 🧩 Model added for round 46 (5/6) from ['node_38']
[ 2026-05-13 11:14:39 | node_30 | INFO ] 🗣️ Gossiping aggregated model.
[ 2026-05-13 11:14:40 | node_43 | INFO ] 🧩 Model added for round 46 (7/8) from ['node_19']
[ 2026-05-13 11:14:40 | node_20 | INFO ] 🧩 Model added for round 46 (8/8) from ['node_28']
[ 2026-05-13 11:14:40 | node_36 | INFO ] 🧩 Model added for round 46 (9/9) from ['node_17']
[ 2026-05-13 11:14:41 | node_16 | INFO ] 🧠 Aggregation complete. Setting new model.
[ 2026-05-13 11:14:41 | node_24 | INFO ] 🧠 Aggregation complete. Setting new model.
[ 2026-05-13 11:14:41 | node_38 | INFO ] 🧩 Model added for round 46 (10/10) from ['node_23']
[ 2026-05-13 11:14:41 | node_35 | INFO ] 🧠 Aggregation complete. Setting new model.
[ 2026-05-13 11:14:42 | node_43 | INFO ] 🧩 Model added for round 46 (8/8) from ['node_17']
[ 2026-05-13 11:14:42 | node_21 | INFO ] 🧩 Model added for round 46 (7/7) from ['node_28']
[ 2026-05-13 11:14:42 | node_36 | INFO ] 🧠 Aggregation complete. Setting new model.
[ 2026-05-13 11:14:42 | node_34 | INFO ] 🧠 Aggregation complete. Setting new model.
[ 2026-05-13 11:14:42 | node_20 | INFO ] 🧠 Aggregation complete. Setting new model.
[ 2026-05-13 11:14:42 | node_19 | INFO ] 🧠 Aggregation complete. Setting new model.
[ 2026-05-13 11:14:42 | node_38 | INFO ] 🧠 Aggregation complete. Setting new model.
[ 2026-05-13 11:14:42 | node_47 | INFO ] ⏳ Dynamic Patience (iteration 1): Missing nodes still active. Waiting 150s more...
[ 2026-05-13 11:14:43 | node_21 | INFO ] 🧠 Aggregation complete. Setting new model.
[ 2026-05-13 11:14:43 | node_43 | INFO ] 🧠 Aggregation complete. Setting new model.
[ 2026-05-13 11:14:43 | node_24 | INFO ] 🗣️ Gossiping aggregated model.
[ 2026-05-13 11:14:43 | node_35 | INFO ] 🗣️ Gossiping aggregated model.
[ 2026-05-13 11:14:43 | node_16 | INFO ] 🗣️ Gossiping aggregated model.
[ 2026-05-13 11:14:44 | node_20 | INFO ] 🗣️ Gossiping aggregated model.
[ 2026-05-13 11:14:44 | node_36 | INFO ] 🗣️ Gossiping aggregated model.
[ 2026-05-13 11:14:44 | node_19 | INFO ] 🗣️ Gossiping aggregated model.
[ 2026-05-13 11:14:44 | node_43 | INFO ] 🗣️ Gossiping aggregated model.
[ 2026-05-13 11:14:44 | node_21 | INFO ] 🗣️ Gossiping aggregated model.
[ 2026-05-13 11:14:44 | node_34 | INFO ] 🗣️ Gossiping aggregated model.
[ 2026-05-13 11:14:44 | node_38 | INFO ] 🗣️ Gossiping aggregated model.
[ 2026-05-13 11:14:44 | node_29 | INFO ] 🤫 Gossip finished.
[ 2026-05-13 11:14:44 | node_33 | INFO ] 🤫 Gossip finished.
[ 2026-05-13 11:14:44 | node_29 | INFO ] 🔬 Evaluating...
[ 2026-05-13 11:14:45 | node_33 | INFO ] 🔬 Evaluating...
[ 2026-05-13 11:14:45 | node_39 | INFO ] 🧩 Model added for round 46 (10/10) from ['node_23']
[ 2026-05-13 11:14:45 | node_22 | INFO ] 🧩 Model added for round 46 (10/10) from ['node_28']
[ 2026-05-13 11:14:45 | node_33 | INFO ] 📈 Evaluated. Results: {'test_loss': 0.14216318726539612, 'test_acc': 0.9649999737739563, 'test_precision': 0.9683372974395752, 'test_recall': 0.9651933908462524, 'test_f1': 0.9659819602966309, 'communication_cost': 18816980}
[ 2026-05-13 11:14:45 | node_40 | INFO ] 🤫 Gossip finished.
[ 2026-05-13 11:14:45 | node_40 | INFO ] 🔬 Evaluating...
[ 2026-05-13 11:14:45 | node_33 | INFO ] 📢 Broadcasting metrics.
[ 2026-05-13 11:14:45 | node_29 | INFO ] 📈 Evaluated. Results: {'test_loss': 0.18699422478675842, 'test_acc': 0.9700000286102295, 'test_precision': 0.9714328646659851, 'test_recall': 0.9671905040740967, 'test_f1': 0.968967080116272, 'communication_cost': 18816980}
[ 2026-05-13 11:14:46 | node_48 | INFO ] 🤫 Gossip finished.
[ 2026-05-13 11:14:46 | node_40 | INFO ] 📈 Evaluated. Results: {'test_loss': 0.4033844769001007, 'test_acc': 0.9350000023841858, 'test_precision': 0.9363458752632141, 'test_recall': 0.9352909922599792, 'test_f1': 0.9326340556144714, 'communication_cost': 11290188}
[ 2026-05-13 11:14:46 | node_48 | INFO ] 🔬 Evaluating...
[ 2026-05-13 11:14:46 | node_29 | INFO ] 📢 Broadcasting metrics.
[ 2026-05-13 11:14:46 | node_40 | INFO ] 📢 Broadcasting metrics.
[ 2026-05-13 11:14:46 | node_48 | INFO ] 📈 Evaluated. Results: {'test_loss': 0.06669272482395172, 'test_acc': 0.9850000143051147, 'test_precision': 0.9861284494400024, 'test_recall': 0.983562171459198, 'test_f1': 0.9845733642578125, 'communication_cost': 22580376}
[ 2026-05-13 11:14:47 | node_48 | INFO ] 📢 Broadcasting metrics.
[ 2026-05-13 11:14:48 | node_47 | INFO ] 🧩 Model added for round 46 (7/7) from ['node_23']
[ 2026-05-13 11:14:48 | node_45 | INFO ] 🧩 Model added for round 46 (6/6) from ['node_28']
[ 2026-05-13 11:14:49 | node_40 | INFO ] 🎉 Round 47 of 50 finished.
[ 2026-05-13 11:14:49 | node_40 | INFO ] 🗳️ [DETERMINISTIC] Train set assigned (No Voting). Size: 50
[ 2026-05-13 11:14:49 | node_40 | INFO ] 🏋️‍♀️ Preparing training...
[ 2026-05-13 11:14:49 | node_33 | INFO ] 🎉 Round 47 of 50 finished.
[ 2026-05-13 11:14:50 | node_33 | INFO ] 🗳️ [DETERMINISTIC] Train set assigned (No Voting). Size: 50
[ 2026-05-13 11:14:50 | node_22 | INFO ] 🧠 Aggregation complete. Setting new model.
[ 2026-05-13 11:14:50 | node_45 | INFO ] 🧠 Aggregation complete. Setting new model.
[ 2026-05-13 11:14:50 | node_39 | INFO ] 🧠 Aggregation complete. Setting new model.
[ 2026-05-13 11:14:50 | node_47 | INFO ] 🧠 Aggregation complete. Setting new model.
[ 2026-05-13 11:14:50 | node_23 | INFO ] 🧠 Aggregation complete. Setting new model.
[ 2026-05-13 11:14:50 | node_17 | INFO ] 🧠 Aggregation complete. Setting new model.
[ 2026-05-13 11:14:50 | node_33 | INFO ] 🏋️‍♀️ Preparing training...
[ 2026-05-13 11:14:50 | node_40 | INFO ] 🎓 Training step done.
[ 2026-05-13 11:14:50 | node_40 | INFO ] 🛠️ Calling force_add_local_model...
[ 2026-05-13 11:14:50 | node_46 | INFO ] 🧩 Model added for round 46 (9/9) from ['node_28']
[ 2026-05-13 11:14:50 | node_29 | INFO ] 🎉 Round 47 of 50 finished.
[ 2026-05-13 11:14:50 | node_40 | INFO ] ✅ [FORCE] Local model added for round 47. (1/4)
[ 2026-05-13 11:14:50 | node_27 | INFO ] 🤫 Gossip finished.
[ 2026-05-13 11:14:50 | node_29 | INFO ] 🗳️ [DETERMINISTIC] Train set assigned (No Voting). Size: 50
[ 2026-05-13 11:14:50 | node_7 | INFO ] 🤫 Gossip finished.
[ 2026-05-13 11:14:50 | node_33 | INFO ] 🎓 Training step done.
[ 2026-05-13 11:14:50 | node_27 | INFO ] 🔬 Evaluating...
[ 2026-05-13 11:14:50 | node_7 | INFO ] 🔬 Evaluating...
[ 2026-05-13 11:14:50 | node_33 | INFO ] 🛠️ Calling force_add_local_model...
[ 2026-05-13 11:14:50 | node_29 | INFO ] 🏋️‍♀️ Preparing training...
[ 2026-05-13 11:14:51 | node_33 | INFO ] ✅ [FORCE] Local model added for round 47. (1/6)
[ 2026-05-13 11:14:51 | node_45 | INFO ] 🗣️ Gossiping aggregated model.
[ 2026-05-13 11:14:51 | node_19 | INFO ] 🤫 Gossip finished.
[ 2026-05-13 11:14:51 | node_46 | INFO ] 🧠 Aggregation complete. Setting new model.
[ 2026-05-13 11:14:51 | node_19 | INFO ] 🔬 Evaluating...
[ 2026-05-13 11:14:51 | node_27 | INFO ] 📈 Evaluated. Results: {'test_loss': 0.3087833821773529, 'test_acc': 0.9599999785423279, 'test_precision': 0.9573092460632324, 'test_recall': 0.9574720859527588, 'test_f1': 0.9566357135772705, 'communication_cost': 26343772}
[ 2026-05-13 11:14:51 | node_7 | INFO ] 📈 Evaluated. Results: {'test_loss': 0.046785153448581696, 'test_acc': 0.9800000190734863, 'test_precision': 0.9765378832817078, 'test_recall': 0.9773757457733154, 'test_f1': 0.9760549068450928, 'communication_cost': 18816980}
[ 2026-05-13 11:14:51 | node_47 | INFO ] 🗣️ Gossiping aggregated model.
[ 2026-05-13 11:14:51 | node_27 | INFO ] 📢 Broadcasting metrics.
[ 2026-05-13 11:14:51 | node_29 | INFO ] 🎓 Training step done.
[ 2026-05-13 11:14:51 | node_7 | INFO ] 📢 Broadcasting metrics.
[ 2026-05-13 11:14:51 | node_19 | INFO ] 📈 Evaluated. Results: {'test_loss': 0.21606962382793427, 'test_acc': 0.949999988079071, 'test_precision': 0.9491051435470581, 'test_recall': 0.9562538862228394, 'test_f1': 0.9502723217010498, 'communication_cost': 37633960}
[ 2026-05-13 11:14:51 | node_29 | INFO ] 🛠️ Calling force_add_local_model...
[ 2026-05-13 11:14:51 | node_39 | INFO ] 🗣️ Gossiping aggregated model.
[ 2026-05-13 11:14:51 | node_19 | INFO ] 📢 Broadcasting metrics.
[ 2026-05-13 11:14:51 | node_29 | INFO ] ✅ [FORCE] Local model added for round 47. (1/6)
[ 2026-05-13 11:14:51 | node_22 | INFO ] 🗣️ Gossiping aggregated model.
[ 2026-05-13 11:14:52 | node_6 | INFO ] 🤫 Gossip finished.
[ 2026-05-13 11:14:52 | node_24 | INFO ] 🤫 Gossip finished.
[ 2026-05-13 11:14:52 | node_6 | INFO ] 🔬 Evaluating...
[ 2026-05-13 11:14:52 | node_24 | INFO ] 🔬 Evaluating...
[ 2026-05-13 11:14:52 | node_23 | INFO ] 🗣️ Gossiping aggregated model.
[ 2026-05-13 11:14:52 | node_23 | INFO ] 🤫 Gossip finished.
[ 2026-05-13 11:14:52 | node_48 | INFO ] 🎉 Round 47 of 50 finished.
[ 2026-05-13 11:14:52 | node_37 | INFO ] 🤫 Gossip finished.
[ 2026-05-13 11:14:52 | node_23 | INFO ] 🔬 Evaluating...
[ 2026-05-13 11:14:52 | node_6 | INFO ] 📈 Evaluated. Results: {'test_loss': 0.07842288911342621, 'test_acc': 0.9800000190734863, 'test_precision': 0.9836905002593994, 'test_recall': 0.9843519330024719, 'test_f1': 0.983842134475708, 'communication_cost': 37633960}
[ 2026-05-13 11:14:52 | node_24 | INFO ] 📈 Evaluated. Results: {'test_loss': 0.2326192855834961, 'test_acc': 0.9700000286102295, 'test_precision': 0.9636490345001221, 'test_recall': 0.9668481945991516, 'test_f1': 0.9648401141166687, 'communication_cost': 30107168}
[ 2026-05-13 11:14:52 | node_48 | INFO ] 🗳️ [DETERMINISTIC] Train set assigned (No Voting). Size: 50
[ 2026-05-13 11:14:52 | node_17 | INFO ] 🗣️ Gossiping aggregated model.
[ 2026-05-13 11:14:52 | node_37 | INFO ] 🔬 Evaluating...
[ 2026-05-13 11:14:52 | node_6 | INFO ] 📢 Broadcasting metrics.
[ 2026-05-13 11:14:52 | node_18 | INFO ] 🤫 Gossip finished.
[ 2026-05-13 11:14:53 | node_24 | INFO ] 📢 Broadcasting metrics.
[ 2026-05-13 11:14:53 | node_48 | INFO ] 🏋️‍♀️ Preparing training...
[ 2026-05-13 11:14:53 | node_23 | INFO ] 📈 Evaluated. Results: {'test_loss': 0.21033529937267303, 'test_acc': 0.9700000286102295, 'test_precision': 0.9711093902587891, 'test_recall': 0.9711905121803284, 'test_f1': 0.9702075123786926, 'communication_cost': 37633960}
[ 2026-05-13 11:14:53 | node_18 | INFO ] 🔬 Evaluating...
[ 2026-05-13 11:14:53 | node_9 | INFO ] 🤫 Gossip finished.
[ 2026-05-13 11:14:53 | node_34 | INFO ] 🤫 Gossip finished.
[ 2026-05-13 11:14:53 | node_38 | INFO ] 🤫 Gossip finished.
[ 2026-05-13 11:14:53 | node_46 | INFO ] 🗣️ Gossiping aggregated model.
[ 2026-05-13 11:14:53 | node_9 | INFO ] 🔬 Evaluating...
[ 2026-05-13 11:14:53 | node_38 | INFO ] 🔬 Evaluating...
[ 2026-05-13 11:14:53 | node_34 | INFO ] 🔬 Evaluating...
[ 2026-05-13 11:14:53 | node_37 | INFO ] 📈 Evaluated. Results: {'test_loss': 0.20661748945713043, 'test_acc': 0.9649999737739563, 'test_precision': 0.9674333930015564, 'test_recall': 0.9665201306343079, 'test_f1': 0.9656245708465576, 'communication_cost': 18816980}
[ 2026-05-13 11:14:53 | node_23 | INFO ] 📢 Broadcasting metrics.
[ 2026-05-13 11:14:53 | node_47 | INFO ] 🤫 Gossip finished.
[ 2026-05-13 11:14:53 | node_47 | INFO ] 🔬 Evaluating...
[ 2026-05-13 11:14:53 | node_31 | INFO ] 🤫 Gossip finished.
[ 2026-05-13 11:14:53 | node_37 | INFO ] 📢 Broadcasting metrics.
[ 2026-05-13 11:14:53 | node_31 | INFO ] 🔬 Evaluating...
[ 2026-05-13 11:14:53 | node_34 | INFO ] 📈 Evaluated. Results: {'test_loss': 0.2023729532957077, 'test_acc': 0.9649999737739563, 'test_precision': 0.9641454219818115, 'test_recall': 0.9643776416778564, 'test_f1': 0.9639850854873657, 'communication_cost': 33870564}
[ 2026-05-13 11:14:54 | node_35 | INFO ] 🤫 Gossip finished.
[ 2026-05-13 11:14:54 | node_18 | INFO ] 📈 Evaluated. Results: {'test_loss': 0.24170655012130737, 'test_acc': 0.9449999928474426, 'test_precision': 0.9483377933502197, 'test_recall': 0.9429872632026672, 'test_f1': 0.9438453912734985, 'communication_cost': 15053584}
[ 2026-05-13 11:14:54 | node_48 | INFO ] 🎓 Training step done.
[ 2026-05-13 11:14:54 | node_38 | INFO ] 📈 Evaluated. Results: {'test_loss': 0.11718003451824188, 'test_acc': 0.9649999737739563, 'test_precision': 0.9639557600021362, 'test_recall': 0.9570338726043701, 'test_f1': 0.9599447846412659, 'communication_cost': 33870564}
[ 2026-05-13 11:14:54 | node_9 | INFO ] 📈 Evaluated. Results: {'test_loss': 0.12154102325439453, 'test_acc': 0.9700000286102295, 'test_precision': 0.9677131175994873, 'test_recall': 0.971116304397583, 'test_f1': 0.9684470295906067, 'communication_cost': 26343772}
[ 2026-05-13 11:14:54 | node_34 | INFO ] 📢 Broadcasting metrics.
[ 2026-05-13 11:14:54 | node_48 | INFO ] 🛠️ Calling force_add_local_model...
[ 2026-05-13 11:14:54 | node_28 | INFO ] 🧠 Aggregation complete. Setting new model.
[ 2026-05-13 11:14:54 | node_18 | INFO ] 📢 Broadcasting metrics.
[ 2026-05-13 11:14:54 | node_35 | INFO ] 🔬 Evaluating...
[ 2026-05-13 11:14:54 | node_47 | INFO ] 📈 Evaluated. Results: {'test_loss': 0.1112435907125473, 'test_acc': 0.9750000238418579, 'test_precision': 0.971376359462738, 'test_recall': 0.979830801486969, 'test_f1': 0.9747782945632935, 'communication_cost': 22580376}
[ 2026-05-13 11:14:54 | node_31 | INFO ] 📈 Evaluated. Results: {'test_loss': 0.01931728422641754, 'test_acc': 0.9950000047683716, 'test_precision': 0.9954546093940735, 'test_recall': 0.9956522583961487, 'test_f1': 0.9954522848129272, 'communication_cost': 33870564}
[ 2026-05-13 11:14:54 | node_38 | INFO ] 📢 Broadcasting metrics.
[ 2026-05-13 11:14:54 | node_48 | INFO ] ✅ [FORCE] Local model added for round 47. (1/7)
[ 2026-05-13 11:14:54 | node_9 | INFO ] 📢 Broadcasting metrics.
[ 2026-05-13 11:14:54 | node_47 | INFO ] 📢 Broadcasting metrics.
[ 2026-05-13 11:14:54 | node_31 | INFO ] 📢 Broadcasting metrics.
[ 2026-05-13 11:14:54 | node_35 | INFO ] 📈 Evaluated. Results: {'test_loss': 0.24363631010055542, 'test_acc': 0.9700000286102295, 'test_precision': 0.9705150127410889, 'test_recall': 0.9687516093254089, 'test_f1': 0.9679561853408813, 'communication_cost': 30107168}
[ 2026-05-13 11:14:54 | node_49 | INFO ] 🤫 Gossip finished.
[ 2026-05-13 11:14:54 | node_35 | INFO ] 📢 Broadcasting metrics.
[ 2026-05-13 11:14:55 | node_49 | INFO ] 🔬 Evaluating...
[ 2026-05-13 11:14:55 | node_43 | INFO ] 🤫 Gossip finished.
[ 2026-05-13 11:14:55 | node_43 | INFO ] 🔬 Evaluating...
[ 2026-05-13 11:14:55 | node_49 | INFO ] 📈 Evaluated. Results: {'test_loss': 0.10298684239387512, 'test_acc': 0.9649999737739563, 'test_precision': 0.9644231200218201, 'test_recall': 0.9638636708259583, 'test_f1': 0.962586522102356, 'communication_cost': 15053584}
[ 2026-05-13 11:14:55 | node_40 | INFO ] 📤 Sending model to 3 direct neighbors: ['node_4', 'node_16', 'node_29']
[ 2026-05-13 11:14:55 | node_49 | INFO ] 📢 Broadcasting metrics.
[ 2026-05-13 11:14:55 | node_43 | INFO ] 📈 Evaluated. Results: {'test_loss': 0.12148415297269821, 'test_acc': 0.9750000238418579, 'test_precision': 0.9780055284500122, 'test_recall': 0.9709325432777405, 'test_f1': 0.9734845161437988, 'communication_cost': 26343772}
[ 2026-05-13 11:14:55 | node_20 | INFO ] 🤫 Gossip finished.
[ 2026-05-13 11:14:55 | node_7 | INFO ] 🎉 Round 47 of 50 finished.
[ 2026-05-13 11:14:56 | node_43 | INFO ] 📢 Broadcasting metrics.
[ 2026-05-13 11:14:56 | node_20 | INFO ] 🔬 Evaluating...
[ 2026-05-13 11:14:56 | node_33 | INFO ] 📤 Sending model to 5 direct neighbors: ['node', 'node_3', 'node_13', 'node_32', 'node_43']
[ 2026-05-13 11:14:56 | node_7 | INFO ] 🗳️ [DETERMINISTIC] Train set assigned (No Voting). Size: 50
[ 2026-05-13 11:14:56 | node_7 | INFO ] 🏋️‍♀️ Preparing training...
[ 2026-05-13 11:14:56 | node_20 | INFO ] 📈 Evaluated. Results: {'test_loss': 0.2995512783527374, 'test_acc': 0.9549999833106995, 'test_precision': 0.9510557055473328, 'test_recall': 0.9525821208953857, 'test_f1': 0.9509133696556091, 'communication_cost': 26343772}
[ 2026-05-13 11:14:56 | node_15 | INFO ] 🤫 Gossip finished.
[ 2026-05-13 11:14:56 | node_21 | INFO ] 🤫 Gossip finished.
[ 2026-05-13 11:14:56 | node_20 | INFO ] 📢 Broadcasting metrics.
[ 2026-05-13 11:14:56 | node_45 | INFO ] 🤫 Gossip finished.
[ 2026-05-13 11:14:56 | node_15 | INFO ] 🔬 Evaluating...
[ 2026-05-13 11:14:56 | node_28 | INFO ] 🗣️ Gossiping aggregated model.
[ 2026-05-13 11:14:56 | node_21 | INFO ] 🔬 Evaluating...
[ 2026-05-13 11:14:57 | node_29 | INFO ] 📤 Sending model to 5 direct neighbors: ['node_2', 'node_3', 'node_20', 'node_31', 'node_40']
[ 2026-05-13 11:14:57 | node_28 | INFO ] 🤫 Gossip finished.
[ 2026-05-13 11:14:57 | node_7 | INFO ] 🎓 Training step done.
[ 2026-05-13 11:14:57 | node_46 | INFO ] 🤫 Gossip finished.
[ 2026-05-13 11:14:57 | node_45 | INFO ] 🔬 Evaluating...
[ 2026-05-13 11:14:57 | node_7 | INFO ] 🛠️ Calling force_add_local_model...
[ 2026-05-13 11:14:57 | node_28 | INFO ] 🔬 Evaluating...
[ 2026-05-13 11:14:57 | node_15 | INFO ] 📈 Evaluated. Results: {'test_loss': 0.18250732123851776, 'test_acc': 0.9750000238418579, 'test_precision': 0.9745962023735046, 'test_recall': 0.9736472964286804, 'test_f1': 0.9734870791435242, 'communication_cost': 26343772}
[ 2026-05-13 11:14:57 | node_46 | INFO ] 🔬 Evaluating...
[ 2026-05-13 11:14:57 | node_7 | INFO ] ✅ [FORCE] Local model added for round 47. (1/6)
[ 2026-05-13 11:14:57 | node_29 | INFO ] 🧩 Model added for round 47 (2/6) from ['node_40']
[ 2026-05-13 11:14:57 | node_21 | INFO ] 📈 Evaluated. Results: {'test_loss': 0.31365716457366943, 'test_acc': 0.9649999737739563, 'test_precision': 0.9714766144752502, 'test_recall': 0.9633830785751343, 'test_f1': 0.9660795331001282, 'communication_cost': 22580376}
[ 2026-05-13 11:14:57 | node_15 | INFO ] 📢 Broadcasting metrics.
[ 2026-05-13 11:14:57 | node_21 | INFO ] 📢 Broadcasting metrics.
[ 2026-05-13 11:14:57 | node_45 | INFO ] 📈 Evaluated. Results: {'test_loss': 0.12456206977367401, 'test_acc': 0.9800000190734863, 'test_precision': 0.9813545942306519, 'test_recall': 0.9821377396583557, 'test_f1': 0.9812959432601929, 'communication_cost': 18816980}
[ 2026-05-13 11:14:57 | node_27 | INFO ] 🎉 Round 47 of 50 finished.
[ 2026-05-13 11:14:57 | node_8 | INFO ] ⏹️  Gossiping exited for 50 equal rounds.
[ 2026-05-13 11:14:57 | node_28 | INFO ] 📈 Evaluated. Results: {'test_loss': 0.3497290313243866, 'test_acc': 0.9649999737739563, 'test_precision': 0.9671636819839478, 'test_recall': 0.9578250050544739, 'test_f1': 0.9605123400688171, 'communication_cost': 41397356}
[ 2026-05-13 11:14:57 | node_45 | INFO ] 📢 Broadcasting metrics.
[ 2026-05-13 11:14:57 | node_22 | INFO ] 🤫 Gossip finished.
[ 2026-05-13 11:14:57 | node_46 | INFO ] 📈 Evaluated. Results: {'test_loss': 0.10519363731145859, 'test_acc': 0.9800000190734863, 'test_precision': 0.9805965423583984, 'test_recall': 0.9830586910247803, 'test_f1': 0.981492817401886, 'communication_cost': 30107168}
[ 2026-05-13 11:14:57 | node_28 | INFO ] 📢 Broadcasting metrics.
[ 2026-05-13 11:14:57 | node_27 | INFO ] 🗳️ [DETERMINISTIC] Train set assigned (No Voting). Size: 50
[ 2026-05-13 11:14:58 | node_8 | INFO ] 🔬 Evaluating...
[ 2026-05-13 11:14:58 | node_46 | INFO ] 📢 Broadcasting metrics.
[ 2026-05-13 11:14:58 | node_22 | INFO ] 🔬 Evaluating...
[ 2026-05-13 11:14:58 | node_18 | INFO ] 🎉 Round 47 of 50 finished.
[ 2026-05-13 11:14:58 | node_27 | INFO ] 🏋️‍♀️ Preparing training...
[ 2026-05-13 11:14:58 | node_18 | INFO ] 🗳️ [DETERMINISTIC] Train set assigned (No Voting). Size: 50
[ 2026-05-13 11:14:58 | node_8 | INFO ] 📈 Evaluated. Results: {'test_loss': 0.25247862935066223, 'test_acc': 0.9649999737739563, 'test_precision': 0.9675204753875732, 'test_recall': 0.965404748916626, 'test_f1': 0.9658015966415405, 'communication_cost': 15053584}
[ 2026-05-13 11:14:58 | node_22 | INFO ] 📈 Evaluated. Results: {'test_loss': 0.1081957072019577, 'test_acc': 0.9900000095367432, 'test_precision': 0.9863637685775757, 'test_recall': 0.990444540977478, 'test_f1': 0.9880145788192749, 'communication_cost': 33870564}
[ 2026-05-13 11:14:58 | node_37 | INFO ] 🎉 Round 47 of 50 finished.
[ 2026-05-13 11:14:58 | node_18 | INFO ] 🏋️‍♀️ Preparing training...
[ 2026-05-13 11:14:58 | node_8 | INFO ] 📢 Broadcasting metrics.
[ 2026-05-13 11:14:58 | node_22 | INFO ] 📢 Broadcasting metrics.
[ 2026-05-13 11:14:58 | node_27 | INFO ] 🎓 Training step done.
[ 2026-05-13 11:14:58 | node_37 | INFO ] 🗳️ [DETERMINISTIC] Train set assigned (No Voting). Size: 50
[ 2026-05-13 11:14:58 | node_27 | INFO ] 🛠️ Calling force_add_local_model...
[ 2026-05-13 11:14:59 | node_27 | INFO ] ✅ [FORCE] Local model added for round 47. (1/8)
[ 2026-05-13 11:14:59 | node_37 | INFO ] 🏋️‍♀️ Preparing training...
[ 2026-05-13 11:14:59 | node_48 | INFO ] 📤 Sending model to 6 direct neighbors: ['node', 'node_20', 'node_31', 'node_36', 'node_42', 'node_43']
[ 2026-05-13 11:14:59 | node_18 | INFO ] 🎓 Training step done.
[ 2026-05-13 11:14:59 | node_18 | INFO ] 🛠️ Calling force_add_local_model...
[ 2026-05-13 11:14:59 | node_18 | INFO ] ✅ [FORCE] Local model added for round 47. (1/5)
[ 2026-05-13 11:14:59 | node_49 | INFO ] 🎉 Round 47 of 50 finished.
[ 2026-05-13 11:14:59 | node_37 | INFO ] 🎓 Training step done.
[ 2026-05-13 11:14:59 | node_40 | INFO ] 🧩 Model added for round 47 (2/4) from ['node_29']
[ 2026-05-13 11:14:59 | node_49 | INFO ] 🗳️ [DETERMINISTIC] Train set assigned (No Voting). Size: 50
[ 2026-05-13 11:14:59 | node_37 | INFO ] 🛠️ Calling force_add_local_model...
[ 2026-05-13 11:15:00 | node_37 | INFO ] ✅ [FORCE] Local model added for round 47. (1/6)
[ 2026-05-13 11:15:00 | node_47 | INFO ] 🎉 Round 47 of 50 finished.
[ 2026-05-13 11:15:00 | node_49 | INFO ] 🏋️‍♀️ Preparing training...
[ 2026-05-13 11:15:00 | node_24 | INFO ] 🎉 Round 47 of 50 finished.
[ 2026-05-13 11:15:00 | node_47 | INFO ] 🗳️ [DETERMINISTIC] Train set assigned (No Voting). Size: 50
[ 2026-05-13 11:15:00 | node_19 | INFO ] 🎉 Round 47 of 50 finished.
[ 2026-05-13 11:15:00 | node_24 | INFO ] 🗳️ [DETERMINISTIC] Train set assigned (No Voting). Size: 50
[ 2026-05-13 11:15:00 | node_19 | INFO ] 🗳️ [DETERMINISTIC] Train set assigned (No Voting). Size: 50
[ 2026-05-13 11:15:00 | node_47 | INFO ] 🏋️‍♀️ Preparing training...
[ 2026-05-13 11:15:00 | node_24 | INFO ] 🏋️‍♀️ Preparing training...
[ 2026-05-13 11:15:00 | node_19 | INFO ] 🏋️‍♀️ Preparing training...
[ 2026-05-13 11:15:00 | node_49 | INFO ] 🎓 Training step done.
[ 2026-05-13 11:15:00 | node_9 | INFO ] 🎉 Round 47 of 50 finished.
[ 2026-05-13 11:15:00 | node_49 | INFO ] 🛠️ Calling force_add_local_model...
[ 2026-05-13 11:15:00 | node_9 | INFO ] 🗳️ [DETERMINISTIC] Train set assigned (No Voting). Size: 50
[ 2026-05-13 11:15:00 | node_49 | INFO ] ✅ [FORCE] Local model added for round 47. (1/5)
[ 2026-05-13 11:15:01 | node_47 | INFO ] 🎓 Training step done.
[ 2026-05-13 11:15:01 | node_47 | INFO ] 🛠️ Calling force_add_local_model...
[ 2026-05-13 11:15:01 | node_24 | INFO ] 🎓 Training step done.
[ 2026-05-13 11:15:01 | node_47 | INFO ] ✅ [FORCE] Local model added for round 47. (1/7)
[ 2026-05-13 11:15:01 | node_9 | INFO ] ♻️ Proactively processing 1 early models for round 47.
[ 2026-05-13 11:15:01 | node_19 | INFO ] 🎓 Training step done.
[ 2026-05-13 11:15:01 | node_24 | INFO ] 🛠️ Calling force_add_local_model...
[ 2026-05-13 11:15:01 | node_9 | INFO ] 🧩 Model added for round 47 (1/8) from ['node_41']
[ 2026-05-13 11:15:01 | node_19 | INFO ] 🛠️ Calling force_add_local_model...
[ 2026-05-13 11:15:01 | node_24 | INFO ] ✅ [FORCE] Local model added for round 47. (1/9)
[ 2026-05-13 11:15:01 | node_6 | INFO ] 🎉 Round 47 of 50 finished.
[ 2026-05-13 11:15:01 | node_9 | INFO ] 🏋️‍♀️ Preparing training...
[ 2026-05-13 11:15:01 | node_19 | INFO ] ✅ [FORCE] Local model added for round 47. (1/11)
[ 2026-05-13 11:15:01 | node_6 | INFO ] 🗳️ [DETERMINISTIC] Train set assigned (No Voting). Size: 50
[ 2026-05-13 11:15:02 | node_35 | INFO ] 🎉 Round 47 of 50 finished.
[ 2026-05-13 11:15:02 | node_6 | INFO ] 🏋️‍♀️ Preparing training...
[ 2026-05-13 11:15:02 | node_34 | INFO ] 🎉 Round 47 of 50 finished.
[ 2026-05-13 11:15:02 | node_23 | INFO ] 🎉 Round 47 of 50 finished.
[ 2026-05-13 11:15:02 | node_38 | INFO ] 🎉 Round 47 of 50 finished.
[ 2026-05-13 11:15:02 | node_45 | INFO ] 🎉 Round 47 of 50 finished.
[ 2026-05-13 11:15:02 | node_8 | INFO ] 🎉 Round 47 of 50 finished.
[ 2026-05-13 11:15:02 | node_35 | INFO ] 🗳️ [DETERMINISTIC] Train set assigned (No Voting). Size: 50
[ 2026-05-13 11:15:02 | node_9 | INFO ] 🎓 Training step done.
[ 2026-05-13 11:15:02 | node_43 | INFO ] 🎉 Round 47 of 50 finished.
[ 2026-05-13 11:15:02 | node_34 | INFO ] 🗳️ [DETERMINISTIC] Train set assigned (No Voting). Size: 50
[ 2026-05-13 11:15:02 | node_23 | INFO ] 🗳️ [DETERMINISTIC] Train set assigned (No Voting). Size: 50
[ 2026-05-13 11:15:02 | node_9 | INFO ] 🛠️ Calling force_add_local_model...
[ 2026-05-13 11:15:02 | node_38 | INFO ] 🗳️ [DETERMINISTIC] Train set assigned (No Voting). Size: 50
[ 2026-05-13 11:15:02 | node_45 | INFO ] 🗳️ [DETERMINISTIC] Train set assigned (No Voting). Size: 50
[ 2026-05-13 11:15:02 | node_8 | INFO ] 🗳️ [DETERMINISTIC] Train set assigned (No Voting). Size: 50
[ 2026-05-13 11:15:02 | node_9 | INFO ] ✅ [FORCE] Local model added for round 47. (2/8)
[ 2026-05-13 11:15:02 | node_43 | INFO ] 🗳️ [DETERMINISTIC] Train set assigned (No Voting). Size: 50
[ 2026-05-13 11:15:02 | node_35 | INFO ] 🏋️‍♀️ Preparing training...
[ 2026-05-13 11:15:02 | node_31 | INFO ] 🎉 Round 47 of 50 finished.
[ 2026-05-13 11:15:02 | node_34 | INFO ] 🏋️‍♀️ Preparing training...
[ 2026-05-13 11:15:02 | node_7 | INFO ] 📤 Sending model to 5 direct neighbors: ['node_3', 'node_14', 'node_23', 'node_37', 'node_47']
[ 2026-05-13 11:15:02 | node_23 | INFO ] 🏋️‍♀️ Preparing training...
[ 2026-05-13 11:15:02 | node_6 | INFO ] 🎓 Training step done.
[ 2026-05-13 11:15:02 | node_38 | INFO ] 🏋️‍♀️ Preparing training...
[ 2026-05-13 11:15:02 | node_45 | INFO ] 🏋️‍♀️ Preparing training...
[ 2026-05-13 11:15:02 | node_8 | INFO ] 🏋️‍♀️ Preparing training...
[ 2026-05-13 11:15:02 | node_31 | INFO ] 🗳️ [DETERMINISTIC] Train set assigned (No Voting). Size: 50
[ 2026-05-13 11:15:02 | node_21 | INFO ] 🎉 Round 47 of 50 finished.
[ 2026-05-13 11:15:02 | node_43 | INFO ] ♻️ Proactively processing 2 early models for round 47.
[ 2026-05-13 11:15:02 | node_6 | INFO ] 🛠️ Calling force_add_local_model...
[ 2026-05-13 11:15:02 | node_43 | INFO ] 🧩 Model added for round 47 (1/8) from ['node_33']
[ 2026-05-13 11:15:02 | node_6 | INFO ] ✅ [FORCE] Local model added for round 47. (1/11)
[ 2026-05-13 11:15:02 | node_43 | INFO ] 🧩 Model added for round 47 (2/8) from ['node_48']
[ 2026-05-13 11:15:03 | node_21 | INFO ] 🗳️ [DETERMINISTIC] Train set assigned (No Voting). Size: 50
[ 2026-05-13 11:15:03 | node_20 | INFO ] 🎉 Round 47 of 50 finished.
[ 2026-05-13 11:15:03 | node_31 | INFO ] ♻️ Proactively processing 2 early models for round 47.
[ 2026-05-13 11:15:03 | node_43 | INFO ] 🏋️‍♀️ Preparing training...
[ 2026-05-13 11:15:03 | node_35 | INFO ] 🎓 Training step done.
[ 2026-05-13 11:15:03 | node_31 | INFO ] 🧩 Model added for round 47 (1/10) from ['node_29']
[ 2026-05-13 11:15:03 | node_34 | INFO ] 🎓 Training step done.
[ 2026-05-13 11:15:03 | node_35 | INFO ] 🛠️ Calling force_add_local_model...
[ 2026-05-13 11:15:03 | node_20 | INFO ] 🗳️ [DETERMINISTIC] Train set assigned (No Voting). Size: 50
[ 2026-05-13 11:15:03 | node_31 | INFO ] 🧩 Model added for round 47 (2/10) from ['node_48']
[ 2026-05-13 11:15:03 | node_21 | INFO ] 🏋️‍♀️ Preparing training...
[ 2026-05-13 11:15:03 | node_8 | INFO ] 🎓 Training step done.
[ 2026-05-13 11:15:03 | node_23 | INFO ] 🎓 Training step done.
[ 2026-05-13 11:15:03 | node_45 | INFO ] 🎓 Training step done.
[ 2026-05-13 11:15:03 | node_34 | INFO ] 🛠️ Calling force_add_local_model...
[ 2026-05-13 11:15:03 | node_31 | INFO ] 🏋️‍♀️ Preparing training...
[ 2026-05-13 11:15:03 | node_35 | INFO ] ✅ [FORCE] Local model added for round 47. (1/9)
[ 2026-05-13 11:15:03 | node_38 | INFO ] 🎓 Training step done.
[ 2026-05-13 11:15:03 | node_8 | INFO ] 🛠️ Calling force_add_local_model...
[ 2026-05-13 11:15:03 | node_45 | INFO ] 🛠️ Calling force_add_local_model...
[ 2026-05-13 11:15:03 | node_23 | INFO ] 🛠️ Calling force_add_local_model...
[ 2026-05-13 11:15:03 | node_34 | INFO ] ✅ [FORCE] Local model added for round 47. (1/10)
[ 2026-05-13 11:15:03 | node_38 | INFO ] 🛠️ Calling force_add_local_model...
[ 2026-05-13 11:15:03 | node_8 | INFO ] ✅ [FORCE] Local model added for round 47. (1/5)
[ 2026-05-13 11:15:03 | node_23 | INFO ] ✅ [FORCE] Local model added for round 47. (1/11)
[ 2026-05-13 11:15:03 | node_45 | INFO ] ✅ [FORCE] Local model added for round 47. (1/6)
[ 2026-05-13 11:15:03 | node_20 | INFO ] ♻️ Proactively processing 2 early models for round 47.
[ 2026-05-13 11:15:03 | node_38 | INFO ] ✅ [FORCE] Local model added for round 47. (1/10)
[ 2026-05-13 11:15:03 | node_20 | INFO ] 🧩 Model added for round 47 (1/8) from ['node_29']
[ 2026-05-13 11:15:03 | node_15 | INFO ] 🎉 Round 47 of 50 finished.
[ 2026-05-13 11:15:03 | node_20 | INFO ] 🧩 Model added for round 47 (2/8) from ['node_48']
[ 2026-05-13 11:15:03 | node_43 | INFO ] 🎓 Training step done.
[ 2026-05-13 11:15:03 | node_20 | INFO ] 🏋️‍♀️ Preparing training...
[ 2026-05-13 11:15:03 | node_43 | INFO ] 🛠️ Calling force_add_local_model...
[ 2026-05-13 11:15:03 | node_15 | INFO ] 🗳️ [DETERMINISTIC] Train set assigned (No Voting). Size: 50
[ 2026-05-13 11:15:03 | node_43 | INFO ] ✅ [FORCE] Local model added for round 47. (3/8)
[ 2026-05-13 11:15:03 | node_21 | INFO ] 🎓 Training step done.
[ 2026-05-13 11:15:04 | node_31 | INFO ] 🎓 Training step done.
[ 2026-05-13 11:15:04 | node_21 | INFO ] 🛠️ Calling force_add_local_model...
[ 2026-05-13 11:15:04 | node_31 | INFO ] 🛠️ Calling force_add_local_model...
[ 2026-05-13 11:15:04 | node_21 | INFO ] ✅ [FORCE] Local model added for round 47. (1/7)
[ 2026-05-13 11:15:04 | node_15 | INFO ] 🏋️‍♀️ Preparing training...
[ 2026-05-13 11:15:04 | node_23 | INFO ] 🧩 Model added for round 47 (2/11) from ['node_7']
[ 2026-05-13 11:15:04 | node_31 | INFO ] ✅ [FORCE] Local model added for round 47. (3/10)
[ 2026-05-13 11:15:04 | node_27 | INFO ] 📤 Sending model to 7 direct neighbors: ['node_10', 'node_13', 'node_16', 'node_30', 'node_35', 'node_44', 'node_45']
[ 2026-05-13 11:15:04 | node_20 | INFO ] 🎓 Training step done.
[ 2026-05-13 11:15:04 | node_20 | INFO ] 🛠️ Calling force_add_local_model...
[ 2026-05-13 11:15:04 | node_20 | INFO ] ✅ [FORCE] Local model added for round 47. (3/8)
[ 2026-05-13 11:15:04 | node_46 | INFO ] 🎉 Round 47 of 50 finished.
[ 2026-05-13 11:15:04 | node_46 | INFO ] 🗳️ [DETERMINISTIC] Train set assigned (No Voting). Size: 50
[ 2026-05-13 11:15:04 | node_15 | INFO ] 🎓 Training step done.
[ 2026-05-13 11:15:04 | node_15 | INFO ] 🛠️ Calling force_add_local_model...
[ 2026-05-13 11:15:04 | node_18 | INFO ] 📤 Sending model to 4 direct neighbors: ['node_3', 'node_8', 'node_22', 'node_42']
[ 2026-05-13 11:15:04 | node_15 | INFO ] ✅ [FORCE] Local model added for round 47. (1/8)
[ 2026-05-13 11:15:04 | node_46 | INFO ] 🏋️‍♀️ Preparing training...
[ 2026-05-13 11:15:05 | node_37 | INFO ] 📤 Sending model to 5 direct neighbors: ['node_7', 'node_11', 'node_22', 'node_31', 'node_35']
[ 2026-05-13 11:15:05 | node_46 | INFO ] 🎓 Training step done.
[ 2026-05-13 11:15:05 | node_46 | INFO ] 🛠️ Calling force_add_local_model...
[ 2026-05-13 11:15:05 | node_7 | INFO ] 🧩 Model added for round 47 (2/6) from ['node_37']
[ 2026-05-13 11:15:05 | node_8 | INFO ] 🧩 Model added for round 47 (2/5) from ['node_18']
[ 2026-05-13 11:15:05 | node_46 | INFO ] ✅ [FORCE] Local model added for round 47. (1/9)
[ 2026-05-13 11:15:05 | node_22 | INFO ] 🎉 Round 47 of 50 finished.
[ 2026-05-13 11:15:06 | node_22 | INFO ] 🗳️ [DETERMINISTIC] Train set assigned (No Voting). Size: 50
[ 2026-05-13 11:15:06 | node_49 | INFO ] 📤 Sending model to 4 direct neighbors: ['node_11', 'node_12', 'node_32', 'node_46']
[ 2026-05-13 11:15:06 | node_22 | INFO ] 🏋️‍♀️ Preparing training...
[ 2026-05-13 11:15:06 | node_37 | INFO ] 🧩 Model added for round 47 (2/6) from ['node_7']
[ 2026-05-13 11:15:06 | node_47 | INFO ] 📤 Sending model to 6 direct neighbors: ['node_4', 'node_7', 'node_14', 'node_15', 'node_23', 'node_39']
[ 2026-05-13 11:15:06 | node_28 | INFO ] 🎉 Round 47 of 50 finished.
[ 2026-05-13 11:15:06 | node_24 | INFO ] 📤 Sending model to 8 direct neighbors: ['node_2', 'node_3', 'node_4', 'node_5', 'node_10', 'node_12', 'node_17', 'node_23']
[ 2026-05-13 11:15:06 | node_35 | INFO ] 🧩 Model added for round 47 (2/9) from ['node_27']
[ 2026-05-13 11:15:06 | node_19 | INFO ] 📤 Sending model to 10 direct neighbors: ['node_1', 'node_3', 'node_5', 'node_9', 'node_11', 'node_23', 'node_26', 'node_34', 'node_38', 'node_43']
[ 2026-05-13 11:15:06 | node_28 | INFO ] 🗳️ [DETERMINISTIC] Train set assigned (No Voting). Size: 50
[ 2026-05-13 11:15:06 | node_22 | INFO ] 🎓 Training step done.
[ 2026-05-13 11:15:07 | node_22 | INFO ] 🧩 Model added for round 47 (1/10) from ['node_18']
[ 2026-05-13 11:15:07 | node_22 | INFO ] 🛠️ Calling force_add_local_model...
[ 2026-05-13 11:15:07 | node_22 | INFO ] ✅ [FORCE] Local model added for round 47. (2/10)
[ 2026-05-13 11:15:07 | node_28 | INFO ] 🏋️‍♀️ Preparing training...
[ 2026-05-13 11:15:07 | node_9 | INFO ] 📤 Sending model to 7 direct neighbors: ['node_3', 'node_6', 'node_13', 'node_19', 'node_23', 'node_41', 'node_46']
[ 2026-05-13 11:15:07 | node_7 | INFO ] 🧩 Model added for round 47 (3/6) from ['node_47']
[ 2026-05-13 11:15:07 | node_22 | INFO ] 🧩 Model added for round 47 (3/10) from ['node_37']
[ 2026-05-13 11:15:07 | node_6 | INFO ] 📤 Sending model to 10 direct neighbors: ['node_1', 'node_2', 'node_9', 'node_14', 'node_22', 'node_25', 'node_32', 'node_34', 'node_39', 'node_45']
[ 2026-05-13 11:15:08 | node_28 | INFO ] 🎓 Training step done.
[ 2026-05-13 11:15:08 | node_28 | INFO ] 🛠️ Calling force_add_local_model...
[ 2026-05-13 11:15:08 | node_47 | INFO ] 🧩 Model added for round 47 (2/7) from ['node_7']
[ 2026-05-13 11:15:08 | node_28 | INFO ] ✅ [FORCE] Local model added for round 47. (1/12)
[ 2026-05-13 11:15:08 | node_35 | INFO ] 📤 Sending model to 8 direct neighbors: ['node', 'node_13', 'node_14', 'node_17', 'node_27', 'node_30', 'node_32', 'node_37']
[ 2026-05-13 11:15:08 | node_46 | INFO ] 🧩 Model added for round 47 (2/9) from ['node_49']
[ 2026-05-13 11:15:08 | node_34 | INFO ] 📤 Sending model to 9 direct neighbors: ['node_4', 'node_6', 'node_8', 'node_16', 'node_17', 'node_19', 'node_21', 'node_23', 'node_36']
[ 2026-05-13 11:15:08 | node_6 | INFO ] 🧩 Model added for round 47 (2/11) from ['node_9']
[ 2026-05-13 11:15:08 | node_23 | INFO ] 📤 Sending model to 10 direct neighbors: ['node_1', 'node_7', 'node_9', 'node_19', 'node_24', 'node_30', 'node_34', 'node_38', 'node_39', 'node_47']
[ 2026-05-13 11:15:08 | node_8 | INFO ] 📤 Sending model to 4 direct neighbors: ['node_2', 'node_18', 'node_20', 'node_34']
[ 2026-05-13 11:15:08 | node_45 | INFO ] 📤 Sending model to 5 direct neighbors: ['node_6', 'node_27', 'node_28', 'node_31', 'node_38']
[ 2026-05-13 11:15:08 | node_38 | INFO ] 📤 Sending model to 9 direct neighbors: ['node_5', 'node_12', 'node_14', 'node_16', 'node_19', 'node_23', 'node_32', 'node_36', 'node_45']
[ 2026-05-13 11:15:09 | node_43 | INFO ] 📤 Sending model to 7 direct neighbors: ['node_5', 'node_12', 'node_17', 'node_19', 'node_33', 'node_46', 'node_48']
[ 2026-05-13 11:15:09 | node_9 | INFO ] 🧩 Model added for round 47 (3/8) from ['node_19']
[ 2026-05-13 11:15:09 | node_21 | INFO ] 📤 Sending model to 6 direct neighbors: ['node_13', 'node_17', 'node_25', 'node_28', 'node_34', 'node_46']
[ 2026-05-13 11:15:09 | node_31 | INFO ] 📤 Sending model to 9 direct neighbors: ['node_2', 'node_4', 'node_14', 'node_17', 'node_29', 'node_37', 'node_39', 'node_45', 'node_48']
[ 2026-05-13 11:15:09 | node_6 | INFO ] 🧩 Model added for round 47 (3/11) from ['node_45']
[ 2026-05-13 11:15:09 | node_20 | INFO ] 📤 Sending model to 7 direct neighbors: ['node_2', 'node_8', 'node_14', 'node_28', 'node_29', 'node_39', 'node_48']
[ 2026-05-13 11:15:09 | node_9 | INFO ] 🧩 Model added for round 47 (4/8) from ['node_6']
[ 2026-05-13 11:15:09 | node_15 | INFO ] 📤 Sending model to 7 direct neighbors: ['node', 'node_10', 'node_14', 'node_28', 'node_42', 'node_46', 'node_47']
[ 2026-05-13 11:15:09 | node_45 | INFO ] 🧩 Model added for round 47 (2/6) from ['node_27']
[ 2026-05-13 11:15:10 | node_6 | INFO ] 🧩 Model added for round 47 (4/11) from ['node_34']
[ 2026-05-13 11:15:10 | node_18 | INFO ] 🧩 Model added for round 47 (2/5) from ['node_8']
[ 2026-05-13 11:15:10 | node_15 | INFO ] 🧩 Model added for round 47 (2/8) from ['node_47']
[ 2026-05-13 11:15:10 | node_7 | INFO ] 🧩 Model added for round 47 (4/6) from ['node_23']
[ 2026-05-13 11:15:10 | node_31 | INFO ] 🧩 Model added for round 47 (4/10) from ['node_37']
[ 2026-05-13 11:15:10 | node_46 | INFO ] 📤 Sending model to 8 direct neighbors: ['node_1', 'node_3', 'node_9', 'node_15', 'node_21', 'node_28', 'node_43', 'node_49']
[ 2026-05-13 11:15:11 | node_8 | INFO ] 🧩 Model added for round 47 (3/5) from ['node_20']
[ 2026-05-13 11:15:11 | node_19 | INFO ] 🧩 Model added for round 47 (2/11) from ['node_43']
[ 2026-05-13 11:15:11 | node_23 | INFO ] 🧩 Model added for round 47 (3/11) from ['node_24']
[ 2026-05-13 11:15:12 | node_28 | INFO ] 🧩 Model added for round 47 (2/12) from ['node_21']
[ 2026-05-13 11:15:12 | node_20 | INFO ] 🧩 Model added for round 47 (4/8) from ['node_8']
[ 2026-05-13 11:15:12 | node_27 | INFO ] 🧩 Model added for round 47 (2/8) from ['node_35']
[ 2026-05-13 11:15:12 | node_22 | INFO ] 📤 Sending model to 9 direct neighbors: ['node_2', 'node_5', 'node_6', 'node_11', 'node_17', 'node_18', 'node_28', 'node_30', 'node_37']
[ 2026-05-13 11:15:12 | node_19 | INFO ] 🧩 Model added for round 47 (3/11) from ['node_38']
[ 2026-05-13 11:15:12 | node_9 | INFO ] 🧩 Model added for round 47 (5/8) from ['node_23']
[ 2026-05-13 11:15:12 | node_23 | INFO ] 🧩 Model added for round 47 (4/11) from ['node_19']
[ 2026-05-13 11:15:12 | node_28 | INFO ] 🧩 Model added for round 47 (3/12) from ['node_15']
[ 2026-05-13 11:15:12 | node_9 | INFO ] 🧩 Model added for round 47 (6/8) from ['node_46']
[ 2026-05-13 11:15:12 | node_19 | INFO ] 🧩 Model added for round 47 (4/11) from ['node_9']
[ 2026-05-13 11:15:12 | node_23 | INFO ] 🧩 Model added for round 47 (5/11) from ['node_47']
[ 2026-05-13 11:15:12 | node_29 | INFO ] 🧩 Model added for round 47 (3/6) from ['node_31']
[ 2026-05-13 11:15:12 | node_27 | INFO ] 🧩 Model added for round 47 (3/8) from ['node_45']
[ 2026-05-13 11:15:13 | node_28 | INFO ] 📤 Sending model to 11 direct neighbors: ['node_2', 'node_5', 'node_10', 'node_13', 'node_15', 'node_16', 'node_20', 'node_21', 'node_22', 'node_45', 'node_46']
[ 2026-05-13 11:15:13 | node_22 | INFO ] 🧩 Model added for round 47 (4/10) from ['node_6']
[ 2026-05-13 11:15:13 | node_28 | INFO ] 🧩 Model added for round 47 (4/12) from ['node_20']
[ 2026-05-13 11:15:13 | node_8 | INFO ] 🧩 Model added for round 47 (4/5) from ['node_34']
[ 2026-05-13 11:15:13 | node_35 | INFO ] 🧩 Model added for round 47 (3/9) from ['node_37']
[ 2026-05-13 11:15:14 | node_6 | INFO ] 🧩 Model added for round 47 (5/11) from ['node_22']
[ 2026-05-13 11:15:14 | node_34 | INFO ] 🧩 Model added for round 47 (2/10) from ['node_8']
[ 2026-05-13 11:15:14 | node_37 | INFO ] 🧩 Model added for round 47 (3/6) from ['node_31']
[ 2026-05-13 11:15:14 | node_19 | INFO ] 🧩 Model added for round 47 (5/11) from ['node_23']
[ 2026-05-13 11:15:14 | node_33 | INFO ] 🧩 Model added for round 47 (2/6) from ['node_43']
[ 2026-05-13 11:15:15 | node_28 | INFO ] 🧩 Model added for round 47 (5/12) from ['node_45']
[ 2026-05-13 11:15:15 | node_15 | INFO ] 🧩 Model added for round 47 (3/8) from ['node_46']
[ 2026-05-13 11:15:15 | node_34 | INFO ] 🧩 Model added for round 47 (3/10) from ['node_21']
[ 2026-05-13 11:15:15 | node_23 | INFO ] 🧩 Model added for round 47 (6/11) from ['node_38']
[ 2026-05-13 11:15:15 | node_23 | INFO ] 🧩 Model added for round 47 (7/11) from ['node_9']
[ 2026-05-13 11:15:15 | node_37 | INFO ] 🧩 Model added for round 47 (4/6) from ['node_35']
[ 2026-05-13 11:15:16 | node_34 | INFO ] 🧩 Model added for round 47 (4/10) from ['node_19']
[ 2026-05-13 11:15:16 | node_15 | INFO ] 🧩 Model added for round 47 (4/8) from ['node_28']
[ 2026-05-13 11:15:16 | node_19 | INFO ] 🧩 Model added for round 47 (6/11) from ['node_34']
[ 2026-05-13 11:15:17 | node_46 | INFO ] 🧩 Model added for round 47 (3/9) from ['node_15']
[ 2026-05-13 11:15:17 | node_46 | INFO ] 🧩 Model added for round 47 (4/9) from ['node_43']
[ 2026-05-13 11:15:17 | node_29 | INFO ] 🧩 Model added for round 47 (4/6) from ['node_20']
[ 2026-05-13 11:15:17 | node_45 | INFO ] 🧩 Model added for round 47 (3/6) from ['node_31']
[ 2026-05-13 11:15:17 | node_34 | INFO ] 🧩 Model added for round 47 (5/10) from ['node_6']
[ 2026-05-13 11:15:17 | node_21 | INFO ] 🧩 Model added for round 47 (2/7) from ['node_46']
[ 2026-05-13 11:15:18 | node_24 | INFO ] 🧩 Model added for round 47 (2/9) from ['node_23']
[ 2026-05-13 11:15:18 | node_46 | INFO ] 🧩 Model added for round 47 (5/9) from ['node_21']
[ 2026-05-13 11:15:18 | node_18 | INFO ] 🧩 Model added for round 47 (3/5) from ['node_22']
[ 2026-05-13 11:15:18 | node_31 | INFO ] 🧩 Model added for round 47 (5/10) from ['node_45']
[ 2026-05-13 11:15:19 | node_41 | INFO ] 🧩 Model added for round 47 (2/8) from ['node_9']
[ 2026-05-13 11:15:19 | node_38 | INFO ] 🧩 Model added for round 47 (2/10) from ['node_19']
[ 2026-05-13 11:15:19 | node_48 | INFO ] 🧩 Model added for round 47 (2/7) from ['node_31']
[ 2026-05-13 11:15:19 | node_47 | INFO ] 🧩 Model added for round 47 (3/7) from ['node_15']
[ 2026-05-13 11:15:19 | node_20 | INFO ] 🧩 Model added for round 47 (5/8) from ['node_28']
[ 2026-05-13 11:15:19 | node_48 | INFO ] 🧩 Model added for round 47 (3/7) from ['node_20']
[ 2026-05-13 11:15:19 | node_21 | INFO ] 🧩 Model added for round 47 (3/7) from ['node_34']
[ 2026-05-13 11:15:19 | node_48 | INFO ] 🧩 Model added for round 47 (4/7) from ['node_43']
[ 2026-05-13 11:15:20 | node_45 | INFO ] 🧩 Model added for round 47 (4/6) from ['node_38']
[ 2026-05-13 11:15:20 | node_28 | INFO ] 🧩 Model added for round 47 (6/12) from ['node_46']
[ 2026-05-13 11:15:20 | node_28 | INFO ] 🧩 Model added for round 47 (7/12) from ['node_22']
[ 2026-05-13 11:15:20 | node_45 | INFO ] 🧩 Model added for round 47 (5/6) from ['node_6']
[ 2026-05-13 11:15:21 | node_46 | INFO ] 🧩 Model added for round 47 (6/9) from ['node_9']
[ 2026-05-13 11:15:21 | node_34 | INFO ] 🧩 Model added for round 47 (6/10) from ['node_23']
[ 2026-05-13 11:15:21 | node_38 | INFO ] 🧩 Model added for round 47 (3/10) from ['node_45']
[ 2026-05-13 11:15:21 | node_23 | INFO ] 🧩 Model added for round 47 (8/11) from ['node_34']
[ 2026-05-13 11:15:21 | node_21 | INFO ] 🧩 Model added for round 47 (4/7) from ['node_28']
[ 2026-05-13 11:15:21 | node_43 | INFO ] 🧩 Model added for round 47 (4/8) from ['node_19']
[ 2026-05-13 11:15:22 | node_43 | INFO ] 🧩 Model added for round 47 (5/8) from ['node_46']
[ 2026-05-13 11:15:22 | node_22 | INFO ] 🧩 Model added for round 47 (5/10) from ['node_28']
[ 2026-05-13 11:15:23 | node_37 | INFO ] 🧩 Model added for round 47 (5/6) from ['node_22']
[ 2026-05-13 11:15:23 | node_38 | INFO ] 🧩 Model added for round 47 (4/10) from ['node_23']
[ 2026-05-13 11:15:24 | node_49 | INFO ] 🧩 Model added for round 47 (2/5) from ['node_46']
[ 2026-05-13 11:15:24 | node_42 | INFO ] ⏹️  Gossiping exited for 50 equal rounds.
[ 2026-05-13 11:15:24 | node_42 | INFO ] 🔬 Evaluating...
[ 2026-05-13 11:15:24 | node_45 | INFO ] 🧩 Model added for round 47 (6/6) from ['node_28']
[ 2026-05-13 11:15:24 | node_42 | INFO ] 📈 Evaluated. Results: {'test_loss': 0.27327263355255127, 'test_acc': 0.9700000286102295, 'test_precision': 0.9693505167961121, 'test_recall': 0.9732381701469421, 'test_f1': 0.9699798822402954, 'communication_cost': 37633960}
[ 2026-05-13 11:15:24 | node_42 | INFO ] 📢 Broadcasting metrics.
[ 2026-05-13 11:15:25 | node_45 | INFO ] 🧠 Aggregation complete. Setting new model.
[ 2026-05-13 11:15:25 | node_47 | INFO ] 🧩 Model added for round 47 (4/7) from ['node_23']
[ 2026-05-13 11:15:25 | node_46 | INFO ] 🧩 Model added for round 47 (7/9) from ['node_28']
[ 2026-05-13 11:15:26 | node_45 | INFO ] 🗣️ Gossiping aggregated model.
[ 2026-05-13 11:15:30 | node_42 | INFO ] 🎉 Round 47 of 50 finished.
[ 2026-05-13 11:15:30 | node_42 | INFO ] 🗳️ [DETERMINISTIC] Train set assigned (No Voting). Size: 50
[ 2026-05-13 11:15:30 | node_42 | INFO ] ♻️ Proactively processing 4 early models for round 47.
[ 2026-05-13 11:15:30 | node_42 | INFO ] 🧩 Model added for round 47 (1/11) from ['node_41']
[ 2026-05-13 11:15:30 | node_42 | INFO ] 🧩 Model added for round 47 (2/11) from ['node_48']
[ 2026-05-13 11:15:30 | node_42 | INFO ] 🧩 Model added for round 47 (3/11) from ['node_18']
[ 2026-05-13 11:15:30 | node_42 | INFO ] 🧩 Model added for round 47 (4/11) from ['node_15']
[ 2026-05-13 11:15:30 | node_42 | INFO ] 🏋️‍♀️ Preparing training...
[ 2026-05-13 11:15:31 | node_42 | INFO ] 🎓 Training step done.
[ 2026-05-13 11:15:31 | node_42 | INFO ] 🛠️ Calling force_add_local_model...
[ 2026-05-13 11:15:31 | node_42 | INFO ] ✅ [FORCE] Local model added for round 47. (5/11)
[ 2026-05-13 11:15:36 | node_42 | INFO ] 📤 Sending model to 10 direct neighbors: ['node_1', 'node_2', 'node_11', 'node_15', 'node_18', 'node_25', 'node_36', 'node_41', 'node_44', 'node_48']
[ 2026-05-13 11:15:38 | node_15 | INFO ] 🧩 Model added for round 47 (5/8) from ['node_42']
[ 2026-05-13 11:15:39 | node_18 | INFO ] 🧩 Model added for round 47 (4/5) from ['node_42']
[ 2026-05-13 11:15:41 | node_41 | INFO ] 🧩 Model added for round 47 (3/8) from ['node_42']
[ 2026-05-13 11:15:43 | node_48 | INFO ] 🧩 Model added for round 47 (5/7) from ['node_42']
[ 2026-05-13 11:16:11 | node_26 | INFO ] ⏹️  Gossiping exited for 50 equal rounds.
[ 2026-05-13 11:16:11 | node_26 | INFO ] 🔬 Evaluating...
[ 2026-05-13 11:16:12 | node_26 | INFO ] 📈 Evaluated. Results: {'test_loss': 0.2114698439836502, 'test_acc': 0.9800000190734863, 'test_precision': 0.9764035940170288, 'test_recall': 0.9807870984077454, 'test_f1': 0.9779075384140015, 'communication_cost': 33870564}
[ 2026-05-13 11:16:12 | node_26 | INFO ] 📢 Broadcasting metrics.
[ 2026-05-13 11:16:12 | node_11 | INFO ] ⏹️  Gossiping exited for 50 equal rounds.
[ 2026-05-13 11:16:12 | node_11 | INFO ] 🔬 Evaluating...
[ 2026-05-13 11:16:13 | node_11 | INFO ] 📈 Evaluated. Results: {'test_loss': 0.06503406167030334, 'test_acc': 0.9750000238418579, 'test_precision': 0.9733069539070129, 'test_recall': 0.9783851504325867, 'test_f1': 0.9746667742729187, 'communication_cost': 30107168}
[ 2026-05-13 11:16:13 | node_11 | INFO ] 📢 Broadcasting metrics.
[ 2026-05-13 11:16:17 | node_26 | INFO ] 🎉 Round 47 of 50 finished.
[ 2026-05-13 11:16:17 | node_11 | INFO ] 🎉 Round 47 of 50 finished.
[ 2026-05-13 11:16:17 | node_26 | INFO ] 🗳️ [DETERMINISTIC] Train set assigned (No Voting). Size: 50
[ 2026-05-13 11:16:17 | node_11 | INFO ] 🗳️ [DETERMINISTIC] Train set assigned (No Voting). Size: 50
[ 2026-05-13 11:16:17 | node_26 | INFO ] ♻️ Proactively processing 2 early models for round 47.
[ 2026-05-13 11:16:17 | node_26 | INFO ] 🧩 Model added for round 47 (1/10) from ['node_41']
[ 2026-05-13 11:16:17 | node_11 | INFO ] ♻️ Proactively processing 6 early models for round 47.
[ 2026-05-13 11:16:17 | node_11 | INFO ] 🧩 Model added for round 47 (1/9) from ['node_41']
[ 2026-05-13 11:16:17 | node_26 | INFO ] 🧩 Model added for round 47 (2/10) from ['node_19']
[ 2026-05-13 11:16:17 | node_11 | INFO ] 🧩 Model added for round 47 (2/9) from ['node_49']
[ 2026-05-13 11:16:17 | node_26 | INFO ] 🏋️‍♀️ Preparing training...
[ 2026-05-13 11:16:17 | node_11 | INFO ] 🧩 Model added for round 47 (3/9) from ['node_37']
[ 2026-05-13 11:16:17 | node_11 | INFO ] 🧩 Model added for round 47 (4/9) from ['node_19']
[ 2026-05-13 11:16:17 | node_11 | INFO ] 🧩 Model added for round 47 (5/9) from ['node_22']
[ 2026-05-13 11:16:17 | node_11 | INFO ] 🧩 Model added for round 47 (6/9) from ['node_42']
[ 2026-05-13 11:16:17 | node_11 | INFO ] 🏋️‍♀️ Preparing training...
[ 2026-05-13 11:16:18 | node_26 | INFO ] 🎓 Training step done.
[ 2026-05-13 11:16:18 | node_26 | INFO ] 🛠️ Calling force_add_local_model...
[ 2026-05-13 11:16:18 | node_26 | INFO ] ✅ [FORCE] Local model added for round 47. (3/10)
[ 2026-05-13 11:16:18 | node_11 | INFO ] 🎓 Training step done.
[ 2026-05-13 11:16:18 | node_11 | INFO ] 🛠️ Calling force_add_local_model...
[ 2026-05-13 11:16:18 | node_11 | INFO ] ✅ [FORCE] Local model added for round 47. (7/9)
[ 2026-05-13 11:16:21 | node_25 | INFO ] ⏹️  Gossiping exited for 50 equal rounds.
[ 2026-05-13 11:16:22 | node_25 | INFO ] 🔬 Evaluating...
[ 2026-05-13 11:16:22 | node_25 | INFO ] 📈 Evaluated. Results: {'test_loss': 0.10624434798955917, 'test_acc': 0.9649999737739563, 'test_precision': 0.9644791483879089, 'test_recall': 0.9644041657447815, 'test_f1': 0.9637424945831299, 'communication_cost': 33870564}
[ 2026-05-13 11:16:22 | node_25 | INFO ] 📢 Broadcasting metrics.
[ 2026-05-13 11:16:23 | node_39 | INFO ] ⏹️  Gossiping exited for 50 equal rounds.
[ 2026-05-13 11:16:23 | node_26 | INFO ] 📤 Sending model to 9 direct neighbors: ['node_2', 'node_10', 'node_12', 'node_14', 'node_16', 'node_19', 'node_32', 'node_41', 'node_44']
[ 2026-05-13 11:16:23 | node_39 | INFO ] 🔬 Evaluating...
[ 2026-05-13 11:16:23 | node_11 | INFO ] 📤 Sending model to 8 direct neighbors: ['node_17', 'node_19', 'node_22', 'node_37', 'node_41', 'node_42', 'node_44', 'node_49']
[ 2026-05-13 11:16:23 | node_39 | INFO ] 📈 Evaluated. Results: {'test_loss': 0.18585963547229767, 'test_acc': 0.9399999976158142, 'test_precision': 0.9435397982597351, 'test_recall': 0.950558602809906, 'test_f1': 0.944206714630127, 'communication_cost': 33870564}
[ 2026-05-13 11:16:24 | node_39 | INFO ] 📢 Broadcasting metrics.
[ 2026-05-13 11:16:24 | node_19 | INFO ] 🧩 Model added for round 47 (7/11) from ['node_11']
[ 2026-05-13 11:16:25 | node_19 | INFO ] 🧩 Model added for round 47 (8/11) from ['node_26']
[ 2026-05-13 11:16:26 | node_22 | INFO ] 🧩 Model added for round 47 (6/10) from ['node_11']
[ 2026-05-13 11:16:28 | node_41 | INFO ] 🧩 Model added for round 47 (4/8) from ['node_26']
[ 2026-05-13 11:16:28 | node_37 | INFO ] 🧩 Model added for round 47 (6/6) from ['node_11']
[ 2026-05-13 11:16:28 | node_25 | INFO ] 🎉 Round 47 of 50 finished.
[ 2026-05-13 11:16:28 | node_25 | INFO ] 🗳️ [DETERMINISTIC] Train set assigned (No Voting). Size: 50
[ 2026-05-13 11:16:28 | node_25 | INFO ] ♻️ Proactively processing 4 early models for round 47.
[ 2026-05-13 11:16:28 | node_37 | INFO ] 🧠 Aggregation complete. Setting new model.
[ 2026-05-13 11:16:28 | node_25 | INFO ] 🧩 Model added for round 47 (1/10) from ['node_41']
[ 2026-05-13 11:16:29 | node_25 | INFO ] 🧩 Model added for round 47 (2/10) from ['node_21']
[ 2026-05-13 11:16:29 | node_25 | INFO ] 🧩 Model added for round 47 (3/10) from ['node_6']
[ 2026-05-13 11:16:29 | node_25 | INFO ] 🧩 Model added for round 47 (4/10) from ['node_42']
[ 2026-05-13 11:16:29 | node_25 | INFO ] 🏋️‍♀️ Preparing training...
[ 2026-05-13 11:16:29 | node_39 | INFO ] 🎉 Round 47 of 50 finished.
[ 2026-05-13 11:16:29 | node_39 | INFO ] 🗳️ [DETERMINISTIC] Train set assigned (No Voting). Size: 50
[ 2026-05-13 11:16:29 | node_39 | INFO ] ♻️ Proactively processing 5 early models for round 47.
[ 2026-05-13 11:16:29 | node_39 | INFO ] 🧩 Model added for round 47 (1/10) from ['node_47']
[ 2026-05-13 11:16:29 | node_39 | INFO ] 🧩 Model added for round 47 (2/10) from ['node_31']
[ 2026-05-13 11:16:29 | node_37 | INFO ] 🗣️ Gossiping aggregated model.
[ 2026-05-13 11:16:29 | node_39 | INFO ] 🧩 Model added for round 47 (3/10) from ['node_20']
[ 2026-05-13 11:16:29 | node_39 | INFO ] 🧩 Model added for round 47 (4/10) from ['node_6']
[ 2026-05-13 11:16:29 | node_39 | INFO ] 🧩 Model added for round 47 (5/10) from ['node_23']
[ 2026-05-13 11:16:29 | node_39 | INFO ] 🏋️‍♀️ Preparing training...
[ 2026-05-13 11:16:29 | node_41 | INFO ] 🧩 Model added for round 47 (5/8) from ['node_11']
[ 2026-05-13 11:16:29 | node_25 | INFO ] 🎓 Training step done.
[ 2026-05-13 11:16:29 | node_25 | INFO ] 🛠️ Calling force_add_local_model...
[ 2026-05-13 11:16:30 | node_25 | INFO ] ✅ [FORCE] Local model added for round 47. (5/10)
[ 2026-05-13 11:16:30 | node_39 | INFO ] 🎓 Training step done.
[ 2026-05-13 11:16:30 | node_4 | INFO ] ⏹️  Gossiping exited for 50 equal rounds.
[ 2026-05-13 11:16:30 | node_39 | INFO ] 🛠️ Calling force_add_local_model...
[ 2026-05-13 11:16:30 | node_39 | INFO ] ✅ [FORCE] Local model added for round 47. (6/10)
[ 2026-05-13 11:16:30 | node_4 | INFO ] 🔬 Evaluating...
[ 2026-05-13 11:16:30 | node_4 | INFO ] 📈 Evaluated. Results: {'test_loss': 0.12570109963417053, 'test_acc': 0.9850000143051147, 'test_precision': 0.9843557476997375, 'test_recall': 0.982738196849823, 'test_f1': 0.9829770922660828, 'communication_cost': 41397356}
[ 2026-05-13 11:16:31 | node_4 | INFO ] 📢 Broadcasting metrics.
[ 2026-05-13 11:16:31 | node_42 | INFO ] 🧩 Model added for round 47 (6/11) from ['node_11']
[ 2026-05-13 11:16:33 | node_49 | INFO ] 🧩 Model added for round 47 (3/5) from ['node_11']
[ 2026-05-13 11:16:33 | node_1 | INFO ] ⏹️  Gossiping exited for 50 equal rounds.
[ 2026-05-13 11:16:33 | node | INFO ] ⏹️  Gossiping exited for 50 equal rounds.
[ 2026-05-13 11:16:34 | node_1 | INFO ] 🔬 Evaluating...
[ 2026-05-13 11:16:34 | node | INFO ] 🔬 Evaluating...
[ 2026-05-13 11:16:34 | node_1 | INFO ] 📈 Evaluated. Results: {'test_loss': 0.1833646595478058, 'test_acc': 0.9700000286102295, 'test_precision': 0.9699881672859192, 'test_recall': 0.9684368371963501, 'test_f1': 0.9678713083267212, 'communication_cost': 30107168}
[ 2026-05-13 11:16:34 | node | INFO ] 📈 Evaluated. Results: {'test_loss': 0.2515972852706909, 'test_acc': 0.9800000190734863, 'test_precision': 0.9819748401641846, 'test_recall': 0.978279173374176, 'test_f1': 0.9797016978263855, 'communication_cost': 30107168}
[ 2026-05-13 11:16:34 | node_1 | INFO ] 📢 Broadcasting metrics.
[ 2026-05-13 11:16:34 | node | INFO ] 📢 Broadcasting metrics.
[ 2026-05-13 11:16:34 | node_14 | INFO ] ⏹️  Gossiping exited for 50 equal rounds.
[ 2026-05-13 11:16:34 | node_14 | INFO ] 🔬 Evaluating...
[ 2026-05-13 11:16:35 | node_25 | INFO ] 📤 Sending model to 9 direct neighbors: ['node', 'node_1', 'node_4', 'node_6', 'node_10', 'node_21', 'node_39', 'node_41', 'node_42']
[ 2026-05-13 11:16:35 | node_14 | INFO ] 📈 Evaluated. Results: {'test_loss': 0.09913638234138489, 'test_acc': 0.9800000190734863, 'test_precision': 0.9785603284835815, 'test_recall': 0.9801663160324097, 'test_f1': 0.9786592125892639, 'communication_cost': 41397356}
[ 2026-05-13 11:16:35 | node_14 | INFO ] 📢 Broadcasting metrics.
[ 2026-05-13 11:16:35 | node_39 | INFO ] 📤 Sending model to 9 direct neighbors: ['node_6', 'node_12', 'node_20', 'node_23', 'node_25', 'node_30', 'node_31', 'node_44', 'node_47']
[ 2026-05-13 11:16:36 | node_6 | INFO ] 🧩 Model added for round 47 (6/11) from ['node_39']
[ 2026-05-13 11:16:36 | node_6 | INFO ] 🧩 Model added for round 47 (7/11) from ['node_25']
[ 2026-05-13 11:16:37 | node_4 | INFO ] 🎉 Round 47 of 50 finished.
[ 2026-05-13 11:16:38 | node_4 | INFO ] 🗳️ [DETERMINISTIC] Train set assigned (No Voting). Size: 50
[ 2026-05-13 11:16:38 | node_5 | INFO ] ⏹️  Gossiping exited for 50 equal rounds.
[ 2026-05-13 11:16:38 | node_4 | INFO ] ♻️ Proactively processing 6 early models for round 47.
[ 2026-05-13 11:16:38 | node_4 | INFO ] 🧩 Model added for round 47 (1/12) from ['node_40']
[ 2026-05-13 11:16:38 | node_5 | INFO ] 🔬 Evaluating...
[ 2026-05-13 11:16:38 | node_4 | INFO ] 🧩 Model added for round 47 (2/12) from ['node_47']
[ 2026-05-13 11:16:38 | node_4 | INFO ] 🧩 Model added for round 47 (3/12) from ['node_24']
[ 2026-05-13 11:16:38 | node_4 | INFO ] 🧩 Model added for round 47 (4/12) from ['node_34']
[ 2026-05-13 11:16:38 | node_36 | INFO ] ⏹️  Gossiping exited for 50 equal rounds.
[ 2026-05-13 11:16:38 | node_20 | INFO ] 🧩 Model added for round 47 (6/8) from ['node_39']
[ 2026-05-13 11:16:38 | node_4 | INFO ] 🧩 Model added for round 47 (5/12) from ['node_31']
[ 2026-05-13 11:16:38 | node_4 | INFO ] 🧩 Model added for round 47 (6/12) from ['node_25']
[ 2026-05-13 11:16:38 | node_36 | INFO ] 🔬 Evaluating...
[ 2026-05-13 11:16:38 | node_5 | INFO ] 📈 Evaluated. Results: {'test_loss': 0.30098190903663635, 'test_acc': 0.9750000238418579, 'test_precision': 0.9717636704444885, 'test_recall': 0.9699550867080688, 'test_f1': 0.9705687165260315, 'communication_cost': 37633960}
[ 2026-05-13 11:16:38 | node_4 | INFO ] 🏋️‍♀️ Preparing training...
[ 2026-05-13 11:16:39 | node_5 | INFO ] 📢 Broadcasting metrics.
[ 2026-05-13 11:16:39 | node_36 | INFO ] 📈 Evaluated. Results: {'test_loss': 0.12636956572532654, 'test_acc': 0.9700000286102295, 'test_precision': 0.9717769622802734, 'test_recall': 0.9705501794815063, 'test_f1': 0.9705021381378174, 'communication_cost': 30107168}
[ 2026-05-13 11:16:39 | node_36 | INFO ] 📢 Broadcasting metrics.
[ 2026-05-13 11:16:39 | node_4 | INFO ] 🎓 Training step done.
[ 2026-05-13 11:16:39 | node_4 | INFO ] 🛠️ Calling force_add_local_model...
[ 2026-05-13 11:16:39 | node_21 | INFO ] 🧩 Model added for round 47 (5/7) from ['node_25']
[ 2026-05-13 11:16:39 | node_4 | INFO ] ✅ [FORCE] Local model added for round 47. (7/12)
[ 2026-05-13 11:16:40 | node | INFO ] 🎉 Round 47 of 50 finished.
[ 2026-05-13 11:16:40 | node_1 | INFO ] 🎉 Round 47 of 50 finished.
[ 2026-05-13 11:16:40 | node_23 | INFO ] 🧩 Model added for round 47 (9/11) from ['node_39']
[ 2026-05-13 11:16:40 | node | INFO ] 🗳️ [DETERMINISTIC] Train set assigned (No Voting). Size: 50
[ 2026-05-13 11:16:40 | node_1 | INFO ] 🗳️ [DETERMINISTIC] Train set assigned (No Voting). Size: 50
[ 2026-05-13 11:16:40 | node | INFO ] ♻️ Proactively processing 5 early models for round 47.
[ 2026-05-13 11:16:40 | node_1 | INFO ] ♻️ Proactively processing 6 early models for round 47.
[ 2026-05-13 11:16:40 | node | INFO ] 🧩 Model added for round 47 (1/9) from ['node_33']
[ 2026-05-13 11:16:40 | node_1 | INFO ] 🧩 Model added for round 47 (1/9) from ['node_19']
[ 2026-05-13 11:16:40 | node_1 | INFO ] 🧩 Model added for round 47 (2/9) from ['node_6']
[ 2026-05-13 11:16:40 | node | INFO ] 🧩 Model added for round 47 (2/9) from ['node_48']
[ 2026-05-13 11:16:40 | node_1 | INFO ] 🧩 Model added for round 47 (3/9) from ['node_23']
[ 2026-05-13 11:16:40 | node | INFO ] 🧩 Model added for round 47 (3/9) from ['node_35']
[ 2026-05-13 11:16:40 | node_1 | INFO ] 🧩 Model added for round 47 (4/9) from ['node_46']
[ 2026-05-13 11:16:40 | node | INFO ] 🧩 Model added for round 47 (4/9) from ['node_15']
[ 2026-05-13 11:16:40 | node | INFO ] 🧩 Model added for round 47 (5/9) from ['node_25']
[ 2026-05-13 11:16:40 | node_1 | INFO ] 🧩 Model added for round 47 (5/9) from ['node_42']
[ 2026-05-13 11:16:40 | node_1 | INFO ] 🧩 Model added for round 47 (6/9) from ['node_25']
[ 2026-05-13 11:16:40 | node | INFO ] 🏋️‍♀️ Preparing training...
[ 2026-05-13 11:16:40 | node_39 | INFO ] 🧩 Model added for round 47 (7/10) from ['node_25']
[ 2026-05-13 11:16:41 | node_1 | INFO ] 🏋️‍♀️ Preparing training...
[ 2026-05-13 11:16:41 | node | INFO ] 🎓 Training step done.
[ 2026-05-13 11:16:41 | node_1 | INFO ] 🎓 Training step done.
[ 2026-05-13 11:16:41 | node | INFO ] 🛠️ Calling force_add_local_model...
[ 2026-05-13 11:16:41 | node_1 | INFO ] 🛠️ Calling force_add_local_model...
[ 2026-05-13 11:16:41 | node | INFO ] ✅ [FORCE] Local model added for round 47. (6/9)
[ 2026-05-13 11:16:41 | node_1 | INFO ] ✅ [FORCE] Local model added for round 47. (7/9)
[ 2026-05-13 11:16:42 | node_25 | INFO ] 🧩 Model added for round 47 (6/10) from ['node_39']
[ 2026-05-13 11:16:42 | node_14 | INFO ] 🎉 Round 47 of 50 finished.
[ 2026-05-13 11:16:42 | node_14 | INFO ] 🗳️ [DETERMINISTIC] Train set assigned (No Voting). Size: 50
[ 2026-05-13 11:16:42 | node_41 | INFO ] 🧩 Model added for round 47 (6/8) from ['node_25']
[ 2026-05-13 11:16:42 | node_14 | INFO ] ♻️ Proactively processing 9 early models for round 47.
[ 2026-05-13 11:16:43 | node_14 | INFO ] 🧩 Model added for round 47 (1/12) from ['node_7']
[ 2026-05-13 11:16:43 | node_14 | INFO ] 🧩 Model added for round 47 (2/12) from ['node_47']
[ 2026-05-13 11:16:43 | node_14 | INFO ] 🧩 Model added for round 47 (3/12) from ['node_35']
[ 2026-05-13 11:16:43 | node_14 | INFO ] 🧩 Model added for round 47 (4/12) from ['node_38']
[ 2026-05-13 11:16:43 | node_14 | INFO ] 🧩 Model added for round 47 (5/12) from ['node_31']
[ 2026-05-13 11:16:43 | node_14 | INFO ] 🧩 Model added for round 47 (6/12) from ['node_15']
[ 2026-05-13 11:16:43 | node_14 | INFO ] 🧩 Model added for round 47 (7/12) from ['node_6']
[ 2026-05-13 11:16:43 | node_14 | INFO ] 🧩 Model added for round 47 (8/12) from ['node_20']
[ 2026-05-13 11:16:43 | node_14 | INFO ] 🧩 Model added for round 47 (9/12) from ['node_26']
[ 2026-05-13 11:16:43 | node_14 | INFO ] 🏋️‍♀️ Preparing training...
[ 2026-05-13 11:16:43 | node_36 | INFO ] 🎉 Round 47 of 50 finished.
[ 2026-05-13 11:16:43 | node_14 | INFO ] 🎓 Training step done.
[ 2026-05-13 11:16:44 | node_14 | INFO ] 🛠️ Calling force_add_local_model...
[ 2026-05-13 11:16:44 | node_42 | INFO ] 🧩 Model added for round 47 (7/11) from ['node_25']
[ 2026-05-13 11:16:44 | node_36 | INFO ] 🗳️ [DETERMINISTIC] Train set assigned (No Voting). Size: 50
[ 2026-05-13 11:16:44 | node_14 | INFO ] ✅ [FORCE] Local model added for round 47. (10/12)
[ 2026-05-13 11:16:44 | node_31 | INFO ] 🧩 Model added for round 47 (6/10) from ['node_39']
[ 2026-05-13 11:16:44 | node_36 | INFO ] ♻️ Proactively processing 4 early models for round 47.
[ 2026-05-13 11:16:44 | node_36 | INFO ] 🧩 Model added for round 47 (1/9) from ['node_48']
[ 2026-05-13 11:16:44 | node_36 | INFO ] 🧩 Model added for round 47 (2/9) from ['node_38']
[ 2026-05-13 11:16:44 | node_36 | INFO ] 🧩 Model added for round 47 (3/9) from ['node_34']
[ 2026-05-13 11:16:44 | node_36 | INFO ] 🧩 Model added for round 47 (4/9) from ['node_42']
[ 2026-05-13 11:16:44 | node_36 | INFO ] 🏋️‍♀️ Preparing training...
[ 2026-05-13 11:16:44 | node_4 | INFO ] 📤 Sending model to 11 direct neighbors: ['node', 'node_3', 'node_5', 'node_24', 'node_25', 'node_31', 'node_34', 'node_36', 'node_40', 'node_44', 'node_47']
[ 2026-05-13 11:16:44 | node_5 | INFO ] 🎉 Round 47 of 50 finished.
[ 2026-05-13 11:16:45 | node_5 | INFO ] 🗳️ [DETERMINISTIC] Train set assigned (No Voting). Size: 50
[ 2026-05-13 11:16:45 | node_36 | INFO ] 🎓 Training step done.
[ 2026-05-13 11:16:45 | node | INFO ] 🧩 Model added for round 47 (7/9) from ['node_4']
[ 2026-05-13 11:16:45 | node_5 | INFO ] ♻️ Proactively processing 6 early models for round 47.
[ 2026-05-13 11:16:45 | node_36 | INFO ] 🛠️ Calling force_add_local_model...
[ 2026-05-13 11:16:45 | node_5 | INFO ] 🧩 Model added for round 47 (1/11) from ['node_19']
[ 2026-05-13 11:16:45 | node_5 | INFO ] 🧩 Model added for round 47 (2/11) from ['node_24']
[ 2026-05-13 11:16:45 | node_36 | INFO ] ✅ [FORCE] Local model added for round 47. (5/9)
[ 2026-05-13 11:16:45 | node_5 | INFO ] 🧩 Model added for round 47 (3/11) from ['node_38']
[ 2026-05-13 11:16:45 | node_5 | INFO ] 🧩 Model added for round 47 (4/11) from ['node_43']
[ 2026-05-13 11:16:45 | node_5 | INFO ] 🧩 Model added for round 47 (5/11) from ['node_22']
[ 2026-05-13 11:16:45 | node_5 | INFO ] 🧩 Model added for round 47 (6/11) from ['node_28']
[ 2026-05-13 11:16:45 | node_5 | INFO ] 🏋️‍♀️ Preparing training...
[ 2026-05-13 11:16:46 | node_5 | INFO ] 🎓 Training step done.
[ 2026-05-13 11:16:46 | node_5 | INFO ] 🛠️ Calling force_add_local_model...
[ 2026-05-13 11:16:46 | node_47 | INFO ] 🧩 Model added for round 47 (5/7) from ['node_39']
[ 2026-05-13 11:16:46 | node_5 | INFO ] ✅ [FORCE] Local model added for round 47. (7/11)
[ 2026-05-13 11:16:46 | node_44 | INFO ] ⏹️  Gossiping exited for 50 equal rounds.
[ 2026-05-13 11:16:46 | node | INFO ] 📤 Sending model to 8 direct neighbors: ['node_4', 'node_5', 'node_15', 'node_25', 'node_33', 'node_35', 'node_44', 'node_48']
[ 2026-05-13 11:16:46 | node_44 | INFO ] 🔬 Evaluating...
[ 2026-05-13 11:16:46 | node_1 | INFO ] 📤 Sending model to 8 direct neighbors: ['node_6', 'node_19', 'node_23', 'node_25', 'node_30', 'node_32', 'node_42', 'node_46']
[ 2026-05-13 11:16:47 | node_5 | INFO ] 🧩 Model added for round 47 (8/11) from ['node_4']
[ 2026-05-13 11:16:47 | node_44 | INFO ] 📈 Evaluated. Results: {'test_loss': 0.18245887756347656, 'test_acc': 0.9649999737739563, 'test_precision': 0.9721972942352295, 'test_recall': 0.9613931179046631, 'test_f1': 0.9657151103019714, 'communication_cost': 30107168}
[ 2026-05-13 11:16:47 | node_4 | INFO ] 🧩 Model added for round 47 (8/12) from ['node']
[ 2026-05-13 11:16:47 | node_44 | INFO ] 📢 Broadcasting metrics.
[ 2026-05-13 11:16:47 | node_6 | INFO ] 🧩 Model added for round 47 (8/11) from ['node_1']
[ 2026-05-13 11:16:49 | node_24 | INFO ] 🧩 Model added for round 47 (3/9) from ['node_4']
[ 2026-05-13 11:16:49 | node_14 | INFO ] 📤 Sending model to 11 direct neighbors: ['node_2', 'node_6', 'node_7', 'node_12', 'node_15', 'node_20', 'node_26', 'node_31', 'node_35', 'node_38', 'node_47']
[ 2026-05-13 11:16:49 | node_19 | INFO ] 🧩 Model added for round 47 (9/11) from ['node_1']
[ 2026-05-13 11:16:49 | node_5 | INFO ] 🧩 Model added for round 47 (9/11) from ['node']
[ 2026-05-13 11:16:50 | node_6 | INFO ] 🧩 Model added for round 47 (9/11) from ['node_14']
[ 2026-05-13 11:16:50 | node_36 | INFO ] 📤 Sending model to 8 direct neighbors: ['node_4', 'node_16', 'node_17', 'node_30', 'node_34', 'node_38', 'node_42', 'node_48']
[ 2026-05-13 11:16:50 | node_25 | INFO ] 🧩 Model added for round 47 (7/10) from ['node_4']
[ 2026-05-13 11:16:50 | node_12 | INFO ] ⏹️  Gossiping exited for 50 equal rounds.
[ 2026-05-13 11:16:51 | node_4 | INFO ] 🧩 Model added for round 47 (9/12) from ['node_36']
[ 2026-05-13 11:16:51 | node_23 | INFO ] 🧩 Model added for round 47 (10/11) from ['node_1']
[ 2026-05-13 11:16:51 | node_15 | INFO ] 🧩 Model added for round 47 (6/8) from ['node']
[ 2026-05-13 11:16:51 | node_12 | INFO ] 🔬 Evaluating...
[ 2026-05-13 11:16:51 | node_5 | INFO ] 📤 Sending model to 10 direct neighbors: ['node', 'node_4', 'node_12', 'node_17', 'node_19', 'node_22', 'node_24', 'node_28', 'node_38', 'node_43']
[ 2026-05-13 11:16:51 | node_12 | INFO ] 📈 Evaluated. Results: {'test_loss': 0.13952286541461945, 'test_acc': 0.9750000238418579, 'test_precision': 0.9763202667236328, 'test_recall': 0.9745701551437378, 'test_f1': 0.9745549559593201, 'communication_cost': 33870564}
[ 2026-05-13 11:16:51 | node_12 | INFO ] 📢 Broadcasting metrics.
[ 2026-05-13 11:16:52 | node | INFO ] 🧩 Model added for round 47 (8/9) from ['node_5']
[ 2026-05-13 11:16:52 | node_7 | INFO ] 🧩 Model added for round 47 (5/6) from ['node_14']
[ 2026-05-13 11:16:52 | node_44 | INFO ] 🎉 Round 47 of 50 finished.
[ 2026-05-13 11:16:52 | node_44 | INFO ] 🗳️ [DETERMINISTIC] Train set assigned (No Voting). Size: 50
[ 2026-05-13 11:16:52 | node_44 | INFO ] ♻️ Proactively processing 5 early models for round 47.
[ 2026-05-13 11:16:52 | node_44 | INFO ] 🧩 Model added for round 47 (1/9) from ['node_27']
[ 2026-05-13 11:16:52 | node_44 | INFO ] 🧩 Model added for round 47 (2/9) from ['node_42']
[ 2026-05-13 11:16:52 | node_44 | INFO ] 🧩 Model added for round 47 (3/9) from ['node_26']
[ 2026-05-13 11:16:53 | node_44 | INFO ] 🧩 Model added for round 47 (4/9) from ['node_11']
[ 2026-05-13 11:16:53 | node_31 | INFO ] 🧩 Model added for round 47 (7/10) from ['node_4']
[ 2026-05-13 11:16:53 | node_44 | INFO ] 🧩 Model added for round 47 (5/9) from ['node_39']
[ 2026-05-13 11:16:53 | node_25 | INFO ] 🧩 Model added for round 47 (8/10) from ['node']
[ 2026-05-13 11:16:53 | node_44 | INFO ] 🏋️‍♀️ Preparing training...
[ 2026-05-13 11:16:53 | node_25 | INFO ] 🧩 Model added for round 47 (9/10) from ['node_1']
[ 2026-05-13 11:16:53 | node_44 | INFO ] 🎓 Training step done.
[ 2026-05-13 11:16:53 | node_44 | INFO ] 🛠️ Calling force_add_local_model...
[ 2026-05-13 11:16:53 | node_15 | INFO ] 🧩 Model added for round 47 (7/8) from ['node_14']
[ 2026-05-13 11:16:53 | node_44 | INFO ] ✅ [FORCE] Local model added for round 47. (6/9)
[ 2026-05-13 11:16:53 | node_4 | INFO ] 🧩 Model added for round 47 (10/12) from ['node_5']
[ 2026-05-13 11:16:55 | node_34 | INFO ] 🧩 Model added for round 47 (7/10) from ['node_36']
[ 2026-05-13 11:16:55 | node_33 | INFO ] 🧩 Model added for round 47 (3/6) from ['node']
[ 2026-05-13 11:16:55 | node_34 | INFO ] 🧩 Model added for round 47 (8/10) from ['node_4']
[ 2026-05-13 11:16:55 | node_20 | INFO ] 🧩 Model added for round 47 (7/8) from ['node_14']
[ 2026-05-13 11:16:56 | node_35 | INFO ] 🧩 Model added for round 47 (4/9) from ['node']
[ 2026-05-13 11:16:56 | node_42 | INFO ] 🧩 Model added for round 47 (8/11) from ['node_1']
[ 2026-05-13 11:16:57 | node_38 | INFO ] 🧩 Model added for round 47 (5/10) from ['node_36']
[ 2026-05-13 11:16:57 | node_19 | INFO ] 🧩 Model added for round 47 (10/11) from ['node_5']
[ 2026-05-13 11:16:57 | node_36 | INFO ] 🧩 Model added for round 47 (6/9) from ['node_4']
[ 2026-05-13 11:16:57 | node_26 | INFO ] 🧩 Model added for round 47 (4/10) from ['node_14']
[ 2026-05-13 11:16:57 | node_12 | INFO ] 🎉 Round 47 of 50 finished.
[ 2026-05-13 11:16:57 | node_12 | INFO ] 🗳️ [DETERMINISTIC] Train set assigned (No Voting). Size: 50
[ 2026-05-13 11:16:58 | node_30 | INFO ] ⏹️  Gossiping exited for 50 equal rounds.
[ 2026-05-13 11:16:58 | node_44 | INFO ] 🧩 Model added for round 47 (7/9) from ['node']
[ 2026-05-13 11:16:58 | node_32 | INFO ] ⏹️  Gossiping exited for 50 equal rounds.
[ 2026-05-13 11:16:58 | node_13 | INFO ] ⏹️  Gossiping exited for 50 equal rounds.
[ 2026-05-13 11:16:58 | node_12 | INFO ] ♻️ Proactively processing 8 early models for round 47.
[ 2026-05-13 11:16:58 | node_30 | INFO ] 🔬 Evaluating...
[ 2026-05-13 11:16:58 | node_12 | INFO ] 🧩 Model added for round 47 (1/10) from ['node_49']
[ 2026-05-13 11:16:58 | node_32 | INFO ] 🔬 Evaluating...
[ 2026-05-13 11:16:58 | node_12 | INFO ] 🧩 Model added for round 47 (2/10) from ['node_38']
[ 2026-05-13 11:16:58 | node_13 | INFO ] 🔬 Evaluating...
[ 2026-05-13 11:16:58 | node_12 | INFO ] 🧩 Model added for round 47 (3/10) from ['node_24']
[ 2026-05-13 11:16:58 | node_12 | INFO ] 🧩 Model added for round 47 (4/10) from ['node_43']
[ 2026-05-13 11:16:58 | node_46 | INFO ] 🧩 Model added for round 47 (8/9) from ['node_1']
[ 2026-05-13 11:16:58 | node_30 | INFO ] 📈 Evaluated. Results: {'test_loss': 0.10132408887147903, 'test_acc': 0.9900000095367432, 'test_precision': 0.9885093569755554, 'test_recall': 0.9910001158714294, 'test_f1': 0.9894691705703735, 'communication_cost': 37633960}
[ 2026-05-13 11:16:58 | node_12 | INFO ] 🧩 Model added for round 47 (5/10) from ['node_26']
[ 2026-05-13 11:16:58 | node_12 | INFO ] 🧩 Model added for round 47 (6/10) from ['node_39']
[ 2026-05-13 11:16:58 | node_32 | INFO ] 📈 Evaluated. Results: {'test_loss': 0.25530046224594116, 'test_acc': 0.9700000286102295, 'test_precision': 0.9676128625869751, 'test_recall': 0.9709963202476501, 'test_f1': 0.9688044786453247, 'communication_cost': 30107168}
[ 2026-05-13 11:16:58 | node_30 | INFO ] 📢 Broadcasting metrics.
[ 2026-05-13 11:16:58 | node_13 | INFO ] 📈 Evaluated. Results: {'test_loss': 0.11860278993844986, 'test_acc': 0.9800000190734863, 'test_precision': 0.9820442199707031, 'test_recall': 0.9795839190483093, 'test_f1': 0.9804975390434265, 'communication_cost': 33870564}
[ 2026-05-13 11:16:58 | node_12 | INFO ] 🧩 Model added for round 47 (7/10) from ['node_14']
[ 2026-05-13 11:16:58 | node_12 | INFO ] 🧩 Model added for round 47 (8/10) from ['node_5']
[ 2026-05-13 11:16:58 | node_32 | INFO ] 📢 Broadcasting metrics.
[ 2026-05-13 11:16:58 | node_40 | INFO ] 🧩 Model added for round 47 (3/4) from ['node_4']
[ 2026-05-13 11:16:58 | node_12 | INFO ] 🏋️‍♀️ Preparing training...
[ 2026-05-13 11:16:58 | node_13 | INFO ] 📢 Broadcasting metrics.
[ 2026-05-13 11:16:58 | node_42 | INFO ] 🧩 Model added for round 47 (9/11) from ['node_36']
[ 2026-05-13 11:16:58 | node_22 | INFO ] 🧩 Model added for round 47 (7/10) from ['node_5']
[ 2026-05-13 11:16:59 | node_44 | INFO ] 📤 Sending model to 8 direct neighbors: ['node', 'node_4', 'node_11', 'node_26', 'node_27', 'node_30', 'node_39', 'node_42']
[ 2026-05-13 11:16:59 | node_31 | INFO ] 🧩 Model added for round 47 (8/10) from ['node_14']
[ 2026-05-13 11:16:59 | node | INFO ] 🧩 Model added for round 47 (9/9) from ['node_44']
[ 2026-05-13 11:16:59 | node_12 | INFO ] 🎓 Training step done.
[ 2026-05-13 11:16:59 | node_12 | INFO ] 🛠️ Calling force_add_local_model...
[ 2026-05-13 11:16:59 | node_12 | INFO ] ✅ [FORCE] Local model added for round 47. (9/10)
[ 2026-05-13 11:16:59 | node_44 | INFO ] 🧩 Model added for round 47 (8/9) from ['node_4']
[ 2026-05-13 11:16:59 | node_48 | INFO ] 🧩 Model added for round 47 (6/7) from ['node']
[ 2026-05-13 11:17:00 | node_24 | INFO ] 🧩 Model added for round 47 (4/9) from ['node_5']
[ 2026-05-13 11:17:00 | node_35 | INFO ] 🧩 Model added for round 47 (5/9) from ['node_14']
[ 2026-05-13 11:17:00 | node_48 | INFO ] 🧩 Model added for round 47 (7/7) from ['node_36']
[ 2026-05-13 11:17:01 | node_4 | INFO ] 🧩 Model added for round 47 (11/12) from ['node_44']
[ 2026-05-13 11:17:01 | node_48 | INFO ] 🧠 Aggregation complete. Setting new model.
[ 2026-05-13 11:17:01 | node | INFO ] 🧠 Aggregation complete. Setting new model.
[ 2026-05-13 11:17:01 | node_47 | INFO ] 🧩 Model added for round 47 (6/7) from ['node_4']
[ 2026-05-13 11:17:01 | node_48 | INFO ] 🗣️ Gossiping aggregated model.
[ 2026-05-13 11:17:02 | node_28 | INFO ] 🧩 Model added for round 47 (8/12) from ['node_5']
[ 2026-05-13 11:17:02 | node_38 | INFO ] 🧩 Model added for round 47 (6/10) from ['node_14']
[ 2026-05-13 11:17:02 | node | INFO ] 🗣️ Gossiping aggregated model.
[ 2026-05-13 11:17:03 | node_11 | INFO ] 🧩 Model added for round 47 (8/9) from ['node_44']
[ 2026-05-13 11:17:03 | node_13 | INFO ] 🎉 Round 47 of 50 finished.
[ 2026-05-13 11:17:04 | node_32 | INFO ] 🎉 Round 47 of 50 finished.
[ 2026-05-13 11:17:04 | node_30 | INFO ] 🎉 Round 47 of 50 finished.
[ 2026-05-13 11:17:04 | node_13 | INFO ] 🗳️ [DETERMINISTIC] Train set assigned (No Voting). Size: 50
[ 2026-05-13 11:17:04 | node_30 | INFO ] 🗳️ [DETERMINISTIC] Train set assigned (No Voting). Size: 50
[ 2026-05-13 11:17:04 | node_32 | INFO ] 🗳️ [DETERMINISTIC] Train set assigned (No Voting). Size: 50
[ 2026-05-13 11:17:04 | node_13 | INFO ] ♻️ Proactively processing 7 early models for round 47.
[ 2026-05-13 11:17:04 | node_13 | INFO ] 🧩 Model added for round 47 (1/10) from ['node_41']
[ 2026-05-13 11:17:04 | node_30 | INFO ] ♻️ Proactively processing 7 early models for round 47.
[ 2026-05-13 11:17:04 | node_32 | INFO ] ♻️ Proactively processing 8 early models for round 47.
[ 2026-05-13 11:17:04 | node_13 | INFO ] 🧩 Model added for round 47 (2/10) from ['node_33']
[ 2026-05-13 11:17:04 | node_30 | INFO ] 🧩 Model added for round 47 (1/11) from ['node_27']
[ 2026-05-13 11:17:04 | node_32 | INFO ] 🧩 Model added for round 47 (1/9) from ['node_41']
[ 2026-05-13 11:17:04 | node_13 | INFO ] 🧩 Model added for round 47 (3/10) from ['node_27']
[ 2026-05-13 11:17:04 | node_30 | INFO ] 🧩 Model added for round 47 (2/11) from ['node_35']
[ 2026-05-13 11:17:04 | node_32 | INFO ] 🧩 Model added for round 47 (2/9) from ['node_33']
[ 2026-05-13 11:17:04 | node_13 | INFO ] 🧩 Model added for round 47 (4/10) from ['node_21']
[ 2026-05-13 11:17:04 | node_47 | INFO ] 🧩 Model added for round 47 (7/7) from ['node_14']
[ 2026-05-13 11:17:04 | node_30 | INFO ] 🧩 Model added for round 47 (3/11) from ['node_23']
[ 2026-05-13 11:17:04 | node_32 | INFO ] 🧩 Model added for round 47 (3/9) from ['node_49']
[ 2026-05-13 11:17:04 | node_13 | INFO ] 🧩 Model added for round 47 (5/10) from ['node_35']
[ 2026-05-13 11:17:04 | node_30 | INFO ] 🧩 Model added for round 47 (4/11) from ['node_22']
[ 2026-05-13 11:17:04 | node_32 | INFO ] 🧩 Model added for round 47 (4/9) from ['node_35']
[ 2026-05-13 11:17:04 | node_30 | INFO ] 🧩 Model added for round 47 (5/11) from ['node_39']
[ 2026-05-13 11:17:04 | node_13 | INFO ] 🧩 Model added for round 47 (6/10) from ['node_9']
[ 2026-05-13 11:17:04 | node_32 | INFO ] 🧩 Model added for round 47 (5/9) from ['node_6']
[ 2026-05-13 11:17:04 | node_30 | INFO ] 🧩 Model added for round 47 (6/11) from ['node_36']
[ 2026-05-13 11:17:04 | node_13 | INFO ] 🧩 Model added for round 47 (7/10) from ['node_28']
[ 2026-05-13 11:17:04 | node_32 | INFO ] 🧩 Model added for round 47 (6/9) from ['node_38']
[ 2026-05-13 11:17:04 | node_38 | INFO ] 🧩 Model added for round 47 (7/10) from ['node_5']
[ 2026-05-13 11:17:04 | node_30 | INFO ] 🧩 Model added for round 47 (7/11) from ['node_1']
[ 2026-05-13 11:17:04 | node_12 | INFO ] 📤 Sending model to 9 direct neighbors: ['node_5', 'node_13', 'node_14', 'node_24', 'node_26', 'node_38', 'node_39', 'node_43', 'node_49']
[ 2026-05-13 11:17:04 | node_32 | INFO ] 🧩 Model added for round 47 (7/9) from ['node_26']
[ 2026-05-13 11:17:04 | node_13 | INFO ] 🏋️‍♀️ Preparing training...
[ 2026-05-13 11:17:04 | node_30 | INFO ] 🏋️‍♀️ Preparing training...
[ 2026-05-13 11:17:04 | node_26 | INFO ] 🧩 Model added for round 47 (5/10) from ['node_44']
[ 2026-05-13 11:17:04 | node_32 | INFO ] 🧩 Model added for round 47 (8/9) from ['node_1']
[ 2026-05-13 11:17:04 | node_32 | INFO ] 🏋️‍♀️ Preparing training...
[ 2026-05-13 11:17:05 | node_47 | INFO ] 🧠 Aggregation complete. Setting new model.
[ 2026-05-13 11:17:05 | node_13 | INFO ] 🎓 Training step done.
[ 2026-05-13 11:17:05 | node_30 | INFO ] 🎓 Training step done.
[ 2026-05-13 11:17:05 | node_5 | INFO ] 🧩 Model added for round 47 (10/11) from ['node_12']
[ 2026-05-13 11:17:05 | node_13 | INFO ] 🛠️ Calling force_add_local_model...
[ 2026-05-13 11:17:05 | node_30 | INFO ] 🛠️ Calling force_add_local_model...
[ 2026-05-13 11:17:05 | node_30 | INFO ] ✅ [FORCE] Local model added for round 47. (8/11)
[ 2026-05-13 11:17:05 | node_3 | INFO ] ⏹️  Gossiping exited for 50 equal rounds.
[ 2026-05-13 11:17:05 | node_13 | INFO ] ✅ [FORCE] Local model added for round 47. (8/10)
[ 2026-05-13 11:17:05 | node_10 | INFO ] ⏹️  Gossiping exited for 50 equal rounds.
[ 2026-05-13 11:17:05 | node_32 | INFO ] 🎓 Training step done.
[ 2026-05-13 11:17:05 | node_32 | INFO ] 🛠️ Calling force_add_local_model...
[ 2026-05-13 11:17:05 | node_3 | INFO ] 🔬 Evaluating...
[ 2026-05-13 11:17:05 | node_32 | INFO ] ✅ [FORCE] Local model added for round 47. (9/9)
[ 2026-05-13 11:17:05 | node_10 | INFO ] 🔬 Evaluating...
[ 2026-05-13 11:17:06 | node_3 | INFO ] 📈 Evaluated. Results: {'test_loss': 0.17353828251361847, 'test_acc': 0.9549999833106995, 'test_precision': 0.9587051868438721, 'test_recall': 0.9550186395645142, 'test_f1': 0.9554228782653809, 'communication_cost': 37633960}
[ 2026-05-13 11:17:06 | node_47 | INFO ] 🗣️ Gossiping aggregated model.
[ 2026-05-13 11:17:06 | node_10 | INFO ] 📈 Evaluated. Results: {'test_loss': 0.16710947453975677, 'test_acc': 0.9750000238418579, 'test_precision': 0.9745714664459229, 'test_recall': 0.9761966466903687, 'test_f1': 0.9747644662857056, 'communication_cost': 30107168}
[ 2026-05-13 11:17:06 | node_3 | INFO ] 📢 Broadcasting metrics.
[ 2026-05-13 11:17:06 | node_10 | INFO ] 📢 Broadcasting metrics.
[ 2026-05-13 11:17:06 | node_43 | INFO ] 🧩 Model added for round 47 (6/8) from ['node_5']
[ 2026-05-13 11:17:06 | node_27 | INFO ] 🧩 Model added for round 47 (4/8) from ['node_44']
[ 2026-05-13 11:17:07 | node_13 | INFO ] 🧩 Model added for round 47 (9/10) from ['node_12']
[ 2026-05-13 11:17:08 | node_30 | INFO ] 🧩 Model added for round 47 (9/11) from ['node_44']
[ 2026-05-13 11:17:09 | node_14 | INFO ] 🧩 Model added for round 47 (11/12) from ['node_12']
[ 2026-05-13 11:17:10 | node_39 | INFO ] 🧩 Model added for round 47 (8/10) from ['node_44']
[ 2026-05-13 11:17:10 | node_30 | INFO ] 📤 Sending model to 10 direct neighbors: ['node_1', 'node_10', 'node_16', 'node_22', 'node_23', 'node_27', 'node_35', 'node_36', 'node_39', 'node_44']
[ 2026-05-13 11:17:10 | node_13 | INFO ] 📤 Sending model to 9 direct neighbors: ['node_9', 'node_12', 'node_16', 'node_21', 'node_27', 'node_28', 'node_33', 'node_35', 'node_41']
[ 2026-05-13 11:17:11 | node_32 | INFO ] 📤 Sending model to 8 direct neighbors: ['node_1', 'node_6', 'node_26', 'node_33', 'node_35', 'node_38', 'node_41', 'node_49']
[ 2026-05-13 11:17:11 | node_10 | INFO ] 🎉 Round 47 of 50 finished.
[ 2026-05-13 11:17:11 | node_10 | INFO ] 🗳️ [DETERMINISTIC] Train set assigned (No Voting). Size: 50
[ 2026-05-13 11:17:11 | node_9 | INFO ] 🧩 Model added for round 47 (7/8) from ['node_13']
[ 2026-05-13 11:17:11 | node_1 | INFO ] 🧩 Model added for round 47 (8/9) from ['node_30']
[ 2026-05-13 11:17:11 | node_10 | INFO ] ♻️ Proactively processing 6 early models for round 47.
[ 2026-05-13 11:17:11 | node_10 | INFO ] 🧩 Model added for round 47 (1/9) from ['node_27']
[ 2026-05-13 11:17:11 | node_1 | INFO ] 🧩 Model added for round 47 (9/9) from ['node_32']
[ 2026-05-13 11:17:11 | node_10 | INFO ] 🧩 Model added for round 47 (2/9) from ['node_24']
[ 2026-05-13 11:17:11 | node_24 | INFO ] 🧩 Model added for round 47 (5/9) from ['node_12']
[ 2026-05-13 11:17:11 | node_10 | INFO ] 🧩 Model added for round 47 (3/9) from ['node_15']
[ 2026-05-13 11:17:11 | node_10 | INFO ] 🧩 Model added for round 47 (4/9) from ['node_28']
[ 2026-05-13 11:17:11 | node_10 | INFO ] 🧩 Model added for round 47 (5/9) from ['node_26']
[ 2026-05-13 11:17:11 | node_10 | INFO ] 🧩 Model added for round 47 (6/9) from ['node_25']
[ 2026-05-13 11:17:11 | node_10 | INFO ] 🏋️‍♀️ Preparing training...
[ 2026-05-13 11:17:11 | node_42 | INFO ] 🧩 Model added for round 47 (10/11) from ['node_44']
[ 2026-05-13 11:17:12 | node_3 | INFO ] 🎉 Round 47 of 50 finished.
[ 2026-05-13 11:17:12 | node_3 | INFO ] 🗳️ [DETERMINISTIC] Train set assigned (No Voting). Size: 50
[ 2026-05-13 11:17:12 | node_3 | INFO ] ♻️ Proactively processing 9 early models for round 47.
[ 2026-05-13 11:17:12 | node_3 | INFO ] 🧩 Model added for round 47 (1/11) from ['node_33']
[ 2026-05-13 11:17:12 | node_1 | INFO ] 🧠 Aggregation complete. Setting new model.
[ 2026-05-13 11:17:12 | node_3 | INFO ] 🧩 Model added for round 47 (2/11) from ['node_29']
[ 2026-05-13 11:17:12 | node_3 | INFO ] 🧩 Model added for round 47 (3/11) from ['node_7']
[ 2026-05-13 11:17:12 | node_3 | INFO ] 🧩 Model added for round 47 (4/11) from ['node_18']
[ 2026-05-13 11:17:12 | node_10 | INFO ] 🧩 Model added for round 47 (7/9) from ['node_30']
[ 2026-05-13 11:17:12 | node_12 | INFO ] 🧩 Model added for round 47 (10/10) from ['node_13']
[ 2026-05-13 11:17:12 | node_3 | INFO ] 🧩 Model added for round 47 (5/11) from ['node_24']
[ 2026-05-13 11:17:12 | node_10 | INFO ] 🎓 Training step done.
[ 2026-05-13 11:17:12 | node_3 | INFO ] 🧩 Model added for round 47 (6/11) from ['node_19']
[ 2026-05-13 11:17:12 | node_10 | INFO ] 🛠️ Calling force_add_local_model...
[ 2026-05-13 11:17:12 | node_3 | INFO ] 🧩 Model added for round 47 (7/11) from ['node_9']
[ 2026-05-13 11:17:12 | node_10 | INFO ] ✅ [FORCE] Local model added for round 47. (8/9)
[ 2026-05-13 11:17:12 | node_3 | INFO ] 🧩 Model added for round 47 (8/11) from ['node_46']
[ 2026-05-13 11:17:12 | node_3 | INFO ] 🧩 Model added for round 47 (9/11) from ['node_4']
[ 2026-05-13 11:17:13 | node_3 | INFO ] 🏋️‍♀️ Preparing training...
[ 2026-05-13 11:17:13 | node_6 | INFO ] 🧩 Model added for round 47 (10/11) from ['node_32']
[ 2026-05-13 11:17:13 | node_26 | INFO ] 🧩 Model added for round 47 (6/10) from ['node_12']
[ 2026-05-13 11:17:13 | node_3 | INFO ] 🎓 Training step done.
[ 2026-05-13 11:17:13 | node_3 | INFO ] 🛠️ Calling force_add_local_model...
[ 2026-05-13 11:17:13 | node_3 | INFO ] ✅ [FORCE] Local model added for round 47. (10/11)
[ 2026-05-13 11:17:13 | node_1 | INFO ] 🗣️ Gossiping aggregated model.
[ 2026-05-13 11:17:14 | node_22 | INFO ] 🧩 Model added for round 47 (8/10) from ['node_30']
[ 2026-05-13 11:17:14 | node_21 | INFO ] 🧩 Model added for round 47 (6/7) from ['node_13']
[ 2026-05-13 11:17:14 | node_38 | INFO ] 🧩 Model added for round 47 (8/10) from ['node_12']
[ 2026-05-13 11:17:14 | node_26 | INFO ] 🧩 Model added for round 47 (7/10) from ['node_32']
[ 2026-05-13 11:17:15 | node_27 | INFO ] 🧩 Model added for round 47 (5/8) from ['node_13']
[ 2026-05-13 11:17:15 | node_23 | INFO ] 🧩 Model added for round 47 (11/11) from ['node_30']
[ 2026-05-13 11:17:16 | node_39 | INFO ] 🧩 Model added for round 47 (9/10) from ['node_12']
[ 2026-05-13 11:17:16 | node_33 | INFO ] 🧩 Model added for round 47 (4/6) from ['node_32']
[ 2026-05-13 11:17:16 | node_23 | INFO ] 🧠 Aggregation complete. Setting new model.
[ 2026-05-13 11:17:17 | node_28 | INFO ] 🧩 Model added for round 47 (9/12) from ['node_13']
[ 2026-05-13 11:17:17 | node_35 | INFO ] 🧩 Model added for round 47 (6/9) from ['node_32']
[ 2026-05-13 11:17:17 | node_27 | INFO ] 🧩 Model added for round 47 (6/8) from ['node_30']
[ 2026-05-13 11:17:17 | node_10 | INFO ] 📤 Sending model to 8 direct neighbors: ['node_15', 'node_17', 'node_24', 'node_25', 'node_26', 'node_27', 'node_28', 'node_30']
[ 2026-05-13 11:17:18 | node_43 | INFO ] 🧩 Model added for round 47 (7/8) from ['node_12']
[ 2026-05-13 11:17:18 | node_23 | INFO ] 🗣️ Gossiping aggregated model.
[ 2026-05-13 11:17:18 | node_15 | INFO ] 🧩 Model added for round 47 (8/8) from ['node_10']
[ 2026-05-13 11:17:18 | node_3 | INFO ] 📤 Sending model to 10 direct neighbors: ['node_2', 'node_4', 'node_7', 'node_9', 'node_18', 'node_19', 'node_24', 'node_29', 'node_33', 'node_46']
[ 2026-05-13 11:17:18 | node_15 | INFO ] 🧠 Aggregation complete. Setting new model.
[ 2026-05-13 11:17:18 | node_16 | INFO ] ⏹️  Gossiping exited for 50 equal rounds.
[ 2026-05-13 11:17:19 | node_16 | INFO ] 🔬 Evaluating...
[ 2026-05-13 11:17:19 | node_15 | INFO ] 🗣️ Gossiping aggregated model.
[ 2026-05-13 11:17:19 | node_16 | INFO ] 📈 Evaluated. Results: {'test_loss': 0.11521816998720169, 'test_acc': 0.9750000238418579, 'test_precision': 0.973625898361206, 'test_recall': 0.9713003039360046, 'test_f1': 0.9719020128250122, 'communication_cost': 37633960}
[ 2026-05-13 11:17:19 | node_35 | INFO ] 🧩 Model added for round 47 (7/9) from ['node_30']
[ 2026-05-13 11:17:19 | node_38 | INFO ] 🧩 Model added for round 47 (9/10) from ['node_32']
[ 2026-05-13 11:17:19 | node_33 | INFO ] 🧩 Model added for round 47 (5/6) from ['node_13']
[ 2026-05-13 11:17:20 | node_49 | INFO ] 🧩 Model added for round 47 (4/5) from ['node_12']
[ 2026-05-13 11:17:20 | node_16 | INFO ] 📢 Broadcasting metrics.
[ 2026-05-13 11:17:20 | node_4 | INFO ] 🧩 Model added for round 47 (12/12) from ['node_3']
[ 2026-05-13 11:17:21 | node_24 | INFO ] 🧩 Model added for round 47 (6/9) from ['node_10']
[ 2026-05-13 11:17:21 | node_12 | INFO ] 🧠 Aggregation complete. Setting new model.
[ 2026-05-13 11:17:21 | node_4 | INFO ] 🧠 Aggregation complete. Setting new model.
[ 2026-05-13 11:17:21 | node_35 | INFO ] 🧩 Model added for round 47 (8/9) from ['node_13']
[ 2026-05-13 11:17:22 | node_41 | INFO ] 🧩 Model added for round 47 (7/8) from ['node_32']
[ 2026-05-13 11:17:22 | node_36 | INFO ] 🧩 Model added for round 47 (7/9) from ['node_30']
[ 2026-05-13 11:17:22 | node_12 | INFO ] 🗣️ Gossiping aggregated model.
[ 2026-05-13 11:17:22 | node_4 | INFO ] 🗣️ Gossiping aggregated model.
[ 2026-05-13 11:17:22 | node_25 | INFO ] 🧩 Model added for round 47 (10/10) from ['node_10']
[ 2026-05-13 11:17:23 | node_7 | INFO ] 🧩 Model added for round 47 (6/6) from ['node_3']
[ 2026-05-13 11:17:23 | node_41 | INFO ] 🧩 Model added for round 47 (8/8) from ['node_13']
[ 2026-05-13 11:17:24 | node_49 | INFO ] 🧩 Model added for round 47 (5/5) from ['node_32']
[ 2026-05-13 11:17:24 | node_39 | INFO ] 🧩 Model added for round 47 (10/10) from ['node_30']
[ 2026-05-13 11:17:24 | node_9 | INFO ] 🧩 Model added for round 47 (8/8) from ['node_3']
[ 2026-05-13 11:17:24 | node_26 | INFO ] 🧩 Model added for round 47 (8/10) from ['node_10']
[ 2026-05-13 11:17:25 | node_16 | INFO ] 🎉 Round 47 of 50 finished.
[ 2026-05-13 11:17:25 | node_16 | INFO ] 🗳️ [DETERMINISTIC] Train set assigned (No Voting). Size: 50
[ 2026-05-13 11:17:25 | node_16 | INFO ] ♻️ Proactively processing 9 early models for round 47.
[ 2026-05-13 11:17:25 | node_49 | INFO ] 🧠 Aggregation complete. Setting new model.
[ 2026-05-13 11:17:25 | node_7 | INFO ] 🧠 Aggregation complete. Setting new model.
[ 2026-05-13 11:17:25 | node_41 | INFO ] 🧠 Aggregation complete. Setting new model.
[ 2026-05-13 11:17:25 | node_32 | INFO ] 🧠 Aggregation complete. Setting new model.
[ 2026-05-13 11:17:25 | node_25 | INFO ] 🧠 Aggregation complete. Setting new model.
[ 2026-05-13 11:17:25 | node_9 | INFO ] 🧠 Aggregation complete. Setting new model.
[ 2026-05-13 11:17:25 | node_39 | INFO ] 🧠 Aggregation complete. Setting new model.
[ 2026-05-13 11:17:25 | node_16 | INFO ] 🧩 Model added for round 47 (1/11) from ['node_40']
[ 2026-05-13 11:17:25 | node_16 | INFO ] 🧩 Model added for round 47 (2/11) from ['node_27']
[ 2026-05-13 11:17:25 | node_16 | INFO ] 🧩 Model added for round 47 (3/11) from ['node_38']
[ 2026-05-13 11:17:25 | node_16 | INFO ] 🧩 Model added for round 47 (4/11) from ['node_34']
[ 2026-05-13 11:17:25 | node_49 | INFO ] 🗣️ Gossiping aggregated model.
[ 2026-05-13 11:17:25 | node_16 | INFO ] 🧩 Model added for round 47 (5/11) from ['node_28']
[ 2026-05-13 11:17:25 | node_16 | INFO ] 🧩 Model added for round 47 (6/11) from ['node_26']
[ 2026-05-13 11:17:25 | node_16 | INFO ] 🧩 Model added for round 47 (7/11) from ['node_36']
[ 2026-05-13 11:17:25 | node_7 | INFO ] 🗣️ Gossiping aggregated model.
[ 2026-05-13 11:17:25 | node_16 | INFO ] 🧩 Model added for round 47 (8/11) from ['node_30']
[ 2026-05-13 11:17:26 | node_16 | INFO ] 🧩 Model added for round 47 (9/11) from ['node_13']
[ 2026-05-13 11:17:26 | node_16 | INFO ] 🏋️‍♀️ Preparing training...
[ 2026-05-13 11:17:26 | node_44 | INFO ] 🧩 Model added for round 47 (9/9) from ['node_30']
[ 2026-05-13 11:17:26 | node_41 | INFO ] 🗣️ Gossiping aggregated model.
[ 2026-05-13 11:17:26 | node_32 | INFO ] 🗣️ Gossiping aggregated model.
[ 2026-05-13 11:17:26 | node_25 | INFO ] 🗣️ Gossiping aggregated model.
[ 2026-05-13 11:17:26 | node_9 | INFO ] 🗣️ Gossiping aggregated model.
[ 2026-05-13 11:17:26 | node_27 | INFO ] 🧩 Model added for round 47 (7/8) from ['node_10']
[ 2026-05-13 11:17:27 | node_16 | INFO ] 🎓 Training step done.
[ 2026-05-13 11:17:27 | node_16 | INFO ] 🛠️ Calling force_add_local_model...
[ 2026-05-13 11:17:27 | node_39 | INFO ] 🗣️ Gossiping aggregated model.
[ 2026-05-13 11:17:27 | node_16 | INFO ] ✅ [FORCE] Local model added for round 47. (10/11)
[ 2026-05-13 11:17:27 | node_18 | INFO ] 🧩 Model added for round 47 (5/5) from ['node_3']
[ 2026-05-13 11:17:27 | node_18 | INFO ] 🧠 Aggregation complete. Setting new model.
[ 2026-05-13 11:17:27 | node_44 | INFO ] 🧠 Aggregation complete. Setting new model.
[ 2026-05-13 11:17:28 | node_18 | INFO ] 🗣️ Gossiping aggregated model.
[ 2026-05-13 11:17:28 | node_44 | INFO ] 🗣️ Gossiping aggregated model.
[ 2026-05-13 11:17:28 | node_19 | INFO ] 🧩 Model added for round 47 (11/11) from ['node_3']
[ 2026-05-13 11:17:29 | node_28 | INFO ] 🧩 Model added for round 47 (10/12) from ['node_10']
[ 2026-05-13 11:17:30 | node_30 | INFO ] 🧩 Model added for round 47 (10/11) from ['node_10']
[ 2026-05-13 11:17:31 | node_2 | INFO ] ⏹️  Gossiping exited for 50 equal rounds.
[ 2026-05-13 11:17:31 | node_24 | INFO ] 🧩 Model added for round 47 (7/9) from ['node_3']
[ 2026-05-13 11:17:31 | node_2 | INFO ] 🔬 Evaluating...
[ 2026-05-13 11:17:32 | node_16 | INFO ] 📤 Sending model to 10 direct neighbors: ['node_2', 'node_13', 'node_26', 'node_27', 'node_28', 'node_30', 'node_34', 'node_36', 'node_38', 'node_40']
[ 2026-05-13 11:17:32 | node_2 | INFO ] 📈 Evaluated. Results: {'test_loss': 0.13084368407726288, 'test_acc': 0.9850000143051147, 'test_precision': 0.980998158454895, 'test_recall': 0.9839743971824646, 'test_f1': 0.9823096990585327, 'communication_cost': 52687544}
[ 2026-05-13 11:17:33 | node_2 | INFO ] 📢 Broadcasting metrics.
[ 2026-05-13 11:17:34 | node_29 | INFO ] 🧩 Model added for round 47 (5/6) from ['node_3']
[ 2026-05-13 11:17:34 | node_19 | INFO ] 🧠 Aggregation complete. Setting new model.
[ 2026-05-13 11:17:36 | node_13 | INFO ] 🧩 Model added for round 47 (10/10) from ['node_16']
[ 2026-05-13 11:17:36 | node_19 | INFO ] 🗣️ Gossiping aggregated model.
[ 2026-05-13 11:17:37 | node_33 | INFO ] 🧩 Model added for round 47 (6/6) from ['node_3']
[ 2026-05-13 11:17:39 | node_26 | INFO ] 🧩 Model added for round 47 (9/10) from ['node_16']
[ 2026-05-13 11:17:39 | node_46 | INFO ] 🧩 Model added for round 47 (9/9) from ['node_3']
[ 2026-05-13 11:17:40 | node_17 | INFO ] ⏹️  Gossiping exited for 50 equal rounds.
[ 2026-05-13 11:17:40 | node_17 | INFO ] 🔬 Evaluating...
[ 2026-05-13 11:17:41 | node_27 | INFO ] 🧩 Model added for round 47 (8/8) from ['node_16']
[ 2026-05-13 11:17:41 | node_33 | INFO ] 🧠 Aggregation complete. Setting new model.
[ 2026-05-13 11:17:41 | node_13 | INFO ] 🧠 Aggregation complete. Setting new model.
[ 2026-05-13 11:17:41 | node_46 | INFO ] 🧠 Aggregation complete. Setting new model.
[ 2026-05-13 11:17:41 | node_17 | INFO ] 📈 Evaluated. Results: {'test_loss': 0.145722895860672, 'test_acc': 0.9850000143051147, 'test_precision': 0.9833223223686218, 'test_recall': 0.9829630255699158, 'test_f1': 0.9826196432113647, 'communication_cost': 45160752}
[ 2026-05-13 11:17:41 | node_17 | INFO ] 📢 Broadcasting metrics.
[ 2026-05-13 11:17:42 | node_33 | INFO ] 🗣️ Gossiping aggregated model.
[ 2026-05-13 11:17:42 | node_46 | INFO ] 🗣️ Gossiping aggregated model.
[ 2026-05-13 11:17:42 | node_13 | INFO ] 🗣️ Gossiping aggregated model.
[ 2026-05-13 11:17:42 | node_2 | INFO ] 🎉 Round 47 of 50 finished.
[ 2026-05-13 11:17:42 | node_2 | INFO ] 🗳️ [DETERMINISTIC] Train set assigned (No Voting). Size: 50
[ 2026-05-13 11:17:43 | node_2 | INFO ] ♻️ Proactively processing 13 early models for round 47.
[ 2026-05-13 11:17:43 | node_2 | INFO ] 🧩 Model added for round 47 (1/15) from ['node_29']
[ 2026-05-13 11:17:43 | node_2 | INFO ] 🧩 Model added for round 47 (2/15) from ['node_24']
[ 2026-05-13 11:17:43 | node_2 | INFO ] 🧩 Model added for round 47 (3/15) from ['node_6']
[ 2026-05-13 11:17:43 | node_2 | INFO ] 🧩 Model added for round 47 (4/15) from ['node_8']
[ 2026-05-13 11:17:43 | node_2 | INFO ] 🧩 Model added for round 47 (5/15) from ['node_31']
[ 2026-05-13 11:17:43 | node_2 | INFO ] 🧩 Model added for round 47 (6/15) from ['node_20']
[ 2026-05-13 11:17:43 | node_2 | INFO ] 🧩 Model added for round 47 (7/15) from ['node_22']
[ 2026-05-13 11:17:43 | node_28 | INFO ] 🧩 Model added for round 47 (11/12) from ['node_16']
[ 2026-05-13 11:17:43 | node_2 | INFO ] 🧩 Model added for round 47 (8/15) from ['node_28']
[ 2026-05-13 11:17:43 | node_2 | INFO ] 🧩 Model added for round 47 (9/15) from ['node_42']
[ 2026-05-13 11:17:43 | node_27 | INFO ] 🧠 Aggregation complete. Setting new model.
[ 2026-05-13 11:17:43 | node_2 | INFO ] 🧩 Model added for round 47 (10/15) from ['node_26']
[ 2026-05-13 11:17:43 | node_2 | INFO ] 🧩 Model added for round 47 (11/15) from ['node_14']
[ 2026-05-13 11:17:43 | node_2 | INFO ] 🧩 Model added for round 47 (12/15) from ['node_3']
[ 2026-05-13 11:17:43 | node_2 | INFO ] 🧩 Model added for round 47 (13/15) from ['node_16']
[ 2026-05-13 11:17:43 | node_2 | INFO ] 🏋️‍♀️ Preparing training...
[ 2026-05-13 11:17:44 | node_2 | INFO ] 🎓 Training step done.
[ 2026-05-13 11:17:44 | node_2 | INFO ] 🛠️ Calling force_add_local_model...
[ 2026-05-13 11:17:44 | node_27 | INFO ] 🗣️ Gossiping aggregated model.
[ 2026-05-13 11:17:44 | node_30 | INFO ] 🧩 Model added for round 47 (11/11) from ['node_16']
[ 2026-05-13 11:17:45 | node_2 | INFO ] ✅ [FORCE] Local model added for round 47. (14/15)
[ 2026-05-13 11:17:46 | node_30 | INFO ] 🧠 Aggregation complete. Setting new model.
[ 2026-05-13 11:17:47 | node_30 | INFO ] 🗣️ Gossiping aggregated model.
[ 2026-05-13 11:17:47 | node_34 | INFO ] 🧩 Model added for round 47 (9/10) from ['node_16']
[ 2026-05-13 11:17:48 | node_17 | INFO ] 🎉 Round 47 of 50 finished.
[ 2026-05-13 11:17:48 | node_17 | INFO ] 🗳️ [DETERMINISTIC] Train set assigned (No Voting). Size: 50
[ 2026-05-13 11:17:48 | node_17 | INFO ] ♻️ Proactively processing 11 early models for round 47.
[ 2026-05-13 11:17:48 | node_17 | INFO ] 🧩 Model added for round 47 (1/13) from ['node_21']
[ 2026-05-13 11:17:48 | node_17 | INFO ] 🧩 Model added for round 47 (2/13) from ['node_43']
[ 2026-05-13 11:17:48 | node_17 | INFO ] 🧩 Model added for round 47 (3/13) from ['node_24']
[ 2026-05-13 11:17:49 | node_17 | INFO ] 🧩 Model added for round 47 (4/13) from ['node_35']
[ 2026-05-13 11:17:49 | node_17 | INFO ] 🧩 Model added for round 47 (5/13) from ['node_31']
[ 2026-05-13 11:17:49 | node_17 | INFO ] 🧩 Model added for round 47 (6/13) from ['node_34']
[ 2026-05-13 11:17:49 | node_17 | INFO ] 🧩 Model added for round 47 (7/13) from ['node_22']
[ 2026-05-13 11:17:49 | node_17 | INFO ] 🧩 Model added for round 47 (8/13) from ['node_11']
[ 2026-05-13 11:17:49 | node_17 | INFO ] 🧩 Model added for round 47 (9/13) from ['node_36']
[ 2026-05-13 11:17:49 | node_17 | INFO ] 🧩 Model added for round 47 (10/13) from ['node_5']
[ 2026-05-13 11:17:49 | node_17 | INFO ] 🧩 Model added for round 47 (11/13) from ['node_10']
[ 2026-05-13 11:17:49 | node_17 | INFO ] 🏋️‍♀️ Preparing training...
[ 2026-05-13 11:17:49 | node_36 | INFO ] 🧩 Model added for round 47 (8/9) from ['node_16']
[ 2026-05-13 11:17:49 | node_17 | INFO ] 🎓 Training step done.
[ 2026-05-13 11:17:49 | node_17 | INFO ] 🛠️ Calling force_add_local_model...
[ 2026-05-13 11:17:49 | node_17 | INFO ] ✅ [FORCE] Local model added for round 47. (12/13)
[ 2026-05-13 11:17:50 | node_2 | INFO ] 📤 Sending model to 14 direct neighbors: ['node_3', 'node_6', 'node_8', 'node_14', 'node_16', 'node_17', 'node_20', 'node_22', 'node_24', 'node_26', 'node_28', 'node_29', 'node_31', 'node_42']
[ 2026-05-13 11:17:50 | node_3 | INFO ] 🧩 Model added for round 47 (11/11) from ['node_2']
[ 2026-05-13 11:17:51 | node_38 | INFO ] 🧩 Model added for round 47 (10/10) from ['node_16']
[ 2026-05-13 11:17:51 | node_3 | INFO ] 🧠 Aggregation complete. Setting new model.
[ 2026-05-13 11:17:52 | node_38 | INFO ] 🧠 Aggregation complete. Setting new model.
[ 2026-05-13 11:17:52 | node_6 | INFO ] 🧩 Model added for round 47 (11/11) from ['node_2']
[ 2026-05-13 11:17:53 | node_38 | INFO ] 🗣️ Gossiping aggregated model.
[ 2026-05-13 11:17:53 | node_3 | INFO ] 🗣️ Gossiping aggregated model.
[ 2026-05-13 11:17:53 | node_40 | INFO ] 🧩 Model added for round 47 (4/4) from ['node_16']
[ 2026-05-13 11:17:55 | node_17 | INFO ] 📤 Sending model to 12 direct neighbors: ['node_2', 'node_5', 'node_10', 'node_11', 'node_21', 'node_22', 'node_24', 'node_31', 'node_34', 'node_35', 'node_36', 'node_43']
[ 2026-05-13 11:17:55 | node_8 | INFO ] 🧩 Model added for round 47 (5/5) from ['node_2']
[ 2026-05-13 11:17:55 | node_2 | INFO ] 🧩 Model added for round 47 (15/15) from ['node_17']
[ 2026-05-13 11:17:55 | node_40 | INFO ] 🧠 Aggregation complete. Setting new model.
[ 2026-05-13 11:17:55 | node_8 | INFO ] 🧠 Aggregation complete. Setting new model.
[ 2026-05-13 11:17:55 | node_6 | INFO ] 🧠 Aggregation complete. Setting new model.
[ 2026-05-13 11:17:56 | node_40 | INFO ] 🗣️ Gossiping aggregated model.
[ 2026-05-13 11:17:56 | node_8 | INFO ] 🗣️ Gossiping aggregated model.
[ 2026-05-13 11:17:56 | node_6 | INFO ] 🗣️ Gossiping aggregated model.
[ 2026-05-13 11:17:57 | node_14 | INFO ] 🧩 Model added for round 47 (12/12) from ['node_2']
[ 2026-05-13 11:17:57 | node_9 | INFO ] 🤫 Gossip finished.
[ 2026-05-13 11:17:57 | node_9 | INFO ] 🔬 Evaluating...
[ 2026-05-13 11:17:58 | node_9 | INFO ] 📈 Evaluated. Results: {'test_loss': 0.21433283388614655, 'test_acc': 0.9599999785423279, 'test_precision': 0.9572963714599609, 'test_recall': 0.9604721665382385, 'test_f1': 0.9570221900939941, 'communication_cost': 26343772}
[ 2026-05-13 11:17:58 | node_5 | INFO ] 🧩 Model added for round 47 (11/11) from ['node_17']
[ 2026-05-13 11:17:58 | node_9 | INFO ] 📢 Broadcasting metrics.
[ 2026-05-13 11:18:00 | node_16 | INFO ] 🧩 Model added for round 47 (11/11) from ['node_2']
[ 2026-05-13 11:18:01 | node_10 | INFO ] 🧩 Model added for round 47 (9/9) from ['node_17']
[ 2026-05-13 11:18:02 | node_9 | INFO ] 🎉 Round 48 of 50 finished.
[ 2026-05-13 11:18:02 | node_9 | INFO ] 🗳️ [DETERMINISTIC] Train set assigned (No Voting). Size: 50
[ 2026-05-13 11:18:02 | node_17 | INFO ] 🧩 Model added for round 47 (13/13) from ['node_2']
[ 2026-05-13 11:18:02 | node_9 | INFO ] 🏋️‍♀️ Preparing training...
[ 2026-05-13 11:18:03 | node_11 | INFO ] 🧩 Model added for round 47 (9/9) from ['node_17']
[ 2026-05-13 11:18:03 | node_9 | INFO ] 🎓 Training step done.
[ 2026-05-13 11:18:03 | node_9 | INFO ] 🛠️ Calling force_add_local_model...
[ 2026-05-13 11:18:03 | node_9 | INFO ] ✅ [FORCE] Local model added for round 48. (1/8)
[ 2026-05-13 11:18:04 | node_14 | INFO ] 🧠 Aggregation complete. Setting new model.
[ 2026-05-13 11:18:04 | node_16 | INFO ] 🧠 Aggregation complete. Setting new model.
[ 2026-05-13 11:18:04 | node_10 | INFO ] 🧠 Aggregation complete. Setting new model.
[ 2026-05-13 11:18:04 | node_5 | INFO ] 🧠 Aggregation complete. Setting new model.
[ 2026-05-13 11:18:04 | node_11 | INFO ] 🧠 Aggregation complete. Setting new model.
[ 2026-05-13 11:18:05 | node_20 | INFO ] 🧩 Model added for round 47 (8/8) from ['node_2']
[ 2026-05-13 11:18:05 | node_7 | INFO ] 🤫 Gossip finished.
[ 2026-05-13 11:18:05 | node_7 | INFO ] 🔬 Evaluating...
[ 2026-05-13 11:18:05 | node_10 | INFO ] 🗣️ Gossiping aggregated model.
[ 2026-05-13 11:18:05 | node_21 | INFO ] 🧩 Model added for round 47 (7/7) from ['node_17']
[ 2026-05-13 11:18:06 | node_5 | INFO ] 🗣️ Gossiping aggregated model.
[ 2026-05-13 11:18:06 | node_16 | INFO ] 🗣️ Gossiping aggregated model.
[ 2026-05-13 11:18:06 | node_7 | INFO ] 📈 Evaluated. Results: {'test_loss': 0.03766395524144173, 'test_acc': 0.9950000047683716, 'test_precision': 0.9967743158340454, 'test_recall': 0.9937500953674316, 'test_f1': 0.9951349496841431, 'communication_cost': 18816980}
[ 2026-05-13 11:18:06 | node_14 | INFO ] 🗣️ Gossiping aggregated model.
[ 2026-05-13 11:18:06 | node_20 | INFO ] 🧠 Aggregation complete. Setting new model.
[ 2026-05-13 11:18:06 | node_21 | INFO ] 🧠 Aggregation complete. Setting new model.
[ 2026-05-13 11:18:06 | node_7 | INFO ] 📢 Broadcasting metrics.
[ 2026-05-13 11:18:06 | node_11 | INFO ] 🗣️ Gossiping aggregated model.
[ 2026-05-13 11:18:08 | node_22 | INFO ] 🧩 Model added for round 47 (9/10) from ['node_2']
[ 2026-05-13 11:18:08 | node_21 | INFO ] 🗣️ Gossiping aggregated model.
[ 2026-05-13 11:18:08 | node_22 | INFO ] 🧩 Model added for round 47 (10/10) from ['node_17']
[ 2026-05-13 11:18:08 | node_9 | INFO ] 📤 Sending model to 7 direct neighbors: ['node_3', 'node_6', 'node_13', 'node_19', 'node_23', 'node_41', 'node_46']
[ 2026-05-13 11:18:08 | node_20 | INFO ] 🗣️ Gossiping aggregated model.
[ 2026-05-13 11:18:08 | node_49 | INFO ] 🤫 Gossip finished.
[ 2026-05-13 11:18:09 | node_49 | INFO ] 🔬 Evaluating...
[ 2026-05-13 11:18:09 | node_49 | INFO ] 📈 Evaluated. Results: {'test_loss': 0.11397344619035721, 'test_acc': 0.9700000286102295, 'test_precision': 0.9663273096084595, 'test_recall': 0.9701135754585266, 'test_f1': 0.9669507741928101, 'communication_cost': 15053584}
[ 2026-05-13 11:18:09 | node_49 | INFO ] 📢 Broadcasting metrics.
[ 2026-05-13 11:18:09 | node_22 | INFO ] 🧠 Aggregation complete. Setting new model.
[ 2026-05-13 11:18:10 | node_24 | INFO ] 🧩 Model added for round 47 (8/9) from ['node_2']
[ 2026-05-13 11:18:11 | node_24 | INFO ] 🧩 Model added for round 47 (9/9) from ['node_17']
[ 2026-05-13 11:18:11 | node_7 | INFO ] 🎉 Round 48 of 50 finished.
[ 2026-05-13 11:18:11 | node_7 | INFO ] 🗳️ [DETERMINISTIC] Train set assigned (No Voting). Size: 50
[ 2026-05-13 11:18:11 | node_7 | INFO ] 🏋️‍♀️ Preparing training...
[ 2026-05-13 11:18:11 | node_22 | INFO ] 🗣️ Gossiping aggregated model.
[ 2026-05-13 11:18:12 | node_7 | INFO ] 🎓 Training step done.
[ 2026-05-13 11:18:12 | node_7 | INFO ] 🛠️ Calling force_add_local_model...
[ 2026-05-13 11:18:12 | node_26 | INFO ] 🧩 Model added for round 47 (10/10) from ['node_2']
[ 2026-05-13 11:18:12 | node_7 | INFO ] ✅ [FORCE] Local model added for round 48. (1/6)
[ 2026-05-13 11:18:12 | node_49 | INFO ] 🎉 Round 48 of 50 finished.
[ 2026-05-13 11:18:13 | node_24 | INFO ] 🧠 Aggregation complete. Setting new model.
[ 2026-05-13 11:18:13 | node_49 | INFO ] 🗳️ [DETERMINISTIC] Train set assigned (No Voting). Size: 50
[ 2026-05-13 11:18:13 | node_31 | INFO ] 🧩 Model added for round 47 (9/10) from ['node_17']
[ 2026-05-13 11:18:13 | node_49 | INFO ] 🏋️‍♀️ Preparing training...
[ 2026-05-13 11:18:14 | node_26 | INFO ] 🧠 Aggregation complete. Setting new model.
[ 2026-05-13 11:18:14 | node_49 | INFO ] 🎓 Training step done.
[ 2026-05-13 11:18:14 | node_49 | INFO ] 🛠️ Calling force_add_local_model...
[ 2026-05-13 11:18:14 | node_49 | INFO ] ✅ [FORCE] Local model added for round 48. (1/5)
[ 2026-05-13 11:18:14 | node_24 | INFO ] 🗣️ Gossiping aggregated model.
[ 2026-05-13 11:18:14 | node_28 | INFO ] 🧩 Model added for round 47 (12/12) from ['node_2']
[ 2026-05-13 11:18:15 | node_34 | INFO ] 🧩 Model added for round 47 (10/10) from ['node_17']
[ 2026-05-13 11:18:15 | node_26 | INFO ] 🗣️ Gossiping aggregated model.
[ 2026-05-13 11:18:15 | node_34 | INFO ] 🧠 Aggregation complete. Setting new model.
[ 2026-05-13 11:18:15 | node_28 | INFO ] 🧠 Aggregation complete. Setting new model.
[ 2026-05-13 11:18:17 | node_34 | INFO ] 🗣️ Gossiping aggregated model.
[ 2026-05-13 11:18:17 | node_29 | INFO ] 🧩 Model added for round 47 (6/6) from ['node_2']
[ 2026-05-13 11:18:17 | node_35 | INFO ] 🧩 Model added for round 47 (9/9) from ['node_17']
[ 2026-05-13 11:18:17 | node_28 | INFO ] 🗣️ Gossiping aggregated model.
[ 2026-05-13 11:18:17 | node_7 | INFO ] 📤 Sending model to 5 direct neighbors: ['node_3', 'node_14', 'node_23', 'node_37', 'node_47']
[ 2026-05-13 11:18:19 | node_31 | INFO ] 🧩 Model added for round 47 (10/10) from ['node_2']
[ 2026-05-13 11:18:19 | node_36 | INFO ] 🧩 Model added for round 47 (9/9) from ['node_17']
[ 2026-05-13 11:18:19 | node_29 | INFO ] 🧠 Aggregation complete. Setting new model.
[ 2026-05-13 11:18:19 | node_49 | INFO ] 📤 Sending model to 4 direct neighbors: ['node_11', 'node_12', 'node_32', 'node_46']
[ 2026-05-13 11:18:20 | node_29 | INFO ] 🗣️ Gossiping aggregated model.
[ 2026-05-13 11:18:20 | node_35 | INFO ] 🧠 Aggregation complete. Setting new model.
[ 2026-05-13 11:18:20 | node_31 | INFO ] 🧠 Aggregation complete. Setting new model.
[ 2026-05-13 11:18:21 | node_36 | INFO ] 🧠 Aggregation complete. Setting new model.
[ 2026-05-13 11:18:21 | node_13 | INFO ] 🤫 Gossip finished.
[ 2026-05-13 11:18:21 | node_13 | INFO ] 🔬 Evaluating...
[ 2026-05-13 11:18:22 | node_42 | INFO ] 🧩 Model added for round 47 (11/11) from ['node_2']
[ 2026-05-13 11:18:22 | node_13 | INFO ] 📈 Evaluated. Results: {'test_loss': 0.11684568226337433, 'test_acc': 0.9700000286102295, 'test_precision': 0.9728468060493469, 'test_recall': 0.9668854475021362, 'test_f1': 0.9686772227287292, 'communication_cost': 33870564}
[ 2026-05-13 11:18:22 | node_31 | INFO ] 🗣️ Gossiping aggregated model.
[ 2026-05-13 11:18:22 | node_40 | INFO ] 🤫 Gossip finished.
[ 2026-05-13 11:18:22 | node_43 | INFO ] 🧩 Model added for round 47 (8/8) from ['node_17']
[ 2026-05-13 11:18:22 | node_39 | INFO ] 🤫 Gossip finished.
[ 2026-05-13 11:18:22 | node_35 | INFO ] 🗣️ Gossiping aggregated model.
[ 2026-05-13 11:18:22 | node_40 | INFO ] 🔬 Evaluating...
[ 2026-05-13 11:18:22 | node_39 | INFO ] 🔬 Evaluating...
[ 2026-05-13 11:18:23 | node_13 | INFO ] 📢 Broadcasting metrics.
[ 2026-05-13 11:18:23 | node_36 | INFO ] 🗣️ Gossiping aggregated model.
[ 2026-05-13 11:18:23 | node_40 | INFO ] 📈 Evaluated. Results: {'test_loss': 0.5023587942123413, 'test_acc': 0.949999988079071, 'test_precision': 0.9485157132148743, 'test_recall': 0.9479615688323975, 'test_f1': 0.9457021355628967, 'communication_cost': 11290188}
[ 2026-05-13 11:18:23 | node_39 | INFO ] 📈 Evaluated. Results: {'test_loss': 0.17186905443668365, 'test_acc': 0.949999988079071, 'test_precision': 0.9488155245780945, 'test_recall': 0.9570029973983765, 'test_f1': 0.951606273651123, 'communication_cost': 33870564}
[ 2026-05-13 11:18:23 | node_40 | INFO ] 📢 Broadcasting metrics.
[ 2026-05-13 11:18:24 | node_39 | INFO ] 📢 Broadcasting metrics.
[ 2026-05-13 11:18:24 | node_37 | INFO ] 🤫 Gossip finished.
[ 2026-05-13 11:18:24 | node_37 | INFO ] 🔬 Evaluating...
[ 2026-05-13 11:18:24 | node_37 | INFO ] 📈 Evaluated. Results: {'test_loss': 0.21129131317138672, 'test_acc': 0.9599999785423279, 'test_precision': 0.956114649772644, 'test_recall': 0.9617582559585571, 'test_f1': 0.957554042339325, 'communication_cost': 18816980}
[ 2026-05-13 11:18:25 | node_37 | INFO ] 📢 Broadcasting metrics.
[ 2026-05-13 11:18:25 | node_40 | INFO ] 🎉 Round 48 of 50 finished.
[ 2026-05-13 11:18:25 | node_40 | INFO ] 🗳️ [DETERMINISTIC] Train set assigned (No Voting). Size: 50
[ 2026-05-13 11:18:25 | node_40 | INFO ] 🏋️‍♀️ Preparing training...
[ 2026-05-13 11:18:26 | node_43 | INFO ] 🧠 Aggregation complete. Setting new model.
[ 2026-05-13 11:18:26 | node_42 | INFO ] 🧠 Aggregation complete. Setting new model.
[ 2026-05-13 11:18:26 | node_2 | INFO ] 🧠 Aggregation complete. Setting new model.
[ 2026-05-13 11:18:26 | node_17 | INFO ] 🧠 Aggregation complete. Setting new model.
[ 2026-05-13 11:18:26 | node_40 | INFO ] 🎓 Training step done.
[ 2026-05-13 11:18:26 | node_40 | INFO ] 🛠️ Calling force_add_local_model...
[ 2026-05-13 11:18:26 | node_40 | INFO ] ✅ [FORCE] Local model added for round 48. (1/4)
[ 2026-05-13 11:18:26 | node_1 | INFO ] 🤫 Gossip finished.
[ 2026-05-13 11:18:26 | node_1 | INFO ] 🔬 Evaluating...
[ 2026-05-13 11:18:27 | node_1 | INFO ] 📈 Evaluated. Results: {'test_loss': 0.1839134246110916, 'test_acc': 0.9750000238418579, 'test_precision': 0.9756638407707214, 'test_recall': 0.974686861038208, 'test_f1': 0.974435567855835, 'communication_cost': 30107168}
[ 2026-05-13 11:18:27 | node_1 | INFO ] 📢 Broadcasting metrics.
[ 2026-05-13 11:18:28 | node_43 | INFO ] 🗣️ Gossiping aggregated model.
[ 2026-05-13 11:18:28 | node_41 | INFO ] 🤫 Gossip finished.
[ 2026-05-13 11:18:28 | node_12 | INFO ] 🤫 Gossip finished.
[ 2026-05-13 11:18:28 | node_33 | INFO ] 🤫 Gossip finished.
[ 2026-05-13 11:18:28 | node_3 | INFO ] 🤫 Gossip finished.
[ 2026-05-13 11:18:28 | node_41 | INFO ] 🔬 Evaluating...
[ 2026-05-13 11:18:28 | node_12 | INFO ] 🔬 Evaluating...
[ 2026-05-13 11:18:28 | node_33 | INFO ] 🔬 Evaluating...
[ 2026-05-13 11:18:28 | node_15 | INFO ] 🤫 Gossip finished.
[ 2026-05-13 11:18:28 | node_3 | INFO ] 🔬 Evaluating...
[ 2026-05-13 11:18:28 | node_42 | INFO ] 🗣️ Gossiping aggregated model.
[ 2026-05-13 11:18:28 | node_15 | INFO ] 🔬 Evaluating...
[ 2026-05-13 11:18:28 | node_18 | INFO ] 🤫 Gossip finished.
[ 2026-05-13 11:18:28 | node_41 | INFO ] 📈 Evaluated. Results: {'test_loss': 0.23833416402339935, 'test_acc': 0.9549999833106995, 'test_precision': 0.9535161852836609, 'test_recall': 0.9602504968643188, 'test_f1': 0.9545664191246033, 'communication_cost': 26343772}
[ 2026-05-13 11:18:28 | node_12 | INFO ] 📈 Evaluated. Results: {'test_loss': 0.20026376843452454, 'test_acc': 0.9549999833106995, 'test_precision': 0.958924412727356, 'test_recall': 0.9523782134056091, 'test_f1': 0.9538977146148682, 'communication_cost': 33870564}
[ 2026-05-13 11:18:28 | node_33 | INFO ] 📈 Evaluated. Results: {'test_loss': 0.09163017570972443, 'test_acc': 0.9700000286102295, 'test_precision': 0.9731207489967346, 'test_recall': 0.9691245555877686, 'test_f1': 0.9706051349639893, 'communication_cost': 18816980}
[ 2026-05-13 11:18:28 | node_3 | INFO ] 📈 Evaluated. Results: {'test_loss': 0.1602088212966919, 'test_acc': 0.9549999833106995, 'test_precision': 0.9581788778305054, 'test_recall': 0.9550186395645142, 'test_f1': 0.955634355545044, 'communication_cost': 37633960}
[ 2026-05-13 11:18:28 | node_18 | INFO ] 🔬 Evaluating...
[ 2026-05-13 11:18:29 | node_12 | INFO ] 📢 Broadcasting metrics.
[ 2026-05-13 11:18:29 | node_13 | INFO ] 🎉 Round 48 of 50 finished.
[ 2026-05-13 11:18:29 | node_29 | INFO ] 🤫 Gossip finished.
[ 2026-05-13 11:18:29 | node_21 | INFO ] 🤫 Gossip finished.
[ 2026-05-13 11:18:29 | node_25 | INFO ] 🤫 Gossip finished.
[ 2026-05-13 11:18:29 | node_41 | INFO ] 📢 Broadcasting metrics.
[ 2026-05-13 11:18:29 | node_17 | INFO ] 🗣️ Gossiping aggregated model.
[ 2026-05-13 11:18:29 | node_15 | INFO ] 📈 Evaluated. Results: {'test_loss': 0.1636011302471161, 'test_acc': 0.9649999737739563, 'test_precision': 0.9613550305366516, 'test_recall': 0.9636221528053284, 'test_f1': 0.9616745114326477, 'communication_cost': 26343772}
[ 2026-05-13 11:18:29 | node_37 | INFO ] 🎉 Round 48 of 50 finished.
[ 2026-05-13 11:18:29 | node_33 | INFO ] 📢 Broadcasting metrics.
[ 2026-05-13 11:18:29 | node_17 | INFO ] 🤫 Gossip finished.
[ 2026-05-13 11:18:29 | node_25 | INFO ] 🔬 Evaluating...
[ 2026-05-13 11:18:29 | node_3 | INFO ] 📢 Broadcasting metrics.
[ 2026-05-13 11:18:29 | node_21 | INFO ] 🔬 Evaluating...
[ 2026-05-13 11:18:29 | node_13 | INFO ] 🗳️ [DETERMINISTIC] Train set assigned (No Voting). Size: 50
[ 2026-05-13 11:18:29 | node_29 | INFO ] 🔬 Evaluating...
[ 2026-05-13 11:18:29 | node_15 | INFO ] 📢 Broadcasting metrics.
[ 2026-05-13 11:18:29 | node_37 | INFO ] 🗳️ [DETERMINISTIC] Train set assigned (No Voting). Size: 50
[ 2026-05-13 11:18:29 | node_2 | INFO ] 🗣️ Gossiping aggregated model.
[ 2026-05-13 11:18:29 | node_18 | INFO ] 📈 Evaluated. Results: {'test_loss': 0.33226126432418823, 'test_acc': 0.9399999976158142, 'test_precision': 0.9403484463691711, 'test_recall': 0.9388591051101685, 'test_f1': 0.9364225268363953, 'communication_cost': 15053584}
[ 2026-05-13 11:18:29 | node_17 | INFO ] 🔬 Evaluating...
[ 2026-05-13 11:18:29 | node_18 | INFO ] 📢 Broadcasting metrics.
[ 2026-05-13 11:18:29 | node_13 | INFO ] ♻️ Proactively processing 1 early models for round 48.
[ 2026-05-13 11:18:29 | node_25 | INFO ] 📈 Evaluated. Results: {'test_loss': 0.09609737992286682, 'test_acc': 0.9700000286102295, 'test_precision': 0.9692410230636597, 'test_recall': 0.9691660404205322, 'test_f1': 0.9686263203620911, 'communication_cost': 33870564}
[ 2026-05-13 11:18:29 | node_13 | INFO ] 🧩 Model added for round 48 (1/10) from ['node_9']
[ 2026-05-13 11:18:29 | node_37 | INFO ] ♻️ Proactively processing 1 early models for round 48.
[ 2026-05-13 11:18:29 | node_29 | INFO ] 📈 Evaluated. Results: {'test_loss': 0.16762599349021912, 'test_acc': 0.9700000286102295, 'test_precision': 0.9713303446769714, 'test_recall': 0.9690951704978943, 'test_f1': 0.9696488976478577, 'communication_cost': 18816980}
[ 2026-05-13 11:18:29 | node_21 | INFO ] 📈 Evaluated. Results: {'test_loss': 0.29424676299095154, 'test_acc': 0.9599999785423279, 'test_precision': 0.966505765914917, 'test_recall': 0.9550498127937317, 'test_f1': 0.9593134522438049, 'communication_cost': 22580376}
[ 2026-05-13 11:18:29 | node_25 | INFO ] 📢 Broadcasting metrics.
[ 2026-05-13 11:18:29 | node_37 | INFO ] 🧩 Model added for round 48 (1/6) from ['node_7']
[ 2026-05-13 11:18:29 | node_13 | INFO ] 🏋️‍♀️ Preparing training...
[ 2026-05-13 11:18:29 | node_37 | INFO ] 🏋️‍♀️ Preparing training...
[ 2026-05-13 11:18:30 | node_17 | INFO ] 📈 Evaluated. Results: {'test_loss': 0.15567298233509064, 'test_acc': 0.9800000190734863, 'test_precision': 0.9805009365081787, 'test_recall': 0.9746296405792236, 'test_f1': 0.9765259027481079, 'communication_cost': 45160752}
[ 2026-05-13 11:18:30 | node_29 | INFO ] 📢 Broadcasting metrics.
[ 2026-05-13 11:18:30 | node_21 | INFO ] 📢 Broadcasting metrics.
[ 2026-05-13 11:18:30 | node_34 | INFO ] 🤫 Gossip finished.
[ 2026-05-13 11:18:30 | node_17 | INFO ] 📢 Broadcasting metrics.
[ 2026-05-13 11:18:30 | node_34 | INFO ] 🔬 Evaluating...
[ 2026-05-13 11:18:30 | node_13 | INFO ] 🎓 Training step done.
[ 2026-05-13 11:18:30 | node_13 | INFO ] 🛠️ Calling force_add_local_model...
[ 2026-05-13 11:18:30 | node_37 | INFO ] 🎓 Training step done.
[ 2026-05-13 11:18:30 | node_13 | INFO ] ✅ [FORCE] Local model added for round 48. (2/10)
[ 2026-05-13 11:18:30 | node_34 | INFO ] 📈 Evaluated. Results: {'test_loss': 0.20695379376411438, 'test_acc': 0.9700000286102295, 'test_precision': 0.9724602699279785, 'test_recall': 0.9683775901794434, 'test_f1': 0.970029890537262, 'communication_cost': 33870564}
[ 2026-05-13 11:18:30 | node_37 | INFO ] 🛠️ Calling force_add_local_model...
[ 2026-05-13 11:18:30 | node_39 | INFO ] 🎉 Round 48 of 50 finished.
[ 2026-05-13 11:18:30 | node_34 | INFO ] 📢 Broadcasting metrics.
[ 2026-05-13 11:18:30 | node_37 | INFO ] ✅ [FORCE] Local model added for round 48. (2/6)
[ 2026-05-13 11:18:30 | node_39 | INFO ] 🗳️ [DETERMINISTIC] Train set assigned (No Voting). Size: 50
[ 2026-05-13 11:18:31 | node_39 | INFO ] 🏋️‍♀️ Preparing training...
[ 2026-05-13 11:18:31 | node_40 | INFO ] 📤 Sending model to 3 direct neighbors: ['node_4', 'node_16', 'node_29']
[ 2026-05-13 11:18:31 | node_39 | INFO ] 🎓 Training step done.
[ 2026-05-13 11:18:31 | node_39 | INFO ] 🛠️ Calling force_add_local_model...
[ 2026-05-13 11:18:31 | node_39 | INFO ] ✅ [FORCE] Local model added for round 48. (1/10)
[ 2026-05-13 11:18:32 | node_18 | INFO ] 🎉 Round 48 of 50 finished.
[ 2026-05-13 11:18:32 | node_18 | INFO ] 🗳️ [DETERMINISTIC] Train set assigned (No Voting). Size: 50
[ 2026-05-13 11:18:32 | node_33 | INFO ] 🎉 Round 48 of 50 finished.
[ 2026-05-13 11:18:33 | node_18 | INFO ] 🏋️‍♀️ Preparing training...
[ 2026-05-13 11:18:33 | node_33 | INFO ] 🗳️ [DETERMINISTIC] Train set assigned (No Voting). Size: 50
[ 2026-05-13 11:18:33 | node_33 | INFO ] 🏋️‍♀️ Preparing training...
[ 2026-05-13 11:18:33 | node_18 | INFO ] 🎓 Training step done.
[ 2026-05-13 11:18:33 | node_29 | INFO ] 🎉 Round 48 of 50 finished.
[ 2026-05-13 11:18:33 | node_18 | INFO ] 🛠️ Calling force_add_local_model...
[ 2026-05-13 11:18:33 | node_1 | INFO ] 🎉 Round 48 of 50 finished.
[ 2026-05-13 11:18:33 | node_18 | INFO ] ✅ [FORCE] Local model added for round 48. (1/5)
[ 2026-05-13 11:18:33 | node_29 | INFO ] 🗳️ [DETERMINISTIC] Train set assigned (No Voting). Size: 50
[ 2026-05-13 11:18:33 | node_1 | INFO ] 🗳️ [DETERMINISTIC] Train set assigned (No Voting). Size: 50
[ 2026-05-13 11:18:34 | node_33 | INFO ] 🎓 Training step done.
[ 2026-05-13 11:18:34 | node_33 | INFO ] 🛠️ Calling force_add_local_model...
[ 2026-05-13 11:18:34 | node_29 | INFO ] ♻️ Proactively processing 1 early models for round 48.
[ 2026-05-13 11:18:34 | node_33 | INFO ] ✅ [FORCE] Local model added for round 48. (1/6)
[ 2026-05-13 11:18:34 | node_29 | INFO ] 🧩 Model added for round 48 (1/6) from ['node_40']
[ 2026-05-13 11:18:34 | node_1 | INFO ] 🏋️‍♀️ Preparing training...
[ 2026-05-13 11:18:34 | node_29 | INFO ] 🏋️‍♀️ Preparing training...
[ 2026-05-13 11:18:34 | node_21 | INFO ] 🎉 Round 48 of 50 finished.
[ 2026-05-13 11:18:34 | node_41 | INFO ] 🎉 Round 48 of 50 finished.
[ 2026-05-13 11:18:34 | node_21 | INFO ] 🗳️ [DETERMINISTIC] Train set assigned (No Voting). Size: 50
[ 2026-05-13 11:18:34 | node_41 | INFO ] 🗳️ [DETERMINISTIC] Train set assigned (No Voting). Size: 50
[ 2026-05-13 11:18:34 | node_15 | INFO ] 🎉 Round 48 of 50 finished.
[ 2026-05-13 11:18:34 | node_21 | INFO ] 🏋️‍♀️ Preparing training...
[ 2026-05-13 11:18:34 | node_15 | INFO ] 🗳️ [DETERMINISTIC] Train set assigned (No Voting). Size: 50
[ 2026-05-13 11:18:34 | node_41 | INFO ] ♻️ Proactively processing 1 early models for round 48.
[ 2026-05-13 11:18:34 | node_1 | INFO ] 🎓 Training step done.
[ 2026-05-13 11:18:34 | node_29 | INFO ] 🎓 Training step done.
[ 2026-05-13 11:18:34 | node_41 | INFO ] 🧩 Model added for round 48 (1/8) from ['node_9']
[ 2026-05-13 11:18:35 | node_1 | INFO ] 🛠️ Calling force_add_local_model...
[ 2026-05-13 11:18:35 | node_29 | INFO ] 🛠️ Calling force_add_local_model...
[ 2026-05-13 11:18:35 | node_41 | INFO ] 🏋️‍♀️ Preparing training...
[ 2026-05-13 11:18:35 | node_15 | INFO ] 🏋️‍♀️ Preparing training...
[ 2026-05-13 11:18:35 | node_29 | INFO ] ✅ [FORCE] Local model added for round 48. (2/6)
[ 2026-05-13 11:18:35 | node_1 | INFO ] ✅ [FORCE] Local model added for round 48. (1/9)
[ 2026-05-13 11:18:35 | node_21 | INFO ] 🎓 Training step done.
[ 2026-05-13 11:18:35 | node_21 | INFO ] 🛠️ Calling force_add_local_model...
[ 2026-05-13 11:18:35 | node_21 | INFO ] ✅ [FORCE] Local model added for round 48. (1/7)
[ 2026-05-13 11:18:35 | node_41 | INFO ] 🎓 Training step done.
[ 2026-05-13 11:18:35 | node_15 | INFO ] 🎓 Training step done.
[ 2026-05-13 11:18:35 | node_13 | INFO ] 📤 Sending model to 9 direct neighbors: ['node_9', 'node_12', 'node_16', 'node_21', 'node_27', 'node_28', 'node_33', 'node_35', 'node_41']
[ 2026-05-13 11:18:35 | node_41 | INFO ] 🛠️ Calling force_add_local_model...
[ 2026-05-13 11:18:35 | node_15 | INFO ] 🛠️ Calling force_add_local_model...
[ 2026-05-13 11:18:35 | node_12 | INFO ] 🎉 Round 48 of 50 finished.
[ 2026-05-13 11:18:35 | node_37 | INFO ] 📤 Sending model to 5 direct neighbors: ['node_7', 'node_11', 'node_22', 'node_31', 'node_35']
[ 2026-05-13 11:18:35 | node_15 | INFO ] ✅ [FORCE] Local model added for round 48. (1/8)
[ 2026-05-13 11:18:35 | node_41 | INFO ] ✅ [FORCE] Local model added for round 48. (2/8)
[ 2026-05-13 11:18:36 | node_12 | INFO ] 🗳️ [DETERMINISTIC] Train set assigned (No Voting). Size: 50
[ 2026-05-13 11:18:36 | node_9 | INFO ] 🧩 Model added for round 48 (2/8) from ['node_13']
[ 2026-05-13 11:18:36 | node_12 | INFO ] ♻️ Proactively processing 1 early models for round 48.
[ 2026-05-13 11:18:36 | node_12 | INFO ] 🧩 Model added for round 48 (1/10) from ['node_49']
[ 2026-05-13 11:18:36 | node_12 | INFO ] 🏋️‍♀️ Preparing training...
[ 2026-05-13 11:18:36 | node_25 | INFO ] 🎉 Round 48 of 50 finished.
[ 2026-05-13 11:18:36 | node_7 | INFO ] 🧩 Model added for round 48 (2/6) from ['node_37']
[ 2026-05-13 11:18:36 | node_25 | INFO ] 🗳️ [DETERMINISTIC] Train set assigned (No Voting). Size: 50
[ 2026-05-13 11:18:36 | node_3 | INFO ] 🎉 Round 48 of 50 finished.
[ 2026-05-13 11:18:36 | node_25 | INFO ] 🏋️‍♀️ Preparing training...
[ 2026-05-13 11:18:36 | node_3 | INFO ] 🗳️ [DETERMINISTIC] Train set assigned (No Voting). Size: 50
[ 2026-05-13 11:18:37 | node_12 | INFO ] 🎓 Training step done.
[ 2026-05-13 11:18:37 | node_39 | INFO ] 📤 Sending model to 9 direct neighbors: ['node_6', 'node_12', 'node_20', 'node_23', 'node_25', 'node_30', 'node_31', 'node_44', 'node_47']
[ 2026-05-13 11:18:37 | node_12 | INFO ] 🛠️ Calling force_add_local_model...
[ 2026-05-13 11:18:37 | node_12 | INFO ] ✅ [FORCE] Local model added for round 48. (2/10)
[ 2026-05-13 11:18:37 | node_3 | INFO ] ♻️ Proactively processing 2 early models for round 48.
[ 2026-05-13 11:18:37 | node_3 | INFO ] 🧩 Model added for round 48 (1/11) from ['node_9']
[ 2026-05-13 11:18:37 | node_3 | INFO ] 🧩 Model added for round 48 (2/11) from ['node_7']
[ 2026-05-13 11:18:37 | node_34 | INFO ] 🎉 Round 48 of 50 finished.
[ 2026-05-13 11:18:37 | node_3 | INFO ] 🏋️‍♀️ Preparing training...
[ 2026-05-13 11:18:37 | node_25 | INFO ] 🎓 Training step done.
[ 2026-05-13 11:18:37 | node_34 | INFO ] 🗳️ [DETERMINISTIC] Train set assigned (No Voting). Size: 50
[ 2026-05-13 11:18:37 | node_25 | INFO ] 🛠️ Calling force_add_local_model...
[ 2026-05-13 11:18:37 | node_25 | INFO ] ✅ [FORCE] Local model added for round 48. (1/10)
[ 2026-05-13 11:18:37 | node_34 | INFO ] 🏋️‍♀️ Preparing training...
[ 2026-05-13 11:18:37 | node_3 | INFO ] 🎓 Training step done.
[ 2026-05-13 11:18:37 | node_12 | INFO ] 🧩 Model added for round 48 (3/10) from ['node_39']
[ 2026-05-13 11:18:42 | node_18 | INFO ] 📤 Sending model to 4 direct neighbors: ['node_3', 'node_8', 'node_22', 'node_42']
[ 2026-05-13 11:18:42 | node_21 | INFO ] 📤 Sending model to 6 direct neighbors: ['node_13', 'node_17', 'node_25', 'node_28', 'node_34', 'node_46']
[ 2026-05-13 11:18:42 | node_33 | INFO ] 📤 Sending model to 5 direct neighbors: ['node', 'node_3', 'node_13', 'node_32', 'node_43']
[ 2026-05-13 11:18:42 | node_15 | INFO ] 📤 Sending model to 7 direct neighbors: ['node', 'node_10', 'node_14', 'node_28', 'node_42', 'node_46', 'node_47']
[ 2026-05-13 11:18:42 | node_41 | INFO ] 📤 Sending model to 7 direct neighbors: ['node_9', 'node_11', 'node_13', 'node_25', 'node_26', 'node_32', 'node_42']
[ 2026-05-13 11:18:42 | node_12 | INFO ] 📤 Sending model to 9 direct neighbors: ['node_5', 'node_13', 'node_14', 'node_24', 'node_26', 'node_38', 'node_39', 'node_43', 'node_49']
[ 2026-05-13 11:18:42 | node_29 | INFO ] 📤 Sending model to 5 direct neighbors: ['node_2', 'node_3', 'node_20', 'node_31', 'node_40']
[ 2026-05-13 11:18:42 | node_1 | INFO ] 📤 Sending model to 8 direct neighbors: ['node_6', 'node_19', 'node_23', 'node_25', 'node_30', 'node_32', 'node_42', 'node_46']
[ 2026-05-13 11:18:42 | node_3 | INFO ] 🛠️ Calling force_add_local_model...
[ 2026-05-13 11:18:42 | node_12 | INFO ] 🧩 Model added for round 48 (4/10) from ['node_13']
[ 2026-05-13 11:18:42 | node_25 | INFO ] 📤 Sending model to 9 direct neighbors: ['node', 'node_1', 'node_4', 'node_6', 'node_10', 'node_21', 'node_39', 'node_41', 'node_42']
[ 2026-05-13 11:18:43 | node_3 | INFO ] ✅ [FORCE] Local model added for round 48. (3/11)
[ 2026-05-13 11:18:43 | node_13 | INFO ] 🧩 Model added for round 48 (3/10) from ['node_21']
[ 2026-05-13 11:18:43 | node_3 | INFO ] 🧩 Model added for round 48 (4/11) from ['node_18']
[ 2026-05-13 11:18:43 | node_9 | INFO ] 🧩 Model added for round 48 (3/8) from ['node_41']
[ 2026-05-13 11:18:44 | node_3 | INFO ] 🧩 Model added for round 48 (5/11) from ['node_33']
[ 2026-05-13 11:18:44 | node_13 | INFO ] 🧩 Model added for round 48 (4/10) from ['node_12']
[ 2026-05-13 11:18:44 | node_1 | INFO ] 🧩 Model added for round 48 (2/9) from ['node_25']
[ 2026-05-13 11:18:44 | node_3 | INFO ] 🧩 Model added for round 48 (6/11) from ['node_29']
[ 2026-05-13 11:18:44 | node_17 | INFO ] 🎉 Round 48 of 50 finished.
[ 2026-05-13 11:18:44 | node_17 | INFO ] 🗳️ [DETERMINISTIC] Train set assigned (No Voting). Size: 50
[ 2026-05-13 11:18:45 | node_17 | INFO ] 🏋️‍♀️ Preparing training...
[ 2026-05-13 11:18:45 | node_25 | INFO ] 🧩 Model added for round 48 (2/10) from ['node_1']
[ 2026-05-13 11:18:45 | node_17 | INFO ] 🎓 Training step done.
[ 2026-05-13 11:18:45 | node_17 | INFO ] 🛠️ Calling force_add_local_model...
[ 2026-05-13 11:18:46 | node_17 | INFO ] ✅ [FORCE] Local model added for round 48. (1/13)
[ 2026-05-13 11:18:46 | node_17 | INFO ] 🧩 Model added for round 48 (2/13) from ['node_21']
[ 2026-05-13 11:18:46 | node_13 | INFO ] 🧩 Model added for round 48 (5/10) from ['node_41']
[ 2026-05-13 11:18:46 | node_21 | INFO ] 🧩 Model added for round 48 (2/7) from ['node_13']
[ 2026-05-13 11:18:47 | node_25 | INFO ] 🧩 Model added for round 48 (3/10) from ['node_39']
[ 2026-05-13 11:18:47 | node_13 | INFO ] 🧩 Model added for round 48 (6/10) from ['node_33']
[ 2026-05-13 11:18:48 | node_3 | INFO ] 📤 Sending model to 10 direct neighbors: ['node_2', 'node_4', 'node_7', 'node_9', 'node_18', 'node_19', 'node_24', 'node_29', 'node_33', 'node_46']
[ 2026-05-13 11:18:48 | node_40 | INFO ] 🧩 Model added for round 48 (2/4) from ['node_29']
[ 2026-05-13 11:18:48 | node_21 | INFO ] 🧩 Model added for round 48 (3/7) from ['node_25']
[ 2026-05-13 11:18:49 | node_39 | INFO ] 🧩 Model added for round 48 (2/10) from ['node_12']
[ 2026-05-13 11:18:49 | node_25 | INFO ] 🧩 Model added for round 48 (4/10) from ['node_41']
[ 2026-05-13 11:18:49 | node_33 | INFO ] 🧩 Model added for round 48 (2/6) from ['node_13']
[ 2026-05-13 11:18:49 | node_25 | INFO ] 🧩 Model added for round 48 (5/10) from ['node_21']
[ 2026-05-13 11:18:50 | node_7 | INFO ] 🧩 Model added for round 48 (3/6) from ['node_3']
[ 2026-05-13 11:18:50 | node_39 | INFO ] 🧩 Model added for round 48 (3/10) from ['node_25']
[ 2026-05-13 11:18:51 | node_17 | INFO ] 📤 Sending model to 12 direct neighbors: ['node_2', 'node_5', 'node_10', 'node_11', 'node_21', 'node_22', 'node_24', 'node_31', 'node_34', 'node_35', 'node_36', 'node_43']
[ 2026-05-13 11:18:51 | node_9 | INFO ] 🧩 Model added for round 48 (4/8) from ['node_3']
[ 2026-05-13 11:18:52 | node_41 | INFO ] 🧩 Model added for round 48 (3/8) from ['node_13']
[ 2026-05-13 11:18:52 | node_49 | INFO ] 🧩 Model added for round 48 (2/5) from ['node_12']
[ 2026-05-13 11:18:52 | node_34 | INFO ] 🧩 Model added for round 48 (1/10) from ['node_21']
[ 2026-05-13 11:18:53 | node_41 | INFO ] 🧩 Model added for round 48 (4/8) from ['node_25']
[ 2026-05-13 11:18:53 | node_21 | INFO ] 🧩 Model added for round 48 (4/7) from ['node_17']
[ 2026-05-13 11:18:53 | node_18 | INFO ] 🧩 Model added for round 48 (2/5) from ['node_3']
[ 2026-05-13 11:18:55 | node_29 | INFO ] 🧩 Model added for round 48 (3/6) from ['node_3']
[ 2026-05-13 11:18:56 | node_34 | INFO ] 🧩 Model added for round 48 (2/10) from ['node_17']
[ 2026-05-13 11:18:56 | node_33 | INFO ] 🧩 Model added for round 48 (3/6) from ['node_3']
[ 2026-05-13 11:19:07 | node_47 | INFO ] ⏹️  Gossiping exited for 50 equal rounds.
[ 2026-05-13 11:19:07 | node_47 | INFO ] 🔬 Evaluating...
[ 2026-05-13 11:19:07 | node_47 | INFO ] 📈 Evaluated. Results: {'test_loss': 0.13913626968860626, 'test_acc': 0.9700000286102295, 'test_precision': 0.9662931561470032, 'test_recall': 0.9758307933807373, 'test_f1': 0.9697265028953552, 'communication_cost': 22580376}
[ 2026-05-13 11:19:07 | node_47 | INFO ] 📢 Broadcasting metrics.
[ 2026-05-13 11:19:11 | node_47 | INFO ] 🎉 Round 48 of 50 finished.
[ 2026-05-13 11:19:11 | node_47 | INFO ] 🗳️ [DETERMINISTIC] Train set assigned (No Voting). Size: 50
[ 2026-05-13 11:19:11 | node_47 | INFO ] ♻️ Proactively processing 3 early models for round 48.
[ 2026-05-13 11:19:12 | node_47 | INFO ] 🧩 Model added for round 48 (1/7) from ['node_7']
[ 2026-05-13 11:19:12 | node_47 | INFO ] 🧩 Model added for round 48 (2/7) from ['node_15']
[ 2026-05-13 11:19:12 | node_47 | INFO ] 🧩 Model added for round 48 (3/7) from ['node_39']
[ 2026-05-13 11:19:12 | node_47 | INFO ] 🏋️‍♀️ Preparing training...
[ 2026-05-13 11:19:12 | node_47 | INFO ] 🎓 Training step done.
[ 2026-05-13 11:19:13 | node_47 | INFO ] 🛠️ Calling force_add_local_model...
[ 2026-05-13 11:19:13 | node_47 | INFO ] ✅ [FORCE] Local model added for round 48. (4/7)
[ 2026-05-13 11:19:18 | node_47 | INFO ] 📤 Sending model to 6 direct neighbors: ['node_4', 'node_7', 'node_14', 'node_15', 'node_23', 'node_39']
[ 2026-05-13 11:19:19 | node_7 | INFO ] 🧩 Model added for round 48 (4/6) from ['node_47']
[ 2026-05-13 11:19:21 | node_15 | INFO ] 🧩 Model added for round 48 (2/8) from ['node_47']
[ 2026-05-13 11:19:23 | node_39 | INFO ] 🧩 Model added for round 48 (4/10) from ['node_47']
[ 2026-05-13 11:19:25 | node_48 | INFO ] ⏹️  Gossiping exited for 50 equal rounds.
[ 2026-05-13 11:19:25 | node_48 | INFO ] 🔬 Evaluating...
[ 2026-05-13 11:19:25 | node_48 | INFO ] 📈 Evaluated. Results: {'test_loss': 0.052537716925144196, 'test_acc': 0.9800000190734863, 'test_precision': 0.9780358076095581, 'test_recall': 0.9798990488052368, 'test_f1': 0.9785349369049072, 'communication_cost': 22580376}
[ 2026-05-13 11:19:25 | node_48 | INFO ] 📢 Broadcasting metrics.
[ 2026-05-13 11:19:30 | node_48 | INFO ] 🎉 Round 48 of 50 finished.
[ 2026-05-13 11:19:30 | node_48 | INFO ] 🗳️ [DETERMINISTIC] Train set assigned (No Voting). Size: 50
[ 2026-05-13 11:19:30 | node_48 | INFO ] 🏋️‍♀️ Preparing training...
[ 2026-05-13 11:19:31 | node_48 | INFO ] 🎓 Training step done.
[ 2026-05-13 11:19:31 | node_48 | INFO ] 🛠️ Calling force_add_local_model...
[ 2026-05-13 11:19:31 | node_48 | INFO ] ✅ [FORCE] Local model added for round 48. (1/7)
[ 2026-05-13 11:19:33 | node_32 | INFO ] ⏹️  Gossiping exited for 50 equal rounds.
[ 2026-05-13 11:19:33 | node_32 | INFO ] 🔬 Evaluating...
[ 2026-05-13 11:19:34 | node_32 | INFO ] 📈 Evaluated. Results: {'test_loss': 0.3040103614330292, 'test_acc': 0.9750000238418579, 'test_precision': 0.9752715826034546, 'test_recall': 0.9748424291610718, 'test_f1': 0.9740890264511108, 'communication_cost': 30107168}
[ 2026-05-13 11:19:34 | node_32 | INFO ] 📢 Broadcasting metrics.
[ 2026-05-13 11:19:35 | node_4 | INFO ] ⏹️  Gossiping exited for 50 equal rounds.
[ 2026-05-13 11:19:35 | node_4 | INFO ] 🔬 Evaluating...
[ 2026-05-13 11:19:35 | node_4 | INFO ] 📈 Evaluated. Results: {'test_loss': 0.09913191944360733, 'test_acc': 0.9900000095367432, 'test_precision': 0.9893558621406555, 'test_recall': 0.9889881610870361, 'test_f1': 0.988982081413269, 'communication_cost': 41397356}
[ 2026-05-13 11:19:35 | node_4 | INFO ] 📢 Broadcasting metrics.
[ 2026-05-13 11:19:35 | node_44 | INFO ] ⏹️  Gossiping exited for 50 equal rounds.
[ 2026-05-13 11:19:36 | node_44 | INFO ] 🔬 Evaluating...
[ 2026-05-13 11:19:36 | node_48 | INFO ] 📤 Sending model to 6 direct neighbors: ['node', 'node_20', 'node_31', 'node_36', 'node_42', 'node_43']
[ 2026-05-13 11:19:36 | node_44 | INFO ] 📈 Evaluated. Results: {'test_loss': 0.24335820972919464, 'test_acc': 0.9599999785423279, 'test_precision': 0.9699567556381226, 'test_recall': 0.9561299681663513, 'test_f1': 0.9613978862762451, 'communication_cost': 30107168}
[ 2026-05-13 11:19:36 | node_44 | INFO ] 📢 Broadcasting metrics.
[ 2026-05-13 11:19:39 | node_32 | INFO ] 🎉 Round 48 of 50 finished.
[ 2026-05-13 11:19:39 | node_32 | INFO ] 🗳️ [DETERMINISTIC] Train set assigned (No Voting). Size: 50
[ 2026-05-13 11:19:39 | node_32 | INFO ] ♻️ Proactively processing 4 early models for round 48.
[ 2026-05-13 11:19:40 | node_32 | INFO ] 🧩 Model added for round 48 (1/9) from ['node_49']
[ 2026-05-13 11:19:40 | node_32 | INFO ] 🧩 Model added for round 48 (2/9) from ['node_1']
[ 2026-05-13 11:19:40 | node_32 | INFO ] 🧩 Model added for round 48 (3/9) from ['node_33']
[ 2026-05-13 11:19:40 | node_32 | INFO ] 🧩 Model added for round 48 (4/9) from ['node_41']
[ 2026-05-13 11:19:40 | node_32 | INFO ] 🏋️‍♀️ Preparing training...
[ 2026-05-13 11:19:40 | node_32 | INFO ] 🎓 Training step done.
[ 2026-05-13 11:19:40 | node_32 | INFO ] 🛠️ Calling force_add_local_model...
[ 2026-05-13 11:19:40 | node_32 | INFO ] ✅ [FORCE] Local model added for round 48. (5/9)
[ 2026-05-13 11:19:41 | node | INFO ] ⏹️  Gossiping exited for 50 equal rounds.
[ 2026-05-13 11:19:41 | node | INFO ] 🔬 Evaluating...
[ 2026-05-13 11:19:42 | node | INFO ] 📈 Evaluated. Results: {'test_loss': 0.36980658769607544, 'test_acc': 0.9700000286102295, 'test_precision': 0.9743376970291138, 'test_recall': 0.9695835113525391, 'test_f1': 0.9708603620529175, 'communication_cost': 30107168}
[ 2026-05-13 11:19:42 | node_44 | INFO ] 🎉 Round 48 of 50 finished.
[ 2026-05-13 11:19:42 | node | INFO ] 📢 Broadcasting metrics.
[ 2026-05-13 11:19:42 | node_44 | INFO ] 🗳️ [DETERMINISTIC] Train set assigned (No Voting). Size: 50
[ 2026-05-13 11:19:42 | node_44 | INFO ] ♻️ Proactively processing 1 early models for round 48.
[ 2026-05-13 11:19:43 | node_44 | INFO ] 🧩 Model added for round 48 (1/9) from ['node_39']
[ 2026-05-13 11:19:43 | node_44 | INFO ] 🏋️‍♀️ Preparing training...
[ 2026-05-13 11:19:43 | node_4 | INFO ] 🎉 Round 48 of 50 finished.
[ 2026-05-13 11:19:43 | node_4 | INFO ] 🗳️ [DETERMINISTIC] Train set assigned (No Voting). Size: 50
[ 2026-05-13 11:19:43 | node_44 | INFO ] 🎓 Training step done.
[ 2026-05-13 11:19:43 | node_44 | INFO ] 🛠️ Calling force_add_local_model...
[ 2026-05-13 11:19:43 | node_44 | INFO ] ✅ [FORCE] Local model added for round 48. (2/9)
[ 2026-05-13 11:19:43 | node_4 | INFO ] ♻️ Proactively processing 4 early models for round 48.
[ 2026-05-13 11:19:43 | node_4 | INFO ] 🧩 Model added for round 48 (1/12) from ['node_40']
[ 2026-05-13 11:19:43 | node_4 | INFO ] 🧩 Model added for round 48 (2/12) from ['node_25']
[ 2026-05-13 11:19:43 | node_4 | INFO ] 🧩 Model added for round 48 (3/12) from ['node_3']
[ 2026-05-13 11:19:44 | node_4 | INFO ] 🧩 Model added for round 48 (4/12) from ['node_47']
[ 2026-05-13 11:19:44 | node_4 | INFO ] 🏋️‍♀️ Preparing training...
[ 2026-05-13 11:19:44 | node_4 | INFO ] 🎓 Training step done.
[ 2026-05-13 11:19:44 | node_4 | INFO ] 🛠️ Calling force_add_local_model...
[ 2026-05-13 11:19:44 | node_46 | INFO ] ⏹️  Gossiping exited for 50 equal rounds.
[ 2026-05-13 11:19:44 | node_4 | INFO ] ✅ [FORCE] Local model added for round 48. (5/12)
[ 2026-05-13 11:19:44 | node_46 | INFO ] 🔬 Evaluating...
[ 2026-05-13 11:19:45 | node_46 | INFO ] 📈 Evaluated. Results: {'test_loss': 0.12404652684926987, 'test_acc': 0.9850000143051147, 'test_precision': 0.984941840171814, 'test_recall': 0.987225353717804, 'test_f1': 0.9858133792877197, 'communication_cost': 30107168}
[ 2026-05-13 11:19:45 | node_46 | INFO ] 📢 Broadcasting metrics.
[ 2026-05-13 11:19:46 | node_32 | INFO ] 📤 Sending model to 8 direct neighbors: ['node_1', 'node_6', 'node_26', 'node_33', 'node_35', 'node_38', 'node_41', 'node_49']
[ 2026-05-13 11:19:46 | node_1 | INFO ] 🧩 Model added for round 48 (3/9) from ['node_32']
[ 2026-05-13 11:19:47 | node | INFO ] 🎉 Round 48 of 50 finished.
[ 2026-05-13 11:19:47 | node | INFO ] 🗳️ [DETERMINISTIC] Train set assigned (No Voting). Size: 50
[ 2026-05-13 11:19:47 | node | INFO ] ♻️ Proactively processing 4 early models for round 48.
[ 2026-05-13 11:19:47 | node | INFO ] 🧩 Model added for round 48 (1/9) from ['node_15']
[ 2026-05-13 11:19:47 | node | INFO ] 🧩 Model added for round 48 (2/9) from ['node_33']
[ 2026-05-13 11:19:47 | node | INFO ] 🧩 Model added for round 48 (3/9) from ['node_25']
[ 2026-05-13 11:19:47 | node | INFO ] 🧩 Model added for round 48 (4/9) from ['node_48']
[ 2026-05-13 11:19:47 | node | INFO ] 🏋️‍♀️ Preparing training...
[ 2026-05-13 11:19:48 | node | INFO ] 🎓 Training step done.
[ 2026-05-13 11:19:48 | node | INFO ] 🛠️ Calling force_add_local_model...
[ 2026-05-13 11:19:48 | node | INFO ] ✅ [FORCE] Local model added for round 48. (5/9)
[ 2026-05-13 11:19:48 | node_33 | INFO ] 🧩 Model added for round 48 (4/6) from ['node_32']
[ 2026-05-13 11:19:48 | node_44 | INFO ] 📤 Sending model to 8 direct neighbors: ['node', 'node_4', 'node_11', 'node_26', 'node_27', 'node_30', 'node_39', 'node_42']
[ 2026-05-13 11:19:49 | node | INFO ] 🧩 Model added for round 48 (6/9) from ['node_44']
[ 2026-05-13 11:19:49 | node_46 | INFO ] 🎉 Round 48 of 50 finished.
[ 2026-05-13 11:19:49 | node_4 | INFO ] 📤 Sending model to 11 direct neighbors: ['node', 'node_3', 'node_5', 'node_24', 'node_25', 'node_31', 'node_34', 'node_36', 'node_40', 'node_44', 'node_47']
[ 2026-05-13 11:19:49 | node_46 | INFO ] 🗳️ [DETERMINISTIC] Train set assigned (No Voting). Size: 50
[ 2026-05-13 11:19:50 | node_46 | INFO ] ♻️ Proactively processing 6 early models for round 48.
[ 2026-05-13 11:19:50 | node | INFO ] 🧩 Model added for round 48 (7/9) from ['node_4']
[ 2026-05-13 11:19:50 | node_46 | INFO ] 🧩 Model added for round 48 (1/9) from ['node_9']
[ 2026-05-13 11:19:50 | node_46 | INFO ] 🧩 Model added for round 48 (2/9) from ['node_49']
[ 2026-05-13 11:19:50 | node_46 | INFO ] 🧩 Model added for round 48 (3/9) from ['node_15']
[ 2026-05-13 11:19:50 | node_46 | INFO ] 🧩 Model added for round 48 (4/9) from ['node_1']
[ 2026-05-13 11:19:50 | node_46 | INFO ] 🧩 Model added for round 48 (5/9) from ['node_21']
[ 2026-05-13 11:19:50 | node_46 | INFO ] 🧩 Model added for round 48 (6/9) from ['node_3']
[ 2026-05-13 11:19:50 | node_46 | INFO ] 🏋️‍♀️ Preparing training...
[ 2026-05-13 11:19:51 | node_41 | INFO ] 🧩 Model added for round 48 (5/8) from ['node_32']
[ 2026-05-13 11:19:51 | node_4 | INFO ] 🧩 Model added for round 48 (6/12) from ['node_44']
[ 2026-05-13 11:19:51 | node_46 | INFO ] 🎓 Training step done.
[ 2026-05-13 11:19:51 | node_46 | INFO ] 🛠️ Calling force_add_local_model...
[ 2026-05-13 11:19:51 | node_46 | INFO ] ✅ [FORCE] Local model added for round 48. (7/9)
[ 2026-05-13 11:19:51 | node_3 | INFO ] 🧩 Model added for round 48 (7/11) from ['node_4']
[ 2026-05-13 11:19:52 | node_49 | INFO ] 🧩 Model added for round 48 (3/5) from ['node_32']
[ 2026-05-13 11:19:53 | node | INFO ] 📤 Sending model to 8 direct neighbors: ['node_4', 'node_5', 'node_15', 'node_25', 'node_33', 'node_35', 'node_44', 'node_48']
[ 2026-05-13 11:19:53 | node_19 | INFO ] ⏹️  Gossiping exited for 50 equal rounds.
[ 2026-05-13 11:19:53 | node_19 | INFO ] 🔬 Evaluating...
[ 2026-05-13 11:19:54 | node_4 | INFO ] 🧩 Model added for round 48 (7/12) from ['node']
[ 2026-05-13 11:19:54 | node_19 | INFO ] 📈 Evaluated. Results: {'test_loss': 0.20015062391757965, 'test_acc': 0.9549999833106995, 'test_precision': 0.9535080790519714, 'test_recall': 0.958132803440094, 'test_f1': 0.9546831250190735, 'communication_cost': 37633960}
[ 2026-05-13 11:19:54 | node_19 | INFO ] 📢 Broadcasting metrics.
[ 2026-05-13 11:19:54 | node_25 | INFO ] 🧩 Model added for round 48 (6/10) from ['node_4']
[ 2026-05-13 11:19:55 | node_39 | INFO ] 🧩 Model added for round 48 (5/10) from ['node_44']
[ 2026-05-13 11:19:56 | node_46 | INFO ] 📤 Sending model to 8 direct neighbors: ['node_1', 'node_3', 'node_9', 'node_15', 'node_21', 'node_28', 'node_43', 'node_49']
[ 2026-05-13 11:19:56 | node_15 | INFO ] 🧩 Model added for round 48 (3/8) from ['node']
[ 2026-05-13 11:19:56 | node_27 | INFO ] ⏹️  Gossiping exited for 50 equal rounds.
[ 2026-05-13 11:19:57 | node_27 | INFO ] 🔬 Evaluating...
[ 2026-05-13 11:19:57 | node_1 | INFO ] 🧩 Model added for round 48 (4/9) from ['node_46']
[ 2026-05-13 11:19:57 | node_34 | INFO ] 🧩 Model added for round 48 (3/10) from ['node_4']
[ 2026-05-13 11:19:57 | node_27 | INFO ] 📈 Evaluated. Results: {'test_loss': 0.2893138825893402, 'test_acc': 0.9649999737739563, 'test_precision': 0.962954580783844, 'test_recall': 0.9646150469779968, 'test_f1': 0.9626511931419373, 'communication_cost': 26343772}
[ 2026-05-13 11:19:57 | node_27 | INFO ] 📢 Broadcasting metrics.
[ 2026-05-13 11:19:58 | node_25 | INFO ] 🧩 Model added for round 48 (7/10) from ['node']
[ 2026-05-13 11:19:58 | node_3 | INFO ] 🧩 Model added for round 48 (8/11) from ['node_46']
[ 2026-05-13 11:19:59 | node_40 | INFO ] 🧩 Model added for round 48 (3/4) from ['node_4']
[ 2026-05-13 11:19:59 | node_33 | INFO ] 🧩 Model added for round 48 (5/6) from ['node']
[ 2026-05-13 11:20:00 | node_19 | INFO ] 🎉 Round 48 of 50 finished.
[ 2026-05-13 11:20:00 | node_44 | INFO ] 🧩 Model added for round 48 (3/9) from ['node_4']
[ 2026-05-13 11:20:00 | node_19 | INFO ] 🗳️ [DETERMINISTIC] Train set assigned (No Voting). Size: 50
[ 2026-05-13 11:20:01 | node_9 | INFO ] 🧩 Model added for round 48 (5/8) from ['node_46']
[ 2026-05-13 11:20:01 | node_19 | INFO ] ♻️ Proactively processing 3 early models for round 48.
[ 2026-05-13 11:20:01 | node_19 | INFO ] 🧩 Model added for round 48 (1/11) from ['node_9']
[ 2026-05-13 11:20:01 | node_19 | INFO ] 🧩 Model added for round 48 (2/11) from ['node_1']
[ 2026-05-13 11:20:01 | node_19 | INFO ] 🧩 Model added for round 48 (3/11) from ['node_3']
[ 2026-05-13 11:20:01 | node_19 | INFO ] 🏋️‍♀️ Preparing training...
[ 2026-05-13 11:20:02 | node_44 | INFO ] 🧩 Model added for round 48 (4/9) from ['node']
[ 2026-05-13 11:20:02 | node_27 | INFO ] 🎉 Round 48 of 50 finished.
[ 2026-05-13 11:20:02 | node_19 | INFO ] 🎓 Training step done.
[ 2026-05-13 11:20:02 | node_27 | INFO ] 🗳️ [DETERMINISTIC] Train set assigned (No Voting). Size: 50
[ 2026-05-13 11:20:02 | node_19 | INFO ] 🛠️ Calling force_add_local_model...
[ 2026-05-13 11:20:02 | node_19 | INFO ] ✅ [FORCE] Local model added for round 48. (4/11)
[ 2026-05-13 11:20:02 | node_27 | INFO ] ♻️ Proactively processing 2 early models for round 48.
[ 2026-05-13 11:20:02 | node_27 | INFO ] 🧩 Model added for round 48 (1/8) from ['node_13']
[ 2026-05-13 11:20:02 | node_27 | INFO ] 🧩 Model added for round 48 (2/8) from ['node_44']
[ 2026-05-13 11:20:02 | node_27 | INFO ] 🏋️‍♀️ Preparing training...
[ 2026-05-13 11:20:02 | node_15 | INFO ] 🧩 Model added for round 48 (4/8) from ['node_46']
[ 2026-05-13 11:20:02 | node_47 | INFO ] 🧩 Model added for round 48 (5/7) from ['node_4']
[ 2026-05-13 11:20:03 | node_27 | INFO ] 🎓 Training step done.
[ 2026-05-13 11:20:03 | node_27 | INFO ] 🛠️ Calling force_add_local_model...
[ 2026-05-13 11:20:03 | node_27 | INFO ] ✅ [FORCE] Local model added for round 48. (3/8)
[ 2026-05-13 11:20:03 | node_48 | INFO ] 🧩 Model added for round 48 (2/7) from ['node']
[ 2026-05-13 11:20:04 | node_21 | INFO ] 🧩 Model added for round 48 (5/7) from ['node_46']
[ 2026-05-13 11:20:07 | node_49 | INFO ] 🧩 Model added for round 48 (4/5) from ['node_46']
[ 2026-05-13 11:20:07 | node_19 | INFO ] 📤 Sending model to 10 direct neighbors: ['node_1', 'node_3', 'node_5', 'node_9', 'node_11', 'node_23', 'node_26', 'node_34', 'node_38', 'node_43']
[ 2026-05-13 11:20:07 | node_1 | INFO ] 🧩 Model added for round 48 (5/9) from ['node_19']
[ 2026-05-13 11:20:08 | node_27 | INFO ] 📤 Sending model to 7 direct neighbors: ['node_10', 'node_13', 'node_16', 'node_30', 'node_35', 'node_44', 'node_45']
[ 2026-05-13 11:20:08 | node_34 | INFO ] 🎓 Training step done.
[ 2026-05-13 11:20:08 | node_34 | INFO ] 🛠️ Calling force_add_local_model...
[ 2026-05-13 11:20:08 | node_34 | INFO ] ✅ [FORCE] Local model added for round 48. (4/10)
[ 2026-05-13 11:20:09 | node_45 | INFO ] ⏹️  Gossiping exited for 50 equal rounds.
[ 2026-05-13 11:20:09 | node_13 | INFO ] 🧩 Model added for round 48 (7/10) from ['node_27']
[ 2026-05-13 11:20:09 | node_45 | INFO ] 🔬 Evaluating...
[ 2026-05-13 11:20:09 | node_8 | INFO ] ⏹️  Gossiping exited for 50 equal rounds.
[ 2026-05-13 11:20:09 | node_3 | INFO ] 🧩 Model added for round 48 (9/11) from ['node_19']
[ 2026-05-13 11:20:09 | node_8 | INFO ] 🔬 Evaluating...
[ 2026-05-13 11:20:09 | node_45 | INFO ] 📈 Evaluated. Results: {'test_loss': 0.17978431284427643, 'test_acc': 0.9750000238418579, 'test_precision': 0.9796438813209534, 'test_recall': 0.9773005843162537, 'test_f1': 0.9778598546981812, 'communication_cost': 18816980}
[ 2026-05-13 11:20:09 | node_45 | INFO ] 📢 Broadcasting metrics.
[ 2026-05-13 11:20:10 | node_8 | INFO ] 📈 Evaluated. Results: {'test_loss': 0.24652238190174103, 'test_acc': 0.9649999737739563, 'test_precision': 0.9675204753875732, 'test_recall': 0.965404748916626, 'test_f1': 0.9658015966415405, 'communication_cost': 15053584}
[ 2026-05-13 11:20:10 | node_8 | INFO ] 📢 Broadcasting metrics.
[ 2026-05-13 11:20:11 | node_9 | INFO ] 🧩 Model added for round 48 (6/8) from ['node_19']
[ 2026-05-13 11:20:12 | node_44 | INFO ] 🧩 Model added for round 48 (5/9) from ['node_27']
[ 2026-05-13 11:20:12 | node_8 | INFO ] 🎉 Round 48 of 50 finished.
[ 2026-05-13 11:20:12 | node_8 | INFO ] 🗳️ [DETERMINISTIC] Train set assigned (No Voting). Size: 50
[ 2026-05-13 11:20:12 | node_45 | INFO ] 🎉 Round 48 of 50 finished.
[ 2026-05-13 11:20:12 | node_22 | INFO ] ⏹️  Gossiping exited for 50 equal rounds.
[ 2026-05-13 11:20:12 | node_8 | INFO ] ♻️ Proactively processing 1 early models for round 48.
[ 2026-05-13 11:20:12 | node_45 | INFO ] 🗳️ [DETERMINISTIC] Train set assigned (No Voting). Size: 50
[ 2026-05-13 11:20:12 | node_8 | INFO ] 🧩 Model added for round 48 (1/5) from ['node_18']
[ 2026-05-13 11:20:12 | node_22 | INFO ] 🔬 Evaluating...
[ 2026-05-13 11:20:12 | node_8 | INFO ] 🏋️‍♀️ Preparing training...
[ 2026-05-13 11:20:13 | node_45 | INFO ] 🏋️‍♀️ Preparing training...
[ 2026-05-13 11:20:13 | node_22 | INFO ] 📈 Evaluated. Results: {'test_loss': 0.16793498396873474, 'test_acc': 0.9850000143051147, 'test_precision': 0.9822136163711548, 'test_recall': 0.9864445328712463, 'test_f1': 0.9837539196014404, 'communication_cost': 33870564}
[ 2026-05-13 11:20:13 | node_22 | INFO ] 📢 Broadcasting metrics.
[ 2026-05-13 11:20:13 | node_8 | INFO ] 🎓 Training step done.
[ 2026-05-13 11:20:13 | node_8 | INFO ] 🛠️ Calling force_add_local_model...
[ 2026-05-13 11:20:13 | node_8 | INFO ] ✅ [FORCE] Local model added for round 48. (2/5)
[ 2026-05-13 11:20:13 | node_45 | INFO ] 🎓 Training step done.
[ 2026-05-13 11:20:13 | node_45 | INFO ] 🛠️ Calling force_add_local_model...
[ 2026-05-13 11:20:13 | node_34 | INFO ] 📤 Sending model to 9 direct neighbors: ['node_4', 'node_6', 'node_8', 'node_16', 'node_17', 'node_19', 'node_21', 'node_23', 'node_36']
[ 2026-05-13 11:20:13 | node_45 | INFO ] ✅ [FORCE] Local model added for round 48. (1/6)
[ 2026-05-13 11:20:13 | node_45 | INFO ] 🧩 Model added for round 48 (2/6) from ['node_27']
[ 2026-05-13 11:20:14 | node_4 | INFO ] 🧩 Model added for round 48 (8/12) from ['node_34']
[ 2026-05-13 11:20:14 | node_34 | INFO ] 🧩 Model added for round 48 (5/10) from ['node_19']
[ 2026-05-13 11:20:16 | node_8 | INFO ] 🧩 Model added for round 48 (3/5) from ['node_34']
[ 2026-05-13 11:20:17 | node_17 | INFO ] 🧩 Model added for round 48 (3/13) from ['node_34']
[ 2026-05-13 11:20:18 | node_22 | INFO ] 🎉 Round 48 of 50 finished.
[ 2026-05-13 11:20:18 | node_22 | INFO ] 🗳️ [DETERMINISTIC] Train set assigned (No Voting). Size: 50
[ 2026-05-13 11:20:18 | node_22 | INFO ] ♻️ Proactively processing 3 early models for round 48.
[ 2026-05-13 11:20:18 | node_22 | INFO ] 🧩 Model added for round 48 (1/10) from ['node_37']
[ 2026-05-13 11:20:18 | node_22 | INFO ] 🧩 Model added for round 48 (2/10) from ['node_18']
[ 2026-05-13 11:20:18 | node_22 | INFO ] 🧩 Model added for round 48 (3/10) from ['node_17']
[ 2026-05-13 11:20:18 | node_22 | INFO ] 🏋️‍♀️ Preparing training...
[ 2026-05-13 11:20:18 | node_8 | INFO ] 📤 Sending model to 4 direct neighbors: ['node_2', 'node_18', 'node_20', 'node_34']
[ 2026-05-13 11:20:18 | node_45 | INFO ] 📤 Sending model to 5 direct neighbors: ['node_6', 'node_27', 'node_28', 'node_31', 'node_38']
[ 2026-05-13 11:20:19 | node_22 | INFO ] 🎓 Training step done.
[ 2026-05-13 11:20:19 | node_22 | INFO ] 🛠️ Calling force_add_local_model...
[ 2026-05-13 11:20:19 | node_22 | INFO ] ✅ [FORCE] Local model added for round 48. (4/10)
[ 2026-05-13 11:20:19 | node_18 | INFO ] 🧩 Model added for round 48 (3/5) from ['node_8']
[ 2026-05-13 11:20:19 | node_27 | INFO ] 🧩 Model added for round 48 (4/8) from ['node_45']
[ 2026-05-13 11:20:20 | node_19 | INFO ] 🧩 Model added for round 48 (5/11) from ['node_34']
[ 2026-05-13 11:20:21 | node_34 | INFO ] 🧩 Model added for round 48 (6/10) from ['node_8']
[ 2026-05-13 11:20:21 | node_21 | INFO ] 🧩 Model added for round 48 (6/7) from ['node_34']
[ 2026-05-13 11:20:24 | node_22 | INFO ] 📤 Sending model to 9 direct neighbors: ['node_2', 'node_5', 'node_6', 'node_11', 'node_17', 'node_18', 'node_28', 'node_30', 'node_37']
[ 2026-05-13 11:20:25 | node_43 | INFO ] ⏹️  Gossiping exited for 50 equal rounds.
[ 2026-05-13 11:20:25 | node_43 | INFO ] 🔬 Evaluating...
[ 2026-05-13 11:20:25 | node_43 | INFO ] 📈 Evaluated. Results: {'test_loss': 0.1841699630022049, 'test_acc': 0.9750000238418579, 'test_precision': 0.9794528484344482, 'test_recall': 0.9709325432777405, 'test_f1': 0.9746227264404297, 'communication_cost': 26343772}
[ 2026-05-13 11:20:25 | node_43 | INFO ] 📢 Broadcasting metrics.
[ 2026-05-13 11:20:26 | node_17 | INFO ] 🧩 Model added for round 48 (4/13) from ['node_22']
[ 2026-05-13 11:20:26 | node_23 | INFO ] ⏹️  Gossiping exited for 50 equal rounds.
[ 2026-05-13 11:20:26 | node_23 | INFO ] 🔬 Evaluating...
[ 2026-05-13 11:20:27 | node_23 | INFO ] 📈 Evaluated. Results: {'test_loss': 0.16658401489257812, 'test_acc': 0.9750000238418579, 'test_precision': 0.9761093854904175, 'test_recall': 0.9761905074119568, 'test_f1': 0.9750913977622986, 'communication_cost': 37633960}
[ 2026-05-13 11:20:27 | node_23 | INFO ] 📢 Broadcasting metrics.
[ 2026-05-13 11:20:28 | node_18 | INFO ] 🧩 Model added for round 48 (4/5) from ['node_22']
[ 2026-05-13 11:20:29 | node_43 | INFO ] 🎉 Round 48 of 50 finished.
[ 2026-05-13 11:20:29 | node_43 | INFO ] 🗳️ [DETERMINISTIC] Train set assigned (No Voting). Size: 50
[ 2026-05-13 11:20:29 | node_43 | INFO ] ♻️ Proactively processing 6 early models for round 48.
[ 2026-05-13 11:20:29 | node_43 | INFO ] 🧩 Model added for round 48 (1/8) from ['node_33']
[ 2026-05-13 11:20:29 | node_43 | INFO ] 🧩 Model added for round 48 (2/8) from ['node_12']
[ 2026-05-13 11:20:29 | node_43 | INFO ] 🧩 Model added for round 48 (3/8) from ['node_17']
[ 2026-05-13 11:20:29 | node_43 | INFO ] 🧩 Model added for round 48 (4/8) from ['node_48']
[ 2026-05-13 11:20:30 | node_43 | INFO ] 🧩 Model added for round 48 (5/8) from ['node_46']
[ 2026-05-13 11:20:30 | node_43 | INFO ] 🧩 Model added for round 48 (6/8) from ['node_19']
[ 2026-05-13 11:20:30 | node_37 | INFO ] 🧩 Model added for round 48 (3/6) from ['node_22']
[ 2026-05-13 11:20:30 | node_10 | INFO ] ⏹️  Gossiping exited for 50 equal rounds.
[ 2026-05-13 11:20:30 | node_43 | INFO ] 🏋️‍♀️ Preparing training...
[ 2026-05-13 11:20:30 | node_10 | INFO ] 🔬 Evaluating...
[ 2026-05-13 11:20:30 | node_30 | INFO ] ⏹️  Gossiping exited for 50 equal rounds.
[ 2026-05-13 11:20:30 | node_30 | INFO ] 🔬 Evaluating...
[ 2026-05-13 11:20:30 | node_43 | INFO ] 🎓 Training step done.
[ 2026-05-13 11:20:30 | node_10 | INFO ] 📈 Evaluated. Results: {'test_loss': 0.1766648143529892, 'test_acc': 0.9750000238418579, 'test_precision': 0.9741084575653076, 'test_recall': 0.9761966466903687, 'test_f1': 0.9745236039161682, 'communication_cost': 30107168}
[ 2026-05-13 11:20:30 | node_43 | INFO ] 🛠️ Calling force_add_local_model...
[ 2026-05-13 11:20:30 | node_43 | INFO ] ✅ [FORCE] Local model added for round 48. (7/8)
[ 2026-05-13 11:20:30 | node_10 | INFO ] 📢 Broadcasting metrics.
[ 2026-05-13 11:20:30 | node_30 | INFO ] 📈 Evaluated. Results: {'test_loss': 0.10767323523759842, 'test_acc': 0.9900000095367432, 'test_precision': 0.9885093569755554, 'test_recall': 0.9910001158714294, 'test_f1': 0.9894691705703735, 'communication_cost': 37633960}
[ 2026-05-13 11:20:31 | node_30 | INFO ] 📢 Broadcasting metrics.
[ 2026-05-13 11:20:31 | node_42 | INFO ] ⏹️  Gossiping exited for 50 equal rounds.
[ 2026-05-13 11:20:31 | node_42 | INFO ] 🔬 Evaluating...
[ 2026-05-13 11:20:32 | node_42 | INFO ] 📈 Evaluated. Results: {'test_loss': 0.30796951055526733, 'test_acc': 0.9750000238418579, 'test_precision': 0.97601717710495, 'test_recall': 0.9772380590438843, 'test_f1': 0.9756444692611694, 'communication_cost': 37633960}
[ 2026-05-13 11:20:32 | node_42 | INFO ] 📢 Broadcasting metrics.
[ 2026-05-13 11:20:32 | node_38 | INFO ] ⏹️  Gossiping exited for 50 equal rounds.
[ 2026-05-13 11:20:32 | node_38 | INFO ] 🔬 Evaluating...
[ 2026-05-13 11:20:32 | node_23 | INFO ] 🎉 Round 48 of 50 finished.
[ 2026-05-13 11:20:32 | node_23 | INFO ] 🗳️ [DETERMINISTIC] Train set assigned (No Voting). Size: 50
[ 2026-05-13 11:20:32 | node_38 | INFO ] 📈 Evaluated. Results: {'test_loss': 0.1157442033290863, 'test_acc': 0.9649999737739563, 'test_precision': 0.9633386135101318, 'test_recall': 0.9565325975418091, 'test_f1': 0.9589846134185791, 'communication_cost': 33870564}
[ 2026-05-13 11:20:32 | node_23 | INFO ] ♻️ Proactively processing 7 early models for round 48.
[ 2026-05-13 11:20:32 | node_23 | INFO ] 🧩 Model added for round 48 (1/11) from ['node_9']
[ 2026-05-13 11:20:32 | node_38 | INFO ] 📢 Broadcasting metrics.
[ 2026-05-13 11:20:32 | node_23 | INFO ] 🧩 Model added for round 48 (2/11) from ['node_7']
[ 2026-05-13 11:20:32 | node_23 | INFO ] 🧩 Model added for round 48 (3/11) from ['node_1']
[ 2026-05-13 11:20:33 | node_23 | INFO ] 🧩 Model added for round 48 (4/11) from ['node_39']
[ 2026-05-13 11:20:33 | node_23 | INFO ] 🧩 Model added for round 48 (5/11) from ['node_47']
[ 2026-05-13 11:20:33 | node_23 | INFO ] 🧩 Model added for round 48 (6/11) from ['node_19']
[ 2026-05-13 11:20:33 | node_23 | INFO ] 🧩 Model added for round 48 (7/11) from ['node_34']
[ 2026-05-13 11:20:33 | node_23 | INFO ] 🏋️‍♀️ Preparing training...
[ 2026-05-13 11:20:33 | node_23 | INFO ] 🎓 Training step done.
[ 2026-05-13 11:20:33 | node_23 | INFO ] 🛠️ Calling force_add_local_model...
[ 2026-05-13 11:20:33 | node_23 | INFO ] ✅ [FORCE] Local model added for round 48. (8/11)
[ 2026-05-13 11:20:34 | node_10 | INFO ] 🎉 Round 48 of 50 finished.
[ 2026-05-13 11:20:35 | node_10 | INFO ] 🗳️ [DETERMINISTIC] Train set assigned (No Voting). Size: 50
[ 2026-05-13 11:20:35 | node_10 | INFO ] ♻️ Proactively processing 4 early models for round 48.
[ 2026-05-13 11:20:35 | node_10 | INFO ] 🧩 Model added for round 48 (1/9) from ['node_15']
[ 2026-05-13 11:20:35 | node_10 | INFO ] 🧩 Model added for round 48 (2/9) from ['node_25']
[ 2026-05-13 11:20:35 | node_10 | INFO ] 🧩 Model added for round 48 (3/9) from ['node_17']
[ 2026-05-13 11:20:35 | node_10 | INFO ] 🧩 Model added for round 48 (4/9) from ['node_27']
[ 2026-05-13 11:20:35 | node_10 | INFO ] 🏋️‍♀️ Preparing training...
[ 2026-05-13 11:20:35 | node_30 | INFO ] 🎉 Round 48 of 50 finished.
[ 2026-05-13 11:20:35 | node_43 | INFO ] 📤 Sending model to 7 direct neighbors: ['node_5', 'node_12', 'node_17', 'node_19', 'node_33', 'node_46', 'node_48']
[ 2026-05-13 11:20:35 | node_10 | INFO ] 🎓 Training step done.
[ 2026-05-13 11:20:36 | node_10 | INFO ] 🛠️ Calling force_add_local_model...
[ 2026-05-13 11:20:36 | node_30 | INFO ] 🗳️ [DETERMINISTIC] Train set assigned (No Voting). Size: 50
[ 2026-05-13 11:20:36 | node_10 | INFO ] ✅ [FORCE] Local model added for round 48. (5/9)
[ 2026-05-13 11:20:36 | node_30 | INFO ] ♻️ Proactively processing 5 early models for round 48.
[ 2026-05-13 11:20:36 | node_30 | INFO ] 🧩 Model added for round 48 (1/11) from ['node_1']
[ 2026-05-13 11:20:36 | node_30 | INFO ] 🧩 Model added for round 48 (2/11) from ['node_39']
[ 2026-05-13 11:20:36 | node_30 | INFO ] 🧩 Model added for round 48 (3/11) from ['node_44']
[ 2026-05-13 11:20:36 | node_30 | INFO ] 🧩 Model added for round 48 (4/11) from ['node_27']
[ 2026-05-13 11:20:36 | node_30 | INFO ] 🧩 Model added for round 48 (5/11) from ['node_22']
[ 2026-05-13 11:20:36 | node_30 | INFO ] 🏋️‍♀️ Preparing training...
[ 2026-05-13 11:20:36 | node_12 | INFO ] 🧩 Model added for round 48 (5/10) from ['node_43']
[ 2026-05-13 11:20:36 | node_42 | INFO ] 🎉 Round 48 of 50 finished.
[ 2026-05-13 11:20:37 | node_30 | INFO ] 🎓 Training step done.
[ 2026-05-13 11:20:37 | node_42 | INFO ] 🗳️ [DETERMINISTIC] Train set assigned (No Voting). Size: 50
[ 2026-05-13 11:20:37 | node_30 | INFO ] 🛠️ Calling force_add_local_model...
[ 2026-05-13 11:20:37 | node_30 | INFO ] ✅ [FORCE] Local model added for round 48. (6/11)
[ 2026-05-13 11:20:37 | node_42 | INFO ] ♻️ Proactively processing 7 early models for round 48.
[ 2026-05-13 11:20:37 | node_42 | INFO ] 🧩 Model added for round 48 (1/11) from ['node_15']
[ 2026-05-13 11:20:37 | node_38 | INFO ] 🎉 Round 48 of 50 finished.
[ 2026-05-13 11:20:37 | node_42 | INFO ] 🧩 Model added for round 48 (2/11) from ['node_18']
[ 2026-05-13 11:20:37 | node_42 | INFO ] 🧩 Model added for round 48 (3/11) from ['node_1']
[ 2026-05-13 11:20:37 | node_38 | INFO ] 🗳️ [DETERMINISTIC] Train set assigned (No Voting). Size: 50
[ 2026-05-13 11:20:37 | node_42 | INFO ] 🧩 Model added for round 48 (4/11) from ['node_41']
[ 2026-05-13 11:20:37 | node_42 | INFO ] 🧩 Model added for round 48 (5/11) from ['node_25']
[ 2026-05-13 11:20:37 | node_42 | INFO ] 🧩 Model added for round 48 (6/11) from ['node_48']
[ 2026-05-13 11:20:37 | node_38 | INFO ] ♻️ Proactively processing 4 early models for round 48.
[ 2026-05-13 11:20:37 | node_42 | INFO ] 🧩 Model added for round 48 (7/11) from ['node_44']
[ 2026-05-13 11:20:37 | node_42 | INFO ] 🏋️‍♀️ Preparing training...
[ 2026-05-13 11:20:37 | node_38 | INFO ] 🧩 Model added for round 48 (1/10) from ['node_12']
[ 2026-05-13 11:20:37 | node_38 | INFO ] 🧩 Model added for round 48 (2/10) from ['node_32']
[ 2026-05-13 11:20:38 | node_38 | INFO ] 🧩 Model added for round 48 (3/10) from ['node_19']
[ 2026-05-13 11:20:38 | node_38 | INFO ] 🧩 Model added for round 48 (4/10) from ['node_45']
[ 2026-05-13 11:20:38 | node_38 | INFO ] 🏋️‍♀️ Preparing training...
[ 2026-05-13 11:20:38 | node_17 | INFO ] 🧩 Model added for round 48 (5/13) from ['node_43']
[ 2026-05-13 11:20:38 | node_42 | INFO ] 🎓 Training step done.
[ 2026-05-13 11:20:38 | node_42 | INFO ] 🛠️ Calling force_add_local_model...
[ 2026-05-13 11:20:38 | node_42 | INFO ] ✅ [FORCE] Local model added for round 48. (8/11)
[ 2026-05-13 11:20:38 | node_38 | INFO ] 🎓 Training step done.
[ 2026-05-13 11:20:38 | node_38 | INFO ] 🛠️ Calling force_add_local_model...
[ 2026-05-13 11:20:38 | node_38 | INFO ] ✅ [FORCE] Local model added for round 48. (5/10)
[ 2026-05-13 11:20:38 | node_23 | INFO ] 📤 Sending model to 10 direct neighbors: ['node_1', 'node_7', 'node_9', 'node_19', 'node_24', 'node_30', 'node_34', 'node_38', 'node_39', 'node_47']
[ 2026-05-13 11:20:39 | node_1 | INFO ] 🧩 Model added for round 48 (6/9) from ['node_23']
[ 2026-05-13 11:20:39 | node_19 | INFO ] 🧩 Model added for round 48 (6/11) from ['node_43']
[ 2026-05-13 11:20:40 | node_14 | INFO ] ⏹️  Gossiping exited for 50 equal rounds.
[ 2026-05-13 11:20:40 | node_14 | INFO ] 🔬 Evaluating...
[ 2026-05-13 11:20:40 | node_16 | INFO ] ⏹️  Gossiping exited for 50 equal rounds.
[ 2026-05-13 11:20:40 | node_7 | INFO ] 🧩 Model added for round 48 (5/6) from ['node_23']
[ 2026-05-13 11:20:40 | node_16 | INFO ] 🔬 Evaluating...
[ 2026-05-13 11:20:40 | node_14 | INFO ] 📈 Evaluated. Results: {'test_loss': 0.09968577325344086, 'test_acc': 0.9750000238418579, 'test_precision': 0.9741953015327454, 'test_recall': 0.9743944406509399, 'test_f1': 0.9736349582672119, 'communication_cost': 41397356}
[ 2026-05-13 11:20:40 | node_14 | INFO ] 📢 Broadcasting metrics.
[ 2026-05-13 11:20:41 | node_16 | INFO ] 📈 Evaluated. Results: {'test_loss': 0.15288977324962616, 'test_acc': 0.9649999737739563, 'test_precision': 0.9625146985054016, 'test_recall': 0.959535539150238, 'test_f1': 0.9593725800514221, 'communication_cost': 37633960}
[ 2026-05-13 11:20:41 | node_10 | INFO ] 📤 Sending model to 8 direct neighbors: ['node_15', 'node_17', 'node_24', 'node_25', 'node_26', 'node_27', 'node_28', 'node_30']
[ 2026-05-13 11:20:41 | node_16 | INFO ] 📢 Broadcasting metrics.
[ 2026-05-13 11:20:41 | node_15 | INFO ] 🧩 Model added for round 48 (5/8) from ['node_10']
[ 2026-05-13 11:20:41 | node_33 | INFO ] 🧩 Model added for round 48 (6/6) from ['node_43']
[ 2026-05-13 11:20:41 | node_9 | INFO ] 🧩 Model added for round 48 (7/8) from ['node_23']
[ 2026-05-13 11:20:42 | node_33 | INFO ] 🧠 Aggregation complete. Setting new model.
[ 2026-05-13 11:20:42 | node_30 | INFO ] 📤 Sending model to 10 direct neighbors: ['node_1', 'node_10', 'node_16', 'node_22', 'node_23', 'node_27', 'node_35', 'node_36', 'node_39', 'node_44']
[ 2026-05-13 11:20:42 | node_33 | INFO ] 🗣️ Gossiping aggregated model.
[ 2026-05-13 11:20:42 | node_1 | INFO ] 🧩 Model added for round 48 (7/9) from ['node_30']
[ 2026-05-13 11:20:43 | node_46 | INFO ] 🧩 Model added for round 48 (8/9) from ['node_43']
[ 2026-05-13 11:20:43 | node_19 | INFO ] 🧩 Model added for round 48 (7/11) from ['node_23']
[ 2026-05-13 11:20:43 | node_17 | INFO ] 🧩 Model added for round 48 (6/13) from ['node_10']
[ 2026-05-13 11:20:43 | node_42 | INFO ] 📤 Sending model to 10 direct neighbors: ['node_1', 'node_2', 'node_11', 'node_15', 'node_18', 'node_25', 'node_36', 'node_41', 'node_44', 'node_48']
[ 2026-05-13 11:20:43 | node_5 | INFO ] ⏹️  Gossiping exited for 50 equal rounds.
[ 2026-05-13 11:20:43 | node_11 | INFO ] ⏹️  Gossiping exited for 50 equal rounds.
[ 2026-05-13 11:20:43 | node_38 | INFO ] 📤 Sending model to 9 direct neighbors: ['node_5', 'node_12', 'node_14', 'node_16', 'node_19', 'node_23', 'node_32', 'node_36', 'node_45']
[ 2026-05-13 11:20:43 | node_5 | INFO ] 🔬 Evaluating...
[ 2026-05-13 11:20:44 | node_11 | INFO ] 🔬 Evaluating...
[ 2026-05-13 11:20:44 | node_10 | INFO ] 🧩 Model added for round 48 (6/9) from ['node_30']
[ 2026-05-13 11:20:44 | node_11 | INFO ] 📈 Evaluated. Results: {'test_loss': 0.03797653317451477, 'test_acc': 0.9800000190734863, 'test_precision': 0.9793707132339478, 'test_recall': 0.9841615557670593, 'test_f1': 0.9810281991958618, 'communication_cost': 30107168}
[ 2026-05-13 11:20:44 | node_5 | INFO ] 📈 Evaluated. Results: {'test_loss': 0.32665279507637024, 'test_acc': 0.9700000286102295, 'test_precision': 0.9680230021476746, 'test_recall': 0.9646918773651123, 'test_f1': 0.9659693837165833, 'communication_cost': 37633960}
[ 2026-05-13 11:20:45 | node_48 | INFO ] 🧩 Model added for round 48 (3/7) from ['node_43']
[ 2026-05-13 11:20:45 | node_1 | INFO ] 🧩 Model added for round 48 (8/9) from ['node_42']
[ 2026-05-13 11:20:45 | node_5 | INFO ] 📢 Broadcasting metrics.
[ 2026-05-13 11:20:45 | node_11 | INFO ] 📢 Broadcasting metrics.
[ 2026-05-13 11:20:45 | node_14 | INFO ] 🎉 Round 48 of 50 finished.
[ 2026-05-13 11:20:45 | node_12 | INFO ] 🧩 Model added for round 48 (6/10) from ['node_38']
[ 2026-05-13 11:20:45 | node_14 | INFO ] 🗳️ [DETERMINISTIC] Train set assigned (No Voting). Size: 50
[ 2026-05-13 11:20:45 | node_30 | INFO ] 🧩 Model added for round 48 (7/11) from ['node_23']
[ 2026-05-13 11:20:45 | node_25 | INFO ] 🧩 Model added for round 48 (8/10) from ['node_10']
[ 2026-05-13 11:20:45 | node_16 | INFO ] 🎉 Round 48 of 50 finished.
[ 2026-05-13 11:20:45 | node_16 | INFO ] 🗳️ [DETERMINISTIC] Train set assigned (No Voting). Size: 50
[ 2026-05-13 11:20:45 | node_14 | INFO ] ♻️ Proactively processing 4 early models for round 48.
[ 2026-05-13 11:20:45 | node_14 | INFO ] 🧩 Model added for round 48 (1/12) from ['node_7']
[ 2026-05-13 11:20:45 | node_14 | INFO ] 🧩 Model added for round 48 (2/12) from ['node_15']
[ 2026-05-13 11:20:45 | node_16 | INFO ] ♻️ Proactively processing 4 early models for round 48.
[ 2026-05-13 11:20:45 | node_14 | INFO ] 🧩 Model added for round 48 (3/12) from ['node_12']
[ 2026-05-13 11:20:45 | node_16 | INFO ] 🧩 Model added for round 48 (1/11) from ['node_40']
[ 2026-05-13 11:20:45 | node_14 | INFO ] 🧩 Model added for round 48 (4/12) from ['node_47']
[ 2026-05-13 11:20:46 | node_16 | INFO ] 🧩 Model added for round 48 (2/11) from ['node_13']
[ 2026-05-13 11:20:46 | node_14 | INFO ] 🏋️‍♀️ Preparing training...
[ 2026-05-13 11:20:46 | node_16 | INFO ] 🧩 Model added for round 48 (3/11) from ['node_27']
[ 2026-05-13 11:20:46 | node_16 | INFO ] 🧩 Model added for round 48 (4/11) from ['node_34']
[ 2026-05-13 11:20:46 | node_16 | INFO ] 🏋️‍♀️ Preparing training...
[ 2026-05-13 11:20:46 | node_16 | INFO ] 🧩 Model added for round 48 (5/11) from ['node_30']
[ 2026-05-13 11:20:46 | node_14 | INFO ] 🎓 Training step done.
[ 2026-05-13 11:20:46 | node_14 | INFO ] 🛠️ Calling force_add_local_model...
[ 2026-05-13 11:20:46 | node_20 | INFO ] ⏹️  Gossiping exited for 50 equal rounds.
[ 2026-05-13 11:20:46 | node_14 | INFO ] ✅ [FORCE] Local model added for round 48. (5/12)
[ 2026-05-13 11:20:46 | node_16 | INFO ] 🎓 Training step done.
[ 2026-05-13 11:20:46 | node_16 | INFO ] 🛠️ Calling force_add_local_model...
[ 2026-05-13 11:20:46 | node_20 | INFO ] 🔬 Evaluating...
[ 2026-05-13 11:20:46 | node_16 | INFO ] ✅ [FORCE] Local model added for round 48. (6/11)
[ 2026-05-13 11:20:47 | node_20 | INFO ] 📈 Evaluated. Results: {'test_loss': 0.2888360917568207, 'test_acc': 0.949999988079071, 'test_precision': 0.9465317726135254, 'test_recall': 0.9482343196868896, 'test_f1': 0.9461542367935181, 'communication_cost': 26343772}
[ 2026-05-13 11:20:47 | node_14 | INFO ] 🧩 Model added for round 48 (6/12) from ['node_38']
[ 2026-05-13 11:20:47 | node_15 | INFO ] 🧩 Model added for round 48 (6/8) from ['node_42']
[ 2026-05-13 11:20:47 | node_20 | INFO ] 📢 Broadcasting metrics.
[ 2026-05-13 11:20:47 | node_34 | INFO ] 🧩 Model added for round 48 (7/10) from ['node_23']
[ 2026-05-13 11:20:47 | node_27 | INFO ] 🧩 Model added for round 48 (5/8) from ['node_10']
[ 2026-05-13 11:20:48 | node_22 | INFO ] 🧩 Model added for round 48 (5/10) from ['node_30']
[ 2026-05-13 11:20:48 | node_18 | INFO ] 🧩 Model added for round 48 (5/5) from ['node_42']
[ 2026-05-13 11:20:49 | node_38 | INFO ] 🧩 Model added for round 48 (6/10) from ['node_23']
[ 2026-05-13 11:20:49 | node_16 | INFO ] 🧩 Model added for round 48 (7/11) from ['node_38']
[ 2026-05-13 11:20:49 | node_18 | INFO ] 🧠 Aggregation complete. Setting new model.
[ 2026-05-13 11:20:49 | node_11 | INFO ] 🎉 Round 48 of 50 finished.
[ 2026-05-13 11:20:49 | node_11 | INFO ] 🗳️ [DETERMINISTIC] Train set assigned (No Voting). Size: 50
[ 2026-05-13 11:20:49 | node_11 | INFO ] ♻️ Proactively processing 8 early models for round 48.
[ 2026-05-13 11:20:49 | node_30 | INFO ] 🧩 Model added for round 48 (8/11) from ['node_10']
[ 2026-05-13 11:20:49 | node_11 | INFO ] 🧩 Model added for round 48 (1/9) from ['node_49']
[ 2026-05-13 11:20:49 | node_11 | INFO ] 🧩 Model added for round 48 (2/9) from ['node_37']
[ 2026-05-13 11:20:49 | node_18 | INFO ] 🗣️ Gossiping aggregated model.
[ 2026-05-13 11:20:49 | node_11 | INFO ] 🧩 Model added for round 48 (3/9) from ['node_41']
[ 2026-05-13 11:20:49 | node_11 | INFO ] 🧩 Model added for round 48 (4/9) from ['node_17']
[ 2026-05-13 11:20:49 | node_11 | INFO ] 🧩 Model added for round 48 (5/9) from ['node_44']
[ 2026-05-13 11:20:49 | node_11 | INFO ] 🧩 Model added for round 48 (6/9) from ['node_19']
[ 2026-05-13 11:20:49 | node_11 | INFO ] 🧩 Model added for round 48 (7/9) from ['node_22']
[ 2026-05-13 11:20:50 | node_11 | INFO ] 🧩 Model added for round 48 (8/9) from ['node_42']
[ 2026-05-13 11:20:50 | node_25 | INFO ] 🧩 Model added for round 48 (9/10) from ['node_42']
[ 2026-05-13 11:20:50 | node_23 | INFO ] 🧩 Model added for round 48 (9/11) from ['node_30']
[ 2026-05-13 11:20:50 | node_11 | INFO ] 🏋️‍♀️ Preparing training...
[ 2026-05-13 11:20:50 | node_26 | INFO ] ⏹️  Gossiping exited for 50 equal rounds.
[ 2026-05-13 11:20:50 | node_5 | INFO ] 🎉 Round 48 of 50 finished.
[ 2026-05-13 11:20:50 | node_26 | INFO ] 🔬 Evaluating...
[ 2026-05-13 11:20:50 | node_5 | INFO ] 🗳️ [DETERMINISTIC] Train set assigned (No Voting). Size: 50
[ 2026-05-13 11:20:50 | node_5 | INFO ] ♻️ Proactively processing 8 early models for round 48.
[ 2026-05-13 11:20:50 | node_5 | INFO ] 🧩 Model added for round 48 (1/11) from ['node_12']
[ 2026-05-13 11:20:50 | node_5 | INFO ] 🧩 Model added for round 48 (2/11) from ['node_17']
[ 2026-05-13 11:20:50 | node_20 | INFO ] 🎉 Round 48 of 50 finished.
[ 2026-05-13 11:20:51 | node_5 | INFO ] 🧩 Model added for round 48 (3/11) from ['node_4']
[ 2026-05-13 11:20:51 | node_20 | INFO ] 🗳️ [DETERMINISTIC] Train set assigned (No Voting). Size: 50
[ 2026-05-13 11:20:51 | node_11 | INFO ] 🎓 Training step done.
[ 2026-05-13 11:20:51 | node_5 | INFO ] 🧩 Model added for round 48 (4/11) from ['node']
[ 2026-05-13 11:20:51 | node_20 | INFO ] ♻️ Proactively processing 4 early models for round 48.
[ 2026-05-13 11:20:51 | node_11 | INFO ] 🛠️ Calling force_add_local_model...
[ 2026-05-13 11:20:51 | node_5 | INFO ] 🧩 Model added for round 48 (5/11) from ['node_19']
[ 2026-05-13 11:20:51 | node_39 | INFO ] 🧩 Model added for round 48 (6/10) from ['node_23']
[ 2026-05-13 11:20:51 | node_20 | INFO ] 🧩 Model added for round 48 (1/8) from ['node_39']
[ 2026-05-13 11:20:51 | node_26 | INFO ] 📈 Evaluated. Results: {'test_loss': 0.18380340933799744, 'test_acc': 0.9800000190734863, 'test_precision': 0.9779167175292969, 'test_recall': 0.9807870984077454, 'test_f1': 0.9789066910743713, 'communication_cost': 33870564}
[ 2026-05-13 11:20:51 | node_5 | INFO ] 🧩 Model added for round 48 (6/11) from ['node_22']
[ 2026-05-13 11:20:51 | node_11 | INFO ] ✅ [FORCE] Local model added for round 48. (9/9)
[ 2026-05-13 11:20:51 | node_20 | INFO ] 🧩 Model added for round 48 (2/8) from ['node_29']
[ 2026-05-13 11:20:51 | node_5 | INFO ] 🧩 Model added for round 48 (7/11) from ['node_43']
[ 2026-05-13 11:20:51 | node_20 | INFO ] 🧩 Model added for round 48 (3/8) from ['node_48']
[ 2026-05-13 11:20:51 | node_26 | INFO ] 📢 Broadcasting metrics.
[ 2026-05-13 11:20:51 | node_19 | INFO ] 🧩 Model added for round 48 (8/11) from ['node_38']
[ 2026-05-13 11:20:51 | node_5 | INFO ] 🧩 Model added for round 48 (8/11) from ['node_38']
[ 2026-05-13 11:20:51 | node_20 | INFO ] 🧩 Model added for round 48 (4/8) from ['node_8']
[ 2026-05-13 11:20:51 | node_5 | INFO ] 🏋️‍♀️ Preparing training...
[ 2026-05-13 11:20:51 | node_20 | INFO ] 🏋️‍♀️ Preparing training...
[ 2026-05-13 11:20:51 | node_14 | INFO ] 📤 Sending model to 11 direct neighbors: ['node_2', 'node_6', 'node_7', 'node_12', 'node_15', 'node_20', 'node_26', 'node_31', 'node_35', 'node_38', 'node_47']
[ 2026-05-13 11:20:51 | node_16 | INFO ] 📤 Sending model to 10 direct neighbors: ['node_2', 'node_13', 'node_26', 'node_27', 'node_28', 'node_30', 'node_34', 'node_36', 'node_38', 'node_40']
[ 2026-05-13 11:20:52 | node_5 | INFO ] 🎓 Training step done.
[ 2026-05-13 11:20:52 | node_20 | INFO ] 🎓 Training step done.
[ 2026-05-13 11:20:52 | node_5 | INFO ] 🛠️ Calling force_add_local_model...
[ 2026-05-13 11:20:52 | node_27 | INFO ] 🧩 Model added for round 48 (6/8) from ['node_30']
[ 2026-05-13 11:20:52 | node_20 | INFO ] 🛠️ Calling force_add_local_model...
[ 2026-05-13 11:20:52 | node_5 | INFO ] ✅ [FORCE] Local model added for round 48. (9/11)
[ 2026-05-13 11:20:52 | node_20 | INFO ] ✅ [FORCE] Local model added for round 48. (5/8)
[ 2026-05-13 11:20:52 | node_41 | INFO ] 🧩 Model added for round 48 (6/8) from ['node_42']
[ 2026-05-13 11:20:52 | node_13 | INFO ] 🧩 Model added for round 48 (8/10) from ['node_16']
[ 2026-05-13 11:20:53 | node_47 | INFO ] 🧩 Model added for round 48 (6/7) from ['node_23']
[ 2026-05-13 11:20:53 | node_7 | INFO ] 🧩 Model added for round 48 (6/6) from ['node_14']
[ 2026-05-13 11:20:53 | node_23 | INFO ] 🧩 Model added for round 48 (10/11) from ['node_38']
[ 2026-05-13 11:20:54 | node_44 | INFO ] 🧩 Model added for round 48 (6/9) from ['node_42']
[ 2026-05-13 11:20:54 | node_12 | INFO ] 🧩 Model added for round 48 (7/10) from ['node_14']
[ 2026-05-13 11:20:54 | node_7 | INFO ] 🧠 Aggregation complete. Setting new model.
[ 2026-05-13 11:20:54 | node_39 | INFO ] 🧩 Model added for round 48 (7/10) from ['node_30']
[ 2026-05-13 11:20:54 | node_27 | INFO ] 🧩 Model added for round 48 (7/8) from ['node_16']
[ 2026-05-13 11:20:55 | node_7 | INFO ] 🗣️ Gossiping aggregated model.
[ 2026-05-13 11:20:55 | node_32 | INFO ] 🧩 Model added for round 48 (6/9) from ['node_38']
[ 2026-05-13 11:20:55 | node_48 | INFO ] 🧩 Model added for round 48 (4/7) from ['node_42']
[ 2026-05-13 11:20:55 | node_15 | INFO ] 🧩 Model added for round 48 (7/8) from ['node_14']
[ 2026-05-13 11:20:56 | node_44 | INFO ] 🧩 Model added for round 48 (7/9) from ['node_30']
[ 2026-05-13 11:20:56 | node_11 | INFO ] 📤 Sending model to 8 direct neighbors: ['node_17', 'node_19', 'node_22', 'node_37', 'node_41', 'node_42', 'node_44', 'node_49']
[ 2026-05-13 11:20:56 | node_26 | INFO ] 🎉 Round 48 of 50 finished.
[ 2026-05-13 11:20:56 | node_30 | INFO ] 🧩 Model added for round 48 (9/11) from ['node_16']
[ 2026-05-13 11:20:56 | node_26 | INFO ] 🗳️ [DETERMINISTIC] Train set assigned (No Voting). Size: 50
[ 2026-05-13 11:20:56 | node_17 | INFO ] 🧩 Model added for round 48 (7/13) from ['node_11']
[ 2026-05-13 11:20:56 | node_26 | INFO ] ♻️ Proactively processing 7 early models for round 48.
[ 2026-05-13 11:20:56 | node_26 | INFO ] 🧩 Model added for round 48 (1/10) from ['node_12']
[ 2026-05-13 11:20:56 | node_26 | INFO ] 🧩 Model added for round 48 (2/10) from ['node_41']
[ 2026-05-13 11:20:57 | node_45 | INFO ] 🧩 Model added for round 48 (3/6) from ['node_38']
[ 2026-05-13 11:20:57 | node_26 | INFO ] 🧩 Model added for round 48 (3/10) from ['node_32']
[ 2026-05-13 11:20:57 | node_26 | INFO ] 🧩 Model added for round 48 (4/10) from ['node_44']
[ 2026-05-13 11:20:57 | node_20 | INFO ] 🧩 Model added for round 48 (6/8) from ['node_14']
[ 2026-05-13 11:20:57 | node_26 | INFO ] 🧩 Model added for round 48 (5/10) from ['node_19']
[ 2026-05-13 11:20:57 | node_26 | INFO ] 🧩 Model added for round 48 (6/10) from ['node_10']
[ 2026-05-13 11:20:57 | node_5 | INFO ] 📤 Sending model to 10 direct neighbors: ['node', 'node_4', 'node_12', 'node_17', 'node_19', 'node_22', 'node_24', 'node_28', 'node_38', 'node_43']
[ 2026-05-13 11:20:57 | node_26 | INFO ] 🧩 Model added for round 48 (7/10) from ['node_16']
[ 2026-05-13 11:20:57 | node_20 | INFO ] 📤 Sending model to 7 direct neighbors: ['node_2', 'node_8', 'node_14', 'node_28', 'node_29', 'node_39', 'node_48']
[ 2026-05-13 11:20:57 | node_26 | INFO ] 🏋️‍♀️ Preparing training...
[ 2026-05-13 11:20:57 | node | INFO ] 🧩 Model added for round 48 (8/9) from ['node_5']
[ 2026-05-13 11:20:58 | node_26 | INFO ] 🎓 Training step done.
[ 2026-05-13 11:20:58 | node_26 | INFO ] 🛠️ Calling force_add_local_model...
[ 2026-05-13 11:20:58 | node_26 | INFO ] ✅ [FORCE] Local model added for round 48. (8/10)
[ 2026-05-13 11:20:58 | node_8 | INFO ] 🧩 Model added for round 48 (4/5) from ['node_20']
[ 2026-05-13 11:20:58 | node_34 | INFO ] 🧩 Model added for round 48 (8/10) from ['node_16']
[ 2026-05-13 11:20:58 | node_26 | INFO ] 🧩 Model added for round 48 (9/10) from ['node_14']
[ 2026-05-13 11:20:58 | node_19 | INFO ] 🧩 Model added for round 48 (9/11) from ['node_11']
[ 2026-05-13 11:20:59 | node_14 | INFO ] 🧩 Model added for round 48 (7/12) from ['node_20']
[ 2026-05-13 11:20:59 | node_4 | INFO ] 🧩 Model added for round 48 (9/12) from ['node_5']
[ 2026-05-13 11:21:00 | node_38 | INFO ] 🧩 Model added for round 48 (7/10) from ['node_16']
[ 2026-05-13 11:21:00 | node_36 | INFO ] ⏹️  Gossiping exited for 50 equal rounds.
[ 2026-05-13 11:21:00 | node_24 | INFO ] ⏹️  Gossiping exited for 50 equal rounds.
[ 2026-05-13 11:21:00 | node_36 | INFO ] 🔬 Evaluating...
[ 2026-05-13 11:21:00 | node_22 | INFO ] 🧩 Model added for round 48 (6/10) from ['node_11']
[ 2026-05-13 11:21:00 | node_24 | INFO ] 🔬 Evaluating...
[ 2026-05-13 11:21:00 | node_38 | INFO ] 🧩 Model added for round 48 (8/10) from ['node_14']
[ 2026-05-13 11:21:00 | node_36 | INFO ] 📈 Evaluated. Results: {'test_loss': 0.12304073572158813, 'test_acc': 0.9750000238418579, 'test_precision': 0.9762597680091858, 'test_recall': 0.9745502471923828, 'test_f1': 0.9748642444610596, 'communication_cost': 30107168}
[ 2026-05-13 11:21:01 | node_24 | INFO ] 📈 Evaluated. Results: {'test_loss': 0.2434999644756317, 'test_acc': 0.9649999737739563, 'test_precision': 0.959265947341919, 'test_recall': 0.9620863199234009, 'test_f1': 0.9602760076522827, 'communication_cost': 30107168}
[ 2026-05-13 11:21:01 | node_36 | INFO ] 📢 Broadcasting metrics.
[ 2026-05-13 11:21:01 | node_12 | INFO ] 🧩 Model added for round 48 (8/10) from ['node_5']
[ 2026-05-13 11:21:01 | node_24 | INFO ] 📢 Broadcasting metrics.
[ 2026-05-13 11:21:01 | node_29 | INFO ] 🧩 Model added for round 48 (4/6) from ['node_20']
[ 2026-05-13 11:21:02 | node_40 | INFO ] 🧩 Model added for round 48 (4/4) from ['node_16']
[ 2026-05-13 11:21:02 | node_37 | INFO ] 🧩 Model added for round 48 (4/6) from ['node_11']
[ 2026-05-13 11:21:02 | node_40 | INFO ] 🧠 Aggregation complete. Setting new model.
[ 2026-05-13 11:21:02 | node_47 | INFO ] 🧩 Model added for round 48 (7/7) from ['node_14']
[ 2026-05-13 11:21:02 | node_39 | INFO ] 🧩 Model added for round 48 (8/10) from ['node_20']
[ 2026-05-13 11:21:02 | node_40 | INFO ] 🗣️ Gossiping aggregated model.
[ 2026-05-13 11:21:02 | node_17 | INFO ] 🧩 Model added for round 48 (8/13) from ['node_5']
[ 2026-05-13 11:21:03 | node_26 | INFO ] 📤 Sending model to 9 direct neighbors: ['node_2', 'node_10', 'node_12', 'node_14', 'node_16', 'node_19', 'node_32', 'node_41', 'node_44']
[ 2026-05-13 11:21:03 | node_47 | INFO ] 🧠 Aggregation complete. Setting new model.
[ 2026-05-13 11:21:03 | node_47 | INFO ] 🗣️ Gossiping aggregated model.
[ 2026-05-13 11:21:03 | node_41 | INFO ] 🧩 Model added for round 48 (7/8) from ['node_11']
[ 2026-05-13 11:21:04 | node_10 | INFO ] 🧩 Model added for round 48 (7/9) from ['node_26']
[ 2026-05-13 11:21:04 | node_48 | INFO ] 🧩 Model added for round 48 (5/7) from ['node_20']
[ 2026-05-13 11:21:05 | node_24 | INFO ] 🎉 Round 48 of 50 finished.
[ 2026-05-13 11:21:05 | node_24 | INFO ] 🗳️ [DETERMINISTIC] Train set assigned (No Voting). Size: 50
[ 2026-05-13 11:21:05 | node_19 | INFO ] 🧩 Model added for round 48 (10/11) from ['node_5']
[ 2026-05-13 11:21:05 | node_36 | INFO ] 🎉 Round 48 of 50 finished.
[ 2026-05-13 11:21:05 | node_36 | INFO ] 🗳️ [DETERMINISTIC] Train set assigned (No Voting). Size: 50
[ 2026-05-13 11:21:05 | node_24 | INFO ] ♻️ Proactively processing 6 early models for round 48.
[ 2026-05-13 11:21:05 | node_24 | INFO ] 🧩 Model added for round 48 (1/9) from ['node_12']
[ 2026-05-13 11:21:05 | node_24 | INFO ] 🧩 Model added for round 48 (2/9) from ['node_3']
[ 2026-05-13 11:21:05 | node_24 | INFO ] 🧩 Model added for round 48 (3/9) from ['node_17']
[ 2026-05-13 11:21:05 | node_24 | INFO ] 🧩 Model added for round 48 (4/9) from ['node_4']
[ 2026-05-13 11:21:05 | node_24 | INFO ] 🧩 Model added for round 48 (5/9) from ['node_23']
[ 2026-05-13 11:21:05 | node_36 | INFO ] ♻️ Proactively processing 8 early models for round 48.
[ 2026-05-13 11:21:05 | node_24 | INFO ] 🧩 Model added for round 48 (6/9) from ['node_10']
[ 2026-05-13 11:21:05 | node_24 | INFO ] 🏋️‍♀️ Preparing training...
[ 2026-05-13 11:21:05 | node_36 | INFO ] 🧩 Model added for round 48 (1/9) from ['node_17']
[ 2026-05-13 11:21:05 | node_36 | INFO ] 🧩 Model added for round 48 (2/9) from ['node_48']
[ 2026-05-13 11:21:05 | node_42 | INFO ] 🧩 Model added for round 48 (9/11) from ['node_11']
[ 2026-05-13 11:21:05 | node_36 | INFO ] 🧩 Model added for round 48 (3/9) from ['node_4']
[ 2026-05-13 11:21:05 | node_36 | INFO ] 🧩 Model added for round 48 (4/9) from ['node_34']
[ 2026-05-13 11:21:05 | node_36 | INFO ] 🧩 Model added for round 48 (5/9) from ['node_42']
[ 2026-05-13 11:21:05 | node_36 | INFO ] 🧩 Model added for round 48 (6/9) from ['node_30']
[ 2026-05-13 11:21:05 | node_36 | INFO ] 🧩 Model added for round 48 (7/9) from ['node_38']
[ 2026-05-13 11:21:05 | node_36 | INFO ] 🧩 Model added for round 48 (8/9) from ['node_16']
[ 2026-05-13 11:21:05 | node_36 | INFO ] 🏋️‍♀️ Preparing training...
[ 2026-05-13 11:21:06 | node_24 | INFO ] 🎓 Training step done.
[ 2026-05-13 11:21:06 | node_12 | INFO ] 🧩 Model added for round 48 (9/10) from ['node_26']
[ 2026-05-13 11:21:06 | node_24 | INFO ] 🛠️ Calling force_add_local_model...
[ 2026-05-13 11:21:06 | node_36 | INFO ] 🎓 Training step done.
[ 2026-05-13 11:21:06 | node_24 | INFO ] ✅ [FORCE] Local model added for round 48. (7/9)
[ 2026-05-13 11:21:06 | node_36 | INFO ] 🛠️ Calling force_add_local_model...
[ 2026-05-13 11:21:06 | node_36 | INFO ] ✅ [FORCE] Local model added for round 48. (9/9)
[ 2026-05-13 11:21:06 | node_6 | INFO ] ⏹️  Gossiping exited for 50 equal rounds.
[ 2026-05-13 11:21:06 | node_22 | INFO ] 🧩 Model added for round 48 (7/10) from ['node_5']
[ 2026-05-13 11:21:06 | node_6 | INFO ] 🔬 Evaluating...
[ 2026-05-13 11:21:06 | node_44 | INFO ] 🧩 Model added for round 48 (8/9) from ['node_11']
[ 2026-05-13 11:21:07 | node_6 | INFO ] 📈 Evaluated. Results: {'test_loss': 0.10403849929571152, 'test_acc': 0.9700000286102295, 'test_precision': 0.9754884839057922, 'test_recall': 0.9593518972396851, 'test_f1': 0.9654322862625122, 'communication_cost': 37633960}
[ 2026-05-13 11:21:07 | node_6 | INFO ] 📢 Broadcasting metrics.
[ 2026-05-13 11:21:07 | node_14 | INFO ] 🧩 Model added for round 48 (8/12) from ['node_26']
[ 2026-05-13 11:21:08 | node_24 | INFO ] 🧩 Model added for round 48 (8/9) from ['node_5']
[ 2026-05-13 11:21:08 | node_49 | INFO ] 🧩 Model added for round 48 (5/5) from ['node_11']
[ 2026-05-13 11:21:08 | node_49 | INFO ] 🧠 Aggregation complete. Setting new model.
[ 2026-05-13 11:21:09 | node_11 | INFO ] 🧠 Aggregation complete. Setting new model.
[ 2026-05-13 11:21:09 | node_49 | INFO ] 🗣️ Gossiping aggregated model.
[ 2026-05-13 11:21:09 | node_16 | INFO ] 🧩 Model added for round 48 (8/11) from ['node_26']
[ 2026-05-13 11:21:10 | node_11 | INFO ] 🗣️ Gossiping aggregated model.
[ 2026-05-13 11:21:11 | node_38 | INFO ] 🧩 Model added for round 48 (9/10) from ['node_5']
[ 2026-05-13 11:21:11 | node_24 | INFO ] 📤 Sending model to 8 direct neighbors: ['node_2', 'node_3', 'node_4', 'node_5', 'node_10', 'node_12', 'node_17', 'node_23']
[ 2026-05-13 11:21:11 | node_36 | INFO ] 📤 Sending model to 8 direct neighbors: ['node_4', 'node_16', 'node_17', 'node_30', 'node_34', 'node_38', 'node_42', 'node_48']
[ 2026-05-13 11:21:11 | node_6 | INFO ] 🎉 Round 48 of 50 finished.
[ 2026-05-13 11:21:11 | node_19 | INFO ] 🧩 Model added for round 48 (11/11) from ['node_26']
[ 2026-05-13 11:21:11 | node_6 | INFO ] 🗳️ [DETERMINISTIC] Train set assigned (No Voting). Size: 50
[ 2026-05-13 11:21:11 | node_6 | INFO ] ♻️ Proactively processing 9 early models for round 48.
[ 2026-05-13 11:21:11 | node_6 | INFO ] 🧩 Model added for round 48 (1/11) from ['node_9']
[ 2026-05-13 11:21:11 | node_6 | INFO ] 🧩 Model added for round 48 (2/11) from ['node_39']
[ 2026-05-13 11:21:11 | node_6 | INFO ] 🧩 Model added for round 48 (3/11) from ['node_1']
[ 2026-05-13 11:21:11 | node_6 | INFO ] 🧩 Model added for round 48 (4/11) from ['node_25']
[ 2026-05-13 11:21:12 | node_6 | INFO ] 🧩 Model added for round 48 (5/11) from ['node_32']
[ 2026-05-13 11:21:12 | node_6 | INFO ] 🧩 Model added for round 48 (6/11) from ['node_34']
[ 2026-05-13 11:21:12 | node_6 | INFO ] 🧩 Model added for round 48 (7/11) from ['node_45']
[ 2026-05-13 11:21:12 | node_6 | INFO ] 🧩 Model added for round 48 (8/11) from ['node_22']
[ 2026-05-13 11:21:12 | node_6 | INFO ] 🧩 Model added for round 48 (9/11) from ['node_14']
[ 2026-05-13 11:21:12 | node_6 | INFO ] 🏋️‍♀️ Preparing training...
[ 2026-05-13 11:21:12 | node_4 | INFO ] 🧩 Model added for round 48 (10/12) from ['node_36']
[ 2026-05-13 11:21:12 | node_43 | INFO ] 🧩 Model added for round 48 (8/8) from ['node_5']
[ 2026-05-13 11:21:12 | node_6 | INFO ] 🎓 Training step done.
[ 2026-05-13 11:21:12 | node_3 | INFO ] 🧩 Model added for round 48 (10/11) from ['node_24']
[ 2026-05-13 11:21:12 | node_6 | INFO ] 🛠️ Calling force_add_local_model...
[ 2026-05-13 11:21:12 | node_6 | INFO ] ✅ [FORCE] Local model added for round 48. (10/11)
[ 2026-05-13 11:21:13 | node_32 | INFO ] 🧩 Model added for round 48 (7/9) from ['node_26']
[ 2026-05-13 11:21:13 | node_43 | INFO ] 🧠 Aggregation complete. Setting new model.
[ 2026-05-13 11:21:14 | node_19 | INFO ] 🧠 Aggregation complete. Setting new model.
[ 2026-05-13 11:21:14 | node_16 | INFO ] 🧩 Model added for round 48 (9/11) from ['node_36']
[ 2026-05-13 11:21:14 | node_41 | INFO ] 🧩 Model added for round 48 (8/8) from ['node_26']
[ 2026-05-13 11:21:15 | node_4 | INFO ] 🧩 Model added for round 48 (11/12) from ['node_24']
[ 2026-05-13 11:21:15 | node_43 | INFO ] 🗣️ Gossiping aggregated model.
[ 2026-05-13 11:21:15 | node_41 | INFO ] 🧠 Aggregation complete. Setting new model.
[ 2026-05-13 11:21:15 | node_19 | INFO ] 🗣️ Gossiping aggregated model.
[ 2026-05-13 11:21:16 | node_41 | INFO ] 🗣️ Gossiping aggregated model.
[ 2026-05-13 11:21:16 | node_17 | INFO ] 🧩 Model added for round 48 (9/13) from ['node_36']
[ 2026-05-13 11:21:16 | node_31 | INFO ] ⏹️  Gossiping exited for 50 equal rounds.
[ 2026-05-13 11:21:16 | node_44 | INFO ] 🧩 Model added for round 48 (9/9) from ['node_26']
[ 2026-05-13 11:21:16 | node_31 | INFO ] 🔬 Evaluating...
[ 2026-05-13 11:21:17 | node_31 | INFO ] 📈 Evaluated. Results: {'test_loss': 0.07034265249967575, 'test_acc': 0.9800000190734863, 'test_precision': 0.981304407119751, 'test_recall': 0.981128454208374, 'test_f1': 0.9806028008460999, 'communication_cost': 33870564}
[ 2026-05-13 11:21:17 | node_31 | INFO ] 📢 Broadcasting metrics.
[ 2026-05-13 11:21:17 | node_5 | INFO ] 🧩 Model added for round 48 (10/11) from ['node_24']
[ 2026-05-13 11:21:18 | node_6 | INFO ] 📤 Sending model to 10 direct neighbors: ['node_1', 'node_2', 'node_9', 'node_14', 'node_22', 'node_25', 'node_32', 'node_34', 'node_39', 'node_45']
[ 2026-05-13 11:21:19 | node_1 | INFO ] 🧩 Model added for round 48 (9/9) from ['node_6']
[ 2026-05-13 11:21:19 | node_30 | INFO ] 🧩 Model added for round 48 (10/11) from ['node_36']
[ 2026-05-13 11:21:19 | node_10 | INFO ] 🧩 Model added for round 48 (8/9) from ['node_24']
[ 2026-05-13 11:21:20 | node_31 | INFO ] 🎉 Round 48 of 50 finished.
[ 2026-05-13 11:21:20 | node_9 | INFO ] 🧩 Model added for round 48 (8/8) from ['node_6']
[ 2026-05-13 11:21:20 | node_12 | INFO ] 🧩 Model added for round 48 (10/10) from ['node_24']
[ 2026-05-13 11:21:20 | node_44 | INFO ] 🧠 Aggregation complete. Setting new model.
[ 2026-05-13 11:21:20 | node_34 | INFO ] 🧩 Model added for round 48 (9/10) from ['node_36']
[ 2026-05-13 11:21:20 | node_1 | INFO ] 🧠 Aggregation complete. Setting new model.
[ 2026-05-13 11:21:20 | node_31 | INFO ] 🗳️ [DETERMINISTIC] Train set assigned (No Voting). Size: 50
[ 2026-05-13 11:21:21 | node_31 | INFO ] ♻️ Proactively processing 8 early models for round 48.
[ 2026-05-13 11:21:21 | node_31 | INFO ] 🧩 Model added for round 48 (1/10) from ['node_37']
[ 2026-05-13 11:21:21 | node_31 | INFO ] 🧩 Model added for round 48 (2/10) from ['node_29']
[ 2026-05-13 11:21:21 | node_31 | INFO ] 🧩 Model added for round 48 (3/10) from ['node_39']
[ 2026-05-13 11:21:21 | node_31 | INFO ] 🧩 Model added for round 48 (4/10) from ['node_17']
[ 2026-05-13 11:21:21 | node_31 | INFO ] 🧩 Model added for round 48 (5/10) from ['node_48']
[ 2026-05-13 11:21:21 | node_31 | INFO ] 🧩 Model added for round 48 (6/10) from ['node_4']
[ 2026-05-13 11:21:21 | node_31 | INFO ] 🧩 Model added for round 48 (7/10) from ['node_45']
[ 2026-05-13 11:21:21 | node_31 | INFO ] 🧩 Model added for round 48 (8/10) from ['node_14']
[ 2026-05-13 11:21:21 | node_31 | INFO ] 🏋️‍♀️ Preparing training...
[ 2026-05-13 11:21:21 | node_44 | INFO ] 🗣️ Gossiping aggregated model.
[ 2026-05-13 11:21:22 | node_1 | INFO ] 🗣️ Gossiping aggregated model.
[ 2026-05-13 11:21:22 | node_14 | INFO ] 🧩 Model added for round 48 (9/12) from ['node_6']
[ 2026-05-13 11:21:22 | node_31 | INFO ] 🎓 Training step done.
[ 2026-05-13 11:21:22 | node_31 | INFO ] 🛠️ Calling force_add_local_model...
[ 2026-05-13 11:21:22 | node_38 | INFO ] 🧩 Model added for round 48 (10/10) from ['node_36']
[ 2026-05-13 11:21:22 | node_31 | INFO ] ✅ [FORCE] Local model added for round 48. (9/10)
[ 2026-05-13 11:21:22 | node_17 | INFO ] 🧩 Model added for round 48 (10/13) from ['node_24']
[ 2026-05-13 11:21:22 | node_9 | INFO ] 🧠 Aggregation complete. Setting new model.
[ 2026-05-13 11:21:22 | node_12 | INFO ] 🧠 Aggregation complete. Setting new model.
[ 2026-05-13 11:21:22 | node_38 | INFO ] 🧠 Aggregation complete. Setting new model.
[ 2026-05-13 11:21:23 | node_12 | INFO ] 🗣️ Gossiping aggregated model.
[ 2026-05-13 11:21:23 | node_9 | INFO ] 🗣️ Gossiping aggregated model.
[ 2026-05-13 11:21:23 | node_38 | INFO ] 🗣️ Gossiping aggregated model.
[ 2026-05-13 11:21:23 | node_35 | INFO ] ⏹️  Gossiping exited for 50 equal rounds.
[ 2026-05-13 11:21:23 | node_35 | INFO ] 🔬 Evaluating...
[ 2026-05-13 11:21:24 | node_35 | INFO ] 📈 Evaluated. Results: {'test_loss': 0.23911146819591522, 'test_acc': 0.9649999737739563, 'test_precision': 0.9646961688995361, 'test_recall': 0.9637808799743652, 'test_f1': 0.9625680446624756, 'communication_cost': 30107168}
[ 2026-05-13 11:21:24 | node_35 | INFO ] 📢 Broadcasting metrics.
[ 2026-05-13 11:21:24 | node_22 | INFO ] 🧩 Model added for round 48 (8/10) from ['node_6']
[ 2026-05-13 11:21:24 | node_42 | INFO ] 🧩 Model added for round 48 (10/11) from ['node_36']
[ 2026-05-13 11:21:24 | node_23 | INFO ] 🧩 Model added for round 48 (11/11) from ['node_24']
[ 2026-05-13 11:21:26 | node_25 | INFO ] 🧩 Model added for round 48 (10/10) from ['node_6']
[ 2026-05-13 11:21:26 | node_48 | INFO ] 🧩 Model added for round 48 (6/7) from ['node_36']
[ 2026-05-13 11:21:27 | node_31 | INFO ] 📤 Sending model to 9 direct neighbors: ['node_2', 'node_4', 'node_14', 'node_17', 'node_29', 'node_37', 'node_39', 'node_45', 'node_48']
[ 2026-05-13 11:21:27 | node_35 | INFO ] 🎉 Round 48 of 50 finished.
[ 2026-05-13 11:21:27 | node_35 | INFO ] 🗳️ [DETERMINISTIC] Train set assigned (No Voting). Size: 50
[ 2026-05-13 11:21:27 | node_35 | INFO ] ♻️ Proactively processing 8 early models for round 48.
[ 2026-05-13 11:21:27 | node_35 | INFO ] 🧩 Model added for round 48 (1/9) from ['node_37']
[ 2026-05-13 11:21:27 | node_35 | INFO ] 🧩 Model added for round 48 (2/9) from ['node_13']
[ 2026-05-13 11:21:27 | node_35 | INFO ] 🧩 Model added for round 48 (3/9) from ['node_17']
[ 2026-05-13 11:21:28 | node_35 | INFO ] 🧩 Model added for round 48 (4/9) from ['node_32']
[ 2026-05-13 11:21:28 | node_35 | INFO ] 🧩 Model added for round 48 (5/9) from ['node']
[ 2026-05-13 11:21:28 | node_35 | INFO ] 🧩 Model added for round 48 (6/9) from ['node_27']
[ 2026-05-13 11:21:28 | node_36 | INFO ] 🧠 Aggregation complete. Setting new model.
[ 2026-05-13 11:21:28 | node_23 | INFO ] 🧠 Aggregation complete. Setting new model.
[ 2026-05-13 11:21:28 | node_35 | INFO ] 🧩 Model added for round 48 (7/9) from ['node_30']
[ 2026-05-13 11:21:28 | node_25 | INFO ] 🧠 Aggregation complete. Setting new model.
[ 2026-05-13 11:21:28 | node_35 | INFO ] 🧩 Model added for round 48 (8/9) from ['node_14']
[ 2026-05-13 11:21:28 | node_35 | INFO ] 🏋️‍♀️ Preparing training...
[ 2026-05-13 11:21:29 | node_35 | INFO ] 🎓 Training step done.
[ 2026-05-13 11:21:29 | node_32 | INFO ] 🧩 Model added for round 48 (8/9) from ['node_6']
[ 2026-05-13 11:21:29 | node_4 | INFO ] 🧩 Model added for round 48 (12/12) from ['node_31']
[ 2026-05-13 11:21:29 | node_35 | INFO ] 🛠️ Calling force_add_local_model...
[ 2026-05-13 11:21:29 | node_35 | INFO ] ✅ [FORCE] Local model added for round 48. (9/9)
[ 2026-05-13 11:21:29 | node_25 | INFO ] 🗣️ Gossiping aggregated model.
[ 2026-05-13 11:21:29 | node_36 | INFO ] 🗣️ Gossiping aggregated model.
[ 2026-05-13 11:21:29 | node_23 | INFO ] 🗣️ Gossiping aggregated model.
[ 2026-05-13 11:21:30 | node_4 | INFO ] 🧠 Aggregation complete. Setting new model.
[ 2026-05-13 11:21:31 | node_34 | INFO ] 🧩 Model added for round 48 (10/10) from ['node_6']
[ 2026-05-13 11:21:31 | node_14 | INFO ] 🧩 Model added for round 48 (10/12) from ['node_31']
[ 2026-05-13 11:21:31 | node_34 | INFO ] 🧠 Aggregation complete. Setting new model.
[ 2026-05-13 11:21:32 | node_4 | INFO ] 🗣️ Gossiping aggregated model.
[ 2026-05-13 11:21:32 | node_39 | INFO ] 🧩 Model added for round 48 (9/10) from ['node_6']
[ 2026-05-13 11:21:32 | node_34 | INFO ] 🗣️ Gossiping aggregated model.
[ 2026-05-13 11:21:33 | node_17 | INFO ] 🧩 Model added for round 48 (11/13) from ['node_31']
[ 2026-05-13 11:21:34 | node_35 | INFO ] 📤 Sending model to 8 direct neighbors: ['node', 'node_13', 'node_14', 'node_17', 'node_27', 'node_30', 'node_32', 'node_37']
[ 2026-05-13 11:21:34 | node_45 | INFO ] 🧩 Model added for round 48 (4/6) from ['node_6']
[ 2026-05-13 11:21:35 | node | INFO ] 🧩 Model added for round 48 (9/9) from ['node_35']
[ 2026-05-13 11:21:35 | node_29 | INFO ] 🧩 Model added for round 48 (5/6) from ['node_31']
[ 2026-05-13 11:21:37 | node_37 | INFO ] 🧩 Model added for round 48 (5/6) from ['node_31']
[ 2026-05-13 11:21:37 | node_13 | INFO ] 🧩 Model added for round 48 (9/10) from ['node_35']
[ 2026-05-13 11:21:38 | node | INFO ] 🧠 Aggregation complete. Setting new model.
[ 2026-05-13 11:21:39 | node | INFO ] 🗣️ Gossiping aggregated model.
[ 2026-05-13 11:21:39 | node_39 | INFO ] 🧩 Model added for round 48 (10/10) from ['node_31']
[ 2026-05-13 11:21:40 | node_14 | INFO ] 🧩 Model added for round 48 (11/12) from ['node_35']
[ 2026-05-13 11:21:41 | node_45 | INFO ] 🧩 Model added for round 48 (5/6) from ['node_31']
[ 2026-05-13 11:21:41 | node_17 | INFO ] 🧩 Model added for round 48 (12/13) from ['node_35']
[ 2026-05-13 11:21:42 | node_48 | INFO ] 🧩 Model added for round 48 (7/7) from ['node_31']
[ 2026-05-13 11:21:43 | node_27 | INFO ] 🧩 Model added for round 48 (8/8) from ['node_35']
[ 2026-05-13 11:21:44 | node_39 | INFO ] 🧠 Aggregation complete. Setting new model.
[ 2026-05-13 11:21:44 | node_48 | INFO ] 🧠 Aggregation complete. Setting new model.
[ 2026-05-13 11:21:44 | node_27 | INFO ] 🧠 Aggregation complete. Setting new model.
[ 2026-05-13 11:21:44 | node_48 | INFO ] 🗣️ Gossiping aggregated model.
[ 2026-05-13 11:21:45 | node_27 | INFO ] 🗣️ Gossiping aggregated model.
[ 2026-05-13 11:21:45 | node_39 | INFO ] 🗣️ Gossiping aggregated model.
[ 2026-05-13 11:21:45 | node_30 | INFO ] 🧩 Model added for round 48 (11/11) from ['node_35']
[ 2026-05-13 11:21:47 | node_32 | INFO ] 🧩 Model added for round 48 (9/9) from ['node_35']
[ 2026-05-13 11:21:48 | node_30 | INFO ] 🧠 Aggregation complete. Setting new model.
[ 2026-05-13 11:21:48 | node_37 | INFO ] 🧩 Model added for round 48 (6/6) from ['node_35']
[ 2026-05-13 11:21:49 | node_32 | INFO ] 🧠 Aggregation complete. Setting new model.
[ 2026-05-13 11:21:49 | node_37 | INFO ] 🧠 Aggregation complete. Setting new model.
[ 2026-05-13 11:21:50 | node_32 | INFO ] 🗣️ Gossiping aggregated model.
[ 2026-05-13 11:21:50 | node_30 | INFO ] 🗣️ Gossiping aggregated model.
[ 2026-05-13 11:21:50 | node_37 | INFO ] 🗣️ Gossiping aggregated model.
[ 2026-05-13 11:21:52 | node_35 | INFO ] 🧠 Aggregation complete. Setting new model.
[ 2026-05-13 11:21:53 | node_35 | INFO ] 🗣️ Gossiping aggregated model.
[ 2026-05-13 11:23:09 | node_33 | INFO ] ⏹️  Gossiping exited for 50 equal rounds.
[ 2026-05-13 11:23:10 | node_33 | INFO ] 🔬 Evaluating...
[ 2026-05-13 11:23:10 | node_33 | INFO ] 📈 Evaluated. Results: {'test_loss': 0.1604888141155243, 'test_acc': 0.9750000238418579, 'test_precision': 0.9769668579101562, 'test_recall': 0.9757912158966064, 'test_f1': 0.9760143756866455, 'communication_cost': 18816980}
[ 2026-05-13 11:23:11 | node_33 | INFO ] 📢 Broadcasting metrics.
[ 2026-05-13 11:23:13 | node_33 | INFO ] 🎉 Round 49 of 50 finished.
[ 2026-05-13 11:23:13 | node_33 | INFO ] 🗳️ [DETERMINISTIC] Train set assigned (No Voting). Size: 50
[ 2026-05-13 11:23:13 | node_33 | INFO ] 🏋️‍♀️ Preparing training...
[ 2026-05-13 11:23:13 | node_7 | INFO ] ⏹️  Gossiping exited for 50 equal rounds.
[ 2026-05-13 11:23:13 | node_7 | INFO ] 🔬 Evaluating...
[ 2026-05-13 11:23:14 | node_33 | INFO ] 🎓 Training step done.
[ 2026-05-13 11:23:14 | node_33 | INFO ] 🛠️ Calling force_add_local_model...
[ 2026-05-13 11:23:14 | node_7 | INFO ] 📈 Evaluated. Results: {'test_loss': 0.06872637569904327, 'test_acc': 0.9750000238418579, 'test_precision': 0.9761528968811035, 'test_recall': 0.9740424156188965, 'test_f1': 0.9745139479637146, 'communication_cost': 18816980}
[ 2026-05-13 11:23:14 | node_33 | INFO ] ✅ [FORCE] Local model added for round 49. (1/6)
[ 2026-05-13 11:23:14 | node_7 | INFO ] 📢 Broadcasting metrics.
[ 2026-05-13 11:23:17 | node_7 | INFO ] 🎉 Round 49 of 50 finished.
[ 2026-05-13 11:23:17 | node_7 | INFO ] 🗳️ [DETERMINISTIC] Train set assigned (No Voting). Size: 50
[ 2026-05-13 11:23:17 | node_7 | INFO ] 🏋️‍♀️ Preparing training...
[ 2026-05-13 11:23:18 | node_7 | INFO ] 🎓 Training step done.
[ 2026-05-13 11:23:18 | node_7 | INFO ] 🛠️ Calling force_add_local_model...
[ 2026-05-13 11:23:18 | node_7 | INFO ] ✅ [FORCE] Local model added for round 49. (1/6)
[ 2026-05-13 11:23:19 | node_33 | INFO ] 📤 Sending model to 5 direct neighbors: ['node', 'node_3', 'node_13', 'node_32', 'node_43']
[ 2026-05-13 11:23:23 | node_7 | INFO ] 📤 Sending model to 5 direct neighbors: ['node_3', 'node_14', 'node_23', 'node_37', 'node_47']
[ 2026-05-13 11:23:27 | node_49 | INFO ] ⏹️  Gossiping exited for 50 equal rounds.
[ 2026-05-13 11:23:27 | node_40 | INFO ] ⏹️  Gossiping exited for 50 equal rounds.
[ 2026-05-13 11:23:27 | node_49 | INFO ] 🔬 Evaluating...
[ 2026-05-13 11:23:27 | node_40 | INFO ] 🔬 Evaluating...
[ 2026-05-13 11:23:28 | node_49 | INFO ] 📈 Evaluated. Results: {'test_loss': 0.07930158823728561, 'test_acc': 0.9700000286102295, 'test_precision': 0.9707839488983154, 'test_recall': 0.9696590900421143, 'test_f1': 0.9688673615455627, 'communication_cost': 15053584}
[ 2026-05-13 11:23:28 | node_49 | INFO ] 📢 Broadcasting metrics.
[ 2026-05-13 11:23:28 | node_40 | INFO ] 📈 Evaluated. Results: {'test_loss': 0.4073132276535034, 'test_acc': 0.949999988079071, 'test_precision': 0.9488617777824402, 'test_recall': 0.9501402378082275, 'test_f1': 0.9472095370292664, 'communication_cost': 11290188}
[ 2026-05-13 11:23:28 | node_40 | INFO ] 📢 Broadcasting metrics.
[ 2026-05-13 11:23:30 | node_40 | INFO ] 🎉 Round 49 of 50 finished.
[ 2026-05-13 11:23:30 | node_40 | INFO ] 🗳️ [DETERMINISTIC] Train set assigned (No Voting). Size: 50
[ 2026-05-13 11:23:30 | node_40 | INFO ] 🏋️‍♀️ Preparing training...
[ 2026-05-13 11:23:30 | node_49 | INFO ] 🎉 Round 49 of 50 finished.
[ 2026-05-13 11:23:31 | node_49 | INFO ] 🗳️ [DETERMINISTIC] Train set assigned (No Voting). Size: 50
[ 2026-05-13 11:23:31 | node_49 | INFO ] 🏋️‍♀️ Preparing training...
[ 2026-05-13 11:23:31 | node_40 | INFO ] 🎓 Training step done.
[ 2026-05-13 11:23:31 | node_40 | INFO ] 🛠️ Calling force_add_local_model...
[ 2026-05-13 11:23:31 | node_40 | INFO ] ✅ [FORCE] Local model added for round 49. (1/4)
[ 2026-05-13 11:23:32 | node_49 | INFO ] 🎓 Training step done.
[ 2026-05-13 11:23:32 | node_49 | INFO ] 🛠️ Calling force_add_local_model...
[ 2026-05-13 11:23:32 | node_49 | INFO ] ✅ [FORCE] Local model added for round 49. (1/5)
[ 2026-05-13 11:23:36 | node_40 | INFO ] 📤 Sending model to 3 direct neighbors: ['node_4', 'node_16', 'node_29']
[ 2026-05-13 11:23:37 | node_49 | INFO ] 📤 Sending model to 4 direct neighbors: ['node_11', 'node_12', 'node_32', 'node_46']
[ 2026-05-13 11:23:47 | node_15 | INFO ] ⏳ Dynamic Patience (iteration 1): Missing nodes still active. Waiting 150s more...
[ 2026-05-13 11:23:49 | node_29 | INFO ] ⏳ Dynamic Patience (iteration 1): Missing nodes still active. Waiting 150s more...
[ 2026-05-13 11:23:51 | node_11 | INFO ] ⏹️  Gossiping exited for 50 equal rounds.
[ 2026-05-13 11:23:51 | node_11 | INFO ] 🔬 Evaluating...
[ 2026-05-13 11:23:51 | node_11 | INFO ] 📈 Evaluated. Results: {'test_loss': 0.025597665458917618, 'test_acc': 0.9900000095367432, 'test_precision': 0.9911539554595947, 'test_recall': 0.9914286732673645, 'test_f1': 0.9912211894989014, 'communication_cost': 30107168}
[ 2026-05-13 11:23:51 | node_11 | INFO ] 📢 Broadcasting metrics.
[ 2026-05-13 11:23:53 | node_13 | INFO ] ⏳ Dynamic Patience (iteration 1): Missing nodes still active. Waiting 150s more...
[ 2026-05-13 11:23:54 | node_21 | INFO ] ⏳ Dynamic Patience (iteration 1): Missing nodes still active. Waiting 150s more...
[ 2026-05-13 11:23:56 | node_37 | INFO ] ⏹️  Gossiping exited for 50 equal rounds.
[ 2026-05-13 11:23:56 | node_37 | INFO ] 🔬 Evaluating...
[ 2026-05-13 11:23:56 | node_11 | INFO ] 🎉 Round 49 of 50 finished.
[ 2026-05-13 11:23:56 | node_37 | INFO ] 📈 Evaluated. Results: {'test_loss': 0.17969970405101776, 'test_acc': 0.9649999737739563, 'test_precision': 0.9672932624816895, 'test_recall': 0.9656044244766235, 'test_f1': 0.9647008776664734, 'communication_cost': 18816980}
[ 2026-05-13 11:23:56 | node_11 | INFO ] 🗳️ [DETERMINISTIC] Train set assigned (No Voting). Size: 50
[ 2026-05-13 11:23:57 | node_37 | INFO ] 📢 Broadcasting metrics.
[ 2026-05-13 11:23:57 | node_11 | INFO ] ♻️ Proactively processing 1 early models for round 49.
[ 2026-05-13 11:23:57 | node_11 | INFO ] 🧩 Model added for round 49 (1/9) from ['node_49']
[ 2026-05-13 11:23:57 | node_11 | INFO ] 🏋️‍♀️ Preparing training...
[ 2026-05-13 11:23:58 | node_11 | INFO ] 🎓 Training step done.
[ 2026-05-13 11:23:58 | node_11 | INFO ] 🛠️ Calling force_add_local_model...
[ 2026-05-13 11:23:58 | node_3 | INFO ] ⏳ Dynamic Patience (iteration 1): Missing nodes still active. Waiting 150s more...
[ 2026-05-13 11:23:58 | node_11 | INFO ] ✅ [FORCE] Local model added for round 49. (2/9)
[ 2026-05-13 11:23:59 | node_17 | INFO ] ⏳ Dynamic Patience (iteration 1): Missing nodes still active. Waiting 150s more...
[ 2026-05-13 11:24:00 | node_37 | INFO ] 🎉 Round 49 of 50 finished.
[ 2026-05-13 11:24:00 | node_37 | INFO ] 🗳️ [DETERMINISTIC] Train set assigned (No Voting). Size: 50
[ 2026-05-13 11:24:00 | node_37 | INFO ] ♻️ Proactively processing 1 early models for round 49.
[ 2026-05-13 11:24:00 | node_37 | INFO ] 🧩 Model added for round 49 (1/6) from ['node_7']
[ 2026-05-13 11:24:00 | node_37 | INFO ] 🏋️‍♀️ Preparing training...
[ 2026-05-13 11:24:01 | node_37 | INFO ] 🎓 Training step done.
[ 2026-05-13 11:24:01 | node_37 | INFO ] 🛠️ Calling force_add_local_model...
[ 2026-05-13 11:24:01 | node_37 | INFO ] ✅ [FORCE] Local model added for round 49. (2/6)
[ 2026-05-13 11:24:03 | node_11 | INFO ] 📤 Sending model to 8 direct neighbors: ['node_17', 'node_19', 'node_22', 'node_37', 'node_41', 'node_42', 'node_44', 'node_49']
[ 2026-05-13 11:24:05 | node_37 | INFO ] 🧩 Model added for round 49 (3/6) from ['node_11']
[ 2026-05-13 11:24:06 | node_37 | INFO ] 📤 Sending model to 5 direct neighbors: ['node_7', 'node_11', 'node_22', 'node_31', 'node_35']
[ 2026-05-13 11:24:06 | node_7 | INFO ] 🧩 Model added for round 49 (2/6) from ['node_37']
[ 2026-05-13 11:24:08 | node_49 | INFO ] 🧩 Model added for round 49 (2/5) from ['node_11']
[ 2026-05-13 11:24:08 | node_11 | INFO ] 🧩 Model added for round 49 (3/9) from ['node_37']
[ 2026-05-13 11:24:16 | node_23 | INFO ] ⏹️  Gossiping exited for 50 equal rounds.
[ 2026-05-13 11:24:16 | node_18 | INFO ] ⏹️  Gossiping exited for 50 equal rounds.
[ 2026-05-13 11:24:16 | node_23 | INFO ] 🔬 Evaluating...
[ 2026-05-13 11:24:16 | node_18 | INFO ] 🔬 Evaluating...
[ 2026-05-13 11:24:17 | node_23 | INFO ] 📈 Evaluated. Results: {'test_loss': 0.23478379845619202, 'test_acc': 0.9700000286102295, 'test_precision': 0.9734166860580444, 'test_recall': 0.9697024822235107, 'test_f1': 0.9705821871757507, 'communication_cost': 37633960}
[ 2026-05-13 11:24:17 | node_18 | INFO ] 📈 Evaluated. Results: {'test_loss': 0.3331887722015381, 'test_acc': 0.9399999976158142, 'test_precision': 0.9443095326423645, 'test_recall': 0.9379872679710388, 'test_f1': 0.9387093186378479, 'communication_cost': 15053584}
[ 2026-05-13 11:24:17 | node_23 | INFO ] 📢 Broadcasting metrics.
[ 2026-05-13 11:24:17 | node_18 | INFO ] 📢 Broadcasting metrics.
[ 2026-05-13 11:24:19 | node_18 | INFO ] 🎉 Round 49 of 50 finished.
[ 2026-05-13 11:24:19 | node_18 | INFO ] 🗳️ [DETERMINISTIC] Train set assigned (No Voting). Size: 50
[ 2026-05-13 11:24:19 | node_18 | INFO ] 🏋️‍♀️ Preparing training...
[ 2026-05-13 11:24:20 | node_18 | INFO ] 🎓 Training step done.
[ 2026-05-13 11:24:20 | node_18 | INFO ] 🛠️ Calling force_add_local_model...
[ 2026-05-13 11:24:20 | node_18 | INFO ] ✅ [FORCE] Local model added for round 49. (1/5)
[ 2026-05-13 11:24:23 | node_23 | INFO ] 🎉 Round 49 of 50 finished.
[ 2026-05-13 11:24:23 | node_23 | INFO ] 🗳️ [DETERMINISTIC] Train set assigned (No Voting). Size: 50
[ 2026-05-13 11:24:23 | node_23 | INFO ] ♻️ Proactively processing 1 early models for round 49.
[ 2026-05-13 11:24:23 | node_23 | INFO ] 🧩 Model added for round 49 (1/11) from ['node_7']
[ 2026-05-13 11:24:23 | node_23 | INFO ] 🏋️‍♀️ Preparing training...
[ 2026-05-13 11:24:24 | node_23 | INFO ] 🎓 Training step done.
[ 2026-05-13 11:24:24 | node_23 | INFO ] 🛠️ Calling force_add_local_model...
[ 2026-05-13 11:24:24 | node_23 | INFO ] ✅ [FORCE] Local model added for round 49. (2/11)
[ 2026-05-13 11:24:25 | node_18 | INFO ] 📤 Sending model to 4 direct neighbors: ['node_3', 'node_8', 'node_22', 'node_42']
[ 2026-05-13 11:24:25 | node_28 | INFO ] ⏹️  Gossiping exited for 50 equal rounds.
[ 2026-05-13 11:24:26 | node_28 | INFO ] 🔬 Evaluating...
[ 2026-05-13 11:24:26 | node_28 | INFO ] 📈 Evaluated. Results: {'test_loss': 0.349496066570282, 'test_acc': 0.9700000286102295, 'test_precision': 0.9713138341903687, 'test_recall': 0.9615287184715271, 'test_f1': 0.9646915197372437, 'communication_cost': 41397356}
[ 2026-05-13 11:24:26 | node_28 | INFO ] 📢 Broadcasting metrics.
[ 2026-05-13 11:24:29 | node_23 | INFO ] 📤 Sending model to 10 direct neighbors: ['node_1', 'node_7', 'node_9', 'node_19', 'node_24', 'node_30', 'node_34', 'node_38', 'node_39', 'node_47']
[ 2026-05-13 11:24:29 | node_7 | INFO ] 🧩 Model added for round 49 (3/6) from ['node_23']
[ 2026-05-13 11:24:30 | node_44 | INFO ] ⏹️  Gossiping exited for 50 equal rounds.
[ 2026-05-13 11:24:30 | node_44 | INFO ] 🔬 Evaluating...
[ 2026-05-13 11:24:30 | node_44 | INFO ] 📈 Evaluated. Results: {'test_loss': 0.19992057979106903, 'test_acc': 0.9649999737739563, 'test_precision': 0.9721972942352295, 'test_recall': 0.9613931179046631, 'test_f1': 0.9657151103019714, 'communication_cost': 30107168}
[ 2026-05-13 11:24:30 | node_44 | INFO ] 📢 Broadcasting metrics.
[ 2026-05-13 11:24:33 | node_28 | INFO ] 🎉 Round 48 of 50 finished.
[ 2026-05-13 11:24:33 | node_28 | INFO ] 🗳️ [DETERMINISTIC] Train set assigned (No Voting). Size: 50
[ 2026-05-13 11:24:33 | node_28 | INFO ] ♻️ Proactively processing 10 early models for round 48.
[ 2026-05-13 11:24:33 | node_28 | INFO ] 🧩 Model added for round 48 (1/12) from ['node_15']
[ 2026-05-13 11:24:33 | node_28 | INFO ] 🧩 Model added for round 48 (2/12) from ['node_13']
[ 2026-05-13 11:24:33 | node_28 | INFO ] 🧩 Model added for round 48 (3/12) from ['node_21']
[ 2026-05-13 11:24:33 | node_28 | INFO ] 🧩 Model added for round 48 (4/12) from ['node_46']
[ 2026-05-13 11:24:33 | node_28 | INFO ] 🧩 Model added for round 48 (5/12) from ['node_45']
[ 2026-05-13 11:24:33 | node_28 | INFO ] 🧩 Model added for round 48 (6/12) from ['node_22']
[ 2026-05-13 11:24:33 | node_28 | INFO ] 🧩 Model added for round 48 (7/12) from ['node_10']
[ 2026-05-13 11:24:33 | node_28 | INFO ] 🧩 Model added for round 48 (8/12) from ['node_16']
[ 2026-05-13 11:24:34 | node_28 | INFO ] 🧩 Model added for round 48 (9/12) from ['node_20']
[ 2026-05-13 11:24:34 | node_28 | INFO ] 🧩 Model added for round 48 (10/12) from ['node_5']
[ 2026-05-13 11:24:34 | node_28 | INFO ] 🏋️‍♀️ Preparing training...
[ 2026-05-13 11:24:34 | node_28 | INFO ] 🎓 Training step done.
[ 2026-05-13 11:24:34 | node_28 | INFO ] 🛠️ Calling force_add_local_model...
[ 2026-05-13 11:24:34 | node_28 | INFO ] ✅ [FORCE] Local model added for round 48. (11/12)
[ 2026-05-13 11:24:35 | node_44 | INFO ] 🎉 Round 49 of 50 finished.
[ 2026-05-13 11:24:36 | node_44 | INFO ] 🗳️ [DETERMINISTIC] Train set assigned (No Voting). Size: 50
[ 2026-05-13 11:24:36 | node_44 | INFO ] ♻️ Proactively processing 1 early models for round 49.
[ 2026-05-13 11:24:36 | node_44 | INFO ] 🧩 Model added for round 49 (1/9) from ['node_11']
[ 2026-05-13 11:24:36 | node_44 | INFO ] 🏋️‍♀️ Preparing training...
[ 2026-05-13 11:24:37 | node_44 | INFO ] 🎓 Training step done.
[ 2026-05-13 11:24:37 | node_44 | INFO ] 🛠️ Calling force_add_local_model...
[ 2026-05-13 11:24:37 | node_44 | INFO ] ✅ [FORCE] Local model added for round 49. (2/9)
[ 2026-05-13 11:24:39 | node_19 | INFO ] ⏹️  Gossiping exited for 50 equal rounds.
[ 2026-05-13 11:24:39 | node_19 | INFO ] 🔬 Evaluating...
[ 2026-05-13 11:24:40 | node_19 | INFO ] 📈 Evaluated. Results: {'test_loss': 0.22148454189300537, 'test_acc': 0.9549999833106995, 'test_precision': 0.9545187950134277, 'test_recall': 0.9607993364334106, 'test_f1': 0.9564920663833618, 'communication_cost': 37633960}
[ 2026-05-13 11:24:40 | node_28 | INFO ] 📤 Sending model to 11 direct neighbors: ['node_2', 'node_5', 'node_10', 'node_13', 'node_15', 'node_16', 'node_20', 'node_21', 'node_22', 'node_45', 'node_46']
[ 2026-05-13 11:24:40 | node_19 | INFO ] 📢 Broadcasting metrics.
[ 2026-05-13 11:24:41 | node_5 | INFO ] 🧩 Model added for round 48 (11/11) from ['node_28']
[ 2026-05-13 11:24:41 | node_5 | INFO ] 🧠 Aggregation complete. Setting new model.
[ 2026-05-13 11:24:42 | node_44 | INFO ] 📤 Sending model to 8 direct neighbors: ['node', 'node_4', 'node_11', 'node_26', 'node_27', 'node_30', 'node_39', 'node_42']
[ 2026-05-13 11:24:42 | node_5 | INFO ] 🗣️ Gossiping aggregated model.
[ 2026-05-13 11:24:42 | node_10 | INFO ] 🧩 Model added for round 48 (9/9) from ['node_28']
[ 2026-05-13 11:24:43 | node_25 | INFO ] ⏹️  Gossiping exited for 50 equal rounds.
[ 2026-05-13 11:24:43 | node_25 | INFO ] 🔬 Evaluating...
[ 2026-05-13 11:24:44 | node_25 | INFO ] 📈 Evaluated. Results: {'test_loss': 0.07942217588424683, 'test_acc': 0.9700000286102295, 'test_precision': 0.968808114528656, 'test_recall': 0.9694041609764099, 'test_f1': 0.9686294794082642, 'communication_cost': 33870564}
[ 2026-05-13 11:24:44 | node_19 | INFO ] 🎉 Round 49 of 50 finished.
[ 2026-05-13 11:24:44 | node_19 | INFO ] 🗳️ [DETERMINISTIC] Train set assigned (No Voting). Size: 50
[ 2026-05-13 11:24:44 | node_25 | INFO ] 📢 Broadcasting metrics.
[ 2026-05-13 11:24:44 | node_19 | INFO ] ♻️ Proactively processing 2 early models for round 49.
[ 2026-05-13 11:24:44 | node_19 | INFO ] 🧩 Model added for round 49 (1/11) from ['node_11']
[ 2026-05-13 11:24:44 | node_19 | INFO ] 🧩 Model added for round 49 (2/11) from ['node_23']
[ 2026-05-13 11:24:44 | node_19 | INFO ] 🏋️‍♀️ Preparing training...
[ 2026-05-13 11:24:45 | node_13 | INFO ] 🧩 Model added for round 48 (10/10) from ['node_28']
[ 2026-05-13 11:24:45 | node_11 | INFO ] 🧩 Model added for round 49 (4/9) from ['node_44']
[ 2026-05-13 11:24:45 | node_19 | INFO ] 🎓 Training step done.
[ 2026-05-13 11:24:45 | node_19 | INFO ] 🛠️ Calling force_add_local_model...
[ 2026-05-13 11:24:45 | node_19 | INFO ] ✅ [FORCE] Local model added for round 49. (3/11)
[ 2026-05-13 11:24:45 | node_10 | INFO ] 🧠 Aggregation complete. Setting new model.
[ 2026-05-13 11:24:45 | node_13 | INFO ] 🧠 Aggregation complete. Setting new model.
[ 2026-05-13 11:24:46 | node_13 | INFO ] 🗣️ Gossiping aggregated model.
[ 2026-05-13 11:24:46 | node_10 | INFO ] 🗣️ Gossiping aggregated model.
[ 2026-05-13 11:24:46 | node_15 | INFO ] 🧩 Model added for round 48 (8/8) from ['node_28']
[ 2026-05-13 11:24:46 | node | INFO ] ⏹️  Gossiping exited for 50 equal rounds.
[ 2026-05-13 11:24:47 | node | INFO ] 🔬 Evaluating...
[ 2026-05-13 11:24:47 | node | INFO ] 📈 Evaluated. Results: {'test_loss': 0.2887549102306366, 'test_acc': 0.9750000238418579, 'test_precision': 0.97515869140625, 'test_recall': 0.9739313721656799, 'test_f1': 0.9739342331886292, 'communication_cost': 30107168}
[ 2026-05-13 11:24:47 | node_4 | INFO ] ⏹️  Gossiping exited for 50 equal rounds.
[ 2026-05-13 11:24:47 | node_4 | INFO ] 🔬 Evaluating...
[ 2026-05-13 11:24:47 | node | INFO ] 📢 Broadcasting metrics.
[ 2026-05-13 11:24:48 | node_25 | INFO ] 🎉 Round 49 of 50 finished.
[ 2026-05-13 11:24:48 | node_25 | INFO ] 🗳️ [DETERMINISTIC] Train set assigned (No Voting). Size: 50
[ 2026-05-13 11:24:48 | node_25 | INFO ] 🏋️‍♀️ Preparing training...
[ 2026-05-13 11:24:48 | node_4 | INFO ] 📈 Evaluated. Results: {'test_loss': 0.1189013123512268, 'test_acc': 0.9850000143051147, 'test_precision': 0.9843557476997375, 'test_recall': 0.982738196849823, 'test_f1': 0.9829770922660828, 'communication_cost': 41397356}
[ 2026-05-13 11:24:48 | node_16 | INFO ] 🧩 Model added for round 48 (10/11) from ['node_28']
[ 2026-05-13 11:24:48 | node_4 | INFO ] 📢 Broadcasting metrics.
[ 2026-05-13 11:24:49 | node_15 | INFO ] 🧠 Aggregation complete. Setting new model.
[ 2026-05-13 11:24:49 | node_25 | INFO ] 🎓 Training step done.
[ 2026-05-13 11:24:49 | node_25 | INFO ] 🛠️ Calling force_add_local_model...
[ 2026-05-13 11:24:49 | node_25 | INFO ] ✅ [FORCE] Local model added for round 49. (1/10)
[ 2026-05-13 11:24:50 | node_15 | INFO ] 🗣️ Gossiping aggregated model.
[ 2026-05-13 11:24:50 | node_19 | INFO ] 📤 Sending model to 10 direct neighbors: ['node_1', 'node_3', 'node_5', 'node_9', 'node_11', 'node_23', 'node_26', 'node_34', 'node_38', 'node_43']
[ 2026-05-13 11:24:51 | node_20 | INFO ] 🧩 Model added for round 48 (7/8) from ['node_28']
[ 2026-05-13 11:24:51 | node_1 | INFO ] ⏹️  Gossiping exited for 50 equal rounds.
[ 2026-05-13 11:24:52 | node_1 | INFO ] 🔬 Evaluating...
[ 2026-05-13 11:24:52 | node_2 | INFO ] ⏹️  Gossiping exited for 50 equal rounds.
[ 2026-05-13 11:24:52 | node_2 | INFO ] 🔬 Evaluating...
[ 2026-05-13 11:24:52 | node_1 | INFO ] 📈 Evaluated. Results: {'test_loss': 0.20144662261009216, 'test_acc': 0.9649999737739563, 'test_precision': 0.9665462374687195, 'test_recall': 0.9646617770195007, 'test_f1': 0.9632935523986816, 'communication_cost': 30107168}
[ 2026-05-13 11:24:52 | node | INFO ] 🎉 Round 49 of 50 finished.
[ 2026-05-13 11:24:52 | node_21 | INFO ] 🧩 Model added for round 48 (7/7) from ['node_28']
[ 2026-05-13 11:24:52 | node_1 | INFO ] 📢 Broadcasting metrics.
[ 2026-05-13 11:24:52 | node | INFO ] 🗳️ [DETERMINISTIC] Train set assigned (No Voting). Size: 50
[ 2026-05-13 11:24:53 | node_2 | INFO ] 📈 Evaluated. Results: {'test_loss': 0.17591099441051483, 'test_acc': 0.9700000286102295, 'test_precision': 0.9667372703552246, 'test_recall': 0.9668523669242859, 'test_f1': 0.966098964214325, 'communication_cost': 52687544}
[ 2026-05-13 11:24:53 | node_2 | INFO ] 📢 Broadcasting metrics.
[ 2026-05-13 11:24:53 | node | INFO ] ♻️ Proactively processing 2 early models for round 49.
[ 2026-05-13 11:24:53 | node_11 | INFO ] 🧩 Model added for round 49 (5/9) from ['node_19']
[ 2026-05-13 11:24:53 | node | INFO ] 🧩 Model added for round 49 (1/9) from ['node_33']
[ 2026-05-13 11:24:53 | node_41 | INFO ] ⏹️  Gossiping exited for 50 equal rounds.
[ 2026-05-13 11:24:53 | node | INFO ] 🧩 Model added for round 49 (2/9) from ['node_44']
[ 2026-05-13 11:24:53 | node | INFO ] 🏋️‍♀️ Preparing training...
[ 2026-05-13 11:24:53 | node_41 | INFO ] 🔬 Evaluating...
[ 2026-05-13 11:24:54 | node_21 | INFO ] 🧠 Aggregation complete. Setting new model.
[ 2026-05-13 11:24:54 | node_41 | INFO ] 📈 Evaluated. Results: {'test_loss': 0.19418233633041382, 'test_acc': 0.9599999785423279, 'test_precision': 0.958583652973175, 'test_recall': 0.9601571559906006, 'test_f1': 0.9582546353340149, 'communication_cost': 26343772}
[ 2026-05-13 11:24:54 | node | INFO ] 🎓 Training step done.
[ 2026-05-13 11:24:54 | node_22 | INFO ] 🧩 Model added for round 48 (9/10) from ['node_28']
[ 2026-05-13 11:24:54 | node | INFO ] 🛠️ Calling force_add_local_model...
[ 2026-05-13 11:24:54 | node_41 | INFO ] 📢 Broadcasting metrics.
[ 2026-05-13 11:24:54 | node | INFO ] ✅ [FORCE] Local model added for round 49. (3/9)
[ 2026-05-13 11:24:54 | node_25 | INFO ] 📤 Sending model to 9 direct neighbors: ['node', 'node_1', 'node_4', 'node_6', 'node_10', 'node_21', 'node_39', 'node_41', 'node_42']
[ 2026-05-13 11:24:55 | node_38 | INFO ] ⏹️  Gossiping exited for 50 equal rounds.
[ 2026-05-13 11:24:55 | node | INFO ] 🧩 Model added for round 49 (4/9) from ['node_25']
[ 2026-05-13 11:24:55 | node_23 | INFO ] 🧩 Model added for round 49 (3/11) from ['node_19']
[ 2026-05-13 11:24:55 | node_21 | INFO ] 🗣️ Gossiping aggregated model.
[ 2026-05-13 11:24:55 | node_38 | INFO ] 🔬 Evaluating...
[ 2026-05-13 11:24:55 | node_35 | INFO ] ⏹️  Gossiping exited for 50 equal rounds.
[ 2026-05-13 11:24:55 | node_38 | INFO ] 📈 Evaluated. Results: {'test_loss': 0.11444566398859024, 'test_acc': 0.9700000286102295, 'test_precision': 0.966564416885376, 'test_recall': 0.9602363109588623, 'test_f1': 0.9625108242034912, 'communication_cost': 33870564}
[ 2026-05-13 11:24:55 | node_38 | INFO ] 📢 Broadcasting metrics.
[ 2026-05-13 11:24:55 | node_35 | INFO ] 🔬 Evaluating...
[ 2026-05-13 11:24:56 | node_45 | INFO ] 🧩 Model added for round 48 (6/6) from ['node_28']
[ 2026-05-13 11:24:56 | node_35 | INFO ] 📈 Evaluated. Results: {'test_loss': 0.2068493813276291, 'test_acc': 0.9700000286102295, 'test_precision': 0.9693745970726013, 'test_recall': 0.969044029712677, 'test_f1': 0.9682729840278625, 'communication_cost': 30107168}
[ 2026-05-13 11:24:56 | node_35 | INFO ] 📢 Broadcasting metrics.
[ 2026-05-13 11:24:56 | node_4 | INFO ] 🎉 Round 49 of 50 finished.
[ 2026-05-13 11:24:56 | node_9 | INFO ] ⏹️  Gossiping exited for 50 equal rounds.
[ 2026-05-13 11:24:56 | node_4 | INFO ] 🗳️ [DETERMINISTIC] Train set assigned (No Voting). Size: 50
[ 2026-05-13 11:24:56 | node_4 | INFO ] ♻️ Proactively processing 2 early models for round 49.
[ 2026-05-13 11:24:56 | node_9 | INFO ] 🔬 Evaluating...
[ 2026-05-13 11:24:56 | node_45 | INFO ] 🧠 Aggregation complete. Setting new model.
[ 2026-05-13 11:24:56 | node_4 | INFO ] 🧩 Model added for round 49 (1/12) from ['node_40']
[ 2026-05-13 11:24:56 | node_4 | INFO ] 🧩 Model added for round 49 (2/12) from ['node_44']
[ 2026-05-13 11:24:56 | node_4 | INFO ] 🏋️‍♀️ Preparing training...
[ 2026-05-13 11:24:57 | node_4 | INFO ] 🧩 Model added for round 49 (3/12) from ['node_25']
[ 2026-05-13 11:24:57 | node_9 | INFO ] 📈 Evaluated. Results: {'test_loss': 0.21328720450401306, 'test_acc': 0.9599999785423279, 'test_precision': 0.9581212401390076, 'test_recall': 0.9605661034584045, 'test_f1': 0.9581420421600342, 'communication_cost': 26343772}
[ 2026-05-13 11:24:57 | node_45 | INFO ] 🗣️ Gossiping aggregated model.
[ 2026-05-13 11:24:57 | node_4 | INFO ] 🎓 Training step done.
[ 2026-05-13 11:24:57 | node_46 | INFO ] 🧩 Model added for round 48 (9/9) from ['node_28']
[ 2026-05-13 11:24:57 | node_1 | INFO ] 🎉 Round 49 of 50 finished.
[ 2026-05-13 11:24:57 | node_4 | INFO ] 🛠️ Calling force_add_local_model...
[ 2026-05-13 11:24:57 | node_9 | INFO ] 📢 Broadcasting metrics.
[ 2026-05-13 11:24:57 | node_12 | INFO ] ⏹️  Gossiping exited for 50 equal rounds.
[ 2026-05-13 11:24:57 | node_4 | INFO ] ✅ [FORCE] Local model added for round 49. (4/12)
[ 2026-05-13 11:24:57 | node_1 | INFO ] 🗳️ [DETERMINISTIC] Train set assigned (No Voting). Size: 50
[ 2026-05-13 11:24:58 | node_12 | INFO ] 🔬 Evaluating...
[ 2026-05-13 11:24:58 | node_1 | INFO ] ♻️ Proactively processing 3 early models for round 49.
[ 2026-05-13 11:24:58 | node_1 | INFO ] 🧩 Model added for round 49 (1/9) from ['node_23']
[ 2026-05-13 11:24:58 | node_1 | INFO ] 🧩 Model added for round 49 (2/9) from ['node_19']
[ 2026-05-13 11:24:58 | node_46 | INFO ] 🧠 Aggregation complete. Setting new model.
[ 2026-05-13 11:24:58 | node_1 | INFO ] 🧩 Model added for round 49 (3/9) from ['node_25']
[ 2026-05-13 11:24:58 | node_12 | INFO ] 📈 Evaluated. Results: {'test_loss': 0.18047136068344116, 'test_acc': 0.9599999785423279, 'test_precision': 0.9634973406791687, 'test_recall': 0.9565448760986328, 'test_f1': 0.958606481552124, 'communication_cost': 33870564}
[ 2026-05-13 11:24:58 | node_1 | INFO ] 🏋️‍♀️ Preparing training...
[ 2026-05-13 11:24:58 | node_12 | INFO ] 📢 Broadcasting metrics.
[ 2026-05-13 11:24:58 | node_41 | INFO ] 🎉 Round 49 of 50 finished.
[ 2026-05-13 11:24:59 | node_41 | INFO ] 🗳️ [DETERMINISTIC] Train set assigned (No Voting). Size: 50
[ 2026-05-13 11:24:59 | node_41 | INFO ] ♻️ Proactively processing 1 early models for round 49.
[ 2026-05-13 11:24:59 | node_41 | INFO ] 🧩 Model added for round 49 (1/8) from ['node_11']
[ 2026-05-13 11:24:59 | node_41 | INFO ] 🏋️‍♀️ Preparing training...
[ 2026-05-13 11:24:59 | node | INFO ] 📤 Sending model to 8 direct neighbors: ['node_4', 'node_5', 'node_15', 'node_25', 'node_33', 'node_35', 'node_44', 'node_48']
[ 2026-05-13 11:24:59 | node_1 | INFO ] 🎓 Training step done.
[ 2026-05-13 11:24:59 | node_1 | INFO ] 🛠️ Calling force_add_local_model...
[ 2026-05-13 11:24:59 | node_1 | INFO ] ✅ [FORCE] Local model added for round 49. (4/9)
[ 2026-05-13 11:25:00 | node_41 | INFO ] 🎓 Training step done.
[ 2026-05-13 11:25:00 | node_46 | INFO ] 🗣️ Gossiping aggregated model.
[ 2026-05-13 11:25:00 | node_41 | INFO ] 🛠️ Calling force_add_local_model...
[ 2026-05-13 11:25:00 | node_41 | INFO ] ✅ [FORCE] Local model added for round 49. (2/8)
[ 2026-05-13 11:25:00 | node_4 | INFO ] 🧩 Model added for round 49 (5/12) from ['node']
[ 2026-05-13 11:25:00 | node_36 | INFO ] ⏹️  Gossiping exited for 50 equal rounds.
[ 2026-05-13 11:25:00 | node_36 | INFO ] 🔬 Evaluating...
[ 2026-05-13 11:25:00 | node_36 | INFO ] 📈 Evaluated. Results: {'test_loss': 0.13313578069210052, 'test_acc': 0.9700000286102295, 'test_precision': 0.9719541072845459, 'test_recall': 0.9695502519607544, 'test_f1': 0.9703837037086487, 'communication_cost': 30107168}
[ 2026-05-13 11:25:01 | node_34 | INFO ] ⏹️  Gossiping exited for 50 equal rounds.
[ 2026-05-13 11:25:01 | node_35 | INFO ] 🎉 Round 49 of 50 finished.
[ 2026-05-13 11:25:01 | node_36 | INFO ] 📢 Broadcasting metrics.
[ 2026-05-13 11:25:01 | node_34 | INFO ] 🔬 Evaluating...
[ 2026-05-13 11:25:01 | node_35 | INFO ] 🗳️ [DETERMINISTIC] Train set assigned (No Voting). Size: 50
[ 2026-05-13 11:25:01 | node_38 | INFO ] 🎉 Round 49 of 50 finished.
[ 2026-05-13 11:25:01 | node_38 | INFO ] 🗳️ [DETERMINISTIC] Train set assigned (No Voting). Size: 50
[ 2026-05-13 11:25:01 | node_35 | INFO ] ♻️ Proactively processing 1 early models for round 49.
[ 2026-05-13 11:25:01 | node_35 | INFO ] 🧩 Model added for round 49 (1/9) from ['node_37']
[ 2026-05-13 11:25:01 | node_34 | INFO ] 📈 Evaluated. Results: {'test_loss': 0.2210695594549179, 'test_acc': 0.9649999737739563, 'test_precision': 0.9655860662460327, 'test_recall': 0.9642109870910645, 'test_f1': 0.9642137885093689, 'communication_cost': 33870564}
[ 2026-05-13 11:25:01 | node_2 | INFO ] 🎉 Round 48 of 50 finished.
[ 2026-05-13 11:25:01 | node_41 | INFO ] 🧩 Model added for round 49 (3/8) from ['node_25']
[ 2026-05-13 11:25:01 | node_35 | INFO ] 🏋️‍♀️ Preparing training...
[ 2026-05-13 11:25:01 | node_38 | INFO ] ♻️ Proactively processing 2 early models for round 49.
[ 2026-05-13 11:25:01 | node_34 | INFO ] 📢 Broadcasting metrics.
[ 2026-05-13 11:25:01 | node_38 | INFO ] 🧩 Model added for round 49 (1/10) from ['node_23']
[ 2026-05-13 11:25:01 | node_2 | INFO ] 🗳️ [DETERMINISTIC] Train set assigned (No Voting). Size: 50
[ 2026-05-13 11:25:01 | node_38 | INFO ] 🧩 Model added for round 49 (2/10) from ['node_19']
[ 2026-05-13 11:25:01 | node_38 | INFO ] 🏋️‍♀️ Preparing training...
[ 2026-05-13 11:25:02 | node_2 | INFO ] ♻️ Proactively processing 14 early models for round 48.
[ 2026-05-13 11:25:02 | node_2 | INFO ] 🧩 Model added for round 48 (1/15) from ['node_29']
[ 2026-05-13 11:25:02 | node_2 | INFO ] 🧩 Model added for round 48 (2/15) from ['node_3']
[ 2026-05-13 11:25:02 | node_35 | INFO ] 🎓 Training step done.
[ 2026-05-13 11:25:02 | node_2 | INFO ] 🧩 Model added for round 48 (3/15) from ['node_17']
[ 2026-05-13 11:25:02 | node_35 | INFO ] 🛠️ Calling force_add_local_model...
[ 2026-05-13 11:25:02 | node_2 | INFO ] 🧩 Model added for round 48 (4/15) from ['node_8']
[ 2026-05-13 11:25:02 | node_35 | INFO ] ✅ [FORCE] Local model added for round 49. (2/9)
[ 2026-05-13 11:25:02 | node_2 | INFO ] 🧩 Model added for round 48 (5/15) from ['node_22']
[ 2026-05-13 11:25:02 | node_38 | INFO ] 🎓 Training step done.
[ 2026-05-13 11:25:02 | node_2 | INFO ] 🧩 Model added for round 48 (6/15) from ['node_42']
[ 2026-05-13 11:25:02 | node_38 | INFO ] 🛠️ Calling force_add_local_model...
[ 2026-05-13 11:25:02 | node_2 | INFO ] 🧩 Model added for round 48 (7/15) from ['node_14']
[ 2026-05-13 11:25:02 | node_38 | INFO ] ✅ [FORCE] Local model added for round 49. (3/10)
[ 2026-05-13 11:25:02 | node_2 | INFO ] 🧩 Model added for round 48 (8/15) from ['node_16']
[ 2026-05-13 11:25:02 | node_32 | INFO ] ⏹️  Gossiping exited for 50 equal rounds.
[ 2026-05-13 11:25:02 | node_9 | INFO ] 🎉 Round 49 of 50 finished.
[ 2026-05-13 11:25:02 | node_2 | INFO ] 🧩 Model added for round 48 (9/15) from ['node_20']
[ 2026-05-13 11:25:02 | node_2 | INFO ] 🧩 Model added for round 48 (10/15) from ['node_26']
[ 2026-05-13 11:25:02 | node_9 | INFO ] 🗳️ [DETERMINISTIC] Train set assigned (No Voting). Size: 50
[ 2026-05-13 11:25:02 | node_2 | INFO ] 🧩 Model added for round 48 (11/15) from ['node_24']
[ 2026-05-13 11:25:03 | node_4 | INFO ] 📤 Sending model to 11 direct neighbors: ['node', 'node_3', 'node_5', 'node_24', 'node_25', 'node_31', 'node_34', 'node_36', 'node_40', 'node_44', 'node_47']
[ 2026-05-13 11:25:03 | node_32 | INFO ] 🔬 Evaluating...
[ 2026-05-13 11:25:03 | node_2 | INFO ] 🧩 Model added for round 48 (12/15) from ['node_6']
[ 2026-05-13 11:25:03 | node_2 | INFO ] 🧩 Model added for round 48 (13/15) from ['node_31']
[ 2026-05-13 11:25:03 | node_9 | INFO ] ♻️ Proactively processing 2 early models for round 49.
[ 2026-05-13 11:25:03 | node_2 | INFO ] 🧩 Model added for round 48 (14/15) from ['node_28']
[ 2026-05-13 11:25:03 | node_9 | INFO ] 🧩 Model added for round 49 (1/8) from ['node_23']
[ 2026-05-13 11:25:03 | node_2 | INFO ] 🏋️‍♀️ Preparing training...
[ 2026-05-13 11:25:03 | node_25 | INFO ] 🧩 Model added for round 49 (2/10) from ['node']
[ 2026-05-13 11:25:03 | node_9 | INFO ] 🧩 Model added for round 49 (2/8) from ['node_19']
[ 2026-05-13 11:25:03 | node_32 | INFO ] 📈 Evaluated. Results: {'test_loss': 0.2786239683628082, 'test_acc': 0.9649999737739563, 'test_precision': 0.9627715349197388, 'test_recall': 0.9651138782501221, 'test_f1': 0.9630433917045593, 'communication_cost': 30107168}
[ 2026-05-13 11:25:03 | node | INFO ] 🧩 Model added for round 49 (5/9) from ['node_4']
[ 2026-05-13 11:25:03 | node_9 | INFO ] 🏋️‍♀️ Preparing training...
[ 2026-05-13 11:25:03 | node_32 | INFO ] 📢 Broadcasting metrics.
[ 2026-05-13 11:25:04 | node_2 | INFO ] 🎓 Training step done.
[ 2026-05-13 11:25:04 | node_2 | INFO ] 🛠️ Calling force_add_local_model...
[ 2026-05-13 11:25:04 | node_9 | INFO ] 🎓 Training step done.
[ 2026-05-13 11:25:04 | node_2 | INFO ] ✅ [FORCE] Local model added for round 48. (15/15)
[ 2026-05-13 11:25:04 | node_9 | INFO ] 🛠️ Calling force_add_local_model...
[ 2026-05-13 11:25:04 | node_9 | INFO ] ✅ [FORCE] Local model added for round 49. (3/8)
[ 2026-05-13 11:25:05 | node_1 | INFO ] 📤 Sending model to 8 direct neighbors: ['node_6', 'node_19', 'node_23', 'node_25', 'node_30', 'node_32', 'node_42', 'node_46']
[ 2026-05-13 11:25:05 | node_12 | INFO ] 🎉 Round 49 of 50 finished.
[ 2026-05-13 11:25:05 | node_41 | INFO ] 📤 Sending model to 7 direct neighbors: ['node_9', 'node_11', 'node_13', 'node_25', 'node_26', 'node_32', 'node_42']
[ 2026-05-13 11:25:05 | node_12 | INFO ] 🗳️ [DETERMINISTIC] Train set assigned (No Voting). Size: 50
[ 2026-05-13 11:25:05 | node_12 | INFO ] ♻️ Proactively processing 1 early models for round 49.
[ 2026-05-13 11:25:05 | node_33 | INFO ] 🧩 Model added for round 49 (2/6) from ['node']
[ 2026-05-13 11:25:05 | node_12 | INFO ] 🧩 Model added for round 49 (1/10) from ['node_49']
[ 2026-05-13 11:25:05 | node_12 | INFO ] 🏋️‍♀️ Preparing training...
[ 2026-05-13 11:25:05 | node_9 | INFO ] 🧩 Model added for round 49 (4/8) from ['node_41']
[ 2026-05-13 11:25:06 | node_19 | INFO ] 🧩 Model added for round 49 (4/11) from ['node_1']
[ 2026-05-13 11:25:06 | node_12 | INFO ] 🎓 Training step done.
[ 2026-05-13 11:25:06 | node_12 | INFO ] 🛠️ Calling force_add_local_model...
[ 2026-05-13 11:25:06 | node_12 | INFO ] ✅ [FORCE] Local model added for round 49. (2/10)
[ 2026-05-13 11:25:07 | node_36 | INFO ] 🎉 Round 49 of 50 finished.
[ 2026-05-13 11:25:07 | node_25 | INFO ] 🧩 Model added for round 49 (3/10) from ['node_4']
[ 2026-05-13 11:25:07 | node_35 | INFO ] 🧩 Model added for round 49 (3/9) from ['node']
[ 2026-05-13 11:25:07 | node_36 | INFO ] 🗳️ [DETERMINISTIC] Train set assigned (No Voting). Size: 50
[ 2026-05-13 11:25:07 | node_36 | INFO ] 🏋️‍♀️ Preparing training...
[ 2026-05-13 11:25:07 | node_35 | INFO ] 📤 Sending model to 8 direct neighbors: ['node', 'node_13', 'node_14', 'node_17', 'node_27', 'node_30', 'node_32', 'node_37']
[ 2026-05-13 11:25:07 | node_11 | INFO ] 🧩 Model added for round 49 (6/9) from ['node_41']
[ 2026-05-13 11:25:07 | node_38 | INFO ] 📤 Sending model to 9 direct neighbors: ['node_5', 'node_12', 'node_14', 'node_16', 'node_19', 'node_23', 'node_32', 'node_36', 'node_45']
[ 2026-05-13 11:25:08 | node_36 | INFO ] 🎓 Training step done.
[ 2026-05-13 11:25:08 | node | INFO ] 🧩 Model added for round 49 (6/9) from ['node_35']
[ 2026-05-13 11:25:08 | node_36 | INFO ] 🛠️ Calling force_add_local_model...
[ 2026-05-13 11:25:08 | node_36 | INFO ] ✅ [FORCE] Local model added for round 49. (1/9)
[ 2026-05-13 11:25:08 | node_34 | INFO ] 🎉 Round 49 of 50 finished.
[ 2026-05-13 11:25:08 | node_34 | INFO ] 🗳️ [DETERMINISTIC] Train set assigned (No Voting). Size: 50
[ 2026-05-13 11:25:08 | node_23 | INFO ] 🧩 Model added for round 49 (4/11) from ['node_1']
[ 2026-05-13 11:25:08 | node_34 | INFO ] ♻️ Proactively processing 2 early models for round 49.
[ 2026-05-13 11:25:08 | node_12 | INFO ] 🧩 Model added for round 49 (3/10) from ['node_38']
[ 2026-05-13 11:25:08 | node_34 | INFO ] 🧩 Model added for round 49 (1/10) from ['node_23']
[ 2026-05-13 11:25:08 | node_34 | INFO ] 🧩 Model added for round 49 (2/10) from ['node_19']
[ 2026-05-13 11:25:09 | node_34 | INFO ] 🏋️‍♀️ Preparing training...
[ 2026-05-13 11:25:09 | node_44 | INFO ] 🧩 Model added for round 49 (3/9) from ['node']
[ 2026-05-13 11:25:09 | node_32 | INFO ] 🎉 Round 49 of 50 finished.
[ 2026-05-13 11:25:09 | node_2 | INFO ] 📤 Sending model to 14 direct neighbors: ['node_3', 'node_6', 'node_8', 'node_14', 'node_16', 'node_17', 'node_20', 'node_22', 'node_24', 'node_26', 'node_28', 'node_29', 'node_31', 'node_42']
[ 2026-05-13 11:25:09 | node_32 | INFO ] 🗳️ [DETERMINISTIC] Train set assigned (No Voting). Size: 50
[ 2026-05-13 11:25:09 | node_9 | INFO ] 📤 Sending model to 7 direct neighbors: ['node_3', 'node_6', 'node_13', 'node_19', 'node_23', 'node_41', 'node_46']
[ 2026-05-13 11:25:09 | node_34 | INFO ] 🧩 Model added for round 49 (3/10) from ['node_4']
[ 2026-05-13 11:25:09 | node_34 | INFO ] 🎓 Training step done.
[ 2026-05-13 11:25:09 | node_34 | INFO ] 🛠️ Calling force_add_local_model...
[ 2026-05-13 11:25:09 | node_32 | INFO ] ♻️ Proactively processing 2 early models for round 49.
[ 2026-05-13 11:25:09 | node_34 | INFO ] ✅ [FORCE] Local model added for round 49. (4/10)
[ 2026-05-13 11:25:09 | node_32 | INFO ] 🧩 Model added for round 49 (1/9) from ['node_33']
[ 2026-05-13 11:25:09 | node_3 | INFO ] 🧩 Model added for round 48 (11/11) from ['node_2']
[ 2026-05-13 11:25:09 | node_32 | INFO ] 🧩 Model added for round 49 (2/9) from ['node_49']
[ 2026-05-13 11:25:09 | node_32 | INFO ] 🏋️‍♀️ Preparing training...
[ 2026-05-13 11:25:09 | node_25 | INFO ] 🧩 Model added for round 49 (4/10) from ['node_41']
[ 2026-05-13 11:25:10 | node_32 | INFO ] 🎓 Training step done.
[ 2026-05-13 11:25:10 | node_25 | INFO ] 🧩 Model added for round 49 (5/10) from ['node_1']
[ 2026-05-13 11:25:10 | node_27 | INFO ] ⏹️  Gossiping exited for 50 equal rounds.
[ 2026-05-13 11:25:10 | node_32 | INFO ] 🛠️ Calling force_add_local_model...
[ 2026-05-13 11:25:10 | node_32 | INFO ] ✅ [FORCE] Local model added for round 49. (3/9)
[ 2026-05-13 11:25:10 | node_3 | INFO ] 🧠 Aggregation complete. Setting new model.
[ 2026-05-13 11:25:10 | node_27 | INFO ] 🔬 Evaluating...
[ 2026-05-13 11:25:11 | node_27 | INFO ] 📈 Evaluated. Results: {'test_loss': 0.28303638100624084, 'test_acc': 0.9750000238418579, 'test_precision': 0.9740009307861328, 'test_recall': 0.9751706123352051, 'test_f1': 0.9741383194923401, 'communication_cost': 26343772}
[ 2026-05-13 11:25:11 | node_12 | INFO ] 📤 Sending model to 9 direct neighbors: ['node_5', 'node_13', 'node_14', 'node_24', 'node_26', 'node_38', 'node_39', 'node_43', 'node_49']
[ 2026-05-13 11:25:11 | node_27 | INFO ] 📢 Broadcasting metrics.
[ 2026-05-13 11:25:12 | node_3 | INFO ] 🗣️ Gossiping aggregated model.
[ 2026-05-13 11:25:12 | node_36 | INFO ] 🧩 Model added for round 49 (2/9) from ['node_4']
[ 2026-05-13 11:25:12 | node_6 | INFO ] 🧩 Model added for round 48 (11/11) from ['node_2']
[ 2026-05-13 11:25:13 | node_36 | INFO ] 📤 Sending model to 8 direct neighbors: ['node_4', 'node_16', 'node_17', 'node_30', 'node_34', 'node_38', 'node_42', 'node_48']
[ 2026-05-13 11:25:13 | node_19 | INFO ] 🧩 Model added for round 49 (5/11) from ['node_38']
[ 2026-05-13 11:25:13 | node_19 | INFO ] 🧩 Model added for round 49 (6/11) from ['node_9']
[ 2026-05-13 11:25:13 | node_32 | INFO ] 🧩 Model added for round 49 (4/9) from ['node_41']
[ 2026-05-13 11:25:13 | node_32 | INFO ] 🧩 Model added for round 49 (5/9) from ['node_1']
[ 2026-05-13 11:25:14 | node_39 | INFO ] ⏹️  Gossiping exited for 50 equal rounds.
[ 2026-05-13 11:25:14 | node_4 | INFO ] 🧩 Model added for round 49 (6/12) from ['node_36']
[ 2026-05-13 11:25:14 | node_27 | INFO ] 🎉 Round 49 of 50 finished.
[ 2026-05-13 11:25:14 | node_27 | INFO ] 🗳️ [DETERMINISTIC] Train set assigned (No Voting). Size: 50
[ 2026-05-13 11:25:14 | node_39 | INFO ] 🔬 Evaluating...
[ 2026-05-13 11:25:14 | node_27 | INFO ] ♻️ Proactively processing 2 early models for round 49.
[ 2026-05-13 11:25:14 | node_27 | INFO ] 🧩 Model added for round 49 (1/8) from ['node_44']
[ 2026-05-13 11:25:14 | node_27 | INFO ] 🧩 Model added for round 49 (2/8) from ['node_35']
[ 2026-05-13 11:25:14 | node_27 | INFO ] 🏋️‍♀️ Preparing training...
[ 2026-05-13 11:25:14 | node_40 | INFO ] 🧩 Model added for round 49 (2/4) from ['node_4']
[ 2026-05-13 11:25:14 | node_34 | INFO ] 📤 Sending model to 9 direct neighbors: ['node_4', 'node_6', 'node_8', 'node_16', 'node_17', 'node_19', 'node_21', 'node_23', 'node_36']
[ 2026-05-13 11:25:14 | node_39 | INFO ] 📈 Evaluated. Results: {'test_loss': 0.17099258303642273, 'test_acc': 0.9549999833106995, 'test_precision': 0.9535486102104187, 'test_recall': 0.961931586265564, 'test_f1': 0.9562913775444031, 'communication_cost': 33870564}
[ 2026-05-13 11:25:15 | node_8 | INFO ] 🧩 Model added for round 48 (5/5) from ['node_2']
[ 2026-05-13 11:25:15 | node_48 | INFO ] ⏹️  Gossiping exited for 50 equal rounds.
[ 2026-05-13 11:25:15 | node_30 | INFO ] ⏹️  Gossiping exited for 50 equal rounds.
[ 2026-05-13 11:25:15 | node_30 | INFO ] 🔬 Evaluating...
[ 2026-05-13 11:25:15 | node_23 | INFO ] 🧩 Model added for round 49 (5/11) from ['node_38']
[ 2026-05-13 11:25:15 | node_48 | INFO ] 🔬 Evaluating...
[ 2026-05-13 11:25:15 | node_32 | INFO ] 🧩 Model added for round 49 (6/9) from ['node_35']
[ 2026-05-13 11:25:15 | node_39 | INFO ] 📢 Broadcasting metrics.
[ 2026-05-13 11:25:15 | node_4 | INFO ] 🧩 Model added for round 49 (7/12) from ['node_34']
[ 2026-05-13 11:25:15 | node_23 | INFO ] 🧩 Model added for round 49 (6/11) from ['node_9']
[ 2026-05-13 11:25:15 | node_8 | INFO ] 🧠 Aggregation complete. Setting new model.
[ 2026-05-13 11:25:15 | node_6 | INFO ] 🧠 Aggregation complete. Setting new model.
[ 2026-05-13 11:25:15 | node_27 | INFO ] 🎓 Training step done.
[ 2026-05-13 11:25:15 | node_44 | INFO ] 🧩 Model added for round 49 (4/9) from ['node_4']
[ 2026-05-13 11:25:15 | node_27 | INFO ] 🛠️ Calling force_add_local_model...
[ 2026-05-13 11:25:15 | node_30 | INFO ] 📈 Evaluated. Results: {'test_loss': 0.1208270713686943, 'test_acc': 0.9900000095367432, 'test_precision': 0.9885093569755554, 'test_recall': 0.9910001158714294, 'test_f1': 0.9894691705703735, 'communication_cost': 37633960}
[ 2026-05-13 11:25:15 | node_48 | INFO ] 📈 Evaluated. Results: {'test_loss': 0.0427309051156044, 'test_acc': 0.9850000143051147, 'test_precision': 0.9853891134262085, 'test_recall': 0.9855983853340149, 'test_f1': 0.9852572083473206, 'communication_cost': 22580376}
[ 2026-05-13 11:25:15 | node_32 | INFO ] 📤 Sending model to 8 direct neighbors: ['node_1', 'node_6', 'node_26', 'node_33', 'node_35', 'node_38', 'node_41', 'node_49']
[ 2026-05-13 11:25:15 | node_27 | INFO ] ✅ [FORCE] Local model added for round 49. (3/8)
[ 2026-05-13 11:25:15 | node_30 | INFO ] 📢 Broadcasting metrics.
[ 2026-05-13 11:25:16 | node_48 | INFO ] 📢 Broadcasting metrics.
[ 2026-05-13 11:25:16 | node_1 | INFO ] 🧩 Model added for round 49 (5/9) from ['node_32']
[ 2026-05-13 11:25:16 | node_14 | INFO ] 🧩 Model added for round 48 (12/12) from ['node_2']
[ 2026-05-13 11:25:16 | node_38 | INFO ] 🧩 Model added for round 49 (4/10) from ['node_12']
[ 2026-05-13 11:25:16 | node_8 | INFO ] 🗣️ Gossiping aggregated model.
[ 2026-05-13 11:25:17 | node_14 | INFO ] 🧠 Aggregation complete. Setting new model.
[ 2026-05-13 11:25:17 | node_6 | INFO ] 🗣️ Gossiping aggregated model.
[ 2026-05-13 11:25:18 | node_37 | INFO ] 🧩 Model added for round 49 (4/6) from ['node_35']
[ 2026-05-13 11:25:18 | node_32 | INFO ] 🧩 Model added for round 49 (7/9) from ['node_38']
[ 2026-05-13 11:25:19 | node_41 | INFO ] 🧩 Model added for round 49 (4/8) from ['node_9']
[ 2026-05-13 11:25:19 | node_14 | INFO ] 🗣️ Gossiping aggregated model.
[ 2026-05-13 11:25:19 | node_34 | INFO ] 🧩 Model added for round 49 (5/10) from ['node_36']
[ 2026-05-13 11:25:20 | node_48 | INFO ] 🎉 Round 49 of 50 finished.
[ 2026-05-13 11:25:20 | node_16 | INFO ] 🧩 Model added for round 48 (11/11) from ['node_2']
[ 2026-05-13 11:25:20 | node_48 | INFO ] 🗳️ [DETERMINISTIC] Train set assigned (No Voting). Size: 50
[ 2026-05-13 11:25:20 | node_48 | INFO ] ♻️ Proactively processing 1 early models for round 49.
[ 2026-05-13 11:25:20 | node_48 | INFO ] 🧩 Model added for round 49 (1/7) from ['node']
[ 2026-05-13 11:25:20 | node_48 | INFO ] 🏋️‍♀️ Preparing training...
[ 2026-05-13 11:25:20 | node_36 | INFO ] 🧩 Model added for round 49 (3/9) from ['node_38']
[ 2026-05-13 11:25:20 | node_49 | INFO ] 🧩 Model added for round 49 (3/5) from ['node_12']
[ 2026-05-13 11:25:20 | node_39 | INFO ] 🎉 Round 49 of 50 finished.
[ 2026-05-13 11:25:20 | node_39 | INFO ] 🗳️ [DETERMINISTIC] Train set assigned (No Voting). Size: 50
[ 2026-05-13 11:25:20 | node_39 | INFO ] ♻️ Proactively processing 4 early models for round 49.
[ 2026-05-13 11:25:21 | node_27 | INFO ] 📤 Sending model to 7 direct neighbors: ['node_10', 'node_13', 'node_16', 'node_30', 'node_35', 'node_44', 'node_45']
[ 2026-05-13 11:25:21 | node_48 | INFO ] 🎓 Training step done.
[ 2026-05-13 11:25:21 | node_39 | INFO ] 🧩 Model added for round 49 (1/10) from ['node_23']
[ 2026-05-13 11:25:21 | node_33 | INFO ] 🧩 Model added for round 49 (3/6) from ['node_32']
[ 2026-05-13 11:25:21 | node_48 | INFO ] 🛠️ Calling force_add_local_model...
[ 2026-05-13 11:25:21 | node_39 | INFO ] 🧩 Model added for round 49 (2/10) from ['node_44']
[ 2026-05-13 11:25:21 | node_39 | INFO ] 🧩 Model added for round 49 (3/10) from ['node_25']
[ 2026-05-13 11:25:21 | node_48 | INFO ] ✅ [FORCE] Local model added for round 49. (2/7)
[ 2026-05-13 11:25:21 | node_39 | INFO ] 🧩 Model added for round 49 (4/10) from ['node_12']
[ 2026-05-13 11:25:21 | node_39 | INFO ] 🏋️‍♀️ Preparing training...
[ 2026-05-13 11:25:21 | node_38 | INFO ] 🧩 Model added for round 49 (5/10) from ['node_36']
[ 2026-05-13 11:25:21 | node_17 | INFO ] 🧩 Model added for round 48 (13/13) from ['node_2']
[ 2026-05-13 11:25:21 | node_30 | INFO ] 🎉 Round 49 of 50 finished.
[ 2026-05-13 11:25:21 | node_30 | INFO ] 🗳️ [DETERMINISTIC] Train set assigned (No Voting). Size: 50
[ 2026-05-13 11:25:21 | node_39 | INFO ] 🎓 Training step done.
[ 2026-05-13 11:25:22 | node_39 | INFO ] 🛠️ Calling force_add_local_model...
[ 2026-05-13 11:25:22 | node_30 | INFO ] ♻️ Proactively processing 5 early models for round 49.
[ 2026-05-13 11:25:22 | node_39 | INFO ] ✅ [FORCE] Local model added for round 49. (5/10)
[ 2026-05-13 11:25:22 | node_35 | INFO ] 🧩 Model added for round 49 (4/9) from ['node_32']
[ 2026-05-13 11:25:22 | node_30 | INFO ] 🧩 Model added for round 49 (1/11) from ['node_23']
[ 2026-05-13 11:25:22 | node_16 | INFO ] 🧠 Aggregation complete. Setting new model.
[ 2026-05-13 11:25:22 | node_30 | INFO ] 🧩 Model added for round 49 (2/11) from ['node_44']
[ 2026-05-13 11:25:22 | node_30 | INFO ] 🧩 Model added for round 49 (3/11) from ['node_1']
[ 2026-05-13 11:25:22 | node_30 | INFO ] 🧩 Model added for round 49 (4/11) from ['node_35']
[ 2026-05-13 11:25:22 | node_30 | INFO ] 🧩 Model added for round 49 (5/11) from ['node_36']
[ 2026-05-13 11:25:22 | node_30 | INFO ] 🏋️‍♀️ Preparing training...
[ 2026-05-13 11:25:22 | node_30 | INFO ] 🧩 Model added for round 49 (6/11) from ['node_27']
[ 2026-05-13 11:25:23 | node_30 | INFO ] 🎓 Training step done.
[ 2026-05-13 11:25:23 | node_30 | INFO ] 🛠️ Calling force_add_local_model...
[ 2026-05-13 11:25:23 | node_30 | INFO ] ✅ [FORCE] Local model added for round 49. (7/11)
[ 2026-05-13 11:25:23 | node_17 | INFO ] 🧠 Aggregation complete. Setting new model.
[ 2026-05-13 11:25:23 | node_48 | INFO ] 🧩 Model added for round 49 (3/7) from ['node_36']
[ 2026-05-13 11:25:24 | node_38 | INFO ] 🧩 Model added for round 49 (6/10) from ['node_32']
[ 2026-05-13 11:25:24 | node_19 | INFO ] 🧩 Model added for round 49 (7/11) from ['node_34']
[ 2026-05-13 11:25:24 | node_20 | INFO ] 🧩 Model added for round 48 (8/8) from ['node_2']
[ 2026-05-13 11:25:24 | node_16 | INFO ] 🗣️ Gossiping aggregated model.
[ 2026-05-13 11:25:24 | node_20 | INFO ] 🧠 Aggregation complete. Setting new model.
[ 2026-05-13 11:25:24 | node_35 | INFO ] 🧩 Model added for round 49 (5/9) from ['node_27']
[ 2026-05-13 11:25:25 | node_22 | INFO ] 🧩 Model added for round 48 (10/10) from ['node_2']
[ 2026-05-13 11:25:25 | node_17 | INFO ] 🗣️ Gossiping aggregated model.
[ 2026-05-13 11:25:25 | node_20 | INFO ] 🗣️ Gossiping aggregated model.
[ 2026-05-13 11:25:26 | node_41 | INFO ] 🧩 Model added for round 49 (5/8) from ['node_32']
[ 2026-05-13 11:25:26 | node_48 | INFO ] 📤 Sending model to 6 direct neighbors: ['node', 'node_20', 'node_31', 'node_36', 'node_42', 'node_43']
[ 2026-05-13 11:25:27 | node_39 | INFO ] 📤 Sending model to 9 direct neighbors: ['node_6', 'node_12', 'node_20', 'node_23', 'node_25', 'node_30', 'node_31', 'node_44', 'node_47']
[ 2026-05-13 11:25:27 | node_23 | INFO ] 🧩 Model added for round 49 (7/11) from ['node_34']
[ 2026-05-13 11:25:27 | node | INFO ] 🧩 Model added for round 49 (7/9) from ['node_48']
[ 2026-05-13 11:25:27 | node_44 | INFO ] 🧩 Model added for round 49 (5/9) from ['node_27']
[ 2026-05-13 11:25:28 | node_24 | INFO ] 🧩 Model added for round 48 (9/9) from ['node_2']
[ 2026-05-13 11:25:28 | node_49 | INFO ] 🧩 Model added for round 49 (4/5) from ['node_32']
[ 2026-05-13 11:25:28 | node_30 | INFO ] 📤 Sending model to 10 direct neighbors: ['node_1', 'node_10', 'node_16', 'node_22', 'node_23', 'node_27', 'node_35', 'node_36', 'node_39', 'node_44']
[ 2026-05-13 11:25:29 | node_36 | INFO ] 🧩 Model added for round 49 (4/9) from ['node_34']
[ 2026-05-13 11:25:29 | node_12 | INFO ] 🧩 Model added for round 49 (4/10) from ['node_39']
[ 2026-05-13 11:25:29 | node_1 | INFO ] 🧩 Model added for round 49 (6/9) from ['node_30']
[ 2026-05-13 11:25:29 | node_26 | INFO ] 🧩 Model added for round 48 (10/10) from ['node_2']
[ 2026-05-13 11:25:31 | node_36 | INFO ] 🧩 Model added for round 49 (5/9) from ['node_48']
[ 2026-05-13 11:25:31 | node_22 | INFO ] 🧠 Aggregation complete. Setting new model.
[ 2026-05-13 11:25:31 | node_23 | INFO ] 🧩 Model added for round 49 (8/11) from ['node_39']
[ 2026-05-13 11:25:31 | node_28 | INFO ] 🧩 Model added for round 48 (12/12) from ['node_2']
[ 2026-05-13 11:25:31 | node_24 | INFO ] 🧠 Aggregation complete. Setting new model.
[ 2026-05-13 11:25:31 | node_26 | INFO ] 🧠 Aggregation complete. Setting new model.
[ 2026-05-13 11:25:32 | node_26 | INFO ] 🗣️ Gossiping aggregated model.
[ 2026-05-13 11:25:33 | node_24 | INFO ] 🗣️ Gossiping aggregated model.
[ 2026-05-13 11:25:33 | node_22 | INFO ] 🗣️ Gossiping aggregated model.
[ 2026-05-13 11:25:33 | node_29 | INFO ] 🧩 Model added for round 48 (6/6) from ['node_2']
[ 2026-05-13 11:25:34 | node_25 | INFO ] 🧩 Model added for round 49 (6/10) from ['node_39']
[ 2026-05-13 11:25:34 | node_23 | INFO ] 🧩 Model added for round 49 (9/11) from ['node_30']
[ 2026-05-13 11:25:34 | node_29 | INFO ] 🧠 Aggregation complete. Setting new model.
[ 2026-05-13 11:25:34 | node_29 | INFO ] 🗣️ Gossiping aggregated model.
[ 2026-05-13 11:25:35 | node_31 | INFO ] 🧩 Model added for round 48 (10/10) from ['node_2']
[ 2026-05-13 11:25:36 | node_30 | INFO ] 🧩 Model added for round 49 (8/11) from ['node_39']
[ 2026-05-13 11:25:36 | node_27 | INFO ] 🧩 Model added for round 49 (4/8) from ['node_30']
[ 2026-05-13 11:25:38 | node_42 | INFO ] 🧩 Model added for round 48 (11/11) from ['node_2']
[ 2026-05-13 11:25:38 | node_35 | INFO ] 🧩 Model added for round 49 (6/9) from ['node_30']
[ 2026-05-13 11:25:38 | node_28 | INFO ] 🧠 Aggregation complete. Setting new model.
[ 2026-05-13 11:25:38 | node_31 | INFO ] 🧠 Aggregation complete. Setting new model.
[ 2026-05-13 11:25:38 | node_42 | INFO ] 🧠 Aggregation complete. Setting new model.
[ 2026-05-13 11:25:39 | node_44 | INFO ] 🧩 Model added for round 49 (6/9) from ['node_39']
[ 2026-05-13 11:25:39 | node_42 | INFO ] 🗣️ Gossiping aggregated model.
[ 2026-05-13 11:25:39 | node_28 | INFO ] 🗣️ Gossiping aggregated model.
[ 2026-05-13 11:25:39 | node_31 | INFO ] 🗣️ Gossiping aggregated model.
[ 2026-05-13 11:25:40 | node_36 | INFO ] 🧩 Model added for round 49 (6/9) from ['node_30']
[ 2026-05-13 11:25:43 | node_39 | INFO ] 🧩 Model added for round 49 (6/10) from ['node_30']
[ 2026-05-13 11:25:43 | node_2 | INFO ] 🧠 Aggregation complete. Setting new model.
[ 2026-05-13 11:25:46 | node_44 | INFO ] 🧩 Model added for round 49 (7/9) from ['node_30']
[ 2026-05-13 11:25:47 | node_2 | INFO ] 🗣️ Gossiping aggregated model.
[ 2026-05-13 11:26:47 | node_45 | INFO ] ⏹️  Gossiping exited for 50 equal rounds.
[ 2026-05-13 11:26:47 | node_45 | INFO ] 🔬 Evaluating...
[ 2026-05-13 11:26:47 | node_45 | INFO ] 📈 Evaluated. Results: {'test_loss': 0.19373220205307007, 'test_acc': 0.9750000238418579, 'test_precision': 0.9778633713722229, 'test_recall': 0.9744988083839417, 'test_f1': 0.9752302765846252, 'communication_cost': 18816980}
[ 2026-05-13 11:26:47 | node_45 | INFO ] 📢 Broadcasting metrics.
[ 2026-05-13 11:26:51 | node_45 | INFO ] 🎉 Round 49 of 50 finished.
[ 2026-05-13 11:26:51 | node_45 | INFO ] 🗳️ [DETERMINISTIC] Train set assigned (No Voting). Size: 50
[ 2026-05-13 11:26:51 | node_45 | INFO ] ♻️ Proactively processing 2 early models for round 49.
[ 2026-05-13 11:26:51 | node_45 | INFO ] 🧩 Model added for round 49 (1/6) from ['node_38']
[ 2026-05-13 11:26:52 | node_45 | INFO ] 🧩 Model added for round 49 (2/6) from ['node_27']
[ 2026-05-13 11:26:52 | node_45 | INFO ] 🏋️‍♀️ Preparing training...
[ 2026-05-13 11:26:52 | node_45 | INFO ] 🎓 Training step done.
[ 2026-05-13 11:26:52 | node_45 | INFO ] 🛠️ Calling force_add_local_model...
[ 2026-05-13 11:26:52 | node_45 | INFO ] ✅ [FORCE] Local model added for round 49. (3/6)
[ 2026-05-13 11:26:57 | node_45 | INFO ] 📤 Sending model to 5 direct neighbors: ['node_6', 'node_27', 'node_28', 'node_31', 'node_38']
[ 2026-05-13 11:26:58 | node_27 | INFO ] 🧩 Model added for round 49 (5/8) from ['node_45']
[ 2026-05-13 11:27:01 | node_38 | INFO ] 🧩 Model added for round 49 (7/10) from ['node_45']
[ 2026-05-13 11:27:01 | node_8 | INFO ] ⏹️  Gossiping exited for 50 equal rounds.
[ 2026-05-13 11:27:01 | node_8 | INFO ] 🔬 Evaluating...
[ 2026-05-13 11:27:02 | node_8 | INFO ] 📈 Evaluated. Results: {'test_loss': 0.3111415207386017, 'test_acc': 0.9449999928474426, 'test_precision': 0.9494224786758423, 'test_recall': 0.9472018480300903, 'test_f1': 0.9467705488204956, 'communication_cost': 15053584}
[ 2026-05-13 11:27:02 | node_8 | INFO ] 📢 Broadcasting metrics.
[ 2026-05-13 11:27:05 | node_8 | INFO ] 🎉 Round 49 of 50 finished.
[ 2026-05-13 11:27:05 | node_8 | INFO ] 🗳️ [DETERMINISTIC] Train set assigned (No Voting). Size: 50
[ 2026-05-13 11:27:05 | node_8 | INFO ] ♻️ Proactively processing 2 early models for round 49.
[ 2026-05-13 11:27:05 | node_8 | INFO ] 🧩 Model added for round 49 (1/5) from ['node_18']
[ 2026-05-13 11:27:05 | node_8 | INFO ] 🧩 Model added for round 49 (2/5) from ['node_34']
[ 2026-05-13 11:27:05 | node_8 | INFO ] 🏋️‍♀️ Preparing training...
[ 2026-05-13 11:27:06 | node_8 | INFO ] 🎓 Training step done.
[ 2026-05-13 11:27:06 | node_8 | INFO ] 🛠️ Calling force_add_local_model...
[ 2026-05-13 11:27:06 | node_8 | INFO ] ✅ [FORCE] Local model added for round 49. (3/5)
[ 2026-05-13 11:27:07 | node_47 | INFO ] ⏹️  Gossiping exited for 50 equal rounds.
[ 2026-05-13 11:27:08 | node_47 | INFO ] 🔬 Evaluating...
[ 2026-05-13 11:27:08 | node_47 | INFO ] 📈 Evaluated. Results: {'test_loss': 0.12864497303962708, 'test_acc': 0.9649999737739563, 'test_precision': 0.9547829627990723, 'test_recall': 0.9724233150482178, 'test_f1': 0.9616690278053284, 'communication_cost': 22580376}
[ 2026-05-13 11:27:08 | node_47 | INFO ] 📢 Broadcasting metrics.
[ 2026-05-13 11:27:11 | node_8 | INFO ] 📤 Sending model to 4 direct neighbors: ['node_2', 'node_18', 'node_20', 'node_34']
[ 2026-05-13 11:27:11 | node_47 | INFO ] 🎉 Round 49 of 50 finished.
[ 2026-05-13 11:27:12 | node_47 | INFO ] 🗳️ [DETERMINISTIC] Train set assigned (No Voting). Size: 50
[ 2026-05-13 11:27:12 | node_47 | INFO ] ♻️ Proactively processing 4 early models for round 49.
[ 2026-05-13 11:27:12 | node_47 | INFO ] 🧩 Model added for round 49 (1/7) from ['node_7']
[ 2026-05-13 11:27:12 | node_47 | INFO ] 🧩 Model added for round 49 (2/7) from ['node_23']
[ 2026-05-13 11:27:12 | node_18 | INFO ] 🧩 Model added for round 49 (2/5) from ['node_8']
[ 2026-05-13 11:27:12 | node_47 | INFO ] 🧩 Model added for round 49 (3/7) from ['node_4']
[ 2026-05-13 11:27:12 | node_47 | INFO ] 🧩 Model added for round 49 (4/7) from ['node_39']
[ 2026-05-13 11:27:13 | node_47 | INFO ] 🏋️‍♀️ Preparing training...
[ 2026-05-13 11:27:13 | node_47 | INFO ] 🎓 Training step done.
[ 2026-05-13 11:27:13 | node_47 | INFO ] 🛠️ Calling force_add_local_model...
[ 2026-05-13 11:27:13 | node_47 | INFO ] ✅ [FORCE] Local model added for round 49. (5/7)
[ 2026-05-13 11:27:14 | node_34 | INFO ] 🧩 Model added for round 49 (6/10) from ['node_8']
[ 2026-05-13 11:27:18 | node_47 | INFO ] 📤 Sending model to 6 direct neighbors: ['node_4', 'node_7', 'node_14', 'node_15', 'node_23', 'node_39']
[ 2026-05-13 11:27:19 | node_4 | INFO ] 🧩 Model added for round 49 (8/12) from ['node_47']
[ 2026-05-13 11:27:21 | node_7 | INFO ] 🧩 Model added for round 49 (4/6) from ['node_47']
[ 2026-05-13 11:27:23 | node_23 | INFO ] 🧩 Model added for round 49 (10/11) from ['node_47']
[ 2026-05-13 11:27:24 | node_39 | INFO ] 🧩 Model added for round 49 (7/10) from ['node_47']
[ 2026-05-13 11:27:40 | node_29 | INFO ] ⏹️  Gossiping exited for 50 equal rounds.
[ 2026-05-13 11:27:41 | node_29 | INFO ] 🔬 Evaluating...
[ 2026-05-13 11:27:41 | node_29 | INFO ] 📈 Evaluated. Results: {'test_loss': 0.16958902776241302, 'test_acc': 0.9800000190734863, 'test_precision': 0.9801450371742249, 'test_recall': 0.9780238270759583, 'test_f1': 0.9789165258407593, 'communication_cost': 18816980}
[ 2026-05-13 11:27:41 | node_29 | INFO ] 📢 Broadcasting metrics.
[ 2026-05-13 11:27:44 | node_15 | INFO ] ⏹️  Gossiping exited for 50 equal rounds.
[ 2026-05-13 11:27:44 | node_15 | INFO ] 🔬 Evaluating...
[ 2026-05-13 11:27:44 | node_29 | INFO ] 🎉 Round 49 of 50 finished.
[ 2026-05-13 11:27:44 | node_15 | INFO ] 📈 Evaluated. Results: {'test_loss': 0.21661853790283203, 'test_acc': 0.9549999833106995, 'test_precision': 0.9511545300483704, 'test_recall': 0.9517174363136292, 'test_f1': 0.9510167837142944, 'communication_cost': 26343772}
[ 2026-05-13 11:27:44 | node_29 | INFO ] 🗳️ [DETERMINISTIC] Train set assigned (No Voting). Size: 50
[ 2026-05-13 11:27:44 | node_15 | INFO ] 📢 Broadcasting metrics.
[ 2026-05-13 11:27:45 | node_29 | INFO ] ♻️ Proactively processing 1 early models for round 49.
[ 2026-05-13 11:27:45 | node_29 | INFO ] 🧩 Model added for round 49 (1/6) from ['node_40']
[ 2026-05-13 11:27:45 | node_29 | INFO ] 🏋️‍♀️ Preparing training...
[ 2026-05-13 11:27:46 | node_29 | INFO ] 🎓 Training step done.
[ 2026-05-13 11:27:46 | node_29 | INFO ] 🛠️ Calling force_add_local_model...
[ 2026-05-13 11:27:46 | node_29 | INFO ] ✅ [FORCE] Local model added for round 49. (2/6)
[ 2026-05-13 11:27:48 | node_15 | INFO ] 🎉 Round 49 of 50 finished.
[ 2026-05-13 11:27:48 | node_15 | INFO ] 🗳️ [DETERMINISTIC] Train set assigned (No Voting). Size: 50
[ 2026-05-13 11:27:49 | node_15 | INFO ] ♻️ Proactively processing 2 early models for round 49.
[ 2026-05-13 11:27:49 | node_15 | INFO ] 🧩 Model added for round 49 (1/8) from ['node']
[ 2026-05-13 11:27:49 | node_15 | INFO ] 🧩 Model added for round 49 (2/8) from ['node_47']
[ 2026-05-13 11:27:49 | node_15 | INFO ] 🏋️‍♀️ Preparing training...
[ 2026-05-13 11:27:50 | node_15 | INFO ] 🎓 Training step done.
[ 2026-05-13 11:27:50 | node_15 | INFO ] 🛠️ Calling force_add_local_model...
[ 2026-05-13 11:27:50 | node_15 | INFO ] ✅ [FORCE] Local model added for round 49. (3/8)
[ 2026-05-13 11:27:51 | node_29 | INFO ] 📤 Sending model to 5 direct neighbors: ['node_2', 'node_3', 'node_20', 'node_31', 'node_40']
[ 2026-05-13 11:27:51 | node_5 | INFO ] ⏹️  Gossiping exited for 50 equal rounds.
[ 2026-05-13 11:27:52 | node_5 | INFO ] 🔬 Evaluating...
[ 2026-05-13 11:27:52 | node_5 | INFO ] 📈 Evaluated. Results: {'test_loss': 0.30078446865081787, 'test_acc': 0.9700000286102295, 'test_precision': 0.9641879200935364, 'test_recall': 0.9654096364974976, 'test_f1': 0.9642905592918396, 'communication_cost': 37633960}
[ 2026-05-13 11:27:52 | node_5 | INFO ] 📢 Broadcasting metrics.
[ 2026-05-13 11:27:53 | node_40 | INFO ] 🧩 Model added for round 49 (3/4) from ['node_29']
[ 2026-05-13 11:27:55 | node_15 | INFO ] 📤 Sending model to 7 direct neighbors: ['node', 'node_10', 'node_14', 'node_28', 'node_42', 'node_46', 'node_47']
[ 2026-05-13 11:27:55 | node_10 | INFO ] ⏹️  Gossiping exited for 50 equal rounds.
[ 2026-05-13 11:27:55 | node | INFO ] 🧩 Model added for round 49 (8/9) from ['node_15']
[ 2026-05-13 11:27:55 | node_10 | INFO ] 🔬 Evaluating...
[ 2026-05-13 11:27:56 | node_10 | INFO ] 📈 Evaluated. Results: {'test_loss': 0.20834508538246155, 'test_acc': 0.9599999785423279, 'test_precision': 0.9601516127586365, 'test_recall': 0.9610968828201294, 'test_f1': 0.9591912031173706, 'communication_cost': 30107168}
[ 2026-05-13 11:27:56 | node_10 | INFO ] 📢 Broadcasting metrics.
[ 2026-05-13 11:27:58 | node_5 | INFO ] 🎉 Round 49 of 50 finished.
[ 2026-05-13 11:27:58 | node_5 | INFO ] 🗳️ [DETERMINISTIC] Train set assigned (No Voting). Size: 50
[ 2026-05-13 11:27:58 | node_5 | INFO ] ♻️ Proactively processing 5 early models for round 49.
[ 2026-05-13 11:27:59 | node_5 | INFO ] 🧩 Model added for round 49 (1/11) from ['node_19']
[ 2026-05-13 11:27:59 | node_5 | INFO ] 🧩 Model added for round 49 (2/11) from ['node']
[ 2026-05-13 11:27:59 | node_5 | INFO ] 🧩 Model added for round 49 (3/11) from ['node_4']
[ 2026-05-13 11:27:59 | node_5 | INFO ] 🧩 Model added for round 49 (4/11) from ['node_38']
[ 2026-05-13 11:27:59 | node_5 | INFO ] 🧩 Model added for round 49 (5/11) from ['node_12']
[ 2026-05-13 11:27:59 | node_5 | INFO ] 🏋️‍♀️ Preparing training...
[ 2026-05-13 11:27:59 | node_47 | INFO ] 🧩 Model added for round 49 (6/7) from ['node_15']
[ 2026-05-13 11:27:59 | node_5 | INFO ] 🎓 Training step done.
[ 2026-05-13 11:27:59 | node_5 | INFO ] 🛠️ Calling force_add_local_model...
[ 2026-05-13 11:27:59 | node_5 | INFO ] ✅ [FORCE] Local model added for round 49. (6/11)
[ 2026-05-13 11:28:00 | node_13 | INFO ] ⏹️  Gossiping exited for 50 equal rounds.
[ 2026-05-13 11:28:00 | node_28 | INFO ] ⏹️  Gossiping exited for 50 equal rounds.
[ 2026-05-13 11:28:00 | node_43 | INFO ] ⏹️  Gossiping exited for 50 equal rounds.
[ 2026-05-13 11:28:00 | node_13 | INFO ] 🔬 Evaluating...
[ 2026-05-13 11:28:00 | node_28 | INFO ] 🔬 Evaluating...
[ 2026-05-13 11:28:00 | node_43 | INFO ] 🔬 Evaluating...
[ 2026-05-13 11:28:00 | node_13 | INFO ] 📈 Evaluated. Results: {'test_loss': 0.11972332000732422, 'test_acc': 0.9700000286102295, 'test_precision': 0.9728468060493469, 'test_recall': 0.9668854475021362, 'test_f1': 0.9686772227287292, 'communication_cost': 33870564}
[ 2026-05-13 11:28:00 | node_10 | INFO ] 🎉 Round 49 of 50 finished.
[ 2026-05-13 11:28:00 | node_28 | INFO ] 📈 Evaluated. Results: {'test_loss': 0.37707096338272095, 'test_acc': 0.9599999785423279, 'test_precision': 0.9513936638832092, 'test_recall': 0.9595445394515991, 'test_f1': 0.9548418521881104, 'communication_cost': 41397356}
[ 2026-05-13 11:28:00 | node_13 | INFO ] 📢 Broadcasting metrics.
[ 2026-05-13 11:28:00 | node_43 | INFO ] 📈 Evaluated. Results: {'test_loss': 0.15668244659900665, 'test_acc': 0.9750000238418579, 'test_precision': 0.9765360951423645, 'test_recall': 0.9724206328392029, 'test_f1': 0.9740802049636841, 'communication_cost': 26343772}
[ 2026-05-13 11:28:01 | node_10 | INFO ] 🗳️ [DETERMINISTIC] Train set assigned (No Voting). Size: 50
[ 2026-05-13 11:28:01 | node_28 | INFO ] 📢 Broadcasting metrics.
[ 2026-05-13 11:28:01 | node_43 | INFO ] 📢 Broadcasting metrics.
[ 2026-05-13 11:28:01 | node_10 | INFO ] ♻️ Proactively processing 4 early models for round 49.
[ 2026-05-13 11:28:01 | node_10 | INFO ] 🧩 Model added for round 49 (1/9) from ['node_25']
[ 2026-05-13 11:28:01 | node_10 | INFO ] 🧩 Model added for round 49 (2/9) from ['node_27']
[ 2026-05-13 11:28:01 | node_10 | INFO ] 🧩 Model added for round 49 (3/9) from ['node_30']
[ 2026-05-13 11:28:01 | node_10 | INFO ] 🧩 Model added for round 49 (4/9) from ['node_15']
[ 2026-05-13 11:28:01 | node_10 | INFO ] 🏋️‍♀️ Preparing training...
[ 2026-05-13 11:28:02 | node_10 | INFO ] 🎓 Training step done.
[ 2026-05-13 11:28:02 | node_10 | INFO ] 🛠️ Calling force_add_local_model...
[ 2026-05-13 11:28:02 | node_10 | INFO ] ✅ [FORCE] Local model added for round 49. (5/9)
[ 2026-05-13 11:28:04 | node_5 | INFO ] 📤 Sending model to 10 direct neighbors: ['node', 'node_4', 'node_12', 'node_17', 'node_19', 'node_22', 'node_24', 'node_28', 'node_38', 'node_43']
[ 2026-05-13 11:28:05 | node_43 | INFO ] 🎉 Round 49 of 50 finished.
[ 2026-05-13 11:28:05 | node_43 | INFO ] 🗳️ [DETERMINISTIC] Train set assigned (No Voting). Size: 50
[ 2026-05-13 11:28:05 | node | INFO ] 🧩 Model added for round 49 (9/9) from ['node_5']
[ 2026-05-13 11:28:05 | node_43 | INFO ] ♻️ Proactively processing 4 early models for round 49.
[ 2026-05-13 11:28:05 | node_43 | INFO ] 🧩 Model added for round 49 (1/8) from ['node_33']
[ 2026-05-13 11:28:05 | node_43 | INFO ] 🧩 Model added for round 49 (2/8) from ['node_19']
[ 2026-05-13 11:28:05 | node_43 | INFO ] 🧩 Model added for round 49 (3/8) from ['node_12']
[ 2026-05-13 11:28:05 | node_43 | INFO ] 🧩 Model added for round 49 (4/8) from ['node_48']
[ 2026-05-13 11:28:05 | node_43 | INFO ] 🏋️‍♀️ Preparing training...
[ 2026-05-13 11:28:05 | node_13 | INFO ] 🎉 Round 49 of 50 finished.
[ 2026-05-13 11:28:05 | node_13 | INFO ] 🗳️ [DETERMINISTIC] Train set assigned (No Voting). Size: 50
[ 2026-05-13 11:28:05 | node | INFO ] 🧠 Aggregation complete. Setting new model.
[ 2026-05-13 11:28:06 | node_13 | INFO ] ♻️ Proactively processing 6 early models for round 49.
[ 2026-05-13 11:28:06 | node_13 | INFO ] 🧩 Model added for round 49 (1/10) from ['node_33']
[ 2026-05-13 11:28:06 | node_13 | INFO ] 🧩 Model added for round 49 (2/10) from ['node_41']
[ 2026-05-13 11:28:06 | node_13 | INFO ] 🧩 Model added for round 49 (3/10) from ['node_35']
[ 2026-05-13 11:28:06 | node_13 | INFO ] 🧩 Model added for round 49 (4/10) from ['node_9']
[ 2026-05-13 11:28:06 | node_13 | INFO ] 🧩 Model added for round 49 (5/10) from ['node_12']
[ 2026-05-13 11:28:06 | node_13 | INFO ] 🧩 Model added for round 49 (6/10) from ['node_27']
[ 2026-05-13 11:28:06 | node_13 | INFO ] 🏋️‍♀️ Preparing training...
[ 2026-05-13 11:28:06 | node_43 | INFO ] 🎓 Training step done.
[ 2026-05-13 11:28:06 | node_43 | INFO ] 🛠️ Calling force_add_local_model...
[ 2026-05-13 11:28:06 | node_43 | INFO ] ✅ [FORCE] Local model added for round 49. (5/8)
[ 2026-05-13 11:28:06 | node_13 | INFO ] 🎓 Training step done.
[ 2026-05-13 11:28:06 | node_4 | INFO ] 🧩 Model added for round 49 (9/12) from ['node_5']
[ 2026-05-13 11:28:06 | node_13 | INFO ] 🛠️ Calling force_add_local_model...
[ 2026-05-13 11:28:06 | node_13 | INFO ] ✅ [FORCE] Local model added for round 49. (7/10)
[ 2026-05-13 11:28:06 | node_28 | INFO ] 🎉 Round 49 of 50 finished.
[ 2026-05-13 11:28:06 | node_28 | INFO ] 🗳️ [DETERMINISTIC] Train set assigned (No Voting). Size: 50
[ 2026-05-13 11:28:07 | node_21 | INFO ] ⏹️  Gossiping exited for 50 equal rounds.
[ 2026-05-13 11:28:07 | node_28 | INFO ] ♻️ Proactively processing 2 early models for round 49.
[ 2026-05-13 11:28:07 | node_28 | INFO ] 🧩 Model added for round 49 (1/12) from ['node_45']
[ 2026-05-13 11:28:07 | node | INFO ] 🗣️ Gossiping aggregated model.
[ 2026-05-13 11:28:07 | node_21 | INFO ] 🔬 Evaluating...
[ 2026-05-13 11:28:07 | node_28 | INFO ] 🧩 Model added for round 49 (2/12) from ['node_15']
[ 2026-05-13 11:28:07 | node_46 | INFO ] ⏹️  Gossiping exited for 50 equal rounds.
[ 2026-05-13 11:28:07 | node_10 | INFO ] 📤 Sending model to 8 direct neighbors: ['node_15', 'node_17', 'node_24', 'node_25', 'node_26', 'node_27', 'node_28', 'node_30']
[ 2026-05-13 11:28:07 | node_28 | INFO ] 🏋️‍♀️ Preparing training...
[ 2026-05-13 11:28:07 | node_46 | INFO ] 🔬 Evaluating...
[ 2026-05-13 11:28:07 | node_21 | INFO ] 📈 Evaluated. Results: {'test_loss': 0.38234639167785645, 'test_acc': 0.9599999785423279, 'test_precision': 0.9667146801948547, 'test_recall': 0.955690860748291, 'test_f1': 0.959423303604126, 'communication_cost': 22580376}
[ 2026-05-13 11:28:07 | node_15 | INFO ] 🧩 Model added for round 49 (4/8) from ['node_10']
[ 2026-05-13 11:28:07 | node_21 | INFO ] 📢 Broadcasting metrics.
[ 2026-05-13 11:28:08 | node_28 | INFO ] 🎓 Training step done.
[ 2026-05-13 11:28:08 | node_46 | INFO ] 📈 Evaluated. Results: {'test_loss': 0.16135284304618835, 'test_acc': 0.9700000286102295, 'test_precision': 0.9722253680229187, 'test_recall': 0.9691301584243774, 'test_f1': 0.9698138236999512, 'communication_cost': 30107168}
[ 2026-05-13 11:28:08 | node_28 | INFO ] 🛠️ Calling force_add_local_model...
[ 2026-05-13 11:28:08 | node_46 | INFO ] 📢 Broadcasting metrics.
[ 2026-05-13 11:28:08 | node_28 | INFO ] ✅ [FORCE] Local model added for round 49. (3/12)
[ 2026-05-13 11:28:08 | node_12 | INFO ] 🧩 Model added for round 49 (5/10) from ['node_5']
[ 2026-05-13 11:28:10 | node_25 | INFO ] 🧩 Model added for round 49 (7/10) from ['node_10']
[ 2026-05-13 11:28:10 | node_19 | INFO ] 🧩 Model added for round 49 (8/11) from ['node_5']
[ 2026-05-13 11:28:11 | node_21 | INFO ] 🎉 Round 49 of 50 finished.
[ 2026-05-13 11:28:11 | node_21 | INFO ] 🗳️ [DETERMINISTIC] Train set assigned (No Voting). Size: 50
[ 2026-05-13 11:28:11 | node_43 | INFO ] 📤 Sending model to 7 direct neighbors: ['node_5', 'node_12', 'node_17', 'node_19', 'node_33', 'node_46', 'node_48']
[ 2026-05-13 11:28:11 | node_21 | INFO ] ♻️ Proactively processing 2 early models for round 49.
[ 2026-05-13 11:28:11 | node_13 | INFO ] 📤 Sending model to 9 direct neighbors: ['node_9', 'node_12', 'node_16', 'node_21', 'node_27', 'node_28', 'node_33', 'node_35', 'node_41']
[ 2026-05-13 11:28:11 | node_21 | INFO ] 🧩 Model added for round 49 (1/7) from ['node_25']
[ 2026-05-13 11:28:12 | node_21 | INFO ] 🧩 Model added for round 49 (2/7) from ['node_34']
[ 2026-05-13 11:28:12 | node_5 | INFO ] 🧩 Model added for round 49 (7/11) from ['node_43']
[ 2026-05-13 11:28:12 | node_21 | INFO ] 🏋️‍♀️ Preparing training...
[ 2026-05-13 11:28:12 | node_9 | INFO ] 🧩 Model added for round 49 (5/8) from ['node_13']
[ 2026-05-13 11:28:12 | node_27 | INFO ] 🧩 Model added for round 49 (6/8) from ['node_10']
[ 2026-05-13 11:28:12 | node_21 | INFO ] 🎓 Training step done.
[ 2026-05-13 11:28:12 | node_21 | INFO ] 🛠️ Calling force_add_local_model...
[ 2026-05-13 11:28:12 | node_21 | INFO ] ✅ [FORCE] Local model added for round 49. (3/7)
[ 2026-05-13 11:28:13 | node_46 | INFO ] 🎉 Round 49 of 50 finished.
[ 2026-05-13 11:28:13 | node_46 | INFO ] 🗳️ [DETERMINISTIC] Train set assigned (No Voting). Size: 50
[ 2026-05-13 11:28:13 | node_46 | INFO ] ♻️ Proactively processing 4 early models for round 49.
[ 2026-05-13 11:28:13 | node_28 | INFO ] 📤 Sending model to 11 direct neighbors: ['node_2', 'node_5', 'node_10', 'node_13', 'node_15', 'node_16', 'node_20', 'node_21', 'node_22', 'node_45', 'node_46']
[ 2026-05-13 11:28:13 | node_46 | INFO ] 🧩 Model added for round 49 (1/9) from ['node_49']
[ 2026-05-13 11:28:13 | node_46 | INFO ] 🧩 Model added for round 49 (2/9) from ['node_1']
[ 2026-05-13 11:28:13 | node_46 | INFO ] 🧩 Model added for round 49 (3/9) from ['node_9']
[ 2026-05-13 11:28:13 | node_46 | INFO ] 🧩 Model added for round 49 (4/9) from ['node_15']
[ 2026-05-13 11:28:13 | node_46 | INFO ] 🏋️‍♀️ Preparing training...
[ 2026-05-13 11:28:13 | node_12 | INFO ] 🧩 Model added for round 49 (6/10) from ['node_13']
[ 2026-05-13 11:28:13 | node_28 | INFO ] 🧩 Model added for round 49 (4/12) from ['node_5']
[ 2026-05-13 11:28:13 | node_28 | INFO ] 🧩 Model added for round 49 (5/12) from ['node_10']
[ 2026-05-13 11:28:13 | node_12 | INFO ] 🧩 Model added for round 49 (7/10) from ['node_43']
[ 2026-05-13 11:28:14 | node_5 | INFO ] 🧩 Model added for round 49 (8/11) from ['node_28']
[ 2026-05-13 11:28:14 | node_46 | INFO ] 🎓 Training step done.
[ 2026-05-13 11:28:14 | node_46 | INFO ] 🛠️ Calling force_add_local_model...
[ 2026-05-13 11:28:14 | node_46 | INFO ] ✅ [FORCE] Local model added for round 49. (5/9)
[ 2026-05-13 11:28:16 | node_38 | INFO ] 🧩 Model added for round 49 (8/10) from ['node_5']
[ 2026-05-13 11:28:16 | node_21 | INFO ] 🧩 Model added for round 49 (4/7) from ['node_13']
[ 2026-05-13 11:28:16 | node_30 | INFO ] 🧩 Model added for round 49 (9/11) from ['node_10']
[ 2026-05-13 11:28:16 | node_10 | INFO ] 🧩 Model added for round 49 (6/9) from ['node_28']
[ 2026-05-13 11:28:16 | node_19 | INFO ] 🧩 Model added for round 49 (9/11) from ['node_43']
[ 2026-05-13 11:28:17 | node_27 | INFO ] 🧩 Model added for round 49 (7/8) from ['node_13']
[ 2026-05-13 11:28:17 | node_43 | INFO ] 🧩 Model added for round 49 (6/8) from ['node_5']
[ 2026-05-13 11:28:17 | node_13 | INFO ] 🧩 Model added for round 49 (8/10) from ['node_28']
[ 2026-05-13 11:28:17 | node_21 | INFO ] 📤 Sending model to 6 direct neighbors: ['node_13', 'node_17', 'node_25', 'node_28', 'node_34', 'node_46']
[ 2026-05-13 11:28:18 | node_33 | INFO ] 🧩 Model added for round 49 (4/6) from ['node_43']
[ 2026-05-13 11:28:18 | node_13 | INFO ] 🧩 Model added for round 49 (9/10) from ['node_21']
[ 2026-05-13 11:28:19 | node_28 | INFO ] 🧩 Model added for round 49 (6/12) from ['node_13']
[ 2026-05-13 11:28:19 | node_46 | INFO ] 📤 Sending model to 8 direct neighbors: ['node_1', 'node_3', 'node_9', 'node_15', 'node_21', 'node_28', 'node_43', 'node_49']
[ 2026-05-13 11:28:19 | node_46 | INFO ] 🧩 Model added for round 49 (6/9) from ['node_43']
[ 2026-05-13 11:28:20 | node_1 | INFO ] 🧩 Model added for round 49 (7/9) from ['node_46']
[ 2026-05-13 11:28:20 | node_15 | INFO ] 🧩 Model added for round 49 (5/8) from ['node_28']
[ 2026-05-13 11:28:20 | node_25 | INFO ] 🧩 Model added for round 49 (8/10) from ['node_21']
[ 2026-05-13 11:28:21 | node_33 | INFO ] 🧩 Model added for round 49 (5/6) from ['node_13']
[ 2026-05-13 11:28:21 | node_48 | INFO ] 🧩 Model added for round 49 (4/7) from ['node_43']
[ 2026-05-13 11:28:21 | node_33 | INFO ] ⏳ Dynamic Patience (iteration 1): Missing nodes still active. Waiting 150s more...
[ 2026-05-13 11:28:21 | node_9 | INFO ] 🧩 Model added for round 49 (6/8) from ['node_46']
[ 2026-05-13 11:28:22 | node_21 | INFO ] 🧩 Model added for round 49 (5/7) from ['node_28']
[ 2026-05-13 11:28:22 | node_35 | INFO ] 🧩 Model added for round 49 (7/9) from ['node_13']
[ 2026-05-13 11:28:22 | node_28 | INFO ] 🧩 Model added for round 49 (7/12) from ['node_21']
[ 2026-05-13 11:28:23 | node_15 | INFO ] 🧩 Model added for round 49 (6/8) from ['node_46']
[ 2026-05-13 11:28:24 | node_45 | INFO ] 🧩 Model added for round 49 (4/6) from ['node_28']
[ 2026-05-13 11:28:24 | node_41 | INFO ] 🧩 Model added for round 49 (6/8) from ['node_13']
[ 2026-05-13 11:28:24 | node_34 | INFO ] 🧩 Model added for round 49 (7/10) from ['node_21']
[ 2026-05-13 11:28:25 | node_21 | INFO ] 🧩 Model added for round 49 (6/7) from ['node_46']
[ 2026-05-13 11:28:25 | node_46 | INFO ] 🧩 Model added for round 49 (7/9) from ['node_28']
[ 2026-05-13 11:28:25 | node_6 | INFO ] ⏹️  Gossiping exited for 50 equal rounds.
[ 2026-05-13 11:28:25 | node_22 | INFO ] ⏹️  Gossiping exited for 50 equal rounds.
[ 2026-05-13 11:28:26 | node_6 | INFO ] 🔬 Evaluating...
[ 2026-05-13 11:28:26 | node_22 | INFO ] 🔬 Evaluating...
[ 2026-05-13 11:28:26 | node_7 | INFO ] ⏳ Dynamic Patience (iteration 1): Missing nodes still active. Waiting 150s more...
[ 2026-05-13 11:28:26 | node_6 | INFO ] 📈 Evaluated. Results: {'test_loss': 0.09546560049057007, 'test_acc': 0.9800000190734863, 'test_precision': 0.9836905002593994, 'test_recall': 0.9746296405792236, 'test_f1': 0.9785839915275574, 'communication_cost': 37633960}
[ 2026-05-13 11:28:26 | node_28 | INFO ] 🧩 Model added for round 49 (8/12) from ['node_46']
[ 2026-05-13 11:28:26 | node_22 | INFO ] 📈 Evaluated. Results: {'test_loss': 0.1509276181459427, 'test_acc': 0.9800000190734863, 'test_precision': 0.9770158529281616, 'test_recall': 0.9822778105735779, 'test_f1': 0.9790596961975098, 'communication_cost': 33870564}
[ 2026-05-13 11:28:26 | node_46 | INFO ] 🧩 Model added for round 49 (8/9) from ['node_21']
[ 2026-05-13 11:28:26 | node_6 | INFO ] 📢 Broadcasting metrics.
[ 2026-05-13 11:28:26 | node_22 | INFO ] 📢 Broadcasting metrics.
[ 2026-05-13 11:28:28 | node_43 | INFO ] 🧩 Model added for round 49 (7/8) from ['node_46']
[ 2026-05-13 11:28:29 | node_14 | INFO ] ⏹️  Gossiping exited for 50 equal rounds.
[ 2026-05-13 11:28:29 | node_16 | INFO ] ⏹️  Gossiping exited for 50 equal rounds.
[ 2026-05-13 11:28:29 | node_14 | INFO ] 🔬 Evaluating...
[ 2026-05-13 11:28:29 | node_16 | INFO ] 🔬 Evaluating...
[ 2026-05-13 11:28:29 | node_49 | INFO ] 🧩 Model added for round 49 (5/5) from ['node_46']
[ 2026-05-13 11:28:29 | node_14 | INFO ] 📈 Evaluated. Results: {'test_loss': 0.12136568874120712, 'test_acc': 0.9700000286102295, 'test_precision': 0.9694333672523499, 'test_recall': 0.9690553545951843, 'test_f1': 0.9684061408042908, 'communication_cost': 41397356}
[ 2026-05-13 11:28:29 | node_14 | INFO ] 📢 Broadcasting metrics.
[ 2026-05-13 11:28:29 | node_16 | INFO ] 📈 Evaluated. Results: {'test_loss': 0.14717715978622437, 'test_acc': 0.9750000238418579, 'test_precision': 0.9751918911933899, 'test_recall': 0.9727883338928223, 'test_f1': 0.9731069207191467, 'communication_cost': 37633960}
[ 2026-05-13 11:28:30 | node_16 | INFO ] 📢 Broadcasting metrics.
[ 2026-05-13 11:28:30 | node_49 | INFO ] 🧠 Aggregation complete. Setting new model.
[ 2026-05-13 11:28:30 | node_49 | INFO ] 🗣️ Gossiping aggregated model.
[ 2026-05-13 11:28:30 | node_22 | INFO ] 🎉 Round 49 of 50 finished.
[ 2026-05-13 11:28:30 | node_22 | INFO ] 🗳️ [DETERMINISTIC] Train set assigned (No Voting). Size: 50
[ 2026-05-13 11:28:31 | node_22 | INFO ] ♻️ Proactively processing 6 early models for round 49.
[ 2026-05-13 11:28:31 | node_22 | INFO ] 🧩 Model added for round 49 (1/10) from ['node_11']
[ 2026-05-13 11:28:31 | node_22 | INFO ] 🧩 Model added for round 49 (2/10) from ['node_37']
[ 2026-05-13 11:28:31 | node_22 | INFO ] 🧩 Model added for round 49 (3/10) from ['node_18']
[ 2026-05-13 11:28:31 | node_22 | INFO ] 🧩 Model added for round 49 (4/10) from ['node_30']
[ 2026-05-13 11:28:31 | node_22 | INFO ] 🧩 Model added for round 49 (5/10) from ['node_5']
[ 2026-05-13 11:28:31 | node_22 | INFO ] 🧩 Model added for round 49 (6/10) from ['node_28']
[ 2026-05-13 11:28:31 | node_22 | INFO ] 🏋️‍♀️ Preparing training...
[ 2026-05-13 11:28:31 | node_6 | INFO ] 🎉 Round 49 of 50 finished.
[ 2026-05-13 11:28:31 | node_6 | INFO ] 🗳️ [DETERMINISTIC] Train set assigned (No Voting). Size: 50
[ 2026-05-13 11:28:31 | node_6 | INFO ] ♻️ Proactively processing 7 early models for round 49.
[ 2026-05-13 11:28:31 | node_6 | INFO ] 🧩 Model added for round 49 (1/11) from ['node_25']
[ 2026-05-13 11:28:31 | node_6 | INFO ] 🧩 Model added for round 49 (2/11) from ['node_1']
[ 2026-05-13 11:28:31 | node_6 | INFO ] 🧩 Model added for round 49 (3/11) from ['node_9']
[ 2026-05-13 11:28:31 | node_6 | INFO ] 🧩 Model added for round 49 (4/11) from ['node_34']
[ 2026-05-13 11:28:31 | node_6 | INFO ] 🧩 Model added for round 49 (5/11) from ['node_32']
[ 2026-05-13 11:28:31 | node_6 | INFO ] 🧩 Model added for round 49 (6/11) from ['node_39']
[ 2026-05-13 11:28:31 | node_6 | INFO ] 🧩 Model added for round 49 (7/11) from ['node_45']
[ 2026-05-13 11:28:31 | node_6 | INFO ] 🏋️‍♀️ Preparing training...
[ 2026-05-13 11:28:32 | node_22 | INFO ] 🎓 Training step done.
[ 2026-05-13 11:28:32 | node_22 | INFO ] 🛠️ Calling force_add_local_model...
[ 2026-05-13 11:28:32 | node_22 | INFO ] ✅ [FORCE] Local model added for round 49. (7/10)
[ 2026-05-13 11:28:32 | node_6 | INFO ] 🎓 Training step done.
[ 2026-05-13 11:28:32 | node_6 | INFO ] 🛠️ Calling force_add_local_model...
[ 2026-05-13 11:28:33 | node_6 | INFO ] ✅ [FORCE] Local model added for round 49. (8/11)
[ 2026-05-13 11:28:34 | node_16 | INFO ] 🎉 Round 49 of 50 finished.
[ 2026-05-13 11:28:34 | node_14 | INFO ] 🎉 Round 49 of 50 finished.
[ 2026-05-13 11:28:34 | node_16 | INFO ] 🗳️ [DETERMINISTIC] Train set assigned (No Voting). Size: 50
[ 2026-05-13 11:28:34 | node_14 | INFO ] 🗳️ [DETERMINISTIC] Train set assigned (No Voting). Size: 50
[ 2026-05-13 11:28:34 | node_16 | INFO ] ♻️ Proactively processing 8 early models for round 49.
[ 2026-05-13 11:28:34 | node_16 | INFO ] 🧩 Model added for round 49 (1/11) from ['node_40']
[ 2026-05-13 11:28:34 | node_14 | INFO ] ♻️ Proactively processing 6 early models for round 49.
[ 2026-05-13 11:28:34 | node_16 | INFO ] 🧩 Model added for round 49 (2/11) from ['node_38']
[ 2026-05-13 11:28:34 | node_14 | INFO ] 🧩 Model added for round 49 (1/12) from ['node_7']
[ 2026-05-13 11:28:34 | node_16 | INFO ] 🧩 Model added for round 49 (3/11) from ['node_36']
[ 2026-05-13 11:28:34 | node_14 | INFO ] 🧩 Model added for round 49 (2/12) from ['node_35']
[ 2026-05-13 11:28:34 | node_16 | INFO ] 🧩 Model added for round 49 (4/11) from ['node_34']
[ 2026-05-13 11:28:34 | node_14 | INFO ] 🧩 Model added for round 49 (3/12) from ['node_38']
[ 2026-05-13 11:28:34 | node_14 | INFO ] 🧩 Model added for round 49 (4/12) from ['node_12']
[ 2026-05-13 11:28:34 | node_16 | INFO ] 🧩 Model added for round 49 (5/11) from ['node_27']
[ 2026-05-13 11:28:34 | node_14 | INFO ] 🧩 Model added for round 49 (5/12) from ['node_47']
[ 2026-05-13 11:28:34 | node_16 | INFO ] 🧩 Model added for round 49 (6/11) from ['node_30']
[ 2026-05-13 11:28:34 | node_16 | INFO ] 🧩 Model added for round 49 (7/11) from ['node_13']
[ 2026-05-13 11:28:34 | node_14 | INFO ] 🧩 Model added for round 49 (6/12) from ['node_15']
[ 2026-05-13 11:28:34 | node_14 | INFO ] 🏋️‍♀️ Preparing training...
[ 2026-05-13 11:28:34 | node_16 | INFO ] 🧩 Model added for round 49 (8/11) from ['node_28']
[ 2026-05-13 11:28:34 | node_16 | INFO ] 🏋️‍♀️ Preparing training...
[ 2026-05-13 11:28:35 | node_14 | INFO ] 🎓 Training step done.
[ 2026-05-13 11:28:35 | node_14 | INFO ] 🛠️ Calling force_add_local_model...
[ 2026-05-13 11:28:35 | node_16 | INFO ] 🎓 Training step done.
[ 2026-05-13 11:28:35 | node_14 | INFO ] ✅ [FORCE] Local model added for round 49. (7/12)
[ 2026-05-13 11:28:35 | node_16 | INFO ] 🛠️ Calling force_add_local_model...
[ 2026-05-13 11:28:35 | node_16 | INFO ] ✅ [FORCE] Local model added for round 49. (9/11)
[ 2026-05-13 11:28:37 | node_22 | INFO ] 📤 Sending model to 9 direct neighbors: ['node_2', 'node_5', 'node_6', 'node_11', 'node_17', 'node_18', 'node_28', 'node_30', 'node_37']
[ 2026-05-13 11:28:38 | node_6 | INFO ] 📤 Sending model to 10 direct neighbors: ['node_1', 'node_2', 'node_9', 'node_14', 'node_22', 'node_25', 'node_32', 'node_34', 'node_39', 'node_45']
[ 2026-05-13 11:28:38 | node_1 | INFO ] 🧩 Model added for round 49 (8/9) from ['node_6']
[ 2026-05-13 11:28:38 | node_40 | INFO ] ⏳ Dynamic Patience (iteration 1): Missing nodes still active. Waiting 150s more...
[ 2026-05-13 11:28:38 | node_24 | INFO ] ⏹️  Gossiping exited for 50 equal rounds.
[ 2026-05-13 11:28:38 | node_5 | INFO ] 🧩 Model added for round 49 (9/11) from ['node_22']
[ 2026-05-13 11:28:38 | node_24 | INFO ] 🔬 Evaluating...
[ 2026-05-13 11:28:39 | node_24 | INFO ] 📈 Evaluated. Results: {'test_loss': 0.2323656529188156, 'test_acc': 0.9649999737739563, 'test_precision': 0.9604924917221069, 'test_recall': 0.9620863199234009, 'test_f1': 0.9609183669090271, 'communication_cost': 30107168}
[ 2026-05-13 11:28:39 | node_24 | INFO ] 📢 Broadcasting metrics.
[ 2026-05-13 11:28:39 | node_17 | INFO ] ⏹️  Gossiping exited for 50 equal rounds.
[ 2026-05-13 11:28:39 | node_17 | INFO ] 🔬 Evaluating...
[ 2026-05-13 11:28:40 | node_17 | INFO ] 📈 Evaluated. Results: {'test_loss': 0.15404671430587769, 'test_acc': 0.9800000190734863, 'test_precision': 0.9809554219245911, 'test_recall': 0.9767130017280579, 'test_f1': 0.9782816171646118, 'communication_cost': 45160752}
[ 2026-05-13 11:28:40 | node_9 | INFO ] 🧩 Model added for round 49 (7/8) from ['node_6']
[ 2026-05-13 11:28:40 | node_17 | INFO ] 📢 Broadcasting metrics.
[ 2026-05-13 11:28:40 | node_6 | INFO ] 🧩 Model added for round 49 (9/11) from ['node_22']
[ 2026-05-13 11:28:40 | node_14 | INFO ] 📤 Sending model to 11 direct neighbors: ['node_2', 'node_6', 'node_7', 'node_12', 'node_15', 'node_20', 'node_26', 'node_31', 'node_35', 'node_38', 'node_47']
[ 2026-05-13 11:28:40 | node_16 | INFO ] 📤 Sending model to 10 direct neighbors: ['node_2', 'node_13', 'node_26', 'node_27', 'node_28', 'node_30', 'node_34', 'node_36', 'node_38', 'node_40']
[ 2026-05-13 11:28:41 | node_6 | INFO ] 🧩 Model added for round 49 (10/11) from ['node_14']
[ 2026-05-13 11:28:41 | node_13 | INFO ] 🧩 Model added for round 49 (10/10) from ['node_16']
[ 2026-05-13 11:28:41 | node_14 | INFO ] 🧩 Model added for round 49 (8/12) from ['node_6']
[ 2026-05-13 11:28:42 | node_13 | INFO ] 🧠 Aggregation complete. Setting new model.
[ 2026-05-13 11:28:42 | node_11 | INFO ] 🧩 Model added for round 49 (7/9) from ['node_22']
[ 2026-05-13 11:28:43 | node_13 | INFO ] 🗣️ Gossiping aggregated model.
[ 2026-05-13 11:28:43 | node_24 | INFO ] 🎉 Round 49 of 50 finished.
[ 2026-05-13 11:28:43 | node_24 | INFO ] 🗳️ [DETERMINISTIC] Train set assigned (No Voting). Size: 50
[ 2026-05-13 11:28:43 | node_24 | INFO ] ♻️ Proactively processing 5 early models for round 49.
[ 2026-05-13 11:28:43 | node_24 | INFO ] 🧩 Model added for round 49 (1/9) from ['node_23']
[ 2026-05-13 11:28:43 | node_24 | INFO ] 🧩 Model added for round 49 (2/9) from ['node_4']
[ 2026-05-13 11:28:43 | node_7 | INFO ] 🧩 Model added for round 49 (5/6) from ['node_14']
[ 2026-05-13 11:28:43 | node_24 | INFO ] 🧩 Model added for round 49 (3/9) from ['node_12']
[ 2026-05-13 11:28:43 | node_24 | INFO ] 🧩 Model added for round 49 (4/9) from ['node_10']
[ 2026-05-13 11:28:44 | node_22 | INFO ] 🧩 Model added for round 49 (8/10) from ['node_6']
[ 2026-05-13 11:28:44 | node_24 | INFO ] 🧩 Model added for round 49 (5/9) from ['node_5']
[ 2026-05-13 11:28:44 | node_24 | INFO ] 🏋️‍♀️ Preparing training...
[ 2026-05-13 11:28:44 | node_27 | INFO ] 🧩 Model added for round 49 (8/8) from ['node_16']
[ 2026-05-13 11:28:44 | node_2 | INFO ] ⏹️  Gossiping exited for 50 equal rounds.
[ 2026-05-13 11:28:44 | node_2 | INFO ] 🔬 Evaluating...
[ 2026-05-13 11:28:44 | node_12 | INFO ] 🧩 Model added for round 49 (8/10) from ['node_14']
[ 2026-05-13 11:28:44 | node_24 | INFO ] 🎓 Training step done.
[ 2026-05-13 11:28:44 | node_24 | INFO ] 🛠️ Calling force_add_local_model...
[ 2026-05-13 11:28:44 | node_2 | INFO ] 📈 Evaluated. Results: {'test_loss': 0.13797669112682343, 'test_acc': 0.9750000238418579, 'test_precision': 0.9710850715637207, 'test_recall': 0.9721154570579529, 'test_f1': 0.9710237979888916, 'communication_cost': 52687544}
[ 2026-05-13 11:28:44 | node_24 | INFO ] ✅ [FORCE] Local model added for round 49. (6/9)
[ 2026-05-13 11:28:45 | node_2 | INFO ] 📢 Broadcasting metrics.
[ 2026-05-13 11:28:45 | node_27 | INFO ] 🧠 Aggregation complete. Setting new model.
[ 2026-05-13 11:28:45 | node_18 | INFO ] 🧩 Model added for round 49 (3/5) from ['node_22']
[ 2026-05-13 11:28:46 | node_27 | INFO ] 🗣️ Gossiping aggregated model.
[ 2026-05-13 11:28:46 | node_28 | INFO ] 🧩 Model added for round 49 (9/12) from ['node_16']
[ 2026-05-13 11:28:46 | node_25 | INFO ] 🧩 Model added for round 49 (9/10) from ['node_6']
[ 2026-05-13 11:28:46 | node_28 | INFO ] 🧩 Model added for round 49 (10/12) from ['node_22']
[ 2026-05-13 11:28:46 | node_17 | INFO ] 🎉 Round 49 of 50 finished.
[ 2026-05-13 11:28:46 | node_17 | INFO ] 🗳️ [DETERMINISTIC] Train set assigned (No Voting). Size: 50
[ 2026-05-13 11:28:46 | node_17 | INFO ] ♻️ Proactively processing 9 early models for round 49.
[ 2026-05-13 11:28:46 | node_17 | INFO ] 🧩 Model added for round 49 (1/13) from ['node_11']
[ 2026-05-13 11:28:46 | node_17 | INFO ] 🧩 Model added for round 49 (2/13) from ['node_35']
[ 2026-05-13 11:28:46 | node_17 | INFO ] 🧩 Model added for round 49 (3/13) from ['node_36']
[ 2026-05-13 11:28:46 | node_17 | INFO ] 🧩 Model added for round 49 (4/13) from ['node_34']
[ 2026-05-13 11:28:46 | node_17 | INFO ] 🧩 Model added for round 49 (5/13) from ['node_10']
[ 2026-05-13 11:28:46 | node_31 | INFO ] ⏹️  Gossiping exited for 50 equal rounds.
[ 2026-05-13 11:28:46 | node_17 | INFO ] 🧩 Model added for round 49 (6/13) from ['node_5']
[ 2026-05-13 11:28:46 | node_17 | INFO ] 🧩 Model added for round 49 (7/13) from ['node_43']
[ 2026-05-13 11:28:46 | node_17 | INFO ] 🧩 Model added for round 49 (8/13) from ['node_21']
[ 2026-05-13 11:28:46 | node_15 | INFO ] 🧩 Model added for round 49 (7/8) from ['node_14']
[ 2026-05-13 11:28:46 | node_31 | INFO ] 🔬 Evaluating...
[ 2026-05-13 11:28:47 | node_17 | INFO ] 🧩 Model added for round 49 (9/13) from ['node_22']
[ 2026-05-13 11:28:47 | node_17 | INFO ] 🏋️‍♀️ Preparing training...
[ 2026-05-13 11:28:47 | node_17 | INFO ] 🎓 Training step done.
[ 2026-05-13 11:28:47 | node_17 | INFO ] 🛠️ Calling force_add_local_model...
[ 2026-05-13 11:28:47 | node_32 | INFO ] 🧩 Model added for round 49 (8/9) from ['node_6']
[ 2026-05-13 11:28:47 | node_17 | INFO ] ✅ [FORCE] Local model added for round 49. (10/13)
[ 2026-05-13 11:28:47 | node_31 | INFO ] 📈 Evaluated. Results: {'test_loss': 0.045340646058321, 'test_acc': 0.9850000143051147, 'test_precision': 0.9860413074493408, 'test_recall': 0.98589026927948, 'test_f1': 0.9857242107391357, 'communication_cost': 33870564}
[ 2026-05-13 11:28:48 | node_30 | INFO ] 🧩 Model added for round 49 (10/11) from ['node_22']
[ 2026-05-13 11:28:48 | node_31 | INFO ] 📢 Broadcasting metrics.
[ 2026-05-13 11:28:48 | node_30 | INFO ] 🧩 Model added for round 49 (11/11) from ['node_16']
[ 2026-05-13 11:28:49 | node_30 | INFO ] 🧠 Aggregation complete. Setting new model.
[ 2026-05-13 11:28:49 | node_42 | INFO ] ⏹️  Gossiping exited for 50 equal rounds.
[ 2026-05-13 11:28:49 | node_26 | INFO ] ⏹️  Gossiping exited for 50 equal rounds.
[ 2026-05-13 11:28:49 | node_26 | INFO ] 🔬 Evaluating...
[ 2026-05-13 11:28:49 | node_42 | INFO ] 🔬 Evaluating...
[ 2026-05-13 11:28:49 | node_34 | INFO ] 🧩 Model added for round 49 (8/10) from ['node_6']
[ 2026-05-13 11:28:49 | node_26 | INFO ] 📈 Evaluated. Results: {'test_loss': 0.1489570140838623, 'test_acc': 0.9800000190734863, 'test_precision': 0.9764035940170288, 'test_recall': 0.9807870984077454, 'test_f1': 0.9779075384140015, 'communication_cost': 33870564}
[ 2026-05-13 11:28:50 | node_24 | INFO ] 📤 Sending model to 8 direct neighbors: ['node_2', 'node_3', 'node_4', 'node_5', 'node_10', 'node_12', 'node_17', 'node_23']
[ 2026-05-13 11:28:50 | node_42 | INFO ] 📈 Evaluated. Results: {'test_loss': 0.28903698921203613, 'test_acc': 0.9750000238418579, 'test_precision': 0.97601717710495, 'test_recall': 0.9772380590438843, 'test_f1': 0.9756444692611694, 'communication_cost': 37633960}
[ 2026-05-13 11:28:50 | node_35 | INFO ] 🧩 Model added for round 49 (8/9) from ['node_14']
[ 2026-05-13 11:28:50 | node_30 | INFO ] 🗣️ Gossiping aggregated model.
[ 2026-05-13 11:28:50 | node_26 | INFO ] 📢 Broadcasting metrics.
[ 2026-05-13 11:28:50 | node_34 | INFO ] 🧩 Model added for round 49 (9/10) from ['node_16']
[ 2026-05-13 11:28:50 | node_37 | INFO ] 🧩 Model added for round 49 (5/6) from ['node_22']
[ 2026-05-13 11:28:50 | node_42 | INFO ] 📢 Broadcasting metrics.
[ 2026-05-13 11:28:51 | node_2 | INFO ] 🎉 Round 49 of 50 finished.
[ 2026-05-13 11:28:51 | node_2 | INFO ] 🗳️ [DETERMINISTIC] Train set assigned (No Voting). Size: 50
[ 2026-05-13 11:28:51 | node_2 | INFO ] ♻️ Proactively processing 7 early models for round 49.
[ 2026-05-13 11:28:51 | node_2 | INFO ] 🧩 Model added for round 49 (1/15) from ['node_8']
[ 2026-05-13 11:28:51 | node_2 | INFO ] 🧩 Model added for round 49 (2/15) from ['node_29']
[ 2026-05-13 11:28:51 | node_2 | INFO ] 🧩 Model added for round 49 (3/15) from ['node_28']
[ 2026-05-13 11:28:51 | node_2 | INFO ] 🧩 Model added for round 49 (4/15) from ['node_22']
[ 2026-05-13 11:28:51 | node_2 | INFO ] 🧩 Model added for round 49 (5/15) from ['node_6']
[ 2026-05-13 11:28:51 | node_2 | INFO ] 🧩 Model added for round 49 (6/15) from ['node_14']
[ 2026-05-13 11:28:51 | node_2 | INFO ] 🧩 Model added for round 49 (7/15) from ['node_16']
[ 2026-05-13 11:28:51 | node_2 | INFO ] 🏋️‍♀️ Preparing training...
[ 2026-05-13 11:28:51 | node_2 | INFO ] 🧩 Model added for round 49 (8/15) from ['node_24']
[ 2026-05-13 11:28:51 | node_39 | INFO ] 🧩 Model added for round 49 (8/10) from ['node_6']
[ 2026-05-13 11:28:52 | node_38 | INFO ] 🧩 Model added for round 49 (9/10) from ['node_14']
[ 2026-05-13 11:28:52 | node_36 | INFO ] 🧩 Model added for round 49 (7/9) from ['node_16']
[ 2026-05-13 11:28:52 | node_2 | INFO ] 🎓 Training step done.
[ 2026-05-13 11:28:52 | node_2 | INFO ] 🛠️ Calling force_add_local_model...
[ 2026-05-13 11:28:52 | node_2 | INFO ] ✅ [FORCE] Local model added for round 49. (9/15)
[ 2026-05-13 11:28:52 | node_17 | INFO ] 📤 Sending model to 12 direct neighbors: ['node_2', 'node_5', 'node_10', 'node_11', 'node_21', 'node_22', 'node_24', 'node_31', 'node_34', 'node_35', 'node_36', 'node_43']
[ 2026-05-13 11:28:53 | node_31 | INFO ] 🎉 Round 49 of 50 finished.
[ 2026-05-13 11:28:53 | node_45 | INFO ] 🧩 Model added for round 49 (5/6) from ['node_6']
[ 2026-05-13 11:28:53 | node_31 | INFO ] 🗳️ [DETERMINISTIC] Train set assigned (No Voting). Size: 50
[ 2026-05-13 11:28:53 | node_2 | INFO ] 🧩 Model added for round 49 (10/15) from ['node_17']
[ 2026-05-13 11:28:53 | node_31 | INFO ] ♻️ Proactively processing 7 early models for round 49.
[ 2026-05-13 11:28:53 | node_31 | INFO ] 🧩 Model added for round 49 (1/10) from ['node_37']
[ 2026-05-13 11:28:53 | node_31 | INFO ] 🧩 Model added for round 49 (2/10) from ['node_4']
[ 2026-05-13 11:28:53 | node_31 | INFO ] 🧩 Model added for round 49 (3/10) from ['node_48']
[ 2026-05-13 11:28:53 | node_47 | INFO ] 🧩 Model added for round 49 (7/7) from ['node_14']
[ 2026-05-13 11:28:53 | node_31 | INFO ] 🧩 Model added for round 49 (4/10) from ['node_39']
[ 2026-05-13 11:28:53 | node_31 | INFO ] 🧩 Model added for round 49 (5/10) from ['node_45']
[ 2026-05-13 11:28:54 | node_31 | INFO ] 🧩 Model added for round 49 (6/10) from ['node_29']
[ 2026-05-13 11:28:54 | node_31 | INFO ] 🧩 Model added for round 49 (7/10) from ['node_14']
[ 2026-05-13 11:28:54 | node_31 | INFO ] 🏋️‍♀️ Preparing training...
[ 2026-05-13 11:28:54 | node_4 | INFO ] 🧩 Model added for round 49 (10/12) from ['node_24']
[ 2026-05-13 11:28:54 | node_38 | INFO ] 🧩 Model added for round 49 (10/10) from ['node_16']
[ 2026-05-13 11:28:54 | node_31 | INFO ] 🎓 Training step done.
[ 2026-05-13 11:28:54 | node_31 | INFO ] 🛠️ Calling force_add_local_model...
[ 2026-05-13 11:28:55 | node_31 | INFO ] ✅ [FORCE] Local model added for round 49. (8/10)
[ 2026-05-13 11:28:55 | node_47 | INFO ] 🧠 Aggregation complete. Setting new model.
[ 2026-05-13 11:28:55 | node_38 | INFO ] 🧠 Aggregation complete. Setting new model.
[ 2026-05-13 11:28:55 | node_26 | INFO ] 🎉 Round 49 of 50 finished.
[ 2026-05-13 11:28:55 | node_26 | INFO ] 🗳️ [DETERMINISTIC] Train set assigned (No Voting). Size: 50
[ 2026-05-13 11:28:55 | node_26 | INFO ] ♻️ Proactively processing 8 early models for round 49.
[ 2026-05-13 11:28:55 | node_26 | INFO ] 🧩 Model added for round 49 (1/10) from ['node_44']
[ 2026-05-13 11:28:55 | node_47 | INFO ] 🗣️ Gossiping aggregated model.
[ 2026-05-13 11:28:56 | node_26 | INFO ] 🧩 Model added for round 49 (2/10) from ['node_19']
[ 2026-05-13 11:28:56 | node_26 | INFO ] 🧩 Model added for round 49 (3/10) from ['node_41']
[ 2026-05-13 11:28:56 | node_26 | INFO ] 🧩 Model added for round 49 (4/10) from ['node_12']
[ 2026-05-13 11:28:56 | node_26 | INFO ] 🧩 Model added for round 49 (5/10) from ['node_32']
[ 2026-05-13 11:28:56 | node_26 | INFO ] 🧩 Model added for round 49 (6/10) from ['node_10']
[ 2026-05-13 11:28:56 | node_26 | INFO ] 🧩 Model added for round 49 (7/10) from ['node_16']
[ 2026-05-13 11:28:56 | node_42 | INFO ] 🎉 Round 49 of 50 finished.
[ 2026-05-13 11:28:56 | node_26 | INFO ] 🧩 Model added for round 49 (8/10) from ['node_14']
[ 2026-05-13 11:28:56 | node_26 | INFO ] 🏋️‍♀️ Preparing training...
[ 2026-05-13 11:28:56 | node_38 | INFO ] 🗣️ Gossiping aggregated model.
[ 2026-05-13 11:28:56 | node_42 | INFO ] 🗳️ [DETERMINISTIC] Train set assigned (No Voting). Size: 50
[ 2026-05-13 11:28:56 | node_42 | INFO ] ♻️ Proactively processing 9 early models for round 49.
[ 2026-05-13 11:28:56 | node_42 | INFO ] 🧩 Model added for round 49 (1/11) from ['node_11']
[ 2026-05-13 11:28:56 | node_5 | INFO ] 🧩 Model added for round 49 (10/11) from ['node_17']
[ 2026-05-13 11:28:56 | node_42 | INFO ] 🧩 Model added for round 49 (2/11) from ['node_18']
[ 2026-05-13 11:28:56 | node_42 | INFO ] 🧩 Model added for round 49 (3/11) from ['node_44']
[ 2026-05-13 11:28:56 | node_5 | INFO ] 🧩 Model added for round 49 (11/11) from ['node_24']
[ 2026-05-13 11:28:56 | node_42 | INFO ] 🧩 Model added for round 49 (4/11) from ['node_25']
[ 2026-05-13 11:28:56 | node_40 | INFO ] 🧩 Model added for round 49 (4/4) from ['node_16']
[ 2026-05-13 11:28:56 | node_42 | INFO ] 🧩 Model added for round 49 (5/11) from ['node_41']
[ 2026-05-13 11:28:56 | node_42 | INFO ] 🧩 Model added for round 49 (6/11) from ['node_1']
[ 2026-05-13 11:28:56 | node_42 | INFO ] 🧩 Model added for round 49 (7/11) from ['node_36']
[ 2026-05-13 11:28:57 | node_42 | INFO ] 🧩 Model added for round 49 (8/11) from ['node_48']
[ 2026-05-13 11:28:57 | node_42 | INFO ] 🧩 Model added for round 49 (9/11) from ['node_15']
[ 2026-05-13 11:28:57 | node_42 | INFO ] 🏋️‍♀️ Preparing training...
[ 2026-05-13 11:28:57 | node_26 | INFO ] 🎓 Training step done.
[ 2026-05-13 11:28:57 | node_26 | INFO ] 🛠️ Calling force_add_local_model...
[ 2026-05-13 11:28:57 | node_26 | INFO ] ✅ [FORCE] Local model added for round 49. (9/10)
[ 2026-05-13 11:28:57 | node_40 | INFO ] 🧠 Aggregation complete. Setting new model.
[ 2026-05-13 11:28:57 | node_40 | INFO ] 🗣️ Gossiping aggregated model.
[ 2026-05-13 11:28:57 | node_2 | INFO ] 📤 Sending model to 14 direct neighbors: ['node_3', 'node_6', 'node_8', 'node_14', 'node_16', 'node_17', 'node_20', 'node_22', 'node_24', 'node_26', 'node_28', 'node_29', 'node_31', 'node_42']
[ 2026-05-13 11:28:58 | node_5 | INFO ] 🧠 Aggregation complete. Setting new model.
[ 2026-05-13 11:28:58 | node_42 | INFO ] 🎓 Training step done.
[ 2026-05-13 11:28:58 | node_42 | INFO ] 🛠️ Calling force_add_local_model...
[ 2026-05-13 11:28:58 | node_42 | INFO ] ✅ [FORCE] Local model added for round 49. (10/11)
[ 2026-05-13 11:28:58 | node_10 | INFO ] 🧩 Model added for round 49 (7/9) from ['node_17']
[ 2026-05-13 11:28:58 | node_10 | INFO ] 🧩 Model added for round 49 (8/9) from ['node_24']
[ 2026-05-13 11:28:58 | node_6 | INFO ] 🧩 Model added for round 49 (11/11) from ['node_2']
[ 2026-05-13 11:28:59 | node_6 | INFO ] 🧠 Aggregation complete. Setting new model.
[ 2026-05-13 11:28:59 | node_5 | INFO ] 🗣️ Gossiping aggregated model.
[ 2026-05-13 11:29:00 | node_31 | INFO ] 📤 Sending model to 9 direct neighbors: ['node_2', 'node_4', 'node_14', 'node_17', 'node_29', 'node_37', 'node_39', 'node_45', 'node_48']
[ 2026-05-13 11:29:00 | node_11 | INFO ] 🧩 Model added for round 49 (8/9) from ['node_17']
[ 2026-05-13 11:29:00 | node_6 | INFO ] 🗣️ Gossiping aggregated model.
[ 2026-05-13 11:29:00 | node_8 | INFO ] 🧩 Model added for round 49 (4/5) from ['node_2']
[ 2026-05-13 11:29:00 | node_12 | INFO ] 🧩 Model added for round 49 (9/10) from ['node_24']
[ 2026-05-13 11:29:01 | node_2 | INFO ] 🧩 Model added for round 49 (11/15) from ['node_31']
[ 2026-05-13 11:29:02 | node_26 | INFO ] 📤 Sending model to 9 direct neighbors: ['node_2', 'node_10', 'node_12', 'node_14', 'node_16', 'node_19', 'node_32', 'node_41', 'node_44']
[ 2026-05-13 11:29:02 | node_21 | INFO ] 🧩 Model added for round 49 (7/7) from ['node_17']
[ 2026-05-13 11:29:02 | node_14 | INFO ] 🧩 Model added for round 49 (9/12) from ['node_2']
[ 2026-05-13 11:29:03 | node_2 | INFO ] 🧩 Model added for round 49 (12/15) from ['node_26']
[ 2026-05-13 11:29:03 | node_17 | INFO ] 🧩 Model added for round 49 (11/13) from ['node_24']
[ 2026-05-13 11:29:03 | node_42 | INFO ] 📤 Sending model to 10 direct neighbors: ['node_1', 'node_2', 'node_11', 'node_15', 'node_18', 'node_25', 'node_36', 'node_41', 'node_44', 'node_48']
[ 2026-05-13 11:29:04 | node_1 | INFO ] 🧩 Model added for round 49 (9/9) from ['node_42']
[ 2026-05-13 11:29:04 | node_4 | INFO ] 🧩 Model added for round 49 (11/12) from ['node_31']
[ 2026-05-13 11:29:04 | node_16 | INFO ] 🧩 Model added for round 49 (10/11) from ['node_2']
[ 2026-05-13 11:29:05 | node_22 | INFO ] 🧩 Model added for round 49 (9/10) from ['node_17']
[ 2026-05-13 11:29:05 | node_21 | INFO ] 🧠 Aggregation complete. Setting new model.
[ 2026-05-13 11:29:05 | node_1 | INFO ] 🧠 Aggregation complete. Setting new model.
[ 2026-05-13 11:29:05 | node_10 | INFO ] 🧩 Model added for round 49 (9/9) from ['node_26']
[ 2026-05-13 11:29:06 | node_23 | INFO ] 🧩 Model added for round 49 (11/11) from ['node_24']
[ 2026-05-13 11:29:06 | node_21 | INFO ] 🗣️ Gossiping aggregated model.
[ 2026-05-13 11:29:06 | node_1 | INFO ] 🗣️ Gossiping aggregated model.
[ 2026-05-13 11:29:06 | node_2 | INFO ] 🧩 Model added for round 49 (13/15) from ['node_42']
[ 2026-05-13 11:29:06 | node_14 | INFO ] 🧩 Model added for round 49 (10/12) from ['node_31']
[ 2026-05-13 11:29:07 | node_24 | INFO ] 🧩 Model added for round 49 (7/9) from ['node_17']
[ 2026-05-13 11:29:08 | node_17 | INFO ] 🧩 Model added for round 49 (12/13) from ['node_2']
[ 2026-05-13 11:29:08 | node_12 | INFO ] 🧩 Model added for round 49 (10/10) from ['node_26']
[ 2026-05-13 11:29:08 | node_11 | INFO ] ⏳ Dynamic Patience (iteration 1): Missing nodes still active. Waiting 150s more...
[ 2026-05-13 11:29:09 | node_17 | INFO ] 🧩 Model added for round 49 (13/13) from ['node_31']
[ 2026-05-13 11:29:09 | node_11 | INFO ] 🧩 Model added for round 49 (9/9) from ['node_42']
[ 2026-05-13 11:29:09 | node_10 | INFO ] 🧠 Aggregation complete. Setting new model.
[ 2026-05-13 11:29:09 | node_12 | INFO ] 🧠 Aggregation complete. Setting new model.
[ 2026-05-13 11:29:09 | node_23 | INFO ] 🧠 Aggregation complete. Setting new model.
[ 2026-05-13 11:29:09 | node_11 | INFO ] 🧠 Aggregation complete. Setting new model.
[ 2026-05-13 11:29:10 | node_31 | INFO ] 🧩 Model added for round 49 (9/10) from ['node_17']
[ 2026-05-13 11:29:10 | node_10 | INFO ] 🗣️ Gossiping aggregated model.
[ 2026-05-13 11:29:10 | node_37 | INFO ] ⏳ Dynamic Patience (iteration 1): Missing nodes still active. Waiting 150s more...
[ 2026-05-13 11:29:10 | node_11 | INFO ] 🗣️ Gossiping aggregated model.
[ 2026-05-13 11:29:11 | node_12 | INFO ] 🗣️ Gossiping aggregated model.
[ 2026-05-13 11:29:11 | node_23 | INFO ] 🗣️ Gossiping aggregated model.
[ 2026-05-13 11:29:12 | node_15 | INFO ] 🧩 Model added for round 49 (8/8) from ['node_42']
[ 2026-05-13 11:29:12 | node_29 | INFO ] 🧩 Model added for round 49 (3/6) from ['node_31']
[ 2026-05-13 11:29:12 | node_22 | INFO ] 🧩 Model added for round 49 (10/10) from ['node_2']
[ 2026-05-13 11:29:12 | node_34 | INFO ] 🧩 Model added for round 49 (10/10) from ['node_17']
[ 2026-05-13 11:29:13 | node_18 | INFO ] 🧩 Model added for round 49 (4/5) from ['node_42']
[ 2026-05-13 11:29:14 | node_14 | INFO ] 🧩 Model added for round 49 (11/12) from ['node_26']
[ 2026-05-13 11:29:14 | node_37 | INFO ] 🧩 Model added for round 49 (6/6) from ['node_31']
[ 2026-05-13 11:29:14 | node_35 | INFO ] 🧩 Model added for round 49 (9/9) from ['node_17']
[ 2026-05-13 11:29:14 | node_24 | INFO ] 🧩 Model added for round 49 (8/9) from ['node_2']
[ 2026-05-13 11:29:14 | node_25 | INFO ] 🧩 Model added for round 49 (10/10) from ['node_42']
[ 2026-05-13 11:29:15 | node_39 | INFO ] 🧩 Model added for round 49 (9/10) from ['node_31']
[ 2026-05-13 11:29:16 | node_36 | INFO ] 🧩 Model added for round 49 (8/9) from ['node_17']
[ 2026-05-13 11:29:16 | node_37 | INFO ] 🧠 Aggregation complete. Setting new model.
[ 2026-05-13 11:29:16 | node_15 | INFO ] 🧠 Aggregation complete. Setting new model.
[ 2026-05-13 11:29:16 | node_22 | INFO ] 🧠 Aggregation complete. Setting new model.
[ 2026-05-13 11:29:17 | node_34 | INFO ] 🧠 Aggregation complete. Setting new model.
[ 2026-05-13 11:29:17 | node_36 | INFO ] 🧩 Model added for round 49 (9/9) from ['node_42']
[ 2026-05-13 11:29:17 | node_16 | INFO ] 🧩 Model added for round 49 (11/11) from ['node_26']
[ 2026-05-13 11:29:17 | node_37 | INFO ] 🗣️ Gossiping aggregated model.
[ 2026-05-13 11:29:17 | node_22 | INFO ] 🗣️ Gossiping aggregated model.
[ 2026-05-13 11:29:17 | node_26 | INFO ] 🧩 Model added for round 49 (10/10) from ['node_2']
[ 2026-05-13 11:29:17 | node_15 | INFO ] 🗣️ Gossiping aggregated model.
[ 2026-05-13 11:29:18 | node_45 | INFO ] 🧩 Model added for round 49 (6/6) from ['node_31']
[ 2026-05-13 11:29:18 | node_43 | INFO ] 🧩 Model added for round 49 (8/8) from ['node_17']
[ 2026-05-13 11:29:18 | node_34 | INFO ] 🗣️ Gossiping aggregated model.
[ 2026-05-13 11:29:19 | node_19 | INFO ] 🧩 Model added for round 49 (10/11) from ['node_26']
[ 2026-05-13 11:29:19 | node_41 | INFO ] 🧩 Model added for round 49 (7/8) from ['node_42']
[ 2026-05-13 11:29:19 | node_35 | INFO ] 🧠 Aggregation complete. Setting new model.
[ 2026-05-13 11:29:19 | node_25 | INFO ] 🧠 Aggregation complete. Setting new model.
[ 2026-05-13 11:29:19 | node_45 | INFO ] 🧠 Aggregation complete. Setting new model.
[ 2026-05-13 11:29:19 | node_28 | INFO ] 🧩 Model added for round 49 (11/12) from ['node_2']
[ 2026-05-13 11:29:19 | node_48 | INFO ] 🧩 Model added for round 49 (5/7) from ['node_31']
[ 2026-05-13 11:29:20 | node_16 | INFO ] 🧠 Aggregation complete. Setting new model.
[ 2026-05-13 11:29:20 | node_43 | INFO ] 🧠 Aggregation complete. Setting new model.
[ 2026-05-13 11:29:20 | node_36 | INFO ] 🧠 Aggregation complete. Setting new model.
[ 2026-05-13 11:29:21 | node_45 | INFO ] 🗣️ Gossiping aggregated model.
[ 2026-05-13 11:29:21 | node_17 | INFO ] 🧠 Aggregation complete. Setting new model.
[ 2026-05-13 11:29:21 | node_35 | INFO ] 🗣️ Gossiping aggregated model.
[ 2026-05-13 11:29:21 | node_44 | INFO ] 🧩 Model added for round 49 (8/9) from ['node_42']
[ 2026-05-13 11:29:21 | node_25 | INFO ] 🗣️ Gossiping aggregated model.
[ 2026-05-13 11:29:22 | node_43 | INFO ] 🗣️ Gossiping aggregated model.
[ 2026-05-13 11:29:22 | node_36 | INFO ] 🗣️ Gossiping aggregated model.
[ 2026-05-13 11:29:22 | node_32 | INFO ] 🧩 Model added for round 49 (9/9) from ['node_26']
[ 2026-05-13 11:29:22 | node_16 | INFO ] 🗣️ Gossiping aggregated model.
[ 2026-05-13 11:29:22 | node_29 | INFO ] 🧩 Model added for round 49 (4/6) from ['node_2']
[ 2026-05-13 11:29:23 | node_32 | INFO ] 🧠 Aggregation complete. Setting new model.
[ 2026-05-13 11:29:23 | node_17 | INFO ] 🗣️ Gossiping aggregated model.
[ 2026-05-13 11:29:24 | node_48 | INFO ] 🧩 Model added for round 49 (6/7) from ['node_42']
[ 2026-05-13 11:29:24 | node_32 | INFO ] 🗣️ Gossiping aggregated model.
[ 2026-05-13 11:29:24 | node_41 | INFO ] 🧩 Model added for round 49 (8/8) from ['node_26']
[ 2026-05-13 11:29:25 | node_31 | INFO ] 🧩 Model added for round 49 (10/10) from ['node_2']
[ 2026-05-13 11:29:26 | node_44 | INFO ] 🧩 Model added for round 49 (9/9) from ['node_26']
[ 2026-05-13 11:29:27 | node_42 | INFO ] 🧩 Model added for round 49 (11/11) from ['node_2']
[ 2026-05-13 11:29:28 | node_41 | INFO ] 🧠 Aggregation complete. Setting new model.
[ 2026-05-13 11:29:28 | node_31 | INFO ] 🧠 Aggregation complete. Setting new model.
[ 2026-05-13 11:29:28 | node_18 | INFO ] ⏳ Dynamic Patience (iteration 1): Missing nodes still active. Waiting 150s more...
[ 2026-05-13 11:29:28 | node_44 | INFO ] 🧠 Aggregation complete. Setting new model.
[ 2026-05-13 11:29:28 | node_42 | INFO ] 🧠 Aggregation complete. Setting new model.
[ 2026-05-13 11:29:30 | node_41 | INFO ] 🗣️ Gossiping aggregated model.
[ 2026-05-13 11:29:30 | node_26 | INFO ] 🧠 Aggregation complete. Setting new model.
[ 2026-05-13 11:29:30 | node_42 | INFO ] 🗣️ Gossiping aggregated model.
[ 2026-05-13 11:29:30 | node_31 | INFO ] 🗣️ Gossiping aggregated model.
[ 2026-05-13 11:29:30 | node_44 | INFO ] 🗣️ Gossiping aggregated model.
[ 2026-05-13 11:29:32 | node_26 | INFO ] 🗣️ Gossiping aggregated model.
[ 2026-05-13 11:30:00 | node_19 | INFO ] ⏳ Dynamic Patience (iteration 1): Missing nodes still active. Waiting 150s more...
[ 2026-05-13 11:30:18 | node_4 | INFO ] ⏳ Dynamic Patience (iteration 1): Missing nodes still active. Waiting 150s more...
[ 2026-05-13 11:30:21 | node_9 | INFO ] ⏳ Dynamic Patience (iteration 1): Missing nodes still active. Waiting 150s more...
[ 2026-05-13 11:30:29 | node_49 | INFO ] ⏹️  Gossiping exited for 50 equal rounds.
[ 2026-05-13 11:30:30 | node_49 | INFO ] 🔬 Evaluating...
[ 2026-05-13 11:30:30 | node_49 | INFO ] 📈 Evaluated. Results: {'test_loss': 0.062893345952034, 'test_acc': 0.9700000286102295, 'test_precision': 0.9682006239891052, 'test_recall': 0.9696590900421143, 'test_f1': 0.9678783416748047, 'communication_cost': 15053584}
[ 2026-05-13 11:30:30 | node_49 | INFO ] 📢 Broadcasting metrics.
[ 2026-05-13 11:30:33 | node_48 | INFO ] ⏳ Dynamic Patience (iteration 1): Missing nodes still active. Waiting 150s more...
[ 2026-05-13 11:30:34 | node_49 | INFO ] 🎉 Round 50 of 50 finished.
[ 2026-05-13 11:30:34 | node_49 | INFO ] 😋 Training finished!!
[ 2026-05-13 11:30:40 | node_39 | INFO ] ⏳ Dynamic Patience (iteration 1): Missing nodes still active. Waiting 150s more...
[ 2026-05-13 11:30:51 | node_33 | INFO ] ⏳ Dynamic Patience (iteration 2): Missing nodes still active. Waiting 150s more...
[ 2026-05-13 11:30:56 | node_7 | INFO ] ⏳ Dynamic Patience (iteration 2): Missing nodes still active. Waiting 150s more...
[ 2026-05-13 11:31:00 | node_37 | INFO ] ⏹️  Gossiping exited for 50 equal rounds.
[ 2026-05-13 11:31:00 | node_37 | INFO ] 🔬 Evaluating...
[ 2026-05-13 11:31:00 | node_37 | INFO ] 📈 Evaluated. Results: {'test_loss': 0.2359847128391266, 'test_acc': 0.9700000286102295, 'test_precision': 0.968578040599823, 'test_recall': 0.9703662991523743, 'test_f1': 0.9687031507492065, 'communication_cost': 18816980}
[ 2026-05-13 11:31:00 | node_37 | INFO ] 📢 Broadcasting metrics.
[ 2026-05-13 11:31:04 | node_37 | INFO ] 🎉 Round 50 of 50 finished.
[ 2026-05-13 11:31:04 | node_37 | INFO ] 😋 Training finished!!
[ 2026-05-13 11:31:17 | node_40 | INFO ] ⏹️  Gossiping exited for 50 equal rounds.
[ 2026-05-13 11:31:17 | node_40 | INFO ] 🔬 Evaluating...
[ 2026-05-13 11:31:18 | node_40 | INFO ] 📈 Evaluated. Results: {'test_loss': 0.4924382269382477, 'test_acc': 0.9449999928474426, 'test_precision': 0.9439609050750732, 'test_recall': 0.9433425068855286, 'test_f1': 0.9406030774116516, 'communication_cost': 11290188}
[ 2026-05-13 11:31:18 | node_40 | INFO ] 📢 Broadcasting metrics.
[ 2026-05-13 11:31:21 | node_40 | INFO ] 🎉 Round 50 of 50 finished.
[ 2026-05-13 11:31:21 | node_40 | INFO ] 😋 Training finished!!
[ 2026-05-13 11:31:21 | node_27 | INFO ] ⏹️  Gossiping exited for 50 equal rounds.
[ 2026-05-13 11:31:22 | node_27 | INFO ] 🔬 Evaluating...
[ 2026-05-13 11:31:22 | node_27 | INFO ] 📈 Evaluated. Results: {'test_loss': 0.25876644253730774, 'test_acc': 0.9750000238418579, 'test_precision': 0.9740009307861328, 'test_recall': 0.9751706123352051, 'test_f1': 0.9741383194923401, 'communication_cost': 26343772}
[ 2026-05-13 11:31:22 | node_27 | INFO ] 📢 Broadcasting metrics.
[ 2026-05-13 11:31:25 | node_21 | INFO ] ⏹️  Gossiping exited for 50 equal rounds.
[ 2026-05-13 11:31:25 | node_21 | INFO ] 🔬 Evaluating...
[ 2026-05-13 11:31:26 | node_21 | INFO ] 📈 Evaluated. Results: {'test_loss': 0.26431769132614136, 'test_acc': 0.9599999785423279, 'test_precision': 0.966505765914917, 'test_recall': 0.9550498127937317, 'test_f1': 0.9593134522438049, 'communication_cost': 22580376}
[ 2026-05-13 11:31:26 | node_21 | INFO ] 📢 Broadcasting metrics.
[ 2026-05-13 11:31:27 | node_27 | INFO ] 🎉 Round 50 of 50 finished.
[ 2026-05-13 11:31:27 | node_27 | INFO ] 😋 Training finished!!
[ 2026-05-13 11:31:30 | node_21 | INFO ] 🎉 Round 50 of 50 finished.
[ 2026-05-13 11:31:30 | node_21 | INFO ] 😋 Training finished!!
[ 2026-05-13 11:31:33 | node_45 | INFO ] ⏹️  Gossiping exited for 50 equal rounds.
[ 2026-05-13 11:31:33 | node_45 | INFO ] 🔬 Evaluating...
[ 2026-05-13 11:31:34 | node_45 | INFO ] 📈 Evaluated. Results: {'test_loss': 0.14401251077651978, 'test_acc': 0.9800000190734863, 'test_precision': 0.9820730090141296, 'test_recall': 0.9836894869804382, 'test_f1': 0.9824507236480713, 'communication_cost': 18816980}
[ 2026-05-13 11:31:34 | node_45 | INFO ] 📢 Broadcasting metrics.
[ 2026-05-13 11:31:38 | node_45 | INFO ] 🎉 Round 50 of 50 finished.
[ 2026-05-13 11:31:38 | node_45 | INFO ] 😋 Training finished!!
[ 2026-05-13 11:31:40 | node_20 | INFO ] ⏹️  Gossiping exited for 50 equal rounds.
[ 2026-05-13 11:31:40 | node | INFO ] ⏹️  Gossiping exited for 50 equal rounds.
[ 2026-05-13 11:31:41 | node_20 | INFO ] 🔬 Evaluating...
[ 2026-05-13 11:31:41 | node | INFO ] 🔬 Evaluating...
[ 2026-05-13 11:31:41 | node_20 | INFO ] 📈 Evaluated. Results: {'test_loss': 0.3440907299518585, 'test_acc': 0.949999988079071, 'test_precision': 0.9455410242080688, 'test_recall': 0.9485820531845093, 'test_f1': 0.9459466338157654, 'communication_cost': 26343772}
[ 2026-05-13 11:31:41 | node | INFO ] 📈 Evaluated. Results: {'test_loss': 0.2658560872077942, 'test_acc': 0.9750000238418579, 'test_precision': 0.9790996313095093, 'test_recall': 0.9739313721656799, 'test_f1': 0.9756225347518921, 'communication_cost': 30107168}
[ 2026-05-13 11:31:41 | node_20 | INFO ] 📢 Broadcasting metrics.
[ 2026-05-13 11:31:42 | node | INFO ] 📢 Broadcasting metrics.
[ 2026-05-13 11:31:46 | node_20 | INFO ] 🎉 Round 49 of 50 finished.
[ 2026-05-13 11:31:47 | node_20 | INFO ] 🗳️ [DETERMINISTIC] Train set assigned (No Voting). Size: 50
[ 2026-05-13 11:31:47 | node_20 | INFO ] ♻️ Proactively processing 7 early models for round 49.
[ 2026-05-13 11:31:47 | node_20 | INFO ] 🧩 Model added for round 49 (1/8) from ['node_48']
[ 2026-05-13 11:31:47 | node_20 | INFO ] 🧩 Model added for round 49 (2/8) from ['node_39']
[ 2026-05-13 11:31:47 | node_20 | INFO ] 🧩 Model added for round 49 (3/8) from ['node_8']
[ 2026-05-13 11:31:47 | node_20 | INFO ] 🧩 Model added for round 49 (4/8) from ['node_29']
[ 2026-05-13 11:31:47 | node | INFO ] 🎉 Round 50 of 50 finished.
[ 2026-05-13 11:31:47 | node_20 | INFO ] 🧩 Model added for round 49 (5/8) from ['node_28']
[ 2026-05-13 11:31:47 | node | INFO ] 😋 Training finished!!
[ 2026-05-13 11:31:47 | node_20 | INFO ] 🧩 Model added for round 49 (6/8) from ['node_14']
[ 2026-05-13 11:31:47 | node_20 | INFO ] 🧩 Model added for round 49 (7/8) from ['node_2']
[ 2026-05-13 11:31:47 | node_20 | INFO ] 🏋️‍♀️ Preparing training...
[ 2026-05-13 11:31:48 | node_20 | INFO ] 🎓 Training step done.
[ 2026-05-13 11:31:48 | node_20 | INFO ] 🛠️ Calling force_add_local_model...
[ 2026-05-13 11:31:48 | node_20 | INFO ] ✅ [FORCE] Local model added for round 49. (8/8)
[ 2026-05-13 11:31:53 | node_20 | INFO ] 📤 Sending model to 7 direct neighbors: ['node_2', 'node_8', 'node_14', 'node_28', 'node_29', 'node_39', 'node_48']
[ 2026-05-13 11:31:53 | node_2 | INFO ] 🧩 Model added for round 49 (14/15) from ['node_20']
[ 2026-05-13 11:31:56 | node_8 | INFO ] 🧩 Model added for round 49 (5/5) from ['node_20']
[ 2026-05-13 11:31:57 | node_8 | INFO ] 🧠 Aggregation complete. Setting new model.
[ 2026-05-13 11:31:58 | node_18 | INFO ] ⏳ Dynamic Patience (iteration 2): Missing nodes still active. Waiting 150s more...
[ 2026-05-13 11:31:58 | node_14 | INFO ] 🧩 Model added for round 49 (12/12) from ['node_20']
[ 2026-05-13 11:31:58 | node_8 | INFO ] 🗣️ Gossiping aggregated model.
[ 2026-05-13 11:31:58 | node_14 | INFO ] 🧠 Aggregation complete. Setting new model.
[ 2026-05-13 11:31:59 | node_28 | INFO ] 🧩 Model added for round 49 (12/12) from ['node_20']
[ 2026-05-13 11:31:59 | node_14 | INFO ] 🗣️ Gossiping aggregated model.
[ 2026-05-13 11:32:00 | node_28 | INFO ] 🧠 Aggregation complete. Setting new model.
[ 2026-05-13 11:32:02 | node_29 | INFO ] 🧩 Model added for round 49 (5/6) from ['node_20']
[ 2026-05-13 11:32:03 | node_28 | INFO ] 🗣️ Gossiping aggregated model.
[ 2026-05-13 11:32:03 | node_39 | INFO ] 🧩 Model added for round 49 (10/10) from ['node_20']
[ 2026-05-13 11:32:04 | node_39 | INFO ] 🧠 Aggregation complete. Setting new model.
[ 2026-05-13 11:32:05 | node_48 | INFO ] 🧩 Model added for round 49 (7/7) from ['node_20']
[ 2026-05-13 11:32:05 | node_15 | INFO ] ⏹️  Gossiping exited for 50 equal rounds.
[ 2026-05-13 11:32:05 | node_3 | INFO ] ⏹️  Gossiping exited for 50 equal rounds.
[ 2026-05-13 11:32:06 | node_11 | INFO ] ⏹️  Gossiping exited for 50 equal rounds.
[ 2026-05-13 11:32:06 | node_15 | INFO ] 🔬 Evaluating...
[ 2026-05-13 11:32:06 | node_13 | INFO ] ⏹️  Gossiping exited for 50 equal rounds.
[ 2026-05-13 11:32:06 | node_39 | INFO ] 🗣️ Gossiping aggregated model.
[ 2026-05-13 11:32:06 | node_3 | INFO ] 🔬 Evaluating...
[ 2026-05-13 11:32:06 | node_11 | INFO ] 🔬 Evaluating...
[ 2026-05-13 11:32:06 | node_13 | INFO ] 🔬 Evaluating...
[ 2026-05-13 11:32:06 | node_15 | INFO ] 📈 Evaluated. Results: {'test_loss': 0.2147141844034195, 'test_acc': 0.9649999737739563, 'test_precision': 0.9613550305366516, 'test_recall': 0.9636221528053284, 'test_f1': 0.9616745114326477, 'communication_cost': 26343772}
[ 2026-05-13 11:32:06 | node_48 | INFO ] 🧠 Aggregation complete. Setting new model.
[ 2026-05-13 11:32:07 | node_3 | INFO ] 📈 Evaluated. Results: {'test_loss': 0.17493341863155365, 'test_acc': 0.9549999833106995, 'test_precision': 0.9601251482963562, 'test_recall': 0.9560286998748779, 'test_f1': 0.9564999341964722, 'communication_cost': 37633960}
[ 2026-05-13 11:32:07 | node_15 | INFO ] 📢 Broadcasting metrics.
[ 2026-05-13 11:32:07 | node_11 | INFO ] 📈 Evaluated. Results: {'test_loss': 0.031082758679986, 'test_acc': 0.9850000143051147, 'test_precision': 0.98369961977005, 'test_recall': 0.987733006477356, 'test_f1': 0.985236644744873, 'communication_cost': 30107168}
[ 2026-05-13 11:32:07 | node_3 | INFO ] 📢 Broadcasting metrics.
[ 2026-05-13 11:32:07 | node_13 | INFO ] 📈 Evaluated. Results: {'test_loss': 0.15244832634925842, 'test_acc': 0.9750000238418579, 'test_precision': 0.9763347506523132, 'test_recall': 0.9757376909255981, 'test_f1': 0.9757629632949829, 'communication_cost': 33870564}
[ 2026-05-13 11:32:07 | node_11 | INFO ] 📢 Broadcasting metrics.
[ 2026-05-13 11:32:07 | node_13 | INFO ] 📢 Broadcasting metrics.
[ 2026-05-13 11:32:08 | node_20 | INFO ] 🧠 Aggregation complete. Setting new model.
[ 2026-05-13 11:32:08 | node_48 | INFO ] 🗣️ Gossiping aggregated model.
[ 2026-05-13 11:32:09 | node_20 | INFO ] 🗣️ Gossiping aggregated model.
[ 2026-05-13 11:32:11 | node_15 | INFO ] 🎉 Round 50 of 50 finished.
[ 2026-05-13 11:32:12 | node_15 | INFO ] 😋 Training finished!!
[ 2026-05-13 11:32:13 | node_11 | INFO ] 🎉 Round 50 of 50 finished.
[ 2026-05-13 11:32:13 | node_11 | INFO ] 😋 Training finished!!
[ 2026-05-13 11:32:13 | node_13 | INFO ] 🎉 Round 50 of 50 finished.
[ 2026-05-13 11:32:13 | node_13 | INFO ] 😋 Training finished!!
[ 2026-05-13 11:32:14 | node_3 | INFO ] 🎉 Round 49 of 50 finished.
[ 2026-05-13 11:32:14 | node_3 | INFO ] 🗳️ [DETERMINISTIC] Train set assigned (No Voting). Size: 50
[ 2026-05-13 11:32:14 | node_3 | INFO ] ♻️ Proactively processing 10 early models for round 49.
[ 2026-05-13 11:32:14 | node_3 | INFO ] 🧩 Model added for round 49 (1/11) from ['node_33']
[ 2026-05-13 11:32:14 | node_3 | INFO ] 🧩 Model added for round 49 (2/11) from ['node_7']
[ 2026-05-13 11:32:14 | node_3 | INFO ] 🧩 Model added for round 49 (3/11) from ['node_18']
[ 2026-05-13 11:32:14 | node_3 | INFO ] 🧩 Model added for round 49 (4/11) from ['node_19']
[ 2026-05-13 11:32:14 | node_3 | INFO ] 🧩 Model added for round 49 (5/11) from ['node_4']
[ 2026-05-13 11:32:14 | node_3 | INFO ] 🧩 Model added for round 49 (6/11) from ['node_9']
[ 2026-05-13 11:32:14 | node_3 | INFO ] 🧩 Model added for round 49 (7/11) from ['node_29']
[ 2026-05-13 11:32:14 | node_3 | INFO ] 🧩 Model added for round 49 (8/11) from ['node_46']
[ 2026-05-13 11:32:14 | node_3 | INFO ] 🧩 Model added for round 49 (9/11) from ['node_24']
[ 2026-05-13 11:32:15 | node_3 | INFO ] 🧩 Model added for round 49 (10/11) from ['node_2']
[ 2026-05-13 11:32:15 | node_3 | INFO ] 🏋️‍♀️ Preparing training...
[ 2026-05-13 11:32:15 | node_3 | INFO ] 🎓 Training step done.
[ 2026-05-13 11:32:15 | node_3 | INFO ] 🛠️ Calling force_add_local_model...
[ 2026-05-13 11:32:15 | node_3 | INFO ] ✅ [FORCE] Local model added for round 49. (11/11)
[ 2026-05-13 11:32:16 | node_41 | INFO ] ⏹️  Gossiping exited for 50 equal rounds.
[ 2026-05-13 11:32:17 | node_41 | INFO ] 🔬 Evaluating...
[ 2026-05-13 11:32:17 | node_41 | INFO ] 📈 Evaluated. Results: {'test_loss': 0.20858626067638397, 'test_acc': 0.9549999833106995, 'test_precision': 0.9555141925811768, 'test_recall': 0.9603356719017029, 'test_f1': 0.9553472995758057, 'communication_cost': 26343772}
[ 2026-05-13 11:32:17 | node_41 | INFO ] 📢 Broadcasting metrics.
[ 2026-05-13 11:32:20 | node_3 | INFO ] 📤 Sending model to 10 direct neighbors: ['node_2', 'node_4', 'node_7', 'node_9', 'node_18', 'node_19', 'node_24', 'node_29', 'node_33', 'node_46']
[ 2026-05-13 11:32:20 | node_35 | INFO ] ⏹️  Gossiping exited for 50 equal rounds.
[ 2026-05-13 11:32:21 | node_1 | INFO ] ⏹️  Gossiping exited for 50 equal rounds.
[ 2026-05-13 11:32:21 | node_2 | INFO ] 🧩 Model added for round 49 (15/15) from ['node_3']
[ 2026-05-13 11:32:21 | node_35 | INFO ] 🔬 Evaluating...
[ 2026-05-13 11:32:21 | node_1 | INFO ] 🔬 Evaluating...
[ 2026-05-13 11:32:22 | node_35 | INFO ] 📈 Evaluated. Results: {'test_loss': 0.24812942743301392, 'test_acc': 0.9700000286102295, 'test_precision': 0.9705150127410889, 'test_recall': 0.969044029712677, 'test_f1': 0.9679656028747559, 'communication_cost': 30107168}
[ 2026-05-13 11:32:22 | node_1 | INFO ] 📈 Evaluated. Results: {'test_loss': 0.24905429780483246, 'test_acc': 0.9649999737739563, 'test_precision': 0.9665462374687195, 'test_recall': 0.9646617770195007, 'test_f1': 0.9632935523986816, 'communication_cost': 30107168}
[ 2026-05-13 11:32:22 | node_35 | INFO ] 📢 Broadcasting metrics.
[ 2026-05-13 11:32:22 | node_41 | INFO ] 🎉 Round 50 of 50 finished.
[ 2026-05-13 11:32:22 | node_1 | INFO ] 📢 Broadcasting metrics.
[ 2026-05-13 11:32:22 | node_41 | INFO ] 😋 Training finished!!
[ 2026-05-13 11:32:22 | node_2 | INFO ] 🧠 Aggregation complete. Setting new model.
[ 2026-05-13 11:32:24 | node_2 | INFO ] 🗣️ Gossiping aggregated model.
[ 2026-05-13 11:32:24 | node_4 | INFO ] 🧩 Model added for round 49 (12/12) from ['node_3']
[ 2026-05-13 11:32:26 | node_4 | INFO ] 🧠 Aggregation complete. Setting new model.
[ 2026-05-13 11:32:26 | node_1 | INFO ] 🎉 Round 50 of 50 finished.
[ 2026-05-13 11:32:26 | node_7 | INFO ] 🧩 Model added for round 49 (6/6) from ['node_3']
[ 2026-05-13 11:32:26 | node_32 | INFO ] ⏹️  Gossiping exited for 50 equal rounds.
[ 2026-05-13 11:32:26 | node_1 | INFO ] 😋 Training finished!!
[ 2026-05-13 11:32:26 | node_32 | INFO ] 🔬 Evaluating...
[ 2026-05-13 11:32:26 | node_35 | INFO ] 🎉 Round 50 of 50 finished.
[ 2026-05-13 11:32:27 | node_35 | INFO ] 😋 Training finished!!
[ 2026-05-13 11:32:27 | node_32 | INFO ] 📈 Evaluated. Results: {'test_loss': 0.21830067038536072, 'test_acc': 0.9750000238418579, 'test_precision': 0.973862886428833, 'test_recall': 0.9745677709579468, 'test_f1': 0.9737142324447632, 'communication_cost': 30107168}
[ 2026-05-13 11:32:27 | node_7 | INFO ] 🧠 Aggregation complete. Setting new model.
[ 2026-05-13 11:32:27 | node_32 | INFO ] 📢 Broadcasting metrics.
[ 2026-05-13 11:32:28 | node_9 | INFO ] 🧩 Model added for round 49 (8/8) from ['node_3']
[ 2026-05-13 11:32:28 | node_7 | INFO ] 🗣️ Gossiping aggregated model.
[ 2026-05-13 11:32:28 | node_4 | INFO ] 🗣️ Gossiping aggregated model.
[ 2026-05-13 11:32:29 | node_9 | INFO ] 🧠 Aggregation complete. Setting new model.
[ 2026-05-13 11:32:29 | node_18 | INFO ] 🧩 Model added for round 49 (5/5) from ['node_3']
[ 2026-05-13 11:32:30 | node_19 | INFO ] ⏳ Dynamic Patience (iteration 2): Missing nodes still active. Waiting 150s more...
[ 2026-05-13 11:32:30 | node_18 | INFO ] 🧠 Aggregation complete. Setting new model.
[ 2026-05-13 11:32:30 | node_9 | INFO ] 🗣️ Gossiping aggregated model.
[ 2026-05-13 11:32:30 | node_19 | INFO ] 🧩 Model added for round 49 (11/11) from ['node_3']
[ 2026-05-13 11:32:31 | node_18 | INFO ] 🗣️ Gossiping aggregated model.
[ 2026-05-13 11:32:32 | node_19 | INFO ] 🧠 Aggregation complete. Setting new model.
[ 2026-05-13 11:32:33 | node_32 | INFO ] 🎉 Round 50 of 50 finished.
[ 2026-05-13 11:32:33 | node_32 | INFO ] 😋 Training finished!!
[ 2026-05-13 11:32:33 | node_24 | INFO ] 🧩 Model added for round 49 (9/9) from ['node_3']
[ 2026-05-13 11:32:34 | node_24 | INFO ] 🧠 Aggregation complete. Setting new model.
[ 2026-05-13 11:32:34 | node_19 | INFO ] 🗣️ Gossiping aggregated model.
[ 2026-05-13 11:32:35 | node_24 | INFO ] 🗣️ Gossiping aggregated model.
[ 2026-05-13 11:32:35 | node_29 | INFO ] 🧩 Model added for round 49 (6/6) from ['node_3']
[ 2026-05-13 11:32:37 | node_33 | INFO ] 🧩 Model added for round 49 (6/6) from ['node_3']
[ 2026-05-13 11:32:38 | node_29 | INFO ] 🧠 Aggregation complete. Setting new model.
[ 2026-05-13 11:32:38 | node_33 | INFO ] 🧠 Aggregation complete. Setting new model.
[ 2026-05-13 11:32:38 | node_20 | INFO ] 🤫 Gossip finished.
[ 2026-05-13 11:32:38 | node_20 | INFO ] 🔬 Evaluating...
[ 2026-05-13 11:32:38 | node_29 | INFO ] 🗣️ Gossiping aggregated model.
[ 2026-05-13 11:32:39 | node_33 | INFO ] 🗣️ Gossiping aggregated model.
[ 2026-05-13 11:32:39 | node_46 | INFO ] 🧩 Model added for round 49 (9/9) from ['node_3']
[ 2026-05-13 11:32:39 | node_20 | INFO ] 📈 Evaluated. Results: {'test_loss': 0.32659366726875305, 'test_acc': 0.9549999833106995, 'test_precision': 0.9510557055473328, 'test_recall': 0.9525821208953857, 'test_f1': 0.9509133696556091, 'communication_cost': 26343772}
[ 2026-05-13 11:32:39 | node_20 | INFO ] 📢 Broadcasting metrics.
[ 2026-05-13 11:32:44 | node_46 | INFO ] 🧠 Aggregation complete. Setting new model.
[ 2026-05-13 11:32:44 | node_3 | INFO ] 🧠 Aggregation complete. Setting new model.
[ 2026-05-13 11:32:44 | node_20 | INFO ] 🎉 Round 50 of 50 finished.
[ 2026-05-13 11:32:44 | node_20 | INFO ] 😋 Training finished!!
[ 2026-05-13 11:32:45 | node_46 | INFO ] 🗣️ Gossiping aggregated model.
[ 2026-05-13 11:32:45 | node_3 | INFO ] 🗣️ Gossiping aggregated model.
[ 2026-05-13 11:32:45 | node_3 | INFO ] 🤫 Gossip finished.
[ 2026-05-13 11:32:45 | node_3 | INFO ] 🔬 Evaluating...
[ 2026-05-13 11:32:45 | node_18 | INFO ] 🤫 Gossip finished.
[ 2026-05-13 11:32:45 | node_18 | INFO ] 🔬 Evaluating...
[ 2026-05-13 11:32:45 | node_47 | INFO ] ⏹️  Gossiping exited for 50 equal rounds.
[ 2026-05-13 11:32:45 | node_47 | INFO ] 🔬 Evaluating...
[ 2026-05-13 11:32:45 | node_3 | INFO ] 📈 Evaluated. Results: {'test_loss': 0.17159491777420044, 'test_acc': 0.9649999737739563, 'test_precision': 0.9687051177024841, 'test_recall': 0.9655449390411377, 'test_f1': 0.9659375548362732, 'communication_cost': 37633960}
[ 2026-05-13 11:32:46 | node_18 | INFO ] 📈 Evaluated. Results: {'test_loss': 0.24102981388568878, 'test_acc': 0.9549999833106995, 'test_precision': 0.9586174488067627, 'test_recall': 0.953585147857666, 'test_f1': 0.9540092945098877, 'communication_cost': 15053584}
[ 2026-05-13 11:32:46 | node_3 | INFO ] 📢 Broadcasting metrics.
[ 2026-05-13 11:32:46 | node_47 | INFO ] 📈 Evaluated. Results: {'test_loss': 0.11381714791059494, 'test_acc': 0.9700000286102295, 'test_precision': 0.9664743542671204, 'test_recall': 0.9687196612358093, 'test_f1': 0.9660550951957703, 'communication_cost': 22580376}
[ 2026-05-13 11:32:46 | node_18 | INFO ] 📢 Broadcasting metrics.
[ 2026-05-13 11:32:47 | node_47 | INFO ] 📢 Broadcasting metrics.
[ 2026-05-13 11:32:48 | node_18 | INFO ] 🎉 Round 50 of 50 finished.
[ 2026-05-13 11:32:48 | node_18 | INFO ] 😋 Training finished!!
[ 2026-05-13 11:32:50 | node_47 | INFO ] 🎉 Round 50 of 50 finished.
[ 2026-05-13 11:32:50 | node_47 | INFO ] 😋 Training finished!!
[ 2026-05-13 11:32:50 | node_25 | INFO ] ⏹️  Gossiping exited for 50 equal rounds.
[ 2026-05-13 11:32:51 | node_25 | INFO ] 🔬 Evaluating...
[ 2026-05-13 11:32:51 | node_25 | INFO ] 📈 Evaluated. Results: {'test_loss': 0.07052981108427048, 'test_acc': 0.9750000238418579, 'test_precision': 0.9749589562416077, 'test_recall': 0.9741660356521606, 'test_f1': 0.9742428064346313, 'communication_cost': 33870564}
[ 2026-05-13 11:32:52 | node_25 | INFO ] 📢 Broadcasting metrics.
[ 2026-05-13 11:32:52 | node_3 | INFO ] 🎉 Round 50 of 50 finished.
[ 2026-05-13 11:32:52 | node_3 | INFO ] 😋 Training finished!!
[ 2026-05-13 11:32:55 | node_10 | INFO ] ⏹️  Gossiping exited for 50 equal rounds.
[ 2026-05-13 11:32:55 | node_10 | INFO ] 🔬 Evaluating...
[ 2026-05-13 11:32:56 | node_10 | INFO ] 📈 Evaluated. Results: {'test_loss': 0.2002728432416916, 'test_acc': 0.9700000286102295, 'test_precision': 0.9712989330291748, 'test_recall': 0.9736467599868774, 'test_f1': 0.9718537926673889, 'communication_cost': 30107168}
[ 2026-05-13 11:32:56 | node_25 | INFO ] 🎉 Round 50 of 50 finished.
[ 2026-05-13 11:32:56 | node_25 | INFO ] 😋 Training finished!!
[ 2026-05-13 11:32:56 | node_10 | INFO ] 📢 Broadcasting metrics.
[ 2026-05-13 11:32:57 | node_23 | INFO ] ⏹️  Gossiping exited for 50 equal rounds.
[ 2026-05-13 11:32:57 | node_23 | INFO ] 🔬 Evaluating...
[ 2026-05-13 11:32:58 | node_23 | INFO ] 📈 Evaluated. Results: {'test_loss': 0.23239122331142426, 'test_acc': 0.9700000286102295, 'test_precision': 0.9734166860580444, 'test_recall': 0.9699405431747437, 'test_f1': 0.9707072973251343, 'communication_cost': 37633960}
[ 2026-05-13 11:32:58 | node_23 | INFO ] 📢 Broadcasting metrics.
[ 2026-05-13 11:33:01 | node_10 | INFO ] 🎉 Round 50 of 50 finished.
[ 2026-05-13 11:33:01 | node_10 | INFO ] 😋 Training finished!!
[ 2026-05-13 11:33:01 | node_5 | INFO ] ⏹️  Gossiping exited for 50 equal rounds.
[ 2026-05-13 11:33:02 | node_5 | INFO ] 🔬 Evaluating...
[ 2026-05-13 11:33:02 | node_5 | INFO ] 📈 Evaluated. Results: {'test_loss': 0.2854188084602356, 'test_acc': 0.9750000238418579, 'test_precision': 0.9717636704444885, 'test_recall': 0.9699550867080688, 'test_f1': 0.9705687165260315, 'communication_cost': 37633960}
[ 2026-05-13 11:33:02 | node_42 | INFO ] ⏹️  Gossiping exited for 50 equal rounds.
[ 2026-05-13 11:33:02 | node_42 | INFO ] 🔬 Evaluating...
[ 2026-05-13 11:33:02 | node_5 | INFO ] 📢 Broadcasting metrics.
[ 2026-05-13 11:33:03 | node_42 | INFO ] 📈 Evaluated. Results: {'test_loss': 0.2726462483406067, 'test_acc': 0.9750000238418579, 'test_precision': 0.9735171794891357, 'test_recall': 0.978238046169281, 'test_f1': 0.9748066067695618, 'communication_cost': 37633960}
[ 2026-05-13 11:33:03 | node_23 | INFO ] 🎉 Round 50 of 50 finished.
[ 2026-05-13 11:33:03 | node_23 | INFO ] 😋 Training finished!!
[ 2026-05-13 11:33:03 | node_42 | INFO ] 📢 Broadcasting metrics.
[ 2026-05-13 11:33:03 | node_6 | INFO ] ⏹️  Gossiping exited for 50 equal rounds.
[ 2026-05-13 11:33:04 | node_6 | INFO ] 🔬 Evaluating...
[ 2026-05-13 11:33:04 | node_6 | INFO ] 📈 Evaluated. Results: {'test_loss': 0.08033405244350433, 'test_acc': 0.9800000190734863, 'test_precision': 0.9854008555412292, 'test_recall': 0.9658334255218506, 'test_f1': 0.9736454486846924, 'communication_cost': 37633960}
[ 2026-05-13 11:33:05 | node_6 | INFO ] 📢 Broadcasting metrics.
[ 2026-05-13 11:33:05 | node_44 | INFO ] ⏹️  Gossiping exited for 50 equal rounds.
[ 2026-05-13 11:33:05 | node_44 | INFO ] 🔬 Evaluating...
[ 2026-05-13 11:33:06 | node_44 | INFO ] 📈 Evaluated. Results: {'test_loss': 0.21437259018421173, 'test_acc': 0.9649999737739563, 'test_precision': 0.9721972942352295, 'test_recall': 0.9613931179046631, 'test_f1': 0.9657151103019714, 'communication_cost': 30107168}
[ 2026-05-13 11:33:06 | node_44 | INFO ] 📢 Broadcasting metrics.
[ 2026-05-13 11:33:07 | node_5 | INFO ] 🎉 Round 50 of 50 finished.
[ 2026-05-13 11:33:07 | node_5 | INFO ] 😋 Training finished!!
[ 2026-05-13 11:33:08 | node_22 | INFO ] ⏹️  Gossiping exited for 50 equal rounds.
[ 2026-05-13 11:33:08 | node_42 | INFO ] 🎉 Round 50 of 50 finished.
[ 2026-05-13 11:33:08 | node_42 | INFO ] 😋 Training finished!!
[ 2026-05-13 11:33:08 | node_22 | INFO ] 🔬 Evaluating...
[ 2026-05-13 11:33:09 | node_22 | INFO ] 📈 Evaluated. Results: {'test_loss': 0.11880622804164886, 'test_acc': 0.9850000143051147, 'test_precision': 0.9813636541366577, 'test_recall': 0.9862778186798096, 'test_f1': 0.9833228588104248, 'communication_cost': 33870564}
[ 2026-05-13 11:33:09 | node_22 | INFO ] 📢 Broadcasting metrics.
[ 2026-05-13 11:33:10 | node_6 | INFO ] 🎉 Round 50 of 50 finished.
[ 2026-05-13 11:33:10 | node_34 | INFO ] ⏹️  Gossiping exited for 50 equal rounds.
[ 2026-05-13 11:33:10 | node_6 | INFO ] 😋 Training finished!!
[ 2026-05-13 11:33:10 | node_34 | INFO ] 🔬 Evaluating...
[ 2026-05-13 11:33:10 | node_43 | INFO ] ⏹️  Gossiping exited for 50 equal rounds.
[ 2026-05-13 11:33:11 | node_44 | INFO ] 🎉 Round 50 of 50 finished.
[ 2026-05-13 11:33:11 | node_44 | INFO ] 😋 Training finished!!
[ 2026-05-13 11:33:11 | node_43 | INFO ] 🔬 Evaluating...
[ 2026-05-13 11:33:11 | node_34 | INFO ] 📈 Evaluated. Results: {'test_loss': 0.23044387996196747, 'test_acc': 0.9750000238418579, 'test_precision': 0.9760215282440186, 'test_recall': 0.9729230999946594, 'test_f1': 0.9742408990859985, 'communication_cost': 33870564}
[ 2026-05-13 11:33:11 | node_43 | INFO ] 📈 Evaluated. Results: {'test_loss': 0.1595594584941864, 'test_acc': 0.9800000190734863, 'test_precision': 0.9838878512382507, 'test_recall': 0.975694477558136, 'test_f1': 0.9789538383483887, 'communication_cost': 26343772}
[ 2026-05-13 11:33:12 | node_34 | INFO ] 📢 Broadcasting metrics.
[ 2026-05-13 11:33:12 | node_43 | INFO ] 📢 Broadcasting metrics.
[ 2026-05-13 11:33:14 | node_16 | INFO ] ⏹️  Gossiping exited for 50 equal rounds.
[ 2026-05-13 11:33:14 | node_16 | INFO ] 🔬 Evaluating...
[ 2026-05-13 11:33:14 | node_17 | INFO ] ⏹️  Gossiping exited for 50 equal rounds.
[ 2026-05-13 11:33:14 | node_17 | INFO ] 🔬 Evaluating...
[ 2026-05-13 11:33:14 | node_16 | INFO ] 📈 Evaluated. Results: {'test_loss': 0.12317813187837601, 'test_acc': 0.9800000190734863, 'test_precision': 0.9788044095039368, 'test_recall': 0.977550208568573, 'test_f1': 0.9776523113250732, 'communication_cost': 37633960}
[ 2026-05-13 11:33:14 | node_22 | INFO ] 🎉 Round 50 of 50 finished.
[ 2026-05-13 11:33:14 | node_22 | INFO ] 😋 Training finished!!
[ 2026-05-13 11:33:14 | node_16 | INFO ] 📢 Broadcasting metrics.
[ 2026-05-13 11:33:15 | node_17 | INFO ] 📈 Evaluated. Results: {'test_loss': 0.1291338950395584, 'test_acc': 0.9800000190734863, 'test_precision': 0.9783222675323486, 'test_recall': 0.9746296405792236, 'test_f1': 0.9753124117851257, 'communication_cost': 45160752}
[ 2026-05-13 11:33:15 | node_43 | INFO ] 🎉 Round 50 of 50 finished.
[ 2026-05-13 11:33:15 | node_43 | INFO ] 😋 Training finished!!
[ 2026-05-13 11:33:15 | node_17 | INFO ] 📢 Broadcasting metrics.
[ 2026-05-13 11:33:15 | node_36 | INFO ] ⏹️  Gossiping exited for 50 equal rounds.
[ 2026-05-13 11:33:16 | node_36 | INFO ] 🔬 Evaluating...
[ 2026-05-13 11:33:16 | node_34 | INFO ] 🎉 Round 50 of 50 finished.
[ 2026-05-13 11:33:16 | node_34 | INFO ] 😋 Training finished!!
[ 2026-05-13 11:33:16 | node_36 | INFO ] 📈 Evaluated. Results: {'test_loss': 0.0941905602812767, 'test_acc': 0.9700000286102295, 'test_precision': 0.971692681312561, 'test_recall': 0.9695502519607544, 'test_f1': 0.9700884222984314, 'communication_cost': 30107168}
[ 2026-05-13 11:33:16 | node_31 | INFO ] ⏹️  Gossiping exited for 50 equal rounds.
[ 2026-05-13 11:33:16 | node_31 | INFO ] 🔬 Evaluating...
[ 2026-05-13 11:33:17 | node_36 | INFO ] 📢 Broadcasting metrics.
[ 2026-05-13 11:33:17 | node_31 | INFO ] 📈 Evaluated. Results: {'test_loss': 0.06194743514060974, 'test_acc': 0.9850000143051147, 'test_precision': 0.9841176867485046, 'test_recall': 0.9863449335098267, 'test_f1': 0.9847197532653809, 'communication_cost': 33870564}
[ 2026-05-13 11:33:18 | node_31 | INFO ] 📢 Broadcasting metrics.
[ 2026-05-13 11:33:19 | node_16 | INFO ] 🎉 Round 50 of 50 finished.
[ 2026-05-13 11:33:19 | node_16 | INFO ] 😋 Training finished!!
[ 2026-05-13 11:33:20 | node_17 | INFO ] 🎉 Round 50 of 50 finished.
[ 2026-05-13 11:33:21 | node_36 | INFO ] 🎉 Round 50 of 50 finished.
[ 2026-05-13 11:33:21 | node_17 | INFO ] 😋 Training finished!!
[ 2026-05-13 11:33:21 | node_36 | INFO ] 😋 Training finished!!
[ 2026-05-13 11:33:22 | node_31 | INFO ] 🎉 Round 50 of 50 finished.
[ 2026-05-13 11:33:22 | node_31 | INFO ] 😋 Training finished!!
[ 2026-05-13 11:33:36 | node_26 | INFO ] ⏹️  Gossiping exited for 50 equal rounds.
[ 2026-05-13 11:33:36 | node_26 | INFO ] 🔬 Evaluating...
[ 2026-05-13 11:33:36 | node_26 | INFO ] 📈 Evaluated. Results: {'test_loss': 0.15145078301429749, 'test_acc': 0.9750000238418579, 'test_precision': 0.9738894701004028, 'test_recall': 0.9764392971992493, 'test_f1': 0.9747257828712463, 'communication_cost': 33870564}
[ 2026-05-13 11:33:37 | node_26 | INFO ] 📢 Broadcasting metrics.
[ 2026-05-13 11:33:41 | node_26 | INFO ] 🎉 Round 50 of 50 finished.
[ 2026-05-13 11:33:41 | node_26 | INFO ] 😋 Training finished!!
[ 2026-05-13 11:34:09 | node_39 | INFO ] ⏹️  Gossiping exited for 50 equal rounds.
[ 2026-05-13 11:34:09 | node_39 | INFO ] 🔬 Evaluating...
[ 2026-05-13 11:34:10 | node_39 | INFO ] 📈 Evaluated. Results: {'test_loss': 0.13629783689975739, 'test_acc': 0.9700000286102295, 'test_precision': 0.9717210531234741, 'test_recall': 0.9750586748123169, 'test_f1': 0.9724740386009216, 'communication_cost': 33870564}
[ 2026-05-13 11:34:10 | node_39 | INFO ] 📢 Broadcasting metrics.
[ 2026-05-13 11:34:15 | node_39 | INFO ] 🎉 Round 50 of 50 finished.
[ 2026-05-13 11:34:15 | node_39 | INFO ] 😋 Training finished!!
[ 2026-05-13 11:34:15 | node_33 | INFO ] ⏹️  Gossiping exited for 50 equal rounds.
[ 2026-05-13 11:34:15 | node_33 | INFO ] 🔬 Evaluating...
[ 2026-05-13 11:34:16 | node_33 | INFO ] 📈 Evaluated. Results: {'test_loss': 0.14495547115802765, 'test_acc': 0.9700000286102295, 'test_precision': 0.9723999500274658, 'test_recall': 0.9695411920547485, 'test_f1': 0.9703670740127563, 'communication_cost': 18816980}
[ 2026-05-13 11:34:16 | node_33 | INFO ] 📢 Broadcasting metrics.
[ 2026-05-13 11:34:18 | node_7 | INFO ] ⏹️  Gossiping exited for 50 equal rounds.
[ 2026-05-13 11:34:18 | node_7 | INFO ] 🔬 Evaluating...
[ 2026-05-13 11:34:19 | node_7 | INFO ] 📈 Evaluated. Results: {'test_loss': 0.030426394194364548, 'test_acc': 0.9900000095367432, 'test_precision': 0.9904167056083679, 'test_recall': 0.9904167056083679, 'test_f1': 0.9904167056083679, 'communication_cost': 18816980}
[ 2026-05-13 11:34:19 | node_7 | INFO ] 📢 Broadcasting metrics.
[ 2026-05-13 11:34:19 | node_33 | INFO ] 🎉 Round 50 of 50 finished.
[ 2026-05-13 11:34:19 | node_33 | INFO ] 😋 Training finished!!
[ 2026-05-13 11:34:19 | node_8 | INFO ] ⏹️  Gossiping exited for 50 equal rounds.
[ 2026-05-13 11:34:20 | node_8 | INFO ] 🔬 Evaluating...
[ 2026-05-13 11:34:20 | node_8 | INFO ] 📈 Evaluated. Results: {'test_loss': 0.30940619111061096, 'test_acc': 0.9399999976158142, 'test_precision': 0.9451162815093994, 'test_recall': 0.9446057081222534, 'test_f1': 0.943760097026825, 'communication_cost': 15053584}
[ 2026-05-13 11:34:20 | node_8 | INFO ] 📢 Broadcasting metrics.
[ 2026-05-13 11:34:22 | node_7 | INFO ] 🎉 Round 50 of 50 finished.
[ 2026-05-13 11:34:22 | node_7 | INFO ] 😋 Training finished!!
[ 2026-05-13 11:34:22 | node_8 | INFO ] 🎉 Round 50 of 50 finished.
[ 2026-05-13 11:34:22 | node_8 | INFO ] 😋 Training finished!!
[ 2026-05-13 11:34:32 | node_24 | INFO ] ⏹️  Gossiping exited for 50 equal rounds.
[ 2026-05-13 11:34:32 | node_24 | INFO ] 🔬 Evaluating...
[ 2026-05-13 11:34:32 | node_24 | INFO ] 📈 Evaluated. Results: {'test_loss': 0.2648428976535797, 'test_acc': 0.9700000286102295, 'test_precision': 0.9652696847915649, 'test_recall': 0.9696688652038574, 'test_f1': 0.9667779803276062, 'communication_cost': 30107168}
[ 2026-05-13 11:34:32 | node_24 | INFO ] 📢 Broadcasting metrics.
[ 2026-05-13 11:34:37 | node_24 | INFO ] 🎉 Round 50 of 50 finished.
[ 2026-05-13 11:34:37 | node_24 | INFO ] 😋 Training finished!!
[ 2026-05-13 11:34:40 | node_12 | INFO ] ⏹️  Gossiping exited for 50 equal rounds.
[ 2026-05-13 11:34:40 | node_12 | INFO ] 🔬 Evaluating...
[ 2026-05-13 11:34:41 | node_12 | INFO ] 📈 Evaluated. Results: {'test_loss': 0.15728169679641724, 'test_acc': 0.9649999737739563, 'test_precision': 0.9682438373565674, 'test_recall': 0.9609496593475342, 'test_f1': 0.9636085033416748, 'communication_cost': 33870564}
[ 2026-05-13 11:34:41 | node_12 | INFO ] 📢 Broadcasting metrics.
[ 2026-05-13 11:34:46 | node_12 | INFO ] 🎉 Round 50 of 50 finished.
[ 2026-05-13 11:34:46 | node_12 | INFO ] 😋 Training finished!!
[ 2026-05-13 11:35:08 | node_48 | INFO ] ⏹️  Gossiping exited for 50 equal rounds.
[ 2026-05-13 11:35:09 | node_48 | INFO ] 🔬 Evaluating...
[ 2026-05-13 11:35:09 | node_48 | INFO ] 📈 Evaluated. Results: {'test_loss': 0.03747564181685448, 'test_acc': 0.9850000143051147, 'test_precision': 0.9856522083282471, 'test_recall': 0.9851915240287781, 'test_f1': 0.9849222302436829, 'communication_cost': 22580376}
[ 2026-05-13 11:35:09 | node_48 | INFO ] 📢 Broadcasting metrics.
[ 2026-05-13 11:35:13 | node_48 | INFO ] 🎉 Round 50 of 50 finished.
[ 2026-05-13 11:35:13 | node_48 | INFO ] 😋 Training finished!!
[ 2026-05-13 11:35:15 | node_14 | INFO ] ⏹️  Gossiping exited for 50 equal rounds.
[ 2026-05-13 11:35:16 | node_14 | INFO ] 🔬 Evaluating...
[ 2026-05-13 11:35:16 | node_14 | INFO ] 📈 Evaluated. Results: {'test_loss': 0.13294412195682526, 'test_acc': 0.9800000190734863, 'test_precision': 0.9812389612197876, 'test_recall': 0.9793727397918701, 'test_f1': 0.979648768901825, 'communication_cost': 41397356}
[ 2026-05-13 11:35:16 | node_14 | INFO ] 📢 Broadcasting metrics.
[ 2026-05-13 11:35:18 | node_38 | INFO ] ⏹️  Gossiping exited for 50 equal rounds.
[ 2026-05-13 11:35:18 | node_38 | INFO ] 🔬 Evaluating...
[ 2026-05-13 11:35:19 | node_38 | INFO ] 📈 Evaluated. Results: {'test_loss': 0.11839795112609863, 'test_acc': 0.9750000238418579, 'test_precision': 0.9759477376937866, 'test_recall': 0.9654995203018188, 'test_f1': 0.9696847796440125, 'communication_cost': 33870564}
[ 2026-05-13 11:35:19 | node_38 | INFO ] 📢 Broadcasting metrics.
[ 2026-05-13 11:35:19 | node_29 | INFO ] ⏹️  Gossiping exited for 50 equal rounds.
[ 2026-05-13 11:35:20 | node_29 | INFO ] 🔬 Evaluating...
[ 2026-05-13 11:35:20 | node_29 | INFO ] 📈 Evaluated. Results: {'test_loss': 0.1527397334575653, 'test_acc': 0.9850000143051147, 'test_precision': 0.9844656586647034, 'test_recall': 0.9820238351821899, 'test_f1': 0.982994794845581, 'communication_cost': 18816980}
[ 2026-05-13 11:35:20 | node_29 | INFO ] 📢 Broadcasting metrics.
[ 2026-05-13 11:35:22 | node_14 | INFO ] 🎉 Round 50 of 50 finished.
[ 2026-05-13 11:35:22 | node_14 | INFO ] 😋 Training finished!!
[ 2026-05-13 11:35:23 | node_29 | INFO ] 🎉 Round 50 of 50 finished.
[ 2026-05-13 11:35:23 | node_29 | INFO ] 😋 Training finished!!
[ 2026-05-13 11:35:24 | node_38 | INFO ] 🎉 Round 50 of 50 finished.
[ 2026-05-13 11:35:24 | node_38 | INFO ] 😋 Training finished!!
[ 2026-05-13 11:35:26 | node_30 | INFO ] ⏹️  Gossiping exited for 50 equal rounds.
[ 2026-05-13 11:35:26 | node_30 | INFO ] 🔬 Evaluating...
[ 2026-05-13 11:35:27 | node_30 | INFO ] 📈 Evaluated. Results: {'test_loss': 0.10719390213489532, 'test_acc': 0.9900000095367432, 'test_precision': 0.9885093569755554, 'test_recall': 0.9910001158714294, 'test_f1': 0.9894691705703735, 'communication_cost': 37633960}
[ 2026-05-13 11:35:27 | node_30 | INFO ] 📢 Broadcasting metrics.
[ 2026-05-13 11:35:30 | node_4 | INFO ] ⏹️  Gossiping exited for 50 equal rounds.
[ 2026-05-13 11:35:30 | node_4 | INFO ] 🔬 Evaluating...
[ 2026-05-13 11:35:30 | node_4 | INFO ] 📈 Evaluated. Results: {'test_loss': 0.13561506569385529, 'test_acc': 0.9700000286102295, 'test_precision': 0.9661257266998291, 'test_recall': 0.969588041305542, 'test_f1': 0.9674500823020935, 'communication_cost': 41397356}
[ 2026-05-13 11:35:30 | node_4 | INFO ] 📢 Broadcasting metrics.
[ 2026-05-13 11:35:32 | node_30 | INFO ] 🎉 Round 50 of 50 finished.
[ 2026-05-13 11:35:32 | node_30 | INFO ] 😋 Training finished!!
[ 2026-05-13 11:35:32 | node_2 | INFO ] ⏹️  Gossiping exited for 50 equal rounds.
[ 2026-05-13 11:35:32 | node_2 | INFO ] 🔬 Evaluating...
[ 2026-05-13 11:35:32 | node_2 | INFO ] 📈 Evaluated. Results: {'test_loss': 0.15906652808189392, 'test_acc': 0.9800000190734863, 'test_precision': 0.975595235824585, 'test_recall': 0.9762821197509766, 'test_f1': 0.9755629897117615, 'communication_cost': 52687544}
[ 2026-05-13 11:35:32 | node_2 | INFO ] 📢 Broadcasting metrics.
[ 2026-05-13 11:35:33 | node_9 | INFO ] ⏹️  Gossiping exited for 50 equal rounds.
[ 2026-05-13 11:35:34 | node_9 | INFO ] 🔬 Evaluating...
[ 2026-05-13 11:35:34 | node_9 | INFO ] 📈 Evaluated. Results: {'test_loss': 0.19752237200737, 'test_acc': 0.9599999785423279, 'test_precision': 0.9583558440208435, 'test_recall': 0.9610673785209656, 'test_f1': 0.9580285549163818, 'communication_cost': 26343772}
[ 2026-05-13 11:35:34 | node_9 | INFO ] 📢 Broadcasting metrics.
[ 2026-05-13 11:35:36 | node_4 | INFO ] 🎉 Round 50 of 50 finished.
[ 2026-05-13 11:35:36 | node_4 | INFO ] 😋 Training finished!!
[ 2026-05-13 11:35:38 | node_9 | INFO ] 🎉 Round 50 of 50 finished.
[ 2026-05-13 11:35:38 | node_9 | INFO ] 😋 Training finished!!
[ 2026-05-13 11:35:38 | node_19 | INFO ] ⏹️  Gossiping exited for 50 equal rounds.
[ 2026-05-13 11:35:39 | node_19 | INFO ] 🔬 Evaluating...
[ 2026-05-13 11:35:39 | node_19 | INFO ] 📈 Evaluated. Results: {'test_loss': 0.20101886987686157, 'test_acc': 0.9549999833106995, 'test_precision': 0.9534263610839844, 'test_recall': 0.958132803440094, 'test_f1': 0.9548292756080627, 'communication_cost': 37633960}
[ 2026-05-13 11:35:39 | node_19 | INFO ] 📢 Broadcasting metrics.
[ 2026-05-13 11:35:39 | node_2 | INFO ] 🎉 Round 50 of 50 finished.
[ 2026-05-13 11:35:39 | node_2 | INFO ] 😋 Training finished!!
[ 2026-05-13 11:35:42 | node_46 | INFO ] ⏹️  Gossiping exited for 50 equal rounds.
[ 2026-05-13 11:35:42 | node_46 | INFO ] 🔬 Evaluating...
[ 2026-05-13 11:35:43 | node_46 | INFO ] 📈 Evaluated. Results: {'test_loss': 0.15851886570453644, 'test_acc': 0.9700000286102295, 'test_precision': 0.9697796702384949, 'test_recall': 0.9716300964355469, 'test_f1': 0.969937264919281, 'communication_cost': 30107168}
[ 2026-05-13 11:35:43 | node_46 | INFO ] 📢 Broadcasting metrics.
[ 2026-05-13 11:35:43 | node_19 | INFO ] 🎉 Round 50 of 50 finished.
[ 2026-05-13 11:35:43 | node_19 | INFO ] 😋 Training finished!!
[ 2026-05-13 11:35:46 | node_46 | INFO ] 🎉 Round 50 of 50 finished.
[ 2026-05-13 11:35:46 | node_46 | INFO ] 😋 Training finished!!
[ 2026-05-13 11:37:30 | node_28 | INFO ] ⏹️  Gossiping exited for 50 equal rounds.
[ 2026-05-13 11:37:30 | node_28 | INFO ] 🔬 Evaluating...
[ 2026-05-13 11:37:30 | node_28 | INFO ] 📈 Evaluated. Results: {'test_loss': 0.40682563185691833, 'test_acc': 0.9599999785423279, 'test_precision': 0.9529104828834534, 'test_recall': 0.953361988067627, 'test_f1': 0.9523506760597229, 'communication_cost': 41397356}
[ 2026-05-13 11:37:30 | node_28 | INFO ] 📢 Broadcasting metrics.
[ 2026-05-13 11:37:35 | node_28 | INFO ] 🎉 Round 50 of 50 finished.
[ 2026-05-13 11:37:35 | node_28 | INFO ] 😋 Training finished!!
[ 2026-05-13 11:37:36 | None | INFO ] 🏁 All nodes finished training. Waiting 10s for final synchronization...
[ 2026-05-13 11:37:46 | node | INFO ] Stopping node...
[ 2026-05-13 11:37:46 | node | INFO ] 🛑 Stopping gossiper...
[ 2026-05-13 11:37:46 | node | INFO ] InMemoryServer stopped at node
[ 2026-05-13 11:37:47 | node_1 | INFO ] Stopping node...
[ 2026-05-13 11:37:47 | node_1 | INFO ] 🛑 Stopping gossiper...
[ 2026-05-13 11:37:47 | node_1 | INFO ] InMemoryServer stopped at node_1
[ 2026-05-13 11:37:47 | node_2 | INFO ] Stopping node...
[ 2026-05-13 11:37:47 | node_2 | INFO ] 🛑 Stopping gossiper...
[ 2026-05-13 11:37:47 | node_2 | INFO ] InMemoryServer stopped at node_2
[ 2026-05-13 11:37:47 | node_3 | INFO ] Stopping node...
[ 2026-05-13 11:37:47 | node_3 | INFO ] 🛑 Stopping gossiper...
[ 2026-05-13 11:37:48 | node_3 | INFO ] InMemoryServer stopped at node_3
[ 2026-05-13 11:37:48 | node_4 | INFO ] Stopping node...
[ 2026-05-13 11:37:48 | node_4 | INFO ] 🛑 Stopping gossiper...
[ 2026-05-13 11:37:48 | node_4 | INFO ] InMemoryServer stopped at node_4
[ 2026-05-13 11:37:48 | node_5 | INFO ] Stopping node...
[ 2026-05-13 11:37:48 | node_5 | INFO ] 🛑 Stopping gossiper...
[ 2026-05-13 11:37:48 | node_5 | INFO ] InMemoryServer stopped at node_5
[ 2026-05-13 11:37:49 | node_6 | INFO ] Stopping node...
[ 2026-05-13 11:37:49 | node_6 | INFO ] 🛑 Stopping gossiper...
[ 2026-05-13 11:37:49 | node_6 | INFO ] InMemoryServer stopped at node_6
[ 2026-05-13 11:37:49 | node_7 | INFO ] Stopping node...
[ 2026-05-13 11:37:49 | node_7 | INFO ] 🛑 Stopping gossiper...
[ 2026-05-13 11:37:49 | node_7 | INFO ] InMemoryServer stopped at node_7
[ 2026-05-13 11:37:49 | node_8 | INFO ] Stopping node...
[ 2026-05-13 11:37:49 | node_8 | INFO ] 🛑 Stopping gossiper...
[ 2026-05-13 11:37:49 | node_8 | INFO ] InMemoryServer stopped at node_8
[ 2026-05-13 11:37:49 | node_9 | INFO ] Stopping node...
[ 2026-05-13 11:37:50 | node_9 | INFO ] 🛑 Stopping gossiper...
[ 2026-05-13 11:37:50 | node_9 | INFO ] InMemoryServer stopped at node_9
[ 2026-05-13 11:37:50 | node_10 | INFO ] Stopping node...
[ 2026-05-13 11:37:50 | node_10 | INFO ] 🛑 Stopping gossiper...
[ 2026-05-13 11:37:50 | node_10 | INFO ] InMemoryServer stopped at node_10
[ 2026-05-13 11:37:50 | node_11 | INFO ] Stopping node...
[ 2026-05-13 11:37:50 | node_11 | INFO ] 🛑 Stopping gossiper...
[ 2026-05-13 11:37:50 | node_11 | INFO ] InMemoryServer stopped at node_11
[ 2026-05-13 11:37:50 | node_12 | INFO ] Stopping node...
[ 2026-05-13 11:37:50 | node_12 | INFO ] 🛑 Stopping gossiper...
[ 2026-05-13 11:37:50 | node_12 | INFO ] InMemoryServer stopped at node_12
[ 2026-05-13 11:37:50 | node_13 | INFO ] Stopping node...
[ 2026-05-13 11:37:51 | node_13 | INFO ] 🛑 Stopping gossiper...
[ 2026-05-13 11:37:51 | node_13 | INFO ] InMemoryServer stopped at node_13
[ 2026-05-13 11:37:51 | node_14 | INFO ] Stopping node...
[ 2026-05-13 11:37:51 | node_14 | INFO ] 🛑 Stopping gossiper...
[ 2026-05-13 11:37:51 | node_14 | INFO ] InMemoryServer stopped at node_14
[ 2026-05-13 11:37:51 | node_15 | INFO ] Stopping node...
[ 2026-05-13 11:37:51 | node_15 | INFO ] 🛑 Stopping gossiper...
[ 2026-05-13 11:37:51 | node_15 | INFO ] InMemoryServer stopped at node_15
[ 2026-05-13 11:37:51 | node_16 | INFO ] Stopping node...
[ 2026-05-13 11:37:51 | node_16 | INFO ] 🛑 Stopping gossiper...
[ 2026-05-13 11:37:52 | node_16 | INFO ] InMemoryServer stopped at node_16
[ 2026-05-13 11:37:52 | node_17 | INFO ] Stopping node...
[ 2026-05-13 11:37:52 | node_17 | INFO ] 🛑 Stopping gossiper...
[ 2026-05-13 11:37:52 | node_17 | INFO ] InMemoryServer stopped at node_17
[ 2026-05-13 11:37:52 | node_18 | INFO ] Stopping node...
[ 2026-05-13 11:37:52 | node_18 | INFO ] 🛑 Stopping gossiper...
[ 2026-05-13 11:37:52 | node_18 | INFO ] InMemoryServer stopped at node_18
[ 2026-05-13 11:37:52 | node_19 | INFO ] Stopping node...
[ 2026-05-13 11:37:53 | node_19 | INFO ] 🛑 Stopping gossiper...
[ 2026-05-13 11:37:53 | node_19 | INFO ] InMemoryServer stopped at node_19
[ 2026-05-13 11:37:53 | node_20 | INFO ] Stopping node...
[ 2026-05-13 11:37:53 | node_20 | INFO ] 🛑 Stopping gossiper...
[ 2026-05-13 11:37:53 | node_20 | INFO ] InMemoryServer stopped at node_20
[ 2026-05-13 11:37:53 | node_21 | INFO ] Stopping node...
[ 2026-05-13 11:37:53 | node_21 | INFO ] 🛑 Stopping gossiper...
[ 2026-05-13 11:37:53 | node_21 | INFO ] InMemoryServer stopped at node_21
[ 2026-05-13 11:37:54 | node_22 | INFO ] Stopping node...
[ 2026-05-13 11:37:54 | node_22 | INFO ] 🛑 Stopping gossiper...
[ 2026-05-13 11:37:54 | node_22 | INFO ] InMemoryServer stopped at node_22
[ 2026-05-13 11:37:54 | node_23 | INFO ] Stopping node...
[ 2026-05-13 11:37:54 | node_23 | INFO ] 🛑 Stopping gossiper...
[ 2026-05-13 11:37:54 | node_23 | INFO ] InMemoryServer stopped at node_23
[ 2026-05-13 11:37:54 | node_24 | INFO ] Stopping node...
[ 2026-05-13 11:37:55 | node_24 | INFO ] 🛑 Stopping gossiper...
[ 2026-05-13 11:37:55 | node_24 | INFO ] InMemoryServer stopped at node_24
[ 2026-05-13 11:37:55 | node_25 | INFO ] Stopping node...
[ 2026-05-13 11:37:55 | node_25 | INFO ] 🛑 Stopping gossiper...
[ 2026-05-13 11:37:55 | node_25 | INFO ] InMemoryServer stopped at node_25
[ 2026-05-13 11:37:55 | node_26 | INFO ] Stopping node...
[ 2026-05-13 11:37:55 | node_26 | INFO ] 🛑 Stopping gossiper...
[ 2026-05-13 11:37:55 | node_26 | INFO ] InMemoryServer stopped at node_26
[ 2026-05-13 11:37:55 | node_27 | INFO ] Stopping node...
[ 2026-05-13 11:37:55 | node_27 | INFO ] 🛑 Stopping gossiper...
[ 2026-05-13 11:37:55 | node_27 | INFO ] InMemoryServer stopped at node_27
[ 2026-05-13 11:37:55 | node_28 | INFO ] Stopping node...
[ 2026-05-13 11:37:56 | node_28 | INFO ] 🛑 Stopping gossiper...
[ 2026-05-13 11:37:56 | node_28 | INFO ] InMemoryServer stopped at node_28
[ 2026-05-13 11:37:56 | node_29 | INFO ] Stopping node...
[ 2026-05-13 11:37:56 | node_29 | INFO ] 🛑 Stopping gossiper...
[ 2026-05-13 11:37:56 | node_29 | INFO ] InMemoryServer stopped at node_29
[ 2026-05-13 11:37:56 | node_30 | INFO ] Stopping node...
[ 2026-05-13 11:37:56 | node_30 | INFO ] 🛑 Stopping gossiper...
[ 2026-05-13 11:37:56 | node_30 | INFO ] InMemoryServer stopped at node_30
[ 2026-05-13 11:37:56 | node_31 | INFO ] Stopping node...
[ 2026-05-13 11:37:56 | node_31 | INFO ] 🛑 Stopping gossiper...
[ 2026-05-13 11:37:56 | node_31 | INFO ] InMemoryServer stopped at node_31
[ 2026-05-13 11:37:56 | node_32 | INFO ] Stopping node...
[ 2026-05-13 11:37:56 | node_32 | INFO ] 🛑 Stopping gossiper...
[ 2026-05-13 11:37:56 | node_32 | INFO ] InMemoryServer stopped at node_32
[ 2026-05-13 11:37:57 | node_33 | INFO ] Stopping node...
[ 2026-05-13 11:37:57 | node_33 | INFO ] 🛑 Stopping gossiper...
[ 2026-05-13 11:37:57 | node_33 | INFO ] InMemoryServer stopped at node_33
[ 2026-05-13 11:37:57 | node_34 | INFO ] Stopping node...
[ 2026-05-13 11:37:57 | node_34 | INFO ] 🛑 Stopping gossiper...
[ 2026-05-13 11:37:57 | node_34 | INFO ] InMemoryServer stopped at node_34
[ 2026-05-13 11:37:57 | node_35 | INFO ] Stopping node...
[ 2026-05-13 11:37:57 | node_35 | INFO ] 🛑 Stopping gossiper...
[ 2026-05-13 11:37:57 | node_35 | INFO ] InMemoryServer stopped at node_35
[ 2026-05-13 11:37:57 | node_36 | INFO ] Stopping node...
[ 2026-05-13 11:37:58 | node_36 | INFO ] 🛑 Stopping gossiper...
[ 2026-05-13 11:37:58 | node_36 | INFO ] InMemoryServer stopped at node_36
[ 2026-05-13 11:37:58 | node_37 | INFO ] Stopping node...
[ 2026-05-13 11:37:58 | node_37 | INFO ] 🛑 Stopping gossiper...
[ 2026-05-13 11:37:58 | node_37 | INFO ] InMemoryServer stopped at node_37
[ 2026-05-13 11:37:58 | node_38 | INFO ] Stopping node...
[ 2026-05-13 11:37:58 | node_38 | INFO ] 🛑 Stopping gossiper...
[ 2026-05-13 11:37:58 | node_38 | INFO ] InMemoryServer stopped at node_38
[ 2026-05-13 11:37:58 | node_39 | INFO ] Stopping node...
[ 2026-05-13 11:37:58 | node_39 | INFO ] 🛑 Stopping gossiper...
[ 2026-05-13 11:37:58 | node_39 | INFO ] InMemoryServer stopped at node_39
[ 2026-05-13 11:37:58 | node_40 | INFO ] Stopping node...
[ 2026-05-13 11:37:58 | node_40 | INFO ] 🛑 Stopping gossiper...
[ 2026-05-13 11:37:58 | node_40 | INFO ] InMemoryServer stopped at node_40
[ 2026-05-13 11:37:58 | node_41 | INFO ] Stopping node...
[ 2026-05-13 11:37:58 | node_41 | INFO ] 🛑 Stopping gossiper...
[ 2026-05-13 11:37:58 | node_41 | INFO ] InMemoryServer stopped at node_41
[ 2026-05-13 11:37:58 | node_42 | INFO ] Stopping node...
[ 2026-05-13 11:37:58 | node_42 | INFO ] 🛑 Stopping gossiper...
[ 2026-05-13 11:37:58 | node_42 | INFO ] InMemoryServer stopped at node_42
[ 2026-05-13 11:37:58 | node_43 | INFO ] Stopping node...
[ 2026-05-13 11:37:58 | node_43 | INFO ] 🛑 Stopping gossiper...
[ 2026-05-13 11:37:59 | node_43 | INFO ] InMemoryServer stopped at node_43
[ 2026-05-13 11:37:59 | node_44 | INFO ] Stopping node...
[ 2026-05-13 11:37:59 | node_44 | INFO ] 🛑 Stopping gossiper...
[ 2026-05-13 11:37:59 | node_44 | INFO ] InMemoryServer stopped at node_44
[ 2026-05-13 11:37:59 | node_45 | INFO ] Stopping node...
[ 2026-05-13 11:37:59 | node_45 | INFO ] 🛑 Stopping gossiper...
[ 2026-05-13 11:37:59 | node_45 | INFO ] InMemoryServer stopped at node_45
[ 2026-05-13 11:37:59 | node_46 | INFO ] Stopping node...
[ 2026-05-13 11:37:59 | node_46 | INFO ] 🛑 Stopping gossiper...
[ 2026-05-13 11:37:59 | node_46 | INFO ] InMemoryServer stopped at node_46
[ 2026-05-13 11:37:59 | node_47 | INFO ] Stopping node...
[ 2026-05-13 11:37:59 | node_47 | INFO ] 🛑 Stopping gossiper...
[ 2026-05-13 11:37:59 | node_47 | INFO ] InMemoryServer stopped at node_47
[ 2026-05-13 11:37:59 | node_48 | INFO ] Stopping node...
[ 2026-05-13 11:37:59 | node_48 | INFO ] 🛑 Stopping gossiper...
[ 2026-05-13 11:37:59 | node_48 | INFO ] InMemoryServer stopped at node_48
[ 2026-05-13 11:37:59 | node_49 | INFO ] Stopping node...
[ 2026-05-13 11:37:59 | node_49 | INFO ] 🛑 Stopping gossiper...
[ 2026-05-13 11:37:59 | node_49 | INFO ] InMemoryServer stopped at node_49
