[ 2026-05-13 14:11:21 | node_2 | INFO ] 🎓 Training step done.
[ 2026-05-13 14:11:21 | node_7 | INFO ] 📈 Evaluated. Results: {'test_loss': 0.028103157877922058, 'test_acc': 0.9950000047683716, 'test_precision': 0.9941177368164062, 'test_recall': 0.9933334589004517, 'test_f1': 0.993521511554718, 'communication_cost': 48924148}
[ 2026-05-13 14:11:21 | node_2 | INFO ] 🛠️ Calling force_add_local_model...
[ 2026-05-13 14:11:22 | node_2 | INFO ] ✅ [FORCE] Local model added for round 46. (10/13)
[ 2026-05-13 14:11:22 | node_7 | INFO ] 📢 Broadcasting metrics.
[ 2026-05-13 14:11:22 | node | INFO ] 🧩 Model added for round 46 (5/7) from ['node_39']
[ 2026-05-13 14:11:22 | node_34 | INFO ] 📤 Sending model to 7 direct neighbors: ['node_3', 'node_9', 'node_12', 'node_18', 'node_23', 'node_28', 'node_38']
[ 2026-05-13 14:11:23 | node_36 | INFO ] 🧩 Model added for round 46 (4/7) from ['node_43']
[ 2026-05-13 14:11:23 | node_3 | INFO ] 🧩 Model added for round 46 (8/12) from ['node_34']
[ 2026-05-13 14:11:23 | node_5 | INFO ] 🧩 Model added for round 46 (5/9) from ['node_39']
[ 2026-05-13 14:11:24 | node_12 | INFO ] 🎉 Round 46 of 50 finished.
[ 2026-05-13 14:11:24 | node_8 | INFO ] 🧩 Model added for round 46 (4/10) from ['node_39']
[ 2026-05-13 14:11:24 | node_12 | INFO ] 🗳️ [DETERMINISTIC] Train set assigned (No Voting). Size: 50
[ 2026-05-13 14:11:24 | node_9 | INFO ] 🧩 Model added for round 46 (7/10) from ['node_34']
[ 2026-05-13 14:11:24 | node_12 | INFO ] ♻️ Proactively processing 7 early models for round 46.
[ 2026-05-13 14:11:24 | node_12 | INFO ] 🧩 Model added for round 46 (1/13) from ['node_22']
[ 2026-05-13 14:11:24 | node_12 | INFO ] 🧩 Model added for round 46 (2/13) from ['node_1']
[ 2026-05-13 14:11:24 | node_12 | INFO ] 🧩 Model added for round 46 (3/13) from ['node_46']
[ 2026-05-13 14:11:24 | node_12 | INFO ] 🧩 Model added for round 46 (4/13) from ['node_29']
[ 2026-05-13 14:11:24 | node_12 | INFO ] 🧩 Model added for round 46 (5/13) from ['node_14']
[ 2026-05-13 14:11:24 | node_12 | INFO ] 🧩 Model added for round 46 (6/13) from ['node_47']
[ 2026-05-13 14:11:24 | node_12 | INFO ] 🧩 Model added for round 46 (7/13) from ['node_43']
[ 2026-05-13 14:11:24 | node_12 | INFO ] 🏋️‍♀️ Preparing training...
[ 2026-05-13 14:11:24 | node_4 | INFO ] 🎉 Round 46 of 50 finished.
[ 2026-05-13 14:11:24 | node_4 | INFO ] 🗳️ [DETERMINISTIC] Train set assigned (No Voting). Size: 50
[ 2026-05-13 14:11:24 | node_4 | INFO ] ♻️ Proactively processing 12 early models for round 46.
[ 2026-05-13 14:11:24 | node_4 | INFO ] 🧩 Model added for round 46 (1/15) from ['node_31']
[ 2026-05-13 14:11:24 | node_21 | INFO ] ⏹️  Gossiping exited for 50 equal rounds.
[ 2026-05-13 14:11:24 | node_4 | INFO ] 🧩 Model added for round 46 (2/15) from ['node_25']
[ 2026-05-13 14:11:24 | node_4 | INFO ] 🧩 Model added for round 46 (3/15) from ['node_15']
[ 2026-05-13 14:11:24 | node_12 | INFO ] 🎓 Training step done.
[ 2026-05-13 14:11:24 | node_4 | INFO ] 🧩 Model added for round 46 (4/15) from ['node_24']
[ 2026-05-13 14:11:24 | node_12 | INFO ] 🛠️ Calling force_add_local_model...
[ 2026-05-13 14:11:24 | node_21 | INFO ] 🔬 Evaluating...
[ 2026-05-13 14:11:24 | node_4 | INFO ] 🧩 Model added for round 46 (5/15) from ['node_17']
[ 2026-05-13 14:11:24 | node_12 | INFO ] ✅ [FORCE] Local model added for round 46. (8/13)
[ 2026-05-13 14:11:24 | node_4 | INFO ] 🧩 Model added for round 46 (6/15) from ['node_10']
[ 2026-05-13 14:11:24 | node_4 | INFO ] 🧩 Model added for round 46 (7/15) from ['node_8']
[ 2026-05-13 14:11:25 | node_4 | INFO ] 🧩 Model added for round 46 (8/15) from ['node']
[ 2026-05-13 14:11:25 | node_4 | INFO ] 🧩 Model added for round 46 (9/15) from ['node_9']
[ 2026-05-13 14:11:25 | node_11 | INFO ] 🧩 Model added for round 46 (5/10) from ['node_39']
[ 2026-05-13 14:11:25 | node_4 | INFO ] 🧩 Model added for round 46 (10/15) from ['node_47']
[ 2026-05-13 14:11:25 | node_21 | INFO ] 📈 Evaluated. Results: {'test_loss': 0.05688111484050751, 'test_acc': 0.9850000143051147, 'test_precision': 0.9851915240287781, 'test_recall': 0.9854167103767395, 'test_f1': 0.9849246144294739, 'communication_cost': 37633960}
[ 2026-05-13 14:11:25 | node_4 | INFO ] 🧩 Model added for round 46 (11/15) from ['node_5']
[ 2026-05-13 14:11:25 | node_4 | INFO ] 🧩 Model added for round 46 (12/15) from ['node_6']
[ 2026-05-13 14:11:25 | node_21 | INFO ] 📢 Broadcasting metrics.
[ 2026-05-13 14:11:25 | node_4 | INFO ] 🏋️‍♀️ Preparing training...
[ 2026-05-13 14:11:25 | node_12 | INFO ] 🧩 Model added for round 46 (9/13) from ['node_34']
[ 2026-05-13 14:11:25 | node_4 | INFO ] 🎓 Training step done.
[ 2026-05-13 14:11:25 | node_4 | INFO ] 🛠️ Calling force_add_local_model...
[ 2026-05-13 14:11:25 | node_4 | INFO ] ✅ [FORCE] Local model added for round 46. (13/15)
[ 2026-05-13 14:11:26 | node_13 | INFO ] 🧩 Model added for round 46 (7/9) from ['node_39']
[ 2026-05-13 14:11:26 | node_7 | INFO ] 🎉 Round 46 of 50 finished.
[ 2026-05-13 14:11:26 | node_7 | INFO ] 🗳️ [DETERMINISTIC] Train set assigned (No Voting). Size: 50
[ 2026-05-13 14:11:26 | node_7 | INFO ] ♻️ Proactively processing 11 early models for round 46.
[ 2026-05-13 14:11:26 | node_7 | INFO ] 🧩 Model added for round 46 (1/14) from ['node_20']
[ 2026-05-13 14:11:26 | node_7 | INFO ] 🧩 Model added for round 46 (2/14) from ['node_1']
[ 2026-05-13 14:11:26 | node_7 | INFO ] 🧩 Model added for round 46 (3/14) from ['node_3']
[ 2026-05-13 14:11:26 | node_7 | INFO ] 🧩 Model added for round 46 (4/14) from ['node_38']
[ 2026-05-13 14:11:26 | node_23 | INFO ] 🧩 Model added for round 46 (6/8) from ['node_34']
[ 2026-05-13 14:11:26 | node_7 | INFO ] 🧩 Model added for round 46 (5/14) from ['node_16']
[ 2026-05-13 14:11:26 | node_7 | INFO ] 🧩 Model added for round 46 (6/14) from ['node_8']
[ 2026-05-13 14:11:26 | node_7 | INFO ] 🧩 Model added for round 46 (7/14) from ['node_27']
[ 2026-05-13 14:11:26 | node_7 | INFO ] 🧩 Model added for round 46 (8/14) from ['node']
[ 2026-05-13 14:11:26 | node_7 | INFO ] 🧩 Model added for round 46 (9/14) from ['node_14']
[ 2026-05-13 14:11:26 | node_7 | INFO ] 🧩 Model added for round 46 (10/14) from ['node_47']
[ 2026-05-13 14:11:26 | node_32 | INFO ] ⏹️  Gossiping exited for 50 equal rounds.
[ 2026-05-13 14:11:26 | node_7 | INFO ] 🧩 Model added for round 46 (11/14) from ['node_43']
[ 2026-05-13 14:11:26 | node_7 | INFO ] 🏋️‍♀️ Preparing training...
[ 2026-05-13 14:11:26 | node_32 | INFO ] 🔬 Evaluating...
[ 2026-05-13 14:11:27 | node_22 | INFO ] 🧩 Model added for round 46 (3/5) from ['node_39']
[ 2026-05-13 14:11:27 | node_2 | INFO ] 📤 Sending model to 12 direct neighbors: ['node_5', 'node_7', 'node_8', 'node_11', 'node_12', 'node_16', 'node_21', 'node_24', 'node_31', 'node_36', 'node_38', 'node_46']
[ 2026-05-13 14:11:27 | node_32 | INFO ] 📈 Evaluated. Results: {'test_loss': 0.28464868664741516, 'test_acc': 0.9649999737739563, 'test_precision': 0.962573766708374, 'test_recall': 0.9663323760032654, 'test_f1': 0.9640878438949585, 'communication_cost': 45160752}
[ 2026-05-13 14:11:27 | node_32 | INFO ] 📢 Broadcasting metrics.
[ 2026-05-13 14:11:27 | node_7 | INFO ] 🎓 Training step done.
[ 2026-05-13 14:11:27 | node_7 | INFO ] 🛠️ Calling force_add_local_model...
[ 2026-05-13 14:11:27 | node_5 | INFO ] 🧩 Model added for round 46 (6/9) from ['node_2']
[ 2026-05-13 14:11:27 | node_7 | INFO ] ✅ [FORCE] Local model added for round 46. (12/14)
[ 2026-05-13 14:11:27 | node_28 | INFO ] 🧩 Model added for round 46 (10/12) from ['node_34']
[ 2026-05-13 14:11:27 | node_40 | INFO ] 🧩 Model added for round 46 (4/6) from ['node_39']
[ 2026-05-13 14:11:27 | node_21 | INFO ] 🎉 Round 46 of 50 finished.
[ 2026-05-13 14:11:27 | node_21 | INFO ] 🗳️ [DETERMINISTIC] Train set assigned (No Voting). Size: 50
[ 2026-05-13 14:11:27 | node_21 | INFO ] ♻️ Proactively processing 8 early models for round 46.
[ 2026-05-13 14:11:28 | node_21 | INFO ] 🧩 Model added for round 46 (1/11) from ['node_26']
[ 2026-05-13 14:11:28 | node_21 | INFO ] 🧩 Model added for round 46 (2/11) from ['node_11']
[ 2026-05-13 14:11:28 | node_21 | INFO ] 🧩 Model added for round 46 (3/11) from ['node_46']
[ 2026-05-13 14:11:28 | node_21 | INFO ] 🧩 Model added for round 46 (4/11) from ['node_16']
[ 2026-05-13 14:11:28 | node_7 | INFO ] 🧩 Model added for round 46 (13/14) from ['node_2']
[ 2026-05-13 14:11:28 | node_21 | INFO ] 🧩 Model added for round 46 (5/11) from ['node_8']
[ 2026-05-13 14:11:28 | node_21 | INFO ] 🧩 Model added for round 46 (6/11) from ['node_19']
[ 2026-05-13 14:11:28 | node_41 | INFO ] 🧩 Model added for round 46 (2/3) from ['node_39']
[ 2026-05-13 14:11:28 | node_21 | INFO ] 🧩 Model added for round 46 (7/11) from ['node_27']
[ 2026-05-13 14:11:28 | node_21 | INFO ] 🧩 Model added for round 46 (8/11) from ['node_39']
[ 2026-05-13 14:11:28 | node_21 | INFO ] 🏋️‍♀️ Preparing training...
[ 2026-05-13 14:11:28 | node_38 | INFO ] 🧩 Model added for round 46 (6/8) from ['node_34']
[ 2026-05-13 14:11:28 | node_21 | INFO ] 🎓 Training step done.
[ 2026-05-13 14:11:28 | node_21 | INFO ] 🛠️ Calling force_add_local_model...
[ 2026-05-13 14:11:28 | node_21 | INFO ] ✅ [FORCE] Local model added for round 46. (9/11)
[ 2026-05-13 14:11:29 | node_8 | INFO ] 🧩 Model added for round 46 (5/10) from ['node_2']
[ 2026-05-13 14:11:29 | node_12 | INFO ] 📤 Sending model to 12 direct neighbors: ['node_1', 'node_2', 'node_4', 'node_14', 'node_18', 'node_22', 'node_29', 'node_34', 'node_42', 'node_43', 'node_46', 'node_47']
[ 2026-05-13 14:11:30 | node_1 | INFO ] 🧩 Model added for round 46 (3/5) from ['node_12']
[ 2026-05-13 14:11:30 | node_11 | INFO ] 🧩 Model added for round 46 (6/10) from ['node_2']
[ 2026-05-13 14:11:30 | node_2 | INFO ] 🧩 Model added for round 46 (11/13) from ['node_12']
[ 2026-05-13 14:11:30 | node_32 | INFO ] 🎉 Round 46 of 50 finished.
[ 2026-05-13 14:11:30 | node_32 | INFO ] 🗳️ [DETERMINISTIC] Train set assigned (No Voting). Size: 50
[ 2026-05-13 14:11:30 | node_4 | INFO ] 📤 Sending model to 14 direct neighbors: ['node', 'node_5', 'node_6', 'node_8', 'node_9', 'node_10', 'node_12', 'node_15', 'node_17', 'node_24', 'node_25', 'node_30', 'node_31', 'node_47']
[ 2026-05-13 14:11:30 | node_32 | INFO ] ♻️ Proactively processing 8 early models for round 46.
[ 2026-05-13 14:11:30 | node_32 | INFO ] 🧩 Model added for round 46 (1/13) from ['node_37']
[ 2026-05-13 14:11:30 | node_32 | INFO ] 🧩 Model added for round 46 (2/13) from ['node_40']
[ 2026-05-13 14:11:30 | node_32 | INFO ] 🧩 Model added for round 46 (3/13) from ['node_35']
[ 2026-05-13 14:11:30 | node_32 | INFO ] 🧩 Model added for round 46 (4/13) from ['node_23']
[ 2026-05-13 14:11:30 | node_32 | INFO ] 🧩 Model added for round 46 (5/13) from ['node_3']
[ 2026-05-13 14:11:30 | node_32 | INFO ] 🧩 Model added for round 46 (6/13) from ['node_17']
[ 2026-05-13 14:11:30 | node_32 | INFO ] 🧩 Model added for round 46 (7/13) from ['node_27']
[ 2026-05-13 14:11:30 | node_32 | INFO ] 🧩 Model added for round 46 (8/13) from ['node_36']
[ 2026-05-13 14:11:30 | node_32 | INFO ] 🏋️‍♀️ Preparing training...
[ 2026-05-13 14:11:31 | node_12 | INFO ] 🧩 Model added for round 46 (10/13) from ['node_2']
[ 2026-05-13 14:11:31 | node | INFO ] 🧩 Model added for round 46 (6/7) from ['node_4']
[ 2026-05-13 14:11:31 | node_18 | INFO ] ⏹️  Gossiping exited for 50 equal rounds.
[ 2026-05-13 14:11:31 | node_32 | INFO ] 🎓 Training step done.
[ 2026-05-13 14:11:31 | node_32 | INFO ] 🛠️ Calling force_add_local_model...
[ 2026-05-13 14:11:31 | node_18 | INFO ] 🔬 Evaluating...
[ 2026-05-13 14:11:31 | node_32 | INFO ] ✅ [FORCE] Local model added for round 46. (9/13)
[ 2026-05-13 14:11:31 | node_4 | INFO ] 🧩 Model added for round 46 (14/15) from ['node_12']
[ 2026-05-13 14:11:31 | node_18 | INFO ] 📈 Evaluated. Results: {'test_loss': 0.07512226700782776, 'test_acc': 0.9850000143051147, 'test_precision': 0.9839316606521606, 'test_recall': 0.9850000143051147, 'test_f1': 0.9839065670967102, 'communication_cost': 45160752}
[ 2026-05-13 14:11:31 | node_18 | INFO ] 📢 Broadcasting metrics.
[ 2026-05-13 14:11:32 | node_5 | INFO ] 🧩 Model added for round 46 (7/9) from ['node_4']
[ 2026-05-13 14:11:32 | node_7 | INFO ] 📤 Sending model to 13 direct neighbors: ['node', 'node_1', 'node_2', 'node_3', 'node_8', 'node_14', 'node_16', 'node_20', 'node_27', 'node_38', 'node_42', 'node_43', 'node_47']
[ 2026-05-13 14:11:32 | node_16 | INFO ] 🧩 Model added for round 46 (11/14) from ['node_2']
[ 2026-05-13 14:11:32 | node | INFO ] 🧩 Model added for round 46 (7/7) from ['node_7']
[ 2026-05-13 14:11:33 | node_6 | INFO ] 🧩 Model added for round 46 (8/8) from ['node_4']
[ 2026-05-13 14:11:33 | node_14 | INFO ] 🧩 Model added for round 46 (8/9) from ['node_12']
[ 2026-05-13 14:11:33 | node | INFO ] 🧠 Aggregation complete. Setting new model.
[ 2026-05-13 14:11:33 | node_1 | INFO ] 🧩 Model added for round 46 (4/5) from ['node_7']
[ 2026-05-13 14:11:33 | node_21 | INFO ] 📤 Sending model to 10 direct neighbors: ['node_2', 'node_8', 'node_11', 'node_16', 'node_19', 'node_26', 'node_27', 'node_32', 'node_39', 'node_46']
[ 2026-05-13 14:11:34 | node | INFO ] 🗣️ Gossiping aggregated model.
[ 2026-05-13 14:11:34 | node_21 | INFO ] 🧩 Model added for round 46 (10/11) from ['node_2']
[ 2026-05-13 14:11:34 | node_2 | INFO ] 🧩 Model added for round 46 (12/13) from ['node_7']
[ 2026-05-13 14:11:34 | node_2 | INFO ] 🧩 Model added for round 46 (13/13) from ['node_21']
[ 2026-05-13 14:11:34 | node_8 | INFO ] 🧩 Model added for round 46 (6/10) from ['node_4']
[ 2026-05-13 14:11:35 | node_22 | INFO ] 🧩 Model added for round 46 (4/5) from ['node_12']
[ 2026-05-13 14:11:35 | node_18 | INFO ] 🎉 Round 46 of 50 finished.
[ 2026-05-13 14:11:35 | node_18 | INFO ] 🗳️ [DETERMINISTIC] Train set assigned (No Voting). Size: 50
[ 2026-05-13 14:11:35 | node_6 | INFO ] 🧠 Aggregation complete. Setting new model.
[ 2026-05-13 14:11:35 | node_18 | INFO ] ♻️ Proactively processing 9 early models for round 46.
[ 2026-05-13 14:11:35 | node_18 | INFO ] 🧩 Model added for round 46 (1/13) from ['node_41']
[ 2026-05-13 14:11:35 | node_18 | INFO ] 🧩 Model added for round 46 (2/13) from ['node_35']
[ 2026-05-13 14:11:35 | node_18 | INFO ] 🧩 Model added for round 46 (3/13) from ['node_3']
[ 2026-05-13 14:11:35 | node_18 | INFO ] 🧩 Model added for round 46 (4/13) from ['node_19']
[ 2026-05-13 14:11:35 | node_18 | INFO ] 🧩 Model added for round 46 (5/13) from ['node_29']
[ 2026-05-13 14:11:35 | node_24 | INFO ] 🧩 Model added for round 46 (6/9) from ['node_2']
[ 2026-05-13 14:11:35 | node_18 | INFO ] 🧩 Model added for round 46 (6/13) from ['node_28']
[ 2026-05-13 14:11:35 | node_18 | INFO ] 🧩 Model added for round 46 (7/13) from ['node_13']
[ 2026-05-13 14:11:35 | node_18 | INFO ] 🧩 Model added for round 46 (8/13) from ['node_34']
[ 2026-05-13 14:11:35 | node_18 | INFO ] 🧩 Model added for round 46 (9/13) from ['node_12']
[ 2026-05-13 14:11:35 | node_18 | INFO ] 🏋️‍♀️ Preparing training...
[ 2026-05-13 14:11:35 | node_42 | INFO ] ⏹️  Gossiping exited for 50 equal rounds.
[ 2026-05-13 14:11:35 | node_3 | INFO ] 🧩 Model added for round 46 (9/12) from ['node_7']
[ 2026-05-13 14:11:35 | node_42 | INFO ] 🔬 Evaluating...
[ 2026-05-13 14:11:36 | node_29 | INFO ] 🧩 Model added for round 46 (10/15) from ['node_12']
[ 2026-05-13 14:11:36 | node_6 | INFO ] 🗣️ Gossiping aggregated model.
[ 2026-05-13 14:11:36 | node_9 | INFO ] 🧩 Model added for round 46 (8/10) from ['node_4']
[ 2026-05-13 14:11:36 | node_8 | INFO ] 🧩 Model added for round 46 (7/10) from ['node_21']
[ 2026-05-13 14:11:36 | node_18 | INFO ] 🎓 Training step done.
[ 2026-05-13 14:11:36 | node_18 | INFO ] 🛠️ Calling force_add_local_model...
[ 2026-05-13 14:11:36 | node_42 | INFO ] 📈 Evaluated. Results: {'test_loss': 0.17620298266410828, 'test_acc': 0.9649999737739563, 'test_precision': 0.9667963981628418, 'test_recall': 0.9656324982643127, 'test_f1': 0.96490478515625, 'communication_cost': 52687544}
[ 2026-05-13 14:11:36 | node_18 | INFO ] ✅ [FORCE] Local model added for round 46. (10/13)
[ 2026-05-13 14:11:36 | node_42 | INFO ] 📢 Broadcasting metrics.
[ 2026-05-13 14:11:36 | node_31 | INFO ] 🧩 Model added for round 46 (2/3) from ['node_2']
[ 2026-05-13 14:11:36 | node_32 | INFO ] 📤 Sending model to 12 direct neighbors: ['node_3', 'node_17', 'node_18', 'node_21', 'node_23', 'node_27', 'node_33', 'node_35', 'node_36', 'node_37', 'node_40', 'node_49']
[ 2026-05-13 14:11:36 | node_36 | INFO ] 🧩 Model added for round 46 (5/7) from ['node_2']
[ 2026-05-13 14:11:37 | node_3 | INFO ] 🧩 Model added for round 46 (10/12) from ['node_32']
[ 2026-05-13 14:11:37 | node_8 | INFO ] 🧩 Model added for round 46 (8/10) from ['node_7']
[ 2026-05-13 14:11:37 | node_10 | INFO ] 🧩 Model added for round 46 (7/8) from ['node_4']
[ 2026-05-13 14:11:37 | node_11 | INFO ] 🧩 Model added for round 46 (7/10) from ['node_21']
[ 2026-05-13 14:11:37 | node_34 | INFO ] 🧩 Model added for round 46 (7/8) from ['node_12']
[ 2026-05-13 14:11:37 | node_38 | INFO ] 🧩 Model added for round 46 (7/8) from ['node_2']
[ 2026-05-13 14:11:38 | node_12 | INFO ] 🧩 Model added for round 46 (11/13) from ['node_4']
[ 2026-05-13 14:11:38 | node_14 | INFO ] 🧩 Model added for round 46 (9/9) from ['node_7']
[ 2026-05-13 14:11:38 | node_17 | INFO ] 🧩 Model added for round 46 (6/8) from ['node_32']
[ 2026-05-13 14:11:38 | node_16 | INFO ] 🧩 Model added for round 46 (12/14) from ['node_21']
[ 2026-05-13 14:11:38 | node_33 | INFO ] ⏹️  Gossiping exited for 50 equal rounds.
[ 2026-05-13 14:11:38 | node_43 | INFO ] 🧩 Model added for round 46 (7/10) from ['node_12']
[ 2026-05-13 14:11:39 | node_46 | INFO ] 🧩 Model added for round 46 (7/9) from ['node_2']
[ 2026-05-13 14:11:39 | node_33 | INFO ] 🔬 Evaluating...
[ 2026-05-13 14:11:39 | node_33 | INFO ] 📈 Evaluated. Results: {'test_loss': 0.23558180034160614, 'test_acc': 0.9750000238418579, 'test_precision': 0.9764003157615662, 'test_recall': 0.9715555310249329, 'test_f1': 0.9731032848358154, 'communication_cost': 37633960}
[ 2026-05-13 14:11:39 | node_33 | INFO ] 📢 Broadcasting metrics.
[ 2026-05-13 14:11:39 | node_14 | INFO ] 🧠 Aggregation complete. Setting new model.
[ 2026-05-13 14:11:39 | node_16 | INFO ] 🧩 Model added for round 46 (13/14) from ['node_7']
[ 2026-05-13 14:11:39 | node_18 | INFO ] 🧩 Model added for round 46 (11/13) from ['node_32']
[ 2026-05-13 14:11:39 | node_15 | INFO ] 🧩 Model added for round 46 (7/7) from ['node_4']
[ 2026-05-13 14:11:40 | node_19 | INFO ] 🧩 Model added for round 46 (6/8) from ['node_21']
[ 2026-05-13 14:11:40 | node_46 | INFO ] 🧩 Model added for round 46 (8/9) from ['node_12']
[ 2026-05-13 14:11:40 | node_14 | INFO ] 🗣️ Gossiping aggregated model.
[ 2026-05-13 14:11:40 | node_15 | INFO ] 🧠 Aggregation complete. Setting new model.
[ 2026-05-13 14:11:40 | node_2 | INFO ] 🧠 Aggregation complete. Setting new model.
[ 2026-05-13 14:11:40 | node_15 | INFO ] 🗣️ Gossiping aggregated model.
[ 2026-05-13 14:11:41 | node_26 | INFO ] 🧩 Model added for round 46 (5/5) from ['node_21']
[ 2026-05-13 14:11:41 | node_17 | INFO ] 🧩 Model added for round 46 (7/8) from ['node_4']
[ 2026-05-13 14:11:41 | node_21 | INFO ] 🧩 Model added for round 46 (11/11) from ['node_32']
[ 2026-05-13 14:11:41 | node_20 | INFO ] 🧩 Model added for round 46 (5/6) from ['node_7']
[ 2026-05-13 14:11:41 | node_47 | INFO ] 🧩 Model added for round 46 (5/7) from ['node_12']
[ 2026-05-13 14:11:41 | node_18 | INFO ] 📤 Sending model to 12 direct neighbors: ['node_3', 'node_12', 'node_13', 'node_19', 'node_28', 'node_29', 'node_30', 'node_32', 'node_33', 'node_34', 'node_35', 'node_41']
[ 2026-05-13 14:11:41 | node_26 | INFO ] 🧠 Aggregation complete. Setting new model.
[ 2026-05-13 14:11:41 | node_3 | INFO ] 🧩 Model added for round 46 (11/12) from ['node_18']
[ 2026-05-13 14:11:41 | node_2 | INFO ] 🗣️ Gossiping aggregated model.
[ 2026-05-13 14:11:42 | node_26 | INFO ] 🗣️ Gossiping aggregated model.
[ 2026-05-13 14:11:42 | node_27 | INFO ] 🧩 Model added for round 46 (6/9) from ['node_21']
[ 2026-05-13 14:11:42 | node_27 | INFO ] 🧩 Model added for round 46 (7/9) from ['node_7']
[ 2026-05-13 14:11:42 | node_42 | INFO ] 🎉 Round 46 of 50 finished.
[ 2026-05-13 14:11:42 | node_42 | INFO ] 🗳️ [DETERMINISTIC] Train set assigned (No Voting). Size: 50
[ 2026-05-13 14:11:42 | node_42 | INFO ] ♻️ Proactively processing 13 early models for round 46.
[ 2026-05-13 14:11:42 | node_42 | INFO ] 🧩 Model added for round 46 (1/15) from ['node_44']
[ 2026-05-13 14:11:42 | node_42 | INFO ] 🧩 Model added for round 46 (2/15) from ['node_11']
[ 2026-05-13 14:11:42 | node_42 | INFO ] 🧩 Model added for round 46 (3/15) from ['node_23']
[ 2026-05-13 14:11:42 | node_42 | INFO ] 🧩 Model added for round 46 (4/15) from ['node_3']
[ 2026-05-13 14:11:42 | node_42 | INFO ] 🧩 Model added for round 46 (5/15) from ['node_17']
[ 2026-05-13 14:11:42 | node_42 | INFO ] 🧩 Model added for round 46 (6/15) from ['node_8']
[ 2026-05-13 14:11:42 | node_42 | INFO ] 🧩 Model added for round 46 (7/15) from ['node_19']
[ 2026-05-13 14:11:42 | node_42 | INFO ] 🧩 Model added for round 46 (8/15) from ['node_29']
[ 2026-05-13 14:11:42 | node_42 | INFO ] 🧩 Model added for round 46 (9/15) from ['node_28']
[ 2026-05-13 14:11:42 | node_42 | INFO ] 🧩 Model added for round 46 (10/15) from ['node_36']
[ 2026-05-13 14:11:42 | node_24 | INFO ] 🧩 Model added for round 46 (7/9) from ['node_4']
[ 2026-05-13 14:11:42 | node_42 | INFO ] 🧩 Model added for round 46 (11/15) from ['node_5']
[ 2026-05-13 14:11:42 | node_42 | INFO ] 🧩 Model added for round 46 (12/15) from ['node_39']
[ 2026-05-13 14:11:42 | node_42 | INFO ] 🧩 Model added for round 46 (13/15) from ['node_12']
[ 2026-05-13 14:11:42 | node_23 | INFO ] 🧩 Model added for round 46 (7/8) from ['node_32']
[ 2026-05-13 14:11:42 | node_42 | INFO ] 🏋️‍♀️ Preparing training...
[ 2026-05-13 14:11:43 | node_33 | INFO ] 🎉 Round 46 of 50 finished.
[ 2026-05-13 14:11:43 | node_33 | INFO ] 🗳️ [DETERMINISTIC] Train set assigned (No Voting). Size: 50
[ 2026-05-13 14:11:43 | node_33 | INFO ] ♻️ Proactively processing 7 early models for round 46.
[ 2026-05-13 14:11:43 | node_33 | INFO ] 🧩 Model added for round 46 (1/11) from ['node_40']
[ 2026-05-13 14:11:43 | node_12 | INFO ] 🧩 Model added for round 46 (12/13) from ['node_18']
[ 2026-05-13 14:11:43 | node_38 | INFO ] 🧩 Model added for round 46 (8/8) from ['node_7']
[ 2026-05-13 14:11:43 | node_32 | INFO ] 🧩 Model added for round 46 (10/13) from ['node_21']
[ 2026-05-13 14:11:43 | node_42 | INFO ] 🎓 Training step done.
[ 2026-05-13 14:11:43 | node_33 | INFO ] 🧩 Model added for round 46 (2/11) from ['node_22']
[ 2026-05-13 14:11:43 | node_42 | INFO ] 🛠️ Calling force_add_local_model...
[ 2026-05-13 14:11:43 | node_33 | INFO ] 🧩 Model added for round 46 (3/11) from ['node_11']
[ 2026-05-13 14:11:43 | node_42 | INFO ] ✅ [FORCE] Local model added for round 46. (14/15)
[ 2026-05-13 14:11:43 | node_33 | INFO ] 🧩 Model added for round 46 (4/11) from ['node_24']
[ 2026-05-13 14:11:43 | node_33 | INFO ] 🧩 Model added for round 46 (5/11) from ['node_29']
[ 2026-05-13 14:11:43 | node_33 | INFO ] 🧩 Model added for round 46 (6/11) from ['node_13']
[ 2026-05-13 14:11:43 | node_33 | INFO ] 🧩 Model added for round 46 (7/11) from ['node_9']
[ 2026-05-13 14:11:43 | node_33 | INFO ] 🏋️‍♀️ Preparing training...
[ 2026-05-13 14:11:43 | node_27 | INFO ] 🧩 Model added for round 46 (8/9) from ['node_32']
[ 2026-05-13 14:11:44 | node_25 | INFO ] 🧩 Model added for round 46 (6/6) from ['node_4']
[ 2026-05-13 14:11:44 | node_38 | INFO ] 🧠 Aggregation complete. Setting new model.
[ 2026-05-13 14:11:44 | node_33 | INFO ] 🎓 Training step done.
[ 2026-05-13 14:11:44 | node_42 | INFO ] 🧩 Model added for round 46 (15/15) from ['node_7']
[ 2026-05-13 14:11:44 | node_33 | INFO ] 🛠️ Calling force_add_local_model...
[ 2026-05-13 14:11:44 | node_33 | INFO ] ✅ [FORCE] Local model added for round 46. (8/11)
[ 2026-05-13 14:11:44 | node_25 | INFO ] 🧠 Aggregation complete. Setting new model.
[ 2026-05-13 14:11:44 | node_38 | INFO ] 🗣️ Gossiping aggregated model.
[ 2026-05-13 14:11:44 | node_49 | INFO ] ⏹️  Gossiping exited for 50 equal rounds.
[ 2026-05-13 14:11:45 | node_49 | INFO ] 🔬 Evaluating...
[ 2026-05-13 14:11:45 | node_25 | INFO ] 🗣️ Gossiping aggregated model.
[ 2026-05-13 14:11:45 | node_49 | INFO ] 📈 Evaluated. Results: {'test_loss': 0.09222427010536194, 'test_acc': 0.9750000238418579, 'test_precision': 0.9775426387786865, 'test_recall': 0.9709274172782898, 'test_f1': 0.9734656810760498, 'communication_cost': 37633960}
[ 2026-05-13 14:11:45 | node_13 | INFO ] 🧩 Model added for round 46 (8/9) from ['node_18']
[ 2026-05-13 14:11:45 | node_33 | INFO ] 🧩 Model added for round 46 (9/11) from ['node_32']
[ 2026-05-13 14:11:45 | node_39 | INFO ] 🧩 Model added for round 46 (10/11) from ['node_21']
[ 2026-05-13 14:11:45 | node_49 | INFO ] 📢 Broadcasting metrics.
[ 2026-05-13 14:11:46 | node_31 | INFO ] 🧩 Model added for round 46 (3/3) from ['node_4']
[ 2026-05-13 14:11:46 | node_43 | INFO ] 🧩 Model added for round 46 (8/10) from ['node_7']
[ 2026-05-13 14:11:46 | node_47 | INFO ] 🧩 Model added for round 46 (6/7) from ['node_4']
[ 2026-05-13 14:11:46 | node_19 | INFO ] 🧩 Model added for round 46 (7/8) from ['node_18']
[ 2026-05-13 14:11:46 | node_46 | INFO ] 🧩 Model added for round 46 (9/9) from ['node_21']
[ 2026-05-13 14:11:46 | node_35 | INFO ] 🧩 Model added for round 46 (6/7) from ['node_32']
[ 2026-05-13 14:11:47 | ModelPackager | INFO ] Round 46: Consensus detected (dist: 0.000979). Patience: 5/5
[ 2026-05-13 14:11:47 | node_46 | INFO ] 🧠 Aggregation complete. Setting new model.
[ 2026-05-13 14:11:47 | node_31 | INFO ] 🧠 Aggregation complete. Setting new model.
[ 2026-05-13 14:11:47 | node_31 | INFO ] 🗣️ Gossiping aggregated model.
[ 2026-05-13 14:11:47 | node_46 | INFO ] 🗣️ Gossiping aggregated model.
[ 2026-05-13 14:11:48 | node_36 | INFO ] 🧩 Model added for round 46 (6/7) from ['node_32']
[ 2026-05-13 14:11:48 | node_47 | INFO ] 🧩 Model added for round 46 (7/7) from ['node_7']
[ 2026-05-13 14:11:48 | node_28 | INFO ] 🧩 Model added for round 46 (11/12) from ['node_18']
[ 2026-05-13 14:11:48 | node_49 | INFO ] 🎉 Round 46 of 50 finished.
[ 2026-05-13 14:11:48 | node_49 | INFO ] 🗳️ [DETERMINISTIC] Train set assigned (No Voting). Size: 50
[ 2026-05-13 14:11:48 | node_49 | INFO ] ♻️ Proactively processing 8 early models for round 46.
[ 2026-05-13 14:11:48 | node_49 | INFO ] 🧩 Model added for round 46 (1/11) from ['node_1']
[ 2026-05-13 14:11:48 | node_49 | INFO ] 🧩 Model added for round 46 (2/11) from ['node_48']
[ 2026-05-13 14:11:48 | node_49 | INFO ] 🧩 Model added for round 46 (3/11) from ['node_16']
[ 2026-05-13 14:11:48 | node_42 | INFO ] 📤 Sending model to 14 direct neighbors: ['node_3', 'node_5', 'node_7', 'node_8', 'node_11', 'node_12', 'node_17', 'node_19', 'node_23', 'node_28', 'node_29', 'node_36', 'node_39', 'node_44']
[ 2026-05-13 14:11:48 | node_49 | INFO ] 🧩 Model added for round 46 (4/11) from ['node_10']
[ 2026-05-13 14:11:48 | node_49 | INFO ] 🧩 Model added for round 46 (5/11) from ['node_27']
[ 2026-05-13 14:11:48 | node_49 | INFO ] 🧩 Model added for round 46 (6/11) from ['node_29']
[ 2026-05-13 14:11:48 | node_49 | INFO ] 🧩 Model added for round 46 (7/11) from ['node_9']
[ 2026-05-13 14:11:48 | node_49 | INFO ] 🧩 Model added for round 46 (8/11) from ['node_43']
[ 2026-05-13 14:11:48 | node_49 | INFO ] 🏋️‍♀️ Preparing training...
[ 2026-05-13 14:11:49 | node_37 | INFO ] 🧩 Model added for round 46 (4/4) from ['node_32']
[ 2026-05-13 14:11:49 | node_3 | INFO ] 🧩 Model added for round 46 (12/12) from ['node_42']
[ 2026-05-13 14:11:49 | node_29 | INFO ] 🧩 Model added for round 46 (11/15) from ['node_18']
[ 2026-05-13 14:11:49 | node_49 | INFO ] 🎓 Training step done.
[ 2026-05-13 14:11:49 | node_49 | INFO ] 🛠️ Calling force_add_local_model...
[ 2026-05-13 14:11:49 | node_49 | INFO ] ✅ [FORCE] Local model added for round 46. (9/11)
[ 2026-05-13 14:11:49 | node_37 | INFO ] 🧠 Aggregation complete. Setting new model.
[ 2026-05-13 14:11:49 | node_47 | INFO ] 🧠 Aggregation complete. Setting new model.
[ 2026-05-13 14:11:49 | node_33 | INFO ] 📤 Sending model to 10 direct neighbors: ['node_9', 'node_11', 'node_13', 'node_18', 'node_22', 'node_24', 'node_29', 'node_32', 'node_40', 'node_49']
[ 2026-05-13 14:11:50 | node_37 | INFO ] 🗣️ Gossiping aggregated model.
[ 2026-05-13 14:11:50 | node_40 | INFO ] 🧩 Model added for round 46 (5/6) from ['node_32']
[ 2026-05-13 14:11:50 | node_47 | INFO ] 🗣️ Gossiping aggregated model.
[ 2026-05-13 14:11:50 | node_9 | INFO ] 🧩 Model added for round 46 (9/10) from ['node_33']
[ 2026-05-13 14:11:50 | node_21 | INFO ] 🧠 Aggregation complete. Setting new model.
[ 2026-05-13 14:11:51 | node_5 | INFO ] 🧩 Model added for round 46 (8/9) from ['node_42']
[ 2026-05-13 14:11:51 | node_49 | INFO ] 🧩 Model added for round 46 (10/11) from ['node_32']
[ 2026-05-13 14:11:51 | node_21 | INFO ] 🗣️ Gossiping aggregated model.
[ 2026-05-13 14:11:51 | node_11 | INFO ] 🧩 Model added for round 46 (8/10) from ['node_33']
[ 2026-05-13 14:11:52 | node_32 | INFO ] 🧩 Model added for round 46 (11/13) from ['node_18']
[ 2026-05-13 14:11:52 | node_7 | INFO ] 🧩 Model added for round 46 (14/14) from ['node_42']
[ 2026-05-13 14:11:52 | node_3 | INFO ] 🧠 Aggregation complete. Setting new model.
[ 2026-05-13 14:11:53 | node_13 | INFO ] 🧩 Model added for round 46 (9/9) from ['node_33']
[ 2026-05-13 14:11:53 | node_3 | INFO ] 🗣️ Gossiping aggregated model.
[ 2026-05-13 14:11:53 | node_33 | INFO ] 🧩 Model added for round 46 (10/11) from ['node_18']
[ 2026-05-13 14:11:54 | node_8 | INFO ] 🧩 Model added for round 46 (9/10) from ['node_42']
[ 2026-05-13 14:11:54 | node_18 | INFO ] 🧩 Model added for round 46 (12/13) from ['node_33']
[ 2026-05-13 14:11:54 | node_49 | INFO ] 📤 Sending model to 10 direct neighbors: ['node_1', 'node_9', 'node_10', 'node_16', 'node_27', 'node_29', 'node_32', 'node_33', 'node_43', 'node_48']
[ 2026-05-13 14:11:54 | node_34 | INFO ] 🧩 Model added for round 46 (8/8) from ['node_18']
[ 2026-05-13 14:11:54 | node_7 | INFO ] 🧠 Aggregation complete. Setting new model.
[ 2026-05-13 14:11:54 | node_13 | INFO ] 🧠 Aggregation complete. Setting new model.
[ 2026-05-13 14:11:55 | node_1 | INFO ] 🧩 Model added for round 46 (5/5) from ['node_49']
[ 2026-05-13 14:11:55 | node_11 | INFO ] 🧩 Model added for round 46 (9/10) from ['node_42']
[ 2026-05-13 14:11:55 | node_13 | INFO ] 🗣️ Gossiping aggregated model.
[ 2026-05-13 14:11:56 | node_7 | INFO ] 🗣️ Gossiping aggregated model.
[ 2026-05-13 14:11:56 | node_9 | INFO ] 🧩 Model added for round 46 (10/10) from ['node_49']
[ 2026-05-13 14:11:56 | node_35 | INFO ] 🧩 Model added for round 46 (7/7) from ['node_18']
[ 2026-05-13 14:11:56 | node_22 | INFO ] 🧩 Model added for round 46 (5/5) from ['node_33']
[ 2026-05-13 14:11:57 | node_12 | INFO ] 🧩 Model added for round 46 (13/13) from ['node_42']
[ 2026-05-13 14:11:58 | node_41 | INFO ] 🧩 Model added for round 46 (3/3) from ['node_18']
[ 2026-05-13 14:11:58 | node_24 | INFO ] 🧩 Model added for round 46 (8/9) from ['node_33']
[ 2026-05-13 14:11:58 | node_1 | INFO ] 🧠 Aggregation complete. Setting new model.
[ 2026-05-13 14:11:58 | node_34 | INFO ] 🧠 Aggregation complete. Setting new model.
[ 2026-05-13 14:11:58 | node_10 | INFO ] 🧩 Model added for round 46 (8/8) from ['node_49']
[ 2026-05-13 14:11:59 | ModelPackager | INFO ] Round 46: Consensus detected (dist: 0.000917). Patience: 1/5
[ 2026-05-13 14:11:59 | node_22 | INFO ] 🧠 Aggregation complete. Setting new model.
[ 2026-05-13 14:11:59 | node_35 | INFO ] 🧠 Aggregation complete. Setting new model.
[ 2026-05-13 14:11:59 | node_9 | INFO ] 🧠 Aggregation complete. Setting new model.
[ 2026-05-13 14:11:59 | node_10 | INFO ] 🧠 Aggregation complete. Setting new model.
[ 2026-05-13 14:11:59 | node_12 | INFO ] 🧠 Aggregation complete. Setting new model.
[ 2026-05-13 14:11:59 | node_41 | INFO ] 🧠 Aggregation complete. Setting new model.
[ 2026-05-13 14:11:59 | node_1 | INFO ] 🗣️ Gossiping aggregated model.
[ 2026-05-13 14:11:59 | node_41 | INFO ] 🗣️ Gossiping aggregated model.
[ 2026-05-13 14:11:59 | node_22 | INFO ] 🗣️ Gossiping aggregated model.
[ 2026-05-13 14:11:59 | node_35 | INFO ] 🗣️ Gossiping aggregated model.
[ 2026-05-13 14:11:59 | node_34 | INFO ] 🗣️ Gossiping aggregated model.
[ 2026-05-13 14:11:59 | node_10 | INFO ] 🗣️ Gossiping aggregated model.
[ 2026-05-13 14:12:00 | node_9 | INFO ] 🗣️ Gossiping aggregated model.
[ 2026-05-13 14:12:00 | node_12 | INFO ] 🗣️ Gossiping aggregated model.
[ 2026-05-13 14:12:00 | node_29 | INFO ] 🧩 Model added for round 46 (12/15) from ['node_33']
[ 2026-05-13 14:12:00 | node_16 | INFO ] 🧩 Model added for round 46 (14/14) from ['node_49']
[ 2026-05-13 14:12:00 | node_17 | INFO ] 🧩 Model added for round 46 (8/8) from ['node_42']
[ 2026-05-13 14:12:01 | node_19 | INFO ] 🧩 Model added for round 46 (8/8) from ['node_42']
[ 2026-05-13 14:12:01 | node_27 | INFO ] 🧩 Model added for round 46 (9/9) from ['node_49']
[ 2026-05-13 14:12:02 | node_32 | INFO ] 🧩 Model added for round 46 (12/13) from ['node_33']
[ 2026-05-13 14:12:02 | node_17 | INFO ] 🧠 Aggregation complete. Setting new model.
[ 2026-05-13 14:12:02 | node_19 | INFO ] 🧠 Aggregation complete. Setting new model.
[ 2026-05-13 14:12:02 | node_27 | INFO ] 🧠 Aggregation complete. Setting new model.
[ 2026-05-13 14:12:02 | node_16 | INFO ] 🧠 Aggregation complete. Setting new model.
[ 2026-05-13 14:12:02 | node_27 | INFO ] 🗣️ Gossiping aggregated model.
[ 2026-05-13 14:12:03 | node_23 | INFO ] 🧩 Model added for round 46 (8/8) from ['node_42']
[ 2026-05-13 14:12:03 | node_19 | INFO ] 🗣️ Gossiping aggregated model.
[ 2026-05-13 14:12:03 | node_17 | INFO ] 🗣️ Gossiping aggregated model.
[ 2026-05-13 14:12:03 | node_16 | INFO ] 🗣️ Gossiping aggregated model.
[ 2026-05-13 14:12:03 | node_29 | INFO ] 🧩 Model added for round 46 (13/15) from ['node_49']
[ 2026-05-13 14:12:04 | node_40 | INFO ] 🧩 Model added for round 46 (6/6) from ['node_33']
[ 2026-05-13 14:12:04 | node_28 | INFO ] 🧩 Model added for round 46 (12/12) from ['node_42']
[ 2026-05-13 14:12:04 | node_49 | INFO ] 🧩 Model added for round 46 (11/11) from ['node_33']
[ 2026-05-13 14:12:04 | node_32 | INFO ] 🧩 Model added for round 46 (13/13) from ['node_49']
[ 2026-05-13 14:12:04 | node_40 | INFO ] 🧠 Aggregation complete. Setting new model.
[ 2026-05-13 14:12:04 | node_23 | INFO ] 🧠 Aggregation complete. Setting new model.
[ 2026-05-13 14:12:04 | node_28 | INFO ] 🧠 Aggregation complete. Setting new model.
[ 2026-05-13 14:12:04 | node_32 | INFO ] 🧠 Aggregation complete. Setting new model.
[ 2026-05-13 14:12:05 | node_26 | INFO ] 🤫 Gossip finished.
[ 2026-05-13 14:12:05 | node_26 | INFO ] 🔬 Evaluating...
[ 2026-05-13 14:12:05 | node_40 | INFO ] 🗣️ Gossiping aggregated model.
[ 2026-05-13 14:12:05 | node_23 | INFO ] 🗣️ Gossiping aggregated model.
[ 2026-05-13 14:12:05 | node_26 | INFO ] 📈 Evaluated. Results: {'test_loss': 0.37533703446388245, 'test_acc': 0.9549999833106995, 'test_precision': 0.9520070552825928, 'test_recall': 0.9562118053436279, 'test_f1': 0.9520607590675354, 'communication_cost': 15053584}
[ 2026-05-13 14:12:05 | node_26 | INFO ] 📢 Broadcasting metrics.
[ 2026-05-13 14:12:05 | node_28 | INFO ] 🗣️ Gossiping aggregated model.
[ 2026-05-13 14:12:06 | node_29 | INFO ] 🧩 Model added for round 46 (14/15) from ['node_42']
[ 2026-05-13 14:12:06 | node_38 | INFO ] 🤫 Gossip finished.
[ 2026-05-13 14:12:06 | node_32 | INFO ] 🗣️ Gossiping aggregated model.
[ 2026-05-13 14:12:06 | node_38 | INFO ] 🔬 Evaluating...
[ 2026-05-13 14:12:06 | node_33 | INFO ] 🧩 Model added for round 46 (11/11) from ['node_49']
[ 2026-05-13 14:12:06 | node_38 | INFO ] 📈 Evaluated. Results: {'test_loss': 0.16211195290088654, 'test_acc': 0.9599999785423279, 'test_precision': 0.9592435359954834, 'test_recall': 0.9567378163337708, 'test_f1': 0.9576506018638611, 'communication_cost': 26343772}
[ 2026-05-13 14:12:06 | node_37 | INFO ] 🤫 Gossip finished.
[ 2026-05-13 14:12:07 | node_37 | INFO ] 🔬 Evaluating...
[ 2026-05-13 14:12:07 | node_38 | INFO ] 📢 Broadcasting metrics.
[ 2026-05-13 14:12:07 | node_37 | INFO ] 📈 Evaluated. Results: {'test_loss': 0.14939817786216736, 'test_acc': 0.9649999737739563, 'test_precision': 0.9686403870582581, 'test_recall': 0.9652150869369507, 'test_f1': 0.9659589529037476, 'communication_cost': 11290188}
[ 2026-05-13 14:12:07 | node_26 | INFO ] 🎉 Round 47 of 50 finished.
[ 2026-05-13 14:12:07 | node_26 | INFO ] 🗳️ [DETERMINISTIC] Train set assigned (No Voting). Size: 50
[ 2026-05-13 14:12:07 | node_26 | INFO ] 🏋️‍♀️ Preparing training...
[ 2026-05-13 14:12:07 | node_37 | INFO ] 📢 Broadcasting metrics.
[ 2026-05-13 14:12:07 | node_36 | INFO ] 🧩 Model added for round 46 (7/7) from ['node_42']
[ 2026-05-13 14:12:08 | node_26 | INFO ] 🎓 Training step done.
[ 2026-05-13 14:12:08 | node_43 | INFO ] 🧩 Model added for round 46 (9/10) from ['node_49']
[ 2026-05-13 14:12:08 | node_26 | INFO ] 🛠️ Calling force_add_local_model...
[ 2026-05-13 14:12:08 | node_26 | INFO ] ✅ [FORCE] Local model added for round 47. (1/5)
[ 2026-05-13 14:12:08 | node_36 | INFO ] 🧠 Aggregation complete. Setting new model.
[ 2026-05-13 14:12:08 | node_37 | INFO ] 🎉 Round 47 of 50 finished.
[ 2026-05-13 14:12:08 | node_37 | INFO ] 🗳️ [DETERMINISTIC] Train set assigned (No Voting). Size: 50
[ 2026-05-13 14:12:08 | node_37 | INFO ] 🏋️‍♀️ Preparing training...
[ 2026-05-13 14:12:08 | node_36 | INFO ] 🗣️ Gossiping aggregated model.
[ 2026-05-13 14:12:09 | node_38 | INFO ] 🎉 Round 47 of 50 finished.
[ 2026-05-13 14:12:09 | node_38 | INFO ] 🗳️ [DETERMINISTIC] Train set assigned (No Voting). Size: 50
[ 2026-05-13 14:12:09 | node_39 | INFO ] 🧩 Model added for round 46 (11/11) from ['node_42']
[ 2026-05-13 14:12:09 | node_33 | INFO ] 🧠 Aggregation complete. Setting new model.
[ 2026-05-13 14:12:09 | node_37 | INFO ] 🎓 Training step done.
[ 2026-05-13 14:12:09 | node_48 | INFO ] 🧩 Model added for round 46 (8/8) from ['node_49']
[ 2026-05-13 14:12:09 | node_37 | INFO ] 🛠️ Calling force_add_local_model...
[ 2026-05-13 14:12:09 | node_38 | INFO ] 🏋️‍♀️ Preparing training...
[ 2026-05-13 14:12:09 | node_37 | INFO ] ✅ [FORCE] Local model added for round 47. (1/4)
[ 2026-05-13 14:12:10 | node_39 | INFO ] 🧠 Aggregation complete. Setting new model.
[ 2026-05-13 14:12:10 | node_38 | INFO ] 🎓 Training step done.
[ 2026-05-13 14:12:10 | node_38 | INFO ] 🛠️ Calling force_add_local_model...
[ 2026-05-13 14:12:10 | node_38 | INFO ] ✅ [FORCE] Local model added for round 47. (1/8)
[ 2026-05-13 14:12:10 | node_48 | INFO ] 🧠 Aggregation complete. Setting new model.
[ 2026-05-13 14:12:10 | node_33 | INFO ] 🗣️ Gossiping aggregated model.
[ 2026-05-13 14:12:10 | node_44 | INFO ] 🧩 Model added for round 46 (6/6) from ['node_42']
[ 2026-05-13 14:12:11 | node_48 | INFO ] 🗣️ Gossiping aggregated model.
[ 2026-05-13 14:12:11 | node_45 | INFO ] 🤫 Gossip finished.
[ 2026-05-13 14:12:11 | node_44 | INFO ] 🧠 Aggregation complete. Setting new model.
[ 2026-05-13 14:12:11 | node_39 | INFO ] 🗣️ Gossiping aggregated model.
[ 2026-05-13 14:12:11 | node_45 | INFO ] 🔬 Evaluating...
[ 2026-05-13 14:12:11 | node_45 | INFO ] 📈 Evaluated. Results: {'test_loss': 0.27578699588775635, 'test_acc': 0.9549999833106995, 'test_precision': 0.9552050232887268, 'test_recall': 0.9569672346115112, 'test_f1': 0.9545223712921143, 'communication_cost': 15053584}
[ 2026-05-13 14:12:11 | node_45 | INFO ] 📢 Broadcasting metrics.
[ 2026-05-13 14:12:11 | node_22 | INFO ] 🤫 Gossip finished.
[ 2026-05-13 14:12:11 | node_49 | INFO ] 🧠 Aggregation complete. Setting new model.
[ 2026-05-13 14:12:11 | node_44 | INFO ] 🗣️ Gossiping aggregated model.
[ 2026-05-13 14:12:11 | node_22 | INFO ] 🔬 Evaluating...
[ 2026-05-13 14:12:12 | node_22 | INFO ] 📈 Evaluated. Results: {'test_loss': 0.5520551800727844, 'test_acc': 0.9700000286102295, 'test_precision': 0.9728555083274841, 'test_recall': 0.9755542278289795, 'test_f1': 0.9737755060195923, 'communication_cost': 15053584}
[ 2026-05-13 14:12:12 | node_22 | INFO ] 📢 Broadcasting metrics.
[ 2026-05-13 14:12:12 | node_49 | INFO ] 🗣️ Gossiping aggregated model.
[ 2026-05-13 14:12:12 | node_1 | INFO ] 🤫 Gossip finished.
[ 2026-05-13 14:12:13 | node_1 | INFO ] 🔬 Evaluating...
[ 2026-05-13 14:12:13 | node_26 | INFO ] 📤 Sending model to 4 direct neighbors: ['node_16', 'node_19', 'node_21', 'node_46']
[ 2026-05-13 14:12:13 | node_45 | INFO ] 🎉 Round 47 of 50 finished.
[ 2026-05-13 14:12:13 | node_45 | INFO ] 🗳️ [DETERMINISTIC] Train set assigned (No Voting). Size: 50
[ 2026-05-13 14:12:13 | node_45 | INFO ] 🏋️‍♀️ Preparing training...
[ 2026-05-13 14:12:13 | node_22 | INFO ] 🎉 Round 47 of 50 finished.
[ 2026-05-13 14:12:13 | node_22 | INFO ] 🗳️ [DETERMINISTIC] Train set assigned (No Voting). Size: 50
[ 2026-05-13 14:12:13 | node_22 | INFO ] 🏋️‍♀️ Preparing training...
[ 2026-05-13 14:12:14 | node_45 | INFO ] 🎓 Training step done.
[ 2026-05-13 14:12:14 | node_45 | INFO ] 🛠️ Calling force_add_local_model...
[ 2026-05-13 14:12:14 | node_45 | INFO ] ✅ [FORCE] Local model added for round 47. (1/5)
[ 2026-05-13 14:12:14 | node_22 | INFO ] 🎓 Training step done.
[ 2026-05-13 14:12:14 | node_22 | INFO ] 🛠️ Calling force_add_local_model...
[ 2026-05-13 14:12:14 | node_1 | INFO ] 📈 Evaluated. Results: {'test_loss': 0.26606127619743347, 'test_acc': 0.9599999785423279, 'test_precision': 0.9629875421524048, 'test_recall': 0.9559934735298157, 'test_f1': 0.9568675756454468, 'communication_cost': 15053584}
[ 2026-05-13 14:12:14 | node_22 | INFO ] ✅ [FORCE] Local model added for round 47. (1/5)
[ 2026-05-13 14:12:14 | node_37 | INFO ] 📤 Sending model to 3 direct neighbors: ['node_10', 'node_23', 'node_32']
[ 2026-05-13 14:12:14 | node_1 | INFO ] 📢 Broadcasting metrics.
[ 2026-05-13 14:12:15 | node_38 | INFO ] 📤 Sending model to 7 direct neighbors: ['node_2', 'node_6', 'node_7', 'node_9', 'node_23', 'node_34', 'node_45']
[ 2026-05-13 14:12:15 | node_42 | INFO ] 🧠 Aggregation complete. Setting new model.
[ 2026-05-13 14:12:17 | node_1 | INFO ] 🎉 Round 47 of 50 finished.
[ 2026-05-13 14:12:17 | node_42 | INFO ] 🗣️ Gossiping aggregated model.
[ 2026-05-13 14:12:17 | node_1 | INFO ] 🗳️ [DETERMINISTIC] Train set assigned (No Voting). Size: 50
[ 2026-05-13 14:12:17 | node_1 | INFO ] 🏋️‍♀️ Preparing training...
[ 2026-05-13 14:12:17 | node_45 | INFO ] 🧩 Model added for round 47 (2/5) from ['node_38']
[ 2026-05-13 14:12:18 | node_1 | INFO ] 🎓 Training step done.
[ 2026-05-13 14:12:18 | node_1 | INFO ] 🛠️ Calling force_add_local_model...
[ 2026-05-13 14:12:18 | node_1 | INFO ] ✅ [FORCE] Local model added for round 47. (1/5)
[ 2026-05-13 14:12:18 | node_44 | INFO ] 🤫 Gossip finished.
[ 2026-05-13 14:12:18 | node_44 | INFO ] 🔬 Evaluating...
[ 2026-05-13 14:12:19 | node_44 | INFO ] 📈 Evaluated. Results: {'test_loss': 0.2647683620452881, 'test_acc': 0.9599999785423279, 'test_precision': 0.9598931074142456, 'test_recall': 0.957338809967041, 'test_f1': 0.9578470587730408, 'communication_cost': 18816980}
[ 2026-05-13 14:12:19 | node_45 | INFO ] 📤 Sending model to 4 direct neighbors: ['node_14', 'node_16', 'node_38', 'node_48']
[ 2026-05-13 14:12:19 | node_44 | INFO ] 📢 Broadcasting metrics.
[ 2026-05-13 14:12:19 | node_22 | INFO ] 📤 Sending model to 4 direct neighbors: ['node_12', 'node_14', 'node_33', 'node_39']
[ 2026-05-13 14:12:20 | node_38 | INFO ] 🧩 Model added for round 47 (2/8) from ['node_45']
[ 2026-05-13 14:12:21 | node_44 | INFO ] 🎉 Round 47 of 50 finished.
[ 2026-05-13 14:12:21 | node_44 | INFO ] 🗳️ [DETERMINISTIC] Train set assigned (No Voting). Size: 50
[ 2026-05-13 14:12:21 | node_44 | INFO ] 🏋️‍♀️ Preparing training...
[ 2026-05-13 14:12:21 | node_44 | INFO ] 🎓 Training step done.
[ 2026-05-13 14:12:21 | node_44 | INFO ] 🛠️ Calling force_add_local_model...
[ 2026-05-13 14:12:21 | node_44 | INFO ] ✅ [FORCE] Local model added for round 47. (1/6)
[ 2026-05-13 14:12:23 | node_1 | INFO ] 📤 Sending model to 4 direct neighbors: ['node_7', 'node_12', 'node_28', 'node_49']
[ 2026-05-13 14:12:27 | node_44 | INFO ] 📤 Sending model to 5 direct neighbors: ['node_3', 'node_14', 'node_40', 'node_42', 'node_47']
[ 2026-05-13 14:13:03 | node_31 | INFO ] ⏹️  Gossiping exited for 50 equal rounds.
[ 2026-05-13 14:13:04 | node_31 | INFO ] 🔬 Evaluating...
[ 2026-05-13 14:13:04 | node_31 | INFO ] 📈 Evaluated. Results: {'test_loss': 0.14588381350040436, 'test_acc': 0.9700000286102295, 'test_precision': 0.9725858569145203, 'test_recall': 0.9670419096946716, 'test_f1': 0.9688311815261841, 'communication_cost': 7526792}
[ 2026-05-13 14:13:04 | node_31 | INFO ] 📢 Broadcasting metrics.
[ 2026-05-13 14:13:05 | node_31 | INFO ] 🎉 Round 47 of 50 finished.
[ 2026-05-13 14:13:05 | node_31 | INFO ] 🗳️ [DETERMINISTIC] Train set assigned (No Voting). Size: 50
[ 2026-05-13 14:13:05 | node_31 | INFO ] 🏋️‍♀️ Preparing training...
[ 2026-05-13 14:13:05 | node_31 | INFO ] 🎓 Training step done.
[ 2026-05-13 14:13:05 | node_31 | INFO ] 🛠️ Calling force_add_local_model...
[ 2026-05-13 14:13:05 | node_31 | INFO ] ✅ [FORCE] Local model added for round 47. (1/3)
[ 2026-05-13 14:13:11 | node_31 | INFO ] 📤 Sending model to 2 direct neighbors: ['node_2', 'node_4']
[ 2026-05-13 14:13:17 | node_34 | INFO ] ⏹️  Gossiping exited for 50 equal rounds.
[ 2026-05-13 14:13:17 | node_34 | INFO ] 🔬 Evaluating...
[ 2026-05-13 14:13:17 | node_34 | INFO ] 📈 Evaluated. Results: {'test_loss': 0.16043861210346222, 'test_acc': 0.9750000238418579, 'test_precision': 0.9714580774307251, 'test_recall': 0.9781714081764221, 'test_f1': 0.9742200374603271, 'communication_cost': 26343772}
[ 2026-05-13 14:13:17 | node_41 | INFO ] ⏹️  Gossiping exited for 50 equal rounds.
[ 2026-05-13 14:13:18 | node_41 | INFO ] 🔬 Evaluating...
[ 2026-05-13 14:13:18 | node_34 | INFO ] 📢 Broadcasting metrics.
[ 2026-05-13 14:13:18 | node_41 | INFO ] 📈 Evaluated. Results: {'test_loss': 0.3905383348464966, 'test_acc': 0.9599999785423279, 'test_precision': 0.9595726132392883, 'test_recall': 0.9578887820243835, 'test_f1': 0.9581099152565002, 'communication_cost': 7526792}
[ 2026-05-13 14:13:18 | node_41 | INFO ] 📢 Broadcasting metrics.
[ 2026-05-13 14:13:19 | node_41 | INFO ] 🎉 Round 47 of 50 finished.
[ 2026-05-13 14:13:19 | node_41 | INFO ] 🗳️ [DETERMINISTIC] Train set assigned (No Voting). Size: 50
[ 2026-05-13 14:13:19 | node_41 | INFO ] 🏋️‍♀️ Preparing training...
[ 2026-05-13 14:13:19 | node_41 | INFO ] 🎓 Training step done.
[ 2026-05-13 14:13:19 | node_41 | INFO ] 🛠️ Calling force_add_local_model...
[ 2026-05-13 14:13:19 | node_41 | INFO ] ✅ [FORCE] Local model added for round 47. (1/3)
[ 2026-05-13 14:13:20 | node_34 | INFO ] 🎉 Round 47 of 50 finished.
[ 2026-05-13 14:13:20 | node_27 | INFO ] ⏹️  Gossiping exited for 50 equal rounds.
[ 2026-05-13 14:13:20 | node_34 | INFO ] 🗳️ [DETERMINISTIC] Train set assigned (No Voting). Size: 50
[ 2026-05-13 14:13:20 | node_27 | INFO ] 🔬 Evaluating...
[ 2026-05-13 14:13:20 | node_34 | INFO ] ♻️ Proactively processing 1 early models for round 47.
[ 2026-05-13 14:13:20 | node_34 | INFO ] 🧩 Model added for round 47 (1/8) from ['node_38']
[ 2026-05-13 14:13:20 | node_34 | INFO ] 🏋️‍♀️ Preparing training...
[ 2026-05-13 14:13:21 | node_27 | INFO ] 📈 Evaluated. Results: {'test_loss': 0.13685272634029388, 'test_acc': 0.9750000238418579, 'test_precision': 0.9733626842498779, 'test_recall': 0.9767633080482483, 'test_f1': 0.9742873907089233, 'communication_cost': 30107168}
[ 2026-05-13 14:13:21 | node_27 | INFO ] 📢 Broadcasting metrics.
[ 2026-05-13 14:13:21 | node_34 | INFO ] 🎓 Training step done.
[ 2026-05-13 14:13:21 | node_34 | INFO ] 🛠️ Calling force_add_local_model...
[ 2026-05-13 14:13:21 | node_34 | INFO ] ✅ [FORCE] Local model added for round 47. (2/8)
[ 2026-05-13 14:13:23 | node_40 | INFO ] ⏹️  Gossiping exited for 50 equal rounds.
[ 2026-05-13 14:13:23 | node_40 | INFO ] 🔬 Evaluating...
[ 2026-05-13 14:13:23 | node | INFO ] ⏹️  Gossiping exited for 50 equal rounds.
[ 2026-05-13 14:13:23 | node_40 | INFO ] 📈 Evaluated. Results: {'test_loss': 0.39366772770881653, 'test_acc': 0.9599999785423279, 'test_precision': 0.9629541635513306, 'test_recall': 0.9627622365951538, 'test_f1': 0.9613931179046631, 'communication_cost': 18816980}
[ 2026-05-13 14:13:23 | node | INFO ] 🔬 Evaluating...
[ 2026-05-13 14:13:23 | node_40 | INFO ] 📢 Broadcasting metrics.
[ 2026-05-13 14:13:23 | node | INFO ] 📈 Evaluated. Results: {'test_loss': 0.06706301867961884, 'test_acc': 0.9800000190734863, 'test_precision': 0.9796808362007141, 'test_recall': 0.9804166555404663, 'test_f1': 0.9797595143318176, 'communication_cost': 22580376}
[ 2026-05-13 14:13:23 | node | INFO ] 📢 Broadcasting metrics.
[ 2026-05-13 14:13:24 | node_27 | INFO ] 🎉 Round 47 of 50 finished.
[ 2026-05-13 14:13:24 | node_27 | INFO ] 🗳️ [DETERMINISTIC] Train set assigned (No Voting). Size: 50
[ 2026-05-13 14:13:24 | node_27 | INFO ] 🏋️‍♀️ Preparing training...
[ 2026-05-13 14:13:24 | node_41 | INFO ] 📤 Sending model to 2 direct neighbors: ['node_18', 'node_39']
[ 2026-05-13 14:13:24 | node_27 | INFO ] 🎓 Training step done.
[ 2026-05-13 14:13:25 | node_27 | INFO ] 🛠️ Calling force_add_local_model...
[ 2026-05-13 14:13:25 | node_27 | INFO ] ✅ [FORCE] Local model added for round 47. (1/9)
[ 2026-05-13 14:13:26 | node_40 | INFO ] 🎉 Round 47 of 50 finished.
[ 2026-05-13 14:13:26 | node_40 | INFO ] 🗳️ [DETERMINISTIC] Train set assigned (No Voting). Size: 50
[ 2026-05-13 14:13:26 | node_40 | INFO ] ♻️ Proactively processing 1 early models for round 47.
[ 2026-05-13 14:13:26 | node_40 | INFO ] 🧩 Model added for round 47 (1/6) from ['node_44']
[ 2026-05-13 14:13:26 | node_40 | INFO ] 🏋️‍♀️ Preparing training...
[ 2026-05-13 14:13:26 | node_34 | INFO ] 📤 Sending model to 7 direct neighbors: ['node_3', 'node_9', 'node_12', 'node_18', 'node_23', 'node_28', 'node_38']
[ 2026-05-13 14:13:26 | node | INFO ] 🎉 Round 47 of 50 finished.
[ 2026-05-13 14:13:26 | node | INFO ] 🗳️ [DETERMINISTIC] Train set assigned (No Voting). Size: 50
[ 2026-05-13 14:13:26 | node_40 | INFO ] 🎓 Training step done.
[ 2026-05-13 14:13:26 | node_40 | INFO ] 🛠️ Calling force_add_local_model...
[ 2026-05-13 14:13:26 | node | INFO ] 🏋️‍♀️ Preparing training...
[ 2026-05-13 14:13:27 | node_40 | INFO ] ✅ [FORCE] Local model added for round 47. (2/6)
[ 2026-05-13 14:13:27 | node | INFO ] 🎓 Training step done.
[ 2026-05-13 14:13:27 | node | INFO ] 🛠️ Calling force_add_local_model...
[ 2026-05-13 14:13:27 | node | INFO ] ✅ [FORCE] Local model added for round 47. (1/7)
[ 2026-05-13 14:13:28 | node_48 | INFO ] ⏹️  Gossiping exited for 50 equal rounds.
[ 2026-05-13 14:13:28 | node_48 | INFO ] 🔬 Evaluating...
[ 2026-05-13 14:13:28 | node_48 | INFO ] 📈 Evaluated. Results: {'test_loss': 0.08171109110116959, 'test_acc': 0.9850000143051147, 'test_precision': 0.9847369194030762, 'test_recall': 0.9883415699005127, 'test_f1': 0.9861587285995483, 'communication_cost': 26343772}
[ 2026-05-13 14:13:28 | node_48 | INFO ] 📢 Broadcasting metrics.
[ 2026-05-13 14:13:28 | node_38 | INFO ] 🧩 Model added for round 47 (3/8) from ['node_34']
[ 2026-05-13 14:13:30 | node_27 | INFO ] 📤 Sending model to 8 direct neighbors: ['node_3', 'node_7', 'node_9', 'node_16', 'node_21', 'node_28', 'node_32', 'node_49']
[ 2026-05-13 14:13:31 | node_48 | INFO ] 🎉 Round 47 of 50 finished.
[ 2026-05-13 14:13:31 | node_48 | INFO ] 🗳️ [DETERMINISTIC] Train set assigned (No Voting). Size: 50
[ 2026-05-13 14:13:31 | node_48 | INFO ] ♻️ Proactively processing 1 early models for round 47.
[ 2026-05-13 14:13:31 | node_48 | INFO ] 🧩 Model added for round 47 (1/8) from ['node_45']
[ 2026-05-13 14:13:31 | node_48 | INFO ] 🏋️‍♀️ Preparing training...
[ 2026-05-13 14:13:31 | node_48 | INFO ] 🎓 Training step done.
[ 2026-05-13 14:13:31 | node_48 | INFO ] 🛠️ Calling force_add_local_model...
[ 2026-05-13 14:13:31 | node_48 | INFO ] ✅ [FORCE] Local model added for round 47. (2/8)
[ 2026-05-13 14:13:32 | node_40 | INFO ] 📤 Sending model to 5 direct neighbors: ['node_11', 'node_32', 'node_33', 'node_39', 'node_44']
[ 2026-05-13 14:13:32 | node_15 | INFO ] ⏹️  Gossiping exited for 50 equal rounds.
[ 2026-05-13 14:13:32 | node_15 | INFO ] 🔬 Evaluating...
[ 2026-05-13 14:13:32 | node | INFO ] 📤 Sending model to 6 direct neighbors: ['node_4', 'node_6', 'node_7', 'node_25', 'node_29', 'node_39']
[ 2026-05-13 14:13:32 | node_15 | INFO ] 📈 Evaluated. Results: {'test_loss': 0.11099740862846375, 'test_acc': 0.9700000286102295, 'test_precision': 0.9736275672912598, 'test_recall': 0.9746204614639282, 'test_f1': 0.9734984040260315, 'communication_cost': 22580376}
[ 2026-05-13 14:13:32 | node_15 | INFO ] 📢 Broadcasting metrics.
[ 2026-05-13 14:13:33 | node_44 | INFO ] 🧩 Model added for round 47 (2/6) from ['node_40']
[ 2026-05-13 14:13:35 | node_15 | INFO ] 🎉 Round 47 of 50 finished.
[ 2026-05-13 14:13:35 | node_15 | INFO ] 🗳️ [DETERMINISTIC] Train set assigned (No Voting). Size: 50
[ 2026-05-13 14:13:35 | node_15 | INFO ] 🏋️‍♀️ Preparing training...
[ 2026-05-13 14:13:35 | node_15 | INFO ] 🎓 Training step done.
[ 2026-05-13 14:13:35 | node_15 | INFO ] 🛠️ Calling force_add_local_model...
[ 2026-05-13 14:13:35 | node_15 | INFO ] ✅ [FORCE] Local model added for round 47. (1/7)
[ 2026-05-13 14:13:36 | node_10 | INFO ] ⏹️  Gossiping exited for 50 equal rounds.
[ 2026-05-13 14:13:36 | node_10 | INFO ] 🔬 Evaluating...
[ 2026-05-13 14:13:37 | node_47 | INFO ] ⏹️  Gossiping exited for 50 equal rounds.
[ 2026-05-13 14:13:37 | node_48 | INFO ] 📤 Sending model to 7 direct neighbors: ['node_3', 'node_6', 'node_20', 'node_25', 'node_35', 'node_45', 'node_49']
[ 2026-05-13 14:13:37 | node_47 | INFO ] 🔬 Evaluating...
[ 2026-05-13 14:13:37 | node_10 | INFO ] 📈 Evaluated. Results: {'test_loss': 0.20060187578201294, 'test_acc': 0.9649999737739563, 'test_precision': 0.9679149389266968, 'test_recall': 0.9644884467124939, 'test_f1': 0.9657220244407654, 'communication_cost': 26343772}
[ 2026-05-13 14:13:37 | node_10 | INFO ] 📢 Broadcasting metrics.
[ 2026-05-13 14:13:37 | node_47 | INFO ] 📈 Evaluated. Results: {'test_loss': 0.31075167655944824, 'test_acc': 0.9449999928474426, 'test_precision': 0.9484351873397827, 'test_recall': 0.9457981586456299, 'test_f1': 0.9449852705001831, 'communication_cost': 22580376}
[ 2026-05-13 14:13:37 | node_47 | INFO ] 📢 Broadcasting metrics.
[ 2026-05-13 14:13:38 | node_30 | INFO ] ⏹️  Gossiping exited for 50 equal rounds.
[ 2026-05-13 14:13:38 | node_30 | INFO ] 🔬 Evaluating...
[ 2026-05-13 14:13:38 | node_45 | INFO ] 🧩 Model added for round 47 (3/5) from ['node_48']
[ 2026-05-13 14:13:38 | node_30 | INFO ] 📈 Evaluated. Results: {'test_loss': 0.24324503540992737, 'test_acc': 0.9599999785423279, 'test_precision': 0.9643672704696655, 'test_recall': 0.962273359298706, 'test_f1': 0.9626049995422363, 'communication_cost': 33870564}
[ 2026-05-13 14:13:39 | node_30 | INFO ] 📢 Broadcasting metrics.
[ 2026-05-13 14:13:39 | node_17 | INFO ] ⏹️  Gossiping exited for 50 equal rounds.
[ 2026-05-13 14:13:39 | node_17 | INFO ] 🔬 Evaluating...
[ 2026-05-13 14:13:39 | node_47 | INFO ] 🎉 Round 47 of 50 finished.
[ 2026-05-13 14:13:39 | node_47 | INFO ] 🗳️ [DETERMINISTIC] Train set assigned (No Voting). Size: 50
[ 2026-05-13 14:13:39 | node_17 | INFO ] 📈 Evaluated. Results: {'test_loss': 0.31122416257858276, 'test_acc': 0.9599999785423279, 'test_precision': 0.9581926465034485, 'test_recall': 0.9571340680122375, 'test_f1': 0.957073450088501, 'communication_cost': 26343772}
[ 2026-05-13 14:13:40 | node_17 | INFO ] 📢 Broadcasting metrics.
[ 2026-05-13 14:13:40 | node_47 | INFO ] ♻️ Proactively processing 1 early models for round 47.
[ 2026-05-13 14:13:40 | node_47 | INFO ] 🧩 Model added for round 47 (1/7) from ['node_44']
[ 2026-05-13 14:13:40 | node_47 | INFO ] 🏋️‍♀️ Preparing training...
[ 2026-05-13 14:13:40 | node_10 | INFO ] 🎉 Round 47 of 50 finished.
[ 2026-05-13 14:13:40 | node_10 | INFO ] 🗳️ [DETERMINISTIC] Train set assigned (No Voting). Size: 50
[ 2026-05-13 14:13:40 | node_10 | INFO ] ♻️ Proactively processing 1 early models for round 47.
[ 2026-05-13 14:13:40 | node_10 | INFO ] 🧩 Model added for round 47 (1/8) from ['node_37']
[ 2026-05-13 14:13:40 | node_10 | INFO ] 🏋️‍♀️ Preparing training...
[ 2026-05-13 14:13:40 | node_47 | INFO ] 🎓 Training step done.
[ 2026-05-13 14:13:40 | node_47 | INFO ] 🛠️ Calling force_add_local_model...
[ 2026-05-13 14:13:40 | node_47 | INFO ] ✅ [FORCE] Local model added for round 47. (2/7)
[ 2026-05-13 14:13:40 | node_15 | INFO ] 📤 Sending model to 6 direct neighbors: ['node_3', 'node_4', 'node_9', 'node_14', 'node_28', 'node_47']
[ 2026-05-13 14:13:40 | node_10 | INFO ] 🎓 Training step done.
[ 2026-05-13 14:13:40 | node_10 | INFO ] 🛠️ Calling force_add_local_model...
[ 2026-05-13 14:13:40 | node_10 | INFO ] ✅ [FORCE] Local model added for round 47. (2/8)
[ 2026-05-13 14:13:42 | node_30 | INFO ] 🎉 Round 46 of 50 finished.
[ 2026-05-13 14:13:42 | node_30 | INFO ] 🗳️ [DETERMINISTIC] Train set assigned (No Voting). Size: 50
[ 2026-05-13 14:13:42 | node_30 | INFO ] ♻️ Proactively processing 9 early models for round 46.
[ 2026-05-13 14:13:42 | node_47 | INFO ] 🧩 Model added for round 47 (3/7) from ['node_15']
[ 2026-05-13 14:13:43 | node_30 | INFO ] 🧩 Model added for round 46 (1/10) from ['node_20']
[ 2026-05-13 14:13:43 | node_30 | INFO ] 🧩 Model added for round 46 (2/10) from ['node_11']
[ 2026-05-13 14:13:43 | node_17 | INFO ] 🎉 Round 47 of 50 finished.
[ 2026-05-13 14:13:43 | node_30 | INFO ] 🧩 Model added for round 46 (3/10) from ['node_24']
[ 2026-05-13 14:13:43 | node_30 | INFO ] 🧩 Model added for round 46 (4/10) from ['node_8']
[ 2026-05-13 14:13:43 | node_17 | INFO ] 🗳️ [DETERMINISTIC] Train set assigned (No Voting). Size: 50
[ 2026-05-13 14:13:43 | node_30 | INFO ] 🧩 Model added for round 46 (5/10) from ['node_29']
[ 2026-05-13 14:13:43 | node_30 | INFO ] 🧩 Model added for round 46 (6/10) from ['node_5']
[ 2026-05-13 14:13:43 | node_30 | INFO ] 🧩 Model added for round 46 (7/10) from ['node_43']
[ 2026-05-13 14:13:43 | node_17 | INFO ] 🏋️‍♀️ Preparing training...
[ 2026-05-13 14:13:43 | node_30 | INFO ] 🧩 Model added for round 46 (8/10) from ['node_4']
[ 2026-05-13 14:13:43 | node_30 | INFO ] 🧩 Model added for round 46 (9/10) from ['node_18']
[ 2026-05-13 14:13:43 | node_30 | INFO ] 🏋️‍♀️ Preparing training...
[ 2026-05-13 14:13:43 | node_17 | INFO ] 🎓 Training step done.
[ 2026-05-13 14:13:43 | node_17 | INFO ] 🛠️ Calling force_add_local_model...
[ 2026-05-13 14:13:43 | node_17 | INFO ] ✅ [FORCE] Local model added for round 47. (1/8)
[ 2026-05-13 14:13:43 | node_30 | INFO ] 🎓 Training step done.
[ 2026-05-13 14:13:43 | node_30 | INFO ] 🛠️ Calling force_add_local_model...
[ 2026-05-13 14:13:43 | node_30 | INFO ] ✅ [FORCE] Local model added for round 46. (10/10)
[ 2026-05-13 14:13:44 | node_14 | INFO ] ⏹️  Gossiping exited for 50 equal rounds.
[ 2026-05-13 14:13:44 | node_14 | INFO ] 🔬 Evaluating...
[ 2026-05-13 14:13:44 | node_14 | INFO ] 📈 Evaluated. Results: {'test_loss': 0.20978687703609467, 'test_acc': 0.9750000238418579, 'test_precision': 0.974043607711792, 'test_recall': 0.9744991064071655, 'test_f1': 0.9734575748443604, 'communication_cost': 30107168}
[ 2026-05-13 14:13:45 | node_14 | INFO ] 📢 Broadcasting metrics.
[ 2026-05-13 14:13:45 | node_47 | INFO ] 📤 Sending model to 6 direct neighbors: ['node_4', 'node_7', 'node_12', 'node_15', 'node_44', 'node_46']
[ 2026-05-13 14:13:45 | node_10 | INFO ] 📤 Sending model to 7 direct neighbors: ['node_4', 'node_14', 'node_25', 'node_28', 'node_29', 'node_37', 'node_49']
[ 2026-05-13 14:13:47 | node_15 | INFO ] 🧩 Model added for round 47 (2/7) from ['node_47']
[ 2026-05-13 14:13:47 | node_14 | INFO ] 🎉 Round 47 of 50 finished.
[ 2026-05-13 14:13:47 | node_14 | INFO ] 🗳️ [DETERMINISTIC] Train set assigned (No Voting). Size: 50
[ 2026-05-13 14:13:47 | node_14 | INFO ] ♻️ Proactively processing 5 early models for round 47.
[ 2026-05-13 14:13:47 | node_14 | INFO ] 🧩 Model added for round 47 (1/9) from ['node_45']
[ 2026-05-13 14:13:47 | node_14 | INFO ] 🧩 Model added for round 47 (2/9) from ['node_22']
[ 2026-05-13 14:13:47 | node_14 | INFO ] 🧩 Model added for round 47 (3/9) from ['node_44']
[ 2026-05-13 14:13:47 | node_14 | INFO ] 🧩 Model added for round 47 (4/9) from ['node_15']
[ 2026-05-13 14:13:47 | node_14 | INFO ] 🧩 Model added for round 47 (5/9) from ['node_10']
[ 2026-05-13 14:13:47 | node_14 | INFO ] 🏋️‍♀️ Preparing training...
[ 2026-05-13 14:13:48 | node_44 | INFO ] 🧩 Model added for round 47 (3/6) from ['node_47']
[ 2026-05-13 14:13:48 | node_14 | INFO ] 🎓 Training step done.
[ 2026-05-13 14:13:48 | node_14 | INFO ] 🛠️ Calling force_add_local_model...
[ 2026-05-13 14:13:48 | node_37 | INFO ] 🧩 Model added for round 47 (2/4) from ['node_10']
[ 2026-05-13 14:13:48 | node_14 | INFO ] ✅ [FORCE] Local model added for round 47. (6/9)
[ 2026-05-13 14:13:48 | node_17 | INFO ] 📤 Sending model to 7 direct neighbors: ['node_4', 'node_11', 'node_16', 'node_23', 'node_28', 'node_32', 'node_42']
[ 2026-05-13 14:13:48 | node_30 | INFO ] 📤 Sending model to 9 direct neighbors: ['node_4', 'node_5', 'node_8', 'node_11', 'node_18', 'node_20', 'node_24', 'node_29', 'node_43']
[ 2026-05-13 14:13:49 | node_4 | INFO ] 🧩 Model added for round 46 (15/15) from ['node_30']
[ 2026-05-13 14:13:49 | node_4 | INFO ] 🧠 Aggregation complete. Setting new model.
[ 2026-05-13 14:13:49 | node_36 | INFO ] ⏹️  Gossiping exited for 50 equal rounds.
[ 2026-05-13 14:13:50 | node_36 | INFO ] 🔬 Evaluating...
[ 2026-05-13 14:13:50 | node_5 | INFO ] 🧩 Model added for round 46 (9/9) from ['node_30']
[ 2026-05-13 14:13:50 | node_36 | INFO ] 📈 Evaluated. Results: {'test_loss': 0.41643184423446655, 'test_acc': 0.9449999928474426, 'test_precision': 0.9442026019096375, 'test_recall': 0.9497693777084351, 'test_f1': 0.9437983632087708, 'communication_cost': 22580376}
[ 2026-05-13 14:13:50 | node_46 | INFO ] ⏹️  Gossiping exited for 50 equal rounds.
[ 2026-05-13 14:13:50 | node_36 | INFO ] 📢 Broadcasting metrics.
[ 2026-05-13 14:13:50 | node_46 | INFO ] 🔬 Evaluating...
[ 2026-05-13 14:13:50 | node_4 | INFO ] 🗣️ Gossiping aggregated model.
[ 2026-05-13 14:13:51 | node_46 | INFO ] 📈 Evaluated. Results: {'test_loss': 0.2166740447282791, 'test_acc': 0.9750000238418579, 'test_precision': 0.97519850730896, 'test_recall': 0.9740538001060486, 'test_f1': 0.9738989472389221, 'communication_cost': 30107168}
[ 2026-05-13 14:13:51 | node_46 | INFO ] 📢 Broadcasting metrics.
[ 2026-05-13 14:13:51 | node_5 | INFO ] 🧠 Aggregation complete. Setting new model.
[ 2026-05-13 14:13:51 | node_8 | INFO ] 🧩 Model added for round 46 (10/10) from ['node_30']
[ 2026-05-13 14:13:52 | node_5 | INFO ] 🗣️ Gossiping aggregated model.
[ 2026-05-13 14:13:52 | node_8 | INFO ] 🧠 Aggregation complete. Setting new model.
[ 2026-05-13 14:13:52 | node_36 | INFO ] 🎉 Round 47 of 50 finished.
[ 2026-05-13 14:13:52 | node_36 | INFO ] 🗳️ [DETERMINISTIC] Train set assigned (No Voting). Size: 50
[ 2026-05-13 14:13:52 | node_36 | INFO ] 🏋️‍♀️ Preparing training...
[ 2026-05-13 14:13:52 | node_8 | INFO ] 🗣️ Gossiping aggregated model.
[ 2026-05-13 14:13:52 | node_11 | INFO ] 🧩 Model added for round 46 (10/10) from ['node_30']
[ 2026-05-13 14:13:53 | node_46 | INFO ] 🎉 Round 47 of 50 finished.
[ 2026-05-13 14:13:53 | node_46 | INFO ] 🗳️ [DETERMINISTIC] Train set assigned (No Voting). Size: 50
[ 2026-05-13 14:13:53 | node_46 | INFO ] ♻️ Proactively processing 2 early models for round 47.
[ 2026-05-13 14:13:53 | node_46 | INFO ] 🧩 Model added for round 47 (1/9) from ['node_26']
[ 2026-05-13 14:13:53 | node_46 | INFO ] 🧩 Model added for round 47 (2/9) from ['node_47']
[ 2026-05-13 14:13:53 | node_46 | INFO ] 🏋️‍♀️ Preparing training...
[ 2026-05-13 14:13:53 | node_36 | INFO ] 🎓 Training step done.
[ 2026-05-13 14:13:53 | node_36 | INFO ] 🛠️ Calling force_add_local_model...
[ 2026-05-13 14:13:53 | node_36 | INFO ] ✅ [FORCE] Local model added for round 47. (1/7)
[ 2026-05-13 14:13:53 | node_14 | INFO ] 📤 Sending model to 8 direct neighbors: ['node_7', 'node_10', 'node_12', 'node_15', 'node_20', 'node_22', 'node_44', 'node_45']
[ 2026-05-13 14:13:53 | node_35 | INFO ] ⏹️  Gossiping exited for 50 equal rounds.
[ 2026-05-13 14:13:53 | node_18 | INFO ] 🧩 Model added for round 46 (13/13) from ['node_30']
[ 2026-05-13 14:13:53 | node_35 | INFO ] 🔬 Evaluating...
[ 2026-05-13 14:13:54 | node_11 | INFO ] 🧠 Aggregation complete. Setting new model.
[ 2026-05-13 14:13:54 | node_46 | INFO ] 🎓 Training step done.
[ 2026-05-13 14:13:54 | node_46 | INFO ] 🛠️ Calling force_add_local_model...
[ 2026-05-13 14:13:54 | node_46 | INFO ] ✅ [FORCE] Local model added for round 47. (3/9)
[ 2026-05-13 14:13:54 | node_35 | INFO ] 📈 Evaluated. Results: {'test_loss': 0.10708162933588028, 'test_acc': 0.9750000238418579, 'test_precision': 0.9721625447273254, 'test_recall': 0.9785027503967285, 'test_f1': 0.9749265909194946, 'communication_cost': 22580376}
[ 2026-05-13 14:13:54 | node_35 | INFO ] 📢 Broadcasting metrics.
[ 2026-05-13 14:13:54 | node_10 | INFO ] 🧩 Model added for round 47 (3/8) from ['node_14']
[ 2026-05-13 14:13:55 | node_11 | INFO ] 🗣️ Gossiping aggregated model.
[ 2026-05-13 14:13:55 | node_20 | INFO ] 🧩 Model added for round 46 (6/6) from ['node_30']
[ 2026-05-13 14:13:55 | node_35 | INFO ] 🎉 Round 47 of 50 finished.
[ 2026-05-13 14:13:55 | node_35 | INFO ] 🗳️ [DETERMINISTIC] Train set assigned (No Voting). Size: 50
[ 2026-05-13 14:13:56 | node_35 | INFO ] ♻️ Proactively processing 1 early models for round 47.
[ 2026-05-13 14:13:56 | node_35 | INFO ] 🧩 Model added for round 47 (1/7) from ['node_48']
[ 2026-05-13 14:13:56 | node_35 | INFO ] 🏋️‍♀️ Preparing training...
[ 2026-05-13 14:13:56 | node_24 | INFO ] 🧩 Model added for round 46 (9/9) from ['node_30']
[ 2026-05-13 14:13:56 | node_35 | INFO ] 🎓 Training step done.
[ 2026-05-13 14:13:56 | node_15 | INFO ] 🧩 Model added for round 47 (3/7) from ['node_14']
[ 2026-05-13 14:13:56 | node_35 | INFO ] 🛠️ Calling force_add_local_model...
[ 2026-05-13 14:13:56 | node_35 | INFO ] ✅ [FORCE] Local model added for round 47. (2/7)
[ 2026-05-13 14:13:56 | node_18 | INFO ] 🧠 Aggregation complete. Setting new model.
[ 2026-05-13 14:13:56 | node_20 | INFO ] 🧠 Aggregation complete. Setting new model.
[ 2026-05-13 14:13:57 | node_24 | INFO ] 🧠 Aggregation complete. Setting new model.
[ 2026-05-13 14:13:57 | node_25 | INFO ] ⏹️  Gossiping exited for 50 equal rounds.
[ 2026-05-13 14:13:57 | node_20 | INFO ] 🗣️ Gossiping aggregated model.
[ 2026-05-13 14:13:57 | node_29 | INFO ] 🧩 Model added for round 46 (15/15) from ['node_30']
[ 2026-05-13 14:13:58 | node_25 | INFO ] 🔬 Evaluating...
[ 2026-05-13 14:13:58 | node_25 | INFO ] 📈 Evaluated. Results: {'test_loss': 0.18380968272686005, 'test_acc': 0.9649999737739563, 'test_precision': 0.9686868786811829, 'test_recall': 0.9659156799316406, 'test_f1': 0.9666016101837158, 'communication_cost': 18816980}
[ 2026-05-13 14:13:58 | node_22 | INFO ] 🧩 Model added for round 47 (2/5) from ['node_14']
[ 2026-05-13 14:13:58 | node_24 | INFO ] 🗣️ Gossiping aggregated model.
[ 2026-05-13 14:13:58 | node_25 | INFO ] 📢 Broadcasting metrics.
[ 2026-05-13 14:13:58 | node_18 | INFO ] 🗣️ Gossiping aggregated model.
[ 2026-05-13 14:13:58 | node_29 | INFO ] 🧠 Aggregation complete. Setting new model.
[ 2026-05-13 14:13:58 | node_36 | INFO ] 📤 Sending model to 6 direct neighbors: ['node_2', 'node_28', 'node_29', 'node_32', 'node_42', 'node_43']
[ 2026-05-13 14:13:59 | node_46 | INFO ] 📤 Sending model to 8 direct neighbors: ['node_2', 'node_5', 'node_12', 'node_13', 'node_16', 'node_21', 'node_26', 'node_47']
[ 2026-05-13 14:13:59 | node_44 | INFO ] 🧩 Model added for round 47 (4/6) from ['node_14']
[ 2026-05-13 14:13:59 | node_29 | INFO ] 🗣️ Gossiping aggregated model.
[ 2026-05-13 14:14:00 | node_25 | INFO ] 🎉 Round 47 of 50 finished.
[ 2026-05-13 14:14:00 | node_43 | INFO ] 🧩 Model added for round 46 (10/10) from ['node_30']
[ 2026-05-13 14:14:00 | node_25 | INFO ] 🗳️ [DETERMINISTIC] Train set assigned (No Voting). Size: 50
[ 2026-05-13 14:14:00 | node_25 | INFO ] ♻️ Proactively processing 3 early models for round 47.
[ 2026-05-13 14:14:00 | node_25 | INFO ] 🧩 Model added for round 47 (1/6) from ['node']
[ 2026-05-13 14:14:00 | node_25 | INFO ] 🧩 Model added for round 47 (2/6) from ['node_48']
[ 2026-05-13 14:14:00 | node_25 | INFO ] 🧩 Model added for round 47 (3/6) from ['node_10']
[ 2026-05-13 14:14:00 | node_25 | INFO ] 🏋️‍♀️ Preparing training...
[ 2026-05-13 14:14:00 | node_45 | INFO ] 🧩 Model added for round 47 (4/5) from ['node_14']
[ 2026-05-13 14:14:00 | node_25 | INFO ] 🎓 Training step done.
[ 2026-05-13 14:14:01 | node_25 | INFO ] 🛠️ Calling force_add_local_model...
[ 2026-05-13 14:14:01 | node_25 | INFO ] ✅ [FORCE] Local model added for round 47. (4/6)
[ 2026-05-13 14:14:01 | node_43 | INFO ] 🧠 Aggregation complete. Setting new model.
[ 2026-05-13 14:14:01 | node_30 | INFO ] 🧠 Aggregation complete. Setting new model.
[ 2026-05-13 14:14:01 | node_35 | INFO ] 📤 Sending model to 6 direct neighbors: ['node_3', 'node_9', 'node_18', 'node_24', 'node_32', 'node_48']
[ 2026-05-13 14:14:01 | node_43 | INFO ] 🗣️ Gossiping aggregated model.
[ 2026-05-13 14:14:01 | node_30 | INFO ] 🗣️ Gossiping aggregated model.
[ 2026-05-13 14:14:01 | node_30 | INFO ] 🤫 Gossip finished.
[ 2026-05-13 14:14:02 | node_30 | INFO ] 🔬 Evaluating...
[ 2026-05-13 14:14:02 | node_30 | INFO ] 📈 Evaluated. Results: {'test_loss': 0.2966427803039551, 'test_acc': 0.9599999785423279, 'test_precision': 0.9643672704696655, 'test_recall': 0.962273359298706, 'test_f1': 0.9626049995422363, 'communication_cost': 33870564}
[ 2026-05-13 14:14:02 | node_20 | INFO ] 🤫 Gossip finished.
[ 2026-05-13 14:14:02 | node_20 | INFO ] 🔬 Evaluating...
[ 2026-05-13 14:14:02 | node_24 | INFO ] 🤫 Gossip finished.
[ 2026-05-13 14:14:02 | node_30 | INFO ] 📢 Broadcasting metrics.
[ 2026-05-13 14:14:02 | node_24 | INFO ] 🔬 Evaluating...
[ 2026-05-13 14:14:02 | node_20 | INFO ] 📈 Evaluated. Results: {'test_loss': 0.32357802987098694, 'test_acc': 0.9649999737739563, 'test_precision': 0.9545318484306335, 'test_recall': 0.9652949571609497, 'test_f1': 0.958178699016571, 'communication_cost': 18816980}
[ 2026-05-13 14:14:02 | node_24 | INFO ] 📈 Evaluated. Results: {'test_loss': 0.19862720370292664, 'test_acc': 0.9700000286102295, 'test_precision': 0.9689885973930359, 'test_recall': 0.9720306992530823, 'test_f1': 0.9697173833847046, 'communication_cost': 30107168}
[ 2026-05-13 14:14:03 | node_20 | INFO ] 📢 Broadcasting metrics.
[ 2026-05-13 14:14:03 | node_26 | INFO ] 🧩 Model added for round 47 (2/5) from ['node_46']
[ 2026-05-13 14:14:03 | node_16 | INFO ] ⏹️  Gossiping exited for 50 equal rounds.
[ 2026-05-13 14:14:03 | node_24 | INFO ] 📢 Broadcasting metrics.
[ 2026-05-13 14:14:03 | node_16 | INFO ] 🔬 Evaluating...
[ 2026-05-13 14:14:03 | node_16 | INFO ] 📈 Evaluated. Results: {'test_loss': 0.08407753705978394, 'test_acc': 0.9850000143051147, 'test_precision': 0.9851891398429871, 'test_recall': 0.9863636493682861, 'test_f1': 0.9853156208992004, 'communication_cost': 48924148}
[ 2026-05-13 14:14:04 | node_16 | INFO ] 📢 Broadcasting metrics.
[ 2026-05-13 14:14:04 | node_47 | INFO ] 🧩 Model added for round 47 (4/7) from ['node_46']
[ 2026-05-13 14:14:04 | node_20 | INFO ] 🎉 Round 47 of 50 finished.
[ 2026-05-13 14:14:04 | node_20 | INFO ] 🗳️ [DETERMINISTIC] Train set assigned (No Voting). Size: 50
[ 2026-05-13 14:14:04 | node_20 | INFO ] ♻️ Proactively processing 2 early models for round 47.
[ 2026-05-13 14:14:04 | node_20 | INFO ] 🧩 Model added for round 47 (1/6) from ['node_48']
[ 2026-05-13 14:14:05 | node_20 | INFO ] 🧩 Model added for round 47 (2/6) from ['node_14']
[ 2026-05-13 14:14:05 | node_20 | INFO ] 🏋️‍♀️ Preparing training...
[ 2026-05-13 14:14:05 | node_48 | INFO ] 🧩 Model added for round 47 (3/8) from ['node_35']
[ 2026-05-13 14:14:05 | node_30 | INFO ] 🎉 Round 47 of 50 finished.
[ 2026-05-13 14:14:05 | node_30 | INFO ] 🗳️ [DETERMINISTIC] Train set assigned (No Voting). Size: 50
[ 2026-05-13 14:14:05 | node_20 | INFO ] 🎓 Training step done.
[ 2026-05-13 14:14:05 | node_20 | INFO ] 🛠️ Calling force_add_local_model...
[ 2026-05-13 14:14:05 | node_20 | INFO ] ✅ [FORCE] Local model added for round 47. (3/6)
[ 2026-05-13 14:14:05 | node_30 | INFO ] 🏋️‍♀️ Preparing training...
[ 2026-05-13 14:14:05 | node_24 | INFO ] 🎉 Round 47 of 50 finished.
[ 2026-05-13 14:14:05 | node_24 | INFO ] 🗳️ [DETERMINISTIC] Train set assigned (No Voting). Size: 50
[ 2026-05-13 14:14:05 | node_24 | INFO ] ♻️ Proactively processing 1 early models for round 47.
[ 2026-05-13 14:14:06 | node_24 | INFO ] 🧩 Model added for round 47 (1/9) from ['node_35']
[ 2026-05-13 14:14:06 | node_30 | INFO ] 🎓 Training step done.
[ 2026-05-13 14:14:06 | node_24 | INFO ] 🏋️‍♀️ Preparing training...
[ 2026-05-13 14:14:06 | node_30 | INFO ] 🛠️ Calling force_add_local_model...
[ 2026-05-13 14:14:06 | node_25 | INFO ] 📤 Sending model to 5 direct neighbors: ['node', 'node_4', 'node_10', 'node_24', 'node_48']
[ 2026-05-13 14:14:06 | node_30 | INFO ] ✅ [FORCE] Local model added for round 47. (1/10)
[ 2026-05-13 14:14:06 | node_24 | INFO ] 🎓 Training step done.
[ 2026-05-13 14:14:06 | node | INFO ] 🧩 Model added for round 47 (2/7) from ['node_25']
[ 2026-05-13 14:14:06 | node_24 | INFO ] 🛠️ Calling force_add_local_model...
[ 2026-05-13 14:14:06 | node_24 | INFO ] ✅ [FORCE] Local model added for round 47. (2/9)
[ 2026-05-13 14:14:06 | node_23 | INFO ] ⏹️  Gossiping exited for 50 equal rounds.
[ 2026-05-13 14:14:07 | node_23 | INFO ] 🔬 Evaluating...
[ 2026-05-13 14:14:07 | node_32 | INFO ] ⏹️  Gossiping exited for 50 equal rounds.
[ 2026-05-13 14:14:07 | node_32 | INFO ] 🔬 Evaluating...
[ 2026-05-13 14:14:07 | node_23 | INFO ] 📈 Evaluated. Results: {'test_loss': 0.11544530093669891, 'test_acc': 0.9900000095367432, 'test_precision': 0.991750955581665, 'test_recall': 0.9906927347183228, 'test_f1': 0.9910231232643127, 'communication_cost': 26343772}
[ 2026-05-13 14:14:07 | node_23 | INFO ] 📢 Broadcasting metrics.
[ 2026-05-13 14:14:07 | node_32 | INFO ] 📈 Evaluated. Results: {'test_loss': 0.350077360868454, 'test_acc': 0.9599999785423279, 'test_precision': 0.9555224776268005, 'test_recall': 0.9617869853973389, 'test_f1': 0.9576660394668579, 'communication_cost': 45160752}
[ 2026-05-13 14:14:07 | node_32 | INFO ] 📢 Broadcasting metrics.
[ 2026-05-13 14:14:07 | node_10 | INFO ] 🧩 Model added for round 47 (4/8) from ['node_25']
[ 2026-05-13 14:14:08 | node_16 | INFO ] 🎉 Round 47 of 50 finished.
[ 2026-05-13 14:14:08 | node_16 | INFO ] 🗳️ [DETERMINISTIC] Train set assigned (No Voting). Size: 50
[ 2026-05-13 14:14:08 | node_16 | INFO ] ♻️ Proactively processing 5 early models for round 47.
[ 2026-05-13 14:14:08 | node_16 | INFO ] 🧩 Model added for round 47 (1/14) from ['node_26']
[ 2026-05-13 14:14:08 | node_16 | INFO ] 🧩 Model added for round 47 (2/14) from ['node_45']
[ 2026-05-13 14:14:08 | node_16 | INFO ] 🧩 Model added for round 47 (3/14) from ['node_27']
[ 2026-05-13 14:14:08 | node_24 | INFO ] 🧩 Model added for round 47 (3/9) from ['node_25']
[ 2026-05-13 14:14:08 | node_16 | INFO ] 🧩 Model added for round 47 (4/14) from ['node_17']
[ 2026-05-13 14:14:08 | node_16 | INFO ] 🧩 Model added for round 47 (5/14) from ['node_46']
[ 2026-05-13 14:14:08 | node_16 | INFO ] 🏋️‍♀️ Preparing training...
[ 2026-05-13 14:14:08 | node_16 | INFO ] 🎓 Training step done.
[ 2026-05-13 14:14:09 | node_16 | INFO ] 🛠️ Calling force_add_local_model...
[ 2026-05-13 14:14:09 | node_16 | INFO ] ✅ [FORCE] Local model added for round 47. (6/14)
[ 2026-05-13 14:14:09 | node_48 | INFO ] 🧩 Model added for round 47 (4/8) from ['node_25']
[ 2026-05-13 14:14:09 | node_23 | INFO ] 🎉 Round 47 of 50 finished.
[ 2026-05-13 14:14:09 | node_23 | INFO ] 🗳️ [DETERMINISTIC] Train set assigned (No Voting). Size: 50
[ 2026-05-13 14:14:09 | node_23 | INFO ] ♻️ Proactively processing 4 early models for round 47.
[ 2026-05-13 14:14:09 | node_23 | INFO ] 🧩 Model added for round 47 (1/8) from ['node_37']
[ 2026-05-13 14:14:09 | node_23 | INFO ] 🧩 Model added for round 47 (2/8) from ['node_38']
[ 2026-05-13 14:14:09 | node_23 | INFO ] 🧩 Model added for round 47 (3/8) from ['node_34']
[ 2026-05-13 14:14:09 | node_23 | INFO ] 🧩 Model added for round 47 (4/8) from ['node_17']
[ 2026-05-13 14:14:10 | node_23 | INFO ] 🏋️‍♀️ Preparing training...
[ 2026-05-13 14:14:10 | node_23 | INFO ] 🎓 Training step done.
[ 2026-05-13 14:14:10 | node_23 | INFO ] 🛠️ Calling force_add_local_model...
[ 2026-05-13 14:14:10 | node_23 | INFO ] ✅ [FORCE] Local model added for round 47. (5/8)
[ 2026-05-13 14:14:10 | node_20 | INFO ] 📤 Sending model to 5 direct neighbors: ['node_7', 'node_14', 'node_28', 'node_30', 'node_48']
[ 2026-05-13 14:14:11 | node_14 | INFO ] 🧩 Model added for round 47 (7/9) from ['node_20']
[ 2026-05-13 14:14:11 | node_13 | INFO ] ⏹️  Gossiping exited for 50 equal rounds.
[ 2026-05-13 14:14:11 | node_30 | INFO ] 📤 Sending model to 9 direct neighbors: ['node_4', 'node_5', 'node_8', 'node_11', 'node_18', 'node_20', 'node_24', 'node_29', 'node_43']
[ 2026-05-13 14:14:11 | node_13 | INFO ] 🔬 Evaluating...
[ 2026-05-13 14:14:11 | node_32 | INFO ] 🎉 Round 47 of 50 finished.
[ 2026-05-13 14:14:11 | node_32 | INFO ] 🗳️ [DETERMINISTIC] Train set assigned (No Voting). Size: 50
[ 2026-05-13 14:14:11 | node_32 | INFO ] ♻️ Proactively processing 6 early models for round 47.
[ 2026-05-13 14:14:11 | node_13 | INFO ] 📈 Evaluated. Results: {'test_loss': 0.28325986862182617, 'test_acc': 0.9700000286102295, 'test_precision': 0.9739047884941101, 'test_recall': 0.9724510312080383, 'test_f1': 0.9726828932762146, 'communication_cost': 30107168}
[ 2026-05-13 14:14:11 | node_32 | INFO ] 🧩 Model added for round 47 (1/13) from ['node_37']
[ 2026-05-13 14:14:11 | node_32 | INFO ] 🧩 Model added for round 47 (2/13) from ['node_27']
[ 2026-05-13 14:14:11 | node_24 | INFO ] 📤 Sending model to 8 direct neighbors: ['node_2', 'node_4', 'node_5', 'node_19', 'node_25', 'node_30', 'node_33', 'node_35']
[ 2026-05-13 14:14:11 | node_13 | INFO ] 📢 Broadcasting metrics.
[ 2026-05-13 14:14:11 | node_32 | INFO ] 🧩 Model added for round 47 (3/13) from ['node_40']
[ 2026-05-13 14:14:11 | node_32 | INFO ] 🧩 Model added for round 47 (4/13) from ['node_17']
[ 2026-05-13 14:14:11 | node_32 | INFO ] 🧩 Model added for round 47 (5/13) from ['node_36']
[ 2026-05-13 14:14:11 | node_32 | INFO ] 🧩 Model added for round 47 (6/13) from ['node_35']
[ 2026-05-13 14:14:11 | node_32 | INFO ] 🏋️‍♀️ Preparing training...
[ 2026-05-13 14:14:12 | node_32 | INFO ] 🎓 Training step done.
[ 2026-05-13 14:14:12 | node_32 | INFO ] 🛠️ Calling force_add_local_model...
[ 2026-05-13 14:14:12 | node_32 | INFO ] ✅ [FORCE] Local model added for round 47. (7/13)
[ 2026-05-13 14:14:12 | node_30 | INFO ] 🧩 Model added for round 47 (2/10) from ['node_20']
[ 2026-05-13 14:14:13 | node_20 | INFO ] 🧩 Model added for round 47 (4/6) from ['node_30']
[ 2026-05-13 14:14:13 | node_25 | INFO ] 🧩 Model added for round 47 (5/6) from ['node_24']
[ 2026-05-13 14:14:13 | node_48 | INFO ] 🧩 Model added for round 47 (5/8) from ['node_20']
[ 2026-05-13 14:14:13 | node_24 | INFO ] 🧩 Model added for round 47 (4/9) from ['node_30']
[ 2026-05-13 14:14:13 | node_30 | INFO ] 🧩 Model added for round 47 (3/10) from ['node_24']
[ 2026-05-13 14:14:14 | node_16 | INFO ] 📤 Sending model to 13 direct neighbors: ['node_2', 'node_6', 'node_7', 'node_13', 'node_17', 'node_19', 'node_21', 'node_26', 'node_27', 'node_28', 'node_45', 'node_46', 'node_49']
[ 2026-05-13 14:14:14 | node_19 | INFO ] ⏹️  Gossiping exited for 50 equal rounds.
[ 2026-05-13 14:14:14 | node_19 | INFO ] 🔬 Evaluating...
[ 2026-05-13 14:14:14 | node_19 | INFO ] 📈 Evaluated. Results: {'test_loss': 0.18090076744556427, 'test_acc': 0.9700000286102295, 'test_precision': 0.9699206352233887, 'test_recall': 0.9718831777572632, 'test_f1': 0.9699385762214661, 'communication_cost': 26343772}
[ 2026-05-13 14:14:14 | node_19 | INFO ] 📢 Broadcasting metrics.
[ 2026-05-13 14:14:15 | node_13 | INFO ] 🎉 Round 47 of 50 finished.
[ 2026-05-13 14:14:15 | node_13 | INFO ] 🗳️ [DETERMINISTIC] Train set assigned (No Voting). Size: 50
[ 2026-05-13 14:14:15 | node_23 | INFO ] 📤 Sending model to 7 direct neighbors: ['node_17', 'node_32', 'node_34', 'node_37', 'node_38', 'node_42', 'node_43']
[ 2026-05-13 14:14:15 | node_13 | INFO ] ♻️ Proactively processing 1 early models for round 47.
[ 2026-05-13 14:14:15 | node_13 | INFO ] 🧩 Model added for round 47 (1/9) from ['node_46']
[ 2026-05-13 14:14:15 | node_13 | INFO ] 🏋️‍♀️ Preparing training...
[ 2026-05-13 14:14:15 | node_13 | INFO ] 🧩 Model added for round 47 (2/9) from ['node_16']
[ 2026-05-13 14:14:15 | node_17 | INFO ] 🧩 Model added for round 47 (2/8) from ['node_23']
[ 2026-05-13 14:14:16 | node_35 | INFO ] 🧩 Model added for round 47 (3/7) from ['node_24']
[ 2026-05-13 14:14:16 | node_13 | INFO ] 🎓 Training step done.
[ 2026-05-13 14:14:16 | node_13 | INFO ] 🛠️ Calling force_add_local_model...
[ 2026-05-13 14:14:16 | node_13 | INFO ] ✅ [FORCE] Local model added for round 47. (3/9)
[ 2026-05-13 14:14:16 | node_17 | INFO ] 🧩 Model added for round 47 (3/8) from ['node_16']
[ 2026-05-13 14:14:16 | node_32 | INFO ] 🧩 Model added for round 47 (8/13) from ['node_23']
[ 2026-05-13 14:14:17 | node_19 | INFO ] 🎉 Round 47 of 50 finished.
[ 2026-05-13 14:14:17 | node_32 | INFO ] 📤 Sending model to 12 direct neighbors: ['node_3', 'node_17', 'node_18', 'node_21', 'node_23', 'node_27', 'node_33', 'node_35', 'node_36', 'node_37', 'node_40', 'node_49']
[ 2026-05-13 14:14:17 | node_19 | INFO ] 🗳️ [DETERMINISTIC] Train set assigned (No Voting). Size: 50
[ 2026-05-13 14:14:17 | node_19 | INFO ] ♻️ Proactively processing 3 early models for round 47.
[ 2026-05-13 14:14:17 | node_19 | INFO ] 🧩 Model added for round 47 (1/8) from ['node_26']
[ 2026-05-13 14:14:17 | node_19 | INFO ] 🧩 Model added for round 47 (2/8) from ['node_24']
[ 2026-05-13 14:14:17 | node_19 | INFO ] 🧩 Model added for round 47 (3/8) from ['node_16']
[ 2026-05-13 14:14:17 | node_19 | INFO ] 🏋️‍♀️ Preparing training...
[ 2026-05-13 14:14:17 | node_3 | INFO ] ⏹️  Gossiping exited for 50 equal rounds.
[ 2026-05-13 14:14:17 | node_26 | INFO ] 🧩 Model added for round 47 (3/5) from ['node_16']
[ 2026-05-13 14:14:18 | node_7 | INFO ] ⏹️  Gossiping exited for 50 equal rounds.
[ 2026-05-13 14:14:18 | node_34 | INFO ] 🧩 Model added for round 47 (3/8) from ['node_23']
[ 2026-05-13 14:14:18 | node_3 | INFO ] 🔬 Evaluating...
[ 2026-05-13 14:14:18 | node_17 | INFO ] 🧩 Model added for round 47 (4/8) from ['node_32']
[ 2026-05-13 14:14:18 | node_7 | INFO ] 🔬 Evaluating...
[ 2026-05-13 14:14:18 | node_19 | INFO ] 🎓 Training step done.
[ 2026-05-13 14:14:18 | node_3 | INFO ] 📈 Evaluated. Results: {'test_loss': 0.1824854612350464, 'test_acc': 0.9750000238418579, 'test_precision': 0.9745202660560608, 'test_recall': 0.9771316051483154, 'test_f1': 0.9754234552383423, 'communication_cost': 41397356}
[ 2026-05-13 14:14:18 | node_19 | INFO ] 🛠️ Calling force_add_local_model...
[ 2026-05-13 14:14:18 | node_7 | INFO ] 📈 Evaluated. Results: {'test_loss': 0.027185218408703804, 'test_acc': 0.9950000047683716, 'test_precision': 0.9941177368164062, 'test_recall': 0.9933334589004517, 'test_f1': 0.993521511554718, 'communication_cost': 48924148}
[ 2026-05-13 14:14:18 | node_3 | INFO ] 📢 Broadcasting metrics.
[ 2026-05-13 14:14:18 | node_19 | INFO ] ✅ [FORCE] Local model added for round 47. (4/8)
[ 2026-05-13 14:14:18 | node_7 | INFO ] 📢 Broadcasting metrics.
[ 2026-05-13 14:14:18 | node_27 | INFO ] 🧩 Model added for round 47 (2/9) from ['node_16']
[ 2026-05-13 14:14:19 | node_37 | INFO ] 🧩 Model added for round 47 (3/4) from ['node_23']
[ 2026-05-13 14:14:19 | node_49 | INFO ] ⏹️  Gossiping exited for 50 equal rounds.
[ 2026-05-13 14:14:19 | node_49 | INFO ] 🔬 Evaluating...
[ 2026-05-13 14:14:19 | node_49 | INFO ] 📈 Evaluated. Results: {'test_loss': 0.1072600930929184, 'test_acc': 0.9750000238418579, 'test_precision': 0.9772543907165527, 'test_recall': 0.9704262018203735, 'test_f1': 0.9727863073348999, 'communication_cost': 37633960}
[ 2026-05-13 14:14:19 | node_38 | INFO ] 🧩 Model added for round 47 (4/8) from ['node_23']
[ 2026-05-13 14:14:19 | node_49 | INFO ] 📢 Broadcasting metrics.
[ 2026-05-13 14:14:19 | node_23 | INFO ] 🧩 Model added for round 47 (6/8) from ['node_32']
[ 2026-05-13 14:14:20 | node_45 | INFO ] 🧩 Model added for round 47 (5/5) from ['node_16']
[ 2026-05-13 14:14:20 | node_45 | INFO ] 🧠 Aggregation complete. Setting new model.
[ 2026-05-13 14:14:20 | node_33 | INFO ] ⏹️  Gossiping exited for 50 equal rounds.
[ 2026-05-13 14:14:20 | node_33 | INFO ] 🔬 Evaluating...
[ 2026-05-13 14:14:21 | node_45 | INFO ] 🗣️ Gossiping aggregated model.
[ 2026-05-13 14:14:21 | node_13 | INFO ] 📤 Sending model to 8 direct neighbors: ['node_8', 'node_16', 'node_18', 'node_29', 'node_33', 'node_39', 'node_43', 'node_46']
[ 2026-05-13 14:14:21 | node_46 | INFO ] 🧩 Model added for round 47 (4/9) from ['node_16']
[ 2026-05-13 14:14:21 | node_27 | INFO ] 🧩 Model added for round 47 (3/9) from ['node_32']
[ 2026-05-13 14:14:21 | node_33 | INFO ] 📈 Evaluated. Results: {'test_loss': 0.28164252638816833, 'test_acc': 0.9750000238418579, 'test_precision': 0.9782447218894958, 'test_recall': 0.9742223620414734, 'test_f1': 0.9754922986030579, 'communication_cost': 37633960}
[ 2026-05-13 14:14:21 | node_33 | INFO ] 📢 Broadcasting metrics.
[ 2026-05-13 14:14:22 | node_3 | INFO ] 🎉 Round 47 of 50 finished.
[ 2026-05-13 14:14:22 | node_3 | INFO ] 🗳️ [DETERMINISTIC] Train set assigned (No Voting). Size: 50
[ 2026-05-13 14:14:22 | node_3 | INFO ] ♻️ Proactively processing 7 early models for round 47.
[ 2026-05-13 14:14:22 | node_3 | INFO ] 🧩 Model added for round 47 (1/12) from ['node_44']
[ 2026-05-13 14:14:22 | node_3 | INFO ] 🧩 Model added for round 47 (2/12) from ['node_34']
[ 2026-05-13 14:14:22 | node_3 | INFO ] 🧩 Model added for round 47 (3/12) from ['node_27']
[ 2026-05-13 14:14:22 | node_3 | INFO ] 🧩 Model added for round 47 (4/12) from ['node_48']
[ 2026-05-13 14:14:22 | node_3 | INFO ] 🧩 Model added for round 47 (5/12) from ['node_15']
[ 2026-05-13 14:14:22 | node_3 | INFO ] 🧩 Model added for round 47 (6/12) from ['node_35']
[ 2026-05-13 14:14:22 | node_3 | INFO ] 🧩 Model added for round 47 (7/12) from ['node_32']
[ 2026-05-13 14:14:22 | node_3 | INFO ] 🏋️‍♀️ Preparing training...
[ 2026-05-13 14:14:22 | node_16 | INFO ] 🧩 Model added for round 47 (7/14) from ['node_13']
[ 2026-05-13 14:14:22 | node_3 | INFO ] 🎓 Training step done.
[ 2026-05-13 14:14:22 | node_35 | INFO ] 🧩 Model added for round 47 (4/7) from ['node_32']
[ 2026-05-13 14:14:22 | node_3 | INFO ] 🛠️ Calling force_add_local_model...
[ 2026-05-13 14:14:22 | node_7 | INFO ] 🎉 Round 47 of 50 finished.
[ 2026-05-13 14:14:22 | node_49 | INFO ] 🎉 Round 47 of 50 finished.
[ 2026-05-13 14:14:22 | node_3 | INFO ] ✅ [FORCE] Local model added for round 47. (8/12)
[ 2026-05-13 14:14:23 | node_7 | INFO ] 🗳️ [DETERMINISTIC] Train set assigned (No Voting). Size: 50
[ 2026-05-13 14:14:23 | node_49 | INFO ] 🗳️ [DETERMINISTIC] Train set assigned (No Voting). Size: 50
[ 2026-05-13 14:14:23 | node_7 | INFO ] ♻️ Proactively processing 8 early models for round 47.
[ 2026-05-13 14:14:23 | node_49 | INFO ] ♻️ Proactively processing 5 early models for round 47.
[ 2026-05-13 14:14:23 | node_7 | INFO ] 🧩 Model added for round 47 (1/14) from ['node_38']
[ 2026-05-13 14:14:23 | node_49 | INFO ] 🧩 Model added for round 47 (1/11) from ['node_1']
[ 2026-05-13 14:14:23 | node_7 | INFO ] 🧩 Model added for round 47 (2/14) from ['node_1']
[ 2026-05-13 14:14:23 | node_49 | INFO ] 🧩 Model added for round 47 (2/11) from ['node_27']
[ 2026-05-13 14:14:23 | node_7 | INFO ] 🧩 Model added for round 47 (3/14) from ['node_27']
[ 2026-05-13 14:14:23 | node_49 | INFO ] 🧩 Model added for round 47 (3/11) from ['node_48']
[ 2026-05-13 14:14:23 | node_7 | INFO ] 🧩 Model added for round 47 (4/14) from ['node']
[ 2026-05-13 14:14:23 | node_49 | INFO ] 🧩 Model added for round 47 (4/11) from ['node_10']
[ 2026-05-13 14:14:23 | node_7 | INFO ] 🧩 Model added for round 47 (5/14) from ['node_47']
[ 2026-05-13 14:14:23 | node_49 | INFO ] 🧩 Model added for round 47 (5/11) from ['node_16']
[ 2026-05-13 14:14:23 | node_49 | INFO ] 🏋️‍♀️ Preparing training...
[ 2026-05-13 14:14:23 | node_7 | INFO ] 🧩 Model added for round 47 (6/14) from ['node_14']
[ 2026-05-13 14:14:23 | node_7 | INFO ] 🧩 Model added for round 47 (7/14) from ['node_20']
[ 2026-05-13 14:14:23 | node_7 | INFO ] 🧩 Model added for round 47 (8/14) from ['node_16']
[ 2026-05-13 14:14:23 | node_7 | INFO ] 🏋️‍♀️ Preparing training...
[ 2026-05-13 14:14:23 | node_19 | INFO ] 📤 Sending model to 7 direct neighbors: ['node_16', 'node_18', 'node_21', 'node_24', 'node_26', 'node_29', 'node_42']
[ 2026-05-13 14:14:23 | node_36 | INFO ] 🧩 Model added for round 47 (2/7) from ['node_32']
[ 2026-05-13 14:14:23 | node_49 | INFO ] 🎓 Training step done.
[ 2026-05-13 14:14:23 | node_49 | INFO ] 🛠️ Calling force_add_local_model...
[ 2026-05-13 14:14:23 | node_49 | INFO ] ✅ [FORCE] Local model added for round 47. (6/11)
[ 2026-05-13 14:14:24 | node_16 | INFO ] 🧩 Model added for round 47 (8/14) from ['node_19']
[ 2026-05-13 14:14:24 | node_7 | INFO ] 🎓 Training step done.
[ 2026-05-13 14:14:24 | node_7 | INFO ] 🛠️ Calling force_add_local_model...
[ 2026-05-13 14:14:24 | node_7 | INFO ] ✅ [FORCE] Local model added for round 47. (9/14)
[ 2026-05-13 14:14:24 | node_37 | INFO ] 🧩 Model added for round 47 (4/4) from ['node_32']
[ 2026-05-13 14:14:24 | node_28 | INFO ] ⏹️  Gossiping exited for 50 equal rounds.
[ 2026-05-13 14:14:25 | node_28 | INFO ] 🔬 Evaluating...
[ 2026-05-13 14:14:25 | node_37 | INFO ] 🧠 Aggregation complete. Setting new model.
[ 2026-05-13 14:14:25 | node_28 | INFO ] 📈 Evaluated. Results: {'test_loss': 0.16387714445590973, 'test_acc': 0.9850000143051147, 'test_precision': 0.9872252941131592, 'test_recall': 0.9867103099822998, 'test_f1': 0.9867427349090576, 'communication_cost': 41397356}
[ 2026-05-13 14:14:25 | node_40 | INFO ] 🧩 Model added for round 47 (3/6) from ['node_32']
[ 2026-05-13 14:14:25 | node_28 | INFO ] 📢 Broadcasting metrics.
[ 2026-05-13 14:14:25 | node_33 | INFO ] 🎉 Round 47 of 50 finished.
[ 2026-05-13 14:14:25 | node_37 | INFO ] 🗣️ Gossiping aggregated model.
[ 2026-05-13 14:14:25 | node_33 | INFO ] 🗳️ [DETERMINISTIC] Train set assigned (No Voting). Size: 50
[ 2026-05-13 14:14:25 | node_33 | INFO ] ♻️ Proactively processing 5 early models for round 47.
[ 2026-05-13 14:14:25 | node_33 | INFO ] 🧩 Model added for round 47 (1/11) from ['node_22']
[ 2026-05-13 14:14:25 | node_33 | INFO ] 🧩 Model added for round 47 (2/11) from ['node_40']
[ 2026-05-13 14:14:25 | node_33 | INFO ] 🧩 Model added for round 47 (3/11) from ['node_24']
[ 2026-05-13 14:14:25 | node_46 | INFO ] 🧩 Model added for round 47 (5/9) from ['node_13']
[ 2026-05-13 14:14:25 | node_33 | INFO ] 🧩 Model added for round 47 (4/11) from ['node_32']
[ 2026-05-13 14:14:25 | node_33 | INFO ] 🧩 Model added for round 47 (5/11) from ['node_13']
[ 2026-05-13 14:14:25 | node_33 | INFO ] 🏋️‍♀️ Preparing training...
[ 2026-05-13 14:14:26 | node_49 | INFO ] 🧩 Model added for round 47 (7/11) from ['node_32']
[ 2026-05-13 14:14:26 | node_24 | INFO ] 🧩 Model added for round 47 (5/9) from ['node_19']
[ 2026-05-13 14:14:26 | node_33 | INFO ] 🎓 Training step done.
[ 2026-05-13 14:14:26 | node_33 | INFO ] 🛠️ Calling force_add_local_model...
[ 2026-05-13 14:14:26 | node_33 | INFO ] ✅ [FORCE] Local model added for round 47. (6/11)
[ 2026-05-13 14:14:27 | node_39 | INFO ] ⏹️  Gossiping exited for 50 equal rounds.
[ 2026-05-13 14:14:27 | node_39 | INFO ] 🔬 Evaluating...
[ 2026-05-13 14:14:27 | node_26 | INFO ] 🧩 Model added for round 47 (4/5) from ['node_19']
[ 2026-05-13 14:14:27 | node_39 | INFO ] 📈 Evaluated. Results: {'test_loss': 0.41199740767478943, 'test_acc': 0.9449999928474426, 'test_precision': 0.9487035870552063, 'test_recall': 0.9366480112075806, 'test_f1': 0.9407835602760315, 'communication_cost': 37633960}
[ 2026-05-13 14:14:27 | node_39 | INFO ] 📢 Broadcasting metrics.
[ 2026-05-13 14:14:28 | node_3 | INFO ] 📤 Sending model to 11 direct neighbors: ['node_7', 'node_15', 'node_18', 'node_27', 'node_32', 'node_34', 'node_35', 'node_42', 'node_43', 'node_44', 'node_48']
[ 2026-05-13 14:14:28 | node_7 | INFO ] 🧩 Model added for round 47 (10/14) from ['node_3']
[ 2026-05-13 14:14:29 | node_49 | INFO ] 📤 Sending model to 10 direct neighbors: ['node_1', 'node_9', 'node_10', 'node_16', 'node_27', 'node_29', 'node_32', 'node_33', 'node_43', 'node_48']
[ 2026-05-13 14:14:29 | node_28 | INFO ] 🎉 Round 47 of 50 finished.
[ 2026-05-13 14:14:29 | node_28 | INFO ] 🗳️ [DETERMINISTIC] Train set assigned (No Voting). Size: 50
[ 2026-05-13 14:14:29 | node_7 | INFO ] 📤 Sending model to 13 direct neighbors: ['node', 'node_1', 'node_2', 'node_3', 'node_8', 'node_14', 'node_16', 'node_20', 'node_27', 'node_38', 'node_42', 'node_43', 'node_47']
[ 2026-05-13 14:14:29 | node_1 | INFO ] 🧩 Model added for round 47 (2/5) from ['node_49']
[ 2026-05-13 14:14:29 | node_28 | INFO ] ♻️ Proactively processing 9 early models for round 47.
[ 2026-05-13 14:14:29 | node_28 | INFO ] 🧩 Model added for round 47 (1/12) from ['node_1']
[ 2026-05-13 14:14:29 | node_28 | INFO ] 🧩 Model added for round 47 (2/12) from ['node_34']
[ 2026-05-13 14:14:29 | node_28 | INFO ] 🧩 Model added for round 47 (3/12) from ['node_27']
[ 2026-05-13 14:14:29 | node | INFO ] 🧩 Model added for round 47 (3/7) from ['node_7']
[ 2026-05-13 14:14:29 | node_28 | INFO ] 🧩 Model added for round 47 (4/12) from ['node_15']
[ 2026-05-13 14:14:29 | node_28 | INFO ] 🧩 Model added for round 47 (5/12) from ['node_10']
[ 2026-05-13 14:14:29 | node_28 | INFO ] 🧩 Model added for round 47 (6/12) from ['node_17']
[ 2026-05-13 14:14:29 | node_28 | INFO ] 🧩 Model added for round 47 (7/12) from ['node_36']
[ 2026-05-13 14:14:29 | node_28 | INFO ] 🧩 Model added for round 47 (8/12) from ['node_20']
[ 2026-05-13 14:14:29 | node_28 | INFO ] 🧩 Model added for round 47 (9/12) from ['node_16']
[ 2026-05-13 14:14:29 | node_28 | INFO ] 🏋️‍♀️ Preparing training...
[ 2026-05-13 14:14:29 | node_15 | INFO ] 🧩 Model added for round 47 (4/7) from ['node_3']
[ 2026-05-13 14:14:30 | node_28 | INFO ] 🎓 Training step done.
[ 2026-05-13 14:14:30 | node_10 | INFO ] 🧩 Model added for round 47 (5/8) from ['node_49']
[ 2026-05-13 14:14:30 | node_28 | INFO ] 🛠️ Calling force_add_local_model...
[ 2026-05-13 14:14:30 | node_28 | INFO ] ✅ [FORCE] Local model added for round 47. (10/12)
[ 2026-05-13 14:14:30 | node_1 | INFO ] 🧩 Model added for round 47 (3/5) from ['node_7']
[ 2026-05-13 14:14:30 | node_39 | INFO ] 🎉 Round 47 of 50 finished.
[ 2026-05-13 14:14:30 | node_39 | INFO ] 🗳️ [DETERMINISTIC] Train set assigned (No Voting). Size: 50
[ 2026-05-13 14:14:30 | node_27 | INFO ] 🧩 Model added for round 47 (4/9) from ['node_3']
[ 2026-05-13 14:14:30 | node_39 | INFO ] ♻️ Proactively processing 5 early models for round 47.
[ 2026-05-13 14:14:30 | node_16 | INFO ] 🧩 Model added for round 47 (9/14) from ['node_49']
[ 2026-05-13 14:14:30 | node_39 | INFO ] 🧩 Model added for round 47 (1/11) from ['node_22']
[ 2026-05-13 14:14:30 | node_39 | INFO ] 🧩 Model added for round 47 (2/11) from ['node_41']
[ 2026-05-13 14:14:30 | node_3 | INFO ] 🧩 Model added for round 47 (9/12) from ['node_7']
[ 2026-05-13 14:14:30 | node_39 | INFO ] 🧩 Model added for round 47 (3/11) from ['node_40']
[ 2026-05-13 14:14:31 | node_39 | INFO ] 🧩 Model added for round 47 (4/11) from ['node']
[ 2026-05-13 14:14:31 | node_39 | INFO ] 🧩 Model added for round 47 (5/11) from ['node_13']
[ 2026-05-13 14:14:31 | node_39 | INFO ] 🏋️‍♀️ Preparing training...
[ 2026-05-13 14:14:31 | node_33 | INFO ] 📤 Sending model to 10 direct neighbors: ['node_9', 'node_11', 'node_13', 'node_18', 'node_22', 'node_24', 'node_29', 'node_32', 'node_40', 'node_49']
[ 2026-05-13 14:14:31 | node_39 | INFO ] 🎓 Training step done.
[ 2026-05-13 14:14:31 | node_39 | INFO ] 🛠️ Calling force_add_local_model...
[ 2026-05-13 14:14:31 | node_39 | INFO ] ✅ [FORCE] Local model added for round 47. (6/11)
[ 2026-05-13 14:14:31 | node_32 | INFO ] 🧩 Model added for round 47 (9/13) from ['node_3']
[ 2026-05-13 14:14:32 | node_13 | INFO ] 🧩 Model added for round 47 (4/9) from ['node_33']
[ 2026-05-13 14:14:32 | node_27 | INFO ] 🧩 Model added for round 47 (5/9) from ['node_49']
[ 2026-05-13 14:14:32 | node_14 | INFO ] 🧩 Model added for round 47 (8/9) from ['node_7']
[ 2026-05-13 14:14:33 | node_34 | INFO ] 🧩 Model added for round 47 (4/8) from ['node_3']
[ 2026-05-13 14:14:33 | node_16 | INFO ] 🧩 Model added for round 47 (10/14) from ['node_7']
[ 2026-05-13 14:14:33 | node_22 | INFO ] 🧩 Model added for round 47 (3/5) from ['node_33']
[ 2026-05-13 14:14:33 | node_32 | INFO ] 🧩 Model added for round 47 (10/13) from ['node_49']
[ 2026-05-13 14:14:34 | node_35 | INFO ] 🧩 Model added for round 47 (5/7) from ['node_3']
[ 2026-05-13 14:14:34 | node_24 | INFO ] 🧩 Model added for round 47 (6/9) from ['node_33']
[ 2026-05-13 14:14:35 | node_28 | INFO ] 📤 Sending model to 11 direct neighbors: ['node_1', 'node_10', 'node_15', 'node_16', 'node_17', 'node_18', 'node_20', 'node_27', 'node_34', 'node_36', 'node_42']
[ 2026-05-13 14:14:35 | node_33 | INFO ] 🧩 Model added for round 47 (7/11) from ['node_49']
[ 2026-05-13 14:14:35 | node_20 | INFO ] 🧩 Model added for round 47 (5/6) from ['node_7']
[ 2026-05-13 14:14:35 | node_1 | INFO ] 🧩 Model added for round 47 (4/5) from ['node_28']
[ 2026-05-13 14:14:35 | node_44 | INFO ] 🧩 Model added for round 47 (5/6) from ['node_3']
[ 2026-05-13 14:14:35 | node_32 | INFO ] 🧩 Model added for round 47 (11/13) from ['node_33']
[ 2026-05-13 14:14:35 | node_27 | INFO ] 🧩 Model added for round 47 (6/9) from ['node_7']
[ 2026-05-13 14:14:35 | node_42 | INFO ] ⏹️  Gossiping exited for 50 equal rounds.
[ 2026-05-13 14:14:36 | node_10 | INFO ] 🧩 Model added for round 47 (6/8) from ['node_28']
[ 2026-05-13 14:14:36 | node_42 | INFO ] 🔬 Evaluating...
[ 2026-05-13 14:14:36 | node_48 | INFO ] 🧩 Model added for round 47 (6/8) from ['node_3']
[ 2026-05-13 14:14:36 | node_42 | INFO ] 📈 Evaluated. Results: {'test_loss': 0.20143583416938782, 'test_acc': 0.9750000238418579, 'test_precision': 0.9763126373291016, 'test_recall': 0.9759499430656433, 'test_f1': 0.9751980304718018, 'communication_cost': 52687544}
[ 2026-05-13 14:14:36 | node_42 | INFO ] 📢 Broadcasting metrics.
[ 2026-05-13 14:14:36 | node_39 | INFO ] 📤 Sending model to 10 direct neighbors: ['node', 'node_5', 'node_8', 'node_11', 'node_13', 'node_21', 'node_22', 'node_40', 'node_41', 'node_42']
[ 2026-05-13 14:14:36 | node_48 | INFO ] 🧩 Model added for round 47 (7/8) from ['node_49']
[ 2026-05-13 14:14:37 | node | INFO ] 🧩 Model added for round 47 (4/7) from ['node_39']
[ 2026-05-13 14:14:37 | node_38 | INFO ] 🧩 Model added for round 47 (5/8) from ['node_7']
[ 2026-05-13 14:14:37 | node_15 | INFO ] 🧩 Model added for round 47 (5/7) from ['node_28']
[ 2026-05-13 14:14:37 | node_40 | INFO ] 🧩 Model added for round 47 (4/6) from ['node_33']
[ 2026-05-13 14:14:37 | node_49 | INFO ] 🧩 Model added for round 47 (8/11) from ['node_33']
[ 2026-05-13 14:14:37 | node_16 | INFO ] 🧩 Model added for round 47 (11/14) from ['node_28']
[ 2026-05-13 14:14:38 | node_47 | INFO ] 🧩 Model added for round 47 (5/7) from ['node_7']
[ 2026-05-13 14:14:38 | node_13 | INFO ] 🧩 Model added for round 47 (5/9) from ['node_39']
[ 2026-05-13 14:14:39 | node_17 | INFO ] 🧩 Model added for round 47 (5/8) from ['node_28']
[ 2026-05-13 14:14:39 | node_22 | INFO ] 🧩 Model added for round 47 (4/5) from ['node_39']
[ 2026-05-13 14:14:40 | node_20 | INFO ] 🧩 Model added for round 47 (6/6) from ['node_28']
[ 2026-05-13 14:14:40 | node_40 | INFO ] 🧩 Model added for round 47 (5/6) from ['node_39']
[ 2026-05-13 14:14:40 | node_27 | INFO ] 🧩 Model added for round 47 (7/9) from ['node_28']
[ 2026-05-13 14:14:41 | node_41 | INFO ] 🧩 Model added for round 47 (2/3) from ['node_39']
[ 2026-05-13 14:14:41 | node_20 | INFO ] 🧠 Aggregation complete. Setting new model.
[ 2026-05-13 14:14:41 | node_42 | INFO ] 🎉 Round 47 of 50 finished.
[ 2026-05-13 14:14:41 | node_42 | INFO ] 🗳️ [DETERMINISTIC] Train set assigned (No Voting). Size: 50
[ 2026-05-13 14:14:41 | node_42 | INFO ] ♻️ Proactively processing 7 early models for round 47.
[ 2026-05-13 14:14:41 | node_42 | INFO ] 🧩 Model added for round 47 (1/15) from ['node_44']
[ 2026-05-13 14:14:41 | node_42 | INFO ] 🧩 Model added for round 47 (2/15) from ['node_17']
[ 2026-05-13 14:14:41 | node_42 | INFO ] 🧩 Model added for round 47 (3/15) from ['node_36']
[ 2026-05-13 14:14:41 | node_42 | INFO ] 🧩 Model added for round 47 (4/15) from ['node_23']
[ 2026-05-13 14:14:41 | node_42 | INFO ] 🧩 Model added for round 47 (5/15) from ['node_19']
[ 2026-05-13 14:14:41 | node_42 | INFO ] 🧩 Model added for round 47 (6/15) from ['node_3']
[ 2026-05-13 14:14:41 | node_42 | INFO ] 🧩 Model added for round 47 (7/15) from ['node_7']
[ 2026-05-13 14:14:41 | node_20 | INFO ] 🗣️ Gossiping aggregated model.
[ 2026-05-13 14:14:41 | node_42 | INFO ] 🏋️‍♀️ Preparing training...
[ 2026-05-13 14:14:41 | node_42 | INFO ] 🧩 Model added for round 47 (8/15) from ['node_39']
[ 2026-05-13 14:14:42 | node_34 | INFO ] 🧩 Model added for round 47 (5/8) from ['node_28']
[ 2026-05-13 14:14:42 | node_42 | INFO ] 🎓 Training step done.
[ 2026-05-13 14:14:42 | node_42 | INFO ] 🛠️ Calling force_add_local_model...
[ 2026-05-13 14:14:42 | node_42 | INFO ] ✅ [FORCE] Local model added for round 47. (9/15)
[ 2026-05-13 14:14:42 | node_36 | INFO ] 🧩 Model added for round 47 (3/7) from ['node_28']
[ 2026-05-13 14:14:43 | node_42 | INFO ] 🧩 Model added for round 47 (10/15) from ['node_28']
[ 2026-05-13 14:14:47 | node_42 | INFO ] 📤 Sending model to 14 direct neighbors: ['node_3', 'node_5', 'node_7', 'node_8', 'node_11', 'node_12', 'node_17', 'node_19', 'node_23', 'node_28', 'node_29', 'node_36', 'node_39', 'node_44']
[ 2026-05-13 14:14:47 | node_3 | INFO ] 🧩 Model added for round 47 (10/12) from ['node_42']
[ 2026-05-13 14:14:49 | node_7 | INFO ] 🧩 Model added for round 47 (11/14) from ['node_42']
[ 2026-05-13 14:14:52 | node_17 | INFO ] 🧩 Model added for round 47 (6/8) from ['node_42']
[ 2026-05-13 14:14:53 | node_19 | INFO ] 🧩 Model added for round 47 (5/8) from ['node_42']
[ 2026-05-13 14:14:54 | node_23 | INFO ] 🧩 Model added for round 47 (7/8) from ['node_42']
[ 2026-05-13 14:14:55 | node_28 | INFO ] 🧩 Model added for round 47 (11/12) from ['node_42']
[ 2026-05-13 14:14:57 | node_36 | INFO ] 🧩 Model added for round 47 (4/7) from ['node_42']
[ 2026-05-13 14:14:57 | node_39 | INFO ] 🧩 Model added for round 47 (7/11) from ['node_42']
[ 2026-05-13 14:14:59 | node_44 | INFO ] 🧩 Model added for round 47 (6/6) from ['node_42']
[ 2026-05-13 14:15:02 | node_44 | INFO ] 🧠 Aggregation complete. Setting new model.
[ 2026-05-13 14:15:02 | node_44 | INFO ] 🗣️ Gossiping aggregated model.
[ 2026-05-13 14:15:11 | node_6 | INFO ] ⏹️  Gossiping exited for 50 equal rounds.
[ 2026-05-13 14:15:11 | node_6 | INFO ] 🔬 Evaluating...
[ 2026-05-13 14:15:11 | node_6 | INFO ] 📈 Evaluated. Results: {'test_loss': 0.09180441498756409, 'test_acc': 0.9700000286102295, 'test_precision': 0.9735466241836548, 'test_recall': 0.9721904993057251, 'test_f1': 0.972212553024292, 'communication_cost': 26343772}
[ 2026-05-13 14:15:12 | node_6 | INFO ] 📢 Broadcasting metrics.
[ 2026-05-13 14:15:13 | node_6 | INFO ] 🎉 Round 47 of 50 finished.
[ 2026-05-13 14:15:13 | node_6 | INFO ] 🗳️ [DETERMINISTIC] Train set assigned (No Voting). Size: 50
[ 2026-05-13 14:15:13 | node_6 | INFO ] ♻️ Proactively processing 4 early models for round 47.
[ 2026-05-13 14:15:13 | node_6 | INFO ] 🧩 Model added for round 47 (1/8) from ['node_38']
[ 2026-05-13 14:15:13 | node_6 | INFO ] 🧩 Model added for round 47 (2/8) from ['node']
[ 2026-05-13 14:15:13 | node_6 | INFO ] 🧩 Model added for round 47 (3/8) from ['node_48']
[ 2026-05-13 14:15:13 | node_6 | INFO ] 🧩 Model added for round 47 (4/8) from ['node_16']
[ 2026-05-13 14:15:14 | node_6 | INFO ] 🏋️‍♀️ Preparing training...
[ 2026-05-13 14:15:14 | node_6 | INFO ] 🎓 Training step done.
[ 2026-05-13 14:15:14 | node_6 | INFO ] 🛠️ Calling force_add_local_model...
[ 2026-05-13 14:15:14 | node_6 | INFO ] ✅ [FORCE] Local model added for round 47. (5/8)
[ 2026-05-13 14:15:19 | node_6 | INFO ] 📤 Sending model to 7 direct neighbors: ['node', 'node_4', 'node_5', 'node_16', 'node_29', 'node_38', 'node_48']
[ 2026-05-13 14:15:19 | node | INFO ] 🧩 Model added for round 47 (5/7) from ['node_6']
[ 2026-05-13 14:15:20 | node_16 | INFO ] 🧩 Model added for round 47 (12/14) from ['node_6']
[ 2026-05-13 14:15:22 | node_38 | INFO ] 🧩 Model added for round 47 (6/8) from ['node_6']
[ 2026-05-13 14:15:23 | node_48 | INFO ] 🧩 Model added for round 47 (8/8) from ['node_6']
[ 2026-05-13 14:15:24 | node_48 | INFO ] 🧠 Aggregation complete. Setting new model.
[ 2026-05-13 14:15:24 | node_48 | INFO ] 🗣️ Gossiping aggregated model.
[ 2026-05-13 14:15:30 | node_21 | INFO ] ⏹️  Gossiping exited for 50 equal rounds.
[ 2026-05-13 14:15:30 | node_21 | INFO ] 🔬 Evaluating...
[ 2026-05-13 14:15:30 | node_21 | INFO ] 📈 Evaluated. Results: {'test_loss': 0.041912466287612915, 'test_acc': 0.9800000190734863, 'test_precision': 0.9787249565124512, 'test_recall': 0.9783439040184021, 'test_f1': 0.9782520532608032, 'communication_cost': 37633960}
[ 2026-05-13 14:15:31 | node_21 | INFO ] 📢 Broadcasting metrics.
[ 2026-05-13 14:15:33 | node_21 | INFO ] 🎉 Round 47 of 50 finished.
[ 2026-05-13 14:15:33 | node_21 | INFO ] 🗳️ [DETERMINISTIC] Train set assigned (No Voting). Size: 50
[ 2026-05-13 14:15:33 | node_21 | INFO ] ♻️ Proactively processing 7 early models for round 47.
[ 2026-05-13 14:15:33 | node_21 | INFO ] 🧩 Model added for round 47 (1/11) from ['node_26']
[ 2026-05-13 14:15:33 | node_21 | INFO ] 🧩 Model added for round 47 (2/11) from ['node_27']
[ 2026-05-13 14:15:33 | node_21 | INFO ] 🧩 Model added for round 47 (3/11) from ['node_46']
[ 2026-05-13 14:15:33 | node_21 | INFO ] 🧩 Model added for round 47 (4/11) from ['node_16']
[ 2026-05-13 14:15:33 | node_21 | INFO ] 🧩 Model added for round 47 (5/11) from ['node_32']
[ 2026-05-13 14:15:33 | node_21 | INFO ] 🧩 Model added for round 47 (6/11) from ['node_19']
[ 2026-05-13 14:15:33 | node_21 | INFO ] 🧩 Model added for round 47 (7/11) from ['node_39']
[ 2026-05-13 14:15:33 | node_21 | INFO ] 🏋️‍♀️ Preparing training...
[ 2026-05-13 14:15:34 | node_21 | INFO ] 🎓 Training step done.
[ 2026-05-13 14:15:34 | node_21 | INFO ] 🛠️ Calling force_add_local_model...
[ 2026-05-13 14:15:34 | node_21 | INFO ] ✅ [FORCE] Local model added for round 47. (8/11)
[ 2026-05-13 14:15:39 | node_21 | INFO ] 📤 Sending model to 10 direct neighbors: ['node_2', 'node_8', 'node_11', 'node_16', 'node_19', 'node_26', 'node_27', 'node_32', 'node_39', 'node_46']
[ 2026-05-13 14:15:40 | node_16 | INFO ] 🧩 Model added for round 47 (13/14) from ['node_21']
[ 2026-05-13 14:15:41 | node_19 | INFO ] 🧩 Model added for round 47 (6/8) from ['node_21']
[ 2026-05-13 14:15:42 | node_26 | INFO ] 🧩 Model added for round 47 (5/5) from ['node_21']
[ 2026-05-13 14:15:42 | node_8 | INFO ] ⏹️  Gossiping exited for 50 equal rounds.
[ 2026-05-13 14:15:42 | node_26 | INFO ] 🧠 Aggregation complete. Setting new model.
[ 2026-05-13 14:15:42 | node_8 | INFO ] 🔬 Evaluating...
[ 2026-05-13 14:15:42 | node_8 | INFO ] 📈 Evaluated. Results: {'test_loss': 0.1758066564798355, 'test_acc': 0.9850000143051147, 'test_precision': 0.9851258993148804, 'test_recall': 0.9850080013275146, 'test_f1': 0.9847775101661682, 'communication_cost': 33870564}
[ 2026-05-13 14:15:42 | node_26 | INFO ] 🗣️ Gossiping aggregated model.
[ 2026-05-13 14:15:43 | node_27 | INFO ] 🧩 Model added for round 47 (8/9) from ['node_21']
[ 2026-05-13 14:15:43 | node_8 | INFO ] 📢 Broadcasting metrics.
[ 2026-05-13 14:15:43 | node_32 | INFO ] 🧩 Model added for round 47 (12/13) from ['node_21']
[ 2026-05-13 14:15:44 | node_8 | INFO ] 🎉 Round 47 of 50 finished.
[ 2026-05-13 14:15:45 | node_39 | INFO ] 🧩 Model added for round 47 (8/11) from ['node_21']
[ 2026-05-13 14:15:45 | node_8 | INFO ] 🗳️ [DETERMINISTIC] Train set assigned (No Voting). Size: 50
[ 2026-05-13 14:15:45 | node_8 | INFO ] ♻️ Proactively processing 6 early models for round 47.
[ 2026-05-13 14:15:45 | node_8 | INFO ] 🧩 Model added for round 47 (1/10) from ['node_30']
[ 2026-05-13 14:15:45 | node_8 | INFO ] 🧩 Model added for round 47 (2/10) from ['node_13']
[ 2026-05-13 14:15:45 | node_8 | INFO ] 🧩 Model added for round 47 (3/10) from ['node_7']
[ 2026-05-13 14:15:45 | node_8 | INFO ] 🧩 Model added for round 47 (4/10) from ['node_39']
[ 2026-05-13 14:15:45 | node_8 | INFO ] 🧩 Model added for round 47 (5/10) from ['node_42']
[ 2026-05-13 14:15:45 | node_8 | INFO ] 🧩 Model added for round 47 (6/10) from ['node_21']
[ 2026-05-13 14:15:45 | node_8 | INFO ] 🏋️‍♀️ Preparing training...
[ 2026-05-13 14:15:45 | node_8 | INFO ] 🎓 Training step done.
[ 2026-05-13 14:15:45 | node_8 | INFO ] 🛠️ Calling force_add_local_model...
[ 2026-05-13 14:15:45 | node_8 | INFO ] ✅ [FORCE] Local model added for round 47. (7/10)
[ 2026-05-13 14:15:45 | node_46 | INFO ] 🧩 Model added for round 47 (6/9) from ['node_21']
[ 2026-05-13 14:15:50 | node_8 | INFO ] 📤 Sending model to 9 direct neighbors: ['node_2', 'node_4', 'node_7', 'node_13', 'node_21', 'node_29', 'node_30', 'node_39', 'node_42']
[ 2026-05-13 14:15:51 | node_7 | INFO ] 🧩 Model added for round 47 (12/14) from ['node_8']
[ 2026-05-13 14:15:52 | node_4 | INFO ] ⏹️  Gossiping exited for 50 equal rounds.
[ 2026-05-13 14:15:52 | node_4 | INFO ] 🔬 Evaluating...
[ 2026-05-13 14:15:52 | node_4 | INFO ] 📈 Evaluated. Results: {'test_loss': 0.4239513874053955, 'test_acc': 0.949999988079071, 'test_precision': 0.9491596817970276, 'test_recall': 0.9488703012466431, 'test_f1': 0.9462868571281433, 'communication_cost': 52687544}
[ 2026-05-13 14:15:52 | node_13 | INFO ] 🧩 Model added for round 47 (6/9) from ['node_8']
[ 2026-05-13 14:15:52 | node_4 | INFO ] 📢 Broadcasting metrics.
[ 2026-05-13 14:15:53 | node_21 | INFO ] 🧩 Model added for round 47 (9/11) from ['node_8']
[ 2026-05-13 14:15:55 | node_30 | INFO ] 🧩 Model added for round 47 (4/10) from ['node_8']
[ 2026-05-13 14:15:55 | node_11 | INFO ] ⏹️  Gossiping exited for 50 equal rounds.
[ 2026-05-13 14:15:55 | node_39 | INFO ] 🧩 Model added for round 47 (9/11) from ['node_8']
[ 2026-05-13 14:15:56 | node_11 | INFO ] 🔬 Evaluating...
[ 2026-05-13 14:15:56 | node_11 | INFO ] 📈 Evaluated. Results: {'test_loss': 0.09788179397583008, 'test_acc': 0.9800000190734863, 'test_precision': 0.9807368516921997, 'test_recall': 0.9764035940170288, 'test_f1': 0.977821946144104, 'communication_cost': 33870564}
[ 2026-05-13 14:15:56 | node_11 | INFO ] 📢 Broadcasting metrics.
[ 2026-05-13 14:15:56 | node_9 | INFO ] ⏹️  Gossiping exited for 50 equal rounds.
[ 2026-05-13 14:15:56 | node_42 | INFO ] 🧩 Model added for round 47 (11/15) from ['node_8']
[ 2026-05-13 14:15:56 | node_4 | INFO ] 🎉 Round 47 of 50 finished.
[ 2026-05-13 14:15:56 | node_9 | INFO ] 🔬 Evaluating...
[ 2026-05-13 14:15:57 | node_4 | INFO ] 🗳️ [DETERMINISTIC] Train set assigned (No Voting). Size: 50
[ 2026-05-13 14:15:57 | node_4 | INFO ] ♻️ Proactively processing 11 early models for round 47.
[ 2026-05-13 14:15:57 | node_4 | INFO ] 🧩 Model added for round 47 (1/15) from ['node_31']
[ 2026-05-13 14:15:57 | node_9 | INFO ] 📈 Evaluated. Results: {'test_loss': 0.15693490207195282, 'test_acc': 0.9750000238418579, 'test_precision': 0.9749832153320312, 'test_recall': 0.9777854681015015, 'test_f1': 0.9760123491287231, 'communication_cost': 33870564}
[ 2026-05-13 14:15:57 | node_4 | INFO ] 🧩 Model added for round 47 (2/15) from ['node']
[ 2026-05-13 14:15:57 | node_4 | INFO ] 🧩 Model added for round 47 (3/15) from ['node_15']
[ 2026-05-13 14:15:57 | node_9 | INFO ] 📢 Broadcasting metrics.
[ 2026-05-13 14:15:57 | node_4 | INFO ] 🧩 Model added for round 47 (4/15) from ['node_47']
[ 2026-05-13 14:15:57 | node_4 | INFO ] 🧩 Model added for round 47 (5/15) from ['node_10']
[ 2026-05-13 14:15:57 | node_4 | INFO ] 🧩 Model added for round 47 (6/15) from ['node_17']
[ 2026-05-13 14:15:57 | node_4 | INFO ] 🧩 Model added for round 47 (7/15) from ['node_25']
[ 2026-05-13 14:15:57 | node_4 | INFO ] 🧩 Model added for round 47 (8/15) from ['node_30']
[ 2026-05-13 14:15:57 | node_4 | INFO ] 🧩 Model added for round 47 (9/15) from ['node_24']
[ 2026-05-13 14:15:57 | node_4 | INFO ] 🧩 Model added for round 47 (10/15) from ['node_6']
[ 2026-05-13 14:15:57 | node_4 | INFO ] 🧩 Model added for round 47 (11/15) from ['node_8']
[ 2026-05-13 14:15:57 | node_4 | INFO ] 🏋️‍♀️ Preparing training...
[ 2026-05-13 14:15:57 | node_4 | INFO ] 🎓 Training step done.
[ 2026-05-13 14:15:57 | node_18 | INFO ] ⏹️  Gossiping exited for 50 equal rounds.
[ 2026-05-13 14:15:57 | node_4 | INFO ] 🛠️ Calling force_add_local_model...
[ 2026-05-13 14:15:58 | node_4 | INFO ] ✅ [FORCE] Local model added for round 47. (12/15)
[ 2026-05-13 14:15:58 | node_18 | INFO ] 🔬 Evaluating...
[ 2026-05-13 14:15:58 | node_18 | INFO ] 📈 Evaluated. Results: {'test_loss': 0.09453234076499939, 'test_acc': 0.9750000238418579, 'test_precision': 0.9753997325897217, 'test_recall': 0.9766666889190674, 'test_f1': 0.9749748706817627, 'communication_cost': 45160752}
[ 2026-05-13 14:15:58 | node_18 | INFO ] 📢 Broadcasting metrics.
[ 2026-05-13 14:15:58 | node_5 | INFO ] ⏹️  Gossiping exited for 50 equal rounds.
[ 2026-05-13 14:15:58 | node_5 | INFO ] 🔬 Evaluating...
[ 2026-05-13 14:15:58 | node_11 | INFO ] 🎉 Round 47 of 50 finished.
[ 2026-05-13 14:15:58 | node_11 | INFO ] 🗳️ [DETERMINISTIC] Train set assigned (No Voting). Size: 50
[ 2026-05-13 14:15:58 | node_5 | INFO ] 📈 Evaluated. Results: {'test_loss': 0.05830827355384827, 'test_acc': 0.9800000190734863, 'test_precision': 0.9836257696151733, 'test_recall': 0.9799603819847107, 'test_f1': 0.9809659719467163, 'communication_cost': 30107168}
[ 2026-05-13 14:15:58 | node_2 | INFO ] ⏹️  Gossiping exited for 50 equal rounds.
[ 2026-05-13 14:15:58 | node_11 | INFO ] ♻️ Proactively processing 7 early models for round 47.
[ 2026-05-13 14:15:58 | node_5 | INFO ] 📢 Broadcasting metrics.
[ 2026-05-13 14:15:58 | node_11 | INFO ] 🧩 Model added for round 47 (1/10) from ['node_40']
[ 2026-05-13 14:15:58 | node_2 | INFO ] 🔬 Evaluating...
[ 2026-05-13 14:15:58 | node_11 | INFO ] 🧩 Model added for round 47 (2/10) from ['node_17']
[ 2026-05-13 14:15:58 | node_11 | INFO ] 🧩 Model added for round 47 (3/10) from ['node_30']
[ 2026-05-13 14:15:58 | node_11 | INFO ] 🧩 Model added for round 47 (4/10) from ['node_33']
[ 2026-05-13 14:15:59 | node_11 | INFO ] 🧩 Model added for round 47 (5/10) from ['node_39']
[ 2026-05-13 14:15:59 | node_11 | INFO ] 🧩 Model added for round 47 (6/10) from ['node_42']
[ 2026-05-13 14:15:59 | node_29 | INFO ] ⏹️  Gossiping exited for 50 equal rounds.
[ 2026-05-13 14:15:59 | node_11 | INFO ] 🧩 Model added for round 47 (7/10) from ['node_21']
[ 2026-05-13 14:15:59 | node_11 | INFO ] 🏋️‍♀️ Preparing training...
[ 2026-05-13 14:15:59 | node_2 | INFO ] 📈 Evaluated. Results: {'test_loss': 0.199469655752182, 'test_acc': 0.9800000190734863, 'test_precision': 0.978238582611084, 'test_recall': 0.976122260093689, 'test_f1': 0.9766576290130615, 'communication_cost': 45160752}
[ 2026-05-13 14:15:59 | node_29 | INFO ] 🔬 Evaluating...
[ 2026-05-13 14:15:59 | node_2 | INFO ] 📢 Broadcasting metrics.
[ 2026-05-13 14:15:59 | node_29 | INFO ] 📈 Evaluated. Results: {'test_loss': 0.27861762046813965, 'test_acc': 0.9549999833106995, 'test_precision': 0.9562513828277588, 'test_recall': 0.9516627788543701, 'test_f1': 0.9533789157867432, 'communication_cost': 52687544}
[ 2026-05-13 14:15:59 | node_29 | INFO ] 📢 Broadcasting metrics.
[ 2026-05-13 14:15:59 | node_9 | INFO ] 🎉 Round 47 of 50 finished.
[ 2026-05-13 14:15:59 | node_11 | INFO ] 🎓 Training step done.
[ 2026-05-13 14:15:59 | node_11 | INFO ] 🛠️ Calling force_add_local_model...
[ 2026-05-13 14:15:59 | node_9 | INFO ] 🗳️ [DETERMINISTIC] Train set assigned (No Voting). Size: 50
[ 2026-05-13 14:15:59 | node_11 | INFO ] ✅ [FORCE] Local model added for round 47. (8/10)
[ 2026-05-13 14:15:59 | node_9 | INFO ] ♻️ Proactively processing 7 early models for round 47.
[ 2026-05-13 14:15:59 | node_9 | INFO ] 🧩 Model added for round 47 (1/10) from ['node_38']
[ 2026-05-13 14:15:59 | node_9 | INFO ] 🧩 Model added for round 47 (2/10) from ['node_34']
[ 2026-05-13 14:15:59 | node_9 | INFO ] 🧩 Model added for round 47 (3/10) from ['node_27']
[ 2026-05-13 14:15:59 | node_9 | INFO ] 🧩 Model added for round 47 (4/10) from ['node_15']
[ 2026-05-13 14:15:59 | node_9 | INFO ] 🧩 Model added for round 47 (5/10) from ['node_35']
[ 2026-05-13 14:15:59 | node_9 | INFO ] 🧩 Model added for round 47 (6/10) from ['node_49']
[ 2026-05-13 14:15:59 | node_9 | INFO ] 🧩 Model added for round 47 (7/10) from ['node_33']
[ 2026-05-13 14:15:59 | node_9 | INFO ] 🏋️‍♀️ Preparing training...
[ 2026-05-13 14:16:00 | node_9 | INFO ] 🎓 Training step done.
[ 2026-05-13 14:16:00 | node_9 | INFO ] 🛠️ Calling force_add_local_model...
[ 2026-05-13 14:16:00 | node_9 | INFO ] ✅ [FORCE] Local model added for round 47. (8/10)
[ 2026-05-13 14:16:01 | node_5 | INFO ] 🎉 Round 47 of 50 finished.
[ 2026-05-13 14:16:01 | node_5 | INFO ] 🗳️ [DETERMINISTIC] Train set assigned (No Voting). Size: 50
[ 2026-05-13 14:16:01 | node_43 | INFO ] ⏹️  Gossiping exited for 50 equal rounds.
[ 2026-05-13 14:16:01 | node_5 | INFO ] ♻️ Proactively processing 6 early models for round 47.
[ 2026-05-13 14:16:01 | node_5 | INFO ] 🧩 Model added for round 47 (1/9) from ['node_46']
[ 2026-05-13 14:16:01 | node_43 | INFO ] 🔬 Evaluating...
[ 2026-05-13 14:16:01 | node_5 | INFO ] 🧩 Model added for round 47 (2/9) from ['node_30']
[ 2026-05-13 14:16:01 | node_5 | INFO ] 🧩 Model added for round 47 (3/9) from ['node_24']
[ 2026-05-13 14:16:01 | node_5 | INFO ] 🧩 Model added for round 47 (4/9) from ['node_39']
[ 2026-05-13 14:16:01 | node_5 | INFO ] 🧩 Model added for round 47 (5/9) from ['node_42']
[ 2026-05-13 14:16:01 | node_18 | INFO ] 🎉 Round 47 of 50 finished.
[ 2026-05-13 14:16:01 | node_5 | INFO ] 🧩 Model added for round 47 (6/9) from ['node_6']
[ 2026-05-13 14:16:01 | node_43 | INFO ] 📈 Evaluated. Results: {'test_loss': 0.15221260488033295, 'test_acc': 0.9649999737739563, 'test_precision': 0.9655280113220215, 'test_recall': 0.9622445106506348, 'test_f1': 0.9622539281845093, 'communication_cost': 33870564}
[ 2026-05-13 14:16:01 | node_5 | INFO ] 🏋️‍♀️ Preparing training...
[ 2026-05-13 14:16:01 | node_18 | INFO ] 🗳️ [DETERMINISTIC] Train set assigned (No Voting). Size: 50
[ 2026-05-13 14:16:01 | node_43 | INFO ] 📢 Broadcasting metrics.
[ 2026-05-13 14:16:01 | node_18 | INFO ] ♻️ Proactively processing 10 early models for round 47.
[ 2026-05-13 14:16:01 | node_18 | INFO ] 🧩 Model added for round 47 (1/13) from ['node_41']
[ 2026-05-13 14:16:01 | node_18 | INFO ] 🧩 Model added for round 47 (2/13) from ['node_34']
[ 2026-05-13 14:16:01 | node_18 | INFO ] 🧩 Model added for round 47 (3/13) from ['node_35']
[ 2026-05-13 14:16:01 | node_18 | INFO ] 🧩 Model added for round 47 (4/13) from ['node_30']
[ 2026-05-13 14:16:01 | node_18 | INFO ] 🧩 Model added for round 47 (5/13) from ['node_32']
[ 2026-05-13 14:16:01 | node_18 | INFO ] 🧩 Model added for round 47 (6/13) from ['node_13']
[ 2026-05-13 14:16:01 | node_5 | INFO ] 🎓 Training step done.
[ 2026-05-13 14:16:01 | node_18 | INFO ] 🧩 Model added for round 47 (7/13) from ['node_19']
[ 2026-05-13 14:16:01 | node_5 | INFO ] 🛠️ Calling force_add_local_model...
[ 2026-05-13 14:16:02 | node_18 | INFO ] 🧩 Model added for round 47 (8/13) from ['node_3']
[ 2026-05-13 14:16:02 | node_18 | INFO ] 🧩 Model added for round 47 (9/13) from ['node_33']
[ 2026-05-13 14:16:02 | node_5 | INFO ] ✅ [FORCE] Local model added for round 47. (7/9)
[ 2026-05-13 14:16:02 | node_18 | INFO ] 🧩 Model added for round 47 (10/13) from ['node_28']
[ 2026-05-13 14:16:02 | node_18 | INFO ] 🏋️‍♀️ Preparing training...
[ 2026-05-13 14:16:02 | node_18 | INFO ] 🎓 Training step done.
[ 2026-05-13 14:16:02 | node_18 | INFO ] 🛠️ Calling force_add_local_model...
[ 2026-05-13 14:16:02 | node_2 | INFO ] 🎉 Round 47 of 50 finished.
[ 2026-05-13 14:16:02 | node_18 | INFO ] ✅ [FORCE] Local model added for round 47. (11/13)
[ 2026-05-13 14:16:02 | node_2 | INFO ] 🗳️ [DETERMINISTIC] Train set assigned (No Voting). Size: 50
[ 2026-05-13 14:16:02 | node_2 | INFO ] ♻️ Proactively processing 9 early models for round 47.
[ 2026-05-13 14:16:02 | node_2 | INFO ] 🧩 Model added for round 47 (1/13) from ['node_38']
[ 2026-05-13 14:16:02 | node_2 | INFO ] 🧩 Model added for round 47 (2/13) from ['node_31']
[ 2026-05-13 14:16:02 | node_2 | INFO ] 🧩 Model added for round 47 (3/13) from ['node_36']
[ 2026-05-13 14:16:02 | node_2 | INFO ] 🧩 Model added for round 47 (4/13) from ['node_46']
[ 2026-05-13 14:16:02 | node_2 | INFO ] 🧩 Model added for round 47 (5/13) from ['node_24']
[ 2026-05-13 14:16:02 | node_2 | INFO ] 🧩 Model added for round 47 (6/13) from ['node_16']
[ 2026-05-13 14:16:02 | node_2 | INFO ] 🧩 Model added for round 47 (7/13) from ['node_7']
[ 2026-05-13 14:16:02 | node_2 | INFO ] 🧩 Model added for round 47 (8/13) from ['node_21']
[ 2026-05-13 14:16:02 | node_2 | INFO ] 🧩 Model added for round 47 (9/13) from ['node_8']
[ 2026-05-13 14:16:02 | node_2 | INFO ] 🏋️‍♀️ Preparing training...
[ 2026-05-13 14:16:03 | node_4 | INFO ] 📤 Sending model to 14 direct neighbors: ['node', 'node_5', 'node_6', 'node_8', 'node_9', 'node_10', 'node_12', 'node_15', 'node_17', 'node_24', 'node_25', 'node_30', 'node_31', 'node_47']
[ 2026-05-13 14:16:03 | node_29 | INFO ] 🎉 Round 47 of 50 finished.
[ 2026-05-13 14:16:03 | node_29 | INFO ] 🗳️ [DETERMINISTIC] Train set assigned (No Voting). Size: 50
[ 2026-05-13 14:16:03 | node_29 | INFO ] ♻️ Proactively processing 11 early models for round 47.
[ 2026-05-13 14:16:03 | node_29 | INFO ] 🧩 Model added for round 47 (1/15) from ['node']
[ 2026-05-13 14:16:03 | node_2 | INFO ] 🎓 Training step done.
[ 2026-05-13 14:16:03 | node_29 | INFO ] 🧩 Model added for round 47 (2/15) from ['node_10']
[ 2026-05-13 14:16:03 | node | INFO ] 🧩 Model added for round 47 (6/7) from ['node_4']
[ 2026-05-13 14:16:03 | node_2 | INFO ] 🛠️ Calling force_add_local_model...
[ 2026-05-13 14:16:03 | node_29 | INFO ] 🧩 Model added for round 47 (3/15) from ['node_36']
[ 2026-05-13 14:16:03 | node_29 | INFO ] 🧩 Model added for round 47 (4/15) from ['node_30']
[ 2026-05-13 14:16:03 | node_29 | INFO ] 🧩 Model added for round 47 (5/15) from ['node_13']
[ 2026-05-13 14:16:03 | node_2 | INFO ] ✅ [FORCE] Local model added for round 47. (10/13)
[ 2026-05-13 14:16:03 | node_29 | INFO ] 🧩 Model added for round 47 (6/15) from ['node_19']
[ 2026-05-13 14:16:03 | node_29 | INFO ] 🧩 Model added for round 47 (7/15) from ['node_49']
[ 2026-05-13 14:16:03 | node_29 | INFO ] 🧩 Model added for round 47 (8/15) from ['node_33']
[ 2026-05-13 14:16:03 | node_29 | INFO ] 🧩 Model added for round 47 (9/15) from ['node_42']
[ 2026-05-13 14:16:03 | node_29 | INFO ] 🧩 Model added for round 47 (10/15) from ['node_6']
[ 2026-05-13 14:16:03 | node_29 | INFO ] 🧩 Model added for round 47 (11/15) from ['node_8']
[ 2026-05-13 14:16:03 | node_29 | INFO ] 🏋️‍♀️ Preparing training...
[ 2026-05-13 14:16:03 | node_5 | INFO ] 🧩 Model added for round 47 (8/9) from ['node_4']
[ 2026-05-13 14:16:04 | node_29 | INFO ] 🎓 Training step done.
[ 2026-05-13 14:16:04 | node_29 | INFO ] 🛠️ Calling force_add_local_model...
[ 2026-05-13 14:16:04 | node_29 | INFO ] ✅ [FORCE] Local model added for round 47. (12/15)
[ 2026-05-13 14:16:04 | node_43 | INFO ] 🎉 Round 47 of 50 finished.
[ 2026-05-13 14:16:04 | node_43 | INFO ] 🗳️ [DETERMINISTIC] Train set assigned (No Voting). Size: 50
[ 2026-05-13 14:16:04 | node_43 | INFO ] ♻️ Proactively processing 7 early models for round 47.
[ 2026-05-13 14:16:04 | node_43 | INFO ] 🧩 Model added for round 47 (1/10) from ['node_36']
[ 2026-05-13 14:16:04 | node_43 | INFO ] 🧩 Model added for round 47 (2/10) from ['node_30']
[ 2026-05-13 14:16:04 | node_43 | INFO ] 🧩 Model added for round 47 (3/10) from ['node_23']
[ 2026-05-13 14:16:04 | node_43 | INFO ] 🧩 Model added for round 47 (4/10) from ['node_13']
[ 2026-05-13 14:16:04 | node_43 | INFO ] 🧩 Model added for round 47 (5/10) from ['node_3']
[ 2026-05-13 14:16:04 | node_43 | INFO ] 🧩 Model added for round 47 (6/10) from ['node_49']
[ 2026-05-13 14:16:04 | node_43 | INFO ] 🧩 Model added for round 47 (7/10) from ['node_7']
[ 2026-05-13 14:16:04 | node_43 | INFO ] 🏋️‍♀️ Preparing training...
[ 2026-05-13 14:16:04 | node_11 | INFO ] 📤 Sending model to 9 direct neighbors: ['node_2', 'node_9', 'node_17', 'node_21', 'node_30', 'node_33', 'node_39', 'node_40', 'node_42']
[ 2026-05-13 14:16:04 | node_6 | INFO ] 🧩 Model added for round 47 (6/8) from ['node_4']
[ 2026-05-13 14:16:04 | node_2 | INFO ] 🧩 Model added for round 47 (11/13) from ['node_11']
[ 2026-05-13 14:16:04 | node_43 | INFO ] 🎓 Training step done.
[ 2026-05-13 14:16:04 | node_43 | INFO ] 🛠️ Calling force_add_local_model...
[ 2026-05-13 14:16:04 | node_43 | INFO ] ✅ [FORCE] Local model added for round 47. (8/10)
[ 2026-05-13 14:16:04 | node_37 | INFO ] ⏹️  Gossiping exited for 50 equal rounds.
[ 2026-05-13 14:16:05 | node_37 | INFO ] 🔬 Evaluating...
[ 2026-05-13 14:16:05 | node_37 | INFO ] 📈 Evaluated. Results: {'test_loss': 0.1792065054178238, 'test_acc': 0.9649999737739563, 'test_precision': 0.9709533452987671, 'test_recall': 0.9660484194755554, 'test_f1': 0.9672496318817139, 'communication_cost': 11290188}
[ 2026-05-13 14:16:05 | node_37 | INFO ] 📢 Broadcasting metrics.
[ 2026-05-13 14:16:05 | node_8 | INFO ] 🧩 Model added for round 47 (8/10) from ['node_4']
[ 2026-05-13 14:16:05 | node_9 | INFO ] 📤 Sending model to 9 direct neighbors: ['node_4', 'node_11', 'node_15', 'node_27', 'node_33', 'node_34', 'node_35', 'node_38', 'node_49']
[ 2026-05-13 14:16:05 | node_4 | INFO ] 🧩 Model added for round 47 (13/15) from ['node_9']
[ 2026-05-13 14:16:05 | node_9 | INFO ] 🧩 Model added for round 47 (9/10) from ['node_11']
[ 2026-05-13 14:16:06 | node_9 | INFO ] 🧩 Model added for round 47 (10/10) from ['node_4']
[ 2026-05-13 14:16:06 | node_37 | INFO ] 🎉 Round 48 of 50 finished.
[ 2026-05-13 14:16:06 | node_37 | INFO ] 🗳️ [DETERMINISTIC] Train set assigned (No Voting). Size: 50
[ 2026-05-13 14:16:06 | node_37 | INFO ] 🏋️‍♀️ Preparing training...
[ 2026-05-13 14:16:06 | node_11 | INFO ] 🧩 Model added for round 47 (9/10) from ['node_9']
[ 2026-05-13 14:16:06 | node_37 | INFO ] 🎓 Training step done.
[ 2026-05-13 14:16:06 | node_37 | INFO ] 🛠️ Calling force_add_local_model...
[ 2026-05-13 14:16:06 | node_17 | INFO ] 🧩 Model added for round 47 (7/8) from ['node_11']
[ 2026-05-13 14:16:06 | node_37 | INFO ] ✅ [FORCE] Local model added for round 48. (1/4)
[ 2026-05-13 14:16:07 | node_5 | INFO ] 📤 Sending model to 8 direct neighbors: ['node_2', 'node_4', 'node_6', 'node_24', 'node_30', 'node_39', 'node_42', 'node_46']
[ 2026-05-13 14:16:07 | node_10 | INFO ] 🧩 Model added for round 47 (7/8) from ['node_4']
[ 2026-05-13 14:16:07 | node_2 | INFO ] 🧩 Model added for round 47 (12/13) from ['node_5']
[ 2026-05-13 14:16:07 | node_18 | INFO ] 📤 Sending model to 12 direct neighbors: ['node_3', 'node_12', 'node_13', 'node_19', 'node_28', 'node_29', 'node_30', 'node_32', 'node_33', 'node_34', 'node_35', 'node_41']
[ 2026-05-13 14:16:07 | node_21 | INFO ] 🧩 Model added for round 47 (10/11) from ['node_11']
[ 2026-05-13 14:16:07 | node_15 | INFO ] 🧩 Model added for round 47 (6/7) from ['node_9']
[ 2026-05-13 14:16:07 | node_3 | INFO ] 🧩 Model added for round 47 (11/12) from ['node_18']
[ 2026-05-13 14:16:08 | node_15 | INFO ] 🧩 Model added for round 47 (7/7) from ['node_4']
[ 2026-05-13 14:16:08 | node_2 | INFO ] 📤 Sending model to 12 direct neighbors: ['node_5', 'node_7', 'node_8', 'node_11', 'node_12', 'node_16', 'node_21', 'node_24', 'node_31', 'node_36', 'node_38', 'node_46']
[ 2026-05-13 14:16:08 | node_27 | INFO ] 🧩 Model added for round 47 (9/9) from ['node_9']
[ 2026-05-13 14:16:08 | node_4 | INFO ] 🧩 Model added for round 47 (14/15) from ['node_5']
[ 2026-05-13 14:16:08 | node_15 | INFO ] 🧠 Aggregation complete. Setting new model.
[ 2026-05-13 14:16:08 | node_27 | INFO ] 🧠 Aggregation complete. Setting new model.
[ 2026-05-13 14:16:08 | node_5 | INFO ] 🧩 Model added for round 47 (9/9) from ['node_2']
[ 2026-05-13 14:16:09 | node_29 | INFO ] 📤 Sending model to 14 direct neighbors: ['node', 'node_6', 'node_8', 'node_10', 'node_12', 'node_13', 'node_18', 'node_19', 'node_30', 'node_33', 'node_36', 'node_42', 'node_43', 'node_49']
[ 2026-05-13 14:16:09 | node_27 | INFO ] 🗣️ Gossiping aggregated model.
[ 2026-05-13 14:16:09 | node_30 | INFO ] 🧩 Model added for round 47 (5/10) from ['node_11']
[ 2026-05-13 14:16:09 | node_15 | INFO ] 🗣️ Gossiping aggregated model.
[ 2026-05-13 14:16:09 | node_17 | INFO ] 🧩 Model added for round 47 (8/8) from ['node_4']
[ 2026-05-13 14:16:09 | node_33 | INFO ] 🧩 Model added for round 47 (8/11) from ['node_9']
[ 2026-05-13 14:16:09 | node | INFO ] 🧩 Model added for round 47 (7/7) from ['node_29']
[ 2026-05-13 14:16:10 | node_43 | INFO ] 📤 Sending model to 9 direct neighbors: ['node_3', 'node_7', 'node_12', 'node_13', 'node_23', 'node_29', 'node_30', 'node_36', 'node_49']
[ 2026-05-13 14:16:10 | node_7 | INFO ] 🧩 Model added for round 47 (13/14) from ['node_2']
[ 2026-05-13 14:16:10 | node_13 | INFO ] 🧩 Model added for round 47 (7/9) from ['node_18']
[ 2026-05-13 14:16:10 | node_6 | INFO ] 🧩 Model added for round 47 (7/8) from ['node_5']
[ 2026-05-13 14:16:10 | node_33 | INFO ] 🧩 Model added for round 47 (9/11) from ['node_11']
[ 2026-05-13 14:16:10 | node_6 | INFO ] 🧩 Model added for round 47 (8/8) from ['node_29']
[ 2026-05-13 14:16:10 | node_24 | INFO ] 🧩 Model added for round 47 (7/9) from ['node_4']
[ 2026-05-13 14:16:10 | node_3 | INFO ] 🧩 Model added for round 47 (12/12) from ['node_43']
[ 2026-05-13 14:16:10 | node_34 | INFO ] 🧩 Model added for round 47 (6/8) from ['node_9']
[ 2026-05-13 14:16:11 | node | INFO ] 🧠 Aggregation complete. Setting new model.
[ 2026-05-13 14:16:11 | node_19 | INFO ] 🧩 Model added for round 47 (7/8) from ['node_18']
[ 2026-05-13 14:16:11 | node_24 | INFO ] 🧩 Model added for round 47 (8/9) from ['node_5']
[ 2026-05-13 14:16:11 | node_8 | INFO ] 🧩 Model added for round 47 (9/10) from ['node_2']
[ 2026-05-13 14:16:11 | node_39 | INFO ] 🧩 Model added for round 47 (10/11) from ['node_11']
[ 2026-05-13 14:16:11 | node_17 | INFO ] 🧠 Aggregation complete. Setting new model.
[ 2026-05-13 14:16:11 | node_35 | INFO ] 🧩 Model added for round 47 (6/7) from ['node_9']
[ 2026-05-13 14:16:11 | node_6 | INFO ] 🧠 Aggregation complete. Setting new model.
[ 2026-05-13 14:16:11 | node_3 | INFO ] 🧠 Aggregation complete. Setting new model.
[ 2026-05-13 14:16:11 | node_8 | INFO ] 🧩 Model added for round 47 (10/10) from ['node_29']
[ 2026-05-13 14:16:11 | node_25 | INFO ] 🧩 Model added for round 47 (6/6) from ['node_4']
[ 2026-05-13 14:16:11 | node_7 | INFO ] 🧩 Model added for round 47 (14/14) from ['node_43']
[ 2026-05-13 14:16:11 | node_37 | INFO ] 📤 Sending model to 3 direct neighbors: ['node_10', 'node_23', 'node_32']
[ 2026-05-13 14:16:12 | node | INFO ] 🗣️ Gossiping aggregated model.
[ 2026-05-13 14:16:12 | node_6 | INFO ] 🗣️ Gossiping aggregated model.
[ 2026-05-13 14:16:12 | node_17 | INFO ] 🗣️ Gossiping aggregated model.
[ 2026-05-13 14:16:12 | node_3 | INFO ] 🗣️ Gossiping aggregated model.
[ 2026-05-13 14:16:12 | node_12 | INFO ] ⏹️  Gossiping exited for 50 equal rounds.
[ 2026-05-13 14:16:13 | node_28 | INFO ] 🧩 Model added for round 47 (12/12) from ['node_18']
[ 2026-05-13 14:16:13 | node_40 | INFO ] 🧩 Model added for round 47 (6/6) from ['node_11']
[ 2026-05-13 14:16:13 | node_38 | INFO ] 🧩 Model added for round 47 (7/8) from ['node_9']
[ 2026-05-13 14:16:13 | node_12 | INFO ] 🔬 Evaluating...
[ 2026-05-13 14:16:13 | node_30 | INFO ] 🧩 Model added for round 47 (6/10) from ['node_5']
[ 2026-05-13 14:16:13 | node_11 | INFO ] 🧩 Model added for round 47 (10/10) from ['node_2']
[ 2026-05-13 14:16:13 | node_30 | INFO ] 🧩 Model added for round 47 (7/10) from ['node_4']
[ 2026-05-13 14:16:14 | node_13 | INFO ] 🧩 Model added for round 47 (8/9) from ['node_43']
[ 2026-05-13 14:16:14 | node_10 | INFO ] 🧩 Model added for round 47 (8/8) from ['node_29']
[ 2026-05-13 14:16:14 | node_42 | INFO ] 🧩 Model added for round 47 (12/15) from ['node_11']
[ 2026-05-13 14:16:14 | node_12 | INFO ] 📈 Evaluated. Results: {'test_loss': 0.2974320948123932, 'test_acc': 0.9700000286102295, 'test_precision': 0.9728480577468872, 'test_recall': 0.9714022278785706, 'test_f1': 0.9717472791671753, 'communication_cost': 45160752}
[ 2026-05-13 14:16:14 | node_25 | INFO ] 🧠 Aggregation complete. Setting new model.
[ 2026-05-13 14:16:14 | node_40 | INFO ] 🧠 Aggregation complete. Setting new model.
[ 2026-05-13 14:16:14 | node_49 | INFO ] 🧩 Model added for round 47 (9/11) from ['node_9']
[ 2026-05-13 14:16:14 | node_29 | INFO ] 🧩 Model added for round 47 (13/15) from ['node_18']
[ 2026-05-13 14:16:14 | node_12 | INFO ] 📢 Broadcasting metrics.
[ 2026-05-13 14:16:14 | node_8 | INFO ] 🧠 Aggregation complete. Setting new model.
[ 2026-05-13 14:16:14 | node_7 | INFO ] 🧠 Aggregation complete. Setting new model.
[ 2026-05-13 14:16:14 | node_10 | INFO ] 🧠 Aggregation complete. Setting new model.
[ 2026-05-13 14:16:14 | node_28 | INFO ] 🧠 Aggregation complete. Setting new model.
[ 2026-05-13 14:16:14 | node_45 | INFO ] ⏹️  Gossiping exited for 50 equal rounds.
[ 2026-05-13 14:16:14 | node_45 | INFO ] 🔬 Evaluating...
[ 2026-05-13 14:16:15 | node_16 | INFO ] 🧩 Model added for round 47 (14/14) from ['node_2']
[ 2026-05-13 14:16:15 | node_45 | INFO ] 📈 Evaluated. Results: {'test_loss': 0.18921266496181488, 'test_acc': 0.9700000286102295, 'test_precision': 0.9689559936523438, 'test_recall': 0.9718534350395203, 'test_f1': 0.9696354866027832, 'communication_cost': 15053584}
[ 2026-05-13 14:16:15 | node_31 | INFO ] 🧩 Model added for round 47 (2/3) from ['node_4']
[ 2026-05-13 14:16:15 | node_25 | INFO ] 🗣️ Gossiping aggregated model.
[ 2026-05-13 14:16:15 | node_40 | INFO ] 🗣️ Gossiping aggregated model.
[ 2026-05-13 14:16:15 | node_39 | INFO ] 🧩 Model added for round 47 (11/11) from ['node_5']
[ 2026-05-13 14:16:15 | node_10 | INFO ] 🗣️ Gossiping aggregated model.
[ 2026-05-13 14:16:15 | node_45 | INFO ] 📢 Broadcasting metrics.
[ 2026-05-13 14:16:15 | node_8 | INFO ] 🗣️ Gossiping aggregated model.
[ 2026-05-13 14:16:15 | node_23 | INFO ] 🧩 Model added for round 47 (8/8) from ['node_43']
[ 2026-05-13 14:16:15 | node_7 | INFO ] 🗣️ Gossiping aggregated model.
[ 2026-05-13 14:16:16 | node_28 | INFO ] 🗣️ Gossiping aggregated model.
[ 2026-05-13 14:16:16 | node_47 | INFO ] 🧩 Model added for round 47 (6/7) from ['node_4']
[ 2026-05-13 14:16:16 | node_30 | INFO ] 🧩 Model added for round 47 (8/10) from ['node_18']
[ 2026-05-13 14:16:16 | node_13 | INFO ] 🧩 Model added for round 47 (9/9) from ['node_29']
[ 2026-05-13 14:16:16 | node_42 | INFO ] 🧩 Model added for round 47 (13/15) from ['node_5']
[ 2026-05-13 14:16:17 | node_29 | INFO ] 🧩 Model added for round 47 (14/15) from ['node_43']
[ 2026-05-13 14:16:17 | node_45 | INFO ] 🎉 Round 48 of 50 finished.
[ 2026-05-13 14:16:17 | node_21 | INFO ] 🧩 Model added for round 47 (11/11) from ['node_2']
[ 2026-05-13 14:16:17 | node_45 | INFO ] 🗳️ [DETERMINISTIC] Train set assigned (No Voting). Size: 50
[ 2026-05-13 14:16:17 | node_45 | INFO ] 🏋️‍♀️ Preparing training...
[ 2026-05-13 14:16:18 | node_18 | INFO ] 🧩 Model added for round 47 (12/13) from ['node_29']
[ 2026-05-13 14:16:18 | node_32 | INFO ] 🧩 Model added for round 47 (13/13) from ['node_18']
[ 2026-05-13 14:16:18 | node_11 | INFO ] 🧠 Aggregation complete. Setting new model.
[ 2026-05-13 14:16:18 | node_39 | INFO ] 🧠 Aggregation complete. Setting new model.
[ 2026-05-13 14:16:18 | node_13 | INFO ] 🧠 Aggregation complete. Setting new model.
[ 2026-05-13 14:16:18 | node_23 | INFO ] 🧠 Aggregation complete. Setting new model.
[ 2026-05-13 14:16:18 | node_16 | INFO ] 🧠 Aggregation complete. Setting new model.
[ 2026-05-13 14:16:18 | node_9 | INFO ] 🧠 Aggregation complete. Setting new model.
[ 2026-05-13 14:16:18 | node_21 | INFO ] 🧠 Aggregation complete. Setting new model.
[ 2026-05-13 14:16:18 | node_45 | INFO ] 🎓 Training step done.
[ 2026-05-13 14:16:18 | node_45 | INFO ] 🛠️ Calling force_add_local_model...
[ 2026-05-13 14:16:18 | node_45 | INFO ] ✅ [FORCE] Local model added for round 48. (1/5)
[ 2026-05-13 14:16:18 | node_24 | INFO ] 🧩 Model added for round 47 (9/9) from ['node_2']
[ 2026-05-13 14:16:18 | node_46 | INFO ] 🧩 Model added for round 47 (7/9) from ['node_5']
[ 2026-05-13 14:16:19 | node_30 | INFO ] 🧩 Model added for round 47 (9/10) from ['node_43']
[ 2026-05-13 14:16:19 | node_13 | INFO ] 🗣️ Gossiping aggregated model.
[ 2026-05-13 14:16:19 | node_32 | INFO ] 🧠 Aggregation complete. Setting new model.
[ 2026-05-13 14:16:19 | node_11 | INFO ] 🗣️ Gossiping aggregated model.
[ 2026-05-13 14:16:19 | node_23 | INFO ] 🗣️ Gossiping aggregated model.
[ 2026-05-13 14:16:19 | node_9 | INFO ] 🗣️ Gossiping aggregated model.
[ 2026-05-13 14:16:19 | node_39 | INFO ] 🗣️ Gossiping aggregated model.
[ 2026-05-13 14:16:19 | node_21 | INFO ] 🗣️ Gossiping aggregated model.
[ 2026-05-13 14:16:19 | node_24 | INFO ] 🧠 Aggregation complete. Setting new model.
[ 2026-05-13 14:16:19 | node_16 | INFO ] 🗣️ Gossiping aggregated model.
[ 2026-05-13 14:16:19 | node_12 | INFO ] 🎉 Round 47 of 50 finished.
[ 2026-05-13 14:16:19 | node_12 | INFO ] 🗳️ [DETERMINISTIC] Train set assigned (No Voting). Size: 50
[ 2026-05-13 14:16:19 | node_33 | INFO ] 🧩 Model added for round 47 (10/11) from ['node_18']
[ 2026-05-13 14:16:20 | node_12 | INFO ] ♻️ Proactively processing 12 early models for round 47.
[ 2026-05-13 14:16:20 | node_19 | INFO ] 🧩 Model added for round 47 (8/8) from ['node_29']
[ 2026-05-13 14:16:20 | node_12 | INFO ] 🧩 Model added for round 47 (1/13) from ['node_22']
[ 2026-05-13 14:16:20 | node_12 | INFO ] 🧩 Model added for round 47 (2/13) from ['node_1']
[ 2026-05-13 14:16:20 | node_31 | INFO ] 🧩 Model added for round 47 (3/3) from ['node_2']
[ 2026-05-13 14:16:20 | node_12 | INFO ] 🧩 Model added for round 47 (3/13) from ['node_34']
[ 2026-05-13 14:16:20 | node_12 | INFO ] 🧩 Model added for round 47 (4/13) from ['node_47']
[ 2026-05-13 14:16:20 | node_12 | INFO ] 🧩 Model added for round 47 (5/13) from ['node_14']
[ 2026-05-13 14:16:20 | node_12 | INFO ] 🧩 Model added for round 47 (6/13) from ['node_46']
[ 2026-05-13 14:16:20 | node_12 | INFO ] 🧩 Model added for round 47 (7/13) from ['node_42']
[ 2026-05-13 14:16:20 | ModelPackager | INFO ] Round 47: Consensus detected (dist: 0.000912). Patience: 1/5
[ 2026-05-13 14:16:20 | node_5 | INFO ] 🧠 Aggregation complete. Setting new model.
[ 2026-05-13 14:16:20 | node_12 | INFO ] 🧩 Model added for round 47 (8/13) from ['node_4']
[ 2026-05-13 14:16:20 | node_31 | INFO ] 🧠 Aggregation complete. Setting new model.
[ 2026-05-13 14:16:20 | node_12 | INFO ] 🧩 Model added for round 47 (9/13) from ['node_18']
[ 2026-05-13 14:16:20 | node_36 | INFO ] 🧩 Model added for round 47 (5/7) from ['node_43']
[ 2026-05-13 14:16:20 | node_24 | INFO ] 🗣️ Gossiping aggregated model.
[ 2026-05-13 14:16:20 | node_32 | INFO ] 🗣️ Gossiping aggregated model.
[ 2026-05-13 14:16:20 | node_12 | INFO ] 🧩 Model added for round 47 (10/13) from ['node_43']
[ 2026-05-13 14:16:20 | node_12 | INFO ] 🧩 Model added for round 47 (11/13) from ['node_2']
[ 2026-05-13 14:16:20 | node_12 | INFO ] 🧩 Model added for round 47 (12/13) from ['node_29']
[ 2026-05-13 14:16:20 | node_19 | INFO ] 🧠 Aggregation complete. Setting new model.
[ 2026-05-13 14:16:20 | node_12 | INFO ] 🏋️‍♀️ Preparing training...
[ 2026-05-13 14:16:20 | node_36 | INFO ] 🧩 Model added for round 47 (6/7) from ['node_2']
[ 2026-05-13 14:16:20 | node_31 | INFO ] 🗣️ Gossiping aggregated model.
[ 2026-05-13 14:16:21 | node_30 | INFO ] 🧩 Model added for round 47 (10/10) from ['node_29']
[ 2026-05-13 14:16:21 | node_12 | INFO ] 🎓 Training step done.
[ 2026-05-13 14:16:21 | node_12 | INFO ] 🛠️ Calling force_add_local_model...
[ 2026-05-13 14:16:21 | node_12 | INFO ] ✅ [FORCE] Local model added for round 47. (13/13)
[ 2026-05-13 14:16:21 | node_34 | INFO ] 🧩 Model added for round 47 (7/8) from ['node_18']
[ 2026-05-13 14:16:21 | node_5 | INFO ] 🗣️ Gossiping aggregated model.
[ 2026-05-13 14:16:21 | node_49 | INFO ] 🧩 Model added for round 47 (10/11) from ['node_43']
[ 2026-05-13 14:16:21 | node_19 | INFO ] 🗣️ Gossiping aggregated model.
[ 2026-05-13 14:16:22 | node_38 | INFO ] 🧩 Model added for round 47 (8/8) from ['node_2']
[ 2026-05-13 14:16:22 | node_33 | INFO ] 🧩 Model added for round 47 (11/11) from ['node_29']
[ 2026-05-13 14:16:23 | node_35 | INFO ] 🧩 Model added for round 47 (7/7) from ['node_18']
[ 2026-05-13 14:16:23 | node_45 | INFO ] 📤 Sending model to 4 direct neighbors: ['node_14', 'node_16', 'node_38', 'node_48']
[ 2026-05-13 14:16:23 | node_46 | INFO ] 🧩 Model added for round 47 (8/9) from ['node_2']
[ 2026-05-13 14:16:23 | node_41 | INFO ] 🧩 Model added for round 47 (3/3) from ['node_18']
[ 2026-05-13 14:16:24 | node_36 | INFO ] 🧩 Model added for round 47 (7/7) from ['node_29']
[ 2026-05-13 14:16:24 | node_30 | INFO ] 🧠 Aggregation complete. Setting new model.
[ 2026-05-13 14:16:25 | ModelPackager | INFO ] Round 47: Consensus detected (dist: 0.000910). Patience: 2/5
[ 2026-05-13 14:16:25 | node_35 | INFO ] 🧠 Aggregation complete. Setting new model.
[ 2026-05-13 14:16:25 | node_41 | INFO ] 🧠 Aggregation complete. Setting new model.
[ 2026-05-13 14:16:25 | node_38 | INFO ] 🧠 Aggregation complete. Setting new model.
[ 2026-05-13 14:16:25 | node_36 | INFO ] 🧠 Aggregation complete. Setting new model.
[ 2026-05-13 14:16:25 | node_33 | INFO ] 🧠 Aggregation complete. Setting new model.
[ 2026-05-13 14:16:25 | node_41 | INFO ] 🗣️ Gossiping aggregated model.
[ 2026-05-13 14:16:25 | node_42 | INFO ] 🧩 Model added for round 47 (14/15) from ['node_29']
[ 2026-05-13 14:16:26 | node_35 | INFO ] 🗣️ Gossiping aggregated model.
[ 2026-05-13 14:16:26 | node_36 | INFO ] 🗣️ Gossiping aggregated model.
[ 2026-05-13 14:16:26 | node_30 | INFO ] 🗣️ Gossiping aggregated model.
[ 2026-05-13 14:16:26 | node_38 | INFO ] 🗣️ Gossiping aggregated model.
[ 2026-05-13 14:16:26 | node_33 | INFO ] 🗣️ Gossiping aggregated model.
[ 2026-05-13 14:16:26 | node_12 | INFO ] 📤 Sending model to 12 direct neighbors: ['node_1', 'node_2', 'node_4', 'node_14', 'node_18', 'node_22', 'node_29', 'node_34', 'node_42', 'node_43', 'node_46', 'node_47']
[ 2026-05-13 14:16:26 | node_1 | INFO ] 🧩 Model added for round 47 (5/5) from ['node_12']
[ 2026-05-13 14:16:27 | node_40 | INFO ] 🤫 Gossip finished.
[ 2026-05-13 14:16:27 | node_40 | INFO ] 🔬 Evaluating...
[ 2026-05-13 14:16:27 | ModelPackager | INFO ] Round 47: Consensus detected (dist: 0.001000). Patience: 1/5
[ 2026-05-13 14:16:27 | node_40 | INFO ] 📈 Evaluated. Results: {'test_loss': 0.3246555030345917, 'test_acc': 0.9549999833106995, 'test_precision': 0.9580544829368591, 'test_recall': 0.9567997455596924, 'test_f1': 0.9557542204856873, 'communication_cost': 18816980}
[ 2026-05-13 14:16:27 | node_43 | INFO ] 🧩 Model added for round 47 (9/10) from ['node_29']
[ 2026-05-13 14:16:27 | node_1 | INFO ] 🧠 Aggregation complete. Setting new model.
[ 2026-05-13 14:16:27 | node_40 | INFO ] 📢 Broadcasting metrics.
[ 2026-05-13 14:16:27 | node_2 | INFO ] 🧩 Model added for round 47 (13/13) from ['node_12']
[ 2026-05-13 14:16:27 | node_1 | INFO ] 🗣️ Gossiping aggregated model.
[ 2026-05-13 14:16:28 | node_49 | INFO ] 🧩 Model added for round 47 (11/11) from ['node_29']
[ 2026-05-13 14:16:29 | node_40 | INFO ] 🎉 Round 48 of 50 finished.
[ 2026-05-13 14:16:29 | node_40 | INFO ] 🗳️ [DETERMINISTIC] Train set assigned (No Voting). Size: 50
[ 2026-05-13 14:16:29 | node_40 | INFO ] 🏋️‍♀️ Preparing training...
[ 2026-05-13 14:16:29 | node_4 | INFO ] 🧩 Model added for round 47 (15/15) from ['node_12']
[ 2026-05-13 14:16:30 | node_40 | INFO ] 🎓 Training step done.
[ 2026-05-13 14:16:30 | node_40 | INFO ] 🛠️ Calling force_add_local_model...
[ 2026-05-13 14:16:30 | node_40 | INFO ] ✅ [FORCE] Local model added for round 48. (1/6)
[ 2026-05-13 14:16:32 | node_14 | INFO ] 🧩 Model added for round 47 (9/9) from ['node_12']
[ 2026-05-13 14:16:32 | node_18 | INFO ] 🧩 Model added for round 47 (13/13) from ['node_12']
[ 2026-05-13 14:16:33 | node_49 | INFO ] 🧠 Aggregation complete. Setting new model.
[ 2026-05-13 14:16:33 | node_20 | INFO ] ⏹️  Gossiping exited for 50 equal rounds.
[ 2026-05-13 14:16:33 | node_20 | INFO ] 🔬 Evaluating...
[ 2026-05-13 14:16:33 | node_20 | INFO ] 📈 Evaluated. Results: {'test_loss': 0.21993739902973175, 'test_acc': 0.9700000286102295, 'test_precision': 0.964321494102478, 'test_recall': 0.969673752784729, 'test_f1': 0.9662134051322937, 'communication_cost': 18816980}
[ 2026-05-13 14:16:34 | node_20 | INFO ] 📢 Broadcasting metrics.
[ 2026-05-13 14:16:34 | node_2 | INFO ] 🧠 Aggregation complete. Setting new model.
[ 2026-05-13 14:16:34 | node_4 | INFO ] 🧠 Aggregation complete. Setting new model.
[ 2026-05-13 14:16:34 | node_14 | INFO ] 🧠 Aggregation complete. Setting new model.
[ 2026-05-13 14:16:34 | node_18 | INFO ] 🧠 Aggregation complete. Setting new model.
[ 2026-05-13 14:16:34 | node_49 | INFO ] 🗣️ Gossiping aggregated model.
[ 2026-05-13 14:16:34 | node_22 | INFO ] 🧩 Model added for round 47 (5/5) from ['node_12']
[ 2026-05-13 14:16:35 | node_2 | INFO ] 🗣️ Gossiping aggregated model.
[ 2026-05-13 14:16:35 | node_14 | INFO ] 🗣️ Gossiping aggregated model.
[ 2026-05-13 14:16:35 | node_18 | INFO ] 🗣️ Gossiping aggregated model.
[ 2026-05-13 14:16:35 | node_40 | INFO ] 📤 Sending model to 5 direct neighbors: ['node_11', 'node_32', 'node_33', 'node_39', 'node_44']
[ 2026-05-13 14:16:35 | node_4 | INFO ] 🗣️ Gossiping aggregated model.
[ 2026-05-13 14:16:35 | node_29 | INFO ] 🧩 Model added for round 47 (15/15) from ['node_12']
[ 2026-05-13 14:16:36 | node_20 | INFO ] 🎉 Round 48 of 50 finished.
[ 2026-05-13 14:16:36 | node_22 | INFO ] 🧠 Aggregation complete. Setting new model.
[ 2026-05-13 14:16:36 | node_29 | INFO ] 🧠 Aggregation complete. Setting new model.
[ 2026-05-13 14:16:36 | node_31 | INFO ] 🤫 Gossip finished.
[ 2026-05-13 14:16:36 | node_20 | INFO ] 🗳️ [DETERMINISTIC] Train set assigned (No Voting). Size: 50
[ 2026-05-13 14:16:36 | node_31 | INFO ] 🔬 Evaluating...
[ 2026-05-13 14:16:36 | node_20 | INFO ] 🏋️‍♀️ Preparing training...
[ 2026-05-13 14:16:36 | node_25 | INFO ] 🤫 Gossip finished.
[ 2026-05-13 14:16:36 | node_24 | INFO ] 🤫 Gossip finished.
[ 2026-05-13 14:16:36 | node_41 | INFO ] 🤫 Gossip finished.
[ 2026-05-13 14:16:36 | node_24 | INFO ] 🔬 Evaluating...
[ 2026-05-13 14:16:36 | node_25 | INFO ] 🔬 Evaluating...
[ 2026-05-13 14:16:36 | node_41 | INFO ] 🔬 Evaluating...
[ 2026-05-13 14:16:36 | node_22 | INFO ] 🗣️ Gossiping aggregated model.
[ 2026-05-13 14:16:36 | node_31 | INFO ] 📈 Evaluated. Results: {'test_loss': 0.07775014638900757, 'test_acc': 0.9750000238418579, 'test_precision': 0.9754564762115479, 'test_recall': 0.9737085700035095, 'test_f1': 0.9735172986984253, 'communication_cost': 7526792}
[ 2026-05-13 14:16:36 | node_41 | INFO ] 📈 Evaluated. Results: {'test_loss': 0.3916940987110138, 'test_acc': 0.9599999785423279, 'test_precision': 0.9632554054260254, 'test_recall': 0.9567777514457703, 'test_f1': 0.9586089849472046, 'communication_cost': 7526792}
[ 2026-05-13 14:16:36 | node_31 | INFO ] 📢 Broadcasting metrics.
[ 2026-05-13 14:16:36 | node_25 | INFO ] 📈 Evaluated. Results: {'test_loss': 0.16739246249198914, 'test_acc': 0.9649999737739563, 'test_precision': 0.9699156880378723, 'test_recall': 0.9638611078262329, 'test_f1': 0.9660216569900513, 'communication_cost': 18816980}
[ 2026-05-13 14:16:36 | node_24 | INFO ] 📈 Evaluated. Results: {'test_loss': 0.18947067856788635, 'test_acc': 0.9750000238418579, 'test_precision': 0.9756801128387451, 'test_recall': 0.976959228515625, 'test_f1': 0.975847065448761, 'communication_cost': 30107168}
[ 2026-05-13 14:16:36 | node_6 | INFO ] 🤫 Gossip finished.
[ 2026-05-13 14:16:36 | node_6 | INFO ] 🔬 Evaluating...
[ 2026-05-13 14:16:37 | node_41 | INFO ] 📢 Broadcasting metrics.
[ 2026-05-13 14:16:37 | node_20 | INFO ] 🎓 Training step done.
[ 2026-05-13 14:16:37 | node_25 | INFO ] 📢 Broadcasting metrics.
[ 2026-05-13 14:16:37 | node_20 | INFO ] 🛠️ Calling force_add_local_model...
[ 2026-05-13 14:16:37 | node_24 | INFO ] 📢 Broadcasting metrics.
[ 2026-05-13 14:16:37 | node_20 | INFO ] ✅ [FORCE] Local model added for round 48. (1/6)
[ 2026-05-13 14:16:37 | node_6 | INFO ] 📈 Evaluated. Results: {'test_loss': 0.1210721954703331, 'test_acc': 0.9800000190734863, 'test_precision': 0.983500063419342, 'test_recall': 0.9824035167694092, 'test_f1': 0.9826551675796509, 'communication_cost': 26343772}
[ 2026-05-13 14:16:37 | node_6 | INFO ] 📢 Broadcasting metrics.
[ 2026-05-13 14:16:37 | node | INFO ] 🤫 Gossip finished.
[ 2026-05-13 14:16:37 | node_31 | INFO ] 🎉 Round 48 of 50 finished.
[ 2026-05-13 14:16:37 | node_10 | INFO ] 🤫 Gossip finished.
[ 2026-05-13 14:16:37 | node_31 | INFO ] 🗳️ [DETERMINISTIC] Train set assigned (No Voting). Size: 50
[ 2026-05-13 14:16:37 | node | INFO ] 🔬 Evaluating...
[ 2026-05-13 14:16:37 | node_29 | INFO ] 🗣️ Gossiping aggregated model.
[ 2026-05-13 14:16:37 | node_10 | INFO ] 🔬 Evaluating...
[ 2026-05-13 14:16:37 | node_34 | INFO ] 🧩 Model added for round 47 (8/8) from ['node_12']
[ 2026-05-13 14:16:37 | node_31 | INFO ] 🏋️‍♀️ Preparing training...
[ 2026-05-13 14:16:38 | node_41 | INFO ] 🎉 Round 48 of 50 finished.
[ 2026-05-13 14:16:38 | node | INFO ] 📈 Evaluated. Results: {'test_loss': 0.06800970435142517, 'test_acc': 0.9800000190734863, 'test_precision': 0.9794643521308899, 'test_recall': 0.9800379276275635, 'test_f1': 0.9795406460762024, 'communication_cost': 22580376}
[ 2026-05-13 14:16:38 | node_10 | INFO ] 📈 Evaluated. Results: {'test_loss': 0.19343189895153046, 'test_acc': 0.9700000286102295, 'test_precision': 0.9731436967849731, 'test_recall': 0.9711551070213318, 'test_f1': 0.9718594551086426, 'communication_cost': 26343772}
[ 2026-05-13 14:16:38 | node_41 | INFO ] 🗳️ [DETERMINISTIC] Train set assigned (No Voting). Size: 50
[ 2026-05-13 14:16:38 | node | INFO ] 📢 Broadcasting metrics.
[ 2026-05-13 14:16:38 | node_10 | INFO ] 📢 Broadcasting metrics.
[ 2026-05-13 14:16:38 | node_41 | INFO ] 🏋️‍♀️ Preparing training...
[ 2026-05-13 14:16:38 | node_34 | INFO ] 🧠 Aggregation complete. Setting new model.
[ 2026-05-13 14:16:38 | node_31 | INFO ] 🎓 Training step done.
[ 2026-05-13 14:16:38 | node_31 | INFO ] 🛠️ Calling force_add_local_model...
[ 2026-05-13 14:16:38 | node_31 | INFO ] ✅ [FORCE] Local model added for round 48. (1/3)
[ 2026-05-13 14:16:38 | node_41 | INFO ] 🎓 Training step done.
[ 2026-05-13 14:16:38 | node_42 | INFO ] 🧩 Model added for round 47 (15/15) from ['node_12']
[ 2026-05-13 14:16:38 | node_41 | INFO ] 🛠️ Calling force_add_local_model...
[ 2026-05-13 14:16:38 | node_41 | INFO ] ✅ [FORCE] Local model added for round 48. (1/3)
[ 2026-05-13 14:16:39 | node_34 | INFO ] 🗣️ Gossiping aggregated model.
[ 2026-05-13 14:16:39 | node_25 | INFO ] 🎉 Round 48 of 50 finished.
[ 2026-05-13 14:16:39 | node_25 | INFO ] 🗳️ [DETERMINISTIC] Train set assigned (No Voting). Size: 50
[ 2026-05-13 14:16:39 | node_25 | INFO ] 🏋️‍♀️ Preparing training...
[ 2026-05-13 14:16:39 | node_42 | INFO ] 🧠 Aggregation complete. Setting new model.
[ 2026-05-13 14:16:39 | node_9 | INFO ] 🤫 Gossip finished.
[ 2026-05-13 14:16:39 | node_9 | INFO ] 🔬 Evaluating...
[ 2026-05-13 14:16:40 | node_25 | INFO ] 🎓 Training step done.
[ 2026-05-13 14:16:40 | node_25 | INFO ] 🛠️ Calling force_add_local_model...
[ 2026-05-13 14:16:40 | node_8 | INFO ] 🤫 Gossip finished.
[ 2026-05-13 14:16:40 | node_25 | INFO ] ✅ [FORCE] Local model added for round 48. (1/6)
[ 2026-05-13 14:16:40 | node_6 | INFO ] 🎉 Round 48 of 50 finished.
[ 2026-05-13 14:16:40 | node_24 | INFO ] 🎉 Round 48 of 50 finished.
[ 2026-05-13 14:16:40 | node_9 | INFO ] 📈 Evaluated. Results: {'test_loss': 0.19537511467933655, 'test_acc': 0.9750000238418579, 'test_precision': 0.9770996570587158, 'test_recall': 0.977067768573761, 'test_f1': 0.9764993786811829, 'communication_cost': 33870564}
[ 2026-05-13 14:16:40 | node_6 | INFO ] 🗳️ [DETERMINISTIC] Train set assigned (No Voting). Size: 50
[ 2026-05-13 14:16:40 | node_8 | INFO ] 🔬 Evaluating...
[ 2026-05-13 14:16:40 | node_24 | INFO ] 🗳️ [DETERMINISTIC] Train set assigned (No Voting). Size: 50
[ 2026-05-13 14:16:40 | node_9 | INFO ] 📢 Broadcasting metrics.
[ 2026-05-13 14:16:40 | node_6 | INFO ] 🏋️‍♀️ Preparing training...
[ 2026-05-13 14:16:40 | node_24 | INFO ] 🏋️‍♀️ Preparing training...
[ 2026-05-13 14:16:40 | node_28 | INFO ] 🤫 Gossip finished.
[ 2026-05-13 14:16:40 | node_8 | INFO ] 📈 Evaluated. Results: {'test_loss': 0.15131130814552307, 'test_acc': 0.9850000143051147, 'test_precision': 0.9851258993148804, 'test_recall': 0.9850080013275146, 'test_f1': 0.9847775101661682, 'communication_cost': 33870564}
[ 2026-05-13 14:16:40 | node_28 | INFO ] 🔬 Evaluating...
[ 2026-05-13 14:16:40 | node_8 | INFO ] 📢 Broadcasting metrics.
[ 2026-05-13 14:16:40 | node_43 | INFO ] 🧩 Model added for round 47 (10/10) from ['node_12']
[ 2026-05-13 14:16:40 | node | INFO ] 🎉 Round 48 of 50 finished.
[ 2026-05-13 14:16:40 | node_6 | INFO ] 🎓 Training step done.
[ 2026-05-13 14:16:40 | node | INFO ] 🗳️ [DETERMINISTIC] Train set assigned (No Voting). Size: 50
[ 2026-05-13 14:16:40 | node_10 | INFO ] 🎉 Round 48 of 50 finished.
[ 2026-05-13 14:16:40 | node_28 | INFO ] 📈 Evaluated. Results: {'test_loss': 0.1592637300491333, 'test_acc': 0.9750000238418579, 'test_precision': 0.9789960980415344, 'test_recall': 0.9758279323577881, 'test_f1': 0.9768204689025879, 'communication_cost': 41397356}
[ 2026-05-13 14:16:40 | node_6 | INFO ] 🛠️ Calling force_add_local_model...
[ 2026-05-13 14:16:40 | node_24 | INFO ] 🎓 Training step done.
[ 2026-05-13 14:16:40 | node_6 | INFO ] ✅ [FORCE] Local model added for round 48. (1/8)
[ 2026-05-13 14:16:40 | node_10 | INFO ] 🗳️ [DETERMINISTIC] Train set assigned (No Voting). Size: 50
[ 2026-05-13 14:16:40 | node_28 | INFO ] 📢 Broadcasting metrics.
[ 2026-05-13 14:16:40 | node_42 | INFO ] 🗣️ Gossiping aggregated model.
[ 2026-05-13 14:16:40 | node_24 | INFO ] 🛠️ Calling force_add_local_model...
[ 2026-05-13 14:16:40 | node | INFO ] 🏋️‍♀️ Preparing training...
[ 2026-05-13 14:16:40 | node_24 | INFO ] ✅ [FORCE] Local model added for round 48. (1/9)
[ 2026-05-13 14:16:40 | node_10 | INFO ] ♻️ Proactively processing 1 early models for round 48.
[ 2026-05-13 14:16:41 | node_10 | INFO ] 🧩 Model added for round 48 (1/8) from ['node_37']
[ 2026-05-13 14:16:41 | node_10 | INFO ] 🏋️‍♀️ Preparing training...
[ 2026-05-13 14:16:41 | node_43 | INFO ] 🧠 Aggregation complete. Setting new model.
[ 2026-05-13 14:16:41 | node_11 | INFO ] 🤫 Gossip finished.
[ 2026-05-13 14:16:41 | node_11 | INFO ] 🔬 Evaluating...
[ 2026-05-13 14:16:41 | node | INFO ] 🎓 Training step done.
[ 2026-05-13 14:16:41 | node | INFO ] 🛠️ Calling force_add_local_model...
[ 2026-05-13 14:16:41 | node_11 | INFO ] 📈 Evaluated. Results: {'test_loss': 0.06643195450305939, 'test_acc': 0.9800000190734863, 'test_precision': 0.9807368516921997, 'test_recall': 0.9764035940170288, 'test_f1': 0.977821946144104, 'communication_cost': 33870564}
[ 2026-05-13 14:16:41 | node_10 | INFO ] 🎓 Training step done.
[ 2026-05-13 14:16:41 | node | INFO ] ✅ [FORCE] Local model added for round 48. (1/7)
[ 2026-05-13 14:16:41 | node_10 | INFO ] 🛠️ Calling force_add_local_model...
[ 2026-05-13 14:16:41 | node_10 | INFO ] ✅ [FORCE] Local model added for round 48. (2/8)
[ 2026-05-13 14:16:41 | node_11 | INFO ] 📢 Broadcasting metrics.
[ 2026-05-13 14:16:41 | node_46 | INFO ] 🧩 Model added for round 47 (9/9) from ['node_12']
[ 2026-05-13 14:16:42 | node_43 | INFO ] 🗣️ Gossiping aggregated model.
[ 2026-05-13 14:16:42 | node_20 | INFO ] 📤 Sending model to 5 direct neighbors: ['node_7', 'node_14', 'node_28', 'node_30', 'node_48']
[ 2026-05-13 14:16:42 | node_46 | INFO ] 🧠 Aggregation complete. Setting new model.
[ 2026-05-13 14:16:42 | node_36 | INFO ] 🤫 Gossip finished.
[ 2026-05-13 14:16:42 | node_36 | INFO ] 🔬 Evaluating...
[ 2026-05-13 14:16:42 | node_36 | INFO ] 📈 Evaluated. Results: {'test_loss': 0.3939327299594879, 'test_acc': 0.9549999833106995, 'test_precision': 0.9534903168678284, 'test_recall': 0.9596410393714905, 'test_f1': 0.9548026919364929, 'communication_cost': 22580376}
[ 2026-05-13 14:16:42 | node_30 | INFO ] 🤫 Gossip finished.
[ 2026-05-13 14:16:42 | node_46 | INFO ] 🗣️ Gossiping aggregated model.
[ 2026-05-13 14:16:42 | node_30 | INFO ] 🔬 Evaluating...
[ 2026-05-13 14:16:43 | node_36 | INFO ] 📢 Broadcasting metrics.
[ 2026-05-13 14:16:43 | node_9 | INFO ] 🎉 Round 48 of 50 finished.
[ 2026-05-13 14:16:43 | node_9 | INFO ] 🗳️ [DETERMINISTIC] Train set assigned (No Voting). Size: 50
[ 2026-05-13 14:16:43 | node_47 | INFO ] 🧩 Model added for round 47 (7/7) from ['node_12']
[ 2026-05-13 14:16:43 | node_5 | INFO ] 🤫 Gossip finished.
[ 2026-05-13 14:16:43 | node_9 | INFO ] 🏋️‍♀️ Preparing training...
[ 2026-05-13 14:16:43 | node_5 | INFO ] 🔬 Evaluating...
[ 2026-05-13 14:16:43 | node_30 | INFO ] 📈 Evaluated. Results: {'test_loss': 0.25215911865234375, 'test_acc': 0.9599999785423279, 'test_precision': 0.9610210657119751, 'test_recall': 0.9618188738822937, 'test_f1': 0.9605461359024048, 'communication_cost': 33870564}
[ 2026-05-13 14:16:43 | node_8 | INFO ] 🎉 Round 48 of 50 finished.
[ 2026-05-13 14:16:43 | node_8 | INFO ] 🗳️ [DETERMINISTIC] Train set assigned (No Voting). Size: 50
[ 2026-05-13 14:16:43 | node_8 | INFO ] 🏋️‍♀️ Preparing training...
[ 2026-05-13 14:16:43 | node_30 | INFO ] 📢 Broadcasting metrics.
[ 2026-05-13 14:16:43 | node_5 | INFO ] 📈 Evaluated. Results: {'test_loss': 0.051498256623744965, 'test_acc': 0.9850000143051147, 'test_precision': 0.9858084321022034, 'test_recall': 0.9861111640930176, 'test_f1': 0.9857068657875061, 'communication_cost': 30107168}
[ 2026-05-13 14:16:43 | node_13 | INFO ] 🤫 Gossip finished.
[ 2026-05-13 14:16:43 | node_31 | INFO ] 📤 Sending model to 2 direct neighbors: ['node_2', 'node_4']
[ 2026-05-13 14:16:43 | node_13 | INFO ] 🔬 Evaluating...
[ 2026-05-13 14:16:43 | node_9 | INFO ] 🎓 Training step done.
[ 2026-05-13 14:16:43 | node_5 | INFO ] 📢 Broadcasting metrics.
[ 2026-05-13 14:16:43 | node_9 | INFO ] 🛠️ Calling force_add_local_model...
[ 2026-05-13 14:16:43 | node_41 | INFO ] 📤 Sending model to 2 direct neighbors: ['node_18', 'node_39']
[ 2026-05-13 14:16:44 | node_9 | INFO ] ✅ [FORCE] Local model added for round 48. (1/10)
[ 2026-05-13 14:16:44 | node_13 | INFO ] 📈 Evaluated. Results: {'test_loss': 0.2636360228061676, 'test_acc': 0.9649999737739563, 'test_precision': 0.9655845165252686, 'test_recall': 0.9688795208930969, 'test_f1': 0.9666240215301514, 'communication_cost': 30107168}
[ 2026-05-13 14:16:44 | node_13 | INFO ] 📢 Broadcasting metrics.
[ 2026-05-13 14:16:44 | node_28 | INFO ] 🎉 Round 48 of 50 finished.
[ 2026-05-13 14:16:44 | node_28 | INFO ] 🗳️ [DETERMINISTIC] Train set assigned (No Voting). Size: 50
[ 2026-05-13 14:16:44 | node_47 | INFO ] 🧠 Aggregation complete. Setting new model.
[ 2026-05-13 14:16:44 | node_12 | INFO ] 🧠 Aggregation complete. Setting new model.
[ 2026-05-13 14:16:44 | node_28 | INFO ] ♻️ Proactively processing 1 early models for round 48.
[ 2026-05-13 14:16:44 | node_28 | INFO ] 🧩 Model added for round 48 (1/12) from ['node_20']
[ 2026-05-13 14:16:44 | node_28 | INFO ] 🏋️‍♀️ Preparing training...
[ 2026-05-13 14:16:44 | node_8 | INFO ] 🎓 Training step done.
[ 2026-05-13 14:16:45 | node_8 | INFO ] 🛠️ Calling force_add_local_model...
[ 2026-05-13 14:16:45 | node_8 | INFO ] ✅ [FORCE] Local model added for round 48. (1/10)
[ 2026-05-13 14:16:45 | node_11 | INFO ] 🎉 Round 48 of 50 finished.
[ 2026-05-13 14:16:45 | node_25 | INFO ] 📤 Sending model to 5 direct neighbors: ['node', 'node_4', 'node_10', 'node_24', 'node_48']
[ 2026-05-13 14:16:45 | node_11 | INFO ] 🗳️ [DETERMINISTIC] Train set assigned (No Voting). Size: 50
[ 2026-05-13 14:16:45 | node_28 | INFO ] 🎓 Training step done.
[ 2026-05-13 14:16:45 | node_36 | INFO ] 🎉 Round 48 of 50 finished.
[ 2026-05-13 14:16:45 | node_28 | INFO ] 🛠️ Calling force_add_local_model...
[ 2026-05-13 14:16:45 | node_28 | INFO ] ✅ [FORCE] Local model added for round 48. (2/12)
[ 2026-05-13 14:16:45 | node_11 | INFO ] ♻️ Proactively processing 1 early models for round 48.
[ 2026-05-13 14:16:45 | node_36 | INFO ] 🗳️ [DETERMINISTIC] Train set assigned (No Voting). Size: 50
[ 2026-05-13 14:16:45 | node_11 | INFO ] 🧩 Model added for round 48 (1/10) from ['node_40']
[ 2026-05-13 14:16:45 | node | INFO ] 🧩 Model added for round 48 (2/7) from ['node_25']
[ 2026-05-13 14:16:45 | node_11 | INFO ] 🏋️‍♀️ Preparing training...
[ 2026-05-13 14:16:45 | node_22 | INFO ] 🤫 Gossip finished.
[ 2026-05-13 14:16:45 | node_47 | INFO ] 🗣️ Gossiping aggregated model.
[ 2026-05-13 14:16:45 | node_36 | INFO ] 🏋️‍♀️ Preparing training...
[ 2026-05-13 14:16:45 | node_22 | INFO ] 🔬 Evaluating...
[ 2026-05-13 14:16:45 | node_1 | INFO ] 🤫 Gossip finished.
[ 2026-05-13 14:16:45 | node_6 | INFO ] 📤 Sending model to 7 direct neighbors: ['node', 'node_4', 'node_5', 'node_16', 'node_29', 'node_38', 'node_48']
[ 2026-05-13 14:16:45 | node_11 | INFO ] 🎓 Training step done.
[ 2026-05-13 14:16:45 | node_22 | INFO ] 📈 Evaluated. Results: {'test_loss': 0.6159707903862, 'test_acc': 0.9649999737739563, 'test_precision': 0.9694789052009583, 'test_recall': 0.970792293548584, 'test_f1': 0.9697279930114746, 'communication_cost': 15053584}
[ 2026-05-13 14:16:45 | node_24 | INFO ] 📤 Sending model to 8 direct neighbors: ['node_2', 'node_4', 'node_5', 'node_19', 'node_25', 'node_30', 'node_33', 'node_35']
[ 2026-05-13 14:16:45 | node_1 | INFO ] 🔬 Evaluating...
[ 2026-05-13 14:16:46 | node_15 | INFO ] 🤫 Gossip finished.
[ 2026-05-13 14:16:46 | node_18 | INFO ] 🤫 Gossip finished.
[ 2026-05-13 14:16:46 | node_11 | INFO ] 🛠️ Calling force_add_local_model...
[ 2026-05-13 14:16:46 | node_36 | INFO ] 🎓 Training step done.
[ 2026-05-13 14:16:46 | node_22 | INFO ] 📢 Broadcasting metrics.
[ 2026-05-13 14:16:46 | node_36 | INFO ] 🛠️ Calling force_add_local_model...
[ 2026-05-13 14:16:46 | node_15 | INFO ] 🔬 Evaluating...
[ 2026-05-13 14:16:46 | node_18 | INFO ] 🔬 Evaluating...
[ 2026-05-13 14:16:46 | node_11 | INFO ] ✅ [FORCE] Local model added for round 48. (2/10)
[ 2026-05-13 14:16:46 | node_36 | INFO ] ✅ [FORCE] Local model added for round 48. (1/7)
[ 2026-05-13 14:16:46 | node_34 | INFO ] 🤫 Gossip finished.
[ 2026-05-13 14:16:46 | node_1 | INFO ] 📈 Evaluated. Results: {'test_loss': 0.2725154161453247, 'test_acc': 0.9549999833106995, 'test_precision': 0.9569206833839417, 'test_recall': 0.9501110911369324, 'test_f1': 0.9513328075408936, 'communication_cost': 15053584}
[ 2026-05-13 14:16:46 | node_12 | INFO ] 🗣️ Gossiping aggregated model.
[ 2026-05-13 14:16:46 | node_34 | INFO ] 🔬 Evaluating...
[ 2026-05-13 14:16:46 | node | INFO ] 🧩 Model added for round 48 (3/7) from ['node_6']
[ 2026-05-13 14:16:46 | node | INFO ] 📤 Sending model to 6 direct neighbors: ['node_4', 'node_6', 'node_7', 'node_25', 'node_29', 'node_39']
[ 2026-05-13 14:16:46 | node_12 | INFO ] 🤫 Gossip finished.
[ 2026-05-13 14:16:46 | node_18 | INFO ] 📈 Evaluated. Results: {'test_loss': 0.11630899459123611, 'test_acc': 0.9800000190734863, 'test_precision': 0.9795837998390198, 'test_recall': 0.9808334112167358, 'test_f1': 0.979556679725647, 'communication_cost': 45160752}
[ 2026-05-13 14:16:46 | node_15 | INFO ] 📈 Evaluated. Results: {'test_loss': 0.037292152643203735, 'test_acc': 0.9850000143051147, 'test_precision': 0.9856522083282471, 'test_recall': 0.9885093569755554, 'test_f1': 0.9866853952407837, 'communication_cost': 22580376}
[ 2026-05-13 14:16:46 | node_10 | INFO ] 📤 Sending model to 7 direct neighbors: ['node_4', 'node_14', 'node_25', 'node_28', 'node_29', 'node_37', 'node_49']
[ 2026-05-13 14:16:46 | node_1 | INFO ] 📢 Broadcasting metrics.
[ 2026-05-13 14:16:46 | node_12 | INFO ] 🔬 Evaluating...
[ 2026-05-13 14:16:46 | node_18 | INFO ] 📢 Broadcasting metrics.
[ 2026-05-13 14:16:46 | node_15 | INFO ] 📢 Broadcasting metrics.
[ 2026-05-13 14:16:46 | node_34 | INFO ] 📈 Evaluated. Results: {'test_loss': 0.14923037588596344, 'test_acc': 0.9700000286102295, 'test_precision': 0.9660550951957703, 'test_recall': 0.96983802318573, 'test_f1': 0.9674476385116577, 'communication_cost': 26343772}
[ 2026-05-13 14:16:47 | node_34 | INFO ] 📢 Broadcasting metrics.
[ 2026-05-13 14:16:47 | node_12 | INFO ] 📈 Evaluated. Results: {'test_loss': 0.29345589876174927, 'test_acc': 0.9599999785423279, 'test_precision': 0.963134765625, 'test_recall': 0.962054431438446, 'test_f1': 0.9617556929588318, 'communication_cost': 45160752}
[ 2026-05-13 14:16:47 | node_12 | INFO ] 📢 Broadcasting metrics.
[ 2026-05-13 14:16:47 | node_6 | INFO ] 🧩 Model added for round 48 (2/8) from ['node']
[ 2026-05-13 14:16:47 | node_10 | INFO ] 🧩 Model added for round 48 (3/8) from ['node_25']
[ 2026-05-13 14:16:47 | node_25 | INFO ] 🧩 Model added for round 48 (2/6) from ['node_10']
[ 2026-05-13 14:16:47 | node_25 | INFO ] 🧩 Model added for round 48 (3/6) from ['node_24']
[ 2026-05-13 14:16:48 | node_13 | INFO ] 🎉 Round 48 of 50 finished.
[ 2026-05-13 14:16:48 | node_30 | INFO ] 🎉 Round 48 of 50 finished.
[ 2026-05-13 14:16:48 | node_22 | INFO ] 🎉 Round 48 of 50 finished.
[ 2026-05-13 14:16:48 | node_13 | INFO ] 🗳️ [DETERMINISTIC] Train set assigned (No Voting). Size: 50
[ 2026-05-13 14:16:48 | node_5 | INFO ] 🎉 Round 48 of 50 finished.
[ 2026-05-13 14:16:48 | node_30 | INFO ] 🗳️ [DETERMINISTIC] Train set assigned (No Voting). Size: 50
[ 2026-05-13 14:16:48 | node_22 | INFO ] 🗳️ [DETERMINISTIC] Train set assigned (No Voting). Size: 50
[ 2026-05-13 14:16:48 | node_5 | INFO ] 🗳️ [DETERMINISTIC] Train set assigned (No Voting). Size: 50
[ 2026-05-13 14:16:48 | node_13 | INFO ] 🏋️‍♀️ Preparing training...
[ 2026-05-13 14:16:48 | node_24 | INFO ] 🧩 Model added for round 48 (2/9) from ['node_25']
[ 2026-05-13 14:16:48 | node_30 | INFO ] ♻️ Proactively processing 1 early models for round 48.
[ 2026-05-13 14:16:48 | node_22 | INFO ] 🏋️‍♀️ Preparing training...
[ 2026-05-13 14:16:48 | node_5 | INFO ] ♻️ Proactively processing 2 early models for round 48.
[ 2026-05-13 14:16:48 | node_30 | INFO ] 🧩 Model added for round 48 (1/10) from ['node_20']
[ 2026-05-13 14:16:48 | node_28 | INFO ] 🧩 Model added for round 48 (3/12) from ['node_10']
[ 2026-05-13 14:16:48 | node_5 | INFO ] 🧩 Model added for round 48 (1/9) from ['node_24']
[ 2026-05-13 14:16:48 | node_30 | INFO ] 🏋️‍♀️ Preparing training...
[ 2026-05-13 14:16:48 | node_5 | INFO ] 🧩 Model added for round 48 (2/9) from ['node_6']
[ 2026-05-13 14:16:48 | node_1 | INFO ] 🎉 Round 48 of 50 finished.
[ 2026-05-13 14:16:48 | node_5 | INFO ] 🏋️‍♀️ Preparing training...
[ 2026-05-13 14:16:48 | node_30 | INFO ] 🧩 Model added for round 48 (2/10) from ['node_24']
[ 2026-05-13 14:16:48 | node_1 | INFO ] 🗳️ [DETERMINISTIC] Train set assigned (No Voting). Size: 50
[ 2026-05-13 14:16:48 | node_25 | INFO ] 🧩 Model added for round 48 (4/6) from ['node']
[ 2026-05-13 14:16:48 | node_13 | INFO ] 🎓 Training step done.
[ 2026-05-13 14:16:48 | node_22 | INFO ] 🎓 Training step done.
[ 2026-05-13 14:16:48 | node_13 | INFO ] 🛠️ Calling force_add_local_model...
[ 2026-05-13 14:16:48 | node_1 | INFO ] 🏋️‍♀️ Preparing training...
[ 2026-05-13 14:16:48 | node_22 | INFO ] 🛠️ Calling force_add_local_model...
[ 2026-05-13 14:16:48 | node_13 | INFO ] ✅ [FORCE] Local model added for round 48. (1/9)
[ 2026-05-13 14:16:48 | node_30 | INFO ] 🎓 Training step done.
[ 2026-05-13 14:16:48 | node_22 | INFO ] ✅ [FORCE] Local model added for round 48. (1/5)
[ 2026-05-13 14:16:49 | node_30 | INFO ] 🛠️ Calling force_add_local_model...
[ 2026-05-13 14:16:49 | node_30 | INFO ] ✅ [FORCE] Local model added for round 48. (3/10)
[ 2026-05-13 14:16:49 | node_5 | INFO ] 🎓 Training step done.
[ 2026-05-13 14:16:49 | node_9 | INFO ] 📤 Sending model to 9 direct neighbors: ['node_4', 'node_11', 'node_15', 'node_27', 'node_33', 'node_34', 'node_35', 'node_38', 'node_49']
[ 2026-05-13 14:16:49 | node_5 | INFO ] 🛠️ Calling force_add_local_model...
[ 2026-05-13 14:16:49 | node_5 | INFO ] ✅ [FORCE] Local model added for round 48. (3/9)
[ 2026-05-13 14:16:49 | node_1 | INFO ] 🎓 Training step done.
[ 2026-05-13 14:16:49 | node_1 | INFO ] 🛠️ Calling force_add_local_model...
[ 2026-05-13 14:16:49 | node_1 | INFO ] ✅ [FORCE] Local model added for round 48. (1/5)
[ 2026-05-13 14:16:49 | node_15 | INFO ] 🎉 Round 48 of 50 finished.
[ 2026-05-13 14:16:49 | node_15 | INFO ] 🗳️ [DETERMINISTIC] Train set assigned (No Voting). Size: 50
[ 2026-05-13 14:16:49 | node_15 | INFO ] 🏋️‍♀️ Preparing training...
[ 2026-05-13 14:16:49 | node_11 | INFO ] 🧩 Model added for round 48 (3/10) from ['node_9']
[ 2026-05-13 14:16:50 | node_15 | INFO ] 🎓 Training step done.
[ 2026-05-13 14:16:50 | node_34 | INFO ] 🎉 Round 48 of 50 finished.
[ 2026-05-13 14:16:50 | node_8 | INFO ] 📤 Sending model to 9 direct neighbors: ['node_2', 'node_4', 'node_7', 'node_13', 'node_21', 'node_29', 'node_30', 'node_39', 'node_42']
[ 2026-05-13 14:16:50 | node_15 | INFO ] 🛠️ Calling force_add_local_model...
[ 2026-05-13 14:16:50 | node_34 | INFO ] 🗳️ [DETERMINISTIC] Train set assigned (No Voting). Size: 50
[ 2026-05-13 14:16:50 | node_15 | INFO ] ✅ [FORCE] Local model added for round 48. (1/7)
[ 2026-05-13 14:16:50 | node_34 | INFO ] 🏋️‍♀️ Preparing training...
[ 2026-05-13 14:16:50 | node_37 | INFO ] 🧩 Model added for round 48 (2/4) from ['node_10']
[ 2026-05-13 14:16:50 | node_28 | INFO ] 📤 Sending model to 11 direct neighbors: ['node_1', 'node_10', 'node_15', 'node_16', 'node_17', 'node_18', 'node_20', 'node_27', 'node_34', 'node_36', 'node_42']
[ 2026-05-13 14:16:50 | node_1 | INFO ] 🧩 Model added for round 48 (2/5) from ['node_28']
[ 2026-05-13 14:16:50 | node_34 | INFO ] 🎓 Training step done.
[ 2026-05-13 14:16:50 | node_34 | INFO ] 🛠️ Calling force_add_local_model...
[ 2026-05-13 14:16:50 | node_34 | INFO ] ✅ [FORCE] Local model added for round 48. (1/8)
[ 2026-05-13 14:16:50 | node_15 | INFO ] 🧩 Model added for round 48 (2/7) from ['node_9']
[ 2026-05-13 14:16:51 | node_13 | INFO ] 🧩 Model added for round 48 (2/9) from ['node_8']
[ 2026-05-13 14:16:51 | node_11 | INFO ] 📤 Sending model to 9 direct neighbors: ['node_2', 'node_9', 'node_17', 'node_21', 'node_30', 'node_33', 'node_39', 'node_40', 'node_42']
[ 2026-05-13 14:16:51 | node_36 | INFO ] 📤 Sending model to 6 direct neighbors: ['node_2', 'node_28', 'node_29', 'node_32', 'node_42', 'node_43']
[ 2026-05-13 14:16:51 | node_10 | INFO ] 🧩 Model added for round 48 (4/8) from ['node_28']
[ 2026-05-13 14:16:51 | node_18 | INFO ] 🎉 Round 48 of 50 finished.
[ 2026-05-13 14:16:51 | node_9 | INFO ] 🧩 Model added for round 48 (2/10) from ['node_11']
[ 2026-05-13 14:16:51 | node_18 | INFO ] 🗳️ [DETERMINISTIC] Train set assigned (No Voting). Size: 50
[ 2026-05-13 14:16:52 | node_28 | INFO ] 🧩 Model added for round 48 (4/12) from ['node_36']
[ 2026-05-13 14:16:52 | node_12 | INFO ] 🎉 Round 48 of 50 finished.
[ 2026-05-13 14:16:52 | node_12 | INFO ] 🗳️ [DETERMINISTIC] Train set assigned (No Voting). Size: 50
[ 2026-05-13 14:16:52 | node_18 | INFO ] ♻️ Proactively processing 1 early models for round 48.
[ 2026-05-13 14:16:52 | node_18 | INFO ] 🧩 Model added for round 48 (1/13) from ['node_41']
[ 2026-05-13 14:16:52 | node_18 | INFO ] 🏋️‍♀️ Preparing training...
[ 2026-05-13 14:16:52 | node_12 | INFO ] 🏋️‍♀️ Preparing training...
[ 2026-05-13 14:16:52 | node_34 | INFO ] 🧩 Model added for round 48 (2/8) from ['node_9']
[ 2026-05-13 14:16:52 | node_15 | INFO ] 🧩 Model added for round 48 (3/7) from ['node_28']
[ 2026-05-13 14:16:52 | node_18 | INFO ] 🎓 Training step done.
[ 2026-05-13 14:16:52 | node_18 | INFO ] 🛠️ Calling force_add_local_model...
[ 2026-05-13 14:16:52 | node_12 | INFO ] 🎓 Training step done.
[ 2026-05-13 14:16:52 | node_12 | INFO ] 🛠️ Calling force_add_local_model...
[ 2026-05-13 14:16:52 | node_18 | INFO ] ✅ [FORCE] Local model added for round 48. (2/13)
[ 2026-05-13 14:16:52 | node_12 | INFO ] ✅ [FORCE] Local model added for round 48. (1/13)
[ 2026-05-13 14:16:52 | node_30 | INFO ] 🧩 Model added for round 48 (4/10) from ['node_8']
[ 2026-05-13 14:16:53 | node_30 | INFO ] 🧩 Model added for round 48 (5/10) from ['node_11']
[ 2026-05-13 14:16:53 | node_18 | INFO ] 🧩 Model added for round 48 (3/13) from ['node_28']
[ 2026-05-13 14:16:54 | node_13 | INFO ] 📤 Sending model to 8 direct neighbors: ['node_8', 'node_16', 'node_18', 'node_29', 'node_33', 'node_39', 'node_43', 'node_46']
[ 2026-05-13 14:16:54 | node_22 | INFO ] 📤 Sending model to 4 direct neighbors: ['node_12', 'node_14', 'node_33', 'node_39']
[ 2026-05-13 14:16:54 | node_30 | INFO ] 📤 Sending model to 9 direct neighbors: ['node_4', 'node_5', 'node_8', 'node_11', 'node_18', 'node_20', 'node_24', 'node_29', 'node_43']
[ 2026-05-13 14:16:54 | node_5 | INFO ] 📤 Sending model to 8 direct neighbors: ['node_2', 'node_4', 'node_6', 'node_24', 'node_30', 'node_39', 'node_42', 'node_46']
[ 2026-05-13 14:16:54 | node_8 | INFO ] 🧩 Model added for round 48 (2/10) from ['node_13']
[ 2026-05-13 14:16:54 | node_44 | INFO ] ⏹️  Gossiping exited for 50 equal rounds.
[ 2026-05-13 14:16:54 | node_12 | INFO ] 🧩 Model added for round 48 (2/13) from ['node_22']
[ 2026-05-13 14:16:54 | node_1 | INFO ] 📤 Sending model to 4 direct neighbors: ['node_7', 'node_12', 'node_28', 'node_49']
[ 2026-05-13 14:16:54 | node_44 | INFO ] 🔬 Evaluating...
[ 2026-05-13 14:16:54 | node_44 | INFO ] 📈 Evaluated. Results: {'test_loss': 0.2726078927516937, 'test_acc': 0.9700000286102295, 'test_precision': 0.9680917263031006, 'test_recall': 0.9708544015884399, 'test_f1': 0.969017744064331, 'communication_cost': 18816980}
[ 2026-05-13 14:16:54 | node_5 | INFO ] 🧩 Model added for round 48 (4/9) from ['node_30']
[ 2026-05-13 14:16:55 | node_44 | INFO ] 📢 Broadcasting metrics.
[ 2026-05-13 14:16:55 | node_12 | INFO ] 🧩 Model added for round 48 (3/13) from ['node_1']
[ 2026-05-13 14:16:55 | node_15 | INFO ] 📤 Sending model to 6 direct neighbors: ['node_3', 'node_4', 'node_9', 'node_14', 'node_28', 'node_47']
[ 2026-05-13 14:16:55 | node_6 | INFO ] 🧩 Model added for round 48 (3/8) from ['node_5']
[ 2026-05-13 14:16:55 | node_20 | INFO ] 🧩 Model added for round 48 (2/6) from ['node_28']
[ 2026-05-13 14:16:55 | node_40 | INFO ] 🧩 Model added for round 48 (2/6) from ['node_11']
[ 2026-05-13 14:16:55 | node_34 | INFO ] 📤 Sending model to 7 direct neighbors: ['node_3', 'node_9', 'node_12', 'node_18', 'node_23', 'node_28', 'node_38']
[ 2026-05-13 14:16:56 | node_18 | INFO ] 🧩 Model added for round 48 (4/13) from ['node_13']
[ 2026-05-13 14:16:56 | node_9 | INFO ] 🧩 Model added for round 48 (3/10) from ['node_15']
[ 2026-05-13 14:16:56 | node_24 | INFO ] 🧩 Model added for round 48 (3/9) from ['node_5']
[ 2026-05-13 14:16:56 | node_8 | INFO ] 🧩 Model added for round 48 (3/10) from ['node_30']
[ 2026-05-13 14:16:57 | node_44 | INFO ] 🎉 Round 48 of 50 finished.
[ 2026-05-13 14:16:57 | node_44 | INFO ] 🗳️ [DETERMINISTIC] Train set assigned (No Voting). Size: 50
[ 2026-05-13 14:16:57 | node_9 | INFO ] 🧩 Model added for round 48 (4/10) from ['node_34']
[ 2026-05-13 14:16:57 | node_28 | INFO ] 🧩 Model added for round 48 (5/12) from ['node_1']
[ 2026-05-13 14:16:57 | node_44 | INFO ] ♻️ Proactively processing 1 early models for round 48.
[ 2026-05-13 14:16:57 | node_44 | INFO ] 🧩 Model added for round 48 (1/6) from ['node_40']
[ 2026-05-13 14:16:57 | node_44 | INFO ] 🏋️‍♀️ Preparing training...
[ 2026-05-13 14:16:57 | node_30 | INFO ] 🧩 Model added for round 48 (6/10) from ['node_5']
[ 2026-05-13 14:16:57 | node_18 | INFO ] 📤 Sending model to 12 direct neighbors: ['node_3', 'node_12', 'node_13', 'node_19', 'node_28', 'node_29', 'node_30', 'node_32', 'node_33', 'node_34', 'node_35', 'node_41']
[ 2026-05-13 14:16:57 | node_34 | INFO ] 🧩 Model added for round 48 (3/8) from ['node_28']
[ 2026-05-13 14:16:57 | node_12 | INFO ] 📤 Sending model to 12 direct neighbors: ['node_1', 'node_2', 'node_4', 'node_14', 'node_18', 'node_22', 'node_29', 'node_34', 'node_42', 'node_43', 'node_46', 'node_47']
[ 2026-05-13 14:16:58 | node_44 | INFO ] 🎓 Training step done.
[ 2026-05-13 14:16:58 | node_11 | INFO ] 🧩 Model added for round 48 (4/10) from ['node_30']
[ 2026-05-13 14:16:58 | node_44 | INFO ] 🛠️ Calling force_add_local_model...
[ 2026-05-13 14:16:58 | node_44 | INFO ] ✅ [FORCE] Local model added for round 48. (2/6)
[ 2026-05-13 14:16:58 | node_1 | INFO ] 🧩 Model added for round 48 (3/5) from ['node_12']
[ 2026-05-13 14:16:58 | node_28 | INFO ] 🧩 Model added for round 48 (6/12) from ['node_15']
[ 2026-05-13 14:16:58 | node_12 | INFO ] 🧩 Model added for round 48 (4/13) from ['node_34']
[ 2026-05-13 14:16:58 | node_12 | INFO ] 🧩 Model added for round 48 (5/13) from ['node_18']
[ 2026-05-13 14:16:58 | node_36 | INFO ] 🧩 Model added for round 48 (2/7) from ['node_28']
[ 2026-05-13 14:16:59 | node_18 | INFO ] 🧩 Model added for round 48 (5/13) from ['node_30']
[ 2026-05-13 14:16:59 | node_18 | INFO ] 🧩 Model added for round 48 (6/13) from ['node_12']
[ 2026-05-13 14:17:00 | node_13 | INFO ] 🧩 Model added for round 48 (3/9) from ['node_18']
[ 2026-05-13 14:17:00 | node_18 | INFO ] 🧩 Model added for round 48 (7/13) from ['node_34']
[ 2026-05-13 14:17:00 | node_20 | INFO ] 🧩 Model added for round 48 (3/6) from ['node_30']
[ 2026-05-13 14:17:01 | node_28 | INFO ] 🧩 Model added for round 48 (7/12) from ['node_18']
[ 2026-05-13 14:17:01 | node_22 | INFO ] 🧩 Model added for round 48 (2/5) from ['node_12']
[ 2026-05-13 14:17:01 | node_24 | INFO ] 🧩 Model added for round 48 (4/9) from ['node_30']
[ 2026-05-13 14:17:01 | node_28 | INFO ] 🧩 Model added for round 48 (8/12) from ['node_34']
[ 2026-05-13 14:17:02 | node_34 | INFO ] 🧩 Model added for round 48 (4/8) from ['node_12']
[ 2026-05-13 14:17:02 | node_30 | INFO ] 🧩 Model added for round 48 (7/10) from ['node_18']
[ 2026-05-13 14:17:03 | node_44 | INFO ] 📤 Sending model to 5 direct neighbors: ['node_3', 'node_14', 'node_40', 'node_42', 'node_47']
[ 2026-05-13 14:17:04 | node_40 | INFO ] 🧩 Model added for round 48 (3/6) from ['node_44']
[ 2026-05-13 14:17:04 | node_34 | INFO ] 🧩 Model added for round 48 (5/8) from ['node_18']
[ 2026-05-13 14:17:06 | node_41 | INFO ] 🧩 Model added for round 48 (2/3) from ['node_18']
[ 2026-05-13 14:17:11 | node_48 | INFO ] ⏹️  Gossiping exited for 50 equal rounds.
[ 2026-05-13 14:17:11 | node_48 | INFO ] 🔬 Evaluating...
[ 2026-05-13 14:17:12 | node_48 | INFO ] 📈 Evaluated. Results: {'test_loss': 0.12907828390598297, 'test_acc': 0.9700000286102295, 'test_precision': 0.9702237844467163, 'test_recall': 0.9741498827934265, 'test_f1': 0.9715503454208374, 'communication_cost': 26343772}
[ 2026-05-13 14:17:12 | node_48 | INFO ] 📢 Broadcasting metrics.
[ 2026-05-13 14:17:14 | node_48 | INFO ] 🎉 Round 48 of 50 finished.
[ 2026-05-13 14:17:14 | node_48 | INFO ] 🗳️ [DETERMINISTIC] Train set assigned (No Voting). Size: 50
[ 2026-05-13 14:17:14 | node_48 | INFO ] ♻️ Proactively processing 4 early models for round 48.
[ 2026-05-13 14:17:14 | node_48 | INFO ] 🧩 Model added for round 48 (1/8) from ['node_45']
[ 2026-05-13 14:17:14 | node_48 | INFO ] 🧩 Model added for round 48 (2/8) from ['node_20']
[ 2026-05-13 14:17:14 | node_48 | INFO ] 🧩 Model added for round 48 (3/8) from ['node_6']
[ 2026-05-13 14:17:14 | node_48 | INFO ] 🧩 Model added for round 48 (4/8) from ['node_25']
[ 2026-05-13 14:17:14 | node_48 | INFO ] 🏋️‍♀️ Preparing training...
[ 2026-05-13 14:17:14 | node_48 | INFO ] 🎓 Training step done.
[ 2026-05-13 14:17:14 | node_48 | INFO ] 🛠️ Calling force_add_local_model...
[ 2026-05-13 14:17:14 | node_48 | INFO ] ✅ [FORCE] Local model added for round 48. (5/8)
[ 2026-05-13 14:17:19 | node_48 | INFO ] 📤 Sending model to 7 direct neighbors: ['node_3', 'node_6', 'node_20', 'node_25', 'node_35', 'node_45', 'node_49']
[ 2026-05-13 14:17:20 | node_6 | INFO ] 🧩 Model added for round 48 (4/8) from ['node_48']
[ 2026-05-13 14:17:21 | node_20 | INFO ] 🧩 Model added for round 48 (4/6) from ['node_48']
[ 2026-05-13 14:17:21 | node_25 | INFO ] 🧩 Model added for round 48 (5/6) from ['node_48']
[ 2026-05-13 14:17:22 | node_45 | INFO ] 🧩 Model added for round 48 (2/5) from ['node_48']
[ 2026-05-13 14:17:31 | node_26 | INFO ] ⏹️  Gossiping exited for 50 equal rounds.
[ 2026-05-13 14:17:31 | node_26 | INFO ] 🔬 Evaluating...
[ 2026-05-13 14:17:31 | node_26 | INFO ] 📈 Evaluated. Results: {'test_loss': 0.2923305034637451, 'test_acc': 0.9599999785423279, 'test_precision': 0.9577974677085876, 'test_recall': 0.9594966769218445, 'test_f1': 0.9570701718330383, 'communication_cost': 15053584}
[ 2026-05-13 14:17:32 | node_26 | INFO ] 📢 Broadcasting metrics.
[ 2026-05-13 14:17:33 | node_26 | INFO ] 🎉 Round 48 of 50 finished.
[ 2026-05-13 14:17:33 | node_26 | INFO ] 🗳️ [DETERMINISTIC] Train set assigned (No Voting). Size: 50
[ 2026-05-13 14:17:33 | node_26 | INFO ] 🏋️‍♀️ Preparing training...
[ 2026-05-13 14:17:33 | node_26 | INFO ] 🎓 Training step done.
[ 2026-05-13 14:17:33 | node_26 | INFO ] 🛠️ Calling force_add_local_model...
[ 2026-05-13 14:17:33 | node_26 | INFO ] ✅ [FORCE] Local model added for round 48. (1/5)
[ 2026-05-13 14:17:34 | node_17 | INFO ] ⏹️  Gossiping exited for 50 equal rounds.
[ 2026-05-13 14:17:34 | node_17 | INFO ] 🔬 Evaluating...
[ 2026-05-13 14:17:35 | node_17 | INFO ] 📈 Evaluated. Results: {'test_loss': 0.31591492891311646, 'test_acc': 0.9449999928474426, 'test_precision': 0.9458540081977844, 'test_recall': 0.9415767192840576, 'test_f1': 0.9420894384384155, 'communication_cost': 26343772}
[ 2026-05-13 14:17:35 | node_17 | INFO ] 📢 Broadcasting metrics.
[ 2026-05-13 14:17:37 | node_17 | INFO ] 🎉 Round 48 of 50 finished.
[ 2026-05-13 14:17:37 | node_17 | INFO ] 🗳️ [DETERMINISTIC] Train set assigned (No Voting). Size: 50
[ 2026-05-13 14:17:37 | node_17 | INFO ] ♻️ Proactively processing 2 early models for round 48.
[ 2026-05-13 14:17:37 | node_17 | INFO ] 🧩 Model added for round 48 (1/8) from ['node_11']
[ 2026-05-13 14:17:37 | node_17 | INFO ] 🧩 Model added for round 48 (2/8) from ['node_28']
[ 2026-05-13 14:17:37 | node_17 | INFO ] 🏋️‍♀️ Preparing training...
[ 2026-05-13 14:17:37 | node_17 | INFO ] 🎓 Training step done.
[ 2026-05-13 14:17:37 | node_17 | INFO ] 🛠️ Calling force_add_local_model...
[ 2026-05-13 14:17:37 | node_17 | INFO ] ✅ [FORCE] Local model added for round 48. (3/8)
[ 2026-05-13 14:17:38 | node_26 | INFO ] 📤 Sending model to 4 direct neighbors: ['node_16', 'node_19', 'node_21', 'node_46']
[ 2026-05-13 14:17:42 | node_17 | INFO ] 📤 Sending model to 7 direct neighbors: ['node_4', 'node_11', 'node_16', 'node_23', 'node_28', 'node_32', 'node_42']
[ 2026-05-13 14:17:44 | node_11 | INFO ] 🧩 Model added for round 48 (5/10) from ['node_17']
[ 2026-05-13 14:17:45 | node_28 | INFO ] 🧩 Model added for round 48 (9/12) from ['node_17']
[ 2026-05-13 14:17:45 | node_27 | INFO ] ⏹️  Gossiping exited for 50 equal rounds.
[ 2026-05-13 14:17:45 | node_27 | INFO ] 🔬 Evaluating...
[ 2026-05-13 14:17:46 | node_27 | INFO ] 📈 Evaluated. Results: {'test_loss': 0.10370839387178421, 'test_acc': 0.9750000238418579, 'test_precision': 0.9718202352523804, 'test_recall': 0.9764365553855896, 'test_f1': 0.973462700843811, 'communication_cost': 30107168}
[ 2026-05-13 14:17:46 | node_27 | INFO ] 📢 Broadcasting metrics.
[ 2026-05-13 14:17:48 | node_27 | INFO ] 🎉 Round 48 of 50 finished.
[ 2026-05-13 14:17:48 | node_27 | INFO ] 🗳️ [DETERMINISTIC] Train set assigned (No Voting). Size: 50
[ 2026-05-13 14:17:48 | node_27 | INFO ] ♻️ Proactively processing 2 early models for round 48.
[ 2026-05-13 14:17:48 | node_27 | INFO ] 🧩 Model added for round 48 (1/9) from ['node_9']
[ 2026-05-13 14:17:48 | node_27 | INFO ] 🧩 Model added for round 48 (2/9) from ['node_28']
[ 2026-05-13 14:17:49 | node_27 | INFO ] 🏋️‍♀️ Preparing training...
[ 2026-05-13 14:17:49 | node_27 | INFO ] 🎓 Training step done.
[ 2026-05-13 14:17:49 | node_27 | INFO ] 🛠️ Calling force_add_local_model...
[ 2026-05-13 14:17:49 | node_27 | INFO ] ✅ [FORCE] Local model added for round 48. (3/9)
[ 2026-05-13 14:17:50 | node_14 | INFO ] ⏹️  Gossiping exited for 50 equal rounds.
[ 2026-05-13 14:17:50 | node_14 | INFO ] 🔬 Evaluating...
[ 2026-05-13 14:17:50 | node_14 | INFO ] 📈 Evaluated. Results: {'test_loss': 0.26116883754730225, 'test_acc': 0.9549999833106995, 'test_precision': 0.952120304107666, 'test_recall': 0.9575053453445435, 'test_f1': 0.9529708623886108, 'communication_cost': 30107168}
[ 2026-05-13 14:17:50 | node_14 | INFO ] 📢 Broadcasting metrics.
[ 2026-05-13 14:17:52 | node_14 | INFO ] 🎉 Round 48 of 50 finished.
[ 2026-05-13 14:17:52 | node_14 | INFO ] 🗳️ [DETERMINISTIC] Train set assigned (No Voting). Size: 50
[ 2026-05-13 14:17:52 | node_14 | INFO ] ♻️ Proactively processing 7 early models for round 48.
[ 2026-05-13 14:17:52 | node_14 | INFO ] 🧩 Model added for round 48 (1/9) from ['node_45']
[ 2026-05-13 14:17:52 | node_14 | INFO ] 🧩 Model added for round 48 (2/9) from ['node_20']
[ 2026-05-13 14:17:52 | node_14 | INFO ] 🧩 Model added for round 48 (3/9) from ['node_10']
[ 2026-05-13 14:17:52 | node_14 | INFO ] 🧩 Model added for round 48 (4/9) from ['node_22']
[ 2026-05-13 14:17:52 | node_14 | INFO ] 🧩 Model added for round 48 (5/9) from ['node_15']
[ 2026-05-13 14:17:52 | node_14 | INFO ] 🧩 Model added for round 48 (6/9) from ['node_12']
[ 2026-05-13 14:17:52 | node_14 | INFO ] 🧩 Model added for round 48 (7/9) from ['node_44']
[ 2026-05-13 14:17:52 | node_14 | INFO ] 🏋️‍♀️ Preparing training...
[ 2026-05-13 14:17:53 | node_14 | INFO ] 🎓 Training step done.
[ 2026-05-13 14:17:53 | node_14 | INFO ] 🛠️ Calling force_add_local_model...
[ 2026-05-13 14:17:53 | node_14 | INFO ] ✅ [FORCE] Local model added for round 48. (8/9)
[ 2026-05-13 14:17:54 | node_27 | INFO ] 📤 Sending model to 8 direct neighbors: ['node_3', 'node_7', 'node_9', 'node_16', 'node_21', 'node_28', 'node_32', 'node_49']
[ 2026-05-13 14:17:55 | node_9 | INFO ] 🧩 Model added for round 48 (5/10) from ['node_27']
[ 2026-05-13 14:17:56 | node_28 | INFO ] 🧩 Model added for round 48 (10/12) from ['node_27']
[ 2026-05-13 14:17:57 | node_47 | INFO ] ⏹️  Gossiping exited for 50 equal rounds.
[ 2026-05-13 14:17:57 | node_47 | INFO ] 🔬 Evaluating...
[ 2026-05-13 14:17:57 | node_47 | INFO ] 📈 Evaluated. Results: {'test_loss': 0.25916779041290283, 'test_acc': 0.949999988079071, 'test_precision': 0.9559423327445984, 'test_recall': 0.9510613083839417, 'test_f1': 0.9514039754867554, 'communication_cost': 22580376}
[ 2026-05-13 14:17:57 | node_47 | INFO ] 📢 Broadcasting metrics.
[ 2026-05-13 14:17:58 | node_14 | INFO ] 📤 Sending model to 8 direct neighbors: ['node_7', 'node_10', 'node_12', 'node_15', 'node_20', 'node_22', 'node_44', 'node_45']
[ 2026-05-13 14:17:58 | node_10 | INFO ] 🧩 Model added for round 48 (5/8) from ['node_14']
[ 2026-05-13 14:17:59 | node_47 | INFO ] 🎉 Round 48 of 50 finished.
[ 2026-05-13 14:17:59 | node_47 | INFO ] 🗳️ [DETERMINISTIC] Train set assigned (No Voting). Size: 50
[ 2026-05-13 14:17:59 | node_47 | INFO ] ♻️ Proactively processing 3 early models for round 48.
[ 2026-05-13 14:17:59 | node_47 | INFO ] 🧩 Model added for round 48 (1/7) from ['node_15']
[ 2026-05-13 14:17:59 | node_47 | INFO ] 🧩 Model added for round 48 (2/7) from ['node_12']
[ 2026-05-13 14:17:59 | node_47 | INFO ] 🧩 Model added for round 48 (3/7) from ['node_44']
[ 2026-05-13 14:17:59 | node_47 | INFO ] 🏋️‍♀️ Preparing training...
[ 2026-05-13 14:17:59 | node_12 | INFO ] 🧩 Model added for round 48 (6/13) from ['node_14']
[ 2026-05-13 14:17:59 | node_47 | INFO ] 🎓 Training step done.
[ 2026-05-13 14:17:59 | node_47 | INFO ] 🛠️ Calling force_add_local_model...
[ 2026-05-13 14:18:00 | node_47 | INFO ] ✅ [FORCE] Local model added for round 48. (4/7)
[ 2026-05-13 14:18:00 | node_19 | INFO ] ⏹️  Gossiping exited for 50 equal rounds.
[ 2026-05-13 14:18:00 | node_15 | INFO ] 🧩 Model added for round 48 (4/7) from ['node_14']
[ 2026-05-13 14:18:01 | node_19 | INFO ] 🔬 Evaluating...
[ 2026-05-13 14:18:01 | node_3 | INFO ] ⏹️  Gossiping exited for 50 equal rounds.
[ 2026-05-13 14:18:01 | node_3 | INFO ] 🔬 Evaluating...
[ 2026-05-13 14:18:01 | node_19 | INFO ] 📈 Evaluated. Results: {'test_loss': 0.2130209356546402, 'test_acc': 0.9549999833106995, 'test_precision': 0.9544287323951721, 'test_recall': 0.9563276171684265, 'test_f1': 0.953534722328186, 'communication_cost': 26343772}
[ 2026-05-13 14:18:01 | node_20 | INFO ] 🧩 Model added for round 48 (5/6) from ['node_14']
[ 2026-05-13 14:18:01 | node_3 | INFO ] 📈 Evaluated. Results: {'test_loss': 0.23712089657783508, 'test_acc': 0.9649999737739563, 'test_precision': 0.966239333152771, 'test_recall': 0.9654431939125061, 'test_f1': 0.9651971459388733, 'communication_cost': 41397356}
[ 2026-05-13 14:18:01 | node_19 | INFO ] 📢 Broadcasting metrics.
[ 2026-05-13 14:18:02 | node_3 | INFO ] 📢 Broadcasting metrics.
[ 2026-05-13 14:18:02 | node_22 | INFO ] 🧩 Model added for round 48 (3/5) from ['node_14']
[ 2026-05-13 14:18:02 | node_49 | INFO ] ⏹️  Gossiping exited for 50 equal rounds.
[ 2026-05-13 14:18:03 | node_49 | INFO ] 🔬 Evaluating...
[ 2026-05-13 14:18:03 | node_35 | INFO ] ⏹️  Gossiping exited for 50 equal rounds.
[ 2026-05-13 14:18:03 | node_44 | INFO ] 🧩 Model added for round 48 (3/6) from ['node_14']
[ 2026-05-13 14:18:03 | node_35 | INFO ] 🔬 Evaluating...
[ 2026-05-13 14:18:03 | node_49 | INFO ] 📈 Evaluated. Results: {'test_loss': 0.1478269100189209, 'test_acc': 0.9850000143051147, 'test_precision': 0.9874582886695862, 'test_recall': 0.9823309183120728, 'test_f1': 0.9842345714569092, 'communication_cost': 37633960}
[ 2026-05-13 14:18:03 | node_35 | INFO ] 📈 Evaluated. Results: {'test_loss': 0.08997085690498352, 'test_acc': 0.9750000238418579, 'test_precision': 0.9699611663818359, 'test_recall': 0.9785027503967285, 'test_f1': 0.9735884070396423, 'communication_cost': 22580376}
[ 2026-05-13 14:18:03 | node_49 | INFO ] 📢 Broadcasting metrics.
[ 2026-05-13 14:18:03 | node_19 | INFO ] 🎉 Round 48 of 50 finished.
[ 2026-05-13 14:18:03 | node_19 | INFO ] 🗳️ [DETERMINISTIC] Train set assigned (No Voting). Size: 50
[ 2026-05-13 14:18:03 | node_35 | INFO ] 📢 Broadcasting metrics.
[ 2026-05-13 14:18:03 | node_19 | INFO ] ♻️ Proactively processing 3 early models for round 48.
[ 2026-05-13 14:18:03 | node_19 | INFO ] 🧩 Model added for round 48 (1/8) from ['node_24']
[ 2026-05-13 14:18:03 | node_19 | INFO ] 🧩 Model added for round 48 (2/8) from ['node_18']
[ 2026-05-13 14:18:03 | node_19 | INFO ] 🧩 Model added for round 48 (3/8) from ['node_26']
[ 2026-05-13 14:18:03 | node_19 | INFO ] 🏋️‍♀️ Preparing training...
[ 2026-05-13 14:18:04 | node_45 | INFO ] 🧩 Model added for round 48 (3/5) from ['node_14']
[ 2026-05-13 14:18:08 | node_47 | INFO ] 📤 Sending model to 6 direct neighbors: ['node_4', 'node_7', 'node_12', 'node_15', 'node_44', 'node_46']
[ 2026-05-13 14:18:08 | node_19 | INFO ] 🎓 Training step done.
[ 2026-05-13 14:18:08 | node_19 | INFO ] 🛠️ Calling force_add_local_model...
[ 2026-05-13 14:18:08 | node_19 | INFO ] ✅ [FORCE] Local model added for round 48. (4/8)
[ 2026-05-13 14:18:09 | node_3 | INFO ] 🎉 Round 48 of 50 finished.
[ 2026-05-13 14:18:09 | node_3 | INFO ] 🗳️ [DETERMINISTIC] Train set assigned (No Voting). Size: 50
[ 2026-05-13 14:18:09 | node_12 | INFO ] 🧩 Model added for round 48 (7/13) from ['node_47']
[ 2026-05-13 14:18:09 | node_3 | INFO ] ♻️ Proactively processing 6 early models for round 48.
[ 2026-05-13 14:18:09 | node_3 | INFO ] 🧩 Model added for round 48 (1/12) from ['node_15']
[ 2026-05-13 14:18:09 | node_3 | INFO ] 🧩 Model added for round 48 (2/12) from ['node_34']
[ 2026-05-13 14:18:09 | node_3 | INFO ] 🧩 Model added for round 48 (3/12) from ['node_18']
[ 2026-05-13 14:18:09 | node_3 | INFO ] 🧩 Model added for round 48 (4/12) from ['node_44']
[ 2026-05-13 14:18:09 | node_3 | INFO ] 🧩 Model added for round 48 (5/12) from ['node_48']
[ 2026-05-13 14:18:09 | node_3 | INFO ] 🧩 Model added for round 48 (6/12) from ['node_27']
[ 2026-05-13 14:18:09 | node_3 | INFO ] 🏋️‍♀️ Preparing training...
[ 2026-05-13 14:18:09 | node_3 | INFO ] 🎓 Training step done.
[ 2026-05-13 14:18:10 | node_35 | INFO ] 🎉 Round 48 of 50 finished.
[ 2026-05-13 14:18:10 | node_3 | INFO ] 🛠️ Calling force_add_local_model...
[ 2026-05-13 14:18:10 | node_35 | INFO ] 🗳️ [DETERMINISTIC] Train set assigned (No Voting). Size: 50
[ 2026-05-13 14:18:10 | node_3 | INFO ] ✅ [FORCE] Local model added for round 48. (7/12)
[ 2026-05-13 14:18:10 | node_35 | INFO ] ♻️ Proactively processing 4 early models for round 48.
[ 2026-05-13 14:18:10 | node_35 | INFO ] 🧩 Model added for round 48 (1/7) from ['node_24']
[ 2026-05-13 14:18:10 | node_35 | INFO ] 🧩 Model added for round 48 (2/7) from ['node_9']
[ 2026-05-13 14:18:10 | node_35 | INFO ] 🧩 Model added for round 48 (3/7) from ['node_18']
[ 2026-05-13 14:18:10 | node_15 | INFO ] 🧩 Model added for round 48 (5/7) from ['node_47']
[ 2026-05-13 14:18:10 | node_35 | INFO ] 🧩 Model added for round 48 (4/7) from ['node_48']
[ 2026-05-13 14:18:10 | node_35 | INFO ] 🏋️‍♀️ Preparing training...
[ 2026-05-13 14:18:10 | node_49 | INFO ] 🎉 Round 48 of 50 finished.
[ 2026-05-13 14:18:10 | node_49 | INFO ] 🗳️ [DETERMINISTIC] Train set assigned (No Voting). Size: 50
[ 2026-05-13 14:18:10 | node_35 | INFO ] 🎓 Training step done.
[ 2026-05-13 14:18:10 | node_49 | INFO ] ♻️ Proactively processing 5 early models for round 48.
[ 2026-05-13 14:18:10 | node_35 | INFO ] 🛠️ Calling force_add_local_model...
[ 2026-05-13 14:18:10 | node_49 | INFO ] 🧩 Model added for round 48 (1/11) from ['node_10']
[ 2026-05-13 14:18:10 | node_49 | INFO ] 🧩 Model added for round 48 (2/11) from ['node_9']
[ 2026-05-13 14:18:10 | node_49 | INFO ] 🧩 Model added for round 48 (3/11) from ['node_1']
[ 2026-05-13 14:18:10 | node_35 | INFO ] ✅ [FORCE] Local model added for round 48. (5/7)
[ 2026-05-13 14:18:10 | node_49 | INFO ] 🧩 Model added for round 48 (4/11) from ['node_48']
[ 2026-05-13 14:18:10 | node_49 | INFO ] 🧩 Model added for round 48 (5/11) from ['node_27']
[ 2026-05-13 14:18:10 | node_44 | INFO ] 🧩 Model added for round 48 (4/6) from ['node_47']
[ 2026-05-13 14:18:10 | node_49 | INFO ] 🏋️‍♀️ Preparing training...
[ 2026-05-13 14:18:11 | node_49 | INFO ] 🎓 Training step done.
[ 2026-05-13 14:18:11 | node_49 | INFO ] 🛠️ Calling force_add_local_model...
[ 2026-05-13 14:18:11 | node_49 | INFO ] ✅ [FORCE] Local model added for round 48. (6/11)
[ 2026-05-13 14:18:13 | node_23 | INFO ] ⏹️  Gossiping exited for 50 equal rounds.
[ 2026-05-13 14:18:13 | node_23 | INFO ] 🔬 Evaluating...
[ 2026-05-13 14:18:13 | node_19 | INFO ] 📤 Sending model to 7 direct neighbors: ['node_16', 'node_18', 'node_21', 'node_24', 'node_26', 'node_29', 'node_42']
[ 2026-05-13 14:18:13 | node_23 | INFO ] 📈 Evaluated. Results: {'test_loss': 0.10999530553817749, 'test_acc': 0.9850000143051147, 'test_precision': 0.9869889616966248, 'test_recall': 0.9859308004379272, 'test_f1': 0.986366868019104, 'communication_cost': 26343772}
[ 2026-05-13 14:18:13 | node_23 | INFO ] 📢 Broadcasting metrics.
[ 2026-05-13 14:18:14 | node_18 | INFO ] 🧩 Model added for round 48 (8/13) from ['node_19']
[ 2026-05-13 14:18:15 | node_3 | INFO ] 📤 Sending model to 11 direct neighbors: ['node_7', 'node_15', 'node_18', 'node_27', 'node_32', 'node_34', 'node_35', 'node_42', 'node_43', 'node_44', 'node_48']
[ 2026-05-13 14:18:15 | node_23 | INFO ] 🎉 Round 48 of 50 finished.
[ 2026-05-13 14:18:15 | node_23 | INFO ] 🗳️ [DETERMINISTIC] Train set assigned (No Voting). Size: 50
[ 2026-05-13 14:18:15 | node_38 | INFO ] ⏹️  Gossiping exited for 50 equal rounds.
[ 2026-05-13 14:18:15 | node_23 | INFO ] ♻️ Proactively processing 3 early models for round 48.
[ 2026-05-13 14:18:15 | node_38 | INFO ] 🔬 Evaluating...
[ 2026-05-13 14:18:15 | node_23 | INFO ] 🧩 Model added for round 48 (1/8) from ['node_37']
[ 2026-05-13 14:18:15 | node_23 | INFO ] 🧩 Model added for round 48 (2/8) from ['node_34']
[ 2026-05-13 14:18:15 | node_23 | INFO ] 🧩 Model added for round 48 (3/8) from ['node_17']
[ 2026-05-13 14:18:15 | node_23 | INFO ] 🏋️‍♀️ Preparing training...
[ 2026-05-13 14:18:15 | node_38 | INFO ] 📈 Evaluated. Results: {'test_loss': 0.189116969704628, 'test_acc': 0.949999988079071, 'test_precision': 0.949103593826294, 'test_recall': 0.9499983787536621, 'test_f1': 0.9479950666427612, 'communication_cost': 26343772}
[ 2026-05-13 14:18:15 | node_35 | INFO ] 📤 Sending model to 6 direct neighbors: ['node_3', 'node_9', 'node_18', 'node_24', 'node_32', 'node_48']
[ 2026-05-13 14:18:15 | node_23 | INFO ] 🎓 Training step done.
[ 2026-05-13 14:18:15 | node_24 | INFO ] 🧩 Model added for round 48 (5/9) from ['node_19']
[ 2026-05-13 14:18:15 | node_38 | INFO ] 📢 Broadcasting metrics.
[ 2026-05-13 14:18:15 | node_15 | INFO ] 🧩 Model added for round 48 (6/7) from ['node_3']
[ 2026-05-13 14:18:15 | node_23 | INFO ] 🛠️ Calling force_add_local_model...
[ 2026-05-13 14:18:15 | node_23 | INFO ] ✅ [FORCE] Local model added for round 48. (4/8)
[ 2026-05-13 14:18:16 | node_3 | INFO ] 🧩 Model added for round 48 (8/12) from ['node_35']
[ 2026-05-13 14:18:16 | node_49 | INFO ] 📤 Sending model to 10 direct neighbors: ['node_1', 'node_9', 'node_10', 'node_16', 'node_27', 'node_29', 'node_32', 'node_33', 'node_43', 'node_48']
[ 2026-05-13 14:18:16 | node_18 | INFO ] 🧩 Model added for round 48 (9/13) from ['node_3']
[ 2026-05-13 14:18:16 | node_26 | INFO ] 🧩 Model added for round 48 (2/5) from ['node_19']
[ 2026-05-13 14:18:16 | node_1 | INFO ] 🧩 Model added for round 48 (4/5) from ['node_49']
[ 2026-05-13 14:18:16 | node_9 | INFO ] 🧩 Model added for round 48 (6/10) from ['node_35']
[ 2026-05-13 14:18:17 | node_9 | INFO ] 🧩 Model added for round 48 (7/10) from ['node_49']
[ 2026-05-13 14:18:17 | node_27 | INFO ] 🧩 Model added for round 48 (4/9) from ['node_3']
[ 2026-05-13 14:18:17 | node_38 | INFO ] 🎉 Round 48 of 50 finished.
[ 2026-05-13 14:18:17 | node_18 | INFO ] 🧩 Model added for round 48 (10/13) from ['node_35']
[ 2026-05-13 14:18:17 | node_38 | INFO ] 🗳️ [DETERMINISTIC] Train set assigned (No Voting). Size: 50
[ 2026-05-13 14:18:18 | node_38 | INFO ] ♻️ Proactively processing 4 early models for round 48.
[ 2026-05-13 14:18:18 | node_38 | INFO ] 🧩 Model added for round 48 (1/8) from ['node_45']
[ 2026-05-13 14:18:18 | node_38 | INFO ] 🧩 Model added for round 48 (2/8) from ['node_6']
[ 2026-05-13 14:18:18 | node_10 | INFO ] 🧩 Model added for round 48 (6/8) from ['node_49']
[ 2026-05-13 14:18:18 | node_38 | INFO ] 🧩 Model added for round 48 (3/8) from ['node_9']
[ 2026-05-13 14:18:18 | node_38 | INFO ] 🧩 Model added for round 48 (4/8) from ['node_34']
[ 2026-05-13 14:18:18 | node_38 | INFO ] 🏋️‍♀️ Preparing training...
[ 2026-05-13 14:18:18 | node_38 | INFO ] 🎓 Training step done.
[ 2026-05-13 14:18:18 | node_38 | INFO ] 🛠️ Calling force_add_local_model...
[ 2026-05-13 14:18:18 | node_38 | INFO ] ✅ [FORCE] Local model added for round 48. (5/8)
[ 2026-05-13 14:18:19 | node_34 | INFO ] 🧩 Model added for round 48 (6/8) from ['node_3']
[ 2026-05-13 14:18:19 | node_24 | INFO ] 🧩 Model added for round 48 (6/9) from ['node_35']
[ 2026-05-13 14:18:19 | node_27 | INFO ] 🧩 Model added for round 48 (5/9) from ['node_49']
[ 2026-05-13 14:18:20 | node_35 | INFO ] 🧩 Model added for round 48 (6/7) from ['node_3']
[ 2026-05-13 14:18:20 | node_48 | INFO ] 🧩 Model added for round 48 (6/8) from ['node_35']
[ 2026-05-13 14:18:20 | node_7 | INFO ] ⏹️  Gossiping exited for 50 equal rounds.
[ 2026-05-13 14:18:20 | node_7 | INFO ] 🔬 Evaluating...
[ 2026-05-13 14:18:20 | node_7 | INFO ] 📈 Evaluated. Results: {'test_loss': 0.025004472583532333, 'test_acc': 0.9950000047683716, 'test_precision': 0.9941177368164062, 'test_recall': 0.9933334589004517, 'test_f1': 0.993521511554718, 'communication_cost': 48924148}
[ 2026-05-13 14:18:21 | node_23 | INFO ] 📤 Sending model to 7 direct neighbors: ['node_17', 'node_32', 'node_34', 'node_37', 'node_38', 'node_42', 'node_43']
[ 2026-05-13 14:18:21 | node_7 | INFO ] 📢 Broadcasting metrics.
[ 2026-05-13 14:18:21 | node_32 | INFO ] ⏹️  Gossiping exited for 50 equal rounds.
[ 2026-05-13 14:18:21 | node_32 | INFO ] 🔬 Evaluating...
[ 2026-05-13 14:18:21 | node_21 | INFO ] ⏹️  Gossiping exited for 50 equal rounds.
[ 2026-05-13 14:18:21 | node_21 | INFO ] 🔬 Evaluating...
[ 2026-05-13 14:18:21 | node_17 | INFO ] 🧩 Model added for round 48 (4/8) from ['node_23']
[ 2026-05-13 14:18:21 | node_43 | INFO ] ⏹️  Gossiping exited for 50 equal rounds.
[ 2026-05-13 14:18:21 | node_21 | INFO ] 📈 Evaluated. Results: {'test_loss': 0.04035123810172081, 'test_acc': 0.9850000143051147, 'test_precision': 0.9842046499252319, 'test_recall': 0.9854167699813843, 'test_f1': 0.9846031665802002, 'communication_cost': 37633960}
[ 2026-05-13 14:18:21 | node_43 | INFO ] 🔬 Evaluating...
[ 2026-05-13 14:18:21 | node_44 | INFO ] 🧩 Model added for round 48 (5/6) from ['node_3']
[ 2026-05-13 14:18:22 | node_32 | INFO ] 📈 Evaluated. Results: {'test_loss': 0.2973545789718628, 'test_acc': 0.9599999785423279, 'test_precision': 0.9580283164978027, 'test_recall': 0.9623323678970337, 'test_f1': 0.9598270654678345, 'communication_cost': 45160752}
[ 2026-05-13 14:18:22 | node_43 | INFO ] 📈 Evaluated. Results: {'test_loss': 0.1528419554233551, 'test_acc': 0.9750000238418579, 'test_precision': 0.9745801687240601, 'test_recall': 0.9719666838645935, 'test_f1': 0.9723921418190002, 'communication_cost': 33870564}
[ 2026-05-13 14:18:22 | node_21 | INFO ] 📢 Broadcasting metrics.
[ 2026-05-13 14:18:22 | node_48 | INFO ] 🧩 Model added for round 48 (7/8) from ['node_49']
[ 2026-05-13 14:18:22 | node_32 | INFO ] 📢 Broadcasting metrics.
[ 2026-05-13 14:18:22 | node_48 | INFO ] 🧩 Model added for round 48 (8/8) from ['node_3']
[ 2026-05-13 14:18:23 | node_43 | INFO ] 📢 Broadcasting metrics.
[ 2026-05-13 14:18:23 | node_34 | INFO ] 🧩 Model added for round 48 (7/8) from ['node_23']
[ 2026-05-13 14:18:23 | node_38 | INFO ] 📤 Sending model to 7 direct neighbors: ['node_2', 'node_6', 'node_7', 'node_9', 'node_23', 'node_34', 'node_45']
[ 2026-05-13 14:18:24 | node_37 | INFO ] 🧩 Model added for round 48 (3/4) from ['node_23']
[ 2026-05-13 14:18:24 | node_33 | INFO ] ⏹️  Gossiping exited for 50 equal rounds.
[ 2026-05-13 14:18:24 | node_33 | INFO ] 🔬 Evaluating...
[ 2026-05-13 14:18:24 | node_6 | INFO ] 🧩 Model added for round 48 (5/8) from ['node_38']
[ 2026-05-13 14:18:24 | node_39 | INFO ] ⏹️  Gossiping exited for 50 equal rounds.
[ 2026-05-13 14:18:24 | node_33 | INFO ] 📈 Evaluated. Results: {'test_loss': 0.23066750168800354, 'test_acc': 0.9800000190734863, 'test_precision': 0.9809206128120422, 'test_recall': 0.9771111011505127, 'test_f1': 0.9783419966697693, 'communication_cost': 37633960}
[ 2026-05-13 14:18:24 | node_39 | INFO ] 🔬 Evaluating...
[ 2026-05-13 14:18:24 | node_38 | INFO ] 🧩 Model added for round 48 (6/8) from ['node_23']
[ 2026-05-13 14:18:24 | node_21 | INFO ] 🎉 Round 48 of 50 finished.
[ 2026-05-13 14:18:24 | node_21 | INFO ] 🗳️ [DETERMINISTIC] Train set assigned (No Voting). Size: 50
[ 2026-05-13 14:18:24 | node_7 | INFO ] 🎉 Round 48 of 50 finished.
[ 2026-05-13 14:18:24 | node_21 | INFO ] ♻️ Proactively processing 5 early models for round 48.
[ 2026-05-13 14:18:24 | node_21 | INFO ] 🧩 Model added for round 48 (1/11) from ['node_8']
[ 2026-05-13 14:18:24 | node_7 | INFO ] 🗳️ [DETERMINISTIC] Train set assigned (No Voting). Size: 50
[ 2026-05-13 14:18:24 | node_21 | INFO ] 🧩 Model added for round 48 (2/11) from ['node_11']
[ 2026-05-13 14:18:24 | node_21 | INFO ] 🧩 Model added for round 48 (3/11) from ['node_26']
[ 2026-05-13 14:18:24 | node_21 | INFO ] 🧩 Model added for round 48 (4/11) from ['node_27']
[ 2026-05-13 14:18:24 | node_21 | INFO ] 🧩 Model added for round 48 (5/11) from ['node_19']
[ 2026-05-13 14:18:24 | node_7 | INFO ] ♻️ Proactively processing 8 early models for round 48.
[ 2026-05-13 14:18:24 | node_21 | INFO ] 🏋️‍♀️ Preparing training...
[ 2026-05-13 14:18:24 | node_33 | INFO ] 📢 Broadcasting metrics.
[ 2026-05-13 14:18:24 | node_7 | INFO ] 🧩 Model added for round 48 (1/14) from ['node_20']
[ 2026-05-13 14:18:24 | node_7 | INFO ] 🧩 Model added for round 48 (2/14) from ['node']
[ 2026-05-13 14:18:24 | node_7 | INFO ] 🧩 Model added for round 48 (3/14) from ['node_8']
[ 2026-05-13 14:18:24 | node_7 | INFO ] 🧩 Model added for round 48 (4/14) from ['node_1']
[ 2026-05-13 14:18:25 | node_7 | INFO ] 🧩 Model added for round 48 (5/14) from ['node_27']
[ 2026-05-13 14:18:25 | node_7 | INFO ] 🧩 Model added for round 48 (6/14) from ['node_14']
[ 2026-05-13 14:18:25 | node_39 | INFO ] 📈 Evaluated. Results: {'test_loss': 0.3867785930633545, 'test_acc': 0.949999988079071, 'test_precision': 0.9469701647758484, 'test_recall': 0.940814733505249, 'test_f1': 0.9431169629096985, 'communication_cost': 37633960}
[ 2026-05-13 14:18:25 | node_7 | INFO ] 🧩 Model added for round 48 (7/14) from ['node_47']
[ 2026-05-13 14:18:25 | node_7 | INFO ] 🧩 Model added for round 48 (8/14) from ['node_3']
[ 2026-05-13 14:18:25 | node_7 | INFO ] 🏋️‍♀️ Preparing training...
[ 2026-05-13 14:18:25 | node_39 | INFO ] 📢 Broadcasting metrics.
[ 2026-05-13 14:18:25 | node_21 | INFO ] 🎓 Training step done.
[ 2026-05-13 14:18:25 | node_7 | INFO ] 🧩 Model added for round 48 (9/14) from ['node_38']
[ 2026-05-13 14:18:25 | node_21 | INFO ] 🛠️ Calling force_add_local_model...
[ 2026-05-13 14:18:25 | node_21 | INFO ] ✅ [FORCE] Local model added for round 48. (6/11)
[ 2026-05-13 14:18:25 | node_7 | INFO ] 🎓 Training step done.
[ 2026-05-13 14:18:25 | node_43 | INFO ] 🎉 Round 48 of 50 finished.
[ 2026-05-13 14:18:25 | node_7 | INFO ] 🛠️ Calling force_add_local_model...
[ 2026-05-13 14:18:25 | node_43 | INFO ] 🗳️ [DETERMINISTIC] Train set assigned (No Voting). Size: 50
[ 2026-05-13 14:18:25 | node_32 | INFO ] 🎉 Round 48 of 50 finished.
[ 2026-05-13 14:18:25 | node_7 | INFO ] ✅ [FORCE] Local model added for round 48. (10/14)
[ 2026-05-13 14:18:25 | node_48 | INFO ] 🧠 Aggregation complete. Setting new model.
[ 2026-05-13 14:18:25 | node_32 | INFO ] 🗳️ [DETERMINISTIC] Train set assigned (No Voting). Size: 50
[ 2026-05-13 14:18:25 | node_43 | INFO ] ♻️ Proactively processing 7 early models for round 48.
[ 2026-05-13 14:18:25 | node_43 | INFO ] 🧩 Model added for round 48 (1/10) from ['node_36']
[ 2026-05-13 14:18:25 | node_43 | INFO ] 🧩 Model added for round 48 (2/10) from ['node_13']
[ 2026-05-13 14:18:25 | node_32 | INFO ] ♻️ Proactively processing 10 early models for round 48.
[ 2026-05-13 14:18:25 | node_43 | INFO ] 🧩 Model added for round 48 (3/10) from ['node_30']
[ 2026-05-13 14:18:25 | node_32 | INFO ] 🧩 Model added for round 48 (1/13) from ['node_37']
[ 2026-05-13 14:18:25 | node_32 | INFO ] 🧩 Model added for round 48 (2/13) from ['node_40']
[ 2026-05-13 14:18:25 | node_43 | INFO ] 🧩 Model added for round 48 (4/10) from ['node_12']
[ 2026-05-13 14:18:25 | node_43 | INFO ] 🧩 Model added for round 48 (5/10) from ['node_3']
[ 2026-05-13 14:18:25 | node_32 | INFO ] 🧩 Model added for round 48 (3/13) from ['node_36']
[ 2026-05-13 14:18:25 | node_43 | INFO ] 🧩 Model added for round 48 (6/10) from ['node_49']
[ 2026-05-13 14:18:25 | node_32 | INFO ] 🧩 Model added for round 48 (4/13) from ['node_18']
[ 2026-05-13 14:18:26 | node_43 | INFO ] 🧩 Model added for round 48 (7/10) from ['node_23']
[ 2026-05-13 14:18:26 | node_32 | INFO ] 🧩 Model added for round 48 (5/13) from ['node_17']
[ 2026-05-13 14:18:26 | node_43 | INFO ] 🏋️‍♀️ Preparing training...
[ 2026-05-13 14:18:26 | node_32 | INFO ] 🧩 Model added for round 48 (6/13) from ['node_27']
[ 2026-05-13 14:18:26 | node_32 | INFO ] 🧩 Model added for round 48 (7/13) from ['node_3']
[ 2026-05-13 14:18:26 | node_32 | INFO ] 🧩 Model added for round 48 (8/13) from ['node_35']
[ 2026-05-13 14:18:26 | node_32 | INFO ] 🧩 Model added for round 48 (9/13) from ['node_49']
[ 2026-05-13 14:18:26 | node_32 | INFO ] 🧩 Model added for round 48 (10/13) from ['node_23']
[ 2026-05-13 14:18:26 | node_32 | INFO ] 🏋️‍♀️ Preparing training...
[ 2026-05-13 14:18:26 | node_48 | INFO ] 🗣️ Gossiping aggregated model.
[ 2026-05-13 14:18:26 | node_43 | INFO ] 🎓 Training step done.
[ 2026-05-13 14:18:26 | node_43 | INFO ] 🛠️ Calling force_add_local_model...
[ 2026-05-13 14:18:26 | node_43 | INFO ] ✅ [FORCE] Local model added for round 48. (8/10)
[ 2026-05-13 14:18:26 | node_9 | INFO ] 🧩 Model added for round 48 (8/10) from ['node_38']
[ 2026-05-13 14:18:26 | node_32 | INFO ] 🎓 Training step done.
[ 2026-05-13 14:18:26 | node_32 | INFO ] 🛠️ Calling force_add_local_model...
[ 2026-05-13 14:18:26 | node_32 | INFO ] ✅ [FORCE] Local model added for round 48. (11/13)
[ 2026-05-13 14:18:27 | node_23 | INFO ] 🧩 Model added for round 48 (5/8) from ['node_38']
[ 2026-05-13 14:18:27 | node_33 | INFO ] 🎉 Round 48 of 50 finished.
[ 2026-05-13 14:18:27 | node_33 | INFO ] 🗳️ [DETERMINISTIC] Train set assigned (No Voting). Size: 50
[ 2026-05-13 14:18:27 | node_33 | INFO ] ♻️ Proactively processing 8 early models for round 48.
[ 2026-05-13 14:18:27 | node_33 | INFO ] 🧩 Model added for round 48 (1/11) from ['node_40']
[ 2026-05-13 14:18:27 | node_33 | INFO ] 🧩 Model added for round 48 (2/11) from ['node_24']
[ 2026-05-13 14:18:27 | node_33 | INFO ] 🧩 Model added for round 48 (3/11) from ['node_9']
[ 2026-05-13 14:18:27 | node_33 | INFO ] 🧩 Model added for round 48 (4/11) from ['node_11']
[ 2026-05-13 14:18:27 | node_33 | INFO ] 🧩 Model added for round 48 (5/11) from ['node_22']
[ 2026-05-13 14:18:27 | node_33 | INFO ] 🧩 Model added for round 48 (6/11) from ['node_13']
[ 2026-05-13 14:18:28 | node_33 | INFO ] 🧩 Model added for round 48 (7/11) from ['node_18']
[ 2026-05-13 14:18:28 | node_33 | INFO ] 🧩 Model added for round 48 (8/11) from ['node_49']
[ 2026-05-13 14:18:28 | node_34 | INFO ] 🧩 Model added for round 48 (8/8) from ['node_38']
[ 2026-05-13 14:18:28 | node_33 | INFO ] 🏋️‍♀️ Preparing training...
[ 2026-05-13 14:18:28 | node_39 | INFO ] 🎉 Round 48 of 50 finished.
[ 2026-05-13 14:18:28 | node_4 | INFO ] ⏹️  Gossiping exited for 50 equal rounds.
[ 2026-05-13 14:18:28 | node_39 | INFO ] 🗳️ [DETERMINISTIC] Train set assigned (No Voting). Size: 50
[ 2026-05-13 14:18:28 | node_4 | INFO ] 🔬 Evaluating...
[ 2026-05-13 14:18:28 | node_39 | INFO ] ♻️ Proactively processing 8 early models for round 48.
[ 2026-05-13 14:18:28 | node_39 | INFO ] 🧩 Model added for round 48 (1/11) from ['node_40']
[ 2026-05-13 14:18:28 | node_39 | INFO ] 🧩 Model added for round 48 (2/11) from ['node_41']
[ 2026-05-13 14:18:28 | node_39 | INFO ] 🧩 Model added for round 48 (3/11) from ['node']
[ 2026-05-13 14:18:28 | node_39 | INFO ] 🧩 Model added for round 48 (4/11) from ['node_8']
[ 2026-05-13 14:18:28 | node_39 | INFO ] 🧩 Model added for round 48 (5/11) from ['node_11']
[ 2026-05-13 14:18:28 | node_34 | INFO ] 🧠 Aggregation complete. Setting new model.
[ 2026-05-13 14:18:28 | node_39 | INFO ] 🧩 Model added for round 48 (6/11) from ['node_22']
[ 2026-05-13 14:18:28 | node_29 | INFO ] ⏹️  Gossiping exited for 50 equal rounds.
[ 2026-05-13 14:18:28 | node_39 | INFO ] 🧩 Model added for round 48 (7/11) from ['node_13']
[ 2026-05-13 14:18:28 | node_33 | INFO ] 🎓 Training step done.
[ 2026-05-13 14:18:28 | node_39 | INFO ] 🧩 Model added for round 48 (8/11) from ['node_5']
[ 2026-05-13 14:18:28 | node_4 | INFO ] 📈 Evaluated. Results: {'test_loss': 0.4381144642829895, 'test_acc': 0.9399999976158142, 'test_precision': 0.9400938153266907, 'test_recall': 0.9371055364608765, 'test_f1': 0.935340166091919, 'communication_cost': 52687544}
[ 2026-05-13 14:18:28 | node_33 | INFO ] 🛠️ Calling force_add_local_model...
[ 2026-05-13 14:18:28 | node_39 | INFO ] 🏋️‍♀️ Preparing training...
[ 2026-05-13 14:18:28 | node_29 | INFO ] 🔬 Evaluating...
[ 2026-05-13 14:18:28 | node_33 | INFO ] ✅ [FORCE] Local model added for round 48. (9/11)
[ 2026-05-13 14:18:28 | node_4 | INFO ] 📢 Broadcasting metrics.
[ 2026-05-13 14:18:28 | node_45 | INFO ] 🧩 Model added for round 48 (4/5) from ['node_38']
[ 2026-05-13 14:18:28 | node_29 | INFO ] 📈 Evaluated. Results: {'test_loss': 0.33981436491012573, 'test_acc': 0.9599999785423279, 'test_precision': 0.960125207901001, 'test_recall': 0.9584608674049377, 'test_f1': 0.9584315419197083, 'communication_cost': 52687544}
[ 2026-05-13 14:18:28 | node_29 | INFO ] 📢 Broadcasting metrics.
[ 2026-05-13 14:18:29 | node_39 | INFO ] 🎓 Training step done.
[ 2026-05-13 14:18:29 | node_34 | INFO ] 🗣️ Gossiping aggregated model.
[ 2026-05-13 14:18:29 | node_39 | INFO ] 🛠️ Calling force_add_local_model...
[ 2026-05-13 14:18:29 | node_39 | INFO ] ✅ [FORCE] Local model added for round 48. (9/11)
[ 2026-05-13 14:18:30 | node_21 | INFO ] 📤 Sending model to 10 direct neighbors: ['node_2', 'node_8', 'node_11', 'node_16', 'node_19', 'node_26', 'node_27', 'node_32', 'node_39', 'node_46']
[ 2026-05-13 14:18:30 | node_7 | INFO ] 📤 Sending model to 13 direct neighbors: ['node', 'node_1', 'node_2', 'node_3', 'node_8', 'node_14', 'node_16', 'node_20', 'node_27', 'node_38', 'node_42', 'node_43', 'node_47']
[ 2026-05-13 14:18:31 | node_46 | INFO ] ⏹️  Gossiping exited for 50 equal rounds.
[ 2026-05-13 14:18:31 | node_46 | INFO ] 🔬 Evaluating...
[ 2026-05-13 14:18:31 | node_8 | INFO ] 🧩 Model added for round 48 (4/10) from ['node_21']
[ 2026-05-13 14:18:31 | node | INFO ] 🧩 Model added for round 48 (4/7) from ['node_7']
[ 2026-05-13 14:18:31 | node_46 | INFO ] 📈 Evaluated. Results: {'test_loss': 0.2046283334493637, 'test_acc': 0.9649999737739563, 'test_precision': 0.9661151170730591, 'test_recall': 0.9629426598548889, 'test_f1': 0.9627954959869385, 'communication_cost': 30107168}
[ 2026-05-13 14:18:31 | node_43 | INFO ] 📤 Sending model to 9 direct neighbors: ['node_3', 'node_7', 'node_12', 'node_13', 'node_23', 'node_29', 'node_30', 'node_36', 'node_49']
[ 2026-05-13 14:18:31 | node_46 | INFO ] 📢 Broadcasting metrics.
[ 2026-05-13 14:18:31 | node_4 | INFO ] 🎉 Round 48 of 50 finished.
[ 2026-05-13 14:18:31 | node_32 | INFO ] 📤 Sending model to 12 direct neighbors: ['node_3', 'node_17', 'node_18', 'node_21', 'node_23', 'node_27', 'node_33', 'node_35', 'node_36', 'node_37', 'node_40', 'node_49']
[ 2026-05-13 14:18:31 | node_4 | INFO ] 🗳️ [DETERMINISTIC] Train set assigned (No Voting). Size: 50
[ 2026-05-13 14:18:31 | node_4 | INFO ] ♻️ Proactively processing 14 early models for round 48.
[ 2026-05-13 14:18:31 | node_4 | INFO ] 🧩 Model added for round 48 (1/15) from ['node_31']
[ 2026-05-13 14:18:31 | node_4 | INFO ] 🧩 Model added for round 48 (2/15) from ['node_24']
[ 2026-05-13 14:18:31 | node_4 | INFO ] 🧩 Model added for round 48 (3/15) from ['node']
[ 2026-05-13 14:18:31 | node_4 | INFO ] 🧩 Model added for round 48 (4/15) from ['node_25']
[ 2026-05-13 14:18:31 | node_4 | INFO ] 🧩 Model added for round 48 (5/15) from ['node_10']
[ 2026-05-13 14:18:31 | node_29 | INFO ] 🎉 Round 48 of 50 finished.
[ 2026-05-13 14:18:31 | node_4 | INFO ] 🧩 Model added for round 48 (6/15) from ['node_6']
[ 2026-05-13 14:18:32 | node_4 | INFO ] 🧩 Model added for round 48 (7/15) from ['node_9']
[ 2026-05-13 14:18:32 | node_4 | INFO ] 🧩 Model added for round 48 (8/15) from ['node_8']
[ 2026-05-13 14:18:32 | node_29 | INFO ] 🗳️ [DETERMINISTIC] Train set assigned (No Voting). Size: 50
[ 2026-05-13 14:18:32 | node_3 | INFO ] 🧩 Model added for round 48 (9/12) from ['node_43']
[ 2026-05-13 14:18:32 | node_4 | INFO ] 🧩 Model added for round 48 (9/15) from ['node_30']
[ 2026-05-13 14:18:32 | node_29 | INFO ] ♻️ Proactively processing 11 early models for round 48.
[ 2026-05-13 14:18:32 | node_4 | INFO ] 🧩 Model added for round 48 (10/15) from ['node_5']
[ 2026-05-13 14:18:32 | node_29 | INFO ] 🧩 Model added for round 48 (1/15) from ['node_6']
[ 2026-05-13 14:18:32 | node_4 | INFO ] 🧩 Model added for round 48 (11/15) from ['node_15']
[ 2026-05-13 14:18:32 | node_29 | INFO ] 🧩 Model added for round 48 (2/15) from ['node']
[ 2026-05-13 14:18:32 | node_4 | INFO ] 🧩 Model added for round 48 (12/15) from ['node_12']
[ 2026-05-13 14:18:32 | node_29 | INFO ] 🧩 Model added for round 48 (3/15) from ['node_10']
[ 2026-05-13 14:18:32 | node_4 | INFO ] 🧩 Model added for round 48 (13/15) from ['node_17']
[ 2026-05-13 14:18:32 | node_1 | INFO ] 🧩 Model added for round 48 (5/5) from ['node_7']
[ 2026-05-13 14:18:32 | node_4 | INFO ] 🧩 Model added for round 48 (14/15) from ['node_47']
[ 2026-05-13 14:18:32 | node_4 | INFO ] 🏋️‍♀️ Preparing training...
[ 2026-05-13 14:18:32 | node_29 | INFO ] 🧩 Model added for round 48 (4/15) from ['node_8']
[ 2026-05-13 14:18:32 | node_29 | INFO ] 🧩 Model added for round 48 (5/15) from ['node_36']
[ 2026-05-13 14:18:32 | node_29 | INFO ] 🧩 Model added for round 48 (6/15) from ['node_13']
[ 2026-05-13 14:18:32 | node_29 | INFO ] 🧩 Model added for round 48 (7/15) from ['node_12']
[ 2026-05-13 14:18:32 | node_29 | INFO ] 🧩 Model added for round 48 (8/15) from ['node_18']
[ 2026-05-13 14:18:32 | node_29 | INFO ] 🧩 Model added for round 48 (9/15) from ['node_30']
[ 2026-05-13 14:18:32 | node_29 | INFO ] 🧩 Model added for round 48 (10/15) from ['node_19']
[ 2026-05-13 14:18:32 | node_29 | INFO ] 🧩 Model added for round 48 (11/15) from ['node_49']
[ 2026-05-13 14:18:32 | node_29 | INFO ] 🏋️‍♀️ Preparing training...
[ 2026-05-13 14:18:32 | node_3 | INFO ] 🧩 Model added for round 48 (10/12) from ['node_32']
[ 2026-05-13 14:18:32 | node_11 | INFO ] 🧩 Model added for round 48 (6/10) from ['node_21']
[ 2026-05-13 14:18:32 | node_4 | INFO ] 🎓 Training step done.
[ 2026-05-13 14:18:32 | node_4 | INFO ] 🛠️ Calling force_add_local_model...
[ 2026-05-13 14:18:32 | node_1 | INFO ] 🧠 Aggregation complete. Setting new model.
[ 2026-05-13 14:18:32 | node_4 | INFO ] ✅ [FORCE] Local model added for round 48. (15/15)
[ 2026-05-13 14:18:33 | node_29 | INFO ] 🎓 Training step done.
[ 2026-05-13 14:18:33 | node_3 | INFO ] 🧩 Model added for round 48 (11/12) from ['node_7']
[ 2026-05-13 14:18:33 | node_29 | INFO ] 🛠️ Calling force_add_local_model...
[ 2026-05-13 14:18:33 | node_29 | INFO ] ✅ [FORCE] Local model added for round 48. (12/15)
[ 2026-05-13 14:18:33 | node_7 | INFO ] 🧩 Model added for round 48 (11/14) from ['node_43']
[ 2026-05-13 14:18:33 | node_1 | INFO ] 🗣️ Gossiping aggregated model.
[ 2026-05-13 14:18:33 | node_17 | INFO ] 🧩 Model added for round 48 (5/8) from ['node_32']
[ 2026-05-13 14:18:33 | node_33 | INFO ] 📤 Sending model to 10 direct neighbors: ['node_9', 'node_11', 'node_13', 'node_18', 'node_22', 'node_24', 'node_29', 'node_32', 'node_40', 'node_49']
[ 2026-05-13 14:18:33 | node_9 | INFO ] 🧩 Model added for round 48 (9/10) from ['node_33']
[ 2026-05-13 14:18:34 | node_19 | INFO ] 🧩 Model added for round 48 (5/8) from ['node_21']
[ 2026-05-13 14:18:34 | node_39 | INFO ] 📤 Sending model to 10 direct neighbors: ['node', 'node_5', 'node_8', 'node_11', 'node_13', 'node_21', 'node_22', 'node_40', 'node_41', 'node_42']
[ 2026-05-13 14:18:34 | node_46 | INFO ] 🎉 Round 48 of 50 finished.
[ 2026-05-13 14:18:34 | node_46 | INFO ] 🗳️ [DETERMINISTIC] Train set assigned (No Voting). Size: 50
[ 2026-05-13 14:18:34 | node_8 | INFO ] 🧩 Model added for round 48 (5/10) from ['node_7']
[ 2026-05-13 14:18:34 | node | INFO ] 🧩 Model added for round 48 (5/7) from ['node_39']
[ 2026-05-13 14:18:34 | node_46 | INFO ] ♻️ Proactively processing 5 early models for round 48.
[ 2026-05-13 14:18:34 | node_46 | INFO ] 🧩 Model added for round 48 (1/9) from ['node_13']
[ 2026-05-13 14:18:34 | node_46 | INFO ] 🧩 Model added for round 48 (2/9) from ['node_5']
[ 2026-05-13 14:18:34 | node_18 | INFO ] 🧩 Model added for round 48 (11/13) from ['node_32']
[ 2026-05-13 14:18:34 | node_46 | INFO ] 🧩 Model added for round 48 (3/9) from ['node_12']
[ 2026-05-13 14:18:34 | node_46 | INFO ] 🧩 Model added for round 48 (4/9) from ['node_26']
[ 2026-05-13 14:18:34 | node_46 | INFO ] 🧩 Model added for round 48 (5/9) from ['node_47']
[ 2026-05-13 14:18:34 | node_12 | INFO ] 🧩 Model added for round 48 (8/13) from ['node_43']
[ 2026-05-13 14:18:34 | node_46 | INFO ] 🏋️‍♀️ Preparing training...
[ 2026-05-13 14:18:34 | node_26 | INFO ] 🧩 Model added for round 48 (3/5) from ['node_21']
[ 2026-05-13 14:18:35 | node_46 | INFO ] 🎓 Training step done.
[ 2026-05-13 14:18:35 | node_11 | INFO ] 🧩 Model added for round 48 (7/10) from ['node_33']
[ 2026-05-13 14:18:35 | node_5 | INFO ] 🧩 Model added for round 48 (5/9) from ['node_39']
[ 2026-05-13 14:18:35 | node_46 | INFO ] 🛠️ Calling force_add_local_model...
[ 2026-05-13 14:18:35 | node_46 | INFO ] ✅ [FORCE] Local model added for round 48. (6/9)
[ 2026-05-13 14:18:35 | node_14 | INFO ] 🧩 Model added for round 48 (9/9) from ['node_7']
[ 2026-05-13 14:18:35 | node_27 | INFO ] 🧩 Model added for round 48 (6/9) from ['node_21']
[ 2026-05-13 14:18:36 | node_16 | INFO ] ⏹️  Gossiping exited for 50 equal rounds.
[ 2026-05-13 14:18:36 | node_16 | INFO ] 🔬 Evaluating...
[ 2026-05-13 14:18:36 | node_21 | INFO ] 🧩 Model added for round 48 (7/11) from ['node_32']
[ 2026-05-13 14:18:36 | node_13 | INFO ] 🧩 Model added for round 48 (4/9) from ['node_43']
[ 2026-05-13 14:18:36 | node_13 | INFO ] 🧩 Model added for round 48 (5/9) from ['node_33']
[ 2026-05-13 14:18:36 | node_16 | INFO ] 📈 Evaluated. Results: {'test_loss': 0.08150147646665573, 'test_acc': 0.9850000143051147, 'test_precision': 0.987225353717804, 'test_recall': 0.9863636493682861, 'test_f1': 0.98638516664505, 'communication_cost': 48924148}
[ 2026-05-13 14:18:36 | node_8 | INFO ] 🧩 Model added for round 48 (6/10) from ['node_39']
[ 2026-05-13 14:18:36 | node_32 | INFO ] 🧩 Model added for round 48 (12/13) from ['node_21']
[ 2026-05-13 14:18:36 | node_16 | INFO ] 📢 Broadcasting metrics.
[ 2026-05-13 14:18:36 | node_20 | INFO ] 🧩 Model added for round 48 (6/6) from ['node_7']
[ 2026-05-13 14:18:36 | node_18 | INFO ] 🧩 Model added for round 48 (12/13) from ['node_33']
[ 2026-05-13 14:18:37 | node_23 | INFO ] 🧩 Model added for round 48 (6/8) from ['node_32']
[ 2026-05-13 14:18:37 | node_23 | INFO ] 🧩 Model added for round 48 (7/8) from ['node_43']
[ 2026-05-13 14:18:37 | node_27 | INFO ] 🧩 Model added for round 48 (7/9) from ['node_7']
[ 2026-05-13 14:18:37 | node_11 | INFO ] 🧩 Model added for round 48 (8/10) from ['node_39']
[ 2026-05-13 14:18:37 | node_14 | INFO ] 🧠 Aggregation complete. Setting new model.
[ 2026-05-13 14:18:37 | node_39 | INFO ] 🧩 Model added for round 48 (10/11) from ['node_21']
[ 2026-05-13 14:18:37 | node_29 | INFO ] 🧩 Model added for round 48 (13/15) from ['node_43']
[ 2026-05-13 14:18:37 | node_20 | INFO ] 🧠 Aggregation complete. Setting new model.
[ 2026-05-13 14:18:37 | node_27 | INFO ] 🧩 Model added for round 48 (8/9) from ['node_32']
[ 2026-05-13 14:18:37 | node_4 | INFO ] 📤 Sending model to 14 direct neighbors: ['node', 'node_5', 'node_6', 'node_8', 'node_9', 'node_10', 'node_12', 'node_15', 'node_17', 'node_24', 'node_25', 'node_30', 'node_31', 'node_47']
[ 2026-05-13 14:18:38 | node_29 | INFO ] 📤 Sending model to 14 direct neighbors: ['node', 'node_6', 'node_8', 'node_10', 'node_12', 'node_13', 'node_18', 'node_19', 'node_30', 'node_33', 'node_36', 'node_42', 'node_43', 'node_49']
[ 2026-05-13 14:18:38 | node_20 | INFO ] 🗣️ Gossiping aggregated model.
[ 2026-05-13 14:18:38 | node_22 | INFO ] 🧩 Model added for round 48 (4/5) from ['node_33']
[ 2026-05-13 14:18:38 | node_14 | INFO ] 🗣️ Gossiping aggregated model.
[ 2026-05-13 14:18:38 | node_38 | INFO ] 🧩 Model added for round 48 (7/8) from ['node_7']
[ 2026-05-13 14:18:38 | node | INFO ] 🧩 Model added for round 48 (6/7) from ['node_4']
[ 2026-05-13 14:18:38 | node_13 | INFO ] 🧩 Model added for round 48 (6/9) from ['node_39']
[ 2026-05-13 14:18:38 | node | INFO ] 🧩 Model added for round 48 (7/7) from ['node_29']
[ 2026-05-13 14:18:38 | node_33 | INFO ] 🧩 Model added for round 48 (10/11) from ['node_32']
[ 2026-05-13 14:18:39 | node_24 | INFO ] 🧩 Model added for round 48 (7/9) from ['node_33']
[ 2026-05-13 14:18:39 | node_46 | INFO ] 🧩 Model added for round 48 (7/9) from ['node_21']
[ 2026-05-13 14:18:39 | node_5 | INFO ] 🧩 Model added for round 48 (6/9) from ['node_4']
[ 2026-05-13 14:18:39 | node_16 | INFO ] 🎉 Round 48 of 50 finished.
[ 2026-05-13 14:18:39 | node_30 | INFO ] 🧩 Model added for round 48 (8/10) from ['node_43']
[ 2026-05-13 14:18:39 | node_21 | INFO ] 🧩 Model added for round 48 (8/11) from ['node_39']
[ 2026-05-13 14:18:39 | node_6 | INFO ] 🧩 Model added for round 48 (6/8) from ['node_29']
[ 2026-05-13 14:18:39 | node_16 | INFO ] 🗳️ [DETERMINISTIC] Train set assigned (No Voting). Size: 50
[ 2026-05-13 14:18:39 | node | INFO ] 🧠 Aggregation complete. Setting new model.
[ 2026-05-13 14:18:39 | node_16 | INFO ] ♻️ Proactively processing 11 early models for round 48.
[ 2026-05-13 14:18:39 | node_16 | INFO ] 🧩 Model added for round 48 (1/14) from ['node_45']
[ 2026-05-13 14:18:39 | node_16 | INFO ] 🧩 Model added for round 48 (2/14) from ['node_6']
[ 2026-05-13 14:18:39 | node_16 | INFO ] 🧩 Model added for round 48 (3/14) from ['node_28']
[ 2026-05-13 14:18:39 | node_16 | INFO ] 🧩 Model added for round 48 (4/14) from ['node_13']
[ 2026-05-13 14:18:39 | node_16 | INFO ] 🧩 Model added for round 48 (5/14) from ['node_26']
[ 2026-05-13 14:18:39 | node_2 | INFO ] ⏹️  Gossiping exited for 50 equal rounds.
[ 2026-05-13 14:18:39 | node_16 | INFO ] 🧩 Model added for round 48 (6/14) from ['node_17']
[ 2026-05-13 14:18:39 | node_16 | INFO ] 🧩 Model added for round 48 (7/14) from ['node_27']
[ 2026-05-13 14:18:39 | node_16 | INFO ] 🧩 Model added for round 48 (8/14) from ['node_19']
[ 2026-05-13 14:18:39 | node_16 | INFO ] 🧩 Model added for round 48 (9/14) from ['node_49']
[ 2026-05-13 14:18:39 | node_2 | INFO ] 🔬 Evaluating...
[ 2026-05-13 14:18:40 | node_16 | INFO ] 🧩 Model added for round 48 (10/14) from ['node_21']
[ 2026-05-13 14:18:40 | node_16 | INFO ] 🧩 Model added for round 48 (11/14) from ['node_7']
[ 2026-05-13 14:18:40 | node_16 | INFO ] 🏋️‍♀️ Preparing training...
[ 2026-05-13 14:18:40 | node | INFO ] 🗣️ Gossiping aggregated model.
[ 2026-05-13 14:18:40 | node_46 | INFO ] 📤 Sending model to 8 direct neighbors: ['node_2', 'node_5', 'node_12', 'node_13', 'node_16', 'node_21', 'node_26', 'node_47']
[ 2026-05-13 14:18:40 | node_43 | INFO ] 🧩 Model added for round 48 (9/10) from ['node_7']
[ 2026-05-13 14:18:40 | node_29 | INFO ] 🧩 Model added for round 48 (14/15) from ['node_33']
[ 2026-05-13 14:18:40 | node_35 | INFO ] 🧩 Model added for round 48 (7/7) from ['node_32']
[ 2026-05-13 14:18:40 | node_2 | INFO ] 📈 Evaluated. Results: {'test_loss': 0.20751792192459106, 'test_acc': 0.9700000286102295, 'test_precision': 0.9732202291488647, 'test_recall': 0.967193603515625, 'test_f1': 0.9690811634063721, 'communication_cost': 45160752}
[ 2026-05-13 14:18:40 | node_8 | INFO ] 🧩 Model added for round 48 (7/10) from ['node_29']
[ 2026-05-13 14:18:40 | node_16 | INFO ] 🎓 Training step done.
[ 2026-05-13 14:18:40 | node_2 | INFO ] 📢 Broadcasting metrics.
[ 2026-05-13 14:18:40 | node_22 | INFO ] 🧩 Model added for round 48 (5/5) from ['node_39']
[ 2026-05-13 14:18:40 | node_36 | INFO ] 🧩 Model added for round 48 (3/7) from ['node_43']
[ 2026-05-13 14:18:40 | node_16 | INFO ] 🛠️ Calling force_add_local_model...
[ 2026-05-13 14:18:40 | node_16 | INFO ] ✅ [FORCE] Local model added for round 48. (12/14)
[ 2026-05-13 14:18:40 | node_5 | INFO ] 🧩 Model added for round 48 (7/9) from ['node_46']
[ 2026-05-13 14:18:40 | node_22 | INFO ] 🧠 Aggregation complete. Setting new model.
[ 2026-05-13 14:18:40 | node_35 | INFO ] 🧠 Aggregation complete. Setting new model.
[ 2026-05-13 14:18:41 | node_22 | INFO ] 🗣️ Gossiping aggregated model.
[ 2026-05-13 14:18:41 | node_42 | INFO ] ⏹️  Gossiping exited for 50 equal rounds.
[ 2026-05-13 14:18:41 | node_35 | INFO ] 🗣️ Gossiping aggregated model.
[ 2026-05-13 14:18:41 | node_42 | INFO ] 🔬 Evaluating...
[ 2026-05-13 14:18:41 | node_36 | INFO ] 🧩 Model added for round 48 (4/7) from ['node_32']
[ 2026-05-13 14:18:41 | node_47 | INFO ] 🧩 Model added for round 48 (5/7) from ['node_7']
[ 2026-05-13 14:18:41 | node_6 | INFO ] 🧩 Model added for round 48 (7/8) from ['node_4']
[ 2026-05-13 14:18:41 | node_40 | INFO ] 🧩 Model added for round 48 (4/6) from ['node_39']
[ 2026-05-13 14:18:41 | node_42 | INFO ] 📈 Evaluated. Results: {'test_loss': 0.16663692891597748, 'test_acc': 0.9800000190734863, 'test_precision': 0.9805982708930969, 'test_recall': 0.980711817741394, 'test_f1': 0.9801881909370422, 'communication_cost': 52687544}
[ 2026-05-13 14:18:41 | node_49 | INFO ] 🧩 Model added for round 48 (7/11) from ['node_43']
[ 2026-05-13 14:18:41 | node_10 | INFO ] 🧩 Model added for round 48 (7/8) from ['node_29']
[ 2026-05-13 14:18:41 | node_32 | INFO ] 🧩 Model added for round 48 (13/13) from ['node_33']
[ 2026-05-13 14:18:41 | node_42 | INFO ] 📢 Broadcasting metrics.
[ 2026-05-13 14:18:41 | node_12 | INFO ] 🧩 Model added for round 48 (9/13) from ['node_46']
[ 2026-05-13 14:18:42 | node_41 | INFO ] 🧩 Model added for round 48 (3/3) from ['node_39']
[ 2026-05-13 14:18:42 | node_37 | INFO ] 🧩 Model added for round 48 (4/4) from ['node_32']
[ 2026-05-13 14:18:42 | node_8 | INFO ] 🧩 Model added for round 48 (8/10) from ['node_4']
[ 2026-05-13 14:18:42 | node_12 | INFO ] 🧩 Model added for round 48 (10/13) from ['node_29']
[ 2026-05-13 14:18:42 | node_40 | INFO ] 🧩 Model added for round 48 (5/6) from ['node_32']
[ 2026-05-13 14:18:43 | node_40 | INFO ] 🧩 Model added for round 48 (6/6) from ['node_33']
[ 2026-05-13 14:18:43 | node_13 | INFO ] 🧩 Model added for round 48 (7/9) from ['node_46']
[ 2026-05-13 14:18:44 | node_2 | INFO ] 🎉 Round 48 of 50 finished.
[ 2026-05-13 14:18:44 | node_49 | INFO ] 🧩 Model added for round 48 (8/11) from ['node_32']
[ 2026-05-13 14:18:44 | node_49 | INFO ] 🧩 Model added for round 48 (9/11) from ['node_33']
[ 2026-05-13 14:18:44 | node_2 | INFO ] 🗳️ [DETERMINISTIC] Train set assigned (No Voting). Size: 50
[ 2026-05-13 14:18:44 | node_9 | INFO ] 🧩 Model added for round 48 (10/10) from ['node_4']
[ 2026-05-13 14:18:44 | node_13 | INFO ] 🧩 Model added for round 48 (8/9) from ['node_29']
[ 2026-05-13 14:18:44 | node_2 | INFO ] ♻️ Proactively processing 11 early models for round 48.
[ 2026-05-13 14:18:44 | node_2 | INFO ] 🧩 Model added for round 48 (1/13) from ['node_31']
[ 2026-05-13 14:18:44 | ModelPackager | INFO ] Round 48: Consensus detected (dist: 0.000919). Patience: 3/5
[ 2026-05-13 14:18:44 | node_2 | INFO ] 🧩 Model added for round 48 (2/13) from ['node_24']
[ 2026-05-13 14:18:44 | node_2 | INFO ] 🧩 Model added for round 48 (3/13) from ['node_8']
[ 2026-05-13 14:18:44 | node_41 | INFO ] 🧠 Aggregation complete. Setting new model.
[ 2026-05-13 14:18:44 | node_2 | INFO ] 🧩 Model added for round 48 (4/13) from ['node_11']
[ 2026-05-13 14:18:44 | node_2 | INFO ] 🧩 Model added for round 48 (5/13) from ['node_36']
[ 2026-05-13 14:18:44 | node_2 | INFO ] 🧩 Model added for round 48 (6/13) from ['node_5']
[ 2026-05-13 14:18:44 | node_16 | INFO ] 🧩 Model added for round 48 (13/14) from ['node_46']
[ 2026-05-13 14:18:44 | node_2 | INFO ] 🧩 Model added for round 48 (7/13) from ['node_12']
[ 2026-05-13 14:18:44 | node_2 | INFO ] 🧩 Model added for round 48 (8/13) from ['node_38']
[ 2026-05-13 14:18:44 | node_2 | INFO ] 🧩 Model added for round 48 (9/13) from ['node_21']
[ 2026-05-13 14:18:44 | node_41 | INFO ] 🗣️ Gossiping aggregated model.
[ 2026-05-13 14:18:44 | node_2 | INFO ] 🧩 Model added for round 48 (10/13) from ['node_7']
[ 2026-05-13 14:18:44 | node_2 | INFO ] 🧩 Model added for round 48 (11/13) from ['node_46']
[ 2026-05-13 14:18:44 | node_2 | INFO ] 🏋️‍♀️ Preparing training...
[ 2026-05-13 14:18:44 | node_37 | INFO ] 🧠 Aggregation complete. Setting new model.
[ 2026-05-13 14:18:44 | node_40 | INFO ] 🧠 Aggregation complete. Setting new model.
[ 2026-05-13 14:18:44 | node_9 | INFO ] 🧠 Aggregation complete. Setting new model.
[ 2026-05-13 14:18:44 | node_37 | INFO ] 🗣️ Gossiping aggregated model.
[ 2026-05-13 14:18:45 | node_2 | INFO ] 🎓 Training step done.
[ 2026-05-13 14:18:45 | node_18 | INFO ] 🧩 Model added for round 48 (13/13) from ['node_29']
[ 2026-05-13 14:18:45 | node_2 | INFO ] 🛠️ Calling force_add_local_model...
[ 2026-05-13 14:18:45 | node_2 | INFO ] ✅ [FORCE] Local model added for round 48. (12/13)
[ 2026-05-13 14:18:45 | node_40 | INFO ] 🗣️ Gossiping aggregated model.
[ 2026-05-13 14:18:45 | node_10 | INFO ] 🧩 Model added for round 48 (8/8) from ['node_4']
[ 2026-05-13 14:18:45 | node_9 | INFO ] 🗣️ Gossiping aggregated model.
[ 2026-05-13 14:18:45 | node_16 | INFO ] 📤 Sending model to 13 direct neighbors: ['node_2', 'node_6', 'node_7', 'node_13', 'node_17', 'node_19', 'node_21', 'node_26', 'node_27', 'node_28', 'node_45', 'node_46', 'node_49']
[ 2026-05-13 14:18:45 | node_10 | INFO ] 🧠 Aggregation complete. Setting new model.
[ 2026-05-13 14:18:45 | node_18 | INFO ] 🧠 Aggregation complete. Setting new model.
[ 2026-05-13 14:18:45 | node_32 | INFO ] 🧠 Aggregation complete. Setting new model.
[ 2026-05-13 14:18:46 | node_21 | INFO ] 🧩 Model added for round 48 (9/11) from ['node_46']
[ 2026-05-13 14:18:46 | node_2 | INFO ] 🧩 Model added for round 48 (13/13) from ['node_16']
[ 2026-05-13 14:18:46 | node_12 | INFO ] 🧩 Model added for round 48 (11/13) from ['node_4']
[ 2026-05-13 14:18:46 | node_19 | INFO ] 🧩 Model added for round 48 (6/8) from ['node_29']
[ 2026-05-13 14:18:46 | node_10 | INFO ] 🗣️ Gossiping aggregated model.
[ 2026-05-13 14:18:47 | node_42 | INFO ] 🎉 Round 48 of 50 finished.
[ 2026-05-13 14:18:47 | node_18 | INFO ] 🗣️ Gossiping aggregated model.
[ 2026-05-13 14:18:47 | node_32 | INFO ] 🗣️ Gossiping aggregated model.
[ 2026-05-13 14:18:47 | node_42 | INFO ] 🗳️ [DETERMINISTIC] Train set assigned (No Voting). Size: 50
[ 2026-05-13 14:18:47 | node_42 | INFO ] ♻️ Proactively processing 13 early models for round 48.
[ 2026-05-13 14:18:47 | node_42 | INFO ] 🧩 Model added for round 48 (1/15) from ['node_36']
[ 2026-05-13 14:18:47 | node_42 | INFO ] 🧩 Model added for round 48 (2/15) from ['node_8']
[ 2026-05-13 14:18:47 | node_42 | INFO ] 🧩 Model added for round 48 (3/15) from ['node_11']
[ 2026-05-13 14:18:47 | node_26 | INFO ] 🧩 Model added for round 48 (4/5) from ['node_46']
[ 2026-05-13 14:18:47 | node_42 | INFO ] 🧩 Model added for round 48 (4/15) from ['node_5']
[ 2026-05-13 14:18:47 | node_42 | INFO ] 🧩 Model added for round 48 (5/15) from ['node_28']
[ 2026-05-13 14:18:47 | node_42 | INFO ] 🧩 Model added for round 48 (6/15) from ['node_12']
[ 2026-05-13 14:18:47 | node_42 | INFO ] 🧩 Model added for round 48 (7/15) from ['node_44']
[ 2026-05-13 14:18:47 | node_42 | INFO ] 🧩 Model added for round 48 (8/15) from ['node_17']
[ 2026-05-13 14:18:47 | node_15 | INFO ] 🧩 Model added for round 48 (7/7) from ['node_4']
[ 2026-05-13 14:18:47 | node_30 | INFO ] 🧩 Model added for round 48 (9/10) from ['node_29']
[ 2026-05-13 14:18:47 | node_42 | INFO ] 🧩 Model added for round 48 (9/15) from ['node_19']
[ 2026-05-13 14:18:47 | node_42 | INFO ] 🧩 Model added for round 48 (10/15) from ['node_3']
[ 2026-05-13 14:18:47 | node_6 | INFO ] 🧩 Model added for round 48 (8/8) from ['node_16']
[ 2026-05-13 14:18:47 | node_42 | INFO ] 🧩 Model added for round 48 (11/15) from ['node_23']
[ 2026-05-13 14:18:47 | node_42 | INFO ] 🧩 Model added for round 48 (12/15) from ['node_7']
[ 2026-05-13 14:18:47 | node_42 | INFO ] 🧩 Model added for round 48 (13/15) from ['node_39']
[ 2026-05-13 14:18:47 | node_42 | INFO ] 🏋️‍♀️ Preparing training...
[ 2026-05-13 14:18:48 | node_47 | INFO ] 🧩 Model added for round 48 (6/7) from ['node_46']
[ 2026-05-13 14:18:48 | node_42 | INFO ] 🎓 Training step done.
[ 2026-05-13 14:18:48 | node_17 | INFO ] 🧩 Model added for round 48 (6/8) from ['node_4']
[ 2026-05-13 14:18:48 | node_42 | INFO ] 🛠️ Calling force_add_local_model...
[ 2026-05-13 14:18:48 | node_7 | INFO ] 🧩 Model added for round 48 (12/14) from ['node_16']
[ 2026-05-13 14:18:48 | node_42 | INFO ] ✅ [FORCE] Local model added for round 48. (14/15)
[ 2026-05-13 14:18:48 | node_33 | INFO ] 🧩 Model added for round 48 (11/11) from ['node_29']
[ 2026-05-13 14:18:48 | node_15 | INFO ] 🧠 Aggregation complete. Setting new model.
[ 2026-05-13 14:18:48 | node_6 | INFO ] 🧠 Aggregation complete. Setting new model.
[ 2026-05-13 14:18:49 | node_33 | INFO ] 🧠 Aggregation complete. Setting new model.
[ 2026-05-13 14:18:49 | node_15 | INFO ] 🗣️ Gossiping aggregated model.
[ 2026-05-13 14:18:49 | node_24 | INFO ] 🧩 Model added for round 48 (8/9) from ['node_4']
[ 2026-05-13 14:18:49 | node_6 | INFO ] 🗣️ Gossiping aggregated model.
[ 2026-05-13 14:18:49 | node_36 | INFO ] 🧩 Model added for round 48 (5/7) from ['node_29']
[ 2026-05-13 14:18:49 | node_13 | INFO ] 🧩 Model added for round 48 (9/9) from ['node_16']
[ 2026-05-13 14:18:50 | node_33 | INFO ] 🗣️ Gossiping aggregated model.
[ 2026-05-13 14:18:50 | node_2 | INFO ] 📤 Sending model to 12 direct neighbors: ['node_5', 'node_7', 'node_8', 'node_11', 'node_12', 'node_16', 'node_21', 'node_24', 'node_31', 'node_36', 'node_38', 'node_46']
[ 2026-05-13 14:18:50 | node_25 | INFO ] 🧩 Model added for round 48 (6/6) from ['node_4']
[ 2026-05-13 14:18:50 | node_5 | INFO ] 🧩 Model added for round 48 (8/9) from ['node_2']
[ 2026-05-13 14:18:50 | node_13 | INFO ] 🧠 Aggregation complete. Setting new model.
[ 2026-05-13 14:18:50 | node_42 | INFO ] 🧩 Model added for round 48 (15/15) from ['node_29']
[ 2026-05-13 14:18:50 | node_25 | INFO ] 🧠 Aggregation complete. Setting new model.
[ 2026-05-13 14:18:51 | node_25 | INFO ] 🗣️ Gossiping aggregated model.
[ 2026-05-13 14:18:51 | node_17 | INFO ] 🧩 Model added for round 48 (7/8) from ['node_16']
[ 2026-05-13 14:18:51 | node_13 | INFO ] 🗣️ Gossiping aggregated model.
[ 2026-05-13 14:18:51 | node_30 | INFO ] 🧩 Model added for round 48 (10/10) from ['node_4']
[ 2026-05-13 14:18:51 | node_7 | INFO ] 🧩 Model added for round 48 (13/14) from ['node_2']
[ 2026-05-13 14:18:52 | node_19 | INFO ] 🧩 Model added for round 48 (7/8) from ['node_16']
[ 2026-05-13 14:18:52 | node_43 | INFO ] 🧩 Model added for round 48 (10/10) from ['node_29']
[ 2026-05-13 14:18:52 | node_31 | INFO ] 🧩 Model added for round 48 (2/3) from ['node_4']
[ 2026-05-13 14:18:53 | node_21 | INFO ] 🧩 Model added for round 48 (10/11) from ['node_16']
[ 2026-05-13 14:18:53 | node_49 | INFO ] 🧩 Model added for round 48 (10/11) from ['node_29']
[ 2026-05-13 14:18:53 | node_8 | INFO ] 🧩 Model added for round 48 (9/10) from ['node_2']
[ 2026-05-13 14:18:53 | node_47 | INFO ] 🧩 Model added for round 48 (7/7) from ['node_4']
[ 2026-05-13 14:18:53 | node_30 | INFO ] 🧠 Aggregation complete. Setting new model.
[ 2026-05-13 14:18:53 | node_43 | INFO ] 🧠 Aggregation complete. Setting new model.
[ 2026-05-13 14:18:53 | node_47 | INFO ] 🧠 Aggregation complete. Setting new model.
[ 2026-05-13 14:18:53 | node_42 | INFO ] 📤 Sending model to 14 direct neighbors: ['node_3', 'node_5', 'node_7', 'node_8', 'node_11', 'node_12', 'node_17', 'node_19', 'node_23', 'node_28', 'node_29', 'node_36', 'node_39', 'node_44']
[ 2026-05-13 14:18:54 | node_47 | INFO ] 🗣️ Gossiping aggregated model.
[ 2026-05-13 14:18:54 | node_3 | INFO ] 🧩 Model added for round 48 (12/12) from ['node_42']
[ 2026-05-13 14:18:54 | node_30 | INFO ] 🗣️ Gossiping aggregated model.
[ 2026-05-13 14:18:54 | node_43 | INFO ] 🗣️ Gossiping aggregated model.
[ 2026-05-13 14:18:54 | node_26 | INFO ] 🧩 Model added for round 48 (5/5) from ['node_16']
[ 2026-05-13 14:18:55 | node_11 | INFO ] 🧩 Model added for round 48 (9/10) from ['node_2']
[ 2026-05-13 14:18:55 | node_5 | INFO ] 🧩 Model added for round 48 (9/9) from ['node_42']
[ 2026-05-13 14:18:55 | node_27 | INFO ] 🧩 Model added for round 48 (9/9) from ['node_16']
[ 2026-05-13 14:18:55 | node_26 | INFO ] 🧠 Aggregation complete. Setting new model.
[ 2026-05-13 14:18:55 | node_3 | INFO ] 🧠 Aggregation complete. Setting new model.
[ 2026-05-13 14:18:55 | node_4 | INFO ] 🧠 Aggregation complete. Setting new model.
[ 2026-05-13 14:18:56 | node_26 | INFO ] 🗣️ Gossiping aggregated model.
[ 2026-05-13 14:18:56 | node_12 | INFO ] 🧩 Model added for round 48 (12/13) from ['node_2']
[ 2026-05-13 14:18:56 | node_3 | INFO ] 🗣️ Gossiping aggregated model.
[ 2026-05-13 14:18:57 | node_4 | INFO ] 🗣️ Gossiping aggregated model.
[ 2026-05-13 14:18:57 | node_28 | INFO ] 🧩 Model added for round 48 (11/12) from ['node_16']
[ 2026-05-13 14:18:57 | node_7 | INFO ] 🧩 Model added for round 48 (14/14) from ['node_42']
[ 2026-05-13 14:18:58 | node_16 | INFO ] 🧩 Model added for round 48 (14/14) from ['node_2']
[ 2026-05-13 14:18:58 | node_27 | INFO ] 🧠 Aggregation complete. Setting new model.
[ 2026-05-13 14:18:58 | node_5 | INFO ] 🧠 Aggregation complete. Setting new model.
[ 2026-05-13 14:18:58 | node_7 | INFO ] 🧠 Aggregation complete. Setting new model.
[ 2026-05-13 14:18:58 | node_45 | INFO ] 🧩 Model added for round 48 (5/5) from ['node_16']
[ 2026-05-13 14:18:59 | node_27 | INFO ] 🗣️ Gossiping aggregated model.
[ 2026-05-13 14:18:59 | node_5 | INFO ] 🗣️ Gossiping aggregated model.
[ 2026-05-13 14:18:59 | node_8 | INFO ] 🧩 Model added for round 48 (10/10) from ['node_42']
[ 2026-05-13 14:18:59 | node_46 | INFO ] 🧩 Model added for round 48 (8/9) from ['node_16']
[ 2026-05-13 14:19:00 | node_7 | INFO ] 🗣️ Gossiping aggregated model.
[ 2026-05-13 14:19:00 | node_21 | INFO ] 🧩 Model added for round 48 (11/11) from ['node_2']
[ 2026-05-13 14:19:01 | node_49 | INFO ] 🧩 Model added for round 48 (11/11) from ['node_16']
[ 2026-05-13 14:19:01 | node_11 | INFO ] 🧩 Model added for round 48 (10/10) from ['node_42']
[ 2026-05-13 14:19:01 | node_24 | INFO ] 🧩 Model added for round 48 (9/9) from ['node_2']
[ 2026-05-13 14:19:01 | node_45 | INFO ] 🧠 Aggregation complete. Setting new model.
[ 2026-05-13 14:19:02 | node_45 | INFO ] 🗣️ Gossiping aggregated model.
[ 2026-05-13 14:19:02 | node_12 | INFO ] 🧩 Model added for round 48 (13/13) from ['node_42']
[ 2026-05-13 14:19:02 | node_31 | INFO ] 🧩 Model added for round 48 (3/3) from ['node_2']
[ 2026-05-13 14:19:02 | node_21 | INFO ] 🧠 Aggregation complete. Setting new model.
[ 2026-05-13 14:19:03 | node_8 | INFO ] 🧠 Aggregation complete. Setting new model.
[ 2026-05-13 14:19:03 | node_11 | INFO ] 🧠 Aggregation complete. Setting new model.
[ 2026-05-13 14:19:03 | node_49 | INFO ] 🧠 Aggregation complete. Setting new model.
[ 2026-05-13 14:19:03 | node_24 | INFO ] 🧠 Aggregation complete. Setting new model.
[ 2026-05-13 14:19:03 | node_16 | INFO ] 🧠 Aggregation complete. Setting new model.
[ 2026-05-13 14:19:03 | ModelPackager | INFO ] Round 48: Consensus detected (dist: 0.000976). Patience: 2/5
[ 2026-05-13 14:19:03 | node_12 | INFO ] 🧠 Aggregation complete. Setting new model.
[ 2026-05-13 14:19:03 | node_31 | INFO ] 🧠 Aggregation complete. Setting new model.
[ 2026-05-13 14:19:03 | node_31 | INFO ] 🗣️ Gossiping aggregated model.
[ 2026-05-13 14:19:04 | node_21 | INFO ] 🗣️ Gossiping aggregated model.
[ 2026-05-13 14:19:04 | node_24 | INFO ] 🗣️ Gossiping aggregated model.
[ 2026-05-13 14:19:04 | node_36 | INFO ] 🧩 Model added for round 48 (6/7) from ['node_2']
[ 2026-05-13 14:19:04 | node_8 | INFO ] 🗣️ Gossiping aggregated model.
[ 2026-05-13 14:19:04 | node_11 | INFO ] 🗣️ Gossiping aggregated model.
[ 2026-05-13 14:19:04 | node_49 | INFO ] 🗣️ Gossiping aggregated model.
[ 2026-05-13 14:19:04 | node_16 | INFO ] 🗣️ Gossiping aggregated model.
[ 2026-05-13 14:19:04 | node_12 | INFO ] 🗣️ Gossiping aggregated model.
[ 2026-05-13 14:19:04 | node_17 | INFO ] 🧩 Model added for round 48 (8/8) from ['node_42']
[ 2026-05-13 14:19:05 | node_25 | INFO ] 🤫 Gossip finished.
[ 2026-05-13 14:19:05 | node_25 | INFO ] 🔬 Evaluating...
[ 2026-05-13 14:19:05 | node_35 | INFO ] 🤫 Gossip finished.
[ 2026-05-13 14:19:05 | node_35 | INFO ] 🔬 Evaluating...
[ 2026-05-13 14:19:05 | node_25 | INFO ] 📈 Evaluated. Results: {'test_loss': 0.15171457827091217, 'test_acc': 0.9599999785423279, 'test_precision': 0.965134859085083, 'test_recall': 0.9588611125946045, 'test_f1': 0.9612442851066589, 'communication_cost': 18816980}
[ 2026-05-13 14:19:05 | node_38 | INFO ] 🧩 Model added for round 48 (8/8) from ['node_2']
[ 2026-05-13 14:19:05 | node_35 | INFO ] 📈 Evaluated. Results: {'test_loss': 0.10512395948171616, 'test_acc': 0.9750000238418579, 'test_precision': 0.9707455635070801, 'test_recall': 0.9785027503967285, 'test_f1': 0.9741846323013306, 'communication_cost': 22580376}
[ 2026-05-13 14:19:05 | node_19 | INFO ] 🧩 Model added for round 48 (8/8) from ['node_42']
[ 2026-05-13 14:19:05 | node_25 | INFO ] 📢 Broadcasting metrics.
[ 2026-05-13 14:19:05 | node_35 | INFO ] 📢 Broadcasting metrics.
[ 2026-05-13 14:19:06 | node_46 | INFO ] 🧩 Model added for round 48 (9/9) from ['node_2']
[ 2026-05-13 14:19:07 | node_23 | INFO ] 🧩 Model added for round 48 (8/8) from ['node_42']
[ 2026-05-13 14:19:07 | node_17 | INFO ] 🧠 Aggregation complete. Setting new model.
[ 2026-05-13 14:19:07 | node_19 | INFO ] 🧠 Aggregation complete. Setting new model.
[ 2026-05-13 14:19:07 | node_38 | INFO ] 🧠 Aggregation complete. Setting new model.
[ 2026-05-13 14:19:07 | node_25 | INFO ] 🎉 Round 49 of 50 finished.
[ 2026-05-13 14:19:07 | node_25 | INFO ] 🗳️ [DETERMINISTIC] Train set assigned (No Voting). Size: 50
[ 2026-05-13 14:19:07 | node_35 | INFO ] 🎉 Round 49 of 50 finished.
[ 2026-05-13 14:19:07 | node_17 | INFO ] 🗣️ Gossiping aggregated model.
[ 2026-05-13 14:19:07 | node_25 | INFO ] 🏋️‍♀️ Preparing training...
[ 2026-05-13 14:19:07 | node_35 | INFO ] 🗳️ [DETERMINISTIC] Train set assigned (No Voting). Size: 50
[ 2026-05-13 14:19:08 | node_19 | INFO ] 🗣️ Gossiping aggregated model.
[ 2026-05-13 14:19:08 | node_35 | INFO ] 🏋️‍♀️ Preparing training...
[ 2026-05-13 14:19:08 | node_38 | INFO ] 🗣️ Gossiping aggregated model.
[ 2026-05-13 14:19:08 | node_28 | INFO ] 🧩 Model added for round 48 (12/12) from ['node_42']
[ 2026-05-13 14:19:08 | node_25 | INFO ] 🎓 Training step done.
[ 2026-05-13 14:19:08 | node_9 | INFO ] 🤫 Gossip finished.
[ 2026-05-13 14:19:08 | node_25 | INFO ] 🛠️ Calling force_add_local_model...
[ 2026-05-13 14:19:08 | node_46 | INFO ] 🧠 Aggregation complete. Setting new model.
[ 2026-05-13 14:19:08 | node_9 | INFO ] 🔬 Evaluating...
[ 2026-05-13 14:19:08 | node_25 | INFO ] ✅ [FORCE] Local model added for round 49. (1/6)
[ 2026-05-13 14:19:08 | node_45 | INFO ] 🤫 Gossip finished.
[ 2026-05-13 14:19:08 | node_35 | INFO ] 🎓 Training step done.
[ 2026-05-13 14:19:08 | node_23 | INFO ] 🧠 Aggregation complete. Setting new model.
[ 2026-05-13 14:19:08 | node_35 | INFO ] 🛠️ Calling force_add_local_model...
[ 2026-05-13 14:19:08 | node_45 | INFO ] 🔬 Evaluating...
[ 2026-05-13 14:19:09 | node_35 | INFO ] ✅ [FORCE] Local model added for round 49. (1/7)
[ 2026-05-13 14:19:09 | node_28 | INFO ] 🧠 Aggregation complete. Setting new model.
[ 2026-05-13 14:19:09 | node_9 | INFO ] 📈 Evaluated. Results: {'test_loss': 0.27258533239364624, 'test_acc': 0.9700000286102295, 'test_precision': 0.9715440273284912, 'test_recall': 0.9725223779678345, 'test_f1': 0.9716213345527649, 'communication_cost': 33870564}
[ 2026-05-13 14:19:09 | node_9 | INFO ] 📢 Broadcasting metrics.
[ 2026-05-13 14:19:09 | node_45 | INFO ] 📈 Evaluated. Results: {'test_loss': 0.2339063286781311, 'test_acc': 0.9700000286102295, 'test_precision': 0.9685131907463074, 'test_recall': 0.9718534350395203, 'test_f1': 0.9692624807357788, 'communication_cost': 15053584}
[ 2026-05-13 14:19:09 | node_45 | INFO ] 📢 Broadcasting metrics.
[ 2026-05-13 14:19:09 | node_26 | INFO ] 🤫 Gossip finished.
[ 2026-05-13 14:19:09 | node_2 | INFO ] 🧠 Aggregation complete. Setting new model.
[ 2026-05-13 14:19:09 | node_26 | INFO ] 🔬 Evaluating...
[ 2026-05-13 14:19:09 | node_23 | INFO ] 🗣️ Gossiping aggregated model.
[ 2026-05-13 14:19:09 | node_46 | INFO ] 🗣️ Gossiping aggregated model.
[ 2026-05-13 14:19:09 | node_26 | INFO ] 📈 Evaluated. Results: {'test_loss': 0.3119642734527588, 'test_acc': 0.9549999833106995, 'test_precision': 0.9532144069671631, 'test_recall': 0.9570940136909485, 'test_f1': 0.9538758993148804, 'communication_cost': 15053584}
[ 2026-05-13 14:19:10 | node_26 | INFO ] 📢 Broadcasting metrics.
[ 2026-05-13 14:19:10 | node_29 | INFO ] 🧩 Model added for round 48 (15/15) from ['node_42']
[ 2026-05-13 14:19:10 | node_28 | INFO ] 🗣️ Gossiping aggregated model.
[ 2026-05-13 14:19:10 | node_37 | INFO ] 🤫 Gossip finished.
[ 2026-05-13 14:19:10 | node_37 | INFO ] 🔬 Evaluating...
[ 2026-05-13 14:19:10 | node_20 | INFO ] 🤫 Gossip finished.
[ 2026-05-13 14:19:10 | node_15 | INFO ] 🤫 Gossip finished.
[ 2026-05-13 14:19:10 | node_20 | INFO ] 🔬 Evaluating...
[ 2026-05-13 14:19:10 | node_27 | INFO ] 🤫 Gossip finished.
[ 2026-05-13 14:19:10 | node_1 | INFO ] 🤫 Gossip finished.
[ 2026-05-13 14:19:10 | node_15 | INFO ] 🔬 Evaluating...
[ 2026-05-13 14:19:10 | node_27 | INFO ] 🔬 Evaluating...
[ 2026-05-13 14:19:10 | node_1 | INFO ] 🔬 Evaluating...
[ 2026-05-13 14:19:10 | node_37 | INFO ] 📈 Evaluated. Results: {'test_loss': 0.19142483174800873, 'test_acc': 0.9599999785423279, 'test_precision': 0.9617927074432373, 'test_recall': 0.9610483646392822, 'test_f1': 0.9605242013931274, 'communication_cost': 11290188}
[ 2026-05-13 14:19:10 | node_37 | INFO ] 📢 Broadcasting metrics.
[ 2026-05-13 14:19:10 | node_20 | INFO ] 📈 Evaluated. Results: {'test_loss': 0.2950288951396942, 'test_acc': 0.9599999785423279, 'test_precision': 0.9506497383117676, 'test_recall': 0.9605829119682312, 'test_f1': 0.953407347202301, 'communication_cost': 18816980}
[ 2026-05-13 14:19:10 | node_24 | INFO ] 🤫 Gossip finished.
[ 2026-05-13 14:19:10 | node_15 | INFO ] 📈 Evaluated. Results: {'test_loss': 0.08999207615852356, 'test_acc': 0.9649999737739563, 'test_precision': 0.9651283025741577, 'test_recall': 0.9696204662322998, 'test_f1': 0.9664664268493652, 'communication_cost': 22580376}
[ 2026-05-13 14:19:10 | node_20 | INFO ] 📢 Broadcasting metrics.
[ 2026-05-13 14:19:11 | node_34 | INFO ] 🤫 Gossip finished.
[ 2026-05-13 14:19:11 | node_31 | INFO ] 🤫 Gossip finished.
[ 2026-05-13 14:19:11 | node_24 | INFO ] 🔬 Evaluating...
[ 2026-05-13 14:19:11 | node_15 | INFO ] 📢 Broadcasting metrics.
[ 2026-05-13 14:19:11 | node_2 | INFO ] 🗣️ Gossiping aggregated model.
[ 2026-05-13 14:19:11 | node_34 | INFO ] 🔬 Evaluating...
[ 2026-05-13 14:19:11 | node_31 | INFO ] 🔬 Evaluating...
[ 2026-05-13 14:19:11 | node_1 | INFO ] 📈 Evaluated. Results: {'test_loss': 0.2125808745622635, 'test_acc': 0.9599999785423279, 'test_precision': 0.9575209617614746, 'test_recall': 0.9559934735298157, 'test_f1': 0.9542114734649658, 'communication_cost': 15053584}
[ 2026-05-13 14:19:11 | node_27 | INFO ] 📈 Evaluated. Results: {'test_loss': 0.09702412784099579, 'test_acc': 0.9800000190734863, 'test_precision': 0.9773757457733154, 'test_recall': 0.9807844758033752, 'test_f1': 0.9785419702529907, 'communication_cost': 30107168}
[ 2026-05-13 14:19:11 | node_45 | INFO ] 🎉 Round 49 of 50 finished.
[ 2026-05-13 14:19:11 | node_45 | INFO ] 🗳️ [DETERMINISTIC] Train set assigned (No Voting). Size: 50
[ 2026-05-13 14:19:11 | node_45 | INFO ] 🏋️‍♀️ Preparing training...
[ 2026-05-13 14:19:11 | node_46 | INFO ] 🤫 Gossip finished.
[ 2026-05-13 14:19:11 | node_46 | INFO ] 🔬 Evaluating...
[ 2026-05-13 14:19:11 | node_34 | INFO ] 📈 Evaluated. Results: {'test_loss': 0.10036216676235199, 'test_acc': 0.9700000286102295, 'test_precision': 0.9660550951957703, 'test_recall': 0.96983802318573, 'test_f1': 0.9674476385116577, 'communication_cost': 26343772}
[ 2026-05-13 14:19:11 | node_16 | INFO ] 🤫 Gossip finished.
[ 2026-05-13 14:19:11 | node_31 | INFO ] 📈 Evaluated. Results: {'test_loss': 0.20358283817768097, 'test_acc': 0.9649999737739563, 'test_precision': 0.9695461988449097, 'test_recall': 0.9622799754142761, 'test_f1': 0.9643593430519104, 'communication_cost': 7526792}
[ 2026-05-13 14:19:11 | node_16 | INFO ] 🔬 Evaluating...
[ 2026-05-13 14:19:11 | node_1 | INFO ] 📢 Broadcasting metrics.
[ 2026-05-13 14:19:11 | node_24 | INFO ] 📈 Evaluated. Results: {'test_loss': 0.1822703778743744, 'test_acc': 0.9750000238418579, 'test_precision': 0.975455105304718, 'test_recall': 0.974292516708374, 'test_f1': 0.9741513729095459, 'communication_cost': 30107168}
[ 2026-05-13 14:19:11 | node_26 | INFO ] 🎉 Round 49 of 50 finished.
[ 2026-05-13 14:19:11 | node_46 | INFO ] 📈 Evaluated. Results: {'test_loss': 0.20779575407505035, 'test_acc': 0.9700000286102295, 'test_precision': 0.9680556654930115, 'test_recall': 0.9702075719833374, 'test_f1': 0.968498945236206, 'communication_cost': 30107168}
[ 2026-05-13 14:19:11 | node_26 | INFO ] 🗳️ [DETERMINISTIC] Train set assigned (No Voting). Size: 50
[ 2026-05-13 14:19:11 | node_27 | INFO ] 📢 Broadcasting metrics.
[ 2026-05-13 14:19:11 | node_34 | INFO ] 📢 Broadcasting metrics.
[ 2026-05-13 14:19:11 | node_31 | INFO ] 📢 Broadcasting metrics.
[ 2026-05-13 14:19:11 | node_24 | INFO ] 📢 Broadcasting metrics.
[ 2026-05-13 14:19:11 | node_45 | INFO ] 🎓 Training step done.
[ 2026-05-13 14:19:11 | node_16 | INFO ] 📈 Evaluated. Results: {'test_loss': 0.0976385697722435, 'test_acc': 0.9850000143051147, 'test_precision': 0.9851891398429871, 'test_recall': 0.9863636493682861, 'test_f1': 0.9853156208992004, 'communication_cost': 48924148}
[ 2026-05-13 14:19:11 | node_46 | INFO ] 📢 Broadcasting metrics.
[ 2026-05-13 14:19:11 | node_45 | INFO ] 🛠️ Calling force_add_local_model...
[ 2026-05-13 14:19:11 | node_36 | INFO ] 🧩 Model added for round 48 (7/7) from ['node_42']
[ 2026-05-13 14:19:12 | node_45 | INFO ] ✅ [FORCE] Local model added for round 49. (1/5)
[ 2026-05-13 14:19:12 | node_26 | INFO ] 🏋️‍♀️ Preparing training...
[ 2026-05-13 14:19:12 | node_16 | INFO ] 📢 Broadcasting metrics.
[ 2026-05-13 14:19:12 | node_29 | INFO ] 🧠 Aggregation complete. Setting new model.
[ 2026-05-13 14:19:12 | node_36 | INFO ] 🧠 Aggregation complete. Setting new model.
[ 2026-05-13 14:19:12 | node_37 | INFO ] 🎉 Round 49 of 50 finished.
[ 2026-05-13 14:19:12 | node_37 | INFO ] 🗳️ [DETERMINISTIC] Train set assigned (No Voting). Size: 50
[ 2026-05-13 14:19:12 | node_2 | INFO ] 🤫 Gossip finished.
[ 2026-05-13 14:19:12 | node_26 | INFO ] 🎓 Training step done.
[ 2026-05-13 14:19:12 | node_26 | INFO ] 🛠️ Calling force_add_local_model...
[ 2026-05-13 14:19:12 | node_2 | INFO ] 🔬 Evaluating...
[ 2026-05-13 14:19:12 | node_37 | INFO ] 🏋️‍♀️ Preparing training...
[ 2026-05-13 14:19:12 | node_26 | INFO ] ✅ [FORCE] Local model added for round 49. (1/5)
[ 2026-05-13 14:19:13 | node_31 | INFO ] 🎉 Round 49 of 50 finished.
[ 2026-05-13 14:19:13 | node_9 | INFO ] 🎉 Round 49 of 50 finished.
[ 2026-05-13 14:19:13 | node_31 | INFO ] 🗳️ [DETERMINISTIC] Train set assigned (No Voting). Size: 50
[ 2026-05-13 14:19:13 | node_2 | INFO ] 📈 Evaluated. Results: {'test_loss': 0.20977838337421417, 'test_acc': 0.9750000238418579, 'test_precision': 0.972975492477417, 'test_recall': 0.9719555377960205, 'test_f1': 0.9719694256782532, 'communication_cost': 45160752}
[ 2026-05-13 14:19:13 | node_9 | INFO ] 🗳️ [DETERMINISTIC] Train set assigned (No Voting). Size: 50
[ 2026-05-13 14:19:13 | node_39 | INFO ] 🧩 Model added for round 48 (11/11) from ['node_42']
[ 2026-05-13 14:19:13 | node_20 | INFO ] 🎉 Round 49 of 50 finished.
[ 2026-05-13 14:19:13 | node_2 | INFO ] 📢 Broadcasting metrics.
[ 2026-05-13 14:19:13 | node_36 | INFO ] 🗣️ Gossiping aggregated model.
[ 2026-05-13 14:19:13 | node_31 | INFO ] 🏋️‍♀️ Preparing training...
[ 2026-05-13 14:19:13 | node_20 | INFO ] 🗳️ [DETERMINISTIC] Train set assigned (No Voting). Size: 50
[ 2026-05-13 14:19:13 | node_9 | INFO ] 🏋️‍♀️ Preparing training...
[ 2026-05-13 14:19:13 | node_37 | INFO ] 🎓 Training step done.
[ 2026-05-13 14:19:13 | node_37 | INFO ] 🛠️ Calling force_add_local_model...
[ 2026-05-13 14:19:13 | node_37 | INFO ] ✅ [FORCE] Local model added for round 49. (1/4)
[ 2026-05-13 14:19:13 | node_20 | INFO ] 🏋️‍♀️ Preparing training...
[ 2026-05-13 14:19:13 | node_15 | INFO ] 🎉 Round 49 of 50 finished.
[ 2026-05-13 14:19:13 | node_31 | INFO ] 🎓 Training step done.
[ 2026-05-13 14:19:13 | node_1 | INFO ] 🎉 Round 49 of 50 finished.
[ 2026-05-13 14:19:13 | node_31 | INFO ] 🛠️ Calling force_add_local_model...
[ 2026-05-13 14:19:13 | node_15 | INFO ] 🗳️ [DETERMINISTIC] Train set assigned (No Voting). Size: 50
[ 2026-05-13 14:19:13 | node_25 | INFO ] 📤 Sending model to 5 direct neighbors: ['node', 'node_4', 'node_10', 'node_24', 'node_48']
[ 2026-05-13 14:19:13 | node_31 | INFO ] ✅ [FORCE] Local model added for round 49. (1/3)
[ 2026-05-13 14:19:13 | node_1 | INFO ] 🗳️ [DETERMINISTIC] Train set assigned (No Voting). Size: 50
[ 2026-05-13 14:19:13 | node_39 | INFO ] 🧠 Aggregation complete. Setting new model.
[ 2026-05-13 14:19:13 | node_9 | INFO ] 🎓 Training step done.
[ 2026-05-13 14:19:13 | node_15 | INFO ] 🏋️‍♀️ Preparing training...
[ 2026-05-13 14:19:13 | node_29 | INFO ] 🗣️ Gossiping aggregated model.
[ 2026-05-13 14:19:13 | node_9 | INFO ] 🛠️ Calling force_add_local_model...
[ 2026-05-13 14:19:13 | node_10 | INFO ] 🤫 Gossip finished.
[ 2026-05-13 14:19:13 | node_18 | INFO ] 🤫 Gossip finished.
[ 2026-05-13 14:19:13 | node_1 | INFO ] 🏋️‍♀️ Preparing training...
[ 2026-05-13 14:19:14 | node_9 | INFO ] ✅ [FORCE] Local model added for round 49. (1/10)
[ 2026-05-13 14:19:14 | node_10 | INFO ] 🔬 Evaluating...
[ 2026-05-13 14:19:14 | node_18 | INFO ] 🔬 Evaluating...
[ 2026-05-13 14:19:14 | node_35 | INFO ] 📤 Sending model to 6 direct neighbors: ['node_3', 'node_9', 'node_18', 'node_24', 'node_32', 'node_48']
[ 2026-05-13 14:19:14 | node_20 | INFO ] 🎓 Training step done.
[ 2026-05-13 14:19:14 | node_20 | INFO ] 🛠️ Calling force_add_local_model...
[ 2026-05-13 14:19:14 | node_20 | INFO ] ✅ [FORCE] Local model added for round 49. (1/6)
[ 2026-05-13 14:19:14 | node_15 | INFO ] 🎓 Training step done.
[ 2026-05-13 14:19:14 | node_15 | INFO ] 🛠️ Calling force_add_local_model...
[ 2026-05-13 14:19:14 | node_10 | INFO ] 📈 Evaluated. Results: {'test_loss': 0.18728554248809814, 'test_acc': 0.9700000286102295, 'test_precision': 0.9731436967849731, 'test_recall': 0.9711551070213318, 'test_f1': 0.9718594551086426, 'communication_cost': 26343772}
[ 2026-05-13 14:19:14 | node_18 | INFO ] 📈 Evaluated. Results: {'test_loss': 0.07548128813505173, 'test_acc': 0.9850000143051147, 'test_precision': 0.9839316606521606, 'test_recall': 0.9850000143051147, 'test_f1': 0.9839065670967102, 'communication_cost': 45160752}
[ 2026-05-13 14:19:14 | node_1 | INFO ] 🎓 Training step done.
[ 2026-05-13 14:19:14 | node_15 | INFO ] ✅ [FORCE] Local model added for round 49. (1/7)
[ 2026-05-13 14:19:14 | node_1 | INFO ] 🛠️ Calling force_add_local_model...
[ 2026-05-13 14:19:14 | node_10 | INFO ] 📢 Broadcasting metrics.
[ 2026-05-13 14:19:14 | node_18 | INFO ] 📢 Broadcasting metrics.
[ 2026-05-13 14:19:14 | node_1 | INFO ] ✅ [FORCE] Local model added for round 49. (1/5)
[ 2026-05-13 14:19:14 | node_13 | INFO ] 🤫 Gossip finished.
[ 2026-05-13 14:19:14 | node_9 | INFO ] 🧩 Model added for round 49 (2/10) from ['node_35']
[ 2026-05-13 14:19:14 | node_44 | INFO ] 🧩 Model added for round 48 (6/6) from ['node_42']
[ 2026-05-13 14:19:14 | node_13 | INFO ] 🔬 Evaluating...
[ 2026-05-13 14:19:14 | node_33 | INFO ] 🤫 Gossip finished.
[ 2026-05-13 14:19:14 | node_43 | INFO ] 🤫 Gossip finished.
[ 2026-05-13 14:19:14 | node_33 | INFO ] 🔬 Evaluating...
[ 2026-05-13 14:19:14 | node_21 | INFO ] 🤫 Gossip finished.
[ 2026-05-13 14:19:15 | node_43 | INFO ] 🔬 Evaluating...
[ 2026-05-13 14:19:15 | node_21 | INFO ] 🔬 Evaluating...
[ 2026-05-13 14:19:15 | node_13 | INFO ] 📈 Evaluated. Results: {'test_loss': 0.28587475419044495, 'test_acc': 0.9750000238418579, 'test_precision': 0.9742124676704407, 'test_recall': 0.9766176342964172, 'test_f1': 0.9750697612762451, 'communication_cost': 30107168}
[ 2026-05-13 14:19:15 | node_39 | INFO ] 🗣️ Gossiping aggregated model.
[ 2026-05-13 14:19:15 | node_13 | INFO ] 📢 Broadcasting metrics.
[ 2026-05-13 14:19:15 | node_34 | INFO ] 🎉 Round 49 of 50 finished.
[ 2026-05-13 14:19:15 | node_44 | INFO ] 🧠 Aggregation complete. Setting new model.
[ 2026-05-13 14:19:15 | node_33 | INFO ] 📈 Evaluated. Results: {'test_loss': 0.3191075026988983, 'test_acc': 0.9599999785423279, 'test_precision': 0.9634631872177124, 'test_recall': 0.9567222595214844, 'test_f1': 0.9582472443580627, 'communication_cost': 37633960}
[ 2026-05-13 14:19:15 | node_21 | INFO ] 📈 Evaluated. Results: {'test_loss': 0.03604776784777641, 'test_acc': 0.9850000143051147, 'test_precision': 0.9854295253753662, 'test_recall': 0.9857843518257141, 'test_f1': 0.9853613972663879, 'communication_cost': 37633960}
[ 2026-05-13 14:19:15 | node_43 | INFO ] 📈 Evaluated. Results: {'test_loss': 0.13529330492019653, 'test_acc': 0.9750000238418579, 'test_precision': 0.9745801687240601, 'test_recall': 0.9719666838645935, 'test_f1': 0.9723921418190002, 'communication_cost': 33870564}
[ 2026-05-13 14:19:15 | node_34 | INFO ] 🗳️ [DETERMINISTIC] Train set assigned (No Voting). Size: 50
[ 2026-05-13 14:19:15 | node_34 | INFO ] 🏋️‍♀️ Preparing training...
[ 2026-05-13 14:19:15 | node_14 | INFO ] 🤫 Gossip finished.
[ 2026-05-13 14:19:15 | node_22 | INFO ] 🤫 Gossip finished.
[ 2026-05-13 14:19:15 | node_14 | INFO ] 🔬 Evaluating...
[ 2026-05-13 14:19:15 | node_22 | INFO ] 🔬 Evaluating...
[ 2026-05-13 14:19:15 | node_33 | INFO ] 📢 Broadcasting metrics.
[ 2026-05-13 14:19:15 | node_24 | INFO ] 🎉 Round 49 of 50 finished.
[ 2026-05-13 14:19:15 | node_24 | INFO ] 🗳️ [DETERMINISTIC] Train set assigned (No Voting). Size: 50
[ 2026-05-13 14:19:15 | node_47 | INFO ] 🤫 Gossip finished.
[ 2026-05-13 14:19:15 | node_47 | INFO ] 🔬 Evaluating...
[ 2026-05-13 14:19:15 | node_44 | INFO ] 🗣️ Gossiping aggregated model.
[ 2026-05-13 14:19:15 | node_24 | INFO ] ♻️ Proactively processing 1 early models for round 49.
[ 2026-05-13 14:19:15 | node_21 | INFO ] 📢 Broadcasting metrics.
[ 2026-05-13 14:19:16 | node_43 | INFO ] 📢 Broadcasting metrics.
[ 2026-05-13 14:19:16 | node_34 | INFO ] 🎓 Training step done.
[ 2026-05-13 14:19:16 | node_41 | INFO ] 🤫 Gossip finished.
[ 2026-05-13 14:19:16 | node_24 | INFO ] 🧩 Model added for round 49 (1/9) from ['node_25']
[ 2026-05-13 14:19:16 | node_46 | INFO ] 🎉 Round 49 of 50 finished.
[ 2026-05-13 14:19:16 | node_34 | INFO ] 🛠️ Calling force_add_local_model...
[ 2026-05-13 14:19:16 | node_22 | INFO ] 📈 Evaluated. Results: {'test_loss': 0.624184250831604, 'test_acc': 0.9599999785423279, 'test_precision': 0.9612359404563904, 'test_recall': 0.9673440456390381, 'test_f1': 0.9637822508811951, 'communication_cost': 15053584}
[ 2026-05-13 14:19:16 | node_14 | INFO ] 📈 Evaluated. Results: {'test_loss': 0.19876998662948608, 'test_acc': 0.9549999833106995, 'test_precision': 0.952120304107666, 'test_recall': 0.9575053453445435, 'test_f1': 0.9529708623886108, 'communication_cost': 30107168}
[ 2026-05-13 14:19:16 | node_24 | INFO ] 🏋️‍♀️ Preparing training...
[ 2026-05-13 14:19:16 | node_27 | INFO ] 🎉 Round 49 of 50 finished.
[ 2026-05-13 14:19:16 | node_34 | INFO ] ✅ [FORCE] Local model added for round 49. (1/8)
[ 2026-05-13 14:19:16 | node_41 | INFO ] 🔬 Evaluating...
[ 2026-05-13 14:19:16 | node_47 | INFO ] 📈 Evaluated. Results: {'test_loss': 0.28390631079673767, 'test_acc': 0.9449999928474426, 'test_precision': 0.9442155957221985, 'test_recall': 0.946394681930542, 'test_f1': 0.9438448548316956, 'communication_cost': 22580376}
[ 2026-05-13 14:19:16 | node_22 | INFO ] 📢 Broadcasting metrics.
[ 2026-05-13 14:19:16 | node_46 | INFO ] 🗳️ [DETERMINISTIC] Train set assigned (No Voting). Size: 50
[ 2026-05-13 14:19:16 | node_27 | INFO ] 🗳️ [DETERMINISTIC] Train set assigned (No Voting). Size: 50
[ 2026-05-13 14:19:16 | node_14 | INFO ] 📢 Broadcasting metrics.
[ 2026-05-13 14:19:16 | node_47 | INFO ] 📢 Broadcasting metrics.
[ 2026-05-13 14:19:16 | node_46 | INFO ] 🏋️‍♀️ Preparing training...
[ 2026-05-13 14:19:16 | node_27 | INFO ] 🏋️‍♀️ Preparing training...
[ 2026-05-13 14:19:16 | node_40 | INFO ] 🤫 Gossip finished.
[ 2026-05-13 14:19:16 | node_42 | INFO ] 🧠 Aggregation complete. Setting new model.
[ 2026-05-13 14:19:16 | node_24 | INFO ] 🧩 Model added for round 49 (2/9) from ['node_35']
[ 2026-05-13 14:19:16 | node_41 | INFO ] 📈 Evaluated. Results: {'test_loss': 0.442809522151947, 'test_acc': 0.9549999833106995, 'test_precision': 0.9569293856620789, 'test_recall': 0.9556621313095093, 'test_f1': 0.9552435278892517, 'communication_cost': 7526792}
[ 2026-05-13 14:19:16 | node_40 | INFO ] 🔬 Evaluating...
[ 2026-05-13 14:19:16 | node_41 | INFO ] 📢 Broadcasting metrics.
[ 2026-05-13 14:19:16 | node_24 | INFO ] 🎓 Training step done.
[ 2026-05-13 14:19:16 | node_24 | INFO ] 🛠️ Calling force_add_local_model...
[ 2026-05-13 14:19:17 | node_46 | INFO ] 🎓 Training step done.
[ 2026-05-13 14:19:17 | node_24 | INFO ] ✅ [FORCE] Local model added for round 49. (3/9)
[ 2026-05-13 14:19:17 | node_27 | INFO ] 🎓 Training step done.
[ 2026-05-13 14:19:17 | node_40 | INFO ] 📈 Evaluated. Results: {'test_loss': 0.29989349842071533, 'test_acc': 0.9649999737739563, 'test_precision': 0.9670491814613342, 'test_recall': 0.9666084051132202, 'test_f1': 0.9655672311782837, 'communication_cost': 18816980}
[ 2026-05-13 14:19:17 | node_46 | INFO ] 🛠️ Calling force_add_local_model...
[ 2026-05-13 14:19:17 | node_45 | INFO ] 📤 Sending model to 4 direct neighbors: ['node_14', 'node_16', 'node_38', 'node_48']
[ 2026-05-13 14:19:17 | node_27 | INFO ] 🛠️ Calling force_add_local_model...
[ 2026-05-13 14:19:17 | node_46 | INFO ] ✅ [FORCE] Local model added for round 49. (1/9)
[ 2026-05-13 14:19:17 | node_40 | INFO ] 📢 Broadcasting metrics.
[ 2026-05-13 14:19:17 | node_27 | INFO ] ✅ [FORCE] Local model added for round 49. (1/9)
[ 2026-05-13 14:19:17 | node_8 | INFO ] 🤫 Gossip finished.
[ 2026-05-13 14:19:17 | node_8 | INFO ] 🔬 Evaluating...
[ 2026-05-13 14:19:17 | node_26 | INFO ] 📤 Sending model to 4 direct neighbors: ['node_16', 'node_19', 'node_21', 'node_46']
[ 2026-05-13 14:19:18 | node_8 | INFO ] 📈 Evaluated. Results: {'test_loss': 0.18405082821846008, 'test_acc': 0.9800000190734863, 'test_precision': 0.9803891181945801, 'test_recall': 0.9811618328094482, 'test_f1': 0.9802562594413757, 'communication_cost': 33870564}
[ 2026-05-13 14:19:18 | node_17 | INFO ] 🤫 Gossip finished.
[ 2026-05-13 14:19:18 | node_8 | INFO ] 📢 Broadcasting metrics.
[ 2026-05-13 14:19:18 | node_17 | INFO ] 🔬 Evaluating...
[ 2026-05-13 14:19:18 | node_41 | INFO ] 🎉 Round 49 of 50 finished.
[ 2026-05-13 14:19:18 | node_37 | INFO ] 📤 Sending model to 3 direct neighbors: ['node_10', 'node_23', 'node_32']
[ 2026-05-13 14:19:18 | node_10 | INFO ] 🎉 Round 49 of 50 finished.
[ 2026-05-13 14:19:18 | node_41 | INFO ] 🗳️ [DETERMINISTIC] Train set assigned (No Voting). Size: 50
[ 2026-05-13 14:19:18 | node_17 | INFO ] 📈 Evaluated. Results: {'test_loss': 0.2640979290008545, 'test_acc': 0.9549999833106995, 'test_precision': 0.9529273509979248, 'test_recall': 0.9508841037750244, 'test_f1': 0.951267421245575, 'communication_cost': 26343772}
[ 2026-05-13 14:19:18 | node_16 | INFO ] 🎉 Round 49 of 50 finished.
[ 2026-05-13 14:19:18 | node_17 | INFO ] 📢 Broadcasting metrics.
[ 2026-05-13 14:19:18 | node_10 | INFO ] 🗳️ [DETERMINISTIC] Train set assigned (No Voting). Size: 50
[ 2026-05-13 14:19:18 | node_16 | INFO ] 🗳️ [DETERMINISTIC] Train set assigned (No Voting). Size: 50
[ 2026-05-13 14:19:18 | node_31 | INFO ] 📤 Sending model to 2 direct neighbors: ['node_2', 'node_4']
[ 2026-05-13 14:19:18 | node_41 | INFO ] 🏋️‍♀️ Preparing training...
[ 2026-05-13 14:19:19 | node_10 | INFO ] ♻️ Proactively processing 2 early models for round 49.
[ 2026-05-13 14:19:19 | node_16 | INFO ] ♻️ Proactively processing 2 early models for round 49.
[ 2026-05-13 14:19:19 | node_9 | INFO ] 📤 Sending model to 9 direct neighbors: ['node_4', 'node_11', 'node_15', 'node_27', 'node_33', 'node_34', 'node_35', 'node_38', 'node_49']
[ 2026-05-13 14:19:19 | node_10 | INFO ] 🧩 Model added for round 49 (1/8) from ['node_25']
[ 2026-05-13 14:19:19 | node_16 | INFO ] 🧩 Model added for round 49 (1/14) from ['node_45']
[ 2026-05-13 14:19:19 | node_10 | INFO ] 🧩 Model added for round 49 (2/8) from ['node_37']
[ 2026-05-13 14:19:19 | node_16 | INFO ] 🧩 Model added for round 49 (2/14) from ['node_26']
[ 2026-05-13 14:19:19 | node_22 | INFO ] 🎉 Round 49 of 50 finished.
[ 2026-05-13 14:19:19 | node_10 | INFO ] 🏋️‍♀️ Preparing training...
[ 2026-05-13 14:19:19 | node_42 | INFO ] 🗣️ Gossiping aggregated model.
[ 2026-05-13 14:19:19 | node_20 | INFO ] 📤 Sending model to 5 direct neighbors: ['node_7', 'node_14', 'node_28', 'node_30', 'node_48']
[ 2026-05-13 14:19:19 | node_16 | INFO ] 🏋️‍♀️ Preparing training...
[ 2026-05-13 14:19:19 | node_22 | INFO ] 🗳️ [DETERMINISTIC] Train set assigned (No Voting). Size: 50
[ 2026-05-13 14:19:19 | node_41 | INFO ] 🎓 Training step done.
[ 2026-05-13 14:19:19 | node_41 | INFO ] 🛠️ Calling force_add_local_model...
[ 2026-05-13 14:19:19 | node_19 | INFO ] 🤫 Gossip finished.
[ 2026-05-13 14:19:19 | node_15 | INFO ] 📤 Sending model to 6 direct neighbors: ['node_3', 'node_4', 'node_9', 'node_14', 'node_28', 'node_47']
[ 2026-05-13 14:19:19 | node_41 | INFO ] ✅ [FORCE] Local model added for round 49. (1/3)
[ 2026-05-13 14:19:19 | node_22 | INFO ] 🏋️‍♀️ Preparing training...
[ 2026-05-13 14:19:19 | node_1 | INFO ] 📤 Sending model to 4 direct neighbors: ['node_7', 'node_12', 'node_28', 'node_49']
[ 2026-05-13 14:19:19 | node_19 | INFO ] 🔬 Evaluating...
[ 2026-05-13 14:19:19 | node_46 | INFO ] 🧩 Model added for round 49 (2/9) from ['node_26']
[ 2026-05-13 14:19:19 | node_10 | INFO ] 🎓 Training step done.
[ 2026-05-13 14:19:19 | node_16 | INFO ] 🎓 Training step done.
[ 2026-05-13 14:19:19 | node_10 | INFO ] 🛠️ Calling force_add_local_model...
[ 2026-05-13 14:19:19 | node_16 | INFO ] 🛠️ Calling force_add_local_model...
[ 2026-05-13 14:19:20 | node_10 | INFO ] ✅ [FORCE] Local model added for round 49. (3/8)
[ 2026-05-13 14:19:20 | node_2 | INFO ] 🎉 Round 49 of 50 finished.
[ 2026-05-13 14:19:20 | node_16 | INFO ] ✅ [FORCE] Local model added for round 49. (3/14)
[ 2026-05-13 14:19:20 | node_19 | INFO ] 📈 Evaluated. Results: {'test_loss': 0.19470126926898956, 'test_acc': 0.9649999737739563, 'test_precision': 0.9640383720397949, 'test_recall': 0.9668831825256348, 'test_f1': 0.9640942215919495, 'communication_cost': 26343772}
[ 2026-05-13 14:19:20 | node_36 | INFO ] 🤫 Gossip finished.
[ 2026-05-13 14:19:20 | node_19 | INFO ] 📢 Broadcasting metrics.
[ 2026-05-13 14:19:20 | node_13 | INFO ] 🎉 Round 49 of 50 finished.
[ 2026-05-13 14:19:20 | node_22 | INFO ] 🎓 Training step done.
[ 2026-05-13 14:19:20 | node_2 | INFO ] 🗳️ [DETERMINISTIC] Train set assigned (No Voting). Size: 50
[ 2026-05-13 14:19:20 | node_22 | INFO ] 🛠️ Calling force_add_local_model...
[ 2026-05-13 14:19:20 | node_36 | INFO ] 🔬 Evaluating...
[ 2026-05-13 14:19:20 | node_13 | INFO ] 🗳️ [DETERMINISTIC] Train set assigned (No Voting). Size: 50
[ 2026-05-13 14:19:20 | node_22 | INFO ] ✅ [FORCE] Local model added for round 49. (1/5)
[ 2026-05-13 14:19:20 | node_15 | INFO ] 🧩 Model added for round 49 (2/7) from ['node_9']
[ 2026-05-13 14:19:20 | node_2 | INFO ] ♻️ Proactively processing 1 early models for round 49.
[ 2026-05-13 14:19:20 | node_2 | INFO ] 🧩 Model added for round 49 (1/13) from ['node_31']
[ 2026-05-13 14:19:20 | node_13 | INFO ] 🏋️‍♀️ Preparing training...
[ 2026-05-13 14:19:20 | node_47 | INFO ] 🎉 Round 49 of 50 finished.
[ 2026-05-13 14:19:20 | node_2 | INFO ] 🏋️‍♀️ Preparing training...
[ 2026-05-13 14:19:20 | node_47 | INFO ] 🗳️ [DETERMINISTIC] Train set assigned (No Voting). Size: 50
[ 2026-05-13 14:19:20 | node_36 | INFO ] 📈 Evaluated. Results: {'test_loss': 0.37784048914909363, 'test_acc': 0.9599999785423279, 'test_precision': 0.9603869915008545, 'test_recall': 0.9629466533660889, 'test_f1': 0.9603157043457031, 'communication_cost': 22580376}
[ 2026-05-13 14:19:20 | node_40 | INFO ] 🎉 Round 49 of 50 finished.
[ 2026-05-13 14:19:20 | node_36 | INFO ] 📢 Broadcasting metrics.
[ 2026-05-13 14:19:20 | node_47 | INFO ] 🏋️‍♀️ Preparing training...
[ 2026-05-13 14:19:20 | node_9 | INFO ] 🧩 Model added for round 49 (3/10) from ['node_15']
[ 2026-05-13 14:19:20 | node_40 | INFO ] 🗳️ [DETERMINISTIC] Train set assigned (No Voting). Size: 50
[ 2026-05-13 14:19:21 | node_13 | INFO ] 🎓 Training step done.
[ 2026-05-13 14:19:21 | node_2 | INFO ] 🎓 Training step done.
[ 2026-05-13 14:19:21 | node_13 | INFO ] 🛠️ Calling force_add_local_model...
[ 2026-05-13 14:19:21 | node_2 | INFO ] 🛠️ Calling force_add_local_model...
[ 2026-05-13 14:19:21 | node_40 | INFO ] 🏋️‍♀️ Preparing training...
[ 2026-05-13 14:19:21 | node_2 | INFO ] ✅ [FORCE] Local model added for round 49. (2/13)
[ 2026-05-13 14:19:21 | node_13 | INFO ] ✅ [FORCE] Local model added for round 49. (1/9)
[ 2026-05-13 14:19:21 | node_34 | INFO ] 📤 Sending model to 7 direct neighbors: ['node_3', 'node_9', 'node_12', 'node_18', 'node_23', 'node_28', 'node_38']
[ 2026-05-13 14:19:21 | node_47 | INFO ] 🎓 Training step done.
[ 2026-05-13 14:19:21 | node_47 | INFO ] 🛠️ Calling force_add_local_model...
[ 2026-05-13 14:19:21 | node_47 | INFO ] ✅ [FORCE] Local model added for round 49. (1/7)
[ 2026-05-13 14:19:21 | node_14 | INFO ] 🎉 Round 49 of 50 finished.
[ 2026-05-13 14:19:21 | node_27 | INFO ] 🧩 Model added for round 49 (2/9) from ['node_9']
[ 2026-05-13 14:19:21 | node_40 | INFO ] 🎓 Training step done.
[ 2026-05-13 14:19:21 | node_14 | INFO ] 🗳️ [DETERMINISTIC] Train set assigned (No Voting). Size: 50
[ 2026-05-13 14:19:21 | node_40 | INFO ] 🛠️ Calling force_add_local_model...
[ 2026-05-13 14:19:21 | node_43 | INFO ] 🎉 Round 49 of 50 finished.
[ 2026-05-13 14:19:21 | node_40 | INFO ] ✅ [FORCE] Local model added for round 49. (1/6)
[ 2026-05-13 14:19:21 | node_18 | INFO ] 🎉 Round 49 of 50 finished.
[ 2026-05-13 14:19:21 | node_14 | INFO ] ♻️ Proactively processing 2 early models for round 49.
[ 2026-05-13 14:19:21 | node_43 | INFO ] 🗳️ [DETERMINISTIC] Train set assigned (No Voting). Size: 50
[ 2026-05-13 14:19:21 | node_14 | INFO ] 🧩 Model added for round 49 (1/9) from ['node_45']
[ 2026-05-13 14:19:21 | node_9 | INFO ] 🧩 Model added for round 49 (4/10) from ['node_34']
[ 2026-05-13 14:19:21 | node_14 | INFO ] 🧩 Model added for round 49 (2/9) from ['node_20']
[ 2026-05-13 14:19:21 | node_18 | INFO ] 🗳️ [DETERMINISTIC] Train set assigned (No Voting). Size: 50
[ 2026-05-13 14:19:21 | node_14 | INFO ] 🏋️‍♀️ Preparing training...
[ 2026-05-13 14:19:21 | node_33 | INFO ] 🎉 Round 49 of 50 finished.
[ 2026-05-13 14:19:21 | node_43 | INFO ] 🏋️‍♀️ Preparing training...
[ 2026-05-13 14:19:22 | node_21 | INFO ] 🎉 Round 49 of 50 finished.
[ 2026-05-13 14:19:22 | node_18 | INFO ] ♻️ Proactively processing 1 early models for round 49.
[ 2026-05-13 14:19:22 | node_33 | INFO ] 🗳️ [DETERMINISTIC] Train set assigned (No Voting). Size: 50
[ 2026-05-13 14:19:22 | node_18 | INFO ] 🧩 Model added for round 49 (1/13) from ['node_35']
[ 2026-05-13 14:19:22 | node_21 | INFO ] 🗳️ [DETERMINISTIC] Train set assigned (No Voting). Size: 50
[ 2026-05-13 14:19:22 | node_18 | INFO ] 🏋️‍♀️ Preparing training...
[ 2026-05-13 14:19:22 | node_24 | INFO ] 📤 Sending model to 8 direct neighbors: ['node_2', 'node_4', 'node_5', 'node_19', 'node_25', 'node_30', 'node_33', 'node_35']
[ 2026-05-13 14:19:22 | node_33 | INFO ] 🏋️‍♀️ Preparing training...
[ 2026-05-13 14:19:22 | node_46 | INFO ] 📤 Sending model to 8 direct neighbors: ['node_2', 'node_5', 'node_12', 'node_13', 'node_16', 'node_21', 'node_26', 'node_47']
[ 2026-05-13 14:19:22 | node_27 | INFO ] 📤 Sending model to 8 direct neighbors: ['node_3', 'node_7', 'node_9', 'node_16', 'node_21', 'node_28', 'node_32', 'node_49']
[ 2026-05-13 14:19:22 | node_14 | INFO ] 🧩 Model added for round 49 (3/9) from ['node_15']
[ 2026-05-13 14:19:22 | node_21 | INFO ] ♻️ Proactively processing 1 early models for round 49.
[ 2026-05-13 14:19:22 | node_21 | INFO ] 🧩 Model added for round 49 (1/11) from ['node_26']
[ 2026-05-13 14:19:22 | node_2 | INFO ] 🧩 Model added for round 49 (3/13) from ['node_24']
[ 2026-05-13 14:19:22 | node_14 | INFO ] 🎓 Training step done.
[ 2026-05-13 14:19:22 | node_21 | INFO ] 🏋️‍♀️ Preparing training...
[ 2026-05-13 14:19:22 | node_43 | INFO ] 🎓 Training step done.
[ 2026-05-13 14:19:22 | node_14 | INFO ] 🛠️ Calling force_add_local_model...
[ 2026-05-13 14:19:22 | node_43 | INFO ] 🛠️ Calling force_add_local_model...
[ 2026-05-13 14:19:22 | node_14 | INFO ] ✅ [FORCE] Local model added for round 49. (4/9)
[ 2026-05-13 14:19:22 | node_43 | INFO ] ✅ [FORCE] Local model added for round 49. (1/10)
[ 2026-05-13 14:19:22 | node_2 | INFO ] 🧩 Model added for round 49 (4/13) from ['node_46']
[ 2026-05-13 14:19:22 | node_18 | INFO ] 🎓 Training step done.
[ 2026-05-13 14:19:22 | node_18 | INFO ] 🛠️ Calling force_add_local_model...
[ 2026-05-13 14:19:22 | node_33 | INFO ] 🎓 Training step done.
[ 2026-05-13 14:19:22 | node_17 | INFO ] 🎉 Round 49 of 50 finished.
[ 2026-05-13 14:19:22 | node_33 | INFO ] 🛠️ Calling force_add_local_model...
[ 2026-05-13 14:19:22 | node_18 | INFO ] ✅ [FORCE] Local model added for round 49. (2/13)
[ 2026-05-13 14:19:22 | node_33 | INFO ] ✅ [FORCE] Local model added for round 49. (1/11)
[ 2026-05-13 14:19:22 | node_17 | INFO ] 🗳️ [DETERMINISTIC] Train set assigned (No Voting). Size: 50
[ 2026-05-13 14:19:22 | node_33 | INFO ] 🧩 Model added for round 49 (2/11) from ['node_9']
[ 2026-05-13 14:19:22 | node_21 | INFO ] 🎓 Training step done.
[ 2026-05-13 14:19:22 | node_21 | INFO ] 🛠️ Calling force_add_local_model...
[ 2026-05-13 14:19:23 | node_17 | INFO ] 🏋️‍♀️ Preparing training...
[ 2026-05-13 14:19:23 | node_21 | INFO ] ✅ [FORCE] Local model added for round 49. (2/11)
[ 2026-05-13 14:19:23 | node_9 | INFO ] 🧩 Model added for round 49 (5/10) from ['node_27']
[ 2026-05-13 14:19:23 | node_8 | INFO ] 🎉 Round 49 of 50 finished.
[ 2026-05-13 14:19:23 | node_8 | INFO ] 🗳️ [DETERMINISTIC] Train set assigned (No Voting). Size: 50
[ 2026-05-13 14:19:23 | node_17 | INFO ] 🎓 Training step done.
[ 2026-05-13 14:19:23 | node_17 | INFO ] 🛠️ Calling force_add_local_model...
[ 2026-05-13 14:19:23 | node_8 | INFO ] 🏋️‍♀️ Preparing training...
[ 2026-05-13 14:19:23 | node_17 | INFO ] ✅ [FORCE] Local model added for round 49. (1/8)
[ 2026-05-13 14:19:23 | node_18 | INFO ] 🧩 Model added for round 49 (3/13) from ['node_34']
[ 2026-05-13 14:19:23 | node_19 | INFO ] 🎉 Round 49 of 50 finished.
[ 2026-05-13 14:19:23 | node_36 | INFO ] 🎉 Round 49 of 50 finished.
[ 2026-05-13 14:19:23 | node_19 | INFO ] 🗳️ [DETERMINISTIC] Train set assigned (No Voting). Size: 50
[ 2026-05-13 14:19:23 | node_36 | INFO ] 🗳️ [DETERMINISTIC] Train set assigned (No Voting). Size: 50
[ 2026-05-13 14:19:23 | node_19 | INFO ] ♻️ Proactively processing 1 early models for round 49.
[ 2026-05-13 14:19:23 | node_19 | INFO ] 🧩 Model added for round 49 (1/8) from ['node_26']
[ 2026-05-13 14:19:23 | node_36 | INFO ] 🏋️‍♀️ Preparing training...
[ 2026-05-13 14:19:23 | node_47 | INFO ] 🧩 Model added for round 49 (2/7) from ['node_15']
[ 2026-05-13 14:19:23 | node_19 | INFO ] 🏋️‍♀️ Preparing training...
[ 2026-05-13 14:19:23 | node_8 | INFO ] 🎓 Training step done.
[ 2026-05-13 14:19:24 | node_8 | INFO ] 🛠️ Calling force_add_local_model...
[ 2026-05-13 14:19:24 | node_8 | INFO ] ✅ [FORCE] Local model added for round 49. (1/10)
[ 2026-05-13 14:19:24 | node_34 | INFO ] 🧩 Model added for round 49 (2/8) from ['node_9']
[ 2026-05-13 14:19:24 | node_19 | INFO ] 🎓 Training step done.
[ 2026-05-13 14:19:24 | node_36 | INFO ] 🎓 Training step done.
[ 2026-05-13 14:19:24 | node_19 | INFO ] 🛠️ Calling force_add_local_model...
[ 2026-05-13 14:19:24 | node_36 | INFO ] 🛠️ Calling force_add_local_model...
[ 2026-05-13 14:19:24 | node_19 | INFO ] ✅ [FORCE] Local model added for round 49. (2/8)
[ 2026-05-13 14:19:24 | node_36 | INFO ] ✅ [FORCE] Local model added for round 49. (1/7)
[ 2026-05-13 14:19:24 | node_16 | INFO ] 🧩 Model added for round 49 (4/14) from ['node_27']
[ 2026-05-13 14:19:24 | node_19 | INFO ] 🧩 Model added for round 49 (3/8) from ['node_24']
[ 2026-05-13 14:19:24 | node_41 | INFO ] 📤 Sending model to 2 direct neighbors: ['node_18', 'node_39']
[ 2026-05-13 14:19:24 | node_13 | INFO ] 🧩 Model added for round 49 (2/9) from ['node_46']
[ 2026-05-13 14:19:25 | node_10 | INFO ] 📤 Sending model to 7 direct neighbors: ['node_4', 'node_14', 'node_25', 'node_28', 'node_29', 'node_37', 'node_49']
[ 2026-05-13 14:19:25 | node_18 | INFO ] 🧩 Model added for round 49 (4/13) from ['node_41']
[ 2026-05-13 14:19:25 | node_16 | INFO ] 📤 Sending model to 13 direct neighbors: ['node_2', 'node_6', 'node_7', 'node_13', 'node_17', 'node_19', 'node_21', 'node_26', 'node_27', 'node_28', 'node_45', 'node_46', 'node_49']
[ 2026-05-13 14:19:25 | node_22 | INFO ] 📤 Sending model to 4 direct neighbors: ['node_12', 'node_14', 'node_33', 'node_39']
[ 2026-05-13 14:19:25 | node_2 | INFO ] 🧩 Model added for round 49 (5/13) from ['node_16']
[ 2026-05-13 14:19:25 | node_35 | INFO ] 🧩 Model added for round 49 (2/7) from ['node_9']
[ 2026-05-13 14:19:25 | node_14 | INFO ] 🧩 Model added for round 49 (5/9) from ['node_10']
[ 2026-05-13 14:19:25 | node_25 | INFO ] 🧩 Model added for round 49 (2/6) from ['node_24']
[ 2026-05-13 14:19:25 | node_14 | INFO ] 🧩 Model added for round 49 (6/9) from ['node_22']
[ 2026-05-13 14:19:26 | node_16 | INFO ] 🧩 Model added for round 49 (5/14) from ['node_46']
[ 2026-05-13 14:19:26 | node_2 | INFO ] 📤 Sending model to 12 direct neighbors: ['node_5', 'node_7', 'node_8', 'node_11', 'node_12', 'node_16', 'node_21', 'node_24', 'node_31', 'node_36', 'node_38', 'node_46']
[ 2026-05-13 14:19:26 | node_21 | INFO ] 🧩 Model added for round 49 (3/11) from ['node_27']
[ 2026-05-13 14:19:26 | node_13 | INFO ] 📤 Sending model to 8 direct neighbors: ['node_8', 'node_16', 'node_18', 'node_29', 'node_33', 'node_39', 'node_43', 'node_46']
[ 2026-05-13 14:19:26 | node_47 | INFO ] 📤 Sending model to 6 direct neighbors: ['node_4', 'node_7', 'node_12', 'node_15', 'node_44', 'node_46']
[ 2026-05-13 14:19:26 | node_8 | INFO ] 🧩 Model added for round 49 (2/10) from ['node_13']
[ 2026-05-13 14:19:26 | node_40 | INFO ] 📤 Sending model to 5 direct neighbors: ['node_11', 'node_32', 'node_33', 'node_39', 'node_44']
[ 2026-05-13 14:19:27 | node_25 | INFO ] 🧩 Model added for round 49 (3/6) from ['node_10']
[ 2026-05-13 14:19:27 | node_33 | INFO ] 🧩 Model added for round 49 (3/11) from ['node_24']
[ 2026-05-13 14:19:27 | node_33 | INFO ] 🧩 Model added for round 49 (4/11) from ['node_22']
[ 2026-05-13 14:19:27 | node_8 | INFO ] 🧩 Model added for round 49 (3/10) from ['node_2']
[ 2026-05-13 14:19:27 | node_14 | INFO ] 📤 Sending model to 8 direct neighbors: ['node_7', 'node_10', 'node_12', 'node_15', 'node_20', 'node_22', 'node_44', 'node_45']
[ 2026-05-13 14:19:27 | node_43 | INFO ] 📤 Sending model to 9 direct neighbors: ['node_3', 'node_7', 'node_12', 'node_13', 'node_23', 'node_29', 'node_30', 'node_36', 'node_49']
[ 2026-05-13 14:19:27 | node_18 | INFO ] 📤 Sending model to 12 direct neighbors: ['node_3', 'node_12', 'node_13', 'node_19', 'node_28', 'node_29', 'node_30', 'node_32', 'node_33', 'node_34', 'node_35', 'node_41']
[ 2026-05-13 14:19:27 | node_33 | INFO ] 🧩 Model added for round 49 (5/11) from ['node_40']
[ 2026-05-13 14:19:27 | node_33 | INFO ] 📤 Sending model to 10 direct neighbors: ['node_9', 'node_11', 'node_13', 'node_18', 'node_22', 'node_24', 'node_29', 'node_32', 'node_40', 'node_49']
[ 2026-05-13 14:19:27 | node_13 | INFO ] 🧩 Model added for round 49 (3/9) from ['node_16']
[ 2026-05-13 14:19:28 | node_21 | INFO ] 🧩 Model added for round 49 (4/11) from ['node_46']
[ 2026-05-13 14:19:28 | node_21 | INFO ] 📤 Sending model to 10 direct neighbors: ['node_2', 'node_8', 'node_11', 'node_16', 'node_19', 'node_26', 'node_27', 'node_32', 'node_39', 'node_46']
[ 2026-05-13 14:19:28 | node_15 | INFO ] 🧩 Model added for round 49 (3/7) from ['node_47']
[ 2026-05-13 14:19:28 | node_9 | INFO ] 🧩 Model added for round 49 (6/10) from ['node_33']
[ 2026-05-13 14:19:28 | node_16 | INFO ] 🧩 Model added for round 49 (6/14) from ['node_13']
[ 2026-05-13 14:19:28 | node_10 | INFO ] 🧩 Model added for round 49 (4/8) from ['node_14']
[ 2026-05-13 14:19:28 | node_2 | INFO ] 🧩 Model added for round 49 (6/13) from ['node_21']
[ 2026-05-13 14:19:28 | node_17 | INFO ] 📤 Sending model to 7 direct neighbors: ['node_4', 'node_11', 'node_16', 'node_23', 'node_28', 'node_32', 'node_42']
[ 2026-05-13 14:19:29 | node_35 | INFO ] 🧩 Model added for round 49 (3/7) from ['node_24']
[ 2026-05-13 14:19:29 | node_8 | INFO ] 📤 Sending model to 9 direct neighbors: ['node_2', 'node_4', 'node_7', 'node_13', 'node_21', 'node_29', 'node_30', 'node_39', 'node_42']
[ 2026-05-13 14:19:29 | node_37 | INFO ] 🧩 Model added for round 49 (2/4) from ['node_10']
[ 2026-05-13 14:19:29 | node_13 | INFO ] 🧩 Model added for round 49 (4/9) from ['node_18']
[ 2026-05-13 14:19:29 | node_13 | INFO ] 🧩 Model added for round 49 (5/9) from ['node_43']
[ 2026-05-13 14:19:29 | node_19 | INFO ] 📤 Sending model to 7 direct neighbors: ['node_16', 'node_18', 'node_21', 'node_24', 'node_26', 'node_29', 'node_42']
[ 2026-05-13 14:19:29 | node_36 | INFO ] 📤 Sending model to 6 direct neighbors: ['node_2', 'node_28', 'node_29', 'node_32', 'node_42', 'node_43']
[ 2026-05-13 14:19:29 | node_2 | INFO ] 🧩 Model added for round 49 (7/13) from ['node_8']
[ 2026-05-13 14:19:29 | node_17 | INFO ] 🧩 Model added for round 49 (2/8) from ['node_16']
[ 2026-05-13 14:19:29 | node_16 | INFO ] 🧩 Model added for round 49 (7/14) from ['node_17']
[ 2026-05-13 14:19:29 | node_46 | INFO ] 🧩 Model added for round 49 (3/9) from ['node_47']
[ 2026-05-13 14:19:30 | node_16 | INFO ] 🧩 Model added for round 49 (8/14) from ['node_19']
[ 2026-05-13 14:19:30 | node_26 | INFO ] 🧩 Model added for round 49 (2/5) from ['node_46']
[ 2026-05-13 14:19:30 | node_2 | INFO ] 🧩 Model added for round 49 (8/13) from ['node_36']
[ 2026-05-13 14:19:30 | node_16 | INFO ] 🧩 Model added for round 49 (9/14) from ['node_2']
[ 2026-05-13 14:19:30 | node_15 | INFO ] 🧩 Model added for round 49 (4/7) from ['node_14']
[ 2026-05-13 14:19:30 | node_13 | INFO ] 🧩 Model added for round 49 (6/9) from ['node_33']
[ 2026-05-13 14:19:30 | node_19 | INFO ] 🧩 Model added for round 49 (4/8) from ['node_18']
[ 2026-05-13 14:19:30 | node_8 | INFO ] 🧩 Model added for round 49 (4/10) from ['node_21']
[ 2026-05-13 14:19:30 | node_18 | INFO ] 🧩 Model added for round 49 (5/13) from ['node_13']
[ 2026-05-13 14:19:30 | node_47 | INFO ] 🧩 Model added for round 49 (3/7) from ['node_46']
[ 2026-05-13 14:19:31 | node_19 | INFO ] 🧩 Model added for round 49 (5/8) from ['node_16']
[ 2026-05-13 14:19:31 | node_20 | INFO ] 🧩 Model added for round 49 (2/6) from ['node_14']
[ 2026-05-13 14:19:31 | node_36 | INFO ] 🧩 Model added for round 49 (2/7) from ['node_43']
[ 2026-05-13 14:19:31 | node_18 | INFO ] 🧩 Model added for round 49 (6/13) from ['node_19']
[ 2026-05-13 14:19:32 | node_18 | INFO ] 🧩 Model added for round 49 (7/13) from ['node_33']
[ 2026-05-13 14:19:32 | node_21 | INFO ] 🧩 Model added for round 49 (5/11) from ['node_2']
[ 2026-05-13 14:19:32 | node_13 | INFO ] 🧩 Model added for round 49 (7/9) from ['node_8']
[ 2026-05-13 14:19:32 | node_21 | INFO ] 🧩 Model added for round 49 (6/11) from ['node_16']
[ 2026-05-13 14:19:32 | node_16 | INFO ] 🧩 Model added for round 49 (10/14) from ['node_21']
[ 2026-05-13 14:19:32 | node_22 | INFO ] 🧩 Model added for round 49 (2/5) from ['node_14']
[ 2026-05-13 14:19:33 | node_33 | INFO ] 🧩 Model added for round 49 (6/11) from ['node_13']
[ 2026-05-13 14:19:33 | node_33 | INFO ] 🧩 Model added for round 49 (7/11) from ['node_18']
[ 2026-05-13 14:19:33 | node_43 | INFO ] 🧩 Model added for round 49 (2/10) from ['node_36']
[ 2026-05-13 14:19:33 | node_21 | INFO ] 🧩 Model added for round 49 (7/11) from ['node_8']
[ 2026-05-13 14:19:33 | node_26 | INFO ] 🧩 Model added for round 49 (3/5) from ['node_16']
[ 2026-05-13 14:19:33 | node_21 | INFO ] 🧩 Model added for round 49 (8/11) from ['node_19']
[ 2026-05-13 14:19:33 | node_22 | INFO ] 🧩 Model added for round 49 (3/5) from ['node_33']
[ 2026-05-13 14:19:34 | node_24 | INFO ] 🧩 Model added for round 49 (4/9) from ['node_2']
[ 2026-05-13 14:19:34 | node_45 | INFO ] 🧩 Model added for round 49 (2/5) from ['node_14']
[ 2026-05-13 14:19:34 | node_19 | INFO ] 🧩 Model added for round 49 (6/8) from ['node_21']
[ 2026-05-13 14:19:34 | node_24 | INFO ] 🧩 Model added for round 49 (5/9) from ['node_33']
[ 2026-05-13 14:19:34 | node_27 | INFO ] 🧩 Model added for round 49 (3/9) from ['node_16']
[ 2026-05-13 14:19:34 | node_34 | INFO ] 🧩 Model added for round 49 (3/8) from ['node_18']
[ 2026-05-13 14:19:35 | node_43 | INFO ] 🧩 Model added for round 49 (3/10) from ['node_13']
[ 2026-05-13 14:19:35 | node_31 | INFO ] 🧩 Model added for round 49 (2/3) from ['node_2']
[ 2026-05-13 14:19:35 | node_24 | INFO ] 🧩 Model added for round 49 (6/9) from ['node_19']
[ 2026-05-13 14:19:35 | node_26 | INFO ] 🧩 Model added for round 49 (4/5) from ['node_21']
[ 2026-05-13 14:19:35 | node_36 | INFO ] 🧩 Model added for round 49 (3/7) from ['node_2']
[ 2026-05-13 14:19:35 | node_35 | INFO ] 🧩 Model added for round 49 (4/7) from ['node_18']
[ 2026-05-13 14:19:36 | node_45 | INFO ] 🧩 Model added for round 49 (3/5) from ['node_16']
[ 2026-05-13 14:19:36 | node_46 | INFO ] 🧩 Model added for round 49 (4/9) from ['node_13']
[ 2026-05-13 14:19:36 | node_27 | INFO ] 🧩 Model added for round 49 (4/9) from ['node_21']
[ 2026-05-13 14:19:36 | node_26 | INFO ] 🧩 Model added for round 49 (5/5) from ['node_19']
[ 2026-05-13 14:19:36 | node_40 | INFO ] 🧩 Model added for round 49 (2/6) from ['node_33']
[ 2026-05-13 14:19:36 | node_41 | INFO ] 🧩 Model added for round 49 (2/3) from ['node_18']
[ 2026-05-13 14:19:36 | node_46 | INFO ] 🧩 Model added for round 49 (5/9) from ['node_2']
[ 2026-05-13 14:19:36 | node_46 | INFO ] 🧩 Model added for round 49 (6/9) from ['node_16']
[ 2026-05-13 14:19:37 | node_26 | INFO ] 🧠 Aggregation complete. Setting new model.
[ 2026-05-13 14:19:37 | node_26 | INFO ] 🗣️ Gossiping aggregated model.
[ 2026-05-13 14:19:38 | node_46 | INFO ] 🧩 Model added for round 49 (7/9) from ['node_21']
[ 2026-05-13 14:20:04 | node_48 | INFO ] ⏹️  Gossiping exited for 50 equal rounds.
[ 2026-05-13 14:20:04 | node_48 | INFO ] 🔬 Evaluating...
[ 2026-05-13 14:20:04 | node_48 | INFO ] 📈 Evaluated. Results: {'test_loss': 0.06899294257164001, 'test_acc': 0.9800000190734863, 'test_precision': 0.979320228099823, 'test_recall': 0.9836736917495728, 'test_f1': 0.981208860874176, 'communication_cost': 26343772}
[ 2026-05-13 14:20:05 | node_48 | INFO ] 📢 Broadcasting metrics.
[ 2026-05-13 14:20:06 | node_48 | INFO ] 🎉 Round 49 of 50 finished.
[ 2026-05-13 14:20:06 | node_48 | INFO ] 🗳️ [DETERMINISTIC] Train set assigned (No Voting). Size: 50
[ 2026-05-13 14:20:06 | node_48 | INFO ] ♻️ Proactively processing 4 early models for round 49.
[ 2026-05-13 14:20:06 | node_48 | INFO ] 🧩 Model added for round 49 (1/8) from ['node_25']
[ 2026-05-13 14:20:06 | node_48 | INFO ] 🧩 Model added for round 49 (2/8) from ['node_45']
[ 2026-05-13 14:20:06 | node_48 | INFO ] 🧩 Model added for round 49 (3/8) from ['node_35']
[ 2026-05-13 14:20:06 | node_48 | INFO ] 🧩 Model added for round 49 (4/8) from ['node_20']
[ 2026-05-13 14:20:06 | node_48 | INFO ] 🏋️‍♀️ Preparing training...
[ 2026-05-13 14:20:07 | node_48 | INFO ] 🎓 Training step done.
[ 2026-05-13 14:20:07 | node_48 | INFO ] 🛠️ Calling force_add_local_model...
[ 2026-05-13 14:20:07 | node_48 | INFO ] ✅ [FORCE] Local model added for round 49. (5/8)
[ 2026-05-13 14:20:12 | node_48 | INFO ] 📤 Sending model to 7 direct neighbors: ['node_3', 'node_6', 'node_20', 'node_25', 'node_35', 'node_45', 'node_49']
[ 2026-05-13 14:20:13 | node_20 | INFO ] 🧩 Model added for round 49 (3/6) from ['node_48']
[ 2026-05-13 14:20:14 | node_25 | INFO ] 🧩 Model added for round 49 (4/6) from ['node_48']
[ 2026-05-13 14:20:15 | node_35 | INFO ] 🧩 Model added for round 49 (5/7) from ['node_48']
[ 2026-05-13 14:20:16 | node_45 | INFO ] 🧩 Model added for round 49 (4/5) from ['node_48']
[ 2026-05-13 14:20:21 | node_30 | INFO ] ⏹️  Gossiping exited for 50 equal rounds.
[ 2026-05-13 14:20:21 | node_30 | INFO ] 🔬 Evaluating...
[ 2026-05-13 14:20:21 | node_30 | INFO ] 📈 Evaluated. Results: {'test_loss': 0.2488306760787964, 'test_acc': 0.9750000238418579, 'test_precision': 0.9781472682952881, 'test_recall': 0.9765807390213013, 'test_f1': 0.9767816066741943, 'communication_cost': 33870564}
[ 2026-05-13 14:20:22 | node_30 | INFO ] 📢 Broadcasting metrics.
[ 2026-05-13 14:20:24 | node_6 | INFO ] ⏹️  Gossiping exited for 50 equal rounds.
[ 2026-05-13 14:20:24 | node_6 | INFO ] 🔬 Evaluating...
[ 2026-05-13 14:20:24 | node_6 | INFO ] 📈 Evaluated. Results: {'test_loss': 0.12937502562999725, 'test_acc': 0.9800000190734863, 'test_precision': 0.9838334918022156, 'test_recall': 0.9824035167694092, 'test_f1': 0.9825791716575623, 'communication_cost': 26343772}
[ 2026-05-13 14:20:24 | node_30 | INFO ] 🎉 Round 49 of 50 finished.
[ 2026-05-13 14:20:24 | node_30 | INFO ] 🗳️ [DETERMINISTIC] Train set assigned (No Voting). Size: 50
[ 2026-05-13 14:20:24 | node_6 | INFO ] 📢 Broadcasting metrics.
[ 2026-05-13 14:20:24 | node_30 | INFO ] ♻️ Proactively processing 5 early models for round 49.
[ 2026-05-13 14:20:24 | node_30 | INFO ] 🧩 Model added for round 49 (1/10) from ['node_20']
[ 2026-05-13 14:20:24 | node_30 | INFO ] 🧩 Model added for round 49 (2/10) from ['node_24']
[ 2026-05-13 14:20:24 | node_30 | INFO ] 🧩 Model added for round 49 (3/10) from ['node_43']
[ 2026-05-13 14:20:24 | node_30 | INFO ] 🧩 Model added for round 49 (4/10) from ['node_18']
[ 2026-05-13 14:20:24 | node_30 | INFO ] 🧩 Model added for round 49 (5/10) from ['node_8']
[ 2026-05-13 14:20:24 | node_30 | INFO ] 🏋️‍♀️ Preparing training...
[ 2026-05-13 14:20:25 | node_30 | INFO ] 🎓 Training step done.
[ 2026-05-13 14:20:25 | node_30 | INFO ] 🛠️ Calling force_add_local_model...
[ 2026-05-13 14:20:25 | node_30 | INFO ] ✅ [FORCE] Local model added for round 49. (6/10)
[ 2026-05-13 14:20:26 | node_6 | INFO ] 🎉 Round 49 of 50 finished.
[ 2026-05-13 14:20:26 | node_6 | INFO ] 🗳️ [DETERMINISTIC] Train set assigned (No Voting). Size: 50
[ 2026-05-13 14:20:26 | node_6 | INFO ] ♻️ Proactively processing 2 early models for round 49.
[ 2026-05-13 14:20:26 | node_6 | INFO ] 🧩 Model added for round 49 (1/8) from ['node_16']
[ 2026-05-13 14:20:26 | node_6 | INFO ] 🧩 Model added for round 49 (2/8) from ['node_48']
[ 2026-05-13 14:20:26 | node_6 | INFO ] 🏋️‍♀️ Preparing training...
[ 2026-05-13 14:20:27 | node | INFO ] ⏹️  Gossiping exited for 50 equal rounds.
[ 2026-05-13 14:20:27 | node | INFO ] 🔬 Evaluating...
[ 2026-05-13 14:20:27 | node_6 | INFO ] 🎓 Training step done.
[ 2026-05-13 14:20:27 | node_6 | INFO ] 🛠️ Calling force_add_local_model...
[ 2026-05-13 14:20:27 | node | INFO ] 📈 Evaluated. Results: {'test_loss': 0.09376168251037598, 'test_acc': 0.9800000190734863, 'test_precision': 0.9794643521308899, 'test_recall': 0.9800379276275635, 'test_f1': 0.9795406460762024, 'communication_cost': 22580376}
[ 2026-05-13 14:20:27 | node_6 | INFO ] ✅ [FORCE] Local model added for round 49. (3/8)
[ 2026-05-13 14:20:27 | node | INFO ] 📢 Broadcasting metrics.
[ 2026-05-13 14:20:29 | node | INFO ] 🎉 Round 49 of 50 finished.
[ 2026-05-13 14:20:29 | node | INFO ] 🗳️ [DETERMINISTIC] Train set assigned (No Voting). Size: 50
[ 2026-05-13 14:20:29 | node | INFO ] ♻️ Proactively processing 1 early models for round 49.
[ 2026-05-13 14:20:29 | node | INFO ] 🧩 Model added for round 49 (1/7) from ['node_25']
[ 2026-05-13 14:20:29 | node | INFO ] 🏋️‍♀️ Preparing training...
[ 2026-05-13 14:20:29 | node | INFO ] 🎓 Training step done.
[ 2026-05-13 14:20:29 | node | INFO ] 🛠️ Calling force_add_local_model...
[ 2026-05-13 14:20:29 | node | INFO ] ✅ [FORCE] Local model added for round 49. (2/7)
[ 2026-05-13 14:20:30 | node_30 | INFO ] 📤 Sending model to 9 direct neighbors: ['node_4', 'node_5', 'node_8', 'node_11', 'node_18', 'node_20', 'node_24', 'node_29', 'node_43']
[ 2026-05-13 14:20:30 | node_44 | INFO ] ⏹️  Gossiping exited for 50 equal rounds.
[ 2026-05-13 14:20:31 | node_44 | INFO ] 🔬 Evaluating...
[ 2026-05-13 14:20:31 | node_44 | INFO ] 📈 Evaluated. Results: {'test_loss': 0.27335843443870544, 'test_acc': 0.9700000286102295, 'test_precision': 0.968242883682251, 'test_recall': 0.9686757922172546, 'test_f1': 0.9681493639945984, 'communication_cost': 18816980}
[ 2026-05-13 14:20:31 | node_44 | INFO ] 📢 Broadcasting metrics.
[ 2026-05-13 14:20:31 | node_8 | INFO ] 🧩 Model added for round 49 (5/10) from ['node_30']
[ 2026-05-13 14:20:32 | node_6 | INFO ] 📤 Sending model to 7 direct neighbors: ['node', 'node_4', 'node_5', 'node_16', 'node_29', 'node_38', 'node_48']
[ 2026-05-13 14:20:32 | node | INFO ] 🧩 Model added for round 49 (3/7) from ['node_6']
[ 2026-05-13 14:20:32 | node_18 | INFO ] 🧩 Model added for round 49 (8/13) from ['node_30']
[ 2026-05-13 14:20:32 | node_44 | INFO ] 🎉 Round 49 of 50 finished.
[ 2026-05-13 14:20:32 | node_44 | INFO ] 🗳️ [DETERMINISTIC] Train set assigned (No Voting). Size: 50
[ 2026-05-13 14:20:33 | node_44 | INFO ] ♻️ Proactively processing 3 early models for round 49.
[ 2026-05-13 14:20:33 | node_44 | INFO ] 🧩 Model added for round 49 (1/6) from ['node_47']
[ 2026-05-13 14:20:33 | node_44 | INFO ] 🧩 Model added for round 49 (2/6) from ['node_40']
[ 2026-05-13 14:20:33 | node_44 | INFO ] 🧩 Model added for round 49 (3/6) from ['node_14']
[ 2026-05-13 14:20:33 | node_44 | INFO ] 🏋️‍♀️ Preparing training...
[ 2026-05-13 14:20:33 | node_44 | INFO ] 🎓 Training step done.
[ 2026-05-13 14:20:33 | node_44 | INFO ] 🛠️ Calling force_add_local_model...
[ 2026-05-13 14:20:33 | node_44 | INFO ] ✅ [FORCE] Local model added for round 49. (4/6)
[ 2026-05-13 14:20:33 | node_38 | INFO ] ⏹️  Gossiping exited for 50 equal rounds.
[ 2026-05-13 14:20:33 | node_38 | INFO ] 🔬 Evaluating...
[ 2026-05-13 14:20:33 | node_20 | INFO ] 🧩 Model added for round 49 (4/6) from ['node_30']
[ 2026-05-13 14:20:34 | node_16 | INFO ] 🧩 Model added for round 49 (11/14) from ['node_6']
[ 2026-05-13 14:20:34 | node_38 | INFO ] 📈 Evaluated. Results: {'test_loss': 0.17980332672595978, 'test_acc': 0.9599999785423279, 'test_precision': 0.9577029943466187, 'test_recall': 0.9579984545707703, 'test_f1': 0.956734836101532, 'communication_cost': 26343772}
[ 2026-05-13 14:20:34 | node_38 | INFO ] 📢 Broadcasting metrics.
[ 2026-05-13 14:20:34 | node_24 | INFO ] 🧩 Model added for round 49 (7/9) from ['node_30']
[ 2026-05-13 14:20:34 | node | INFO ] 📤 Sending model to 6 direct neighbors: ['node_4', 'node_6', 'node_7', 'node_25', 'node_29', 'node_39']
[ 2026-05-13 14:20:35 | node_6 | INFO ] 🧩 Model added for round 49 (4/8) from ['node']
[ 2026-05-13 14:20:35 | node_48 | INFO ] 🧩 Model added for round 49 (6/8) from ['node_6']
[ 2026-05-13 14:20:35 | node_43 | INFO ] 🧩 Model added for round 49 (4/10) from ['node_30']
[ 2026-05-13 14:20:36 | node_38 | INFO ] 🎉 Round 49 of 50 finished.
[ 2026-05-13 14:20:36 | node_38 | INFO ] 🗳️ [DETERMINISTIC] Train set assigned (No Voting). Size: 50
[ 2026-05-13 14:20:36 | node_38 | INFO ] ♻️ Proactively processing 5 early models for round 49.
[ 2026-05-13 14:20:36 | node_38 | INFO ] 🧩 Model added for round 49 (1/8) from ['node_45']
[ 2026-05-13 14:20:36 | node_25 | INFO ] 🧩 Model added for round 49 (5/6) from ['node']
[ 2026-05-13 14:20:36 | node_38 | INFO ] 🧩 Model added for round 49 (2/8) from ['node_34']
[ 2026-05-13 14:20:36 | node_38 | INFO ] 🧩 Model added for round 49 (3/8) from ['node_9']
[ 2026-05-13 14:20:36 | node_38 | INFO ] 🧩 Model added for round 49 (4/8) from ['node_2']
[ 2026-05-13 14:20:36 | node_38 | INFO ] 🧩 Model added for round 49 (5/8) from ['node_6']
[ 2026-05-13 14:20:36 | node_38 | INFO ] 🏋️‍♀️ Preparing training...
[ 2026-05-13 14:20:37 | node_38 | INFO ] 🎓 Training step done.
[ 2026-05-13 14:20:37 | node_38 | INFO ] 🛠️ Calling force_add_local_model...
[ 2026-05-13 14:20:37 | node_38 | INFO ] ✅ [FORCE] Local model added for round 49. (6/8)
[ 2026-05-13 14:20:38 | node_44 | INFO ] 📤 Sending model to 5 direct neighbors: ['node_3', 'node_14', 'node_40', 'node_42', 'node_47']
[ 2026-05-13 14:20:39 | node_14 | INFO ] 🧩 Model added for round 49 (7/9) from ['node_44']
[ 2026-05-13 14:20:40 | node_40 | INFO ] 🧩 Model added for round 49 (3/6) from ['node_44']
[ 2026-05-13 14:20:41 | node_47 | INFO ] 🧩 Model added for round 49 (4/7) from ['node_44']
[ 2026-05-13 14:20:42 | node_38 | INFO ] 📤 Sending model to 7 direct neighbors: ['node_2', 'node_6', 'node_7', 'node_9', 'node_23', 'node_34', 'node_45']
[ 2026-05-13 14:20:43 | node_2 | INFO ] 🧩 Model added for round 49 (9/13) from ['node_38']
[ 2026-05-13 14:20:43 | node_23 | INFO ] ⏹️  Gossiping exited for 50 equal rounds.
[ 2026-05-13 14:20:43 | node_23 | INFO ] 🔬 Evaluating...
[ 2026-05-13 14:20:43 | node_23 | INFO ] 📈 Evaluated. Results: {'test_loss': 0.11542870849370956, 'test_acc': 0.9850000143051147, 'test_precision': 0.9869889616966248, 'test_recall': 0.9859308004379272, 'test_f1': 0.986366868019104, 'communication_cost': 26343772}
[ 2026-05-13 14:20:43 | node_23 | INFO ] 📢 Broadcasting metrics.
[ 2026-05-13 14:20:44 | node_6 | INFO ] 🧩 Model added for round 49 (5/8) from ['node_38']
[ 2026-05-13 14:20:45 | node_23 | INFO ] 🎉 Round 49 of 50 finished.
[ 2026-05-13 14:20:45 | node_23 | INFO ] 🗳️ [DETERMINISTIC] Train set assigned (No Voting). Size: 50
[ 2026-05-13 14:20:45 | node_23 | INFO ] ♻️ Proactively processing 4 early models for round 49.
[ 2026-05-13 14:20:45 | node_23 | INFO ] 🧩 Model added for round 49 (1/8) from ['node_37']
[ 2026-05-13 14:20:45 | node_23 | INFO ] 🧩 Model added for round 49 (2/8) from ['node_34']
[ 2026-05-13 14:20:45 | node_23 | INFO ] 🧩 Model added for round 49 (3/8) from ['node_43']
[ 2026-05-13 14:20:45 | node_23 | INFO ] 🧩 Model added for round 49 (4/8) from ['node_17']
[ 2026-05-13 14:20:45 | node_23 | INFO ] 🏋️‍♀️ Preparing training...
[ 2026-05-13 14:20:45 | node_9 | INFO ] 🧩 Model added for round 49 (7/10) from ['node_38']
[ 2026-05-13 14:20:45 | node_23 | INFO ] 🎓 Training step done.
[ 2026-05-13 14:20:45 | node_23 | INFO ] 🛠️ Calling force_add_local_model...
[ 2026-05-13 14:20:45 | node_23 | INFO ] ✅ [FORCE] Local model added for round 49. (5/8)
[ 2026-05-13 14:20:46 | node_23 | INFO ] 🧩 Model added for round 49 (6/8) from ['node_38']
[ 2026-05-13 14:20:47 | node_34 | INFO ] 🧩 Model added for round 49 (4/8) from ['node_38']
[ 2026-05-13 14:20:47 | node_32 | INFO ] ⏹️  Gossiping exited for 50 equal rounds.
[ 2026-05-13 14:20:47 | node_45 | INFO ] 🧩 Model added for round 49 (5/5) from ['node_38']
[ 2026-05-13 14:20:47 | node_32 | INFO ] 🔬 Evaluating...
[ 2026-05-13 14:20:48 | node_32 | INFO ] 📈 Evaluated. Results: {'test_loss': 0.31366586685180664, 'test_acc': 0.9649999737739563, 'test_precision': 0.9635838270187378, 'test_recall': 0.9663323760032654, 'test_f1': 0.9645663499832153, 'communication_cost': 45160752}
[ 2026-05-13 14:20:48 | node_32 | INFO ] 📢 Broadcasting metrics.
[ 2026-05-13 14:20:48 | node_45 | INFO ] 🧠 Aggregation complete. Setting new model.
[ 2026-05-13 14:20:49 | node_45 | INFO ] 🗣️ Gossiping aggregated model.
[ 2026-05-13 14:20:50 | node_32 | INFO ] 🎉 Round 49 of 50 finished.
[ 2026-05-13 14:20:50 | node_32 | INFO ] 🗳️ [DETERMINISTIC] Train set assigned (No Voting). Size: 50
[ 2026-05-13 14:20:50 | node_32 | INFO ] ♻️ Proactively processing 9 early models for round 49.
[ 2026-05-13 14:20:50 | node_32 | INFO ] 🧩 Model added for round 49 (1/13) from ['node_35']
[ 2026-05-13 14:20:50 | node_32 | INFO ] 🧩 Model added for round 49 (2/13) from ['node_37']
[ 2026-05-13 14:20:50 | node_32 | INFO ] 🧩 Model added for round 49 (3/13) from ['node_40']
[ 2026-05-13 14:20:50 | node_23 | INFO ] 📤 Sending model to 7 direct neighbors: ['node_17', 'node_32', 'node_34', 'node_37', 'node_38', 'node_42', 'node_43']
[ 2026-05-13 14:20:50 | node_32 | INFO ] 🧩 Model added for round 49 (4/13) from ['node_27']
[ 2026-05-13 14:20:51 | node_32 | INFO ] 🧩 Model added for round 49 (5/13) from ['node_36']
[ 2026-05-13 14:20:51 | node_32 | INFO ] 🧩 Model added for round 49 (6/13) from ['node_17']
[ 2026-05-13 14:20:51 | node_32 | INFO ] 🧩 Model added for round 49 (7/13) from ['node_18']
[ 2026-05-13 14:20:51 | node_32 | INFO ] 🧩 Model added for round 49 (8/13) from ['node_33']
[ 2026-05-13 14:20:51 | node_32 | INFO ] 🧩 Model added for round 49 (9/13) from ['node_21']
[ 2026-05-13 14:20:51 | node_32 | INFO ] 🏋️‍♀️ Preparing training...
[ 2026-05-13 14:20:51 | node_17 | INFO ] 🧩 Model added for round 49 (3/8) from ['node_23']
[ 2026-05-13 14:20:51 | node_32 | INFO ] 🎓 Training step done.
[ 2026-05-13 14:20:51 | node_32 | INFO ] 🛠️ Calling force_add_local_model...
[ 2026-05-13 14:20:51 | node_32 | INFO ] ✅ [FORCE] Local model added for round 49. (10/13)
[ 2026-05-13 14:20:52 | node_32 | INFO ] 🧩 Model added for round 49 (11/13) from ['node_23']
[ 2026-05-13 14:20:52 | node_12 | INFO ] ⏹️  Gossiping exited for 50 equal rounds.
[ 2026-05-13 14:20:52 | node_12 | INFO ] 🔬 Evaluating...
[ 2026-05-13 14:20:53 | node_12 | INFO ] 📈 Evaluated. Results: {'test_loss': 0.3073662519454956, 'test_acc': 0.9599999785423279, 'test_precision': 0.9654762148857117, 'test_recall': 0.9608043432235718, 'test_f1': 0.962355375289917, 'communication_cost': 45160752}
[ 2026-05-13 14:20:53 | node_12 | INFO ] 📢 Broadcasting metrics.
[ 2026-05-13 14:20:53 | node_34 | INFO ] 🧩 Model added for round 49 (5/8) from ['node_23']
[ 2026-05-13 14:20:54 | node_37 | INFO ] 🧩 Model added for round 49 (3/4) from ['node_23']
[ 2026-05-13 14:20:54 | node_38 | INFO ] 🧩 Model added for round 49 (7/8) from ['node_23']
[ 2026-05-13 14:20:55 | node_7 | INFO ] ⏹️  Gossiping exited for 50 equal rounds.
[ 2026-05-13 14:20:55 | node_7 | INFO ] 🔬 Evaluating...
[ 2026-05-13 14:20:55 | node_7 | INFO ] 📈 Evaluated. Results: {'test_loss': 0.02763601951301098, 'test_acc': 0.9900000095367432, 'test_precision': 0.990414023399353, 'test_recall': 0.9893333911895752, 'test_f1': 0.9895938634872437, 'communication_cost': 48924148}
[ 2026-05-13 14:20:55 | node_43 | INFO ] 🧩 Model added for round 49 (5/10) from ['node_23']
[ 2026-05-13 14:20:55 | node_7 | INFO ] 📢 Broadcasting metrics.
[ 2026-05-13 14:20:55 | node_5 | INFO ] ⏹️  Gossiping exited for 50 equal rounds.
[ 2026-05-13 14:20:56 | node_5 | INFO ] 🔬 Evaluating...
[ 2026-05-13 14:20:56 | node_49 | INFO ] ⏹️  Gossiping exited for 50 equal rounds.
[ 2026-05-13 14:20:56 | node_5 | INFO ] 📈 Evaluated. Results: {'test_loss': 0.08249282091856003, 'test_acc': 0.9700000286102295, 'test_precision': 0.9723268151283264, 'test_recall': 0.9708333611488342, 'test_f1': 0.9711260199546814, 'communication_cost': 30107168}
[ 2026-05-13 14:20:56 | node_5 | INFO ] 📢 Broadcasting metrics.
[ 2026-05-13 14:20:56 | node_49 | INFO ] 🔬 Evaluating...
[ 2026-05-13 14:20:56 | node_12 | INFO ] 🎉 Round 49 of 50 finished.
[ 2026-05-13 14:20:56 | node_12 | INFO ] 🗳️ [DETERMINISTIC] Train set assigned (No Voting). Size: 50
[ 2026-05-13 14:20:56 | node_49 | INFO ] 📈 Evaluated. Results: {'test_loss': 0.12951618432998657, 'test_acc': 0.9800000190734863, 'test_precision': 0.9825175404548645, 'test_recall': 0.9775689840316772, 'test_f1': 0.9794776439666748, 'communication_cost': 37633960}
[ 2026-05-13 14:20:56 | node_12 | INFO ] ♻️ Proactively processing 9 early models for round 49.
[ 2026-05-13 14:20:56 | node_32 | INFO ] 📤 Sending model to 12 direct neighbors: ['node_3', 'node_17', 'node_18', 'node_21', 'node_23', 'node_27', 'node_33', 'node_35', 'node_36', 'node_37', 'node_40', 'node_49']
[ 2026-05-13 14:20:56 | node_12 | INFO ] 🧩 Model added for round 49 (1/13) from ['node_1']
[ 2026-05-13 14:20:56 | node_49 | INFO ] 📢 Broadcasting metrics.
[ 2026-05-13 14:20:56 | node_12 | INFO ] 🧩 Model added for round 49 (2/13) from ['node_34']
[ 2026-05-13 14:20:56 | node_12 | INFO ] 🧩 Model added for round 49 (3/13) from ['node_46']
[ 2026-05-13 14:20:56 | node_12 | INFO ] 🧩 Model added for round 49 (4/13) from ['node_22']
[ 2026-05-13 14:20:56 | node_12 | INFO ] 🧩 Model added for round 49 (5/13) from ['node_47']
[ 2026-05-13 14:20:56 | node_12 | INFO ] 🧩 Model added for round 49 (6/13) from ['node_18']
[ 2026-05-13 14:20:56 | node_12 | INFO ] 🧩 Model added for round 49 (7/13) from ['node_43']
[ 2026-05-13 14:20:56 | node_12 | INFO ] 🧩 Model added for round 49 (8/13) from ['node_2']
[ 2026-05-13 14:20:57 | node_12 | INFO ] 🧩 Model added for round 49 (9/13) from ['node_14']
[ 2026-05-13 14:20:57 | node_12 | INFO ] 🏋️‍♀️ Preparing training...
[ 2026-05-13 14:20:57 | node_17 | INFO ] 🧩 Model added for round 49 (4/8) from ['node_32']
[ 2026-05-13 14:20:57 | node_42 | INFO ] ⏹️  Gossiping exited for 50 equal rounds.
[ 2026-05-13 14:20:57 | node_12 | INFO ] 🎓 Training step done.
[ 2026-05-13 14:20:57 | node_12 | INFO ] 🛠️ Calling force_add_local_model...
[ 2026-05-13 14:20:57 | node_42 | INFO ] 🔬 Evaluating...
[ 2026-05-13 14:20:57 | node_12 | INFO ] ✅ [FORCE] Local model added for round 49. (10/13)
[ 2026-05-13 14:20:57 | node_42 | INFO ] 📈 Evaluated. Results: {'test_loss': 0.20545822381973267, 'test_acc': 0.9700000286102295, 'test_precision': 0.9717671871185303, 'test_recall': 0.9703943729400635, 'test_f1': 0.970015287399292, 'communication_cost': 52687544}
[ 2026-05-13 14:20:57 | node_42 | INFO ] 📢 Broadcasting metrics.
[ 2026-05-13 14:20:58 | node_18 | INFO ] 🧩 Model added for round 49 (9/13) from ['node_32']
[ 2026-05-13 14:20:58 | node_5 | INFO ] 🎉 Round 49 of 50 finished.
[ 2026-05-13 14:20:58 | node_5 | INFO ] 🗳️ [DETERMINISTIC] Train set assigned (No Voting). Size: 50
[ 2026-05-13 14:20:58 | node_11 | INFO ] ⏹️  Gossiping exited for 50 equal rounds.
[ 2026-05-13 14:20:58 | node_5 | INFO ] ♻️ Proactively processing 5 early models for round 49.
[ 2026-05-13 14:20:58 | node_5 | INFO ] 🧩 Model added for round 49 (1/9) from ['node_46']
[ 2026-05-13 14:20:58 | node_5 | INFO ] 🧩 Model added for round 49 (2/9) from ['node_24']
[ 2026-05-13 14:20:58 | node_11 | INFO ] 🔬 Evaluating...
[ 2026-05-13 14:20:58 | node_5 | INFO ] 🧩 Model added for round 49 (3/9) from ['node_2']
[ 2026-05-13 14:20:59 | node_5 | INFO ] 🧩 Model added for round 49 (4/9) from ['node_30']
[ 2026-05-13 14:20:59 | node_5 | INFO ] 🧩 Model added for round 49 (5/9) from ['node_6']
[ 2026-05-13 14:20:59 | node_5 | INFO ] 🏋️‍♀️ Preparing training...
[ 2026-05-13 14:20:59 | node_11 | INFO ] 📈 Evaluated. Results: {'test_loss': 0.08248019218444824, 'test_acc': 0.9750000238418579, 'test_precision': 0.9754737615585327, 'test_recall': 0.9680702686309814, 'test_f1': 0.9706497192382812, 'communication_cost': 33870564}
[ 2026-05-13 14:20:59 | node_21 | INFO ] 🧩 Model added for round 49 (9/11) from ['node_32']
[ 2026-05-13 14:20:59 | node_11 | INFO ] 📢 Broadcasting metrics.
[ 2026-05-13 14:20:59 | node_7 | INFO ] 🎉 Round 49 of 50 finished.
[ 2026-05-13 14:20:59 | node_5 | INFO ] 🎓 Training step done.
[ 2026-05-13 14:20:59 | node_7 | INFO ] 🗳️ [DETERMINISTIC] Train set assigned (No Voting). Size: 50
[ 2026-05-13 14:20:59 | node_5 | INFO ] 🛠️ Calling force_add_local_model...
[ 2026-05-13 14:20:59 | node_5 | INFO ] ✅ [FORCE] Local model added for round 49. (6/9)
[ 2026-05-13 14:20:59 | node_7 | INFO ] ♻️ Proactively processing 11 early models for round 49.
[ 2026-05-13 14:20:59 | node_49 | INFO ] 🎉 Round 49 of 50 finished.
[ 2026-05-13 14:20:59 | node_7 | INFO ] 🧩 Model added for round 49 (1/14) from ['node_20']
[ 2026-05-13 14:20:59 | node_7 | INFO ] 🧩 Model added for round 49 (2/14) from ['node_1']
[ 2026-05-13 14:20:59 | node_49 | INFO ] 🗳️ [DETERMINISTIC] Train set assigned (No Voting). Size: 50
[ 2026-05-13 14:20:59 | node_7 | INFO ] 🧩 Model added for round 49 (3/14) from ['node_27']
[ 2026-05-13 14:20:59 | node_7 | INFO ] 🧩 Model added for round 49 (4/14) from ['node_2']
[ 2026-05-13 14:20:59 | node_49 | INFO ] ♻️ Proactively processing 8 early models for round 49.
[ 2026-05-13 14:20:59 | node_7 | INFO ] 🧩 Model added for round 49 (5/14) from ['node_47']
[ 2026-05-13 14:20:59 | node_49 | INFO ] 🧩 Model added for round 49 (1/11) from ['node_1']
[ 2026-05-13 14:20:59 | node_7 | INFO ] 🧩 Model added for round 49 (6/14) from ['node_16']
[ 2026-05-13 14:20:59 | node_49 | INFO ] 🧩 Model added for round 49 (2/11) from ['node_9']
[ 2026-05-13 14:20:59 | node_7 | INFO ] 🧩 Model added for round 49 (7/14) from ['node_14']
[ 2026-05-13 14:20:59 | node_7 | INFO ] 🧩 Model added for round 49 (8/14) from ['node_43']
[ 2026-05-13 14:20:59 | node_49 | INFO ] 🧩 Model added for round 49 (3/11) from ['node_27']
[ 2026-05-13 14:20:59 | node_7 | INFO ] 🧩 Model added for round 49 (9/14) from ['node_8']
[ 2026-05-13 14:20:59 | node_49 | INFO ] 🧩 Model added for round 49 (4/11) from ['node_10']
[ 2026-05-13 14:20:59 | node_7 | INFO ] 🧩 Model added for round 49 (10/14) from ['node']
[ 2026-05-13 14:20:59 | node_49 | INFO ] 🧩 Model added for round 49 (5/11) from ['node_43']
[ 2026-05-13 14:20:59 | node_7 | INFO ] 🧩 Model added for round 49 (11/14) from ['node_38']
[ 2026-05-13 14:20:59 | node_49 | INFO ] 🧩 Model added for round 49 (6/11) from ['node_33']
[ 2026-05-13 14:21:00 | node_7 | INFO ] 🏋️‍♀️ Preparing training...
[ 2026-05-13 14:21:00 | node_49 | INFO ] 🧩 Model added for round 49 (7/11) from ['node_16']
[ 2026-05-13 14:21:00 | node_49 | INFO ] 🧩 Model added for round 49 (8/11) from ['node_48']
[ 2026-05-13 14:21:00 | node_49 | INFO ] 🏋️‍♀️ Preparing training...
[ 2026-05-13 14:21:00 | node_23 | INFO ] 🧩 Model added for round 49 (7/8) from ['node_32']
[ 2026-05-13 14:21:00 | node_7 | INFO ] 🎓 Training step done.
[ 2026-05-13 14:21:00 | node_7 | INFO ] 🛠️ Calling force_add_local_model...
[ 2026-05-13 14:21:00 | node_7 | INFO ] ✅ [FORCE] Local model added for round 49. (12/14)
[ 2026-05-13 14:21:00 | node_49 | INFO ] 🎓 Training step done.
[ 2026-05-13 14:21:00 | node_49 | INFO ] 🛠️ Calling force_add_local_model...
[ 2026-05-13 14:21:00 | node_49 | INFO ] ✅ [FORCE] Local model added for round 49. (9/11)
[ 2026-05-13 14:21:01 | node_27 | INFO ] 🧩 Model added for round 49 (5/9) from ['node_32']
[ 2026-05-13 14:21:01 | node_42 | INFO ] 🎉 Round 49 of 50 finished.
[ 2026-05-13 14:21:01 | node_11 | INFO ] 🎉 Round 49 of 50 finished.
[ 2026-05-13 14:21:01 | node_42 | INFO ] 🗳️ [DETERMINISTIC] Train set assigned (No Voting). Size: 50
[ 2026-05-13 14:21:01 | node_11 | INFO ] 🗳️ [DETERMINISTIC] Train set assigned (No Voting). Size: 50
[ 2026-05-13 14:21:01 | node_33 | INFO ] 🧩 Model added for round 49 (8/11) from ['node_32']
[ 2026-05-13 14:21:01 | node_42 | INFO ] ♻️ Proactively processing 6 early models for round 49.
[ 2026-05-13 14:21:01 | node_42 | INFO ] 🧩 Model added for round 49 (1/15) from ['node_36']
[ 2026-05-13 14:21:01 | node_11 | INFO ] ♻️ Proactively processing 7 early models for round 49.
[ 2026-05-13 14:21:01 | node_42 | INFO ] 🧩 Model added for round 49 (2/15) from ['node_17']
[ 2026-05-13 14:21:01 | node_11 | INFO ] 🧩 Model added for round 49 (1/10) from ['node_9']
[ 2026-05-13 14:21:01 | node_42 | INFO ] 🧩 Model added for round 49 (3/15) from ['node_8']
[ 2026-05-13 14:21:01 | node_11 | INFO ] 🧩 Model added for round 49 (2/10) from ['node_40']
[ 2026-05-13 14:21:01 | node_42 | INFO ] 🧩 Model added for round 49 (4/15) from ['node_19']
[ 2026-05-13 14:21:01 | node_11 | INFO ] 🧩 Model added for round 49 (3/10) from ['node_2']
[ 2026-05-13 14:21:01 | node_42 | INFO ] 🧩 Model added for round 49 (5/15) from ['node_44']
[ 2026-05-13 14:21:02 | node_42 | INFO ] 🧩 Model added for round 49 (6/15) from ['node_23']
[ 2026-05-13 14:21:02 | node_11 | INFO ] 🧩 Model added for round 49 (4/10) from ['node_17']
[ 2026-05-13 14:21:02 | node_42 | INFO ] 🏋️‍♀️ Preparing training...
[ 2026-05-13 14:21:02 | node_11 | INFO ] 🧩 Model added for round 49 (5/10) from ['node_33']
[ 2026-05-13 14:21:02 | node_11 | INFO ] 🧩 Model added for round 49 (6/10) from ['node_21']
[ 2026-05-13 14:21:02 | node_11 | INFO ] 🧩 Model added for round 49 (7/10) from ['node_30']
[ 2026-05-13 14:21:02 | node_11 | INFO ] 🏋️‍♀️ Preparing training...
[ 2026-05-13 14:21:02 | node_42 | INFO ] 🎓 Training step done.
[ 2026-05-13 14:21:02 | node_42 | INFO ] 🛠️ Calling force_add_local_model...
[ 2026-05-13 14:21:02 | node_42 | INFO ] ✅ [FORCE] Local model added for round 49. (7/15)
[ 2026-05-13 14:21:02 | node_12 | INFO ] 📤 Sending model to 12 direct neighbors: ['node_1', 'node_2', 'node_4', 'node_14', 'node_18', 'node_22', 'node_29', 'node_34', 'node_42', 'node_43', 'node_46', 'node_47']
[ 2026-05-13 14:21:02 | node_11 | INFO ] 🎓 Training step done.
[ 2026-05-13 14:21:02 | node_11 | INFO ] 🛠️ Calling force_add_local_model...
[ 2026-05-13 14:21:02 | node_11 | INFO ] ✅ [FORCE] Local model added for round 49. (8/10)
[ 2026-05-13 14:21:02 | node_1 | INFO ] 🧩 Model added for round 49 (2/5) from ['node_12']
[ 2026-05-13 14:21:02 | node_35 | INFO ] 🧩 Model added for round 49 (6/7) from ['node_32']
[ 2026-05-13 14:21:03 | node_2 | INFO ] 🧩 Model added for round 49 (10/13) from ['node_12']
[ 2026-05-13 14:21:03 | node_36 | INFO ] 🧩 Model added for round 49 (4/7) from ['node_32']
[ 2026-05-13 14:21:04 | node_37 | INFO ] 🧩 Model added for round 49 (4/4) from ['node_32']
[ 2026-05-13 14:21:04 | node_4 | INFO ] ⏹️  Gossiping exited for 50 equal rounds.
[ 2026-05-13 14:21:04 | node_4 | INFO ] 🔬 Evaluating...
[ 2026-05-13 14:21:04 | node_5 | INFO ] 📤 Sending model to 8 direct neighbors: ['node_2', 'node_4', 'node_6', 'node_24', 'node_30', 'node_39', 'node_42', 'node_46']
[ 2026-05-13 14:21:04 | node_4 | INFO ] 📈 Evaluated. Results: {'test_loss': 0.43845778703689575, 'test_acc': 0.9399999976158142, 'test_precision': 0.9404613971710205, 'test_recall': 0.9391418695449829, 'test_f1': 0.9377732276916504, 'communication_cost': 52687544}
[ 2026-05-13 14:21:04 | node_40 | INFO ] 🧩 Model added for round 49 (4/6) from ['node_32']
[ 2026-05-13 14:21:04 | node_4 | INFO ] 📢 Broadcasting metrics.
[ 2026-05-13 14:21:05 | node_14 | INFO ] 🧩 Model added for round 49 (8/9) from ['node_12']
[ 2026-05-13 14:21:05 | node_2 | INFO ] 🧩 Model added for round 49 (11/13) from ['node_5']
[ 2026-05-13 14:21:05 | node_37 | INFO ] 🧠 Aggregation complete. Setting new model.
[ 2026-05-13 14:21:05 | node_49 | INFO ] 🧩 Model added for round 49 (10/11) from ['node_32']
[ 2026-05-13 14:21:05 | node_37 | INFO ] 🗣️ Gossiping aggregated model.
[ 2026-05-13 14:21:05 | node_7 | INFO ] 📤 Sending model to 13 direct neighbors: ['node', 'node_1', 'node_2', 'node_3', 'node_8', 'node_14', 'node_16', 'node_20', 'node_27', 'node_38', 'node_42', 'node_43', 'node_47']
[ 2026-05-13 14:21:05 | node_49 | INFO ] 📤 Sending model to 10 direct neighbors: ['node_1', 'node_9', 'node_10', 'node_16', 'node_27', 'node_29', 'node_32', 'node_33', 'node_43', 'node_48']
[ 2026-05-13 14:21:06 | node_18 | INFO ] 🧩 Model added for round 49 (10/13) from ['node_12']
[ 2026-05-13 14:21:06 | node | INFO ] 🧩 Model added for round 49 (4/7) from ['node_7']
[ 2026-05-13 14:21:06 | node_1 | INFO ] 🧩 Model added for round 49 (3/5) from ['node_49']
[ 2026-05-13 14:21:06 | node_6 | INFO ] 🧩 Model added for round 49 (6/8) from ['node_5']
[ 2026-05-13 14:21:07 | node_9 | INFO ] 🧩 Model added for round 49 (8/10) from ['node_49']
[ 2026-05-13 14:21:07 | node_22 | INFO ] 🧩 Model added for round 49 (4/5) from ['node_12']
[ 2026-05-13 14:21:07 | node_1 | INFO ] 🧩 Model added for round 49 (4/5) from ['node_7']
[ 2026-05-13 14:21:07 | node_42 | INFO ] 📤 Sending model to 14 direct neighbors: ['node_3', 'node_5', 'node_7', 'node_8', 'node_11', 'node_12', 'node_17', 'node_19', 'node_23', 'node_28', 'node_29', 'node_36', 'node_39', 'node_44']
[ 2026-05-13 14:21:07 | node_11 | INFO ] 📤 Sending model to 9 direct neighbors: ['node_2', 'node_9', 'node_17', 'node_21', 'node_30', 'node_33', 'node_39', 'node_40', 'node_42']
[ 2026-05-13 14:21:07 | node_4 | INFO ] 🎉 Round 49 of 50 finished.
[ 2026-05-13 14:21:07 | node_2 | INFO ] 🧩 Model added for round 49 (12/13) from ['node_7']
[ 2026-05-13 14:21:07 | node_4 | INFO ] 🗳️ [DETERMINISTIC] Train set assigned (No Voting). Size: 50
[ 2026-05-13 14:21:08 | node_4 | INFO ] ♻️ Proactively processing 14 early models for round 49.
[ 2026-05-13 14:21:08 | node_4 | INFO ] 🧩 Model added for round 49 (1/15) from ['node_25']
[ 2026-05-13 14:21:08 | node_4 | INFO ] 🧩 Model added for round 49 (2/15) from ['node_9']
[ 2026-05-13 14:21:08 | node_2 | INFO ] 🧩 Model added for round 49 (13/13) from ['node_11']
[ 2026-05-13 14:21:08 | node_4 | INFO ] 🧩 Model added for round 49 (3/15) from ['node_31']
[ 2026-05-13 14:21:08 | node_4 | INFO ] 🧩 Model added for round 49 (4/15) from ['node_15']
[ 2026-05-13 14:21:08 | node_4 | INFO ] 🧩 Model added for round 49 (5/15) from ['node_24']
[ 2026-05-13 14:21:08 | node_4 | INFO ] 🧩 Model added for round 49 (6/15) from ['node_10']
[ 2026-05-13 14:21:08 | node_10 | INFO ] 🧩 Model added for round 49 (5/8) from ['node_49']
[ 2026-05-13 14:21:08 | node_4 | INFO ] 🧩 Model added for round 49 (7/15) from ['node_47']
[ 2026-05-13 14:21:08 | node_4 | INFO ] 🧩 Model added for round 49 (8/15) from ['node_17']
[ 2026-05-13 14:21:08 | node_4 | INFO ] 🧩 Model added for round 49 (9/15) from ['node_8']
[ 2026-05-13 14:21:08 | node_24 | INFO ] 🧩 Model added for round 49 (8/9) from ['node_5']
[ 2026-05-13 14:21:08 | node_4 | INFO ] 🧩 Model added for round 49 (10/15) from ['node_30']
[ 2026-05-13 14:21:08 | node_4 | INFO ] 🧩 Model added for round 49 (11/15) from ['node_6']
[ 2026-05-13 14:21:08 | node_4 | INFO ] 🧩 Model added for round 49 (12/15) from ['node']
[ 2026-05-13 14:21:08 | node_4 | INFO ] 🧩 Model added for round 49 (13/15) from ['node_12']
[ 2026-05-13 14:21:08 | node_4 | INFO ] 🧩 Model added for round 49 (14/15) from ['node_5']
[ 2026-05-13 14:21:08 | node_4 | INFO ] 🏋️‍♀️ Preparing training...
[ 2026-05-13 14:21:08 | node_34 | INFO ] 🧩 Model added for round 49 (6/8) from ['node_12']
[ 2026-05-13 14:21:08 | node_5 | INFO ] 🧩 Model added for round 49 (7/9) from ['node_42']
[ 2026-05-13 14:21:08 | node_4 | INFO ] 🎓 Training step done.
[ 2026-05-13 14:21:08 | node_4 | INFO ] 🛠️ Calling force_add_local_model...
[ 2026-05-13 14:21:08 | node_16 | INFO ] 🧩 Model added for round 49 (12/14) from ['node_49']
[ 2026-05-13 14:21:08 | node_4 | INFO ] ✅ [FORCE] Local model added for round 49. (15/15)
[ 2026-05-13 14:21:09 | node_42 | INFO ] 🧩 Model added for round 49 (8/15) from ['node_12']
[ 2026-05-13 14:21:09 | node_30 | INFO ] 🧩 Model added for round 49 (7/10) from ['node_5']
[ 2026-05-13 14:21:09 | node_2 | INFO ] 🧠 Aggregation complete. Setting new model.
[ 2026-05-13 14:21:09 | node_9 | INFO ] 🧩 Model added for round 49 (9/10) from ['node_11']
[ 2026-05-13 14:21:09 | node_8 | INFO ] 🧩 Model added for round 49 (6/10) from ['node_7']
[ 2026-05-13 14:21:09 | node_7 | INFO ] 🧩 Model added for round 49 (13/14) from ['node_42']
[ 2026-05-13 14:21:10 | node_2 | INFO ] 🗣️ Gossiping aggregated model.
[ 2026-05-13 14:21:10 | node_27 | INFO ] 🧩 Model added for round 49 (6/9) from ['node_49']
[ 2026-05-13 14:21:10 | node_17 | INFO ] 🧩 Model added for round 49 (5/8) from ['node_11']
[ 2026-05-13 14:21:10 | node_43 | INFO ] 🧩 Model added for round 49 (6/10) from ['node_12']
[ 2026-05-13 14:21:10 | node_14 | INFO ] 🧩 Model added for round 49 (9/9) from ['node_7']
[ 2026-05-13 14:21:10 | node_42 | INFO ] 🧩 Model added for round 49 (9/15) from ['node_5']
[ 2026-05-13 14:21:11 | node_8 | INFO ] 🧩 Model added for round 49 (7/10) from ['node_42']
[ 2026-05-13 14:21:11 | node_21 | INFO ] 🧩 Model added for round 49 (10/11) from ['node_11']
[ 2026-05-13 14:21:11 | node_32 | INFO ] 🧩 Model added for round 49 (12/13) from ['node_49']
[ 2026-05-13 14:21:12 | node_46 | INFO ] 🧩 Model added for round 49 (8/9) from ['node_5']
[ 2026-05-13 14:21:12 | node_16 | INFO ] 🧩 Model added for round 49 (13/14) from ['node_7']
[ 2026-05-13 14:21:12 | node_46 | INFO ] 🧩 Model added for round 49 (9/9) from ['node_12']
[ 2026-05-13 14:21:12 | node_11 | INFO ] 🧩 Model added for round 49 (9/10) from ['node_42']
[ 2026-05-13 14:21:12 | node_30 | INFO ] 🧩 Model added for round 49 (8/10) from ['node_11']
[ 2026-05-13 14:21:12 | node_14 | INFO ] 🧠 Aggregation complete. Setting new model.
[ 2026-05-13 14:21:12 | node_46 | INFO ] 🧠 Aggregation complete. Setting new model.
[ 2026-05-13 14:21:13 | node_33 | INFO ] 🧩 Model added for round 49 (9/11) from ['node_49']
[ 2026-05-13 14:21:13 | node_46 | INFO ] 🗣️ Gossiping aggregated model.
[ 2026-05-13 14:21:13 | node_14 | INFO ] 🗣️ Gossiping aggregated model.
[ 2026-05-13 14:21:13 | node_47 | INFO ] 🧩 Model added for round 49 (5/7) from ['node_12']
[ 2026-05-13 14:21:13 | node_12 | INFO ] 🧩 Model added for round 49 (11/13) from ['node_42']
[ 2026-05-13 14:21:13 | node_20 | INFO ] 🧩 Model added for round 49 (5/6) from ['node_7']
[ 2026-05-13 14:21:13 | node_33 | INFO ] 🧩 Model added for round 49 (10/11) from ['node_11']
[ 2026-05-13 14:21:14 | node_4 | INFO ] 📤 Sending model to 14 direct neighbors: ['node', 'node_5', 'node_6', 'node_8', 'node_9', 'node_10', 'node_12', 'node_15', 'node_17', 'node_24', 'node_25', 'node_30', 'node_31', 'node_47']
[ 2026-05-13 14:21:14 | node_43 | INFO ] 🧩 Model added for round 49 (7/10) from ['node_49']
[ 2026-05-13 14:21:14 | node_39 | INFO ] ⏹️  Gossiping exited for 50 equal rounds.
[ 2026-05-13 14:21:14 | node_39 | INFO ] 🔬 Evaluating...
[ 2026-05-13 14:21:14 | node_27 | INFO ] 🧩 Model added for round 49 (7/9) from ['node_7']
[ 2026-05-13 14:21:14 | node_39 | INFO ] 📈 Evaluated. Results: {'test_loss': 0.36432239413261414, 'test_acc': 0.9449999928474426, 'test_precision': 0.947740375995636, 'test_recall': 0.9366480112075806, 'test_f1': 0.9403572678565979, 'communication_cost': 37633960}
[ 2026-05-13 14:21:14 | node | INFO ] 🧩 Model added for round 49 (5/7) from ['node_4']
[ 2026-05-13 14:21:15 | node_39 | INFO ] 📢 Broadcasting metrics.
[ 2026-05-13 14:21:15 | node_48 | INFO ] 🧩 Model added for round 49 (7/8) from ['node_49']
[ 2026-05-13 14:21:15 | node_17 | INFO ] 🧩 Model added for round 49 (6/8) from ['node_42']
[ 2026-05-13 14:21:15 | node_38 | INFO ] 🧩 Model added for round 49 (8/8) from ['node_7']
[ 2026-05-13 14:21:15 | node_5 | INFO ] 🧩 Model added for round 49 (8/9) from ['node_4']
[ 2026-05-13 14:21:15 | node_40 | INFO ] 🧩 Model added for round 49 (5/6) from ['node_11']
[ 2026-05-13 14:21:16 | node_29 | INFO ] ⏹️  Gossiping exited for 50 equal rounds.
[ 2026-05-13 14:21:16 | node_38 | INFO ] 🧠 Aggregation complete. Setting new model.
[ 2026-05-13 14:21:16 | node_29 | INFO ] 🔬 Evaluating...
[ 2026-05-13 14:21:16 | node_38 | INFO ] 🗣️ Gossiping aggregated model.
[ 2026-05-13 14:21:16 | node_29 | INFO ] 📈 Evaluated. Results: {'test_loss': 0.2998757064342499, 'test_acc': 0.9649999737739563, 'test_precision': 0.9649350643157959, 'test_recall': 0.964343249797821, 'test_f1': 0.9638816714286804, 'communication_cost': 52687544}
[ 2026-05-13 14:21:16 | node_19 | INFO ] 🧩 Model added for round 49 (7/8) from ['node_42']
[ 2026-05-13 14:21:16 | node_42 | INFO ] 🧩 Model added for round 49 (10/15) from ['node_11']
[ 2026-05-13 14:21:16 | node_6 | INFO ] 🧩 Model added for round 49 (7/8) from ['node_4']
[ 2026-05-13 14:21:16 | node_29 | INFO ] 📢 Broadcasting metrics.
[ 2026-05-13 14:21:17 | node_42 | INFO ] 🧩 Model added for round 49 (11/15) from ['node_7']
[ 2026-05-13 14:21:17 | node_39 | INFO ] 🎉 Round 49 of 50 finished.
[ 2026-05-13 14:21:17 | node_39 | INFO ] 🗳️ [DETERMINISTIC] Train set assigned (No Voting). Size: 50
[ 2026-05-13 14:21:17 | node_39 | INFO ] ♻️ Proactively processing 9 early models for round 49.
[ 2026-05-13 14:21:17 | node_39 | INFO ] 🧩 Model added for round 49 (1/11) from ['node_41']
[ 2026-05-13 14:21:17 | node_39 | INFO ] 🧩 Model added for round 49 (2/11) from ['node_22']
[ 2026-05-13 14:21:17 | node_39 | INFO ] 🧩 Model added for round 49 (3/11) from ['node_40']
[ 2026-05-13 14:21:17 | node_39 | INFO ] 🧩 Model added for round 49 (4/11) from ['node_13']
[ 2026-05-13 14:21:17 | node_39 | INFO ] 🧩 Model added for round 49 (5/11) from ['node_8']
[ 2026-05-13 14:21:17 | node_39 | INFO ] 🧩 Model added for round 49 (6/11) from ['node_21']
[ 2026-05-13 14:21:17 | node_8 | INFO ] 🧩 Model added for round 49 (8/10) from ['node_4']
[ 2026-05-13 14:21:17 | node_39 | INFO ] 🧩 Model added for round 49 (7/11) from ['node']
[ 2026-05-13 14:21:17 | node_39 | INFO ] 🧩 Model added for round 49 (8/11) from ['node_5']
[ 2026-05-13 14:21:17 | node_39 | INFO ] 🧩 Model added for round 49 (9/11) from ['node_11']
[ 2026-05-13 14:21:17 | node_39 | INFO ] 🏋️‍♀️ Preparing training...
[ 2026-05-13 14:21:17 | node_23 | INFO ] 🧩 Model added for round 49 (8/8) from ['node_42']
[ 2026-05-13 14:21:18 | node_43 | INFO ] 🧩 Model added for round 49 (8/10) from ['node_7']
[ 2026-05-13 14:21:18 | node_39 | INFO ] 🎓 Training step done.
[ 2026-05-13 14:21:18 | node_39 | INFO ] 🛠️ Calling force_add_local_model...
[ 2026-05-13 14:21:18 | node_39 | INFO ] ✅ [FORCE] Local model added for round 49. (10/11)
[ 2026-05-13 14:21:18 | node_9 | INFO ] 🧩 Model added for round 49 (10/10) from ['node_4']
[ 2026-05-13 14:21:18 | node_23 | INFO ] 🧠 Aggregation complete. Setting new model.
[ 2026-05-13 14:21:19 | node_47 | INFO ] 🧩 Model added for round 49 (6/7) from ['node_7']
[ 2026-05-13 14:21:19 | node_23 | INFO ] 🗣️ Gossiping aggregated model.
[ 2026-05-13 14:21:19 | node_10 | INFO ] 🧩 Model added for round 49 (6/8) from ['node_4']
[ 2026-05-13 14:21:19 | node_29 | INFO ] 🎉 Round 49 of 50 finished.
[ 2026-05-13 14:21:19 | node_29 | INFO ] 🗳️ [DETERMINISTIC] Train set assigned (No Voting). Size: 50
[ 2026-05-13 14:21:20 | node_9 | INFO ] 🧠 Aggregation complete. Setting new model.
[ 2026-05-13 14:21:20 | node_36 | INFO ] 🧩 Model added for round 49 (5/7) from ['node_42']
[ 2026-05-13 14:21:20 | node_29 | INFO ] ♻️ Proactively processing 14 early models for round 49.
[ 2026-05-13 14:21:20 | node_29 | INFO ] 🧩 Model added for round 49 (1/15) from ['node_10']
[ 2026-05-13 14:21:20 | node_29 | INFO ] 🧩 Model added for round 49 (2/15) from ['node_43']
[ 2026-05-13 14:21:20 | node_29 | INFO ] 🧩 Model added for round 49 (3/15) from ['node_36']
[ 2026-05-13 14:21:20 | node_29 | INFO ] 🧩 Model added for round 49 (4/15) from ['node_18']
[ 2026-05-13 14:21:20 | node_29 | INFO ] 🧩 Model added for round 49 (5/15) from ['node_13']
[ 2026-05-13 14:21:20 | node_29 | INFO ] 🧩 Model added for round 49 (6/15) from ['node_8']
[ 2026-05-13 14:21:20 | node_29 | INFO ] 🧩 Model added for round 49 (7/15) from ['node_33']
[ 2026-05-13 14:21:20 | node_29 | INFO ] 🧩 Model added for round 49 (8/15) from ['node_19']
[ 2026-05-13 14:21:20 | node_29 | INFO ] 🧩 Model added for round 49 (9/15) from ['node_6']
[ 2026-05-13 14:21:20 | node_29 | INFO ] 🧩 Model added for round 49 (10/15) from ['node_30']
[ 2026-05-13 14:21:20 | node_29 | INFO ] 🧩 Model added for round 49 (11/15) from ['node']
[ 2026-05-13 14:21:20 | node_29 | INFO ] 🧩 Model added for round 49 (12/15) from ['node_12']
[ 2026-05-13 14:21:20 | node_29 | INFO ] 🧩 Model added for round 49 (13/15) from ['node_49']
[ 2026-05-13 14:21:20 | node_29 | INFO ] 🧩 Model added for round 49 (14/15) from ['node_42']
[ 2026-05-13 14:21:20 | node_29 | INFO ] 🏋️‍♀️ Preparing training...
[ 2026-05-13 14:21:20 | node_9 | INFO ] 🗣️ Gossiping aggregated model.
[ 2026-05-13 14:21:20 | node_12 | INFO ] 🧩 Model added for round 49 (12/13) from ['node_4']
[ 2026-05-13 14:21:20 | node_39 | INFO ] 🧩 Model added for round 49 (11/11) from ['node_42']
[ 2026-05-13 14:21:20 | node_29 | INFO ] 🎓 Training step done.
[ 2026-05-13 14:21:20 | node_29 | INFO ] 🛠️ Calling force_add_local_model...
[ 2026-05-13 14:21:21 | node_29 | INFO ] ✅ [FORCE] Local model added for round 49. (15/15)
[ 2026-05-13 14:21:21 | node_44 | INFO ] 🧩 Model added for round 49 (5/6) from ['node_42']
[ 2026-05-13 14:21:21 | node_15 | INFO ] 🧩 Model added for round 49 (5/7) from ['node_4']
[ 2026-05-13 14:21:22 | node_17 | INFO ] 🧩 Model added for round 49 (7/8) from ['node_4']
[ 2026-05-13 14:21:23 | node_24 | INFO ] 🧩 Model added for round 49 (9/9) from ['node_4']
[ 2026-05-13 14:21:23 | node_39 | INFO ] 📤 Sending model to 10 direct neighbors: ['node', 'node_5', 'node_8', 'node_11', 'node_13', 'node_21', 'node_22', 'node_40', 'node_41', 'node_42']
[ 2026-05-13 14:21:23 | node_24 | INFO ] 🧠 Aggregation complete. Setting new model.
[ 2026-05-13 14:21:23 | node | INFO ] 🧩 Model added for round 49 (6/7) from ['node_39']
[ 2026-05-13 14:21:24 | node_25 | INFO ] 🧩 Model added for round 49 (6/6) from ['node_4']
[ 2026-05-13 14:21:24 | node_25 | INFO ] 🧠 Aggregation complete. Setting new model.
[ 2026-05-13 14:21:24 | node_24 | INFO ] 🗣️ Gossiping aggregated model.
[ 2026-05-13 14:21:24 | node_30 | INFO ] 🧩 Model added for round 49 (9/10) from ['node_4']
[ 2026-05-13 14:21:24 | node_5 | INFO ] 🧩 Model added for round 49 (9/9) from ['node_39']
[ 2026-05-13 14:21:24 | node_25 | INFO ] 🗣️ Gossiping aggregated model.
[ 2026-05-13 14:21:25 | node_8 | INFO ] 🧩 Model added for round 49 (9/10) from ['node_39']
[ 2026-05-13 14:21:25 | node_31 | INFO ] 🧩 Model added for round 49 (3/3) from ['node_4']
[ 2026-05-13 14:21:25 | node_5 | INFO ] 🧠 Aggregation complete. Setting new model.
[ 2026-05-13 14:21:26 | ModelPackager | INFO ] Round 49: Consensus detected (dist: 0.000937). Patience: 3/5
[ 2026-05-13 14:21:26 | node_29 | INFO ] 📤 Sending model to 14 direct neighbors: ['node', 'node_6', 'node_8', 'node_10', 'node_12', 'node_13', 'node_18', 'node_19', 'node_30', 'node_33', 'node_36', 'node_42', 'node_43', 'node_49']
[ 2026-05-13 14:21:26 | node_31 | INFO ] 🧠 Aggregation complete. Setting new model.
[ 2026-05-13 14:21:26 | node_31 | INFO ] 🗣️ Gossiping aggregated model.
[ 2026-05-13 14:21:26 | node_5 | INFO ] 🗣️ Gossiping aggregated model.
[ 2026-05-13 14:21:26 | node | INFO ] 🧩 Model added for round 49 (7/7) from ['node_29']
[ 2026-05-13 14:21:26 | node_47 | INFO ] 🧩 Model added for round 49 (7/7) from ['node_4']
[ 2026-05-13 14:21:27 | node_11 | INFO ] 🧩 Model added for round 49 (10/10) from ['node_39']
[ 2026-05-13 14:21:27 | node_6 | INFO ] 🧩 Model added for round 49 (8/8) from ['node_29']
[ 2026-05-13 14:21:28 | node_13 | INFO ] 🧩 Model added for round 49 (8/9) from ['node_39']
[ 2026-05-13 14:21:28 | node_8 | INFO ] 🧩 Model added for round 49 (10/10) from ['node_29']
[ 2026-05-13 14:21:29 | node_21 | INFO ] 🧩 Model added for round 49 (11/11) from ['node_39']
[ 2026-05-13 14:21:29 | node_47 | INFO ] 🧠 Aggregation complete. Setting new model.
[ 2026-05-13 14:21:29 | node | INFO ] 🧠 Aggregation complete. Setting new model.
[ 2026-05-13 14:21:29 | node_10 | INFO ] 🧩 Model added for round 49 (7/8) from ['node_29']
[ 2026-05-13 14:21:29 | node_47 | INFO ] 🗣️ Gossiping aggregated model.
[ 2026-05-13 14:21:30 | node | INFO ] 🗣️ Gossiping aggregated model.
[ 2026-05-13 14:21:30 | node_22 | INFO ] 🧩 Model added for round 49 (5/5) from ['node_39']
[ 2026-05-13 14:21:30 | node_6 | INFO ] 🧠 Aggregation complete. Setting new model.
[ 2026-05-13 14:21:30 | node_12 | INFO ] 🧩 Model added for round 49 (13/13) from ['node_29']
[ 2026-05-13 14:21:31 | node_26 | INFO ] ⏹️  Gossiping exited for 50 equal rounds.
[ 2026-05-13 14:21:31 | node_11 | INFO ] 🧠 Aggregation complete. Setting new model.
[ 2026-05-13 14:21:31 | node_6 | INFO ] 🗣️ Gossiping aggregated model.
[ 2026-05-13 14:21:31 | node_40 | INFO ] 🧩 Model added for round 49 (6/6) from ['node_39']
[ 2026-05-13 14:21:31 | node_8 | INFO ] 🧠 Aggregation complete. Setting new model.
[ 2026-05-13 14:21:31 | node_26 | INFO ] 🔬 Evaluating...
[ 2026-05-13 14:21:31 | node_22 | INFO ] 🧠 Aggregation complete. Setting new model.
[ 2026-05-13 14:21:31 | node_4 | INFO ] 🧠 Aggregation complete. Setting new model.
[ 2026-05-13 14:21:31 | node_21 | INFO ] 🧠 Aggregation complete. Setting new model.
[ 2026-05-13 14:21:31 | node_40 | INFO ] 🧠 Aggregation complete. Setting new model.
[ 2026-05-13 14:21:31 | node_12 | INFO ] 🧠 Aggregation complete. Setting new model.
[ 2026-05-13 14:21:31 | node_26 | INFO ] 📈 Evaluated. Results: {'test_loss': 0.3060089349746704, 'test_acc': 0.9599999785423279, 'test_precision': 0.9607006907463074, 'test_recall': 0.9579448699951172, 'test_f1': 0.9584558010101318, 'communication_cost': 15053584}
[ 2026-05-13 14:21:32 | node_22 | INFO ] 🗣️ Gossiping aggregated model.
[ 2026-05-13 14:21:32 | node_40 | INFO ] 🗣️ Gossiping aggregated model.
[ 2026-05-13 14:21:32 | node_11 | INFO ] 🗣️ Gossiping aggregated model.
[ 2026-05-13 14:21:32 | node_8 | INFO ] 🗣️ Gossiping aggregated model.
[ 2026-05-13 14:21:32 | node_26 | INFO ] 📢 Broadcasting metrics.
[ 2026-05-13 14:21:32 | node_12 | INFO ] 🗣️ Gossiping aggregated model.
[ 2026-05-13 14:21:32 | node_41 | INFO ] 🧩 Model added for round 49 (3/3) from ['node_39']
[ 2026-05-13 14:21:32 | node_21 | INFO ] 🗣️ Gossiping aggregated model.
[ 2026-05-13 14:21:32 | node_13 | INFO ] 🧩 Model added for round 49 (9/9) from ['node_29']
[ 2026-05-13 14:21:33 | node_4 | INFO ] 🗣️ Gossiping aggregated model.
[ 2026-05-13 14:21:33 | node_42 | INFO ] 🧩 Model added for round 49 (12/15) from ['node_39']
[ 2026-05-13 14:21:33 | node_26 | INFO ] 🎉 Round 50 of 50 finished.
[ 2026-05-13 14:21:33 | node_26 | INFO ] 😋 Training finished!!
[ 2026-05-13 14:21:34 | ModelPackager | INFO ] Round 49: Consensus detected (dist: 0.000899). Patience: 4/5
[ 2026-05-13 14:21:34 | node_18 | INFO ] 🧩 Model added for round 49 (11/13) from ['node_29']
[ 2026-05-13 14:21:34 | node_41 | INFO ] 🧠 Aggregation complete. Setting new model.
[ 2026-05-13 14:21:34 | node_13 | INFO ] 🧠 Aggregation complete. Setting new model.
[ 2026-05-13 14:21:34 | node_41 | INFO ] 🗣️ Gossiping aggregated model.
[ 2026-05-13 14:21:34 | node_13 | INFO ] 🗣️ Gossiping aggregated model.
[ 2026-05-13 14:21:35 | node_19 | INFO ] 🧩 Model added for round 49 (8/8) from ['node_29']
[ 2026-05-13 14:21:36 | node_39 | INFO ] 🧠 Aggregation complete. Setting new model.
[ 2026-05-13 14:21:36 | node_19 | INFO ] 🧠 Aggregation complete. Setting new model.
[ 2026-05-13 14:21:36 | node_30 | INFO ] 🧩 Model added for round 49 (10/10) from ['node_29']
[ 2026-05-13 14:21:37 | node_19 | INFO ] 🗣️ Gossiping aggregated model.
[ 2026-05-13 14:21:37 | node_30 | INFO ] 🧠 Aggregation complete. Setting new model.
[ 2026-05-13 14:21:37 | node_39 | INFO ] 🗣️ Gossiping aggregated model.
[ 2026-05-13 14:21:38 | node_30 | INFO ] 🗣️ Gossiping aggregated model.
[ 2026-05-13 14:21:38 | node_33 | INFO ] 🧩 Model added for round 49 (11/11) from ['node_29']
[ 2026-05-13 14:21:39 | node_36 | INFO ] 🧩 Model added for round 49 (6/7) from ['node_29']
[ 2026-05-13 14:21:40 | node_42 | INFO ] 🧩 Model added for round 49 (13/15) from ['node_29']
[ 2026-05-13 14:21:40 | node_33 | INFO ] 🧠 Aggregation complete. Setting new model.
[ 2026-05-13 14:21:41 | node_33 | INFO ] 🗣️ Gossiping aggregated model.
[ 2026-05-13 14:21:41 | node_22 | INFO ] 🤫 Gossip finished.
[ 2026-05-13 14:21:42 | node_22 | INFO ] 🔬 Evaluating...
[ 2026-05-13 14:21:42 | node_43 | INFO ] 🧩 Model added for round 49 (9/10) from ['node_29']
[ 2026-05-13 14:21:42 | node_22 | INFO ] 📈 Evaluated. Results: {'test_loss': 0.6269258856773376, 'test_acc': 0.9599999785423279, 'test_precision': 0.964192271232605, 'test_recall': 0.9649099707603455, 'test_f1': 0.9640808701515198, 'communication_cost': 15053584}
[ 2026-05-13 14:21:42 | node_22 | INFO ] 📢 Broadcasting metrics.
[ 2026-05-13 14:21:43 | node_49 | INFO ] 🧩 Model added for round 49 (11/11) from ['node_29']
[ 2026-05-13 14:21:43 | node_22 | INFO ] 🎉 Round 50 of 50 finished.
[ 2026-05-13 14:21:43 | node_22 | INFO ] 😋 Training finished!!
[ 2026-05-13 14:21:45 | node_49 | INFO ] 🧠 Aggregation complete. Setting new model.
[ 2026-05-13 14:21:45 | node_29 | INFO ] 🧠 Aggregation complete. Setting new model.
[ 2026-05-13 14:21:46 | node_49 | INFO ] 🗣️ Gossiping aggregated model.
[ 2026-05-13 14:21:46 | node_29 | INFO ] 🗣️ Gossiping aggregated model.
[ 2026-05-13 14:22:32 | node_45 | INFO ] ⏹️  Gossiping exited for 50 equal rounds.
[ 2026-05-13 14:22:32 | node_45 | INFO ] 🔬 Evaluating...
[ 2026-05-13 14:22:33 | node_45 | INFO ] 📈 Evaluated. Results: {'test_loss': 0.20071253180503845, 'test_acc': 0.9649999737739563, 'test_precision': 0.9631490111351013, 'test_recall': 0.9678495526313782, 'test_f1': 0.9647576808929443, 'communication_cost': 15053584}
[ 2026-05-13 14:22:33 | node_45 | INFO ] 📢 Broadcasting metrics.
[ 2026-05-13 14:22:34 | node_45 | INFO ] 🎉 Round 50 of 50 finished.
[ 2026-05-13 14:22:34 | node_45 | INFO ] 😋 Training finished!!
[ 2026-05-13 14:22:40 | node_37 | INFO ] ⏹️  Gossiping exited for 50 equal rounds.
[ 2026-05-13 14:22:40 | node_37 | INFO ] 🔬 Evaluating...
[ 2026-05-13 14:22:41 | node_31 | INFO ] ⏹️  Gossiping exited for 50 equal rounds.
[ 2026-05-13 14:22:41 | node_31 | INFO ] 🔬 Evaluating...
[ 2026-05-13 14:22:41 | node_37 | INFO ] 📈 Evaluated. Results: {'test_loss': 0.15191097557544708, 'test_acc': 0.9649999737739563, 'test_precision': 0.9709533452987671, 'test_recall': 0.9660484194755554, 'test_f1': 0.9672496318817139, 'communication_cost': 11290188}
[ 2026-05-13 14:22:41 | node_37 | INFO ] 📢 Broadcasting metrics.
[ 2026-05-13 14:22:41 | node_31 | INFO ] 📈 Evaluated. Results: {'test_loss': 0.1960909217596054, 'test_acc': 0.9649999737739563, 'test_precision': 0.9665161967277527, 'test_recall': 0.9614457488059998, 'test_f1': 0.9627459049224854, 'communication_cost': 7526792}
[ 2026-05-13 14:22:42 | node_31 | INFO ] 📢 Broadcasting metrics.
[ 2026-05-13 14:22:42 | node_37 | INFO ] 🎉 Round 50 of 50 finished.
[ 2026-05-13 14:22:42 | node_37 | INFO ] 😋 Training finished!!
[ 2026-05-13 14:22:43 | node_31 | INFO ] 🎉 Round 50 of 50 finished.
[ 2026-05-13 14:22:43 | node_31 | INFO ] 😋 Training finished!!
[ 2026-05-13 14:22:45 | node_3 | INFO ] ⏹️  Gossiping exited for 50 equal rounds.
[ 2026-05-13 14:22:46 | node_3 | INFO ] 🔬 Evaluating...
[ 2026-05-13 14:22:46 | node_3 | INFO ] 📈 Evaluated. Results: {'test_loss': 0.17784424126148224, 'test_acc': 0.9700000286102295, 'test_precision': 0.9702540040016174, 'test_recall': 0.9725860357284546, 'test_f1': 0.970847487449646, 'communication_cost': 41397356}
[ 2026-05-13 14:22:46 | node_3 | INFO ] 📢 Broadcasting metrics.
[ 2026-05-13 14:22:49 | node_3 | INFO ] 🎉 Round 49 of 50 finished.
[ 2026-05-13 14:22:49 | node_3 | INFO ] 🗳️ [DETERMINISTIC] Train set assigned (No Voting). Size: 50
[ 2026-05-13 14:22:49 | node_3 | INFO ] ♻️ Proactively processing 11 early models for round 49.
[ 2026-05-13 14:22:49 | node_3 | INFO ] 🧩 Model added for round 49 (1/12) from ['node_35']
[ 2026-05-13 14:22:49 | node_3 | INFO ] 🧩 Model added for round 49 (2/12) from ['node_15']
[ 2026-05-13 14:22:49 | node_3 | INFO ] 🧩 Model added for round 49 (3/12) from ['node_34']
[ 2026-05-13 14:22:49 | node_3 | INFO ] 🧩 Model added for round 49 (4/12) from ['node_27']
[ 2026-05-13 14:22:49 | node_3 | INFO ] 🧩 Model added for round 49 (5/12) from ['node_43']
[ 2026-05-13 14:22:49 | node_3 | INFO ] 🧩 Model added for round 49 (6/12) from ['node_18']
[ 2026-05-13 14:22:49 | node_3 | INFO ] 🧩 Model added for round 49 (7/12) from ['node_48']
[ 2026-05-13 14:22:49 | node_3 | INFO ] 🧩 Model added for round 49 (8/12) from ['node_44']
[ 2026-05-13 14:22:49 | node_3 | INFO ] 🧩 Model added for round 49 (9/12) from ['node_32']
[ 2026-05-13 14:22:49 | node_3 | INFO ] 🧩 Model added for round 49 (10/12) from ['node_42']
[ 2026-05-13 14:22:49 | node_3 | INFO ] 🧩 Model added for round 49 (11/12) from ['node_7']
[ 2026-05-13 14:22:49 | node_3 | INFO ] 🏋️‍♀️ Preparing training...
[ 2026-05-13 14:22:50 | node_3 | INFO ] 🎓 Training step done.
[ 2026-05-13 14:22:50 | node_3 | INFO ] 🛠️ Calling force_add_local_model...
[ 2026-05-13 14:22:50 | node_3 | INFO ] ✅ [FORCE] Local model added for round 49. (12/12)
[ 2026-05-13 14:22:53 | node_41 | INFO ] ⏹️  Gossiping exited for 50 equal rounds.
[ 2026-05-13 14:22:54 | node_41 | INFO ] 🔬 Evaluating...
[ 2026-05-13 14:22:54 | node_41 | INFO ] 📈 Evaluated. Results: {'test_loss': 0.49867740273475647, 'test_acc': 0.9599999785423279, 'test_precision': 0.961794912815094, 'test_recall': 0.9588989019393921, 'test_f1': 0.9591844081878662, 'communication_cost': 7526792}
[ 2026-05-13 14:22:54 | node_41 | INFO ] 📢 Broadcasting metrics.
[ 2026-05-13 14:22:55 | node_41 | INFO ] 🎉 Round 50 of 50 finished.
[ 2026-05-13 14:22:55 | node_41 | INFO ] 😋 Training finished!!
[ 2026-05-13 14:22:55 | node_3 | INFO ] 📤 Sending model to 11 direct neighbors: ['node_7', 'node_15', 'node_18', 'node_27', 'node_32', 'node_34', 'node_35', 'node_42', 'node_43', 'node_44', 'node_48']
[ 2026-05-13 14:22:56 | node_7 | INFO ] 🧩 Model added for round 49 (14/14) from ['node_3']
[ 2026-05-13 14:22:57 | node_15 | INFO ] 🧩 Model added for round 49 (6/7) from ['node_3']
[ 2026-05-13 14:22:58 | node_7 | INFO ] 🧠 Aggregation complete. Setting new model.
[ 2026-05-13 14:22:58 | node_18 | INFO ] 🧩 Model added for round 49 (12/13) from ['node_3']
[ 2026-05-13 14:22:59 | node_7 | INFO ] 🗣️ Gossiping aggregated model.
[ 2026-05-13 14:22:59 | node_27 | INFO ] 🧩 Model added for round 49 (8/9) from ['node_3']
[ 2026-05-13 14:23:00 | node | INFO ] ⏹️  Gossiping exited for 50 equal rounds.
[ 2026-05-13 14:23:00 | node | INFO ] 🔬 Evaluating...
[ 2026-05-13 14:23:00 | node | INFO ] 📈 Evaluated. Results: {'test_loss': 0.06544463336467743, 'test_acc': 0.9850000143051147, 'test_precision': 0.9842262864112854, 'test_recall': 0.9845833778381348, 'test_f1': 0.9843052625656128, 'communication_cost': 22580376}
[ 2026-05-13 14:23:00 | node | INFO ] 📢 Broadcasting metrics.
[ 2026-05-13 14:23:00 | node_32 | INFO ] 🧩 Model added for round 49 (13/13) from ['node_3']
[ 2026-05-13 14:23:02 | node | INFO ] 🎉 Round 50 of 50 finished.
[ 2026-05-13 14:23:02 | node | INFO ] 😋 Training finished!!
[ 2026-05-13 14:23:02 | node_34 | INFO ] 🧩 Model added for round 49 (7/8) from ['node_3']
[ 2026-05-13 14:23:03 | node_35 | INFO ] 🧩 Model added for round 49 (7/7) from ['node_3']
[ 2026-05-13 14:23:03 | node_32 | INFO ] 🧠 Aggregation complete. Setting new model.
[ 2026-05-13 14:23:03 | node_35 | INFO ] 🧠 Aggregation complete. Setting new model.
[ 2026-05-13 14:23:04 | node_42 | INFO ] 🧩 Model added for round 49 (14/15) from ['node_3']
[ 2026-05-13 14:23:04 | node_35 | INFO ] 🗣️ Gossiping aggregated model.
[ 2026-05-13 14:23:04 | node_40 | INFO ] ⏹️  Gossiping exited for 50 equal rounds.
[ 2026-05-13 14:23:04 | node_40 | INFO ] 🔬 Evaluating...
[ 2026-05-13 14:23:05 | node_32 | INFO ] 🗣️ Gossiping aggregated model.
[ 2026-05-13 14:23:05 | node_40 | INFO ] 📈 Evaluated. Results: {'test_loss': 0.28635263442993164, 'test_acc': 0.9599999785423279, 'test_precision': 0.963610053062439, 'test_recall': 0.9613451957702637, 'test_f1': 0.9610476493835449, 'communication_cost': 18816980}
[ 2026-05-13 14:23:05 | node_40 | INFO ] 📢 Broadcasting metrics.
[ 2026-05-13 14:23:05 | node_43 | INFO ] 🧩 Model added for round 49 (10/10) from ['node_3']
[ 2026-05-13 14:23:06 | node_6 | INFO ] ⏹️  Gossiping exited for 50 equal rounds.
[ 2026-05-13 14:23:06 | node_6 | INFO ] 🔬 Evaluating...
[ 2026-05-13 14:23:06 | node_43 | INFO ] 🧠 Aggregation complete. Setting new model.
[ 2026-05-13 14:23:06 | node_6 | INFO ] 📈 Evaluated. Results: {'test_loss': 0.13067308068275452, 'test_acc': 0.9700000286102295, 'test_precision': 0.9741876125335693, 'test_recall': 0.9740701913833618, 'test_f1': 0.9730695486068726, 'communication_cost': 26343772}
[ 2026-05-13 14:23:06 | node_40 | INFO ] 🎉 Round 50 of 50 finished.
[ 2026-05-13 14:23:06 | node_40 | INFO ] 😋 Training finished!!
[ 2026-05-13 14:23:07 | node_6 | INFO ] 📢 Broadcasting metrics.
[ 2026-05-13 14:23:07 | node_43 | INFO ] 🗣️ Gossiping aggregated model.
[ 2026-05-13 14:23:07 | node_44 | INFO ] 🧩 Model added for round 49 (6/6) from ['node_3']
[ 2026-05-13 14:23:08 | node_48 | INFO ] 🧩 Model added for round 49 (8/8) from ['node_3']
[ 2026-05-13 14:23:08 | node_44 | INFO ] 🧠 Aggregation complete. Setting new model.
[ 2026-05-13 14:23:08 | node_48 | INFO ] 🧠 Aggregation complete. Setting new model.
[ 2026-05-13 14:23:09 | node_6 | INFO ] 🎉 Round 50 of 50 finished.
[ 2026-05-13 14:23:09 | node_6 | INFO ] 😋 Training finished!!
[ 2026-05-13 14:23:09 | node_44 | INFO ] 🗣️ Gossiping aggregated model.
[ 2026-05-13 14:23:09 | node_48 | INFO ] 🗣️ Gossiping aggregated model.
[ 2026-05-13 14:23:10 | node_38 | INFO ] ⏹️  Gossiping exited for 50 equal rounds.
[ 2026-05-13 14:23:10 | node_38 | INFO ] 🔬 Evaluating...
[ 2026-05-13 14:23:10 | node_38 | INFO ] 📈 Evaluated. Results: {'test_loss': 0.19215595722198486, 'test_acc': 0.9599999785423279, 'test_precision': 0.95697420835495, 'test_recall': 0.9585437774658203, 'test_f1': 0.956448495388031, 'communication_cost': 26343772}
[ 2026-05-13 14:23:10 | node_28 | INFO ] ⏹️  Gossiping exited for 50 equal rounds.
[ 2026-05-13 14:23:10 | node_28 | INFO ] 🔬 Evaluating...
[ 2026-05-13 14:23:10 | node_38 | INFO ] 📢 Broadcasting metrics.
[ 2026-05-13 14:23:11 | node_28 | INFO ] 📈 Evaluated. Results: {'test_loss': 0.11308891326189041, 'test_acc': 0.9800000190734863, 'test_precision': 0.9836640357971191, 'test_recall': 0.980828046798706, 'test_f1': 0.9817759990692139, 'communication_cost': 41397356}
[ 2026-05-13 14:23:11 | node_28 | INFO ] 📢 Broadcasting metrics.
[ 2026-05-13 14:23:12 | node_3 | INFO ] 🧠 Aggregation complete. Setting new model.
[ 2026-05-13 14:23:12 | node_3 | INFO ] 🗣️ Gossiping aggregated model.
[ 2026-05-13 14:23:12 | node_38 | INFO ] 🎉 Round 50 of 50 finished.
[ 2026-05-13 14:23:12 | node_38 | INFO ] 😋 Training finished!!
[ 2026-05-13 14:23:14 | node_28 | INFO ] 🎉 Round 49 of 50 finished.
[ 2026-05-13 14:23:14 | node_28 | INFO ] 🗳️ [DETERMINISTIC] Train set assigned (No Voting). Size: 50
[ 2026-05-13 14:23:14 | node_28 | INFO ] ♻️ Proactively processing 11 early models for round 49.
[ 2026-05-13 14:23:14 | node_28 | INFO ] 🧩 Model added for round 49 (1/12) from ['node_20']
[ 2026-05-13 14:23:14 | node_28 | INFO ] 🧩 Model added for round 49 (2/12) from ['node_1']
[ 2026-05-13 14:23:14 | node_28 | INFO ] 🧩 Model added for round 49 (3/12) from ['node_15']
[ 2026-05-13 14:23:14 | node_28 | INFO ] 🧩 Model added for round 49 (4/12) from ['node_34']
[ 2026-05-13 14:23:14 | node_28 | INFO ] 🧩 Model added for round 49 (5/12) from ['node_27']
[ 2026-05-13 14:23:14 | node_28 | INFO ] 🧩 Model added for round 49 (6/12) from ['node_10']
[ 2026-05-13 14:23:14 | node_28 | INFO ] 🧩 Model added for round 49 (7/12) from ['node_36']
[ 2026-05-13 14:23:14 | node_28 | INFO ] 🧩 Model added for round 49 (8/12) from ['node_18']
[ 2026-05-13 14:23:14 | node_28 | INFO ] 🧩 Model added for round 49 (9/12) from ['node_17']
[ 2026-05-13 14:23:14 | node_28 | INFO ] 🧩 Model added for round 49 (10/12) from ['node_16']
[ 2026-05-13 14:23:14 | node_28 | INFO ] 🧩 Model added for round 49 (11/12) from ['node_42']
[ 2026-05-13 14:23:14 | node_28 | INFO ] 🏋️‍♀️ Preparing training...
[ 2026-05-13 14:23:15 | node_28 | INFO ] 🎓 Training step done.
[ 2026-05-13 14:23:15 | node_28 | INFO ] 🛠️ Calling force_add_local_model...
[ 2026-05-13 14:23:15 | node_28 | INFO ] ✅ [FORCE] Local model added for round 49. (12/12)
[ 2026-05-13 14:23:19 | node_2 | INFO ] ⏹️  Gossiping exited for 50 equal rounds.
[ 2026-05-13 14:23:19 | node_2 | INFO ] 🔬 Evaluating...
[ 2026-05-13 14:23:19 | node_2 | INFO ] 📈 Evaluated. Results: {'test_loss': 0.18218392133712769, 'test_acc': 0.9800000190734863, 'test_precision': 0.978238582611084, 'test_recall': 0.976122260093689, 'test_f1': 0.9766576290130615, 'communication_cost': 45160752}
[ 2026-05-13 14:23:19 | node_2 | INFO ] 📢 Broadcasting metrics.
[ 2026-05-13 14:23:20 | node_28 | INFO ] 📤 Sending model to 11 direct neighbors: ['node_1', 'node_10', 'node_15', 'node_16', 'node_17', 'node_18', 'node_20', 'node_27', 'node_34', 'node_36', 'node_42']
[ 2026-05-13 14:23:20 | node_1 | INFO ] 🧩 Model added for round 49 (5/5) from ['node_28']
[ 2026-05-13 14:23:21 | ModelPackager | INFO ] Round 49: Consensus detected (dist: 0.000967). Patience: 1/5
[ 2026-05-13 14:23:21 | node_1 | INFO ] 🧠 Aggregation complete. Setting new model.
[ 2026-05-13 14:23:21 | node_1 | INFO ] 🗣️ Gossiping aggregated model.
[ 2026-05-13 14:23:21 | node_10 | INFO ] 🧩 Model added for round 49 (8/8) from ['node_28']
[ 2026-05-13 14:23:22 | node_15 | INFO ] 🧩 Model added for round 49 (7/7) from ['node_28']
[ 2026-05-13 14:23:23 | node_10 | INFO ] 🧠 Aggregation complete. Setting new model.
[ 2026-05-13 14:23:23 | node_16 | INFO ] 🧩 Model added for round 49 (14/14) from ['node_28']
[ 2026-05-13 14:23:23 | node_15 | INFO ] 🧠 Aggregation complete. Setting new model.
[ 2026-05-13 14:23:23 | node_2 | INFO ] 🎉 Round 50 of 50 finished.
[ 2026-05-13 14:23:24 | node_2 | INFO ] 😋 Training finished!!
[ 2026-05-13 14:23:24 | node_10 | INFO ] 🗣️ Gossiping aggregated model.
[ 2026-05-13 14:23:24 | node_16 | INFO ] 🧠 Aggregation complete. Setting new model.
[ 2026-05-13 14:23:24 | node_15 | INFO ] 🗣️ Gossiping aggregated model.
[ 2026-05-13 14:23:25 | node_16 | INFO ] 🗣️ Gossiping aggregated model.
[ 2026-05-13 14:23:25 | node_17 | INFO ] 🧩 Model added for round 49 (8/8) from ['node_28']
[ 2026-05-13 14:23:26 | node_23 | INFO ] ⏹️  Gossiping exited for 50 equal rounds.
[ 2026-05-13 14:23:26 | node_23 | INFO ] 🔬 Evaluating...
[ 2026-05-13 14:23:26 | node_14 | INFO ] ⏹️  Gossiping exited for 50 equal rounds.
[ 2026-05-13 14:23:26 | node_14 | INFO ] 🔬 Evaluating...
[ 2026-05-13 14:23:26 | node_23 | INFO ] 📈 Evaluated. Results: {'test_loss': 0.09512030333280563, 'test_acc': 0.9850000143051147, 'test_precision': 0.9869889616966248, 'test_recall': 0.9859308004379272, 'test_f1': 0.986366868019104, 'communication_cost': 26343772}
[ 2026-05-13 14:23:26 | node_14 | INFO ] 📈 Evaluated. Results: {'test_loss': 0.20406492054462433, 'test_acc': 0.9549999833106995, 'test_precision': 0.952120304107666, 'test_recall': 0.9575053453445435, 'test_f1': 0.9529708623886108, 'communication_cost': 30107168}
[ 2026-05-13 14:23:27 | node_23 | INFO ] 📢 Broadcasting metrics.
[ 2026-05-13 14:23:27 | node_18 | INFO ] 🧩 Model added for round 49 (13/13) from ['node_28']
[ 2026-05-13 14:23:27 | node_14 | INFO ] 📢 Broadcasting metrics.
[ 2026-05-13 14:23:27 | node_17 | INFO ] 🧠 Aggregation complete. Setting new model.
[ 2026-05-13 14:23:27 | node_18 | INFO ] 🧠 Aggregation complete. Setting new model.
[ 2026-05-13 14:23:27 | node_17 | INFO ] 🗣️ Gossiping aggregated model.
[ 2026-05-13 14:23:28 | node_18 | INFO ] 🗣️ Gossiping aggregated model.
[ 2026-05-13 14:23:28 | node_20 | INFO ] 🧩 Model added for round 49 (6/6) from ['node_28']
[ 2026-05-13 14:23:29 | node_23 | INFO ] 🎉 Round 50 of 50 finished.
[ 2026-05-13 14:23:29 | node_23 | INFO ] 😋 Training finished!!
[ 2026-05-13 14:23:29 | node_24 | INFO ] ⏹️  Gossiping exited for 50 equal rounds.
[ 2026-05-13 14:23:29 | node_24 | INFO ] 🔬 Evaluating...
[ 2026-05-13 14:23:29 | node_14 | INFO ] 🎉 Round 50 of 50 finished.
[ 2026-05-13 14:23:29 | node_14 | INFO ] 😋 Training finished!!
[ 2026-05-13 14:23:29 | node_27 | INFO ] 🧩 Model added for round 49 (9/9) from ['node_28']
[ 2026-05-13 14:23:29 | node_20 | INFO ] 🧠 Aggregation complete. Setting new model.
[ 2026-05-13 14:23:29 | node_27 | INFO ] 🧠 Aggregation complete. Setting new model.
[ 2026-05-13 14:23:29 | node_24 | INFO ] 📈 Evaluated. Results: {'test_loss': 0.1545788198709488, 'test_acc': 0.9800000190734863, 'test_precision': 0.9800005555152893, 'test_recall': 0.9809592366218567, 'test_f1': 0.9799253344535828, 'communication_cost': 30107168}
[ 2026-05-13 14:23:30 | node_24 | INFO ] 📢 Broadcasting metrics.
[ 2026-05-13 14:23:30 | node_20 | INFO ] 🗣️ Gossiping aggregated model.
[ 2026-05-13 14:23:30 | node_27 | INFO ] 🗣️ Gossiping aggregated model.
[ 2026-05-13 14:23:30 | node_34 | INFO ] 🧩 Model added for round 49 (8/8) from ['node_28']
[ 2026-05-13 14:23:31 | node_34 | INFO ] 🧠 Aggregation complete. Setting new model.
[ 2026-05-13 14:23:31 | node_48 | INFO ] 🤫 Gossip finished.
[ 2026-05-13 14:23:31 | node_48 | INFO ] 🔬 Evaluating...
[ 2026-05-13 14:23:31 | node_48 | INFO ] 📈 Evaluated. Results: {'test_loss': 0.06364396214485168, 'test_acc': 0.9900000095367432, 'test_precision': 0.9900001287460327, 'test_recall': 0.993103563785553, 'test_f1': 0.9913004040718079, 'communication_cost': 26343772}
[ 2026-05-13 14:23:31 | node_34 | INFO ] 🗣️ Gossiping aggregated model.
[ 2026-05-13 14:23:32 | node_48 | INFO ] 📢 Broadcasting metrics.
[ 2026-05-13 14:23:32 | node_36 | INFO ] 🧩 Model added for round 49 (7/7) from ['node_28']
[ 2026-05-13 14:23:32 | node_24 | INFO ] 🎉 Round 50 of 50 finished.
[ 2026-05-13 14:23:32 | node_24 | INFO ] 😋 Training finished!!
[ 2026-05-13 14:23:33 | node_42 | INFO ] 🧩 Model added for round 49 (15/15) from ['node_28']
[ 2026-05-13 14:23:33 | node_36 | INFO ] 🧠 Aggregation complete. Setting new model.
[ 2026-05-13 14:23:33 | node_42 | INFO ] 🧠 Aggregation complete. Setting new model.
[ 2026-05-13 14:23:34 | node_48 | INFO ] 🎉 Round 50 of 50 finished.
[ 2026-05-13 14:23:34 | node_48 | INFO ] 😋 Training finished!!
[ 2026-05-13 14:23:34 | node_36 | INFO ] 🗣️ Gossiping aggregated model.
[ 2026-05-13 14:23:34 | node_39 | INFO ] ⏹️  Gossiping exited for 50 equal rounds.
[ 2026-05-13 14:23:34 | node_39 | INFO ] 🔬 Evaluating...
[ 2026-05-13 14:23:34 | node_39 | INFO ] 📈 Evaluated. Results: {'test_loss': 0.378025084733963, 'test_acc': 0.9549999833106995, 'test_precision': 0.9538705945014954, 'test_recall': 0.9491479992866516, 'test_f1': 0.9506514668464661, 'communication_cost': 37633960}
[ 2026-05-13 14:23:34 | node_42 | INFO ] 🗣️ Gossiping aggregated model.
[ 2026-05-13 14:23:34 | node_39 | INFO ] 📢 Broadcasting metrics.
[ 2026-05-13 14:23:36 | node_28 | INFO ] 🧠 Aggregation complete. Setting new model.
[ 2026-05-13 14:23:36 | node_11 | INFO ] ⏹️  Gossiping exited for 50 equal rounds.
[ 2026-05-13 14:23:36 | node_11 | INFO ] 🔬 Evaluating...
[ 2026-05-13 14:23:36 | node_5 | INFO ] ⏹️  Gossiping exited for 50 equal rounds.
[ 2026-05-13 14:23:36 | node_47 | INFO ] ⏹️  Gossiping exited for 50 equal rounds.
[ 2026-05-13 14:23:36 | node_5 | INFO ] 🔬 Evaluating...
[ 2026-05-13 14:23:36 | node_47 | INFO ] 🔬 Evaluating...
[ 2026-05-13 14:23:36 | node_11 | INFO ] 📈 Evaluated. Results: {'test_loss': 0.05777784436941147, 'test_acc': 0.9750000238418579, 'test_precision': 0.9754737615585327, 'test_recall': 0.9680702686309814, 'test_f1': 0.9706497192382812, 'communication_cost': 33870564}
[ 2026-05-13 14:23:37 | node_17 | INFO ] 🤫 Gossip finished.
[ 2026-05-13 14:23:37 | node_11 | INFO ] 📢 Broadcasting metrics.
[ 2026-05-13 14:23:37 | node_17 | INFO ] 🔬 Evaluating...
[ 2026-05-13 14:23:37 | node_5 | INFO ] 📈 Evaluated. Results: {'test_loss': 0.061955876648426056, 'test_acc': 0.9649999737739563, 'test_precision': 0.9682760834693909, 'test_recall': 0.9652777910232544, 'test_f1': 0.9662429094314575, 'communication_cost': 30107168}
[ 2026-05-13 14:23:37 | node_47 | INFO ] 📈 Evaluated. Results: {'test_loss': 0.30939382314682007, 'test_acc': 0.949999988079071, 'test_precision': 0.9525842070579529, 'test_recall': 0.9503946900367737, 'test_f1': 0.9499910473823547, 'communication_cost': 22580376}
[ 2026-05-13 14:23:37 | node_28 | INFO ] 🗣️ Gossiping aggregated model.
[ 2026-05-13 14:23:37 | node_39 | INFO ] 🎉 Round 50 of 50 finished.
[ 2026-05-13 14:23:37 | node_39 | INFO ] 😋 Training finished!!
[ 2026-05-13 14:23:37 | node_17 | INFO ] 📈 Evaluated. Results: {'test_loss': 0.2187947779893875, 'test_acc': 0.9649999737739563, 'test_precision': 0.9647372364997864, 'test_recall': 0.9606460332870483, 'test_f1': 0.9612381458282471, 'communication_cost': 26343772}
[ 2026-05-13 14:23:37 | node_5 | INFO ] 📢 Broadcasting metrics.
[ 2026-05-13 14:23:37 | node_1 | INFO ] 🤫 Gossip finished.
[ 2026-05-13 14:23:37 | node_1 | INFO ] 🔬 Evaluating...
[ 2026-05-13 14:23:37 | node_34 | INFO ] 🤫 Gossip finished.
[ 2026-05-13 14:23:37 | node_34 | INFO ] 🔬 Evaluating...
[ 2026-05-13 14:23:37 | node_47 | INFO ] 📢 Broadcasting metrics.
[ 2026-05-13 14:23:37 | node_17 | INFO ] 📢 Broadcasting metrics.
[ 2026-05-13 14:23:37 | node_20 | INFO ] 🤫 Gossip finished.
[ 2026-05-13 14:23:37 | node_34 | INFO ] 📈 Evaluated. Results: {'test_loss': 0.1732911318540573, 'test_acc': 0.9750000238418579, 'test_precision': 0.9738705158233643, 'test_recall': 0.9734094142913818, 'test_f1': 0.973264753818512, 'communication_cost': 26343772}
[ 2026-05-13 14:23:37 | node_1 | INFO ] 📈 Evaluated. Results: {'test_loss': 0.19481991231441498, 'test_acc': 0.9649999737739563, 'test_precision': 0.9630765318870544, 'test_recall': 0.9603412747383118, 'test_f1': 0.9591874480247498, 'communication_cost': 15053584}
[ 2026-05-13 14:23:37 | node_20 | INFO ] 🔬 Evaluating...
[ 2026-05-13 14:23:38 | node_15 | INFO ] 🤫 Gossip finished.
[ 2026-05-13 14:23:38 | node_34 | INFO ] 📢 Broadcasting metrics.
[ 2026-05-13 14:23:38 | node_15 | INFO ] 🔬 Evaluating...
[ 2026-05-13 14:23:38 | node_20 | INFO ] 📈 Evaluated. Results: {'test_loss': 0.3675587475299835, 'test_acc': 0.9549999833106995, 'test_precision': 0.9426087141036987, 'test_recall': 0.95658278465271, 'test_f1': 0.9473525881767273, 'communication_cost': 18816980}
[ 2026-05-13 14:23:38 | node_1 | INFO ] 📢 Broadcasting metrics.
[ 2026-05-13 14:23:38 | node_15 | INFO ] 📈 Evaluated. Results: {'test_loss': 0.06763646751642227, 'test_acc': 0.9800000190734863, 'test_precision': 0.9779598712921143, 'test_recall': 0.9837474226951599, 'test_f1': 0.980246365070343, 'communication_cost': 22580376}
[ 2026-05-13 14:23:38 | node_20 | INFO ] 📢 Broadcasting metrics.
[ 2026-05-13 14:23:39 | node_15 | INFO ] 📢 Broadcasting metrics.
[ 2026-05-13 14:23:39 | node_47 | INFO ] 🎉 Round 50 of 50 finished.
[ 2026-05-13 14:23:39 | node_47 | INFO ] 😋 Training finished!!
[ 2026-05-13 14:23:39 | node_11 | INFO ] 🎉 Round 50 of 50 finished.
[ 2026-05-13 14:23:39 | node_11 | INFO ] 😋 Training finished!!
[ 2026-05-13 14:23:39 | node_5 | INFO ] 🎉 Round 50 of 50 finished.
[ 2026-05-13 14:23:39 | node_1 | INFO ] 🎉 Round 50 of 50 finished.
[ 2026-05-13 14:23:40 | node_5 | INFO ] 😋 Training finished!!
[ 2026-05-13 14:23:40 | node_1 | INFO ] 😋 Training finished!!
[ 2026-05-13 14:23:40 | node_17 | INFO ] 🎉 Round 50 of 50 finished.
[ 2026-05-13 14:23:40 | node_17 | INFO ] 😋 Training finished!!
[ 2026-05-13 14:23:40 | node_20 | INFO ] 🎉 Round 50 of 50 finished.
[ 2026-05-13 14:23:40 | node_20 | INFO ] 😋 Training finished!!
[ 2026-05-13 14:23:40 | node_34 | INFO ] 🎉 Round 50 of 50 finished.
[ 2026-05-13 14:23:40 | node_34 | INFO ] 😋 Training finished!!
[ 2026-05-13 14:23:40 | node_15 | INFO ] 🎉 Round 50 of 50 finished.
[ 2026-05-13 14:23:40 | node_15 | INFO ] 😋 Training finished!!
[ 2026-05-13 14:23:42 | node_12 | INFO ] ⏹️  Gossiping exited for 50 equal rounds.
[ 2026-05-13 14:23:42 | node_4 | INFO ] ⏹️  Gossiping exited for 50 equal rounds.
[ 2026-05-13 14:23:42 | node_4 | INFO ] 🔬 Evaluating...
[ 2026-05-13 14:23:42 | node_12 | INFO ] 🔬 Evaluating...
[ 2026-05-13 14:23:42 | node_4 | INFO ] 📈 Evaluated. Results: {'test_loss': 0.4250933825969696, 'test_acc': 0.949999988079071, 'test_precision': 0.9472312331199646, 'test_recall': 0.9485434889793396, 'test_f1': 0.9459872245788574, 'communication_cost': 52687544}
[ 2026-05-13 14:23:42 | node_12 | INFO ] 📈 Evaluated. Results: {'test_loss': 0.269368439912796, 'test_acc': 0.9649999737739563, 'test_precision': 0.9693095684051514, 'test_recall': 0.9670544266700745, 'test_f1': 0.9676200747489929, 'communication_cost': 45160752}
[ 2026-05-13 14:23:42 | node_4 | INFO ] 📢 Broadcasting metrics.
[ 2026-05-13 14:23:43 | node_12 | INFO ] 📢 Broadcasting metrics.
[ 2026-05-13 14:23:44 | node_8 | INFO ] ⏹️  Gossiping exited for 50 equal rounds.
[ 2026-05-13 14:23:44 | node_8 | INFO ] 🔬 Evaluating...
[ 2026-05-13 14:23:44 | node_8 | INFO ] 📈 Evaluated. Results: {'test_loss': 0.18657733500003815, 'test_acc': 0.9800000190734863, 'test_precision': 0.9803891181945801, 'test_recall': 0.9811618328094482, 'test_f1': 0.9802562594413757, 'communication_cost': 33870564}
[ 2026-05-13 14:23:45 | node_8 | INFO ] 📢 Broadcasting metrics.
[ 2026-05-13 14:23:45 | node_21 | INFO ] ⏹️  Gossiping exited for 50 equal rounds.
[ 2026-05-13 14:23:45 | node_12 | INFO ] 🎉 Round 50 of 50 finished.
[ 2026-05-13 14:23:45 | node_12 | INFO ] 😋 Training finished!!
[ 2026-05-13 14:23:45 | node_21 | INFO ] 🔬 Evaluating...
[ 2026-05-13 14:23:45 | node_13 | INFO ] ⏹️  Gossiping exited for 50 equal rounds.
[ 2026-05-13 14:23:46 | node_13 | INFO ] 🔬 Evaluating...
[ 2026-05-13 14:23:46 | node_21 | INFO ] 📈 Evaluated. Results: {'test_loss': 0.03636962175369263, 'test_acc': 0.9850000143051147, 'test_precision': 0.9851915240287781, 'test_recall': 0.9854167103767395, 'test_f1': 0.9849246144294739, 'communication_cost': 37633960}
[ 2026-05-13 14:23:46 | node_4 | INFO ] 🎉 Round 50 of 50 finished.
[ 2026-05-13 14:23:46 | node_4 | INFO ] 😋 Training finished!!
[ 2026-05-13 14:23:46 | node_21 | INFO ] 📢 Broadcasting metrics.
[ 2026-05-13 14:23:46 | node_13 | INFO ] 📈 Evaluated. Results: {'test_loss': 0.2942278981208801, 'test_acc': 0.9700000286102295, 'test_precision': 0.9724510312080383, 'test_recall': 0.9707353711128235, 'test_f1': 0.970975935459137, 'communication_cost': 30107168}
[ 2026-05-13 14:23:46 | node_13 | INFO ] 📢 Broadcasting metrics.
[ 2026-05-13 14:23:47 | node_19 | INFO ] ⏹️  Gossiping exited for 50 equal rounds.
[ 2026-05-13 14:23:47 | node_19 | INFO ] 🔬 Evaluating...
[ 2026-05-13 14:23:47 | node_19 | INFO ] 📈 Evaluated. Results: {'test_loss': 0.22005994617938995, 'test_acc': 0.9700000286102295, 'test_precision': 0.9705449938774109, 'test_recall': 0.9713276624679565, 'test_f1': 0.9700043201446533, 'communication_cost': 26343772}
[ 2026-05-13 14:23:47 | node_8 | INFO ] 🎉 Round 50 of 50 finished.
[ 2026-05-13 14:23:47 | node_30 | INFO ] ⏹️  Gossiping exited for 50 equal rounds.
[ 2026-05-13 14:23:47 | node_8 | INFO ] 😋 Training finished!!
[ 2026-05-13 14:23:47 | node_19 | INFO ] 📢 Broadcasting metrics.
[ 2026-05-13 14:23:47 | node_30 | INFO ] 🔬 Evaluating...
[ 2026-05-13 14:23:47 | node_30 | INFO ] 📈 Evaluated. Results: {'test_loss': 0.2965315282344818, 'test_acc': 0.9649999737739563, 'test_precision': 0.9685550928115845, 'test_recall': 0.9670352339744568, 'test_f1': 0.9670047760009766, 'communication_cost': 33870564}
[ 2026-05-13 14:23:48 | node_13 | INFO ] 🎉 Round 50 of 50 finished.
[ 2026-05-13 14:23:48 | node_13 | INFO ] 😋 Training finished!!
[ 2026-05-13 14:23:48 | node_30 | INFO ] 📢 Broadcasting metrics.
[ 2026-05-13 14:23:48 | node_21 | INFO ] 🎉 Round 50 of 50 finished.
[ 2026-05-13 14:23:48 | node_21 | INFO ] 😋 Training finished!!
[ 2026-05-13 14:23:49 | node_19 | INFO ] 🎉 Round 50 of 50 finished.
[ 2026-05-13 14:23:49 | node_49 | INFO ] ⏹️  Gossiping exited for 50 equal rounds.
[ 2026-05-13 14:23:49 | node_19 | INFO ] 😋 Training finished!!
[ 2026-05-13 14:23:49 | node_49 | INFO ] 🔬 Evaluating...
[ 2026-05-13 14:23:49 | node_33 | INFO ] ⏹️  Gossiping exited for 50 equal rounds.
[ 2026-05-13 14:23:49 | node_33 | INFO ] 🔬 Evaluating...
[ 2026-05-13 14:23:49 | node_49 | INFO ] 📈 Evaluated. Results: {'test_loss': 0.1176397055387497, 'test_acc': 0.9850000143051147, 'test_precision': 0.9874582886695862, 'test_recall': 0.9823309183120728, 'test_f1': 0.9842345714569092, 'communication_cost': 37633960}
[ 2026-05-13 14:23:49 | node_49 | INFO ] 📢 Broadcasting metrics.
[ 2026-05-13 14:23:49 | node_33 | INFO ] 📈 Evaluated. Results: {'test_loss': 0.3126717209815979, 'test_acc': 0.9649999737739563, 'test_precision': 0.9682195782661438, 'test_recall': 0.9608889222145081, 'test_f1': 0.9626877307891846, 'communication_cost': 37633960}
[ 2026-05-13 14:23:50 | node_33 | INFO ] 📢 Broadcasting metrics.
[ 2026-05-13 14:23:50 | node_30 | INFO ] 🎉 Round 50 of 50 finished.
[ 2026-05-13 14:23:50 | node_30 | INFO ] 😋 Training finished!!
[ 2026-05-13 14:23:51 | node_49 | INFO ] 🎉 Round 50 of 50 finished.
[ 2026-05-13 14:23:51 | node_49 | INFO ] 😋 Training finished!!
[ 2026-05-13 14:23:52 | node_33 | INFO ] 🎉 Round 50 of 50 finished.
[ 2026-05-13 14:23:52 | node_33 | INFO ] 😋 Training finished!!
[ 2026-05-13 14:24:28 | node_44 | INFO ] ⏹️  Gossiping exited for 50 equal rounds.
[ 2026-05-13 14:24:28 | node_44 | INFO ] 🔬 Evaluating...
[ 2026-05-13 14:24:28 | node_44 | INFO ] 📈 Evaluated. Results: {'test_loss': 0.2793651223182678, 'test_acc': 0.9750000238418579, 'test_precision': 0.9728756546974182, 'test_recall': 0.974062979221344, 'test_f1': 0.972739040851593, 'communication_cost': 18816980}
[ 2026-05-13 14:24:28 | node_44 | INFO ] 📢 Broadcasting metrics.
[ 2026-05-13 14:24:29 | node_44 | INFO ] 🎉 Round 50 of 50 finished.
[ 2026-05-13 14:24:29 | node_44 | INFO ] 😋 Training finished!!
[ 2026-05-13 14:24:38 | node_35 | INFO ] ⏹️  Gossiping exited for 50 equal rounds.
[ 2026-05-13 14:24:38 | node_35 | INFO ] 🔬 Evaluating...
[ 2026-05-13 14:24:38 | node_35 | INFO ] 📈 Evaluated. Results: {'test_loss': 0.09819204360246658, 'test_acc': 0.9750000238418579, 'test_precision': 0.972675085067749, 'test_recall': 0.9741694927215576, 'test_f1': 0.9732388257980347, 'communication_cost': 22580376}
[ 2026-05-13 14:24:38 | node_35 | INFO ] 📢 Broadcasting metrics.
[ 2026-05-13 14:24:39 | node_10 | INFO ] ⏹️  Gossiping exited for 50 equal rounds.
[ 2026-05-13 14:24:39 | node_10 | INFO ] 🔬 Evaluating...
[ 2026-05-13 14:24:39 | node_10 | INFO ] 📈 Evaluated. Results: {'test_loss': 0.2024836540222168, 'test_acc': 0.9750000238418579, 'test_precision': 0.9777408838272095, 'test_recall': 0.9757005572319031, 'test_f1': 0.9765302538871765, 'communication_cost': 26343772}
[ 2026-05-13 14:24:39 | node_10 | INFO ] 📢 Broadcasting metrics.
[ 2026-05-13 14:24:40 | node_35 | INFO ] 🎉 Round 50 of 50 finished.
[ 2026-05-13 14:24:40 | node_35 | INFO ] 😋 Training finished!!
[ 2026-05-13 14:24:41 | node_10 | INFO ] 🎉 Round 50 of 50 finished.
[ 2026-05-13 14:24:41 | node_10 | INFO ] 😋 Training finished!!
[ 2026-05-13 14:24:45 | node_36 | INFO ] ⏹️  Gossiping exited for 50 equal rounds.
[ 2026-05-13 14:24:45 | node_36 | INFO ] 🔬 Evaluating...
[ 2026-05-13 14:24:45 | node_36 | INFO ] 📈 Evaluated. Results: {'test_loss': 0.49418458342552185, 'test_acc': 0.949999988079071, 'test_precision': 0.9498167634010315, 'test_recall': 0.9540855288505554, 'test_f1': 0.9486352801322937, 'communication_cost': 22580376}
[ 2026-05-13 14:24:46 | node_36 | INFO ] 📢 Broadcasting metrics.
[ 2026-05-13 14:24:47 | node_36 | INFO ] 🎉 Round 50 of 50 finished.
[ 2026-05-13 14:24:47 | node_36 | INFO ] 😋 Training finished!!
[ 2026-05-13 14:24:52 | node_25 | INFO ] ⏹️  Gossiping exited for 50 equal rounds.
[ 2026-05-13 14:24:52 | node_25 | INFO ] 🔬 Evaluating...
[ 2026-05-13 14:24:53 | node_43 | INFO ] ⏹️  Gossiping exited for 50 equal rounds.
[ 2026-05-13 14:24:53 | node_25 | INFO ] 📈 Evaluated. Results: {'test_loss': 0.1934863030910492, 'test_acc': 0.9700000286102295, 'test_precision': 0.9731733798980713, 'test_recall': 0.9720166921615601, 'test_f1': 0.9722522497177124, 'communication_cost': 18816980}
[ 2026-05-13 14:24:53 | node_43 | INFO ] 🔬 Evaluating...
[ 2026-05-13 14:24:53 | node_25 | INFO ] 📢 Broadcasting metrics.
[ 2026-05-13 14:24:53 | node_43 | INFO ] 📈 Evaluated. Results: {'test_loss': 0.18902069330215454, 'test_acc': 0.9649999737739563, 'test_precision': 0.9641985893249512, 'test_recall': 0.9630382061004639, 'test_f1': 0.9621919989585876, 'communication_cost': 33870564}
[ 2026-05-13 14:24:53 | node_43 | INFO ] 📢 Broadcasting metrics.
[ 2026-05-13 14:24:54 | node_25 | INFO ] 🎉 Round 50 of 50 finished.
[ 2026-05-13 14:24:54 | node_25 | INFO ] 😋 Training finished!!
[ 2026-05-13 14:24:55 | node_43 | INFO ] 🎉 Round 50 of 50 finished.
[ 2026-05-13 14:24:55 | node_43 | INFO ] 😋 Training finished!!
[ 2026-05-13 14:25:01 | node_32 | INFO ] ⏹️  Gossiping exited for 50 equal rounds.
[ 2026-05-13 14:25:01 | node_32 | INFO ] 🔬 Evaluating...
[ 2026-05-13 14:25:01 | node_32 | INFO ] 📈 Evaluated. Results: {'test_loss': 0.31557679176330566, 'test_acc': 0.9599999785423279, 'test_precision': 0.958244800567627, 'test_recall': 0.9623323678970337, 'test_f1': 0.9598321318626404, 'communication_cost': 45160752}
[ 2026-05-13 14:25:01 | node_32 | INFO ] 📢 Broadcasting metrics.
[ 2026-05-13 14:25:04 | node_32 | INFO ] 🎉 Round 50 of 50 finished.
[ 2026-05-13 14:25:04 | node_32 | INFO ] 😋 Training finished!!
[ 2026-05-13 14:25:05 | node_7 | INFO ] ⏹️  Gossiping exited for 50 equal rounds.
[ 2026-05-13 14:25:05 | node_7 | INFO ] 🔬 Evaluating...
[ 2026-05-13 14:25:06 | node_7 | INFO ] 📈 Evaluated. Results: {'test_loss': 0.0387912392616272, 'test_acc': 0.9950000047683716, 'test_precision': 0.9941177368164062, 'test_recall': 0.9933334589004517, 'test_f1': 0.993521511554718, 'communication_cost': 48924148}
[ 2026-05-13 14:25:06 | node_7 | INFO ] 📢 Broadcasting metrics.
[ 2026-05-13 14:25:08 | node_3 | INFO ] ⏹️  Gossiping exited for 50 equal rounds.
[ 2026-05-13 14:25:08 | node_3 | INFO ] 🔬 Evaluating...
[ 2026-05-13 14:25:08 | node_3 | INFO ] 📈 Evaluated. Results: {'test_loss': 0.20938438177108765, 'test_acc': 0.9750000238418579, 'test_precision': 0.977353572845459, 'test_recall': 0.9771316051483154, 'test_f1': 0.9768328070640564, 'communication_cost': 41397356}
[ 2026-05-13 14:25:08 | node_3 | INFO ] 📢 Broadcasting metrics.
[ 2026-05-13 14:25:09 | node_7 | INFO ] 🎉 Round 50 of 50 finished.
[ 2026-05-13 14:25:09 | node_7 | INFO ] 😋 Training finished!!
[ 2026-05-13 14:25:10 | node_3 | INFO ] 🎉 Round 50 of 50 finished.
[ 2026-05-13 14:25:10 | node_3 | INFO ] 😋 Training finished!!
[ 2026-05-13 14:25:21 | node_27 | INFO ] ⏹️  Gossiping exited for 50 equal rounds.
[ 2026-05-13 14:25:21 | node_46 | INFO ] ⏹️  Gossiping exited for 50 equal rounds.
[ 2026-05-13 14:25:21 | node_46 | INFO ] 🔬 Evaluating...
[ 2026-05-13 14:25:21 | node_27 | INFO ] 🔬 Evaluating...
[ 2026-05-13 14:25:21 | node_27 | INFO ] 📈 Evaluated. Results: {'test_loss': 0.0660465657711029, 'test_acc': 0.9700000286102295, 'test_precision': 0.96791672706604, 'test_recall': 0.9708809852600098, 'test_f1': 0.9686163067817688, 'communication_cost': 30107168}
[ 2026-05-13 14:25:21 | node_46 | INFO ] 📈 Evaluated. Results: {'test_loss': 0.21610502898693085, 'test_acc': 0.9649999737739563, 'test_precision': 0.9648767113685608, 'test_recall': 0.9629426598548889, 'test_f1': 0.9628516435623169, 'communication_cost': 30107168}
[ 2026-05-13 14:25:21 | node_27 | INFO ] 📢 Broadcasting metrics.
[ 2026-05-13 14:25:21 | node_46 | INFO ] 📢 Broadcasting metrics.
[ 2026-05-13 14:25:23 | node_16 | INFO ] ⏹️  Gossiping exited for 50 equal rounds.
[ 2026-05-13 14:25:23 | node_16 | INFO ] 🔬 Evaluating...
[ 2026-05-13 14:25:23 | node_27 | INFO ] 🎉 Round 50 of 50 finished.
[ 2026-05-13 14:25:23 | node_16 | INFO ] 📈 Evaluated. Results: {'test_loss': 0.09327667206525803, 'test_acc': 0.9800000190734863, 'test_precision': 0.9804272651672363, 'test_recall': 0.9816017746925354, 'test_f1': 0.9804375171661377, 'communication_cost': 48924148}
[ 2026-05-13 14:25:23 | node_27 | INFO ] 😋 Training finished!!
[ 2026-05-13 14:25:23 | node_16 | INFO ] 📢 Broadcasting metrics.
[ 2026-05-13 14:25:23 | node_46 | INFO ] 🎉 Round 50 of 50 finished.
[ 2026-05-13 14:25:23 | node_46 | INFO ] 😋 Training finished!!
[ 2026-05-13 14:25:25 | node_16 | INFO ] 🎉 Round 50 of 50 finished.
[ 2026-05-13 14:25:25 | node_16 | INFO ] 😋 Training finished!!
[ 2026-05-13 14:25:27 | node_9 | INFO ] ⏹️  Gossiping exited for 50 equal rounds.
[ 2026-05-13 14:25:27 | node_9 | INFO ] 🔬 Evaluating...
[ 2026-05-13 14:25:27 | node_9 | INFO ] 📈 Evaluated. Results: {'test_loss': 0.1433817595243454, 'test_acc': 0.9750000238418579, 'test_precision': 0.9753963947296143, 'test_recall': 0.9787594676017761, 'test_f1': 0.9763734936714172, 'communication_cost': 33870564}
[ 2026-05-13 14:25:28 | node_9 | INFO ] 📢 Broadcasting metrics.
[ 2026-05-13 14:25:29 | node_18 | INFO ] ⏹️  Gossiping exited for 50 equal rounds.
[ 2026-05-13 14:25:29 | node_18 | INFO ] 🔬 Evaluating...
[ 2026-05-13 14:25:29 | node_18 | INFO ] 📈 Evaluated. Results: {'test_loss': 0.09284503757953644, 'test_acc': 0.9750000238418579, 'test_precision': 0.9739610552787781, 'test_recall': 0.9766666889190674, 'test_f1': 0.9744243621826172, 'communication_cost': 45160752}
[ 2026-05-13 14:25:29 | node_9 | INFO ] 🎉 Round 50 of 50 finished.
[ 2026-05-13 14:25:29 | node_9 | INFO ] 😋 Training finished!!
[ 2026-05-13 14:25:29 | node_18 | INFO ] 📢 Broadcasting metrics.
[ 2026-05-13 14:25:31 | node_18 | INFO ] 🎉 Round 50 of 50 finished.
[ 2026-05-13 14:25:31 | node_18 | INFO ] 😋 Training finished!!
[ 2026-05-13 14:25:32 | node_42 | INFO ] ⏹️  Gossiping exited for 50 equal rounds.
[ 2026-05-13 14:25:32 | node_42 | INFO ] 🔬 Evaluating...
[ 2026-05-13 14:25:32 | node_42 | INFO ] 📈 Evaluated. Results: {'test_loss': 0.21123868227005005, 'test_acc': 0.9649999737739563, 'test_precision': 0.9667571187019348, 'test_recall': 0.965924859046936, 'test_f1': 0.9651411175727844, 'communication_cost': 52687544}
[ 2026-05-13 14:25:33 | node_42 | INFO ] 📢 Broadcasting metrics.
[ 2026-05-13 14:25:34 | node_28 | INFO ] ⏹️  Gossiping exited for 50 equal rounds.
[ 2026-05-13 14:25:34 | node_28 | INFO ] 🔬 Evaluating...
[ 2026-05-13 14:25:35 | node_28 | INFO ] 📈 Evaluated. Results: {'test_loss': 0.16682113707065582, 'test_acc': 0.9700000286102295, 'test_precision': 0.971677303314209, 'test_recall': 0.9709245562553406, 'test_f1': 0.9711592793464661, 'communication_cost': 41397356}
[ 2026-05-13 14:25:35 | node_28 | INFO ] 📢 Broadcasting metrics.
[ 2026-05-13 14:25:35 | node_42 | INFO ] 🎉 Round 50 of 50 finished.
[ 2026-05-13 14:25:35 | node_42 | INFO ] 😋 Training finished!!
[ 2026-05-13 14:25:37 | node_28 | INFO ] 🎉 Round 50 of 50 finished.
[ 2026-05-13 14:25:37 | node_28 | INFO ] 😋 Training finished!!
[ 2026-05-13 14:26:00 | node_29 | INFO ] ⏹️  Gossiping exited for 50 equal rounds.
[ 2026-05-13 14:26:00 | node_29 | INFO ] 🔬 Evaluating...
[ 2026-05-13 14:26:00 | node_29 | INFO ] 📈 Evaluated. Results: {'test_loss': 0.2955743670463562, 'test_acc': 0.9649999737739563, 'test_precision': 0.9649350643157959, 'test_recall': 0.964343249797821, 'test_f1': 0.9638816714286804, 'communication_cost': 52687544}
[ 2026-05-13 14:26:01 | node_29 | INFO ] 📢 Broadcasting metrics.
[ 2026-05-13 14:26:03 | node_29 | INFO ] 🎉 Round 50 of 50 finished.
[ 2026-05-13 14:26:03 | node_29 | INFO ] 😋 Training finished!!
[ 2026-05-13 14:26:04 | None | INFO ] 🏁 All nodes finished training. Waiting 10s for final synchronization...
[ 2026-05-13 14:26:15 | node | INFO ] Stopping node...
[ 2026-05-13 14:26:16 | node | INFO ] 🛑 Stopping gossiper...
[ 2026-05-13 14:26:16 | node | INFO ] InMemoryServer stopped at node
[ 2026-05-13 14:26:16 | node_1 | INFO ] Stopping node...
[ 2026-05-13 14:26:16 | node_1 | INFO ] 🛑 Stopping gossiper...
[ 2026-05-13 14:26:16 | node_1 | INFO ] InMemoryServer stopped at node_1
[ 2026-05-13 14:26:16 | node_2 | INFO ] Stopping node...
[ 2026-05-13 14:26:16 | node_2 | INFO ] 🛑 Stopping gossiper...
[ 2026-05-13 14:26:16 | node_2 | INFO ] InMemoryServer stopped at node_2
[ 2026-05-13 14:26:16 | node_3 | INFO ] Stopping node...
[ 2026-05-13 14:26:16 | node_3 | INFO ] 🛑 Stopping gossiper...
[ 2026-05-13 14:26:16 | node_3 | INFO ] InMemoryServer stopped at node_3
[ 2026-05-13 14:26:16 | node_4 | INFO ] Stopping node...
[ 2026-05-13 14:26:16 | node_4 | INFO ] 🛑 Stopping gossiper...
[ 2026-05-13 14:26:16 | node_4 | INFO ] InMemoryServer stopped at node_4
[ 2026-05-13 14:26:16 | node_5 | INFO ] Stopping node...
[ 2026-05-13 14:26:16 | node_5 | INFO ] 🛑 Stopping gossiper...
[ 2026-05-13 14:26:16 | node_5 | INFO ] InMemoryServer stopped at node_5
[ 2026-05-13 14:26:16 | node_6 | INFO ] Stopping node...
[ 2026-05-13 14:26:16 | node_6 | INFO ] 🛑 Stopping gossiper...
[ 2026-05-13 14:26:16 | node_6 | INFO ] InMemoryServer stopped at node_6
[ 2026-05-13 14:26:16 | node_7 | INFO ] Stopping node...
[ 2026-05-13 14:26:16 | node_7 | INFO ] 🛑 Stopping gossiper...
[ 2026-05-13 14:26:16 | node_7 | INFO ] InMemoryServer stopped at node_7
[ 2026-05-13 14:26:16 | node_8 | INFO ] Stopping node...
[ 2026-05-13 14:26:17 | node_8 | INFO ] 🛑 Stopping gossiper...
[ 2026-05-13 14:26:17 | node_8 | INFO ] InMemoryServer stopped at node_8
[ 2026-05-13 14:26:17 | node_9 | INFO ] Stopping node...
[ 2026-05-13 14:26:17 | node_9 | INFO ] 🛑 Stopping gossiper...
[ 2026-05-13 14:26:17 | node_9 | INFO ] InMemoryServer stopped at node_9
[ 2026-05-13 14:26:17 | node_10 | INFO ] Stopping node...
[ 2026-05-13 14:26:17 | node_10 | INFO ] 🛑 Stopping gossiper...
[ 2026-05-13 14:26:17 | node_10 | INFO ] InMemoryServer stopped at node_10
[ 2026-05-13 14:26:17 | node_11 | INFO ] Stopping node...
[ 2026-05-13 14:26:17 | node_11 | INFO ] 🛑 Stopping gossiper...
[ 2026-05-13 14:26:17 | node_11 | INFO ] InMemoryServer stopped at node_11
[ 2026-05-13 14:26:18 | node_12 | INFO ] Stopping node...
[ 2026-05-13 14:26:18 | node_12 | INFO ] 🛑 Stopping gossiper...
[ 2026-05-13 14:26:18 | node_12 | INFO ] InMemoryServer stopped at node_12
[ 2026-05-13 14:26:18 | node_13 | INFO ] Stopping node...
[ 2026-05-13 14:26:18 | node_13 | INFO ] 🛑 Stopping gossiper...
[ 2026-05-13 14:26:18 | node_13 | INFO ] InMemoryServer stopped at node_13
[ 2026-05-13 14:26:18 | node_14 | INFO ] Stopping node...
[ 2026-05-13 14:26:18 | node_14 | INFO ] 🛑 Stopping gossiper...
[ 2026-05-13 14:26:18 | node_14 | INFO ] InMemoryServer stopped at node_14
[ 2026-05-13 14:26:18 | node_15 | INFO ] Stopping node...
[ 2026-05-13 14:26:18 | node_15 | INFO ] 🛑 Stopping gossiper...
[ 2026-05-13 14:26:19 | node_15 | INFO ] InMemoryServer stopped at node_15
[ 2026-05-13 14:26:19 | node_16 | INFO ] Stopping node...
[ 2026-05-13 14:26:19 | node_16 | INFO ] 🛑 Stopping gossiper...
[ 2026-05-13 14:26:19 | node_16 | INFO ] InMemoryServer stopped at node_16
[ 2026-05-13 14:26:19 | node_17 | INFO ] Stopping node...
[ 2026-05-13 14:26:19 | node_17 | INFO ] 🛑 Stopping gossiper...
[ 2026-05-13 14:26:19 | node_17 | INFO ] InMemoryServer stopped at node_17
[ 2026-05-13 14:26:19 | node_18 | INFO ] Stopping node...
[ 2026-05-13 14:26:19 | node_18 | INFO ] 🛑 Stopping gossiper...
[ 2026-05-13 14:26:19 | node_18 | INFO ] InMemoryServer stopped at node_18
[ 2026-05-13 14:26:19 | node_19 | INFO ] Stopping node...
[ 2026-05-13 14:26:20 | node_19 | INFO ] 🛑 Stopping gossiper...
[ 2026-05-13 14:26:20 | node_19 | INFO ] InMemoryServer stopped at node_19
[ 2026-05-13 14:26:20 | node_20 | INFO ] Stopping node...
[ 2026-05-13 14:26:20 | node_20 | INFO ] 🛑 Stopping gossiper...
[ 2026-05-13 14:26:20 | node_20 | INFO ] InMemoryServer stopped at node_20
[ 2026-05-13 14:26:20 | node_21 | INFO ] Stopping node...
[ 2026-05-13 14:26:20 | node_21 | INFO ] 🛑 Stopping gossiper...
[ 2026-05-13 14:26:20 | node_21 | INFO ] InMemoryServer stopped at node_21
[ 2026-05-13 14:26:20 | node_22 | INFO ] Stopping node...
[ 2026-05-13 14:26:20 | node_22 | INFO ] 🛑 Stopping gossiper...
[ 2026-05-13 14:26:20 | node_22 | INFO ] InMemoryServer stopped at node_22
[ 2026-05-13 14:26:20 | node_23 | INFO ] Stopping node...
[ 2026-05-13 14:26:20 | node_23 | INFO ] 🛑 Stopping gossiper...
[ 2026-05-13 14:26:20 | node_23 | INFO ] InMemoryServer stopped at node_23
[ 2026-05-13 14:26:20 | node_24 | INFO ] Stopping node...
[ 2026-05-13 14:26:21 | node_24 | INFO ] 🛑 Stopping gossiper...
[ 2026-05-13 14:26:21 | node_24 | INFO ] InMemoryServer stopped at node_24
[ 2026-05-13 14:26:21 | node_25 | INFO ] Stopping node...
[ 2026-05-13 14:26:21 | node_25 | INFO ] 🛑 Stopping gossiper...
[ 2026-05-13 14:26:21 | node_25 | INFO ] InMemoryServer stopped at node_25
[ 2026-05-13 14:26:21 | node_26 | INFO ] Stopping node...
[ 2026-05-13 14:26:21 | node_26 | INFO ] 🛑 Stopping gossiper...
[ 2026-05-13 14:26:21 | node_26 | INFO ] InMemoryServer stopped at node_26
[ 2026-05-13 14:26:21 | node_27 | INFO ] Stopping node...
[ 2026-05-13 14:26:21 | node_27 | INFO ] 🛑 Stopping gossiper...
[ 2026-05-13 14:26:21 | node_27 | INFO ] InMemoryServer stopped at node_27
[ 2026-05-13 14:26:21 | node_28 | INFO ] Stopping node...
[ 2026-05-13 14:26:21 | node_28 | INFO ] 🛑 Stopping gossiper...
[ 2026-05-13 14:26:22 | node_28 | INFO ] InMemoryServer stopped at node_28
[ 2026-05-13 14:26:22 | node_29 | INFO ] Stopping node...
[ 2026-05-13 14:26:22 | node_29 | INFO ] 🛑 Stopping gossiper...
[ 2026-05-13 14:26:22 | node_29 | INFO ] InMemoryServer stopped at node_29
[ 2026-05-13 14:26:22 | node_30 | INFO ] Stopping node...
[ 2026-05-13 14:26:22 | node_30 | INFO ] 🛑 Stopping gossiper...
[ 2026-05-13 14:26:22 | node_30 | INFO ] InMemoryServer stopped at node_30
[ 2026-05-13 14:26:22 | node_31 | INFO ] Stopping node...
[ 2026-05-13 14:26:22 | node_31 | INFO ] 🛑 Stopping gossiper...
[ 2026-05-13 14:26:22 | node_31 | INFO ] InMemoryServer stopped at node_31
[ 2026-05-13 14:26:22 | node_32 | INFO ] Stopping node...
[ 2026-05-13 14:26:22 | node_32 | INFO ] 🛑 Stopping gossiper...
[ 2026-05-13 14:26:22 | node_32 | INFO ] InMemoryServer stopped at node_32
[ 2026-05-13 14:26:22 | node_33 | INFO ] Stopping node...
[ 2026-05-13 14:26:22 | node_33 | INFO ] 🛑 Stopping gossiper...
[ 2026-05-13 14:26:22 | node_33 | INFO ] InMemoryServer stopped at node_33
[ 2026-05-13 14:26:22 | node_34 | INFO ] Stopping node...
[ 2026-05-13 14:26:22 | node_34 | INFO ] 🛑 Stopping gossiper...
[ 2026-05-13 14:26:22 | node_34 | INFO ] InMemoryServer stopped at node_34
[ 2026-05-13 14:26:22 | node_35 | INFO ] Stopping node...
[ 2026-05-13 14:26:22 | node_35 | INFO ] 🛑 Stopping gossiper...
[ 2026-05-13 14:26:22 | node_35 | INFO ] InMemoryServer stopped at node_35
[ 2026-05-13 14:26:23 | node_36 | INFO ] Stopping node...
[ 2026-05-13 14:26:23 | node_36 | INFO ] 🛑 Stopping gossiper...
[ 2026-05-13 14:26:23 | node_36 | INFO ] InMemoryServer stopped at node_36
[ 2026-05-13 14:26:23 | node_37 | INFO ] Stopping node...
[ 2026-05-13 14:26:23 | node_37 | INFO ] 🛑 Stopping gossiper...
[ 2026-05-13 14:26:23 | node_37 | INFO ] InMemoryServer stopped at node_37
[ 2026-05-13 14:26:23 | node_38 | INFO ] Stopping node...
[ 2026-05-13 14:26:23 | node_38 | INFO ] 🛑 Stopping gossiper...
[ 2026-05-13 14:26:23 | node_38 | INFO ] InMemoryServer stopped at node_38
[ 2026-05-13 14:26:23 | node_39 | INFO ] Stopping node...
[ 2026-05-13 14:26:23 | node_39 | INFO ] 🛑 Stopping gossiper...
[ 2026-05-13 14:26:23 | node_39 | INFO ] InMemoryServer stopped at node_39
[ 2026-05-13 14:26:23 | node_40 | INFO ] Stopping node...
[ 2026-05-13 14:26:23 | node_40 | INFO ] 🛑 Stopping gossiper...
[ 2026-05-13 14:26:23 | node_40 | INFO ] InMemoryServer stopped at node_40
[ 2026-05-13 14:26:23 | node_41 | INFO ] Stopping node...
[ 2026-05-13 14:26:23 | node_41 | INFO ] 🛑 Stopping gossiper...
[ 2026-05-13 14:26:23 | node_41 | INFO ] InMemoryServer stopped at node_41
[ 2026-05-13 14:26:23 | node_42 | INFO ] Stopping node...
[ 2026-05-13 14:26:23 | node_42 | INFO ] 🛑 Stopping gossiper...
[ 2026-05-13 14:26:23 | node_42 | INFO ] InMemoryServer stopped at node_42
[ 2026-05-13 14:26:23 | node_43 | INFO ] Stopping node...
[ 2026-05-13 14:26:23 | node_43 | INFO ] 🛑 Stopping gossiper...
[ 2026-05-13 14:26:23 | node_43 | INFO ] InMemoryServer stopped at node_43
[ 2026-05-13 14:26:23 | node_44 | INFO ] Stopping node...
[ 2026-05-13 14:26:23 | node_44 | INFO ] 🛑 Stopping gossiper...
[ 2026-05-13 14:26:23 | node_44 | INFO ] InMemoryServer stopped at node_44
[ 2026-05-13 14:26:23 | node_45 | INFO ] Stopping node...
[ 2026-05-13 14:26:24 | node_45 | INFO ] 🛑 Stopping gossiper...
[ 2026-05-13 14:26:24 | node_45 | INFO ] InMemoryServer stopped at node_45
[ 2026-05-13 14:26:24 | node_46 | INFO ] Stopping node...
[ 2026-05-13 14:26:24 | node_46 | INFO ] 🛑 Stopping gossiper...
[ 2026-05-13 14:26:24 | node_46 | INFO ] InMemoryServer stopped at node_46
[ 2026-05-13 14:26:24 | node_47 | INFO ] Stopping node...
[ 2026-05-13 14:26:24 | node_47 | INFO ] 🛑 Stopping gossiper...
[ 2026-05-13 14:26:24 | node_47 | INFO ] InMemoryServer stopped at node_47
[ 2026-05-13 14:26:24 | node_48 | INFO ] Stopping node...
[ 2026-05-13 14:26:24 | node_48 | INFO ] 🛑 Stopping gossiper...
[ 2026-05-13 14:26:24 | node_48 | INFO ] InMemoryServer stopped at node_48
[ 2026-05-13 14:26:24 | node_49 | INFO ] Stopping node...
[ 2026-05-13 14:26:24 | node_49 | INFO ] 🛑 Stopping gossiper...
[ 2026-05-13 14:26:24 | node_49 | INFO ] InMemoryServer stopped at node_49
