[ 2026-05-13 18:47:10 | node_43 | INFO ] 🧩 Model added for round 46 (6/9) from ['node_40']
[ 2026-05-13 18:47:10 | node_7 | INFO ] 📤 Sending model to 7 direct neighbors: ['node', 'node_4', 'node_20', 'node_23', 'node_27', 'node_39', 'node_45']
[ 2026-05-13 18:47:10 | node | INFO ] 🧩 Model added for round 46 (8/10) from ['node_7']
[ 2026-05-13 18:47:10 | node_23 | INFO ] 🧩 Model added for round 46 (3/6) from ['node_10']
[ 2026-05-13 18:47:11 | node_22 | INFO ] 🧩 Model added for round 46 (4/6) from ['node_30']
[ 2026-05-13 18:47:11 | node_16 | INFO ] 🧩 Model added for round 46 (5/6) from ['node_39']
[ 2026-05-13 18:47:11 | node_26 | INFO ] 🧩 Model added for round 46 (6/8) from ['node_19']
[ 2026-05-13 18:47:11 | node_35 | INFO ] 🎉 Round 46 of 50 finished.
[ 2026-05-13 18:47:11 | node_35 | INFO ] 🗳️ [DETERMINISTIC] Train set assigned (No Voting). Size: 50
[ 2026-05-13 18:47:11 | node_35 | INFO ] ♻️ Proactively processing 8 early models for round 46.
[ 2026-05-13 18:47:11 | node_35 | INFO ] 🧩 Model added for round 46 (1/12) from ['node_8']
[ 2026-05-13 18:47:11 | node_35 | INFO ] 🧩 Model added for round 46 (2/12) from ['node_26']
[ 2026-05-13 18:47:11 | node_38 | INFO ] 🧩 Model added for round 46 (7/8) from ['node_10']
[ 2026-05-13 18:47:11 | node_35 | INFO ] 🧩 Model added for round 46 (3/12) from ['node_5']
[ 2026-05-13 18:47:12 | node_23 | INFO ] 🧩 Model added for round 46 (4/6) from ['node_30']
[ 2026-05-13 18:47:12 | node_35 | INFO ] 🧩 Model added for round 46 (4/12) from ['node_17']
[ 2026-05-13 18:47:12 | node_21 | INFO ] 🧩 Model added for round 46 (6/9) from ['node_39']
[ 2026-05-13 18:47:12 | node_35 | INFO ] 🧩 Model added for round 46 (5/12) from ['node_4']
[ 2026-05-13 18:47:12 | node_35 | INFO ] 🧩 Model added for round 46 (6/12) from ['node_6']
[ 2026-05-13 18:47:12 | node_35 | INFO ] 🧩 Model added for round 46 (7/12) from ['node_20']
[ 2026-05-13 18:47:12 | node_35 | INFO ] 🧩 Model added for round 46 (8/12) from ['node_40']
[ 2026-05-13 18:47:12 | node_35 | INFO ] 🏋️‍♀️ Preparing training...
[ 2026-05-13 18:47:12 | node_4 | INFO ] 🧩 Model added for round 46 (13/16) from ['node_7']
[ 2026-05-13 18:47:12 | node_35 | INFO ] 🎓 Training step done.
[ 2026-05-13 18:47:12 | node_35 | INFO ] 🛠️ Calling force_add_local_model...
[ 2026-05-13 18:47:12 | node_35 | INFO ] ✅ [FORCE] Local model added for round 46. (9/12)
[ 2026-05-13 18:47:13 | node_30 | INFO ] 🧩 Model added for round 46 (7/11) from ['node_19']
[ 2026-05-13 18:47:13 | node_12 | INFO ] 🎉 Round 46 of 50 finished.
[ 2026-05-13 18:47:13 | node_12 | INFO ] 🗳️ [DETERMINISTIC] Train set assigned (No Voting). Size: 50
[ 2026-05-13 18:47:13 | node_23 | INFO ] 🧩 Model added for round 46 (5/6) from ['node_39']
[ 2026-05-13 18:47:13 | node_12 | INFO ] ♻️ Proactively processing 4 early models for round 46.
[ 2026-05-13 18:47:13 | node_12 | INFO ] 🧩 Model added for round 46 (1/9) from ['node_1']
[ 2026-05-13 18:47:13 | node_12 | INFO ] 🧩 Model added for round 46 (2/9) from ['node_49']
[ 2026-05-13 18:47:13 | node_12 | INFO ] 🧩 Model added for round 46 (3/9) from ['node_19']
[ 2026-05-13 18:47:13 | node_12 | INFO ] 🧩 Model added for round 46 (4/9) from ['node_30']
[ 2026-05-13 18:47:13 | node_12 | INFO ] 🏋️‍♀️ Preparing training...
[ 2026-05-13 18:47:14 | node_24 | INFO ] 🧩 Model added for round 46 (10/10) from ['node_39']
[ 2026-05-13 18:47:14 | node_12 | INFO ] 🎓 Training step done.
[ 2026-05-13 18:47:14 | node_20 | INFO ] 🧩 Model added for round 46 (7/11) from ['node_7']
[ 2026-05-13 18:47:14 | node_12 | INFO ] 🛠️ Calling force_add_local_model...
[ 2026-05-13 18:47:14 | node_12 | INFO ] ✅ [FORCE] Local model added for round 46. (5/9)
[ 2026-05-13 18:47:14 | node_31 | INFO ] 🧩 Model added for round 46 (7/11) from ['node_19']
[ 2026-05-13 18:47:14 | node_24 | INFO ] 🧠 Aggregation complete. Setting new model.
[ 2026-05-13 18:47:15 | node_23 | INFO ] 🧩 Model added for round 46 (6/6) from ['node_7']
[ 2026-05-13 18:47:15 | node_32 | INFO ] 🧩 Model added for round 46 (6/9) from ['node_39']
[ 2026-05-13 18:47:15 | node_24 | INFO ] 🗣️ Gossiping aggregated model.
[ 2026-05-13 18:47:15 | node_36 | INFO ] ⏹️  Gossiping exited for 50 equal rounds.
[ 2026-05-13 18:47:15 | node_36 | INFO ] 🔬 Evaluating...
[ 2026-05-13 18:47:15 | node_35 | INFO ] 🧩 Model added for round 46 (10/12) from ['node_19']
[ 2026-05-13 18:47:16 | node_36 | INFO ] 📈 Evaluated. Results: {'test_loss': 0.23059436678886414, 'test_acc': 0.9700000286102295, 'test_precision': 0.9670947790145874, 'test_recall': 0.9697145819664001, 'test_f1': 0.9672102332115173, 'communication_cost': 30107168}
[ 2026-05-13 18:47:16 | node_36 | INFO ] 📢 Broadcasting metrics.
[ 2026-05-13 18:47:17 | node_35 | INFO ] 🧩 Model added for round 46 (11/12) from ['node_39']
[ 2026-05-13 18:47:17 | node_39 | INFO ] 🧩 Model added for round 46 (12/13) from ['node_7']
[ 2026-05-13 18:47:17 | node_23 | INFO ] 🧠 Aggregation complete. Setting new model.
[ 2026-05-13 18:47:17 | node_23 | INFO ] 🗣️ Gossiping aggregated model.
[ 2026-05-13 18:47:17 | node_46 | INFO ] 🧩 Model added for round 46 (5/7) from ['node_19']
[ 2026-05-13 18:47:18 | node_35 | INFO ] 📤 Sending model to 11 direct neighbors: ['node_4', 'node_5', 'node_6', 'node_8', 'node_17', 'node_19', 'node_20', 'node_26', 'node_27', 'node_39', 'node_40']
[ 2026-05-13 18:47:18 | node_47 | INFO ] ⏹️  Gossiping exited for 50 equal rounds.
[ 2026-05-13 18:47:18 | node_47 | INFO ] 🔬 Evaluating...
[ 2026-05-13 18:47:18 | node_40 | INFO ] 🧩 Model added for round 46 (6/11) from ['node_39']
[ 2026-05-13 18:47:18 | node_47 | INFO ] 📈 Evaluated. Results: {'test_loss': 0.048072438687086105, 'test_acc': 0.9800000190734863, 'test_precision': 0.9807779788970947, 'test_recall': 0.975595235824585, 'test_f1': 0.9778652191162109, 'communication_cost': 22580376}
[ 2026-05-13 18:47:18 | node_47 | INFO ] 📢 Broadcasting metrics.
[ 2026-05-13 18:47:19 | node_4 | INFO ] 🧩 Model added for round 46 (14/16) from ['node_35']
[ 2026-05-13 18:47:19 | node_12 | INFO ] 📤 Sending model to 8 direct neighbors: ['node_1', 'node_13', 'node_19', 'node_27', 'node_30', 'node_34', 'node_36', 'node_49']
[ 2026-05-13 18:47:19 | node_36 | INFO ] 🎉 Round 46 of 50 finished.
[ 2026-05-13 18:47:19 | node_36 | INFO ] 🗳️ [DETERMINISTIC] Train set assigned (No Voting). Size: 50
[ 2026-05-13 18:47:19 | node_36 | INFO ] ♻️ Proactively processing 4 early models for round 46.
[ 2026-05-13 18:47:19 | node_36 | INFO ] 🧩 Model added for round 46 (1/9) from ['node_32']
[ 2026-05-13 18:47:19 | node_36 | INFO ] 🧩 Model added for round 46 (2/9) from ['node_2']
[ 2026-05-13 18:47:20 | node_36 | INFO ] 🧩 Model added for round 46 (3/9) from ['node_15']
[ 2026-05-13 18:47:20 | node_36 | INFO ] 🧩 Model added for round 46 (4/9) from ['node_43']
[ 2026-05-13 18:47:20 | node_36 | INFO ] 🏋️‍♀️ Preparing training...
[ 2026-05-13 18:47:20 | node_1 | INFO ] 🧩 Model added for round 46 (4/5) from ['node_12']
[ 2026-05-13 18:47:20 | node_36 | INFO ] 🎓 Training step done.
[ 2026-05-13 18:47:20 | node_36 | INFO ] 🛠️ Calling force_add_local_model...
[ 2026-05-13 18:47:20 | node_36 | INFO ] ✅ [FORCE] Local model added for round 46. (5/9)
[ 2026-05-13 18:47:20 | node_5 | INFO ] 🧩 Model added for round 46 (7/10) from ['node_35']
[ 2026-05-13 18:47:21 | node_19 | INFO ] 🧩 Model added for round 46 (10/12) from ['node_12']
[ 2026-05-13 18:47:21 | node_47 | INFO ] 🎉 Round 46 of 50 finished.
[ 2026-05-13 18:47:21 | node_47 | INFO ] 🗳️ [DETERMINISTIC] Train set assigned (No Voting). Size: 50
[ 2026-05-13 18:47:21 | node_47 | INFO ] ♻️ Proactively processing 6 early models for round 46.
[ 2026-05-13 18:47:21 | node_13 | INFO ] ⏹️  Gossiping exited for 50 equal rounds.
[ 2026-05-13 18:47:21 | node_47 | INFO ] 🧩 Model added for round 46 (1/7) from ['node_22']
[ 2026-05-13 18:47:21 | node_47 | INFO ] 🧩 Model added for round 46 (2/7) from ['node_5']
[ 2026-05-13 18:47:21 | node_47 | INFO ] 🧩 Model added for round 46 (3/7) from ['node_21']
[ 2026-05-13 18:47:21 | node_13 | INFO ] 🔬 Evaluating...
[ 2026-05-13 18:47:21 | node_47 | INFO ] 🧩 Model added for round 46 (4/7) from ['node_37']
[ 2026-05-13 18:47:21 | node_47 | INFO ] 🧩 Model added for round 46 (5/7) from ['node_3']
[ 2026-05-13 18:47:21 | node_47 | INFO ] 🧩 Model added for round 46 (6/7) from ['node_40']
[ 2026-05-13 18:47:21 | node_47 | INFO ] 🏋️‍♀️ Preparing training...
[ 2026-05-13 18:47:21 | node_6 | INFO ] 🧩 Model added for round 46 (10/10) from ['node_35']
[ 2026-05-13 18:47:21 | node_13 | INFO ] 📈 Evaluated. Results: {'test_loss': 0.03606139123439789, 'test_acc': 0.9800000190734863, 'test_precision': 0.9831979870796204, 'test_recall': 0.9834546446800232, 'test_f1': 0.982964277267456, 'communication_cost': 52687544}
[ 2026-05-13 18:47:21 | node_13 | INFO ] 📢 Broadcasting metrics.
[ 2026-05-13 18:47:22 | node_47 | INFO ] 🎓 Training step done.
[ 2026-05-13 18:47:22 | node_47 | INFO ] 🛠️ Calling force_add_local_model...
[ 2026-05-13 18:47:22 | node_47 | INFO ] ✅ [FORCE] Local model added for round 46. (7/7)
[ 2026-05-13 18:47:22 | node_6 | INFO ] 🧠 Aggregation complete. Setting new model.
[ 2026-05-13 18:47:22 | node_30 | INFO ] 🧩 Model added for round 46 (8/11) from ['node_12']
[ 2026-05-13 18:47:22 | node_8 | INFO ] 🧩 Model added for round 46 (6/6) from ['node_35']
[ 2026-05-13 18:47:23 | node_8 | INFO ] 🧠 Aggregation complete. Setting new model.
[ 2026-05-13 18:47:23 | node_6 | INFO ] 🗣️ Gossiping aggregated model.
[ 2026-05-13 18:47:23 | node_8 | INFO ] 🗣️ Gossiping aggregated model.
[ 2026-05-13 18:47:23 | node_17 | INFO ] 🧩 Model added for round 46 (8/9) from ['node_35']
[ 2026-05-13 18:47:24 | node_36 | INFO ] 🧩 Model added for round 46 (6/9) from ['node_12']
[ 2026-05-13 18:47:25 | node_19 | INFO ] 🧩 Model added for round 46 (11/12) from ['node_35']
[ 2026-05-13 18:47:25 | node_36 | INFO ] 📤 Sending model to 8 direct neighbors: ['node_2', 'node_11', 'node_12', 'node_15', 'node_27', 'node_32', 'node_34', 'node_43']
[ 2026-05-13 18:47:25 | node_45 | INFO ] ⏹️  Gossiping exited for 50 equal rounds.
[ 2026-05-13 18:47:25 | node_45 | INFO ] 🔬 Evaluating...
[ 2026-05-13 18:47:26 | node_45 | INFO ] 📈 Evaluated. Results: {'test_loss': 0.3789127767086029, 'test_acc': 0.9399999976158142, 'test_precision': 0.9409552812576294, 'test_recall': 0.9436776638031006, 'test_f1': 0.9392040371894836, 'communication_cost': 18816980}
[ 2026-05-13 18:47:26 | node_49 | INFO ] 🧩 Model added for round 46 (8/9) from ['node_12']
[ 2026-05-13 18:47:26 | node_13 | INFO ] 🎉 Round 46 of 50 finished.
[ 2026-05-13 18:47:26 | node_13 | INFO ] 🗳️ [DETERMINISTIC] Train set assigned (No Voting). Size: 50
[ 2026-05-13 18:47:26 | node_2 | INFO ] 🧩 Model added for round 46 (10/11) from ['node_36']
[ 2026-05-13 18:47:26 | node_13 | INFO ] ♻️ Proactively processing 13 early models for round 46.
[ 2026-05-13 18:47:26 | node_13 | INFO ] 🧩 Model added for round 46 (1/15) from ['node_46']
[ 2026-05-13 18:47:26 | node_20 | INFO ] 🧩 Model added for round 46 (8/11) from ['node_35']
[ 2026-05-13 18:47:26 | node_13 | INFO ] 🧩 Model added for round 46 (2/15) from ['node_9']
[ 2026-05-13 18:47:26 | node_45 | INFO ] 📢 Broadcasting metrics.
[ 2026-05-13 18:47:26 | node_13 | INFO ] 🧩 Model added for round 46 (3/15) from ['node_2']
[ 2026-05-13 18:47:26 | node_13 | INFO ] 🧩 Model added for round 46 (4/15) from ['node_21']
[ 2026-05-13 18:47:26 | node_13 | INFO ] 🧩 Model added for round 46 (5/15) from ['node']
[ 2026-05-13 18:47:26 | node_13 | INFO ] 🧩 Model added for round 46 (6/15) from ['node_37']
[ 2026-05-13 18:47:26 | node_13 | INFO ] 🧩 Model added for round 46 (7/15) from ['node_43']
[ 2026-05-13 18:47:26 | node_13 | INFO ] 🧩 Model added for round 46 (8/15) from ['node_31']
[ 2026-05-13 18:47:26 | node_13 | INFO ] 🧩 Model added for round 46 (9/15) from ['node_48']
[ 2026-05-13 18:47:26 | node_13 | INFO ] 🧩 Model added for round 46 (10/15) from ['node_20']
[ 2026-05-13 18:47:26 | node_13 | INFO ] 🧩 Model added for round 46 (11/15) from ['node_40']
[ 2026-05-13 18:47:26 | node_13 | INFO ] 🧩 Model added for round 46 (12/15) from ['node_30']
[ 2026-05-13 18:47:26 | node_13 | INFO ] 🧩 Model added for round 46 (13/15) from ['node_12']
[ 2026-05-13 18:47:26 | node_13 | INFO ] 🏋️‍♀️ Preparing training...
[ 2026-05-13 18:47:27 | node_47 | INFO ] 📤 Sending model to 6 direct neighbors: ['node_3', 'node_5', 'node_21', 'node_22', 'node_37', 'node_40']
[ 2026-05-13 18:47:27 | node_13 | INFO ] 🎓 Training step done.
[ 2026-05-13 18:47:27 | node_13 | INFO ] 🛠️ Calling force_add_local_model...
[ 2026-05-13 18:47:27 | node_13 | INFO ] ✅ [FORCE] Local model added for round 46. (14/15)
[ 2026-05-13 18:47:27 | node_3 | INFO ] 🧩 Model added for round 46 (8/9) from ['node_47']
[ 2026-05-13 18:47:27 | node_12 | INFO ] 🧩 Model added for round 46 (6/9) from ['node_36']
[ 2026-05-13 18:47:27 | node_26 | INFO ] 🧩 Model added for round 46 (7/8) from ['node_35']
[ 2026-05-13 18:47:28 | node_45 | INFO ] 🎉 Round 46 of 50 finished.
[ 2026-05-13 18:47:28 | node_45 | INFO ] 🗳️ [DETERMINISTIC] Train set assigned (No Voting). Size: 50
[ 2026-05-13 18:47:28 | node_45 | INFO ] ♻️ Proactively processing 5 early models for round 46.
[ 2026-05-13 18:47:28 | node_45 | INFO ] 🧩 Model added for round 46 (1/6) from ['node_26']
[ 2026-05-13 18:47:28 | node_5 | INFO ] 🧩 Model added for round 46 (8/10) from ['node_47']
[ 2026-05-13 18:47:28 | node_45 | INFO ] 🧩 Model added for round 46 (2/6) from ['node_42']
[ 2026-05-13 18:47:28 | node_15 | INFO ] 🧩 Model added for round 46 (5/6) from ['node_36']
[ 2026-05-13 18:47:28 | node_45 | INFO ] 🧩 Model added for round 46 (3/6) from ['node_4']
[ 2026-05-13 18:47:28 | node_45 | INFO ] 🧩 Model added for round 46 (4/6) from ['node_30']
[ 2026-05-13 18:47:28 | node_45 | INFO ] 🧩 Model added for round 46 (5/6) from ['node_7']
[ 2026-05-13 18:47:28 | node_45 | INFO ] 🏋️‍♀️ Preparing training...
[ 2026-05-13 18:47:28 | node_39 | INFO ] 🧩 Model added for round 46 (13/13) from ['node_35']
[ 2026-05-13 18:47:29 | node_45 | INFO ] 🎓 Training step done.
[ 2026-05-13 18:47:29 | node_45 | INFO ] 🛠️ Calling force_add_local_model...
[ 2026-05-13 18:47:29 | node_45 | INFO ] ✅ [FORCE] Local model added for round 46. (6/6)
[ 2026-05-13 18:47:29 | node_32 | INFO ] 🧩 Model added for round 46 (7/9) from ['node_36']
[ 2026-05-13 18:47:30 | node_21 | INFO ] 🧩 Model added for round 46 (7/9) from ['node_47']
[ 2026-05-13 18:47:30 | node_40 | INFO ] 🧩 Model added for round 46 (7/11) from ['node_35']
[ 2026-05-13 18:47:31 | node_22 | INFO ] 🧩 Model added for round 46 (5/6) from ['node_47']
[ 2026-05-13 18:47:31 | node_43 | INFO ] 🧩 Model added for round 46 (7/9) from ['node_36']
[ 2026-05-13 18:47:32 | node_39 | INFO ] 🧠 Aggregation complete. Setting new model.
[ 2026-05-13 18:47:32 | node_37 | INFO ] 🧩 Model added for round 46 (7/8) from ['node_47']
[ 2026-05-13 18:47:32 | node_13 | INFO ] 📤 Sending model to 14 direct neighbors: ['node', 'node_2', 'node_9', 'node_12', 'node_20', 'node_21', 'node_30', 'node_31', 'node_34', 'node_37', 'node_40', 'node_43', 'node_46', 'node_48']
[ 2026-05-13 18:47:32 | node_39 | INFO ] 🗣️ Gossiping aggregated model.
[ 2026-05-13 18:47:33 | node_11 | INFO ] ⏹️  Gossiping exited for 50 equal rounds.
[ 2026-05-13 18:47:33 | node | INFO ] 🧩 Model added for round 46 (9/10) from ['node_13']
[ 2026-05-13 18:47:33 | node_11 | INFO ] 🔬 Evaluating...
[ 2026-05-13 18:47:33 | node_40 | INFO ] 🧩 Model added for round 46 (8/11) from ['node_47']
[ 2026-05-13 18:47:33 | node_11 | INFO ] 📈 Evaluated. Results: {'test_loss': 0.13633129000663757, 'test_acc': 0.9750000238418579, 'test_precision': 0.9793077707290649, 'test_recall': 0.9738150835037231, 'test_f1': 0.9756894707679749, 'communication_cost': 41397356}
[ 2026-05-13 18:47:33 | node_11 | INFO ] 📢 Broadcasting metrics.
[ 2026-05-13 18:47:34 | node_45 | INFO ] 📤 Sending model to 5 direct neighbors: ['node_4', 'node_7', 'node_26', 'node_30', 'node_42']
[ 2026-05-13 18:47:34 | node_2 | INFO ] 🧩 Model added for round 46 (11/11) from ['node_13']
[ 2026-05-13 18:47:35 | node_4 | INFO ] 🧩 Model added for round 46 (15/16) from ['node_45']
[ 2026-05-13 18:47:35 | node_47 | INFO ] 🧠 Aggregation complete. Setting new model.
[ 2026-05-13 18:47:35 | node_2 | INFO ] 🧠 Aggregation complete. Setting new model.
[ 2026-05-13 18:47:36 | node_47 | INFO ] 🗣️ Gossiping aggregated model.
[ 2026-05-13 18:47:36 | node_9 | INFO ] 🧩 Model added for round 46 (8/9) from ['node_13']
[ 2026-05-13 18:47:36 | node_2 | INFO ] 🗣️ Gossiping aggregated model.
[ 2026-05-13 18:47:37 | node_7 | INFO ] 🧩 Model added for round 46 (7/8) from ['node_45']
[ 2026-05-13 18:47:37 | node_11 | INFO ] 🎉 Round 46 of 50 finished.
[ 2026-05-13 18:47:37 | node_11 | INFO ] 🗳️ [DETERMINISTIC] Train set assigned (No Voting). Size: 50
[ 2026-05-13 18:47:37 | node_11 | INFO ] ♻️ Proactively processing 10 early models for round 46.
[ 2026-05-13 18:47:37 | node_11 | INFO ] 🧩 Model added for round 46 (1/12) from ['node_46']
[ 2026-05-13 18:47:37 | node_11 | INFO ] 🧩 Model added for round 46 (2/12) from ['node_32']
[ 2026-05-13 18:47:37 | node_11 | INFO ] 🧩 Model added for round 46 (3/12) from ['node']
[ 2026-05-13 18:47:37 | node_11 | INFO ] 🧩 Model added for round 46 (4/12) from ['node_43']
[ 2026-05-13 18:47:37 | node_11 | INFO ] 🧩 Model added for round 46 (5/12) from ['node_31']
[ 2026-05-13 18:47:37 | node_11 | INFO ] 🧩 Model added for round 46 (6/12) from ['node_49']
[ 2026-05-13 18:47:37 | node_11 | INFO ] 🧩 Model added for round 46 (7/12) from ['node_3']
[ 2026-05-13 18:47:37 | node_11 | INFO ] 🧩 Model added for round 46 (8/12) from ['node_20']
[ 2026-05-13 18:47:37 | node_11 | INFO ] 🧩 Model added for round 46 (9/12) from ['node_40']
[ 2026-05-13 18:47:37 | node_11 | INFO ] 🧩 Model added for round 46 (10/12) from ['node_36']
[ 2026-05-13 18:47:37 | node_11 | INFO ] 🏋️‍♀️ Preparing training...
[ 2026-05-13 18:47:37 | node_12 | INFO ] 🧩 Model added for round 46 (7/9) from ['node_13']
[ 2026-05-13 18:47:38 | node_26 | INFO ] 🧩 Model added for round 46 (8/8) from ['node_45']
[ 2026-05-13 18:47:38 | node_11 | INFO ] 🎓 Training step done.
[ 2026-05-13 18:47:38 | node_11 | INFO ] 🛠️ Calling force_add_local_model...
[ 2026-05-13 18:47:38 | node_11 | INFO ] ✅ [FORCE] Local model added for round 46. (11/12)
[ 2026-05-13 18:47:38 | node_20 | INFO ] 🧩 Model added for round 46 (9/11) from ['node_13']
[ 2026-05-13 18:47:39 | node_26 | INFO ] 🧠 Aggregation complete. Setting new model.
[ 2026-05-13 18:47:39 | node_30 | INFO ] 🧩 Model added for round 46 (9/11) from ['node_45']
[ 2026-05-13 18:47:39 | node_26 | INFO ] 🗣️ Gossiping aggregated model.
[ 2026-05-13 18:47:40 | node_21 | INFO ] 🧩 Model added for round 46 (8/9) from ['node_13']
[ 2026-05-13 18:47:40 | node_42 | INFO ] 🧩 Model added for round 46 (8/9) from ['node_45']
[ 2026-05-13 18:47:40 | node_30 | INFO ] 🧩 Model added for round 46 (10/11) from ['node_13']
[ 2026-05-13 18:47:41 | node_45 | INFO ] 🧠 Aggregation complete. Setting new model.
[ 2026-05-13 18:47:41 | node_34 | INFO ] ⏹️  Gossiping exited for 50 equal rounds.
[ 2026-05-13 18:47:41 | node_34 | INFO ] 🔬 Evaluating...
[ 2026-05-13 18:47:42 | node_45 | INFO ] 🗣️ Gossiping aggregated model.
[ 2026-05-13 18:47:42 | node_34 | INFO ] 📈 Evaluated. Results: {'test_loss': 0.2405657023191452, 'test_acc': 0.9649999737739563, 'test_precision': 0.9677475690841675, 'test_recall': 0.9621800184249878, 'test_f1': 0.9636818766593933, 'communication_cost': 22580376}
[ 2026-05-13 18:47:42 | node_34 | INFO ] 📢 Broadcasting metrics.
[ 2026-05-13 18:47:42 | node_31 | INFO ] 🧩 Model added for round 46 (8/11) from ['node_13']
[ 2026-05-13 18:47:43 | node_11 | INFO ] 📤 Sending model to 11 direct neighbors: ['node', 'node_3', 'node_20', 'node_29', 'node_31', 'node_32', 'node_36', 'node_40', 'node_43', 'node_46', 'node_49']
[ 2026-05-13 18:47:43 | node | INFO ] 🧩 Model added for round 46 (10/10) from ['node_11']
[ 2026-05-13 18:47:44 | node_34 | INFO ] 🎉 Round 46 of 50 finished.
[ 2026-05-13 18:47:44 | node_34 | INFO ] 🗳️ [DETERMINISTIC] Train set assigned (No Voting). Size: 50
[ 2026-05-13 18:47:44 | node_34 | INFO ] ♻️ Proactively processing 6 early models for round 46.
[ 2026-05-13 18:47:44 | node_34 | INFO ] 🧩 Model added for round 46 (1/7) from ['node_9']
[ 2026-05-13 18:47:44 | node_34 | INFO ] 🧩 Model added for round 46 (2/7) from ['node_5']
[ 2026-05-13 18:47:44 | node_34 | INFO ] 🧩 Model added for round 46 (3/7) from ['node_38']
[ 2026-05-13 18:47:44 | node_34 | INFO ] 🧩 Model added for round 46 (4/7) from ['node_12']
[ 2026-05-13 18:47:44 | node_34 | INFO ] 🧩 Model added for round 46 (5/7) from ['node_36']
[ 2026-05-13 18:47:44 | node_34 | INFO ] 🧩 Model added for round 46 (6/7) from ['node_13']
[ 2026-05-13 18:47:44 | node_34 | INFO ] 🏋️‍♀️ Preparing training...
[ 2026-05-13 18:47:44 | node_37 | INFO ] 🧩 Model added for round 46 (8/8) from ['node_13']
[ 2026-05-13 18:47:44 | node_3 | INFO ] 🧩 Model added for round 46 (9/9) from ['node_11']
[ 2026-05-13 18:47:44 | node_34 | INFO ] 🎓 Training step done.
[ 2026-05-13 18:47:44 | node_34 | INFO ] 🛠️ Calling force_add_local_model...
[ 2026-05-13 18:47:45 | node_34 | INFO ] ✅ [FORCE] Local model added for round 46. (7/7)
[ 2026-05-13 18:47:45 | node | INFO ] 🧠 Aggregation complete. Setting new model.
[ 2026-05-13 18:47:45 | node_3 | INFO ] 🧠 Aggregation complete. Setting new model.
[ 2026-05-13 18:47:46 | node_40 | INFO ] 🧩 Model added for round 46 (9/11) from ['node_13']
[ 2026-05-13 18:47:46 | node_37 | INFO ] 🧠 Aggregation complete. Setting new model.
[ 2026-05-13 18:47:46 | node_20 | INFO ] 🧩 Model added for round 46 (10/11) from ['node_11']
[ 2026-05-13 18:47:46 | node | INFO ] 🗣️ Gossiping aggregated model.
[ 2026-05-13 18:47:46 | node_3 | INFO ] 🗣️ Gossiping aggregated model.
[ 2026-05-13 18:47:46 | node_37 | INFO ] 🗣️ Gossiping aggregated model.
[ 2026-05-13 18:47:47 | node_43 | INFO ] 🧩 Model added for round 46 (8/9) from ['node_13']
[ 2026-05-13 18:47:48 | node_31 | INFO ] 🧩 Model added for round 46 (9/11) from ['node_11']
[ 2026-05-13 18:47:48 | node_46 | INFO ] 🧩 Model added for round 46 (6/7) from ['node_13']
[ 2026-05-13 18:47:49 | node_48 | INFO ] 🧩 Model added for round 46 (5/8) from ['node_13']
[ 2026-05-13 18:47:49 | node_32 | INFO ] 🧩 Model added for round 46 (8/9) from ['node_11']
[ 2026-05-13 18:47:50 | node_34 | INFO ] 📤 Sending model to 6 direct neighbors: ['node_5', 'node_9', 'node_12', 'node_13', 'node_36', 'node_38']
[ 2026-05-13 18:47:50 | node_5 | INFO ] 🧩 Model added for round 46 (9/10) from ['node_34']
[ 2026-05-13 18:47:50 | node_36 | INFO ] 🧩 Model added for round 46 (7/9) from ['node_11']
[ 2026-05-13 18:47:51 | node_9 | INFO ] 🧩 Model added for round 46 (9/9) from ['node_34']
[ 2026-05-13 18:47:51 | node_40 | INFO ] 🧩 Model added for round 46 (10/11) from ['node_11']
[ 2026-05-13 18:47:52 | node_12 | INFO ] 🧩 Model added for round 46 (8/9) from ['node_34']
[ 2026-05-13 18:47:52 | node_9 | INFO ] 🧠 Aggregation complete. Setting new model.
[ 2026-05-13 18:47:52 | node_43 | INFO ] 🧩 Model added for round 46 (9/9) from ['node_11']
[ 2026-05-13 18:47:53 | node_9 | INFO ] 🗣️ Gossiping aggregated model.
[ 2026-05-13 18:47:53 | node_13 | INFO ] 🧩 Model added for round 46 (15/15) from ['node_34']
[ 2026-05-13 18:47:54 | node_46 | INFO ] 🧩 Model added for round 46 (7/7) from ['node_11']
[ 2026-05-13 18:47:54 | node_43 | INFO ] 🧠 Aggregation complete. Setting new model.
[ 2026-05-13 18:47:55 | node_46 | INFO ] 🧠 Aggregation complete. Setting new model.
[ 2026-05-13 18:47:55 | node_13 | INFO ] 🧠 Aggregation complete. Setting new model.
[ 2026-05-13 18:47:55 | node_49 | INFO ] 🧩 Model added for round 46 (9/9) from ['node_11']
[ 2026-05-13 18:47:56 | node_43 | INFO ] 🗣️ Gossiping aggregated model.
[ 2026-05-13 18:47:56 | node_46 | INFO ] 🗣️ Gossiping aggregated model.
[ 2026-05-13 18:47:56 | node_36 | INFO ] 🧩 Model added for round 46 (8/9) from ['node_34']
[ 2026-05-13 18:47:56 | node_13 | INFO ] 🗣️ Gossiping aggregated model.
[ 2026-05-13 18:47:57 | node_49 | INFO ] 🧠 Aggregation complete. Setting new model.
[ 2026-05-13 18:47:57 | node_38 | INFO ] 🧩 Model added for round 46 (8/8) from ['node_34']
[ 2026-05-13 18:47:58 | node_38 | INFO ] 🧠 Aggregation complete. Setting new model.
[ 2026-05-13 18:47:58 | node_49 | INFO ] 🗣️ Gossiping aggregated model.
[ 2026-05-13 18:47:58 | node_34 | INFO ] 🧠 Aggregation complete. Setting new model.
[ 2026-05-13 18:47:59 | node_38 | INFO ] 🗣️ Gossiping aggregated model.
[ 2026-05-13 18:47:59 | node_34 | INFO ] 🗣️ Gossiping aggregated model.
[ 2026-05-13 18:48:23 | node_41 | INFO ] ⏹️  Gossiping exited for 50 equal rounds.
[ 2026-05-13 18:48:23 | node_41 | INFO ] 🔬 Evaluating...
[ 2026-05-13 18:48:23 | node_41 | INFO ] 📈 Evaluated. Results: {'test_loss': 0.5999251008033752, 'test_acc': 0.949999988079071, 'test_precision': 0.9557044506072998, 'test_recall': 0.9530467391014099, 'test_f1': 0.9509726762771606, 'communication_cost': 15053584}
[ 2026-05-13 18:48:23 | node_41 | INFO ] 📢 Broadcasting metrics.
[ 2026-05-13 18:48:24 | node_41 | INFO ] 🎉 Round 47 of 50 finished.
[ 2026-05-13 18:48:24 | node_41 | INFO ] 🗳️ [DETERMINISTIC] Train set assigned (No Voting). Size: 50
[ 2026-05-13 18:48:24 | node_41 | INFO ] 🏋️‍♀️ Preparing training...
[ 2026-05-13 18:48:25 | node_41 | INFO ] 🎓 Training step done.
[ 2026-05-13 18:48:25 | node_41 | INFO ] 🛠️ Calling force_add_local_model...
[ 2026-05-13 18:48:25 | node_41 | INFO ] ✅ [FORCE] Local model added for round 47. (1/5)
[ 2026-05-13 18:48:30 | node_41 | INFO ] 📤 Sending model to 4 direct neighbors: ['node_14', 'node_24', 'node_31', 'node_32']
[ 2026-05-13 18:48:58 | node_33 | INFO ] ⏹️  Gossiping exited for 50 equal rounds.
[ 2026-05-13 18:48:58 | node_33 | INFO ] 🔬 Evaluating...
[ 2026-05-13 18:48:59 | node_33 | INFO ] 📈 Evaluated. Results: {'test_loss': 0.3590749502182007, 'test_acc': 0.9300000071525574, 'test_precision': 0.9354660511016846, 'test_recall': 0.9286136031150818, 'test_f1': 0.9309030175209045, 'communication_cost': 18816980}
[ 2026-05-13 18:48:59 | node_33 | INFO ] 📢 Broadcasting metrics.
[ 2026-05-13 18:49:01 | node_33 | INFO ] 🎉 Round 47 of 50 finished.
[ 2026-05-13 18:49:01 | node_33 | INFO ] 🗳️ [DETERMINISTIC] Train set assigned (No Voting). Size: 50
[ 2026-05-13 18:49:01 | node_33 | INFO ] 🏋️‍♀️ Preparing training...
[ 2026-05-13 18:49:02 | node_33 | INFO ] 🎓 Training step done.
[ 2026-05-13 18:49:02 | node_33 | INFO ] 🛠️ Calling force_add_local_model...
[ 2026-05-13 18:49:02 | node_33 | INFO ] ✅ [FORCE] Local model added for round 47. (1/6)
[ 2026-05-13 18:49:07 | node_33 | INFO ] 📤 Sending model to 5 direct neighbors: ['node_9', 'node_24', 'node_31', 'node_38', 'node_44']
[ 2026-05-13 18:49:41 | node_29 | INFO ] ⏹️  Gossiping exited for 50 equal rounds.
[ 2026-05-13 18:49:41 | node_29 | INFO ] 🔬 Evaluating...
[ 2026-05-13 18:49:42 | node_29 | INFO ] 📈 Evaluated. Results: {'test_loss': 0.14009429514408112, 'test_acc': 0.9700000286102295, 'test_precision': 0.9712317585945129, 'test_recall': 0.9669094681739807, 'test_f1': 0.9679688811302185, 'communication_cost': 45160752}
[ 2026-05-13 18:49:42 | node_29 | INFO ] 📢 Broadcasting metrics.
[ 2026-05-13 18:49:47 | node_29 | INFO ] 🎉 Round 46 of 50 finished.
[ 2026-05-13 18:49:47 | node_29 | INFO ] 🗳️ [DETERMINISTIC] Train set assigned (No Voting). Size: 50
[ 2026-05-13 18:49:47 | node_29 | INFO ] ♻️ Proactively processing 12 early models for round 46.
[ 2026-05-13 18:49:47 | node_29 | INFO ] 🧩 Model added for round 46 (1/13) from ['node_32']
[ 2026-05-13 18:49:47 | node_29 | INFO ] 🧩 Model added for round 46 (2/13) from ['node_14']
[ 2026-05-13 18:49:47 | node_29 | INFO ] 🧩 Model added for round 46 (3/13) from ['node_15']
[ 2026-05-13 18:49:47 | node_29 | INFO ] 🧩 Model added for round 46 (4/13) from ['node_16']
[ 2026-05-13 18:49:47 | node_29 | INFO ] 🧩 Model added for round 46 (5/13) from ['node_21']
[ 2026-05-13 18:49:47 | node_29 | INFO ] 🧩 Model added for round 46 (6/13) from ['node_28']
[ 2026-05-13 18:49:48 | node_29 | INFO ] 🧩 Model added for round 46 (7/13) from ['node_17']
[ 2026-05-13 18:49:48 | node_29 | INFO ] 🧩 Model added for round 46 (8/13) from ['node_31']
[ 2026-05-13 18:49:48 | node_29 | INFO ] 🧩 Model added for round 46 (9/13) from ['node_42']
[ 2026-05-13 18:49:48 | node_29 | INFO ] 🧩 Model added for round 46 (10/13) from ['node_48']
[ 2026-05-13 18:49:48 | node_29 | INFO ] 🧩 Model added for round 46 (11/13) from ['node_40']
[ 2026-05-13 18:49:48 | node_29 | INFO ] 🧩 Model added for round 46 (12/13) from ['node_11']
[ 2026-05-13 18:49:48 | node_29 | INFO ] 🏋️‍♀️ Preparing training...
[ 2026-05-13 18:49:48 | node_24 | INFO ] ⏹️  Gossiping exited for 50 equal rounds.
[ 2026-05-13 18:49:48 | node_24 | INFO ] 🔬 Evaluating...
[ 2026-05-13 18:49:48 | node_29 | INFO ] 🎓 Training step done.
[ 2026-05-13 18:49:48 | node_29 | INFO ] 🛠️ Calling force_add_local_model...
[ 2026-05-13 18:49:49 | node_29 | INFO ] ✅ [FORCE] Local model added for round 46. (13/13)
[ 2026-05-13 18:49:49 | node_24 | INFO ] 📈 Evaluated. Results: {'test_loss': 0.2657768428325653, 'test_acc': 0.9800000190734863, 'test_precision': 0.9764706492424011, 'test_recall': 0.9797507524490356, 'test_f1': 0.9778527021408081, 'communication_cost': 33870564}
[ 2026-05-13 18:49:49 | node_24 | INFO ] 📢 Broadcasting metrics.
[ 2026-05-13 18:49:53 | node_24 | INFO ] 🎉 Round 47 of 50 finished.
[ 2026-05-13 18:49:53 | node_24 | INFO ] 🗳️ [DETERMINISTIC] Train set assigned (No Voting). Size: 50
[ 2026-05-13 18:49:53 | node_24 | INFO ] ♻️ Proactively processing 2 early models for round 47.
[ 2026-05-13 18:49:53 | node_24 | INFO ] 🧩 Model added for round 47 (1/10) from ['node_41']
[ 2026-05-13 18:49:53 | node_24 | INFO ] 🧩 Model added for round 47 (2/10) from ['node_33']
[ 2026-05-13 18:49:53 | node_24 | INFO ] 🏋️‍♀️ Preparing training...
[ 2026-05-13 18:49:54 | node_29 | INFO ] 📤 Sending model to 12 direct neighbors: ['node_11', 'node_14', 'node_15', 'node_16', 'node_17', 'node_21', 'node_28', 'node_31', 'node_32', 'node_40', 'node_42', 'node_48']
[ 2026-05-13 18:49:54 | node_24 | INFO ] 🎓 Training step done.
[ 2026-05-13 18:49:54 | node_24 | INFO ] 🛠️ Calling force_add_local_model...
[ 2026-05-13 18:49:54 | node_24 | INFO ] ✅ [FORCE] Local model added for round 47. (3/10)
[ 2026-05-13 18:49:54 | node_11 | INFO ] 🧩 Model added for round 46 (12/12) from ['node_29']
[ 2026-05-13 18:49:55 | node_11 | INFO ] 🧠 Aggregation complete. Setting new model.
[ 2026-05-13 18:49:55 | node_8 | INFO ] ⏹️  Gossiping exited for 50 equal rounds.
[ 2026-05-13 18:49:55 | node_8 | INFO ] 🔬 Evaluating...
[ 2026-05-13 18:49:56 | node_8 | INFO ] 📈 Evaluated. Results: {'test_loss': 0.14719198644161224, 'test_acc': 0.9599999785423279, 'test_precision': 0.9628263711929321, 'test_recall': 0.9602847099304199, 'test_f1': 0.9605618119239807, 'communication_cost': 18816980}
[ 2026-05-13 18:49:57 | node_11 | INFO ] 🗣️ Gossiping aggregated model.
[ 2026-05-13 18:49:57 | node_8 | INFO ] 📢 Broadcasting metrics.
[ 2026-05-13 18:49:57 | node_14 | INFO ] 🧩 Model added for round 46 (8/8) from ['node_29']
[ 2026-05-13 18:49:58 | node_15 | INFO ] 🧩 Model added for round 46 (6/6) from ['node_29']
[ 2026-05-13 18:49:58 | node_8 | INFO ] 🎉 Round 47 of 50 finished.
[ 2026-05-13 18:49:58 | node_8 | INFO ] 🗳️ [DETERMINISTIC] Train set assigned (No Voting). Size: 50
[ 2026-05-13 18:49:58 | node_15 | INFO ] 🧠 Aggregation complete. Setting new model.
[ 2026-05-13 18:49:58 | node_14 | INFO ] 🧠 Aggregation complete. Setting new model.
[ 2026-05-13 18:49:58 | node_8 | INFO ] 🏋️‍♀️ Preparing training...
[ 2026-05-13 18:49:59 | node_15 | INFO ] 🗣️ Gossiping aggregated model.
[ 2026-05-13 18:49:59 | node_24 | INFO ] 📤 Sending model to 9 direct neighbors: ['node_2', 'node_8', 'node_9', 'node_19', 'node_22', 'node_33', 'node_39', 'node_41', 'node_44']
[ 2026-05-13 18:49:59 | node_8 | INFO ] 🎓 Training step done.
[ 2026-05-13 18:49:59 | node_8 | INFO ] 🛠️ Calling force_add_local_model...
[ 2026-05-13 18:49:59 | node_16 | INFO ] 🧩 Model added for round 46 (6/6) from ['node_29']
[ 2026-05-13 18:49:59 | node_8 | INFO ] ✅ [FORCE] Local model added for round 47. (1/6)
[ 2026-05-13 18:49:59 | node_14 | INFO ] 🗣️ Gossiping aggregated model.
[ 2026-05-13 18:50:00 | node_16 | INFO ] 🧠 Aggregation complete. Setting new model.
[ 2026-05-13 18:50:00 | node_8 | INFO ] 🧩 Model added for round 47 (2/6) from ['node_24']
[ 2026-05-13 18:50:01 | node_17 | INFO ] 🧩 Model added for round 46 (9/9) from ['node_29']
[ 2026-05-13 18:50:01 | node_16 | INFO ] 🗣️ Gossiping aggregated model.
[ 2026-05-13 18:50:01 | node_17 | INFO ] 🧠 Aggregation complete. Setting new model.
[ 2026-05-13 18:50:02 | node_34 | INFO ] ⏹️  Gossiping exited for 50 equal rounds.
[ 2026-05-13 18:50:02 | node_34 | INFO ] 🔬 Evaluating...
[ 2026-05-13 18:50:02 | node_34 | INFO ] 📈 Evaluated. Results: {'test_loss': 0.22138091921806335, 'test_acc': 0.9800000190734863, 'test_precision': 0.9824532866477966, 'test_recall': 0.977735698223114, 'test_f1': 0.9795655012130737, 'communication_cost': 22580376}
[ 2026-05-13 18:50:02 | node_17 | INFO ] 🗣️ Gossiping aggregated model.
[ 2026-05-13 18:50:02 | node_34 | INFO ] 📢 Broadcasting metrics.
[ 2026-05-13 18:50:03 | node_21 | INFO ] 🧩 Model added for round 46 (9/9) from ['node_29']
[ 2026-05-13 18:50:04 | node_33 | INFO ] 🧩 Model added for round 47 (2/6) from ['node_24']
[ 2026-05-13 18:50:05 | node_8 | INFO ] 📤 Sending model to 5 direct neighbors: ['node_9', 'node_14', 'node_24', 'node_32', 'node_35']
[ 2026-05-13 18:50:05 | node_28 | INFO ] 🧩 Model added for round 46 (8/8) from ['node_29']
[ 2026-05-13 18:50:06 | node_34 | INFO ] 🎉 Round 47 of 50 finished.
[ 2026-05-13 18:50:06 | node_34 | INFO ] 🗳️ [DETERMINISTIC] Train set assigned (No Voting). Size: 50
[ 2026-05-13 18:50:06 | node_34 | INFO ] 🏋️‍♀️ Preparing training...
[ 2026-05-13 18:50:06 | node_41 | INFO ] 🧩 Model added for round 47 (2/5) from ['node_24']
[ 2026-05-13 18:50:06 | node_31 | INFO ] 🧩 Model added for round 46 (10/11) from ['node_29']
[ 2026-05-13 18:50:06 | node_34 | INFO ] 🎓 Training step done.
[ 2026-05-13 18:50:06 | node_34 | INFO ] 🛠️ Calling force_add_local_model...
[ 2026-05-13 18:50:06 | node_24 | INFO ] 🧩 Model added for round 47 (4/10) from ['node_8']
[ 2026-05-13 18:50:06 | node_34 | INFO ] ✅ [FORCE] Local model added for round 47. (1/7)
[ 2026-05-13 18:50:07 | node_21 | INFO ] 🧠 Aggregation complete. Setting new model.
[ 2026-05-13 18:50:07 | node_28 | INFO ] 🧠 Aggregation complete. Setting new model.
[ 2026-05-13 18:50:08 | node_21 | INFO ] 🗣️ Gossiping aggregated model.
[ 2026-05-13 18:50:08 | node_28 | INFO ] 🗣️ Gossiping aggregated model.
[ 2026-05-13 18:50:08 | node_32 | INFO ] 🧩 Model added for round 46 (9/9) from ['node_29']
[ 2026-05-13 18:50:09 | node_32 | INFO ] 🧠 Aggregation complete. Setting new model.
[ 2026-05-13 18:50:09 | node_23 | INFO ] ⏹️  Gossiping exited for 50 equal rounds.
[ 2026-05-13 18:50:09 | node_23 | INFO ] 🔬 Evaluating...
[ 2026-05-13 18:50:09 | node_23 | INFO ] 📈 Evaluated. Results: {'test_loss': 0.33427512645721436, 'test_acc': 0.9599999785423279, 'test_precision': 0.957064151763916, 'test_recall': 0.9646443128585815, 'test_f1': 0.9590368866920471, 'communication_cost': 18816980}
[ 2026-05-13 18:50:10 | node_23 | INFO ] 📢 Broadcasting metrics.
[ 2026-05-13 18:50:10 | node_40 | INFO ] 🧩 Model added for round 46 (11/11) from ['node_29']
[ 2026-05-13 18:50:10 | node_32 | INFO ] 🗣️ Gossiping aggregated model.
[ 2026-05-13 18:50:11 | node_40 | INFO ] 🧠 Aggregation complete. Setting new model.
[ 2026-05-13 18:50:11 | node_42 | INFO ] 🧩 Model added for round 46 (9/9) from ['node_29']
[ 2026-05-13 18:50:11 | node_34 | INFO ] 📤 Sending model to 6 direct neighbors: ['node_5', 'node_9', 'node_12', 'node_13', 'node_36', 'node_38']
[ 2026-05-13 18:50:12 | node_23 | INFO ] 🎉 Round 47 of 50 finished.
[ 2026-05-13 18:50:13 | node_40 | INFO ] 🗣️ Gossiping aggregated model.
[ 2026-05-13 18:50:13 | node_23 | INFO ] 🗳️ [DETERMINISTIC] Train set assigned (No Voting). Size: 50
[ 2026-05-13 18:50:13 | node_42 | INFO ] 🧠 Aggregation complete. Setting new model.
[ 2026-05-13 18:50:13 | node_23 | INFO ] 🏋️‍♀️ Preparing training...
[ 2026-05-13 18:50:13 | node_48 | INFO ] 🧩 Model added for round 46 (6/8) from ['node_29']
[ 2026-05-13 18:50:13 | node_23 | INFO ] 🎓 Training step done.
[ 2026-05-13 18:50:13 | node_23 | INFO ] 🛠️ Calling force_add_local_model...
[ 2026-05-13 18:50:14 | node_23 | INFO ] ✅ [FORCE] Local model added for round 47. (1/6)
[ 2026-05-13 18:50:14 | node_42 | INFO ] 🗣️ Gossiping aggregated model.
[ 2026-05-13 18:50:19 | node_23 | INFO ] 📤 Sending model to 5 direct neighbors: ['node_7', 'node_10', 'node_25', 'node_30', 'node_39']
[ 2026-05-13 18:50:19 | node_27 | INFO ] ⏹️  Gossiping exited for 50 equal rounds.
[ 2026-05-13 18:50:19 | node_27 | INFO ] 🔬 Evaluating...
[ 2026-05-13 18:50:19 | node_27 | INFO ] 📈 Evaluated. Results: {'test_loss': 0.14845073223114014, 'test_acc': 0.9700000286102295, 'test_precision': 0.9716033339500427, 'test_recall': 0.9691444635391235, 'test_f1': 0.9694180488586426, 'communication_cost': 33870564}
[ 2026-05-13 18:50:20 | node_39 | INFO ] ⏹️  Gossiping exited for 50 equal rounds.
[ 2026-05-13 18:50:20 | node_39 | INFO ] 🔬 Evaluating...
[ 2026-05-13 18:50:20 | node_39 | INFO ] 📈 Evaluated. Results: {'test_loss': 0.009756237268447876, 'test_acc': 0.9950000047683716, 'test_precision': 0.9954546093940735, 'test_recall': 0.9944446086883545, 'test_f1': 0.9948173761367798, 'communication_cost': 45160752}
[ 2026-05-13 18:50:20 | node_27 | INFO ] 📢 Broadcasting metrics.
[ 2026-05-13 18:50:21 | node_39 | INFO ] 📢 Broadcasting metrics.
[ 2026-05-13 18:50:22 | node_29 | INFO ] 🧠 Aggregation complete. Setting new model.
[ 2026-05-13 18:50:23 | node_2 | INFO ] ⏹️  Gossiping exited for 50 equal rounds.
[ 2026-05-13 18:50:23 | node_2 | INFO ] 🔬 Evaluating...
[ 2026-05-13 18:50:23 | node_2 | INFO ] 📈 Evaluated. Results: {'test_loss': 0.13418354094028473, 'test_acc': 0.9649999737739563, 'test_precision': 0.9703575372695923, 'test_recall': 0.9662052392959595, 'test_f1': 0.9669773578643799, 'communication_cost': 37633960}
[ 2026-05-13 18:50:23 | node_2 | INFO ] 📢 Broadcasting metrics.
[ 2026-05-13 18:50:23 | node_29 | INFO ] 🗣️ Gossiping aggregated model.
[ 2026-05-13 18:50:24 | node_26 | INFO ] ⏹️  Gossiping exited for 50 equal rounds.
[ 2026-05-13 18:50:25 | node_26 | INFO ] 🔬 Evaluating...
[ 2026-05-13 18:50:25 | node_27 | INFO ] 🎉 Round 46 of 50 finished.
[ 2026-05-13 18:50:25 | node_27 | INFO ] 🗳️ [DETERMINISTIC] Train set assigned (No Voting). Size: 50
[ 2026-05-13 18:50:25 | node_26 | INFO ] 📈 Evaluated. Results: {'test_loss': 0.10752983391284943, 'test_acc': 0.9850000143051147, 'test_precision': 0.9849206805229187, 'test_recall': 0.9847118258476257, 'test_f1': 0.9842703342437744, 'communication_cost': 26343772}
[ 2026-05-13 18:50:25 | node_26 | INFO ] 📢 Broadcasting metrics.
[ 2026-05-13 18:50:25 | node_27 | INFO ] ♻️ Proactively processing 8 early models for round 46.
[ 2026-05-13 18:50:25 | node_27 | INFO ] 🧩 Model added for round 46 (1/10) from ['node_48']
[ 2026-05-13 18:50:25 | node_27 | INFO ] 🧩 Model added for round 46 (2/10) from ['node_20']
[ 2026-05-13 18:50:25 | node_27 | INFO ] 🧩 Model added for round 46 (3/10) from ['node_19']
[ 2026-05-13 18:50:25 | node_27 | INFO ] 🧩 Model added for round 46 (4/10) from ['node_30']
[ 2026-05-13 18:50:25 | node_27 | INFO ] 🧩 Model added for round 46 (5/10) from ['node_7']
[ 2026-05-13 18:50:25 | node_27 | INFO ] 🧩 Model added for round 46 (6/10) from ['node_12']
[ 2026-05-13 18:50:25 | node_27 | INFO ] 🧩 Model added for round 46 (7/10) from ['node_35']
[ 2026-05-13 18:50:25 | node_27 | INFO ] 🧩 Model added for round 46 (8/10) from ['node_36']
[ 2026-05-13 18:50:25 | node_27 | INFO ] 🏋️‍♀️ Preparing training...
[ 2026-05-13 18:50:26 | node_27 | INFO ] 🎓 Training step done.
[ 2026-05-13 18:50:26 | node_27 | INFO ] 🛠️ Calling force_add_local_model...
[ 2026-05-13 18:50:26 | node_27 | INFO ] ✅ [FORCE] Local model added for round 46. (9/10)
[ 2026-05-13 18:50:26 | node_39 | INFO ] 🎉 Round 47 of 50 finished.
[ 2026-05-13 18:50:26 | node_39 | INFO ] 🗳️ [DETERMINISTIC] Train set assigned (No Voting). Size: 50
[ 2026-05-13 18:50:26 | node_39 | INFO ] ♻️ Proactively processing 2 early models for round 47.
[ 2026-05-13 18:50:26 | node_39 | INFO ] 🧩 Model added for round 47 (1/13) from ['node_24']
[ 2026-05-13 18:50:26 | node_39 | INFO ] 🧩 Model added for round 47 (2/13) from ['node_23']
[ 2026-05-13 18:50:26 | node_39 | INFO ] 🏋️‍♀️ Preparing training...
[ 2026-05-13 18:50:27 | node_45 | INFO ] ⏹️  Gossiping exited for 50 equal rounds.
[ 2026-05-13 18:50:27 | node_45 | INFO ] 🔬 Evaluating...
[ 2026-05-13 18:50:27 | node_39 | INFO ] 🎓 Training step done.
[ 2026-05-13 18:50:27 | node_39 | INFO ] 🛠️ Calling force_add_local_model...
[ 2026-05-13 18:50:27 | node_47 | INFO ] ⏹️  Gossiping exited for 50 equal rounds.
[ 2026-05-13 18:50:27 | node_45 | INFO ] 📈 Evaluated. Results: {'test_loss': 0.3459762632846832, 'test_acc': 0.949999988079071, 'test_precision': 0.9517269134521484, 'test_recall': 0.951677680015564, 'test_f1': 0.949046790599823, 'communication_cost': 18816980}
[ 2026-05-13 18:50:27 | node_39 | INFO ] ✅ [FORCE] Local model added for round 47. (3/13)
[ 2026-05-13 18:50:27 | node_45 | INFO ] 📢 Broadcasting metrics.
[ 2026-05-13 18:50:27 | node_47 | INFO ] 🔬 Evaluating...
[ 2026-05-13 18:50:28 | node_47 | INFO ] 📈 Evaluated. Results: {'test_loss': 0.05501203611493111, 'test_acc': 0.9850000143051147, 'test_precision': 0.983473539352417, 'test_recall': 0.9834325909614563, 'test_f1': 0.9832900762557983, 'communication_cost': 22580376}
[ 2026-05-13 18:50:28 | node_47 | INFO ] 📢 Broadcasting metrics.
[ 2026-05-13 18:50:28 | node_2 | INFO ] 🎉 Round 47 of 50 finished.
[ 2026-05-13 18:50:28 | node_2 | INFO ] 🗳️ [DETERMINISTIC] Train set assigned (No Voting). Size: 50
[ 2026-05-13 18:50:28 | node_26 | INFO ] 🎉 Round 47 of 50 finished.
[ 2026-05-13 18:50:29 | node_2 | INFO ] ♻️ Proactively processing 1 early models for round 47.
[ 2026-05-13 18:50:29 | node_2 | INFO ] 🧩 Model added for round 47 (1/11) from ['node_24']
[ 2026-05-13 18:50:29 | node_26 | INFO ] 🗳️ [DETERMINISTIC] Train set assigned (No Voting). Size: 50
[ 2026-05-13 18:50:29 | node_2 | INFO ] 🏋️‍♀️ Preparing training...
[ 2026-05-13 18:50:29 | node_26 | INFO ] 🏋️‍♀️ Preparing training...
[ 2026-05-13 18:50:29 | node_2 | INFO ] 🎓 Training step done.
[ 2026-05-13 18:50:29 | node_2 | INFO ] 🛠️ Calling force_add_local_model...
[ 2026-05-13 18:50:29 | node_2 | INFO ] ✅ [FORCE] Local model added for round 47. (2/11)
[ 2026-05-13 18:50:29 | node_26 | INFO ] 🎓 Training step done.
[ 2026-05-13 18:50:29 | node_26 | INFO ] 🛠️ Calling force_add_local_model...
[ 2026-05-13 18:50:29 | node_26 | INFO ] ✅ [FORCE] Local model added for round 47. (1/8)
[ 2026-05-13 18:50:30 | node_3 | INFO ] ⏹️  Gossiping exited for 50 equal rounds.
[ 2026-05-13 18:50:30 | node_3 | INFO ] 🔬 Evaluating...
[ 2026-05-13 18:50:30 | node_45 | INFO ] 🎉 Round 47 of 50 finished.
[ 2026-05-13 18:50:30 | node_45 | INFO ] 🗳️ [DETERMINISTIC] Train set assigned (No Voting). Size: 50
[ 2026-05-13 18:50:30 | node_3 | INFO ] 📈 Evaluated. Results: {'test_loss': 0.18851441144943237, 'test_acc': 0.9750000238418579, 'test_precision': 0.9785016775131226, 'test_recall': 0.9754220843315125, 'test_f1': 0.9762521982192993, 'communication_cost': 30107168}
[ 2026-05-13 18:50:30 | node_45 | INFO ] 🏋️‍♀️ Preparing training...
[ 2026-05-13 18:50:30 | node_3 | INFO ] 📢 Broadcasting metrics.
[ 2026-05-13 18:50:31 | node_45 | INFO ] 🎓 Training step done.
[ 2026-05-13 18:50:31 | node_45 | INFO ] 🛠️ Calling force_add_local_model...
[ 2026-05-13 18:50:31 | node_47 | INFO ] 🎉 Round 47 of 50 finished.
[ 2026-05-13 18:50:31 | node_45 | INFO ] ✅ [FORCE] Local model added for round 47. (1/6)
[ 2026-05-13 18:50:31 | node_47 | INFO ] 🗳️ [DETERMINISTIC] Train set assigned (No Voting). Size: 50
[ 2026-05-13 18:50:31 | node_47 | INFO ] 🏋️‍♀️ Preparing training...
[ 2026-05-13 18:50:31 | node_27 | INFO ] 📤 Sending model to 9 direct neighbors: ['node_7', 'node_12', 'node_18', 'node_19', 'node_20', 'node_30', 'node_35', 'node_36', 'node_48']
[ 2026-05-13 18:50:31 | node_37 | INFO ] ⏹️  Gossiping exited for 50 equal rounds.
[ 2026-05-13 18:50:31 | node_37 | INFO ] 🔬 Evaluating...
[ 2026-05-13 18:50:31 | node_7 | INFO ] 🧩 Model added for round 46 (8/8) from ['node_27']
[ 2026-05-13 18:50:32 | node_47 | INFO ] 🎓 Training step done.
[ 2026-05-13 18:50:32 | node_47 | INFO ] 🛠️ Calling force_add_local_model...
[ 2026-05-13 18:50:32 | node_37 | INFO ] 📈 Evaluated. Results: {'test_loss': 0.4887436628341675, 'test_acc': 0.9399999976158142, 'test_precision': 0.9435001611709595, 'test_recall': 0.9398618340492249, 'test_f1': 0.9389479756355286, 'communication_cost': 26343772}
[ 2026-05-13 18:50:32 | node_47 | INFO ] ✅ [FORCE] Local model added for round 47. (1/7)
[ 2026-05-13 18:50:32 | node_37 | INFO ] 📢 Broadcasting metrics.
[ 2026-05-13 18:50:32 | node_7 | INFO ] 🧠 Aggregation complete. Setting new model.
[ 2026-05-13 18:50:32 | node_39 | INFO ] 📤 Sending model to 12 direct neighbors: ['node_2', 'node_3', 'node_6', 'node_7', 'node_14', 'node_16', 'node_21', 'node_23', 'node_24', 'node_32', 'node_35', 'node_40']
[ 2026-05-13 18:50:33 | node_7 | INFO ] 🗣️ Gossiping aggregated model.
[ 2026-05-13 18:50:33 | node_12 | INFO ] 🧩 Model added for round 46 (9/9) from ['node_27']
[ 2026-05-13 18:50:34 | node_2 | INFO ] 🧩 Model added for round 47 (3/11) from ['node_39']
[ 2026-05-13 18:50:34 | node_3 | INFO ] 🎉 Round 47 of 50 finished.
[ 2026-05-13 18:50:34 | node_3 | INFO ] 🗳️ [DETERMINISTIC] Train set assigned (No Voting). Size: 50
[ 2026-05-13 18:50:34 | node_2 | INFO ] 📤 Sending model to 10 direct neighbors: ['node_13', 'node_17', 'node_22', 'node_24', 'node_25', 'node_26', 'node_36', 'node_38', 'node_39', 'node_44']
[ 2026-05-13 18:50:34 | node_26 | INFO ] 📤 Sending model to 7 direct neighbors: ['node_2', 'node_19', 'node_28', 'node_35', 'node_37', 'node_40', 'node_45']
[ 2026-05-13 18:50:35 | node_3 | INFO ] 🏋️‍♀️ Preparing training...
[ 2026-05-13 18:50:35 | node_37 | INFO ] 🎉 Round 47 of 50 finished.
[ 2026-05-13 18:50:35 | node_37 | INFO ] 🗳️ [DETERMINISTIC] Train set assigned (No Voting). Size: 50
[ 2026-05-13 18:50:35 | node_37 | INFO ] 🏋️‍♀️ Preparing training...
[ 2026-05-13 18:50:35 | node_2 | INFO ] 🧩 Model added for round 47 (4/11) from ['node_26']
[ 2026-05-13 18:50:35 | node_3 | INFO ] 🎓 Training step done.
[ 2026-05-13 18:50:35 | node_3 | INFO ] 🛠️ Calling force_add_local_model...
[ 2026-05-13 18:50:35 | node_3 | INFO ] ✅ [FORCE] Local model added for round 47. (1/9)
[ 2026-05-13 18:50:36 | node_3 | INFO ] 🧩 Model added for round 47 (2/9) from ['node_39']
[ 2026-05-13 18:50:36 | node_19 | INFO ] 🧩 Model added for round 46 (12/12) from ['node_27']
[ 2026-05-13 18:50:36 | node_12 | INFO ] 🧠 Aggregation complete. Setting new model.
[ 2026-05-13 18:50:36 | node_37 | INFO ] 🎓 Training step done.
[ 2026-05-13 18:50:36 | node_45 | INFO ] 📤 Sending model to 5 direct neighbors: ['node_4', 'node_7', 'node_26', 'node_30', 'node_42']
[ 2026-05-13 18:50:36 | node_37 | INFO ] 🛠️ Calling force_add_local_model...
[ 2026-05-13 18:50:36 | node_37 | INFO ] ✅ [FORCE] Local model added for round 47. (1/8)
[ 2026-05-13 18:50:36 | node_24 | INFO ] 🧩 Model added for round 47 (5/10) from ['node_2']
[ 2026-05-13 18:50:37 | node_19 | INFO ] 🧠 Aggregation complete. Setting new model.
[ 2026-05-13 18:50:37 | node_47 | INFO ] 📤 Sending model to 6 direct neighbors: ['node_3', 'node_5', 'node_21', 'node_22', 'node_37', 'node_40']
[ 2026-05-13 18:50:37 | node_12 | INFO ] 🗣️ Gossiping aggregated model.
[ 2026-05-13 18:50:37 | node_18 | INFO ] ⏹️  Gossiping exited for 50 equal rounds.
[ 2026-05-13 18:50:37 | node_18 | INFO ] 🔬 Evaluating...
[ 2026-05-13 18:50:37 | node_3 | INFO ] 🧩 Model added for round 47 (3/9) from ['node_47']
[ 2026-05-13 18:50:38 | node_18 | INFO ] 📈 Evaluated. Results: {'test_loss': 0.06928005814552307, 'test_acc': 0.9850000143051147, 'test_precision': 0.9848694801330566, 'test_recall': 0.9863464832305908, 'test_f1': 0.9852756261825562, 'communication_cost': 37633960}
[ 2026-05-13 18:50:38 | node_19 | INFO ] 🗣️ Gossiping aggregated model.
[ 2026-05-13 18:50:38 | node_26 | INFO ] 🧩 Model added for round 47 (2/8) from ['node_45']
[ 2026-05-13 18:50:38 | node_18 | INFO ] 📢 Broadcasting metrics.
[ 2026-05-13 18:50:38 | node_20 | INFO ] 🧩 Model added for round 46 (11/11) from ['node_27']
[ 2026-05-13 18:50:40 | node_26 | INFO ] 🧩 Model added for round 47 (3/8) from ['node_2']
[ 2026-05-13 18:50:40 | node_37 | INFO ] 🧩 Model added for round 47 (2/8) from ['node_26']
[ 2026-05-13 18:50:40 | node_30 | INFO ] 🧩 Model added for round 46 (11/11) from ['node_27']
[ 2026-05-13 18:50:41 | node_3 | INFO ] 📤 Sending model to 8 direct neighbors: ['node_1', 'node_11', 'node_14', 'node_32', 'node_39', 'node_43', 'node_47', 'node_48']
[ 2026-05-13 18:50:41 | node_20 | INFO ] 🧠 Aggregation complete. Setting new model.
[ 2026-05-13 18:50:41 | node_30 | INFO ] 🧠 Aggregation complete. Setting new model.
[ 2026-05-13 18:50:41 | node_37 | INFO ] 📤 Sending model to 7 direct neighbors: ['node_4', 'node_5', 'node_13', 'node_26', 'node_38', 'node_47', 'node_49']
[ 2026-05-13 18:50:42 | node_38 | INFO ] ⏹️  Gossiping exited for 50 equal rounds.
[ 2026-05-13 18:50:42 | node_38 | INFO ] 🔬 Evaluating...
[ 2026-05-13 18:50:42 | node_37 | INFO ] 🧩 Model added for round 47 (3/8) from ['node_47']
[ 2026-05-13 18:50:43 | node_30 | INFO ] 🗣️ Gossiping aggregated model.
[ 2026-05-13 18:50:43 | node_20 | INFO ] 🗣️ Gossiping aggregated model.
[ 2026-05-13 18:50:43 | node_18 | INFO ] 🎉 Round 46 of 50 finished.
[ 2026-05-13 18:50:43 | node_23 | INFO ] 🧩 Model added for round 47 (2/6) from ['node_39']
[ 2026-05-13 18:50:43 | node_38 | INFO ] 📈 Evaluated. Results: {'test_loss': 0.44179967045783997, 'test_acc': 0.9649999737739563, 'test_precision': 0.966305136680603, 'test_recall': 0.9673210382461548, 'test_f1': 0.9663335680961609, 'communication_cost': 26343772}
[ 2026-05-13 18:50:43 | node_18 | INFO ] 🗳️ [DETERMINISTIC] Train set assigned (No Voting). Size: 50
[ 2026-05-13 18:50:43 | node_18 | INFO ] ♻️ Proactively processing 10 early models for round 46.
[ 2026-05-13 18:50:43 | node_35 | INFO ] 🧩 Model added for round 46 (12/12) from ['node_27']
[ 2026-05-13 18:50:43 | node_18 | INFO ] 🧩 Model added for round 46 (1/11) from ['node_22']
[ 2026-05-13 18:50:43 | node_18 | INFO ] 🧩 Model added for round 46 (2/11) from ['node_44']
[ 2026-05-13 18:50:43 | node_18 | INFO ] 🧩 Model added for round 46 (3/11) from ['node_5']
[ 2026-05-13 18:50:43 | node_22 | INFO ] ⏳ Dynamic Patience (iteration 1): Missing nodes still active. Waiting 150s more...
[ 2026-05-13 18:50:43 | node_18 | INFO ] 🧩 Model added for round 46 (4/11) from ['node_1']
[ 2026-05-13 18:50:43 | node_18 | INFO ] 🧩 Model added for round 46 (5/11) from ['node_31']
[ 2026-05-13 18:50:43 | node_39 | INFO ] 🧩 Model added for round 47 (4/13) from ['node_2']
[ 2026-05-13 18:50:43 | node_18 | INFO ] 🧩 Model added for round 46 (6/11) from ['node_4']
[ 2026-05-13 18:50:43 | node_18 | INFO ] 🧩 Model added for round 46 (7/11) from ['node_48']
[ 2026-05-13 18:50:43 | node_18 | INFO ] 🧩 Model added for round 46 (8/11) from ['node_25']
[ 2026-05-13 18:50:44 | node_18 | INFO ] 🧩 Model added for round 46 (9/11) from ['node_10']
[ 2026-05-13 18:50:44 | node_18 | INFO ] 🧩 Model added for round 46 (10/11) from ['node_27']
[ 2026-05-13 18:50:44 | node_38 | INFO ] 📢 Broadcasting metrics.
[ 2026-05-13 18:50:44 | node_18 | INFO ] 🏋️‍♀️ Preparing training...
[ 2026-05-13 18:50:44 | node_45 | INFO ] 🧩 Model added for round 47 (2/6) from ['node_26']
[ 2026-05-13 18:50:44 | node_44 | INFO ] ⏳ Dynamic Patience (iteration 1): Missing nodes still active. Waiting 150s more...
[ 2026-05-13 18:50:44 | node_24 | INFO ] 🧩 Model added for round 47 (6/10) from ['node_39']
[ 2026-05-13 18:50:45 | node_18 | INFO ] 🎓 Training step done.
[ 2026-05-13 18:50:45 | node_18 | INFO ] 🛠️ Calling force_add_local_model...
[ 2026-05-13 18:50:45 | node_18 | INFO ] ✅ [FORCE] Local model added for round 46. (11/11)
[ 2026-05-13 18:50:45 | node_26 | INFO ] 🧩 Model added for round 47 (4/8) from ['node_37']
[ 2026-05-13 18:50:45 | node_36 | INFO ] 🧩 Model added for round 46 (9/9) from ['node_27']
[ 2026-05-13 18:50:45 | node_39 | INFO ] 🧩 Model added for round 47 (5/13) from ['node_3']
[ 2026-05-13 18:50:46 | node_9 | INFO ] ⏹️  Gossiping exited for 50 equal rounds.
[ 2026-05-13 18:50:46 | node_35 | INFO ] 🧠 Aggregation complete. Setting new model.
[ 2026-05-13 18:50:46 | node_9 | INFO ] 🔬 Evaluating...
[ 2026-05-13 18:50:46 | node_13 | INFO ] ⏹️  Gossiping exited for 50 equal rounds.
[ 2026-05-13 18:50:46 | node_46 | INFO ] ⏹️  Gossiping exited for 50 equal rounds.
[ 2026-05-13 18:50:46 | node_9 | INFO ] 📈 Evaluated. Results: {'test_loss': 0.18958649039268494, 'test_acc': 0.9750000238418579, 'test_precision': 0.971937358379364, 'test_recall': 0.9722236394882202, 'test_f1': 0.9715206623077393, 'communication_cost': 30107168}
[ 2026-05-13 18:50:46 | node_36 | INFO ] 🧠 Aggregation complete. Setting new model.
[ 2026-05-13 18:50:46 | node_9 | INFO ] 📢 Broadcasting metrics.
[ 2026-05-13 18:50:47 | node_13 | INFO ] 🔬 Evaluating...
[ 2026-05-13 18:50:47 | node_46 | INFO ] 🔬 Evaluating...
[ 2026-05-13 18:50:47 | node_47 | INFO ] 🧩 Model added for round 47 (2/7) from ['node_37']
[ 2026-05-13 18:50:47 | node_46 | INFO ] 📈 Evaluated. Results: {'test_loss': 0.1858154535293579, 'test_acc': 0.949999988079071, 'test_precision': 0.9537661671638489, 'test_recall': 0.9525973796844482, 'test_f1': 0.9520388841629028, 'communication_cost': 22580376}
[ 2026-05-13 18:50:47 | node_13 | INFO ] 📈 Evaluated. Results: {'test_loss': 0.06852197647094727, 'test_acc': 0.9800000190734863, 'test_precision': 0.9831979870796204, 'test_recall': 0.9834546446800232, 'test_f1': 0.982964277267456, 'communication_cost': 52687544}
[ 2026-05-13 18:50:47 | node_46 | INFO ] 📢 Broadcasting metrics.
[ 2026-05-13 18:50:47 | node_48 | INFO ] 🧩 Model added for round 46 (7/8) from ['node_27']
[ 2026-05-13 18:50:47 | node_13 | INFO ] 📢 Broadcasting metrics.
[ 2026-05-13 18:50:48 | node_38 | INFO ] 🎉 Round 47 of 50 finished.
[ 2026-05-13 18:50:48 | node_35 | INFO ] 🗣️ Gossiping aggregated model.
[ 2026-05-13 18:50:48 | node_38 | INFO ] 🗳️ [DETERMINISTIC] Train set assigned (No Voting). Size: 50
[ 2026-05-13 18:50:48 | node_36 | INFO ] 🗣️ Gossiping aggregated model.
[ 2026-05-13 18:50:48 | node_38 | INFO ] ♻️ Proactively processing 4 early models for round 47.
[ 2026-05-13 18:50:48 | node_38 | INFO ] 🧩 Model added for round 47 (1/8) from ['node_33']
[ 2026-05-13 18:50:48 | node_47 | INFO ] 🧩 Model added for round 47 (3/7) from ['node_3']
[ 2026-05-13 18:50:48 | node_38 | INFO ] 🧩 Model added for round 47 (2/8) from ['node_34']
[ 2026-05-13 18:50:48 | node_38 | INFO ] 🧩 Model added for round 47 (3/8) from ['node_2']
[ 2026-05-13 18:50:48 | node_38 | INFO ] 🧩 Model added for round 47 (4/8) from ['node_37']
[ 2026-05-13 18:50:48 | node_38 | INFO ] 🏋️‍♀️ Preparing training...
[ 2026-05-13 18:50:49 | node_38 | INFO ] 🎓 Training step done.
[ 2026-05-13 18:50:49 | node_38 | INFO ] 🛠️ Calling force_add_local_model...
[ 2026-05-13 18:50:49 | node_38 | INFO ] ✅ [FORCE] Local model added for round 47. (5/8)
[ 2026-05-13 18:50:50 | node_18 | INFO ] 📤 Sending model to 10 direct neighbors: ['node_1', 'node_4', 'node_5', 'node_10', 'node_22', 'node_25', 'node_27', 'node_31', 'node_44', 'node_48']
[ 2026-05-13 18:50:50 | node_1 | INFO ] 🧩 Model added for round 46 (5/5) from ['node_18']
[ 2026-05-13 18:50:51 | node_46 | INFO ] 🎉 Round 47 of 50 finished.
[ 2026-05-13 18:50:51 | node_1 | INFO ] 🧠 Aggregation complete. Setting new model.
[ 2026-05-13 18:50:51 | node_46 | INFO ] 🗳️ [DETERMINISTIC] Train set assigned (No Voting). Size: 50
[ 2026-05-13 18:50:51 | node_46 | INFO ] 🏋️‍♀️ Preparing training...
[ 2026-05-13 18:50:51 | node_9 | INFO ] 🎉 Round 47 of 50 finished.
[ 2026-05-13 18:50:51 | node_9 | INFO ] 🗳️ [DETERMINISTIC] Train set assigned (No Voting). Size: 50
[ 2026-05-13 18:50:51 | node_4 | INFO ] 🧩 Model added for round 46 (16/16) from ['node_18']
[ 2026-05-13 18:50:51 | node_1 | INFO ] 🗣️ Gossiping aggregated model.
[ 2026-05-13 18:50:51 | node_46 | INFO ] 🎓 Training step done.
[ 2026-05-13 18:50:51 | node_9 | INFO ] ♻️ Proactively processing 4 early models for round 47.
[ 2026-05-13 18:50:51 | node_9 | INFO ] 🧩 Model added for round 47 (1/9) from ['node_33']
[ 2026-05-13 18:50:51 | node_46 | INFO ] 🛠️ Calling force_add_local_model...
[ 2026-05-13 18:50:51 | node_43 | INFO ] ⏹️  Gossiping exited for 50 equal rounds.
[ 2026-05-13 18:50:51 | node_9 | INFO ] 🧩 Model added for round 47 (2/9) from ['node_24']
[ 2026-05-13 18:50:51 | node_46 | INFO ] ✅ [FORCE] Local model added for round 47. (1/7)
[ 2026-05-13 18:50:51 | node_9 | INFO ] 🧩 Model added for round 47 (3/9) from ['node_8']
[ 2026-05-13 18:50:52 | node_9 | INFO ] 🧩 Model added for round 47 (4/9) from ['node_34']
[ 2026-05-13 18:50:52 | node_43 | INFO ] 🔬 Evaluating...
[ 2026-05-13 18:50:52 | node_9 | INFO ] 🏋️‍♀️ Preparing training...
[ 2026-05-13 18:50:52 | node_49 | INFO ] ⏹️  Gossiping exited for 50 equal rounds.
[ 2026-05-13 18:50:52 | node_49 | INFO ] 🔬 Evaluating...
[ 2026-05-13 18:50:52 | node_43 | INFO ] 📈 Evaluated. Results: {'test_loss': 0.3640080690383911, 'test_acc': 0.9549999833106995, 'test_precision': 0.9568576812744141, 'test_recall': 0.963092565536499, 'test_f1': 0.9582871794700623, 'communication_cost': 30107168}
[ 2026-05-13 18:50:52 | node_43 | INFO ] 📢 Broadcasting metrics.
[ 2026-05-13 18:50:52 | node_4 | INFO ] 🧠 Aggregation complete. Setting new model.
[ 2026-05-13 18:50:52 | node_49 | INFO ] 📈 Evaluated. Results: {'test_loss': 0.25175371766090393, 'test_acc': 0.9800000190734863, 'test_precision': 0.9829060435295105, 'test_recall': 0.9823011159896851, 'test_f1': 0.9820958971977234, 'communication_cost': 30107168}
[ 2026-05-13 18:50:52 | node_9 | INFO ] 🎓 Training step done.
[ 2026-05-13 18:50:52 | node_49 | INFO ] 📢 Broadcasting metrics.
[ 2026-05-13 18:50:52 | node_9 | INFO ] 🛠️ Calling force_add_local_model...
[ 2026-05-13 18:50:52 | node_9 | INFO ] ✅ [FORCE] Local model added for round 47. (5/9)
[ 2026-05-13 18:50:53 | node_5 | INFO ] 🧩 Model added for round 46 (10/10) from ['node_18']
[ 2026-05-13 18:50:54 | node_38 | INFO ] 📤 Sending model to 7 direct neighbors: ['node_2', 'node_6', 'node_10', 'node_28', 'node_33', 'node_34', 'node_37']
[ 2026-05-13 18:50:54 | node_4 | INFO ] 🗣️ Gossiping aggregated model.
[ 2026-05-13 18:50:54 | node_16 | INFO ] 🤫 Gossip finished.
[ 2026-05-13 18:50:54 | node_16 | INFO ] 🔬 Evaluating...
[ 2026-05-13 18:50:54 | node_2 | INFO ] 🧩 Model added for round 47 (5/11) from ['node_38']
[ 2026-05-13 18:50:55 | node_5 | INFO ] 🧠 Aggregation complete. Setting new model.
[ 2026-05-13 18:50:55 | node_16 | INFO ] 📈 Evaluated. Results: {'test_loss': 0.2302795946598053, 'test_acc': 0.9599999785423279, 'test_precision': 0.9588889479637146, 'test_recall': 0.9597614407539368, 'test_f1': 0.9575392007827759, 'communication_cost': 18816980}
[ 2026-05-13 18:50:55 | node_13 | INFO ] 🎉 Round 47 of 50 finished.
[ 2026-05-13 18:50:55 | node_16 | INFO ] 📢 Broadcasting metrics.
[ 2026-05-13 18:50:55 | node_13 | INFO ] 🗳️ [DETERMINISTIC] Train set assigned (No Voting). Size: 50
[ 2026-05-13 18:50:55 | node_13 | INFO ] ♻️ Proactively processing 3 early models for round 47.
[ 2026-05-13 18:50:56 | node_13 | INFO ] 🧩 Model added for round 47 (1/15) from ['node_34']
[ 2026-05-13 18:50:56 | node_15 | INFO ] 🤫 Gossip finished.
[ 2026-05-13 18:50:56 | node_13 | INFO ] 🧩 Model added for round 47 (2/15) from ['node_2']
[ 2026-05-13 18:50:56 | node_13 | INFO ] 🧩 Model added for round 47 (3/15) from ['node_37']
[ 2026-05-13 18:50:56 | node_15 | INFO ] 🔬 Evaluating...
[ 2026-05-13 18:50:56 | node_13 | INFO ] 🏋️‍♀️ Preparing training...
[ 2026-05-13 18:50:56 | node_10 | INFO ] 🧩 Model added for round 46 (7/7) from ['node_18']
[ 2026-05-13 18:50:56 | node_15 | INFO ] 📈 Evaluated. Results: {'test_loss': 0.0855606347322464, 'test_acc': 0.9649999737739563, 'test_precision': 0.9661538600921631, 'test_recall': 0.9706523418426514, 'test_f1': 0.9667807221412659, 'communication_cost': 18816980}
[ 2026-05-13 18:50:56 | node_17 | INFO ] 🤫 Gossip finished.
[ 2026-05-13 18:50:56 | node_15 | INFO ] 📢 Broadcasting metrics.
[ 2026-05-13 18:50:56 | node_5 | INFO ] 🗣️ Gossiping aggregated model.
[ 2026-05-13 18:50:56 | node_13 | INFO ] 🎓 Training step done.
[ 2026-05-13 18:50:56 | node_17 | INFO ] 🔬 Evaluating...
[ 2026-05-13 18:50:56 | node_13 | INFO ] 🛠️ Calling force_add_local_model...
[ 2026-05-13 18:50:57 | node_46 | INFO ] 📤 Sending model to 6 direct neighbors: ['node_5', 'node_11', 'node_13', 'node_19', 'node_20', 'node_21']
[ 2026-05-13 18:50:57 | node_13 | INFO ] ✅ [FORCE] Local model added for round 47. (4/15)
[ 2026-05-13 18:50:57 | node_17 | INFO ] 📈 Evaluated. Results: {'test_loss': 0.13774597644805908, 'test_acc': 0.9700000286102295, 'test_precision': 0.970163881778717, 'test_recall': 0.9702517986297607, 'test_f1': 0.9692010283470154, 'communication_cost': 30107168}
[ 2026-05-13 18:50:57 | node_17 | INFO ] 📢 Broadcasting metrics.
[ 2026-05-13 18:50:57 | node_10 | INFO ] 🧠 Aggregation complete. Setting new model.
[ 2026-05-13 18:50:57 | node_43 | INFO ] 🎉 Round 47 of 50 finished.
[ 2026-05-13 18:50:57 | node_22 | INFO ] 🧩 Model added for round 46 (6/6) from ['node_18']
[ 2026-05-13 18:50:57 | node_43 | INFO ] 🗳️ [DETERMINISTIC] Train set assigned (No Voting). Size: 50
[ 2026-05-13 18:50:57 | node_43 | INFO ] ♻️ Proactively processing 1 early models for round 47.
[ 2026-05-13 18:50:57 | node_49 | INFO ] 🎉 Round 47 of 50 finished.
[ 2026-05-13 18:50:57 | node_43 | INFO ] 🧩 Model added for round 47 (1/9) from ['node_3']
[ 2026-05-13 18:50:58 | node_43 | INFO ] 🏋️‍♀️ Preparing training...
[ 2026-05-13 18:50:58 | node_9 | INFO ] 📤 Sending model to 8 direct neighbors: ['node_8', 'node_10', 'node_13', 'node_24', 'node_30', 'node_33', 'node_34', 'node_40']
[ 2026-05-13 18:50:58 | node_49 | INFO ] 🗳️ [DETERMINISTIC] Train set assigned (No Voting). Size: 50
[ 2026-05-13 18:50:58 | node_49 | INFO ] ♻️ Proactively processing 1 early models for round 47.
[ 2026-05-13 18:50:58 | node_13 | INFO ] 🧩 Model added for round 47 (5/15) from ['node_46']
[ 2026-05-13 18:50:58 | node_49 | INFO ] 🧩 Model added for round 47 (1/9) from ['node_37']
[ 2026-05-13 18:50:58 | node_33 | INFO ] 🧩 Model added for round 47 (3/6) from ['node_38']
[ 2026-05-13 18:50:58 | node_8 | INFO ] 🧩 Model added for round 47 (3/6) from ['node_9']
[ 2026-05-13 18:50:58 | node_49 | INFO ] 🏋️‍♀️ Preparing training...
[ 2026-05-13 18:50:58 | node_10 | INFO ] 🗣️ Gossiping aggregated model.
[ 2026-05-13 18:50:58 | node_43 | INFO ] 🎓 Training step done.
[ 2026-05-13 18:50:58 | node_43 | INFO ] 🛠️ Calling force_add_local_model...
[ 2026-05-13 18:50:58 | node_43 | INFO ] ✅ [FORCE] Local model added for round 47. (2/9)
[ 2026-05-13 18:50:58 | node_16 | INFO ] 🎉 Round 47 of 50 finished.
[ 2026-05-13 18:50:58 | node_22 | INFO ] 🧠 Aggregation complete. Setting new model.
[ 2026-05-13 18:50:59 | node_49 | INFO ] 🎓 Training step done.
[ 2026-05-13 18:50:59 | node_25 | INFO ] 🧩 Model added for round 46 (9/9) from ['node_18']
[ 2026-05-13 18:50:59 | node_49 | INFO ] 🛠️ Calling force_add_local_model...
[ 2026-05-13 18:50:59 | node_16 | INFO ] 🗳️ [DETERMINISTIC] Train set assigned (No Voting). Size: 50
[ 2026-05-13 18:50:59 | node_49 | INFO ] ✅ [FORCE] Local model added for round 47. (2/9)
[ 2026-05-13 18:50:59 | node_16 | INFO ] ♻️ Proactively processing 1 early models for round 47.
[ 2026-05-13 18:50:59 | node_16 | INFO ] 🧩 Model added for round 47 (1/6) from ['node_39']
[ 2026-05-13 18:50:59 | node_16 | INFO ] 🏋️‍♀️ Preparing training...
[ 2026-05-13 18:50:59 | node_34 | INFO ] 🧩 Model added for round 47 (2/7) from ['node_38']
[ 2026-05-13 18:50:59 | node_25 | INFO ] 🧠 Aggregation complete. Setting new model.
[ 2026-05-13 18:50:59 | node_22 | INFO ] 🗣️ Gossiping aggregated model.
[ 2026-05-13 18:51:00 | node_15 | INFO ] 🎉 Round 47 of 50 finished.
[ 2026-05-13 18:51:00 | node_13 | INFO ] 🧩 Model added for round 47 (6/15) from ['node_9']
[ 2026-05-13 18:51:00 | node_15 | INFO ] 🗳️ [DETERMINISTIC] Train set assigned (No Voting). Size: 50
[ 2026-05-13 18:51:00 | node_16 | INFO ] 🎓 Training step done.
[ 2026-05-13 18:51:00 | node_16 | INFO ] 🛠️ Calling force_add_local_model...
[ 2026-05-13 18:51:00 | node_15 | INFO ] 🏋️‍♀️ Preparing training...
[ 2026-05-13 18:51:00 | node_16 | INFO ] ✅ [FORCE] Local model added for round 47. (2/6)
[ 2026-05-13 18:51:00 | node_27 | INFO ] 🧩 Model added for round 46 (10/10) from ['node_18']
[ 2026-05-13 18:51:00 | node_15 | INFO ] 🎓 Training step done.
[ 2026-05-13 18:51:01 | node_15 | INFO ] 🛠️ Calling force_add_local_model...
[ 2026-05-13 18:51:01 | node_37 | INFO ] 🧩 Model added for round 47 (4/8) from ['node_38']
[ 2026-05-13 18:51:01 | node_15 | INFO ] ✅ [FORCE] Local model added for round 47. (1/6)
[ 2026-05-13 18:51:01 | node_25 | INFO ] 🗣️ Gossiping aggregated model.
[ 2026-05-13 18:51:02 | node_13 | INFO ] 📤 Sending model to 14 direct neighbors: ['node', 'node_2', 'node_9', 'node_12', 'node_20', 'node_21', 'node_30', 'node_31', 'node_34', 'node_37', 'node_40', 'node_43', 'node_46', 'node_48']
[ 2026-05-13 18:51:02 | node_17 | INFO ] 🎉 Round 47 of 50 finished.
[ 2026-05-13 18:51:02 | node_17 | INFO ] 🗳️ [DETERMINISTIC] Train set assigned (No Voting). Size: 50
[ 2026-05-13 18:51:02 | node_17 | INFO ] ♻️ Proactively processing 1 early models for round 47.
[ 2026-05-13 18:51:02 | node_17 | INFO ] 🧩 Model added for round 47 (1/9) from ['node_2']
[ 2026-05-13 18:51:02 | node_17 | INFO ] 🏋️‍♀️ Preparing training...
[ 2026-05-13 18:51:03 | node_31 | INFO ] 🧩 Model added for round 46 (11/11) from ['node_18']
[ 2026-05-13 18:51:03 | node_24 | INFO ] 🧩 Model added for round 47 (7/10) from ['node_9']
[ 2026-05-13 18:51:03 | node_2 | INFO ] 🧩 Model added for round 47 (6/11) from ['node_13']
[ 2026-05-13 18:51:03 | node_17 | INFO ] 🎓 Training step done.
[ 2026-05-13 18:51:03 | node_17 | INFO ] 🛠️ Calling force_add_local_model...
[ 2026-05-13 18:51:03 | node_17 | INFO ] ✅ [FORCE] Local model added for round 47. (2/9)
[ 2026-05-13 18:51:04 | node_27 | INFO ] 🧠 Aggregation complete. Setting new model.
[ 2026-05-13 18:51:04 | node_43 | INFO ] 📤 Sending model to 8 direct neighbors: ['node_3', 'node_4', 'node_6', 'node_11', 'node_13', 'node_17', 'node_36', 'node_40']
[ 2026-05-13 18:51:04 | node_49 | INFO ] 📤 Sending model to 8 direct neighbors: ['node', 'node_4', 'node_11', 'node_12', 'node_20', 'node_25', 'node_37', 'node_42']
[ 2026-05-13 18:51:04 | node_3 | INFO ] 🧩 Model added for round 47 (4/9) from ['node_43']
[ 2026-05-13 18:51:04 | node_44 | INFO ] 🧩 Model added for round 46 (6/6) from ['node_18']
[ 2026-05-13 18:51:04 | node_33 | INFO ] 🧩 Model added for round 47 (4/6) from ['node_9']
[ 2026-05-13 18:51:05 | node_7 | INFO ] 🤫 Gossip finished.
[ 2026-05-13 18:51:05 | node_31 | INFO ] 🧠 Aggregation complete. Setting new model.
[ 2026-05-13 18:51:05 | node_44 | INFO ] 🧠 Aggregation complete. Setting new model.
[ 2026-05-13 18:51:05 | node_7 | INFO ] 🔬 Evaluating...
[ 2026-05-13 18:51:05 | node_16 | INFO ] 📤 Sending model to 5 direct neighbors: ['node', 'node_4', 'node_29', 'node_39', 'node_42']
[ 2026-05-13 18:51:05 | node_27 | INFO ] 🗣️ Gossiping aggregated model.
[ 2026-05-13 18:51:05 | node_7 | INFO ] 📈 Evaluated. Results: {'test_loss': 0.0541943684220314, 'test_acc': 0.9900000095367432, 'test_precision': 0.9907408952713013, 'test_recall': 0.9888889789581299, 'test_f1': 0.9897006154060364, 'communication_cost': 26343772}
[ 2026-05-13 18:51:05 | node_7 | INFO ] 📢 Broadcasting metrics.
[ 2026-05-13 18:51:06 | node_9 | INFO ] 🧩 Model added for round 47 (6/9) from ['node_13']
[ 2026-05-13 18:51:06 | node_15 | INFO ] 📤 Sending model to 5 direct neighbors: ['node_4', 'node_5', 'node_29', 'node_36', 'node_42']
[ 2026-05-13 18:51:06 | node_48 | INFO ] 🧩 Model added for round 46 (8/8) from ['node_18']
[ 2026-05-13 18:51:06 | node_44 | INFO ] 🗣️ Gossiping aggregated model.
[ 2026-05-13 18:51:06 | node_34 | INFO ] 🧩 Model added for round 47 (3/7) from ['node_9']
[ 2026-05-13 18:51:07 | node_31 | INFO ] 🗣️ Gossiping aggregated model.
[ 2026-05-13 18:51:07 | node_39 | INFO ] 🧩 Model added for round 47 (6/13) from ['node_16']
[ 2026-05-13 18:51:07 | node_48 | INFO ] 🧠 Aggregation complete. Setting new model.
[ 2026-05-13 18:51:07 | node_37 | INFO ] 🧩 Model added for round 47 (5/8) from ['node_49']
[ 2026-05-13 18:51:08 | node_13 | INFO ] 🧩 Model added for round 47 (7/15) from ['node_43']
[ 2026-05-13 18:51:08 | node_18 | INFO ] 🧠 Aggregation complete. Setting new model.
[ 2026-05-13 18:51:08 | node_48 | INFO ] 🗣️ Gossiping aggregated model.
[ 2026-05-13 18:51:09 | node_17 | INFO ] 📤 Sending model to 8 direct neighbors: ['node_2', 'node_4', 'node_5', 'node_19', 'node_20', 'node_29', 'node_35', 'node_43']
[ 2026-05-13 18:51:09 | node_1 | INFO ] 🤫 Gossip finished.
[ 2026-05-13 18:51:09 | node_28 | INFO ] 🤫 Gossip finished.
[ 2026-05-13 18:51:09 | node_28 | INFO ] 🔬 Evaluating...
[ 2026-05-13 18:51:09 | node_1 | INFO ] 🔬 Evaluating...
[ 2026-05-13 18:51:09 | node_18 | INFO ] 🗣️ Gossiping aggregated model.
[ 2026-05-13 18:51:09 | node_18 | INFO ] 🤫 Gossip finished.
[ 2026-05-13 18:51:09 | node_2 | INFO ] 🧩 Model added for round 47 (7/11) from ['node_17']
[ 2026-05-13 18:51:09 | node_28 | INFO ] 📈 Evaluated. Results: {'test_loss': 0.12813647091388702, 'test_acc': 0.9800000190734863, 'test_precision': 0.9824445247650146, 'test_recall': 0.9811689257621765, 'test_f1': 0.9809175133705139, 'communication_cost': 26343772}
[ 2026-05-13 18:51:09 | node_1 | INFO ] 📈 Evaluated. Results: {'test_loss': 0.2631516456604004, 'test_acc': 0.9599999785423279, 'test_precision': 0.9618756175041199, 'test_recall': 0.9598985910415649, 'test_f1': 0.9600677490234375, 'communication_cost': 15053584}
[ 2026-05-13 18:51:09 | node_18 | INFO ] 🔬 Evaluating...
[ 2026-05-13 18:51:10 | node_7 | INFO ] 🎉 Round 47 of 50 finished.
[ 2026-05-13 18:51:10 | node_7 | INFO ] 🗳️ [DETERMINISTIC] Train set assigned (No Voting). Size: 50
[ 2026-05-13 18:51:10 | node_28 | INFO ] 📢 Broadcasting metrics.
[ 2026-05-13 18:51:10 | node_18 | INFO ] 📈 Evaluated. Results: {'test_loss': 0.0733141303062439, 'test_acc': 0.9700000286102295, 'test_precision': 0.967954695224762, 'test_recall': 0.9753494262695312, 'test_f1': 0.9707934856414795, 'communication_cost': 37633960}
[ 2026-05-13 18:51:10 | node_7 | INFO ] ♻️ Proactively processing 3 early models for round 47.
[ 2026-05-13 18:51:10 | node_7 | INFO ] 🧩 Model added for round 47 (1/8) from ['node_23']
[ 2026-05-13 18:51:10 | node_17 | INFO ] 🧩 Model added for round 47 (3/9) from ['node_43']
[ 2026-05-13 18:51:10 | node_7 | INFO ] 🧩 Model added for round 47 (2/8) from ['node_45']
[ 2026-05-13 18:51:10 | node_7 | INFO ] 🧩 Model added for round 47 (3/8) from ['node_39']
[ 2026-05-13 18:51:10 | node_7 | INFO ] 🏋️‍♀️ Preparing training...
[ 2026-05-13 18:51:10 | node_1 | INFO ] 📢 Broadcasting metrics.
[ 2026-05-13 18:51:11 | node_18 | INFO ] 📢 Broadcasting metrics.
[ 2026-05-13 18:51:11 | node_7 | INFO ] 🎓 Training step done.
[ 2026-05-13 18:51:11 | node_7 | INFO ] 🛠️ Calling force_add_local_model...
[ 2026-05-13 18:51:11 | node_7 | INFO ] ✅ [FORCE] Local model added for round 47. (4/8)
[ 2026-05-13 18:51:11 | node_34 | INFO ] 🧩 Model added for round 47 (4/7) from ['node_13']
[ 2026-05-13 18:51:12 | node_37 | INFO ] 🧩 Model added for round 47 (6/8) from ['node_13']
[ 2026-05-13 18:51:12 | node_1 | INFO ] 🎉 Round 47 of 50 finished.
[ 2026-05-13 18:51:13 | node_1 | INFO ] 🗳️ [DETERMINISTIC] Train set assigned (No Voting). Size: 50
[ 2026-05-13 18:51:13 | node_28 | INFO ] 🎉 Round 47 of 50 finished.
[ 2026-05-13 18:51:13 | node_28 | INFO ] 🗳️ [DETERMINISTIC] Train set assigned (No Voting). Size: 50
[ 2026-05-13 18:51:13 | node_1 | INFO ] ♻️ Proactively processing 1 early models for round 47.
[ 2026-05-13 18:51:13 | node_43 | INFO ] 🧩 Model added for round 47 (3/9) from ['node_17']
[ 2026-05-13 18:51:13 | node_1 | INFO ] 🧩 Model added for round 47 (1/5) from ['node_3']
[ 2026-05-13 18:51:13 | node_28 | INFO ] ♻️ Proactively processing 2 early models for round 47.
[ 2026-05-13 18:51:13 | node_1 | INFO ] 🏋️‍♀️ Preparing training...
[ 2026-05-13 18:51:13 | node_28 | INFO ] 🧩 Model added for round 47 (1/8) from ['node_26']
[ 2026-05-13 18:51:13 | node_28 | INFO ] 🧩 Model added for round 47 (2/8) from ['node_38']
[ 2026-05-13 18:51:13 | node_28 | INFO ] 🏋️‍♀️ Preparing training...
[ 2026-05-13 18:51:13 | node_1 | INFO ] 🎓 Training step done.
[ 2026-05-13 18:51:14 | node_1 | INFO ] 🛠️ Calling force_add_local_model...
[ 2026-05-13 18:51:14 | node_1 | INFO ] ✅ [FORCE] Local model added for round 47. (2/5)
[ 2026-05-13 18:51:14 | node_28 | INFO ] 🎓 Training step done.
[ 2026-05-13 18:51:14 | node_28 | INFO ] 🛠️ Calling force_add_local_model...
[ 2026-05-13 18:51:14 | node_28 | INFO ] ✅ [FORCE] Local model added for round 47. (3/8)
[ 2026-05-13 18:51:14 | node_43 | INFO ] 🧩 Model added for round 47 (4/9) from ['node_13']
[ 2026-05-13 18:51:16 | node_18 | INFO ] 🎉 Round 47 of 50 finished.
[ 2026-05-13 18:51:16 | node_46 | INFO ] 🧩 Model added for round 47 (2/7) from ['node_13']
[ 2026-05-13 18:51:16 | node_18 | INFO ] 🗳️ [DETERMINISTIC] Train set assigned (No Voting). Size: 50
[ 2026-05-13 18:51:16 | node_18 | INFO ] 🏋️‍♀️ Preparing training...
[ 2026-05-13 18:51:16 | node_7 | INFO ] 📤 Sending model to 7 direct neighbors: ['node', 'node_4', 'node_20', 'node_23', 'node_27', 'node_39', 'node_45']
[ 2026-05-13 18:51:17 | node_18 | INFO ] 🎓 Training step done.
[ 2026-05-13 18:51:17 | node_18 | INFO ] 🛠️ Calling force_add_local_model...
[ 2026-05-13 18:51:17 | node_18 | INFO ] ✅ [FORCE] Local model added for round 47. (1/11)
[ 2026-05-13 18:51:18 | node_23 | INFO ] 🧩 Model added for round 47 (3/6) from ['node_7']
[ 2026-05-13 18:51:19 | node_1 | INFO ] 📤 Sending model to 4 direct neighbors: ['node_3', 'node_4', 'node_12', 'node_18']
[ 2026-05-13 18:51:19 | node_28 | INFO ] 📤 Sending model to 7 direct neighbors: ['node_4', 'node_5', 'node_26', 'node_29', 'node_31', 'node_38', 'node_48']
[ 2026-05-13 18:51:19 | node_39 | INFO ] 🧩 Model added for round 47 (7/13) from ['node_7']
[ 2026-05-13 18:51:20 | node_3 | INFO ] 🧩 Model added for round 47 (5/9) from ['node_1']
[ 2026-05-13 18:51:21 | node_26 | INFO ] 🧩 Model added for round 47 (5/8) from ['node_28']
[ 2026-05-13 18:51:21 | node_45 | INFO ] 🧩 Model added for round 47 (3/6) from ['node_7']
[ 2026-05-13 18:51:22 | node_18 | INFO ] 📤 Sending model to 10 direct neighbors: ['node_1', 'node_4', 'node_5', 'node_10', 'node_22', 'node_25', 'node_27', 'node_31', 'node_44', 'node_48']
[ 2026-05-13 18:51:22 | node_18 | INFO ] 🧩 Model added for round 47 (2/11) from ['node_1']
[ 2026-05-13 18:51:23 | node_1 | INFO ] 🧩 Model added for round 47 (3/5) from ['node_18']
[ 2026-05-13 18:51:24 | node_38 | INFO ] 🧩 Model added for round 47 (6/8) from ['node_28']
[ 2026-05-13 18:51:51 | node_6 | INFO ] ⏹️  Gossiping exited for 50 equal rounds.
[ 2026-05-13 18:51:52 | node_6 | INFO ] 🔬 Evaluating...
[ 2026-05-13 18:51:52 | node_6 | INFO ] 📈 Evaluated. Results: {'test_loss': 0.21166087687015533, 'test_acc': 0.9750000238418579, 'test_precision': 0.9743109941482544, 'test_recall': 0.9753565788269043, 'test_f1': 0.9745317697525024, 'communication_cost': 33870564}
[ 2026-05-13 18:51:52 | node_6 | INFO ] 📢 Broadcasting metrics.
[ 2026-05-13 18:51:56 | node_6 | INFO ] 🎉 Round 47 of 50 finished.
[ 2026-05-13 18:51:56 | node_6 | INFO ] 🗳️ [DETERMINISTIC] Train set assigned (No Voting). Size: 50
[ 2026-05-13 18:51:56 | node_6 | INFO ] ♻️ Proactively processing 3 early models for round 47.
[ 2026-05-13 18:51:56 | node_6 | INFO ] 🧩 Model added for round 47 (1/10) from ['node_39']
[ 2026-05-13 18:51:56 | node_6 | INFO ] 🧩 Model added for round 47 (2/10) from ['node_38']
[ 2026-05-13 18:51:56 | node_6 | INFO ] 🧩 Model added for round 47 (3/10) from ['node_43']
[ 2026-05-13 18:51:56 | node_6 | INFO ] 🏋️‍♀️ Preparing training...
[ 2026-05-13 18:51:57 | node_6 | INFO ] 🎓 Training step done.
[ 2026-05-13 18:51:57 | node_6 | INFO ] 🛠️ Calling force_add_local_model...
[ 2026-05-13 18:51:57 | node_6 | INFO ] ✅ [FORCE] Local model added for round 47. (4/10)
[ 2026-05-13 18:52:02 | node_6 | INFO ] 📤 Sending model to 9 direct neighbors: ['node_10', 'node_19', 'node_21', 'node_25', 'node_30', 'node_35', 'node_38', 'node_39', 'node_43']
[ 2026-05-13 18:52:04 | node_38 | INFO ] 🧩 Model added for round 47 (7/8) from ['node_6']
[ 2026-05-13 18:52:06 | node_39 | INFO ] 🧩 Model added for round 47 (8/13) from ['node_6']
[ 2026-05-13 18:52:07 | node_43 | INFO ] 🧩 Model added for round 47 (5/9) from ['node_6']
[ 2026-05-13 18:52:32 | node_25 | INFO ] ⏹️  Gossiping exited for 50 equal rounds.
[ 2026-05-13 18:52:33 | node_25 | INFO ] 🔬 Evaluating...
[ 2026-05-13 18:52:33 | node_25 | INFO ] 📈 Evaluated. Results: {'test_loss': 0.2003813236951828, 'test_acc': 0.9700000286102295, 'test_precision': 0.9713587760925293, 'test_recall': 0.9681057929992676, 'test_f1': 0.9685176014900208, 'communication_cost': 30107168}
[ 2026-05-13 18:52:33 | node | INFO ] ⏹️  Gossiping exited for 50 equal rounds.
[ 2026-05-13 18:52:33 | node | INFO ] 🔬 Evaluating...
[ 2026-05-13 18:52:34 | node_22 | INFO ] ⏹️  Gossiping exited for 50 equal rounds.
[ 2026-05-13 18:52:34 | node_25 | INFO ] 📢 Broadcasting metrics.
[ 2026-05-13 18:52:34 | node_22 | INFO ] 🔬 Evaluating...
[ 2026-05-13 18:52:34 | node | INFO ] 📈 Evaluated. Results: {'test_loss': 0.25609034299850464, 'test_acc': 0.9649999737739563, 'test_precision': 0.9620412588119507, 'test_recall': 0.9623603224754333, 'test_f1': 0.9615654945373535, 'communication_cost': 33870564}
[ 2026-05-13 18:52:34 | node_22 | INFO ] 📈 Evaluated. Results: {'test_loss': 0.13444721698760986, 'test_acc': 0.9700000286102295, 'test_precision': 0.9754793643951416, 'test_recall': 0.9578571319580078, 'test_f1': 0.9647570848464966, 'communication_cost': 18816980}
[ 2026-05-13 18:52:34 | node_20 | INFO ] ⏹️  Gossiping exited for 50 equal rounds.
[ 2026-05-13 18:52:34 | node_20 | INFO ] 🔬 Evaluating...
[ 2026-05-13 18:52:34 | node | INFO ] 📢 Broadcasting metrics.
[ 2026-05-13 18:52:34 | node_22 | INFO ] 📢 Broadcasting metrics.
[ 2026-05-13 18:52:34 | node_20 | INFO ] 📈 Evaluated. Results: {'test_loss': 0.33932384848594666, 'test_acc': 0.9449999928474426, 'test_precision': 0.9434695243835449, 'test_recall': 0.9357151985168457, 'test_f1': 0.9373661875724792, 'communication_cost': 37633960}
[ 2026-05-13 18:52:35 | node_20 | INFO ] 📢 Broadcasting metrics.
[ 2026-05-13 18:52:36 | node_22 | INFO ] 🎉 Round 47 of 50 finished.
[ 2026-05-13 18:52:36 | node_22 | INFO ] 🗳️ [DETERMINISTIC] Train set assigned (No Voting). Size: 50
[ 2026-05-13 18:52:36 | node_22 | INFO ] ♻️ Proactively processing 4 early models for round 47.
[ 2026-05-13 18:52:36 | node_22 | INFO ] 🧩 Model added for round 47 (1/6) from ['node_24']
[ 2026-05-13 18:52:36 | node_22 | INFO ] 🧩 Model added for round 47 (2/6) from ['node_2']
[ 2026-05-13 18:52:36 | node_22 | INFO ] 🧩 Model added for round 47 (3/6) from ['node_47']
[ 2026-05-13 18:52:36 | node_22 | INFO ] 🧩 Model added for round 47 (4/6) from ['node_18']
[ 2026-05-13 18:52:37 | node_22 | INFO ] 🏋️‍♀️ Preparing training...
[ 2026-05-13 18:52:37 | node_25 | INFO ] 🎉 Round 47 of 50 finished.
[ 2026-05-13 18:52:37 | node_25 | INFO ] 🗳️ [DETERMINISTIC] Train set assigned (No Voting). Size: 50
[ 2026-05-13 18:52:37 | node_25 | INFO ] ♻️ Proactively processing 5 early models for round 47.
[ 2026-05-13 18:52:37 | node_25 | INFO ] 🧩 Model added for round 47 (1/9) from ['node_23']
[ 2026-05-13 18:52:37 | node_25 | INFO ] 🧩 Model added for round 47 (2/9) from ['node_2']
[ 2026-05-13 18:52:37 | node_25 | INFO ] 🧩 Model added for round 47 (3/9) from ['node_49']
[ 2026-05-13 18:52:37 | node_25 | INFO ] 🧩 Model added for round 47 (4/9) from ['node_18']
[ 2026-05-13 18:52:37 | node_22 | INFO ] 🎓 Training step done.
[ 2026-05-13 18:52:37 | node_25 | INFO ] 🧩 Model added for round 47 (5/9) from ['node_6']
[ 2026-05-13 18:52:37 | node_22 | INFO ] 🛠️ Calling force_add_local_model...
[ 2026-05-13 18:52:37 | node_25 | INFO ] 🏋️‍♀️ Preparing training...
[ 2026-05-13 18:52:37 | node_22 | INFO ] ✅ [FORCE] Local model added for round 47. (5/6)
[ 2026-05-13 18:52:38 | node_25 | INFO ] 🎓 Training step done.
[ 2026-05-13 18:52:38 | node_25 | INFO ] 🛠️ Calling force_add_local_model...
[ 2026-05-13 18:52:38 | node_25 | INFO ] ✅ [FORCE] Local model added for round 47. (6/9)
[ 2026-05-13 18:52:38 | node | INFO ] 🎉 Round 47 of 50 finished.
[ 2026-05-13 18:52:38 | node | INFO ] 🗳️ [DETERMINISTIC] Train set assigned (No Voting). Size: 50
[ 2026-05-13 18:52:38 | node_20 | INFO ] 🎉 Round 47 of 50 finished.
[ 2026-05-13 18:52:38 | node | INFO ] ♻️ Proactively processing 4 early models for round 47.
[ 2026-05-13 18:52:39 | node_20 | INFO ] 🗳️ [DETERMINISTIC] Train set assigned (No Voting). Size: 50
[ 2026-05-13 18:52:39 | node | INFO ] 🧩 Model added for round 47 (1/10) from ['node_13']
[ 2026-05-13 18:52:39 | node | INFO ] 🧩 Model added for round 47 (2/10) from ['node_49']
[ 2026-05-13 18:52:39 | node | INFO ] 🧩 Model added for round 47 (3/10) from ['node_16']
[ 2026-05-13 18:52:39 | node_20 | INFO ] ♻️ Proactively processing 5 early models for round 47.
[ 2026-05-13 18:52:39 | node | INFO ] 🧩 Model added for round 47 (4/10) from ['node_7']
[ 2026-05-13 18:52:39 | node_20 | INFO ] 🧩 Model added for round 47 (1/11) from ['node_46']
[ 2026-05-13 18:52:39 | node | INFO ] 🏋️‍♀️ Preparing training...
[ 2026-05-13 18:52:39 | node_20 | INFO ] 🧩 Model added for round 47 (2/11) from ['node_49']
[ 2026-05-13 18:52:39 | node_20 | INFO ] 🧩 Model added for round 47 (3/11) from ['node_13']
[ 2026-05-13 18:52:39 | node_20 | INFO ] 🧩 Model added for round 47 (4/11) from ['node_17']
[ 2026-05-13 18:52:39 | node_20 | INFO ] 🧩 Model added for round 47 (5/11) from ['node_7']
[ 2026-05-13 18:52:39 | node_20 | INFO ] 🏋️‍♀️ Preparing training...
[ 2026-05-13 18:52:39 | node | INFO ] 🎓 Training step done.
[ 2026-05-13 18:52:39 | node | INFO ] 🛠️ Calling force_add_local_model...
[ 2026-05-13 18:52:39 | node | INFO ] ✅ [FORCE] Local model added for round 47. (5/10)
[ 2026-05-13 18:52:39 | node_20 | INFO ] 🎓 Training step done.
[ 2026-05-13 18:52:39 | node_20 | INFO ] 🛠️ Calling force_add_local_model...
[ 2026-05-13 18:52:39 | node_20 | INFO ] ✅ [FORCE] Local model added for round 47. (6/11)
[ 2026-05-13 18:52:42 | node_22 | INFO ] 📤 Sending model to 5 direct neighbors: ['node_2', 'node_18', 'node_24', 'node_30', 'node_47']
[ 2026-05-13 18:52:43 | node_2 | INFO ] 🧩 Model added for round 47 (8/11) from ['node_22']
[ 2026-05-13 18:52:43 | node_25 | INFO ] 📤 Sending model to 8 direct neighbors: ['node', 'node_2', 'node_6', 'node_18', 'node_23', 'node_31', 'node_42', 'node_49']
[ 2026-05-13 18:52:43 | node_27 | INFO ] ⏹️  Gossiping exited for 50 equal rounds.
[ 2026-05-13 18:52:43 | node | INFO ] 🧩 Model added for round 47 (6/10) from ['node_25']
[ 2026-05-13 18:52:43 | node_10 | INFO ] ⏹️  Gossiping exited for 50 equal rounds.
[ 2026-05-13 18:52:43 | node_27 | INFO ] 🔬 Evaluating...
[ 2026-05-13 18:52:43 | node_10 | INFO ] 🔬 Evaluating...
[ 2026-05-13 18:52:44 | node_27 | INFO ] 📈 Evaluated. Results: {'test_loss': 0.11139887571334839, 'test_acc': 0.9649999737739563, 'test_precision': 0.9701763391494751, 'test_recall': 0.9613168239593506, 'test_f1': 0.9647340178489685, 'communication_cost': 33870564}
[ 2026-05-13 18:52:44 | node_27 | INFO ] 📢 Broadcasting metrics.
[ 2026-05-13 18:52:44 | node_42 | INFO ] ⏹️  Gossiping exited for 50 equal rounds.
[ 2026-05-13 18:52:44 | node_10 | INFO ] 📈 Evaluated. Results: {'test_loss': 0.3067985773086548, 'test_acc': 0.9700000286102295, 'test_precision': 0.9710199236869812, 'test_recall': 0.9734696745872498, 'test_f1': 0.9719829559326172, 'communication_cost': 22580376}
[ 2026-05-13 18:52:44 | node_18 | INFO ] 🧩 Model added for round 47 (3/11) from ['node_22']
[ 2026-05-13 18:52:44 | node_10 | INFO ] 📢 Broadcasting metrics.
[ 2026-05-13 18:52:44 | node_42 | INFO ] 🔬 Evaluating...
[ 2026-05-13 18:52:44 | node | INFO ] 📤 Sending model to 9 direct neighbors: ['node_4', 'node_7', 'node_11', 'node_13', 'node_14', 'node_16', 'node_21', 'node_25', 'node_49']
[ 2026-05-13 18:52:44 | node_20 | INFO ] 📤 Sending model to 10 direct neighbors: ['node_7', 'node_11', 'node_13', 'node_17', 'node_27', 'node_30', 'node_35', 'node_40', 'node_46', 'node_49']
[ 2026-05-13 18:52:44 | node_42 | INFO ] 📈 Evaluated. Results: {'test_loss': 0.2670097053050995, 'test_acc': 0.9700000286102295, 'test_precision': 0.9693091511726379, 'test_recall': 0.9680331945419312, 'test_f1': 0.9681302905082703, 'communication_cost': 30107168}
[ 2026-05-13 18:52:45 | node_42 | INFO ] 📢 Broadcasting metrics.
[ 2026-05-13 18:52:45 | node_7 | INFO ] 🧩 Model added for round 47 (5/8) from ['node_20']
[ 2026-05-13 18:52:45 | node_2 | INFO ] 🧩 Model added for round 47 (9/11) from ['node_25']
[ 2026-05-13 18:52:45 | node_7 | INFO ] 🧩 Model added for round 47 (6/8) from ['node']
[ 2026-05-13 18:52:46 | node_24 | INFO ] 🧩 Model added for round 47 (8/10) from ['node_22']
[ 2026-05-13 18:52:46 | node_13 | INFO ] 🧩 Model added for round 47 (8/15) from ['node_20']
[ 2026-05-13 18:52:47 | node_6 | INFO ] 🧩 Model added for round 47 (5/10) from ['node_25']
[ 2026-05-13 18:52:47 | node_13 | INFO ] 🧩 Model added for round 47 (9/15) from ['node']
[ 2026-05-13 18:52:47 | node_10 | INFO ] 🎉 Round 47 of 50 finished.
[ 2026-05-13 18:52:47 | node_10 | INFO ] 🗳️ [DETERMINISTIC] Train set assigned (No Voting). Size: 50
[ 2026-05-13 18:52:47 | node_14 | INFO ] ⏹️  Gossiping exited for 50 equal rounds.
[ 2026-05-13 18:52:48 | node_47 | INFO ] 🧩 Model added for round 47 (4/7) from ['node_22']
[ 2026-05-13 18:52:48 | node_10 | INFO ] ♻️ Proactively processing 5 early models for round 47.
[ 2026-05-13 18:52:48 | node_10 | INFO ] 🧩 Model added for round 47 (1/7) from ['node_23']
[ 2026-05-13 18:52:48 | node_10 | INFO ] 🧩 Model added for round 47 (2/7) from ['node_38']
[ 2026-05-13 18:52:48 | node_14 | INFO ] 🔬 Evaluating...
[ 2026-05-13 18:52:48 | node_10 | INFO ] 🧩 Model added for round 47 (3/7) from ['node_9']
[ 2026-05-13 18:52:48 | node_10 | INFO ] 🧩 Model added for round 47 (4/7) from ['node_18']
[ 2026-05-13 18:52:48 | node_10 | INFO ] 🧩 Model added for round 47 (5/7) from ['node_6']
[ 2026-05-13 18:52:48 | node_10 | INFO ] 🏋️‍♀️ Preparing training...
[ 2026-05-13 18:52:48 | node_14 | INFO ] 📈 Evaluated. Results: {'test_loss': 0.04968606308102608, 'test_acc': 0.9850000143051147, 'test_precision': 0.9873377084732056, 'test_recall': 0.9849907159805298, 'test_f1': 0.9857792854309082, 'communication_cost': 26343772}
[ 2026-05-13 18:52:48 | node_14 | INFO ] 📢 Broadcasting metrics.
[ 2026-05-13 18:52:49 | node_18 | INFO ] 🧩 Model added for round 47 (4/11) from ['node_25']
[ 2026-05-13 18:52:49 | node_10 | INFO ] 🎓 Training step done.
[ 2026-05-13 18:52:49 | node_10 | INFO ] 🛠️ Calling force_add_local_model...
[ 2026-05-13 18:52:49 | node_10 | INFO ] ✅ [FORCE] Local model added for round 47. (6/7)
[ 2026-05-13 18:52:49 | node_27 | INFO ] 🎉 Round 47 of 50 finished.
[ 2026-05-13 18:52:49 | node_17 | INFO ] 🧩 Model added for round 47 (4/9) from ['node_20']
[ 2026-05-13 18:52:49 | node_27 | INFO ] 🗳️ [DETERMINISTIC] Train set assigned (No Voting). Size: 50
[ 2026-05-13 18:52:49 | node_42 | INFO ] 🎉 Round 47 of 50 finished.
[ 2026-05-13 18:52:49 | node_27 | INFO ] ♻️ Proactively processing 2 early models for round 47.
[ 2026-05-13 18:52:49 | node_42 | INFO ] 🗳️ [DETERMINISTIC] Train set assigned (No Voting). Size: 50
[ 2026-05-13 18:52:49 | node_27 | INFO ] 🧩 Model added for round 47 (1/10) from ['node_7']
[ 2026-05-13 18:52:49 | node_27 | INFO ] 🧩 Model added for round 47 (2/10) from ['node_18']
[ 2026-05-13 18:52:49 | node_27 | INFO ] 🏋️‍♀️ Preparing training...
[ 2026-05-13 18:52:49 | node_42 | INFO ] ♻️ Proactively processing 4 early models for round 47.
[ 2026-05-13 18:52:50 | node_42 | INFO ] 🧩 Model added for round 47 (1/9) from ['node_45']
[ 2026-05-13 18:52:50 | node_42 | INFO ] 🧩 Model added for round 47 (2/9) from ['node_15']
[ 2026-05-13 18:52:50 | node_42 | INFO ] 🧩 Model added for round 47 (3/9) from ['node_49']
[ 2026-05-13 18:52:50 | node_42 | INFO ] 🧩 Model added for round 47 (4/9) from ['node_16']
[ 2026-05-13 18:52:50 | node_42 | INFO ] 🏋️‍♀️ Preparing training...
[ 2026-05-13 18:52:50 | node_16 | INFO ] 🧩 Model added for round 47 (3/6) from ['node']
[ 2026-05-13 18:52:50 | node_27 | INFO ] 🎓 Training step done.
[ 2026-05-13 18:52:50 | node_23 | INFO ] 🧩 Model added for round 47 (4/6) from ['node_25']
[ 2026-05-13 18:52:50 | node_27 | INFO ] 🛠️ Calling force_add_local_model...
[ 2026-05-13 18:52:50 | node_27 | INFO ] ✅ [FORCE] Local model added for round 47. (3/10)
[ 2026-05-13 18:52:50 | node_42 | INFO ] 🎓 Training step done.
[ 2026-05-13 18:52:50 | node_27 | INFO ] 🧩 Model added for round 47 (4/10) from ['node_20']
[ 2026-05-13 18:52:50 | node_42 | INFO ] 🛠️ Calling force_add_local_model...
[ 2026-05-13 18:52:50 | node_42 | INFO ] ✅ [FORCE] Local model added for round 47. (5/9)
[ 2026-05-13 18:52:51 | node_25 | INFO ] 🧩 Model added for round 47 (7/9) from ['node']
[ 2026-05-13 18:52:51 | node_42 | INFO ] 🧩 Model added for round 47 (6/9) from ['node_25']
[ 2026-05-13 18:52:52 | node_14 | INFO ] 🎉 Round 47 of 50 finished.
[ 2026-05-13 18:52:52 | node_14 | INFO ] 🗳️ [DETERMINISTIC] Train set assigned (No Voting). Size: 50
[ 2026-05-13 18:52:52 | node_14 | INFO ] ♻️ Proactively processing 5 early models for round 47.
[ 2026-05-13 18:52:52 | node_14 | INFO ] 🧩 Model added for round 47 (1/8) from ['node_41']
[ 2026-05-13 18:52:53 | node_14 | INFO ] 🧩 Model added for round 47 (2/8) from ['node_8']
[ 2026-05-13 18:52:53 | node_14 | INFO ] 🧩 Model added for round 47 (3/8) from ['node_39']
[ 2026-05-13 18:52:53 | node_14 | INFO ] 🧩 Model added for round 47 (4/8) from ['node_3']
[ 2026-05-13 18:52:53 | node_14 | INFO ] 🧩 Model added for round 47 (5/8) from ['node']
[ 2026-05-13 18:52:53 | node_14 | INFO ] 🏋️‍♀️ Preparing training...
[ 2026-05-13 18:52:53 | node_21 | INFO ] ⏹️  Gossiping exited for 50 equal rounds.
[ 2026-05-13 18:52:53 | node_46 | INFO ] 🧩 Model added for round 47 (3/7) from ['node_20']
[ 2026-05-13 18:52:53 | node_49 | INFO ] 🧩 Model added for round 47 (3/9) from ['node']
[ 2026-05-13 18:52:53 | node_49 | INFO ] 🧩 Model added for round 47 (4/9) from ['node_25']
[ 2026-05-13 18:52:53 | node_21 | INFO ] 🔬 Evaluating...
[ 2026-05-13 18:52:53 | node_14 | INFO ] 🎓 Training step done.
[ 2026-05-13 18:52:53 | node_14 | INFO ] 🛠️ Calling force_add_local_model...
[ 2026-05-13 18:52:53 | node_21 | INFO ] 📈 Evaluated. Results: {'test_loss': 0.39135807752609253, 'test_acc': 0.9649999737739563, 'test_precision': 0.9694693684577942, 'test_recall': 0.9538929462432861, 'test_f1': 0.9601060748100281, 'communication_cost': 30107168}
[ 2026-05-13 18:52:53 | node_14 | INFO ] ✅ [FORCE] Local model added for round 47. (6/8)
[ 2026-05-13 18:52:53 | node_21 | INFO ] 📢 Broadcasting metrics.
[ 2026-05-13 18:52:54 | node_49 | INFO ] 🧩 Model added for round 47 (5/9) from ['node_20']
[ 2026-05-13 18:52:54 | node_10 | INFO ] 📤 Sending model to 6 direct neighbors: ['node_4', 'node_6', 'node_9', 'node_18', 'node_23', 'node_38']
[ 2026-05-13 18:52:54 | node_6 | INFO ] 🧩 Model added for round 47 (6/10) from ['node_10']
[ 2026-05-13 18:52:55 | node_27 | INFO ] 📤 Sending model to 9 direct neighbors: ['node_7', 'node_12', 'node_18', 'node_19', 'node_20', 'node_30', 'node_35', 'node_36', 'node_48']
[ 2026-05-13 18:52:55 | node_42 | INFO ] 📤 Sending model to 8 direct neighbors: ['node_14', 'node_15', 'node_16', 'node_25', 'node_29', 'node_45', 'node_48', 'node_49']
[ 2026-05-13 18:52:56 | node_7 | INFO ] 🧩 Model added for round 47 (7/8) from ['node_27']
[ 2026-05-13 18:52:56 | node_14 | INFO ] 🧩 Model added for round 47 (7/8) from ['node_42']
[ 2026-05-13 18:52:56 | node_9 | INFO ] 🧩 Model added for round 47 (7/9) from ['node_10']
[ 2026-05-13 18:52:57 | node_21 | INFO ] 🎉 Round 47 of 50 finished.
[ 2026-05-13 18:52:57 | node_15 | INFO ] 🧩 Model added for round 47 (2/6) from ['node_42']
[ 2026-05-13 18:52:57 | node_21 | INFO ] 🗳️ [DETERMINISTIC] Train set assigned (No Voting). Size: 50
[ 2026-05-13 18:52:57 | node_21 | INFO ] ♻️ Proactively processing 6 early models for round 47.
[ 2026-05-13 18:52:57 | node_18 | INFO ] 🧩 Model added for round 47 (5/11) from ['node_27']
[ 2026-05-13 18:52:57 | node_21 | INFO ] 🧩 Model added for round 47 (1/9) from ['node_47']
[ 2026-05-13 18:52:57 | node_21 | INFO ] 🧩 Model added for round 47 (2/9) from ['node_39']
[ 2026-05-13 18:52:57 | node_21 | INFO ] 🧩 Model added for round 47 (3/9) from ['node_46']
[ 2026-05-13 18:52:57 | node_21 | INFO ] 🧩 Model added for round 47 (4/9) from ['node_13']
[ 2026-05-13 18:52:57 | node_18 | INFO ] 🧩 Model added for round 47 (6/11) from ['node_10']
[ 2026-05-13 18:52:57 | node_21 | INFO ] 🧩 Model added for round 47 (5/9) from ['node_6']
[ 2026-05-13 18:52:57 | node_21 | INFO ] 🧩 Model added for round 47 (6/9) from ['node']
[ 2026-05-13 18:52:57 | node_21 | INFO ] 🏋️‍♀️ Preparing training...
[ 2026-05-13 18:52:57 | node_16 | INFO ] 🧩 Model added for round 47 (4/6) from ['node_42']
[ 2026-05-13 18:52:58 | node_21 | INFO ] 🎓 Training step done.
[ 2026-05-13 18:52:58 | node_21 | INFO ] 🛠️ Calling force_add_local_model...
[ 2026-05-13 18:52:58 | node_21 | INFO ] ✅ [FORCE] Local model added for round 47. (7/9)
[ 2026-05-13 18:52:58 | node_32 | INFO ] ⏹️  Gossiping exited for 50 equal rounds.
[ 2026-05-13 18:52:58 | node_32 | INFO ] 🔬 Evaluating...
[ 2026-05-13 18:52:58 | node_14 | INFO ] 📤 Sending model to 7 direct neighbors: ['node', 'node_3', 'node_8', 'node_29', 'node_39', 'node_41', 'node_42']
[ 2026-05-13 18:52:58 | node_25 | INFO ] 🧩 Model added for round 47 (8/9) from ['node_42']
[ 2026-05-13 18:52:59 | node_32 | INFO ] 📈 Evaluated. Results: {'test_loss': 0.2529313564300537, 'test_acc': 0.9649999737739563, 'test_precision': 0.965404212474823, 'test_recall': 0.9699405431747437, 'test_f1': 0.9660723805427551, 'communication_cost': 30107168}
[ 2026-05-13 18:52:59 | node_32 | INFO ] 📢 Broadcasting metrics.
[ 2026-05-13 18:52:59 | node | INFO ] 🧩 Model added for round 47 (7/10) from ['node_14']
[ 2026-05-13 18:52:59 | node_23 | INFO ] 🧩 Model added for round 47 (5/6) from ['node_10']
[ 2026-05-13 18:52:59 | node_20 | INFO ] 🧩 Model added for round 47 (7/11) from ['node_27']
[ 2026-05-13 18:53:00 | node_38 | INFO ] 🧩 Model added for round 47 (8/8) from ['node_10']
[ 2026-05-13 18:53:00 | node_3 | INFO ] 🧩 Model added for round 47 (6/9) from ['node_14']
[ 2026-05-13 18:53:00 | node_45 | INFO ] 🧩 Model added for round 47 (4/6) from ['node_42']
[ 2026-05-13 18:53:00 | node_38 | INFO ] 🧠 Aggregation complete. Setting new model.
[ 2026-05-13 18:53:01 | node_30 | INFO ] ⏹️  Gossiping exited for 50 equal rounds.
[ 2026-05-13 18:53:01 | node_30 | INFO ] 🔬 Evaluating...
[ 2026-05-13 18:53:01 | node_38 | INFO ] 🗣️ Gossiping aggregated model.
[ 2026-05-13 18:53:01 | node_30 | INFO ] 📈 Evaluated. Results: {'test_loss': 0.270138144493103, 'test_acc': 0.9599999785423279, 'test_precision': 0.9619032144546509, 'test_recall': 0.9606821537017822, 'test_f1': 0.9605486989021301, 'communication_cost': 37633960}
[ 2026-05-13 18:53:02 | node_8 | INFO ] 🧩 Model added for round 47 (4/6) from ['node_14']
[ 2026-05-13 18:53:02 | node_30 | INFO ] 📢 Broadcasting metrics.
[ 2026-05-13 18:53:02 | node_32 | INFO ] 🎉 Round 47 of 50 finished.
[ 2026-05-13 18:53:02 | node_32 | INFO ] 🗳️ [DETERMINISTIC] Train set assigned (No Voting). Size: 50
[ 2026-05-13 18:53:02 | node_32 | INFO ] ♻️ Proactively processing 4 early models for round 47.
[ 2026-05-13 18:53:02 | node_32 | INFO ] 🧩 Model added for round 47 (1/9) from ['node_41']
[ 2026-05-13 18:53:02 | node_32 | INFO ] 🧩 Model added for round 47 (2/9) from ['node_8']
[ 2026-05-13 18:53:02 | node_32 | INFO ] 🧩 Model added for round 47 (3/9) from ['node_3']
[ 2026-05-13 18:53:03 | node_32 | INFO ] 🧩 Model added for round 47 (4/9) from ['node_39']
[ 2026-05-13 18:53:03 | node_32 | INFO ] 🏋️‍♀️ Preparing training...
[ 2026-05-13 18:53:03 | node_49 | INFO ] 🧩 Model added for round 47 (6/9) from ['node_42']
[ 2026-05-13 18:53:03 | node_21 | INFO ] 📤 Sending model to 8 direct neighbors: ['node', 'node_6', 'node_13', 'node_19', 'node_29', 'node_39', 'node_46', 'node_47']
[ 2026-05-13 18:53:03 | node_32 | INFO ] 🎓 Training step done.
[ 2026-05-13 18:53:03 | node | INFO ] 🧩 Model added for round 47 (8/10) from ['node_21']
[ 2026-05-13 18:53:03 | node_32 | INFO ] 🛠️ Calling force_add_local_model...
[ 2026-05-13 18:53:03 | node_40 | INFO ] ⏹️  Gossiping exited for 50 equal rounds.
[ 2026-05-13 18:53:03 | node_32 | INFO ] ✅ [FORCE] Local model added for round 47. (5/9)
[ 2026-05-13 18:53:03 | node_39 | INFO ] 🧩 Model added for round 47 (9/13) from ['node_14']
[ 2026-05-13 18:53:03 | node_40 | INFO ] 🔬 Evaluating...
[ 2026-05-13 18:53:04 | node_40 | INFO ] 📈 Evaluated. Results: {'test_loss': 0.32537582516670227, 'test_acc': 0.9649999737739563, 'test_precision': 0.9627562165260315, 'test_recall': 0.9671974182128906, 'test_f1': 0.9632619619369507, 'communication_cost': 37633960}
[ 2026-05-13 18:53:04 | node_40 | INFO ] 📢 Broadcasting metrics.
[ 2026-05-13 18:53:04 | node_6 | INFO ] 🧩 Model added for round 47 (7/10) from ['node_21']
[ 2026-05-13 18:53:05 | node_41 | INFO ] 🧩 Model added for round 47 (3/5) from ['node_14']
[ 2026-05-13 18:53:05 | node_29 | INFO ] ⏹️  Gossiping exited for 50 equal rounds.
[ 2026-05-13 18:53:05 | node_12 | INFO ] ⏹️  Gossiping exited for 50 equal rounds.
[ 2026-05-13 18:53:05 | node_29 | INFO ] 🔬 Evaluating...
[ 2026-05-13 18:53:05 | node_12 | INFO ] 🔬 Evaluating...
[ 2026-05-13 18:53:06 | node_29 | INFO ] 📈 Evaluated. Results: {'test_loss': 0.12425880134105682, 'test_acc': 0.9649999737739563, 'test_precision': 0.9708101153373718, 'test_recall': 0.9608339071273804, 'test_f1': 0.9639904499053955, 'communication_cost': 45160752}
[ 2026-05-13 18:53:06 | node_12 | INFO ] 📈 Evaluated. Results: {'test_loss': 0.17290426790714264, 'test_acc': 0.9700000286102295, 'test_precision': 0.9702560901641846, 'test_recall': 0.9689856171607971, 'test_f1': 0.9688491821289062, 'communication_cost': 30107168}
[ 2026-05-13 18:53:06 | node_29 | INFO ] 📢 Broadcasting metrics.
[ 2026-05-13 18:53:06 | node_12 | INFO ] 📢 Broadcasting metrics.
[ 2026-05-13 18:53:06 | node_13 | INFO ] 🧩 Model added for round 47 (10/15) from ['node_21']
[ 2026-05-13 18:53:06 | node_42 | INFO ] 🧩 Model added for round 47 (7/9) from ['node_14']
[ 2026-05-13 18:53:06 | node_30 | INFO ] 🎉 Round 47 of 50 finished.
[ 2026-05-13 18:53:07 | node_30 | INFO ] 🗳️ [DETERMINISTIC] Train set assigned (No Voting). Size: 50
[ 2026-05-13 18:53:07 | node_30 | INFO ] ♻️ Proactively processing 8 early models for round 47.
[ 2026-05-13 18:53:07 | node_30 | INFO ] 🧩 Model added for round 47 (1/11) from ['node_23']
[ 2026-05-13 18:53:07 | node_30 | INFO ] 🧩 Model added for round 47 (2/11) from ['node_45']
[ 2026-05-13 18:53:07 | node_30 | INFO ] 🧩 Model added for round 47 (3/11) from ['node_9']
[ 2026-05-13 18:53:07 | node_30 | INFO ] 🧩 Model added for round 47 (4/11) from ['node_13']
[ 2026-05-13 18:53:07 | node_30 | INFO ] 🧩 Model added for round 47 (5/11) from ['node_6']
[ 2026-05-13 18:53:07 | node_30 | INFO ] 🧩 Model added for round 47 (6/11) from ['node_22']
[ 2026-05-13 18:53:07 | node_30 | INFO ] 🧩 Model added for round 47 (7/11) from ['node_20']
[ 2026-05-13 18:53:07 | node_30 | INFO ] 🧩 Model added for round 47 (8/11) from ['node_27']
[ 2026-05-13 18:53:07 | node_30 | INFO ] 🏋️‍♀️ Preparing training...
[ 2026-05-13 18:53:08 | node_30 | INFO ] 🎓 Training step done.
[ 2026-05-13 18:53:08 | node_30 | INFO ] 🛠️ Calling force_add_local_model...
[ 2026-05-13 18:53:08 | node_30 | INFO ] ✅ [FORCE] Local model added for round 47. (9/11)
[ 2026-05-13 18:53:08 | node_32 | INFO ] 📤 Sending model to 8 direct neighbors: ['node_3', 'node_8', 'node_11', 'node_29', 'node_36', 'node_39', 'node_41', 'node_44']
[ 2026-05-13 18:53:08 | node_40 | INFO ] 🎉 Round 47 of 50 finished.
[ 2026-05-13 18:53:09 | node_40 | INFO ] 🗳️ [DETERMINISTIC] Train set assigned (No Voting). Size: 50
[ 2026-05-13 18:53:09 | node_39 | INFO ] 🧩 Model added for round 47 (10/13) from ['node_21']
[ 2026-05-13 18:53:09 | node_40 | INFO ] ♻️ Proactively processing 7 early models for round 47.
[ 2026-05-13 18:53:09 | node_3 | INFO ] 🧩 Model added for round 47 (7/9) from ['node_32']
[ 2026-05-13 18:53:09 | node_40 | INFO ] 🧩 Model added for round 47 (1/11) from ['node_26']
[ 2026-05-13 18:53:09 | node_40 | INFO ] 🧩 Model added for round 47 (2/11) from ['node_47']
[ 2026-05-13 18:53:09 | node_40 | INFO ] 🧩 Model added for round 47 (3/11) from ['node_39']
[ 2026-05-13 18:53:09 | node_40 | INFO ] 🧩 Model added for round 47 (4/11) from ['node_9']
[ 2026-05-13 18:53:09 | node_40 | INFO ] 🧩 Model added for round 47 (5/11) from ['node_43']
[ 2026-05-13 18:53:09 | node_40 | INFO ] 🧩 Model added for round 47 (6/11) from ['node_13']
[ 2026-05-13 18:53:09 | node_40 | INFO ] 🧩 Model added for round 47 (7/11) from ['node_20']
[ 2026-05-13 18:53:09 | node_40 | INFO ] 🏋️‍♀️ Preparing training...
[ 2026-05-13 18:53:09 | node_12 | INFO ] 🎉 Round 47 of 50 finished.
[ 2026-05-13 18:53:09 | node_12 | INFO ] 🗳️ [DETERMINISTIC] Train set assigned (No Voting). Size: 50
[ 2026-05-13 18:53:10 | node_40 | INFO ] 🎓 Training step done.
[ 2026-05-13 18:53:10 | node_40 | INFO ] 🛠️ Calling force_add_local_model...
[ 2026-05-13 18:53:10 | node_12 | INFO ] ♻️ Proactively processing 5 early models for round 47.
[ 2026-05-13 18:53:10 | node_12 | INFO ] 🧩 Model added for round 47 (1/9) from ['node_34']
[ 2026-05-13 18:53:10 | node_40 | INFO ] ✅ [FORCE] Local model added for round 47. (8/11)
[ 2026-05-13 18:53:10 | node_12 | INFO ] 🧩 Model added for round 47 (2/9) from ['node_49']
[ 2026-05-13 18:53:10 | node_12 | INFO ] 🧩 Model added for round 47 (3/9) from ['node_13']
[ 2026-05-13 18:53:10 | node_12 | INFO ] 🧩 Model added for round 47 (4/9) from ['node_1']
[ 2026-05-13 18:53:10 | node_12 | INFO ] 🧩 Model added for round 47 (5/9) from ['node_27']
[ 2026-05-13 18:53:10 | node_12 | INFO ] 🏋️‍♀️ Preparing training...
[ 2026-05-13 18:53:10 | node_8 | INFO ] 🧩 Model added for round 47 (5/6) from ['node_32']
[ 2026-05-13 18:53:10 | node_46 | INFO ] 🧩 Model added for round 47 (4/7) from ['node_21']
[ 2026-05-13 18:53:10 | node_12 | INFO ] 🎓 Training step done.
[ 2026-05-13 18:53:10 | node_12 | INFO ] 🛠️ Calling force_add_local_model...
[ 2026-05-13 18:53:10 | node_12 | INFO ] ✅ [FORCE] Local model added for round 47. (6/9)
[ 2026-05-13 18:53:11 | node_29 | INFO ] 🎉 Round 47 of 50 finished.
[ 2026-05-13 18:53:11 | node_19 | INFO ] ⏹️  Gossiping exited for 50 equal rounds.
[ 2026-05-13 18:53:11 | node_29 | INFO ] 🗳️ [DETERMINISTIC] Train set assigned (No Voting). Size: 50
[ 2026-05-13 18:53:11 | node_47 | INFO ] 🧩 Model added for round 47 (5/7) from ['node_21']
[ 2026-05-13 18:53:11 | node_29 | INFO ] ♻️ Proactively processing 8 early models for round 47.
[ 2026-05-13 18:53:11 | node_19 | INFO ] 🔬 Evaluating...
[ 2026-05-13 18:53:11 | node_29 | INFO ] 🧩 Model added for round 47 (1/13) from ['node_16']
[ 2026-05-13 18:53:11 | node_29 | INFO ] 🧩 Model added for round 47 (2/13) from ['node_15']
[ 2026-05-13 18:53:11 | node_29 | INFO ] 🧩 Model added for round 47 (3/13) from ['node_17']
[ 2026-05-13 18:53:11 | node_29 | INFO ] 🧩 Model added for round 47 (4/13) from ['node_28']
[ 2026-05-13 18:53:11 | node_19 | INFO ] 📈 Evaluated. Results: {'test_loss': 0.16570432484149933, 'test_acc': 0.9599999785423279, 'test_precision': 0.9558720588684082, 'test_recall': 0.9615942239761353, 'test_f1': 0.9557983875274658, 'communication_cost': 41397356}
[ 2026-05-13 18:53:11 | node_29 | INFO ] 🧩 Model added for round 47 (5/13) from ['node_42']
[ 2026-05-13 18:53:11 | node_29 | INFO ] 🧩 Model added for round 47 (6/13) from ['node_14']
[ 2026-05-13 18:53:12 | node_19 | INFO ] 📢 Broadcasting metrics.
[ 2026-05-13 18:53:12 | node_29 | INFO ] 🧩 Model added for round 47 (7/13) from ['node_21']
[ 2026-05-13 18:53:12 | node_29 | INFO ] 🧩 Model added for round 47 (8/13) from ['node_32']
[ 2026-05-13 18:53:12 | node_29 | INFO ] 🏋️‍♀️ Preparing training...
[ 2026-05-13 18:53:12 | node_39 | INFO ] 🧩 Model added for round 47 (11/13) from ['node_32']
[ 2026-05-13 18:53:12 | node_29 | INFO ] 🎓 Training step done.
[ 2026-05-13 18:53:12 | node_29 | INFO ] 🛠️ Calling force_add_local_model...
[ 2026-05-13 18:53:12 | node_29 | INFO ] ✅ [FORCE] Local model added for round 47. (9/13)
[ 2026-05-13 18:53:13 | node_30 | INFO ] 📤 Sending model to 10 direct neighbors: ['node_6', 'node_9', 'node_12', 'node_13', 'node_19', 'node_20', 'node_22', 'node_23', 'node_27', 'node_45']
[ 2026-05-13 18:53:13 | node_6 | INFO ] 🧩 Model added for round 47 (8/10) from ['node_30']
[ 2026-05-13 18:53:13 | node_41 | INFO ] 🧩 Model added for round 47 (4/5) from ['node_32']
[ 2026-05-13 18:53:14 | node_9 | INFO ] 🧩 Model added for round 47 (8/9) from ['node_30']
[ 2026-05-13 18:53:15 | node_40 | INFO ] 📤 Sending model to 10 direct neighbors: ['node_9', 'node_11', 'node_13', 'node_20', 'node_26', 'node_29', 'node_35', 'node_39', 'node_43', 'node_47']
[ 2026-05-13 18:53:15 | node_9 | INFO ] 🧩 Model added for round 47 (9/9) from ['node_40']
[ 2026-05-13 18:53:15 | node_12 | INFO ] 📤 Sending model to 8 direct neighbors: ['node_1', 'node_13', 'node_19', 'node_27', 'node_30', 'node_34', 'node_36', 'node_49']
[ 2026-05-13 18:53:15 | node_12 | INFO ] 🧩 Model added for round 47 (7/9) from ['node_30']
[ 2026-05-13 18:53:16 | node_9 | INFO ] 🧠 Aggregation complete. Setting new model.
[ 2026-05-13 18:53:16 | node_19 | INFO ] 🎉 Round 47 of 50 finished.
[ 2026-05-13 18:53:16 | node_19 | INFO ] 🗳️ [DETERMINISTIC] Train set assigned (No Voting). Size: 50
[ 2026-05-13 18:53:16 | node_19 | INFO ] ♻️ Proactively processing 7 early models for round 47.
[ 2026-05-13 18:53:16 | node_19 | INFO ] 🧩 Model added for round 47 (1/12) from ['node_24']
[ 2026-05-13 18:53:16 | node_1 | INFO ] 🧩 Model added for round 47 (4/5) from ['node_12']
[ 2026-05-13 18:53:16 | node_19 | INFO ] 🧩 Model added for round 47 (2/12) from ['node_26']
[ 2026-05-13 18:53:16 | node_19 | INFO ] 🧩 Model added for round 47 (3/12) from ['node_46']
[ 2026-05-13 18:53:16 | node_19 | INFO ] 🧩 Model added for round 47 (4/12) from ['node_17']
[ 2026-05-13 18:53:16 | node_19 | INFO ] 🧩 Model added for round 47 (5/12) from ['node_6']
[ 2026-05-13 18:53:16 | node_9 | INFO ] 🗣️ Gossiping aggregated model.
[ 2026-05-13 18:53:16 | node_19 | INFO ] 🧩 Model added for round 47 (6/12) from ['node_27']
[ 2026-05-13 18:53:16 | node_19 | INFO ] 🧩 Model added for round 47 (7/12) from ['node_21']
[ 2026-05-13 18:53:16 | node_19 | INFO ] 🏋️‍♀️ Preparing training...
[ 2026-05-13 18:53:17 | node_13 | INFO ] 🧩 Model added for round 47 (11/15) from ['node_30']
[ 2026-05-13 18:53:17 | node_13 | INFO ] 🧩 Model added for round 47 (12/15) from ['node_12']
[ 2026-05-13 18:53:17 | node_13 | INFO ] 🧩 Model added for round 47 (13/15) from ['node_40']
[ 2026-05-13 18:53:17 | node_19 | INFO ] 🎓 Training step done.
[ 2026-05-13 18:53:17 | node_29 | INFO ] 📤 Sending model to 12 direct neighbors: ['node_11', 'node_14', 'node_15', 'node_16', 'node_17', 'node_21', 'node_28', 'node_31', 'node_32', 'node_40', 'node_42', 'node_48']
[ 2026-05-13 18:53:17 | node_19 | INFO ] 🛠️ Calling force_add_local_model...
[ 2026-05-13 18:53:17 | node_19 | INFO ] ✅ [FORCE] Local model added for round 47. (8/12)
[ 2026-05-13 18:53:18 | node_14 | INFO ] 🧩 Model added for round 47 (8/8) from ['node_29']
[ 2026-05-13 18:53:18 | node_19 | INFO ] 🧩 Model added for round 47 (9/12) from ['node_30']
[ 2026-05-13 18:53:18 | node_14 | INFO ] 🧠 Aggregation complete. Setting new model.
[ 2026-05-13 18:53:19 | node_14 | INFO ] 🗣️ Gossiping aggregated model.
[ 2026-05-13 18:53:19 | node_15 | INFO ] 🧩 Model added for round 47 (3/6) from ['node_29']
[ 2026-05-13 18:53:19 | node_20 | INFO ] 🧩 Model added for round 47 (8/11) from ['node_40']
[ 2026-05-13 18:53:19 | node_19 | INFO ] 🧩 Model added for round 47 (10/12) from ['node_12']
[ 2026-05-13 18:53:20 | node_20 | INFO ] 🧩 Model added for round 47 (9/11) from ['node_30']
[ 2026-05-13 18:53:20 | node_16 | INFO ] 🧩 Model added for round 47 (5/6) from ['node_29']
[ 2026-05-13 18:53:20 | node_35 | INFO ] ⏹️  Gossiping exited for 50 equal rounds.
[ 2026-05-13 18:53:21 | node_35 | INFO ] 🔬 Evaluating...
[ 2026-05-13 18:53:21 | node_26 | INFO ] 🧩 Model added for round 47 (6/8) from ['node_40']
[ 2026-05-13 18:53:21 | node_35 | INFO ] 📈 Evaluated. Results: {'test_loss': 0.1446918547153473, 'test_acc': 0.9850000143051147, 'test_precision': 0.9842962622642517, 'test_recall': 0.9815706014633179, 'test_f1': 0.9825929999351501, 'communication_cost': 41397356}
[ 2026-05-13 18:53:21 | node_35 | INFO ] 📢 Broadcasting metrics.
[ 2026-05-13 18:53:21 | node_17 | INFO ] 🧩 Model added for round 47 (5/9) from ['node_29']
[ 2026-05-13 18:53:21 | node_22 | INFO ] 🧩 Model added for round 47 (6/6) from ['node_30']
[ 2026-05-13 18:53:22 | node_29 | INFO ] 🧩 Model added for round 47 (10/13) from ['node_40']
[ 2026-05-13 18:53:22 | node_27 | INFO ] 🧩 Model added for round 47 (5/10) from ['node_12']
[ 2026-05-13 18:53:22 | node_23 | INFO ] 🧩 Model added for round 47 (6/6) from ['node_30']
[ 2026-05-13 18:53:22 | node_19 | INFO ] 📤 Sending model to 11 direct neighbors: ['node_6', 'node_12', 'node_17', 'node_21', 'node_24', 'node_26', 'node_27', 'node_30', 'node_31', 'node_35', 'node_46']
[ 2026-05-13 18:53:23 | node_21 | INFO ] 🧩 Model added for round 47 (8/9) from ['node_29']
[ 2026-05-13 18:53:23 | node_36 | INFO ] ⏹️  Gossiping exited for 50 equal rounds.
[ 2026-05-13 18:53:23 | node_6 | INFO ] 🧩 Model added for round 47 (9/10) from ['node_19']
[ 2026-05-13 18:53:23 | node_36 | INFO ] 🔬 Evaluating...
[ 2026-05-13 18:53:23 | node_22 | INFO ] 🧠 Aggregation complete. Setting new model.
[ 2026-05-13 18:53:23 | node_36 | INFO ] 📈 Evaluated. Results: {'test_loss': 0.26809751987457275, 'test_acc': 0.9700000286102295, 'test_precision': 0.963513195514679, 'test_recall': 0.974073588848114, 'test_f1': 0.9676385521888733, 'communication_cost': 30107168}
[ 2026-05-13 18:53:24 | node_30 | INFO ] 🧩 Model added for round 47 (10/11) from ['node_12']
[ 2026-05-13 18:53:24 | node_36 | INFO ] 📢 Broadcasting metrics.
[ 2026-05-13 18:53:24 | node_22 | INFO ] 🗣️ Gossiping aggregated model.
[ 2026-05-13 18:53:24 | node_27 | INFO ] 🧩 Model added for round 47 (6/10) from ['node_30']
[ 2026-05-13 18:53:24 | node_39 | INFO ] 🧩 Model added for round 47 (12/13) from ['node_40']
[ 2026-05-13 18:53:24 | node_12 | INFO ] 🧩 Model added for round 47 (8/9) from ['node_19']
[ 2026-05-13 18:53:24 | node_28 | INFO ] 🧩 Model added for round 47 (4/8) from ['node_29']
[ 2026-05-13 18:53:25 | node_23 | INFO ] 🧠 Aggregation complete. Setting new model.
[ 2026-05-13 18:53:25 | node_34 | INFO ] 🧩 Model added for round 47 (5/7) from ['node_12']
[ 2026-05-13 18:53:25 | node_35 | INFO ] 🎉 Round 47 of 50 finished.
[ 2026-05-13 18:53:25 | node_35 | INFO ] 🗳️ [DETERMINISTIC] Train set assigned (No Voting). Size: 50
[ 2026-05-13 18:53:25 | node_45 | INFO ] 🧩 Model added for round 47 (5/6) from ['node_30']
[ 2026-05-13 18:53:25 | node_23 | INFO ] 🗣️ Gossiping aggregated model.
[ 2026-05-13 18:53:25 | node_35 | INFO ] ♻️ Proactively processing 8 early models for round 47.
[ 2026-05-13 18:53:25 | node_35 | INFO ] 🧩 Model added for round 47 (1/12) from ['node_8']
[ 2026-05-13 18:53:26 | node_35 | INFO ] 🧩 Model added for round 47 (2/12) from ['node_26']
[ 2026-05-13 18:53:26 | node_35 | INFO ] 🧩 Model added for round 47 (3/12) from ['node_39']
[ 2026-05-13 18:53:26 | node_17 | INFO ] 🧩 Model added for round 47 (6/9) from ['node_19']
[ 2026-05-13 18:53:26 | node_35 | INFO ] 🧩 Model added for round 47 (4/12) from ['node_17']
[ 2026-05-13 18:53:26 | node_35 | INFO ] 🧩 Model added for round 47 (5/12) from ['node_6']
[ 2026-05-13 18:53:26 | node_35 | INFO ] 🧩 Model added for round 47 (6/12) from ['node_20']
[ 2026-05-13 18:53:26 | node_35 | INFO ] 🧩 Model added for round 47 (7/12) from ['node_27']
[ 2026-05-13 18:53:26 | node_35 | INFO ] 🧩 Model added for round 47 (8/12) from ['node_40']
[ 2026-05-13 18:53:26 | node_32 | INFO ] 🧩 Model added for round 47 (6/9) from ['node_29']
[ 2026-05-13 18:53:26 | node_35 | INFO ] 🏋️‍♀️ Preparing training...
[ 2026-05-13 18:53:26 | node_43 | INFO ] 🧩 Model added for round 47 (6/9) from ['node_40']
[ 2026-05-13 18:53:26 | node_35 | INFO ] 🎓 Training step done.
[ 2026-05-13 18:53:26 | node_49 | INFO ] 🧩 Model added for round 47 (7/9) from ['node_12']
[ 2026-05-13 18:53:26 | node_35 | INFO ] 🛠️ Calling force_add_local_model...
[ 2026-05-13 18:53:27 | node_35 | INFO ] ✅ [FORCE] Local model added for round 47. (9/12)
[ 2026-05-13 18:53:27 | node_21 | INFO ] 🧩 Model added for round 47 (9/9) from ['node_19']
[ 2026-05-13 18:53:27 | node_40 | INFO ] 🧩 Model added for round 47 (9/11) from ['node_29']
[ 2026-05-13 18:53:28 | node_47 | INFO ] 🧩 Model added for round 47 (6/7) from ['node_40']
[ 2026-05-13 18:53:28 | node_21 | INFO ] 🧠 Aggregation complete. Setting new model.
[ 2026-05-13 18:53:28 | node_5 | INFO ] ⏹️  Gossiping exited for 50 equal rounds.
[ 2026-05-13 18:53:28 | node_36 | INFO ] 🎉 Round 47 of 50 finished.
[ 2026-05-13 18:53:28 | node_5 | INFO ] 🔬 Evaluating...
[ 2026-05-13 18:53:28 | node_36 | INFO ] 🗳️ [DETERMINISTIC] Train set assigned (No Voting). Size: 50
[ 2026-05-13 18:53:28 | node_36 | INFO ] ♻️ Proactively processing 7 early models for round 47.
[ 2026-05-13 18:53:28 | node_36 | INFO ] 🧩 Model added for round 47 (1/9) from ['node_34']
[ 2026-05-13 18:53:28 | node_36 | INFO ] 🧩 Model added for round 47 (2/9) from ['node_2']
[ 2026-05-13 18:53:28 | node_36 | INFO ] 🧩 Model added for round 47 (3/9) from ['node_15']
[ 2026-05-13 18:53:28 | node_36 | INFO ] 🧩 Model added for round 47 (4/9) from ['node_43']
[ 2026-05-13 18:53:28 | node_36 | INFO ] 🧩 Model added for round 47 (5/9) from ['node_27']
[ 2026-05-13 18:53:28 | node_36 | INFO ] 🧩 Model added for round 47 (6/9) from ['node_32']
[ 2026-05-13 18:53:28 | node_36 | INFO ] 🧩 Model added for round 47 (7/9) from ['node_12']
[ 2026-05-13 18:53:28 | node_36 | INFO ] 🏋️‍♀️ Preparing training...
[ 2026-05-13 18:53:28 | node_5 | INFO ] 📈 Evaluated. Results: {'test_loss': 0.2035684585571289, 'test_acc': 0.9549999833106995, 'test_precision': 0.9567304849624634, 'test_recall': 0.9554555416107178, 'test_f1': 0.9549205899238586, 'communication_cost': 33870564}
[ 2026-05-13 18:53:28 | node_21 | INFO ] 🗣️ Gossiping aggregated model.
[ 2026-05-13 18:53:29 | node_5 | INFO ] 📢 Broadcasting metrics.
[ 2026-05-13 18:53:29 | node_24 | INFO ] 🧩 Model added for round 47 (9/10) from ['node_19']
[ 2026-05-13 18:53:29 | node_36 | INFO ] 🎓 Training step done.
[ 2026-05-13 18:53:29 | node_36 | INFO ] 🛠️ Calling force_add_local_model...
[ 2026-05-13 18:53:29 | node_42 | INFO ] 🧩 Model added for round 47 (8/9) from ['node_29']
[ 2026-05-13 18:53:29 | node_36 | INFO ] ✅ [FORCE] Local model added for round 47. (8/9)
[ 2026-05-13 18:53:30 | node_26 | INFO ] 🧩 Model added for round 47 (7/8) from ['node_19']
[ 2026-05-13 18:53:31 | node_27 | INFO ] 🧩 Model added for round 47 (7/10) from ['node_19']
[ 2026-05-13 18:53:31 | node_41 | INFO ] ⏳ Dynamic Patience (iteration 1): Missing nodes still active. Waiting 150s more...
[ 2026-05-13 18:53:32 | node_35 | INFO ] 📤 Sending model to 11 direct neighbors: ['node_4', 'node_5', 'node_6', 'node_8', 'node_17', 'node_19', 'node_20', 'node_26', 'node_27', 'node_39', 'node_40']
[ 2026-05-13 18:53:32 | node_5 | INFO ] 🎉 Round 47 of 50 finished.
[ 2026-05-13 18:53:32 | node_30 | INFO ] 🧩 Model added for round 47 (11/11) from ['node_19']
[ 2026-05-13 18:53:32 | node_5 | INFO ] 🗳️ [DETERMINISTIC] Train set assigned (No Voting). Size: 50
[ 2026-05-13 18:53:32 | node_5 | INFO ] ♻️ Proactively processing 8 early models for round 47.
[ 2026-05-13 18:53:32 | node_5 | INFO ] 🧩 Model added for round 47 (1/10) from ['node_34']
[ 2026-05-13 18:53:32 | node_5 | INFO ] 🧩 Model added for round 47 (2/10) from ['node_47']
[ 2026-05-13 18:53:32 | node_5 | INFO ] 🧩 Model added for round 47 (3/10) from ['node_37']
[ 2026-05-13 18:53:32 | node_5 | INFO ] 🧩 Model added for round 47 (4/10) from ['node_46']
[ 2026-05-13 18:53:32 | node_5 | INFO ] 🧩 Model added for round 47 (5/10) from ['node_15']
[ 2026-05-13 18:53:32 | node_5 | INFO ] 🧩 Model added for round 47 (6/10) from ['node_17']
[ 2026-05-13 18:53:32 | node_5 | INFO ] 🧩 Model added for round 47 (7/10) from ['node_28']
[ 2026-05-13 18:53:32 | node_5 | INFO ] 🧩 Model added for round 47 (8/10) from ['node_18']
[ 2026-05-13 18:53:33 | node_5 | INFO ] 🏋️‍♀️ Preparing training...
[ 2026-05-13 18:53:33 | node_5 | INFO ] 🧩 Model added for round 47 (9/10) from ['node_35']
[ 2026-05-13 18:53:33 | node_30 | INFO ] 🧠 Aggregation complete. Setting new model.
[ 2026-05-13 18:53:33 | node_5 | INFO ] 🎓 Training step done.
[ 2026-05-13 18:53:33 | node_5 | INFO ] 🛠️ Calling force_add_local_model...
[ 2026-05-13 18:53:33 | node_5 | INFO ] ✅ [FORCE] Local model added for round 47. (10/10)
[ 2026-05-13 18:53:34 | node_35 | INFO ] 🧩 Model added for round 47 (10/12) from ['node_19']
[ 2026-05-13 18:53:34 | node_6 | INFO ] 🧩 Model added for round 47 (10/10) from ['node_35']
[ 2026-05-13 18:53:34 | node_36 | INFO ] 📤 Sending model to 8 direct neighbors: ['node_2', 'node_11', 'node_12', 'node_15', 'node_27', 'node_32', 'node_34', 'node_43']
[ 2026-05-13 18:53:34 | node_30 | INFO ] 🗣️ Gossiping aggregated model.
[ 2026-05-13 18:53:34 | node_2 | INFO ] 🧩 Model added for round 47 (10/11) from ['node_36']
[ 2026-05-13 18:53:35 | node_6 | INFO ] 🧠 Aggregation complete. Setting new model.
[ 2026-05-13 18:53:35 | node_8 | INFO ] 🧩 Model added for round 47 (6/6) from ['node_35']
[ 2026-05-13 18:53:35 | node_6 | INFO ] 🗣️ Gossiping aggregated model.
[ 2026-05-13 18:53:35 | node_46 | INFO ] 🧩 Model added for round 47 (5/7) from ['node_19']
[ 2026-05-13 18:53:36 | node_17 | INFO ] 🧩 Model added for round 47 (7/9) from ['node_35']
[ 2026-05-13 18:53:37 | node_12 | INFO ] 🧩 Model added for round 47 (9/9) from ['node_36']
[ 2026-05-13 18:53:37 | node_8 | INFO ] 🧠 Aggregation complete. Setting new model.
[ 2026-05-13 18:53:38 | node_8 | INFO ] 🗣️ Gossiping aggregated model.
[ 2026-05-13 18:53:38 | node_19 | INFO ] 🧩 Model added for round 47 (11/12) from ['node_35']
[ 2026-05-13 18:53:38 | node_15 | INFO ] 🧩 Model added for round 47 (4/6) from ['node_36']
[ 2026-05-13 18:53:38 | node_5 | INFO ] 📤 Sending model to 9 direct neighbors: ['node_15', 'node_17', 'node_18', 'node_28', 'node_34', 'node_35', 'node_37', 'node_46', 'node_47']
[ 2026-05-13 18:53:39 | node_15 | INFO ] 🧩 Model added for round 47 (5/6) from ['node_5']
[ 2026-05-13 18:53:39 | node_27 | INFO ] 🧩 Model added for round 47 (8/10) from ['node_36']
[ 2026-05-13 18:53:40 | node_12 | INFO ] 🧠 Aggregation complete. Setting new model.
[ 2026-05-13 18:53:40 | node_20 | INFO ] 🧩 Model added for round 47 (10/11) from ['node_35']
[ 2026-05-13 18:53:40 | node_17 | INFO ] 🧩 Model added for round 47 (8/9) from ['node_5']
[ 2026-05-13 18:53:40 | node_12 | INFO ] 🗣️ Gossiping aggregated model.
[ 2026-05-13 18:53:40 | node_44 | INFO ] ⏹️  Gossiping exited for 50 equal rounds.
[ 2026-05-13 18:53:40 | node_48 | INFO ] ⏹️  Gossiping exited for 50 equal rounds.
[ 2026-05-13 18:53:40 | node_44 | INFO ] 🔬 Evaluating...
[ 2026-05-13 18:53:40 | node_48 | INFO ] 🔬 Evaluating...
[ 2026-05-13 18:53:41 | node_44 | INFO ] 📈 Evaluated. Results: {'test_loss': 0.08371412009000778, 'test_acc': 0.9750000238418579, 'test_precision': 0.978513240814209, 'test_recall': 0.9704872965812683, 'test_f1': 0.9733455777168274, 'communication_cost': 18816980}
[ 2026-05-13 18:53:41 | node_48 | INFO ] 📈 Evaluated. Results: {'test_loss': 0.3028916120529175, 'test_acc': 0.9449999928474426, 'test_precision': 0.9512425065040588, 'test_recall': 0.9465205669403076, 'test_f1': 0.9476320147514343, 'communication_cost': 26343772}
[ 2026-05-13 18:53:41 | node_32 | INFO ] 🧩 Model added for round 47 (7/9) from ['node_36']
[ 2026-05-13 18:53:41 | node_48 | INFO ] 📢 Broadcasting metrics.
[ 2026-05-13 18:53:41 | node_44 | INFO ] 📢 Broadcasting metrics.
[ 2026-05-13 18:53:42 | node_18 | INFO ] 🧩 Model added for round 47 (7/11) from ['node_5']
[ 2026-05-13 18:53:42 | node_26 | INFO ] 🧩 Model added for round 47 (8/8) from ['node_35']
[ 2026-05-13 18:53:42 | node_34 | INFO ] 🧩 Model added for round 47 (6/7) from ['node_36']
[ 2026-05-13 18:53:43 | node_27 | INFO ] 🧩 Model added for round 47 (9/10) from ['node_35']
[ 2026-05-13 18:53:43 | node_44 | INFO ] 🎉 Round 47 of 50 finished.
[ 2026-05-13 18:53:43 | node_44 | INFO ] 🗳️ [DETERMINISTIC] Train set assigned (No Voting). Size: 50
[ 2026-05-13 18:53:43 | node_28 | INFO ] 🧩 Model added for round 47 (5/8) from ['node_5']
[ 2026-05-13 18:53:43 | node_44 | INFO ] ♻️ Proactively processing 5 early models for round 47.
[ 2026-05-13 18:53:43 | node_48 | INFO ] 🎉 Round 47 of 50 finished.
[ 2026-05-13 18:53:43 | node_48 | INFO ] 🗳️ [DETERMINISTIC] Train set assigned (No Voting). Size: 50
[ 2026-05-13 18:53:44 | node_44 | INFO ] 🧩 Model added for round 47 (1/6) from ['node_33']
[ 2026-05-13 18:53:44 | node_48 | INFO ] ♻️ Proactively processing 7 early models for round 47.
[ 2026-05-13 18:53:44 | node_44 | INFO ] 🧩 Model added for round 47 (2/6) from ['node_24']
[ 2026-05-13 18:53:44 | node_43 | INFO ] 🧩 Model added for round 47 (7/9) from ['node_36']
[ 2026-05-13 18:53:44 | node_44 | INFO ] 🧩 Model added for round 47 (3/6) from ['node_2']
[ 2026-05-13 18:53:44 | node_48 | INFO ] 🧩 Model added for round 47 (1/8) from ['node_3']
[ 2026-05-13 18:53:44 | node_44 | INFO ] 🧩 Model added for round 47 (4/6) from ['node_18']
[ 2026-05-13 18:53:44 | node_44 | INFO ] 🧩 Model added for round 47 (5/6) from ['node_32']
[ 2026-05-13 18:53:44 | node_48 | INFO ] 🧩 Model added for round 47 (2/8) from ['node_13']
[ 2026-05-13 18:53:44 | node_48 | INFO ] 🧩 Model added for round 47 (3/8) from ['node_28']
[ 2026-05-13 18:53:44 | node_44 | INFO ] 🏋️‍♀️ Preparing training...
[ 2026-05-13 18:53:44 | node_48 | INFO ] 🧩 Model added for round 47 (4/8) from ['node_18']
[ 2026-05-13 18:53:44 | node_48 | INFO ] 🧩 Model added for round 47 (5/8) from ['node_42']
[ 2026-05-13 18:53:44 | node_48 | INFO ] 🧩 Model added for round 47 (6/8) from ['node_27']
[ 2026-05-13 18:53:44 | node_48 | INFO ] 🧩 Model added for round 47 (7/8) from ['node_29']
[ 2026-05-13 18:53:44 | node_48 | INFO ] 🏋️‍♀️ Preparing training...
[ 2026-05-13 18:53:44 | node_34 | INFO ] 🧩 Model added for round 47 (7/7) from ['node_5']
[ 2026-05-13 18:53:44 | node_39 | INFO ] 🧩 Model added for round 47 (13/13) from ['node_35']
[ 2026-05-13 18:53:44 | node_44 | INFO ] 🎓 Training step done.
[ 2026-05-13 18:53:44 | node_44 | INFO ] 🛠️ Calling force_add_local_model...
[ 2026-05-13 18:53:45 | node_44 | INFO ] ✅ [FORCE] Local model added for round 47. (6/6)
[ 2026-05-13 18:53:45 | node_48 | INFO ] 🎓 Training step done.
[ 2026-05-13 18:53:45 | node_48 | INFO ] 🛠️ Calling force_add_local_model...
[ 2026-05-13 18:53:45 | node_26 | INFO ] 🧠 Aggregation complete. Setting new model.
[ 2026-05-13 18:53:45 | node_48 | INFO ] ✅ [FORCE] Local model added for round 47. (8/8)
[ 2026-05-13 18:53:45 | node_34 | INFO ] 🧠 Aggregation complete. Setting new model.
[ 2026-05-13 18:53:45 | node_39 | INFO ] 🧠 Aggregation complete. Setting new model.
[ 2026-05-13 18:53:46 | node_35 | INFO ] 🧩 Model added for round 47 (11/12) from ['node_5']
[ 2026-05-13 18:53:46 | node_26 | INFO ] 🗣️ Gossiping aggregated model.
[ 2026-05-13 18:53:46 | node_34 | INFO ] 🗣️ Gossiping aggregated model.
[ 2026-05-13 18:53:46 | node_40 | INFO ] 🧩 Model added for round 47 (10/11) from ['node_35']
[ 2026-05-13 18:53:47 | node_39 | INFO ] 🗣️ Gossiping aggregated model.
[ 2026-05-13 18:53:47 | node_37 | INFO ] 🧩 Model added for round 47 (7/8) from ['node_5']
[ 2026-05-13 18:53:49 | node_46 | INFO ] 🧩 Model added for round 47 (6/7) from ['node_5']
[ 2026-05-13 18:53:50 | node_44 | INFO ] 📤 Sending model to 5 direct neighbors: ['node_2', 'node_18', 'node_24', 'node_32', 'node_33']
[ 2026-05-13 18:53:50 | node_47 | INFO ] 🧩 Model added for round 47 (7/7) from ['node_5']
[ 2026-05-13 18:53:50 | node_48 | INFO ] 📤 Sending model to 7 direct neighbors: ['node_3', 'node_13', 'node_18', 'node_27', 'node_28', 'node_29', 'node_42']
[ 2026-05-13 18:53:50 | node_2 | INFO ] 🧩 Model added for round 47 (11/11) from ['node_44']
[ 2026-05-13 18:53:50 | node_3 | INFO ] 🧩 Model added for round 47 (8/9) from ['node_48']
[ 2026-05-13 18:53:50 | node_47 | INFO ] 🧠 Aggregation complete. Setting new model.
[ 2026-05-13 18:53:50 | node_2 | INFO ] 🧠 Aggregation complete. Setting new model.
[ 2026-05-13 18:53:51 | node_47 | INFO ] 🗣️ Gossiping aggregated model.
[ 2026-05-13 18:53:52 | node_2 | INFO ] 🗣️ Gossiping aggregated model.
[ 2026-05-13 18:53:52 | node_18 | INFO ] 🧩 Model added for round 47 (8/11) from ['node_44']
[ 2026-05-13 18:53:52 | node_13 | INFO ] 🧩 Model added for round 47 (14/15) from ['node_48']
[ 2026-05-13 18:53:53 | node_5 | INFO ] 🧠 Aggregation complete. Setting new model.
[ 2026-05-13 18:53:54 | node_24 | INFO ] 🧩 Model added for round 47 (10/10) from ['node_44']
[ 2026-05-13 18:53:54 | node_5 | INFO ] 🗣️ Gossiping aggregated model.
[ 2026-05-13 18:53:54 | node_18 | INFO ] 🧩 Model added for round 47 (9/11) from ['node_48']
[ 2026-05-13 18:53:55 | node_27 | INFO ] 🧩 Model added for round 47 (10/10) from ['node_48']
[ 2026-05-13 18:53:56 | node_32 | INFO ] 🧩 Model added for round 47 (8/9) from ['node_44']
[ 2026-05-13 18:53:57 | node_28 | INFO ] 🧩 Model added for round 47 (6/8) from ['node_48']
[ 2026-05-13 18:53:57 | node_33 | INFO ] 🧩 Model added for round 47 (5/6) from ['node_44']
[ 2026-05-13 18:53:57 | node_24 | INFO ] 🧠 Aggregation complete. Setting new model.
[ 2026-05-13 18:53:57 | node_27 | INFO ] 🧠 Aggregation complete. Setting new model.
[ 2026-05-13 18:53:58 | node_27 | INFO ] 🗣️ Gossiping aggregated model.
[ 2026-05-13 18:53:58 | node_24 | INFO ] 🗣️ Gossiping aggregated model.
[ 2026-05-13 18:53:58 | node_29 | INFO ] 🧩 Model added for round 47 (11/13) from ['node_48']
[ 2026-05-13 18:54:00 | node_42 | INFO ] 🧩 Model added for round 47 (9/9) from ['node_48']
[ 2026-05-13 18:54:03 | node_44 | INFO ] 🧠 Aggregation complete. Setting new model.
[ 2026-05-13 18:54:03 | node_48 | INFO ] 🧠 Aggregation complete. Setting new model.
[ 2026-05-13 18:54:03 | node_42 | INFO ] 🧠 Aggregation complete. Setting new model.
[ 2026-05-13 18:54:03 | node_44 | INFO ] 🗣️ Gossiping aggregated model.
[ 2026-05-13 18:54:04 | node_48 | INFO ] 🗣️ Gossiping aggregated model.
[ 2026-05-13 18:54:04 | node_42 | INFO ] 🗣️ Gossiping aggregated model.
[ 2026-05-13 18:54:10 | node_33 | INFO ] ⏳ Dynamic Patience (iteration 1): Missing nodes still active. Waiting 150s more...
[ 2026-05-13 18:55:10 | node_11 | INFO ] ⏹️  Gossiping exited for 50 equal rounds.
[ 2026-05-13 18:55:10 | node_11 | INFO ] 🔬 Evaluating...
[ 2026-05-13 18:55:11 | node_11 | INFO ] 📈 Evaluated. Results: {'test_loss': 0.12082614749670029, 'test_acc': 0.9700000286102295, 'test_precision': 0.9727349877357483, 'test_recall': 0.9661228060722351, 'test_f1': 0.967928946018219, 'communication_cost': 41397356}
[ 2026-05-13 18:55:11 | node_11 | INFO ] 📢 Broadcasting metrics.
[ 2026-05-13 18:55:15 | node_11 | INFO ] 🎉 Round 47 of 50 finished.
[ 2026-05-13 18:55:15 | node_11 | INFO ] 🗳️ [DETERMINISTIC] Train set assigned (No Voting). Size: 50
[ 2026-05-13 18:55:15 | node_11 | INFO ] ♻️ Proactively processing 10 early models for round 47.
[ 2026-05-13 18:55:15 | node_11 | INFO ] 🧩 Model added for round 47 (1/12) from ['node_3']
[ 2026-05-13 18:55:15 | node_11 | INFO ] 🧩 Model added for round 47 (2/12) from ['node_46']
[ 2026-05-13 18:55:15 | node_11 | INFO ] 🧩 Model added for round 47 (3/12) from ['node_49']
[ 2026-05-13 18:55:15 | node_11 | INFO ] 🧩 Model added for round 47 (4/12) from ['node_43']
[ 2026-05-13 18:55:15 | node_11 | INFO ] 🧩 Model added for round 47 (5/12) from ['node_20']
[ 2026-05-13 18:55:15 | node_11 | INFO ] 🧩 Model added for round 47 (6/12) from ['node']
[ 2026-05-13 18:55:15 | node_11 | INFO ] 🧩 Model added for round 47 (7/12) from ['node_32']
[ 2026-05-13 18:55:15 | node_11 | INFO ] 🧩 Model added for round 47 (8/12) from ['node_40']
[ 2026-05-13 18:55:15 | node_11 | INFO ] 🧩 Model added for round 47 (9/12) from ['node_29']
[ 2026-05-13 18:55:15 | node_11 | INFO ] 🧩 Model added for round 47 (10/12) from ['node_36']
[ 2026-05-13 18:55:15 | node_11 | INFO ] 🏋️‍♀️ Preparing training...
[ 2026-05-13 18:55:15 | node_11 | INFO ] 🎓 Training step done.
[ 2026-05-13 18:55:16 | node_11 | INFO ] 🛠️ Calling force_add_local_model...
[ 2026-05-13 18:55:16 | node_11 | INFO ] ✅ [FORCE] Local model added for round 47. (11/12)
[ 2026-05-13 18:55:19 | node_22 | INFO ] ⏹️  Gossiping exited for 50 equal rounds.
[ 2026-05-13 18:55:19 | node_22 | INFO ] 🔬 Evaluating...
[ 2026-05-13 18:55:19 | node_22 | INFO ] 📈 Evaluated. Results: {'test_loss': 0.11115233600139618, 'test_acc': 0.9700000286102295, 'test_precision': 0.9696046710014343, 'test_recall': 0.9643914699554443, 'test_f1': 0.9665515422821045, 'communication_cost': 18816980}
[ 2026-05-13 18:55:19 | node_22 | INFO ] 📢 Broadcasting metrics.
[ 2026-05-13 18:55:21 | node_11 | INFO ] 📤 Sending model to 11 direct neighbors: ['node', 'node_3', 'node_20', 'node_29', 'node_31', 'node_32', 'node_36', 'node_40', 'node_43', 'node_46', 'node_49']
[ 2026-05-13 18:55:21 | node | INFO ] 🧩 Model added for round 47 (9/10) from ['node_11']
[ 2026-05-13 18:55:21 | node_22 | INFO ] 🎉 Round 48 of 50 finished.
[ 2026-05-13 18:55:21 | node_22 | INFO ] 🗳️ [DETERMINISTIC] Train set assigned (No Voting). Size: 50
[ 2026-05-13 18:55:22 | node_22 | INFO ] 🏋️‍♀️ Preparing training...
[ 2026-05-13 18:55:22 | node_22 | INFO ] 🎓 Training step done.
[ 2026-05-13 18:55:22 | node_22 | INFO ] 🛠️ Calling force_add_local_model...
[ 2026-05-13 18:55:22 | node_3 | INFO ] 🧩 Model added for round 47 (9/9) from ['node_11']
[ 2026-05-13 18:55:22 | node_22 | INFO ] ✅ [FORCE] Local model added for round 48. (1/6)
[ 2026-05-13 18:55:23 | node_3 | INFO ] 🧠 Aggregation complete. Setting new model.
[ 2026-05-13 18:55:24 | node_20 | INFO ] 🧩 Model added for round 47 (11/11) from ['node_11']
[ 2026-05-13 18:55:24 | node_3 | INFO ] 🗣️ Gossiping aggregated model.
[ 2026-05-13 18:55:25 | node_20 | INFO ] 🧠 Aggregation complete. Setting new model.
[ 2026-05-13 18:55:25 | node_29 | INFO ] 🧩 Model added for round 47 (12/13) from ['node_11']
[ 2026-05-13 18:55:26 | node_20 | INFO ] 🗣️ Gossiping aggregated model.
[ 2026-05-13 18:55:27 | node_22 | INFO ] 📤 Sending model to 5 direct neighbors: ['node_2', 'node_18', 'node_24', 'node_30', 'node_47']
[ 2026-05-13 18:55:28 | node_32 | INFO ] 🧩 Model added for round 47 (9/9) from ['node_11']
[ 2026-05-13 18:55:29 | node_36 | INFO ] 🧩 Model added for round 47 (9/9) from ['node_11']
[ 2026-05-13 18:55:30 | node_32 | INFO ] 🧠 Aggregation complete. Setting new model.
[ 2026-05-13 18:55:30 | node_36 | INFO ] 🧠 Aggregation complete. Setting new model.
[ 2026-05-13 18:55:31 | node_32 | INFO ] 🗣️ Gossiping aggregated model.
[ 2026-05-13 18:55:31 | node_40 | INFO ] 🧩 Model added for round 47 (11/11) from ['node_11']
[ 2026-05-13 18:55:31 | node_36 | INFO ] 🗣️ Gossiping aggregated model.
[ 2026-05-13 18:55:33 | node_43 | INFO ] 🧩 Model added for round 47 (8/9) from ['node_11']
[ 2026-05-13 18:55:33 | node_40 | INFO ] 🧠 Aggregation complete. Setting new model.
[ 2026-05-13 18:55:34 | node_46 | INFO ] 🧩 Model added for round 47 (7/7) from ['node_11']
[ 2026-05-13 18:55:34 | node_40 | INFO ] 🗣️ Gossiping aggregated model.
[ 2026-05-13 18:55:36 | node_49 | INFO ] 🧩 Model added for round 47 (8/9) from ['node_11']
[ 2026-05-13 18:55:36 | node_46 | INFO ] 🧠 Aggregation complete. Setting new model.
[ 2026-05-13 18:55:37 | node_46 | INFO ] 🗣️ Gossiping aggregated model.
[ 2026-05-13 18:55:37 | node_38 | INFO ] ⏹️  Gossiping exited for 50 equal rounds.
[ 2026-05-13 18:55:38 | node_38 | INFO ] 🔬 Evaluating...
[ 2026-05-13 18:55:38 | node_38 | INFO ] 📈 Evaluated. Results: {'test_loss': 0.38374394178390503, 'test_acc': 0.9599999785423279, 'test_precision': 0.960961103439331, 'test_recall': 0.961765468120575, 'test_f1': 0.9610198736190796, 'communication_cost': 26343772}
[ 2026-05-13 18:55:39 | node_38 | INFO ] 📢 Broadcasting metrics.
[ 2026-05-13 18:55:41 | node_45 | INFO ] ⏳ Dynamic Patience (iteration 1): Missing nodes still active. Waiting 150s more...
[ 2026-05-13 18:55:41 | node_38 | INFO ] 🎉 Round 48 of 50 finished.
[ 2026-05-13 18:55:41 | node_38 | INFO ] 🗳️ [DETERMINISTIC] Train set assigned (No Voting). Size: 50
[ 2026-05-13 18:55:41 | node_38 | INFO ] 🏋️‍♀️ Preparing training...
[ 2026-05-13 18:55:41 | node_38 | INFO ] 🎓 Training step done.
[ 2026-05-13 18:55:41 | node_38 | INFO ] 🛠️ Calling force_add_local_model...
[ 2026-05-13 18:55:41 | node_38 | INFO ] ✅ [FORCE] Local model added for round 48. (1/8)
[ 2026-05-13 18:55:44 | node_8 | INFO ] ⏹️  Gossiping exited for 50 equal rounds.
[ 2026-05-13 18:55:45 | node_8 | INFO ] 🔬 Evaluating...
[ 2026-05-13 18:55:45 | node_8 | INFO ] 📈 Evaluated. Results: {'test_loss': 0.0882740393280983, 'test_acc': 0.9900000095367432, 'test_precision': 0.9888889789581299, 'test_recall': 0.9900966882705688, 'test_f1': 0.9890382885932922, 'communication_cost': 18816980}
[ 2026-05-13 18:55:45 | node_8 | INFO ] 📢 Broadcasting metrics.
[ 2026-05-13 18:55:46 | node_38 | INFO ] 📤 Sending model to 7 direct neighbors: ['node_2', 'node_6', 'node_10', 'node_28', 'node_33', 'node_34', 'node_37']
[ 2026-05-13 18:55:47 | node_31 | INFO ] ⏹️  Gossiping exited for 50 equal rounds.
[ 2026-05-13 18:55:47 | node_31 | INFO ] 🔬 Evaluating...
[ 2026-05-13 18:55:47 | node_31 | INFO ] 📈 Evaluated. Results: {'test_loss': 0.09809647500514984, 'test_acc': 0.9800000190734863, 'test_precision': 0.9770490527153015, 'test_recall': 0.982404351234436, 'test_f1': 0.9793418645858765, 'communication_cost': 37633960}
[ 2026-05-13 18:55:47 | node_31 | INFO ] 📢 Broadcasting metrics.
[ 2026-05-13 18:55:48 | node_8 | INFO ] 🎉 Round 48 of 50 finished.
[ 2026-05-13 18:55:48 | node_8 | INFO ] 🗳️ [DETERMINISTIC] Train set assigned (No Voting). Size: 50
[ 2026-05-13 18:55:48 | node_8 | INFO ] 🏋️‍♀️ Preparing training...
[ 2026-05-13 18:55:48 | node_37 | INFO ] ⏳ Dynamic Patience (iteration 1): Missing nodes still active. Waiting 150s more...
[ 2026-05-13 18:55:49 | node_8 | INFO ] 🎓 Training step done.
[ 2026-05-13 18:55:49 | node_8 | INFO ] 🛠️ Calling force_add_local_model...
[ 2026-05-13 18:55:49 | node_8 | INFO ] ✅ [FORCE] Local model added for round 48. (1/6)
[ 2026-05-13 18:55:52 | node_14 | INFO ] ⏹️  Gossiping exited for 50 equal rounds.
[ 2026-05-13 18:55:52 | node_23 | INFO ] ⏹️  Gossiping exited for 50 equal rounds.
[ 2026-05-13 18:55:52 | node_14 | INFO ] 🔬 Evaluating...
[ 2026-05-13 18:55:52 | node_23 | INFO ] 🔬 Evaluating...
[ 2026-05-13 18:55:52 | node_31 | INFO ] 🎉 Round 47 of 50 finished.
[ 2026-05-13 18:55:52 | node_14 | INFO ] 📈 Evaluated. Results: {'test_loss': 0.06429555267095566, 'test_acc': 0.9800000190734863, 'test_precision': 0.9814010858535767, 'test_recall': 0.9824293255805969, 'test_f1': 0.9811065793037415, 'communication_cost': 26343772}
[ 2026-05-13 18:55:52 | node_23 | INFO ] 📈 Evaluated. Results: {'test_loss': 0.5115773677825928, 'test_acc': 0.9549999833106995, 'test_precision': 0.9513680934906006, 'test_recall': 0.9596443176269531, 'test_f1': 0.9539211988449097, 'communication_cost': 18816980}
[ 2026-05-13 18:55:52 | node_31 | INFO ] 🗳️ [DETERMINISTIC] Train set assigned (No Voting). Size: 50
[ 2026-05-13 18:55:52 | node_14 | INFO ] 📢 Broadcasting metrics.
[ 2026-05-13 18:55:52 | node_23 | INFO ] 📢 Broadcasting metrics.
[ 2026-05-13 18:55:52 | node_31 | INFO ] ♻️ Proactively processing 9 early models for round 47.
[ 2026-05-13 18:55:53 | node_31 | INFO ] 🧩 Model added for round 47 (1/11) from ['node_41']
[ 2026-05-13 18:55:53 | node_31 | INFO ] 🧩 Model added for round 47 (2/11) from ['node_33']
[ 2026-05-13 18:55:53 | node_31 | INFO ] 🧩 Model added for round 47 (3/11) from ['node_13']
[ 2026-05-13 18:55:53 | node_31 | INFO ] 🧩 Model added for round 47 (4/11) from ['node_28']
[ 2026-05-13 18:55:53 | node_31 | INFO ] 🧩 Model added for round 47 (5/11) from ['node_18']
[ 2026-05-13 18:55:53 | node_31 | INFO ] 🧩 Model added for round 47 (6/11) from ['node_25']
[ 2026-05-13 18:55:53 | node_31 | INFO ] 🧩 Model added for round 47 (7/11) from ['node_29']
[ 2026-05-13 18:55:53 | node_31 | INFO ] 🧩 Model added for round 47 (8/11) from ['node_19']
[ 2026-05-13 18:55:53 | node_31 | INFO ] 🧩 Model added for round 47 (9/11) from ['node_11']
[ 2026-05-13 18:55:53 | node_31 | INFO ] 🏋️‍♀️ Preparing training...
[ 2026-05-13 18:55:53 | node_31 | INFO ] 🎓 Training step done.
[ 2026-05-13 18:55:54 | node_31 | INFO ] 🛠️ Calling force_add_local_model...
[ 2026-05-13 18:55:54 | node_31 | INFO ] ✅ [FORCE] Local model added for round 47. (10/11)
[ 2026-05-13 18:55:54 | node_8 | INFO ] 📤 Sending model to 5 direct neighbors: ['node_9', 'node_14', 'node_24', 'node_32', 'node_35']
[ 2026-05-13 18:55:54 | node_23 | INFO ] 🎉 Round 48 of 50 finished.
[ 2026-05-13 18:55:54 | node_23 | INFO ] 🗳️ [DETERMINISTIC] Train set assigned (No Voting). Size: 50
[ 2026-05-13 18:55:55 | node_23 | INFO ] 🏋️‍♀️ Preparing training...
[ 2026-05-13 18:55:55 | node_9 | INFO ] ⏹️  Gossiping exited for 50 equal rounds.
[ 2026-05-13 18:55:55 | node_23 | INFO ] 🎓 Training step done.
[ 2026-05-13 18:55:55 | node_23 | INFO ] 🛠️ Calling force_add_local_model...
[ 2026-05-13 18:55:55 | node_9 | INFO ] 🔬 Evaluating...
[ 2026-05-13 18:55:55 | node_23 | INFO ] ✅ [FORCE] Local model added for round 48. (1/6)
[ 2026-05-13 18:55:56 | node_14 | INFO ] 🎉 Round 48 of 50 finished.
[ 2026-05-13 18:55:56 | node_9 | INFO ] 📈 Evaluated. Results: {'test_loss': 0.18028350174427032, 'test_acc': 0.9649999737739563, 'test_precision': 0.9616135954856873, 'test_recall': 0.9641720652580261, 'test_f1': 0.962354302406311, 'communication_cost': 30107168}
[ 2026-05-13 18:55:56 | node_14 | INFO ] 🗳️ [DETERMINISTIC] Train set assigned (No Voting). Size: 50
[ 2026-05-13 18:55:56 | node_9 | INFO ] 📢 Broadcasting metrics.
[ 2026-05-13 18:55:56 | node_14 | INFO ] ♻️ Proactively processing 1 early models for round 48.
[ 2026-05-13 18:55:56 | node_14 | INFO ] 🧩 Model added for round 48 (1/8) from ['node_8']
[ 2026-05-13 18:55:56 | node_14 | INFO ] 🏋️‍♀️ Preparing training...
[ 2026-05-13 18:55:57 | node_14 | INFO ] 🎓 Training step done.
[ 2026-05-13 18:55:57 | node_14 | INFO ] 🛠️ Calling force_add_local_model...
[ 2026-05-13 18:55:57 | node_14 | INFO ] ✅ [FORCE] Local model added for round 48. (2/8)
[ 2026-05-13 18:55:59 | node_31 | INFO ] 📤 Sending model to 10 direct neighbors: ['node_4', 'node_11', 'node_13', 'node_18', 'node_19', 'node_25', 'node_28', 'node_29', 'node_33', 'node_41']
[ 2026-05-13 18:55:59 | node_9 | INFO ] 🎉 Round 48 of 50 finished.
[ 2026-05-13 18:55:59 | node_9 | INFO ] 🗳️ [DETERMINISTIC] Train set assigned (No Voting). Size: 50
[ 2026-05-13 18:55:59 | node_9 | INFO ] ♻️ Proactively processing 1 early models for round 48.
[ 2026-05-13 18:56:00 | node_9 | INFO ] 🧩 Model added for round 48 (1/9) from ['node_8']
[ 2026-05-13 18:56:00 | node_11 | INFO ] 🧩 Model added for round 47 (12/12) from ['node_31']
[ 2026-05-13 18:56:00 | node_9 | INFO ] 🏋️‍♀️ Preparing training...
[ 2026-05-13 18:56:00 | node_9 | INFO ] 🎓 Training step done.
[ 2026-05-13 18:56:00 | node_9 | INFO ] 🛠️ Calling force_add_local_model...
[ 2026-05-13 18:56:00 | node_9 | INFO ] ✅ [FORCE] Local model added for round 48. (2/9)
[ 2026-05-13 18:56:00 | node_11 | INFO ] 🧠 Aggregation complete. Setting new model.
[ 2026-05-13 18:56:01 | node_23 | INFO ] 📤 Sending model to 5 direct neighbors: ['node_7', 'node_10', 'node_25', 'node_30', 'node_39']
[ 2026-05-13 18:56:01 | node_4 | INFO ] ⏹️  Gossiping exited for 50 equal rounds.
[ 2026-05-13 18:56:01 | node_4 | INFO ] 🔬 Evaluating...
[ 2026-05-13 18:56:01 | node_11 | INFO ] 🗣️ Gossiping aggregated model.
[ 2026-05-13 18:56:01 | node_41 | INFO ] ⏳ Dynamic Patience (iteration 2): Missing nodes still active. Waiting 150s more...
[ 2026-05-13 18:56:01 | node_13 | INFO ] 🧩 Model added for round 47 (15/15) from ['node_31']
[ 2026-05-13 18:56:02 | node_4 | INFO ] 📈 Evaluated. Results: {'test_loss': 0.20314161479473114, 'test_acc': 0.9599999785423279, 'test_precision': 0.9582642912864685, 'test_recall': 0.9632325172424316, 'test_f1': 0.9597181677818298, 'communication_cost': 56450940}
[ 2026-05-13 18:56:02 | node_14 | INFO ] 📤 Sending model to 7 direct neighbors: ['node', 'node_3', 'node_8', 'node_29', 'node_39', 'node_41', 'node_42']
[ 2026-05-13 18:56:02 | node_4 | INFO ] 📢 Broadcasting metrics.
[ 2026-05-13 18:56:04 | node_18 | INFO ] 🧩 Model added for round 47 (10/11) from ['node_31']
[ 2026-05-13 18:56:05 | node_8 | INFO ] 🧩 Model added for round 48 (2/6) from ['node_14']
[ 2026-05-13 18:56:05 | node_13 | INFO ] 🧠 Aggregation complete. Setting new model.
[ 2026-05-13 18:56:05 | node_9 | INFO ] 📤 Sending model to 8 direct neighbors: ['node_8', 'node_10', 'node_13', 'node_24', 'node_30', 'node_33', 'node_34', 'node_40']
[ 2026-05-13 18:56:06 | node_8 | INFO ] 🧩 Model added for round 48 (3/6) from ['node_9']
[ 2026-05-13 18:56:06 | node_19 | INFO ] 🧩 Model added for round 47 (12/12) from ['node_31']
[ 2026-05-13 18:56:06 | node_13 | INFO ] 🗣️ Gossiping aggregated model.
[ 2026-05-13 18:56:08 | node_15 | INFO ] ⏳ Dynamic Patience (iteration 1): Missing nodes still active. Waiting 150s more...
[ 2026-05-13 18:56:08 | node_25 | INFO ] 🧩 Model added for round 47 (9/9) from ['node_31']
[ 2026-05-13 18:56:08 | node_4 | INFO ] 🎉 Round 47 of 50 finished.
[ 2026-05-13 18:56:09 | node_4 | INFO ] 🗳️ [DETERMINISTIC] Train set assigned (No Voting). Size: 50
[ 2026-05-13 18:56:09 | node_19 | INFO ] 🧠 Aggregation complete. Setting new model.
[ 2026-05-13 18:56:09 | node_25 | INFO ] 🧠 Aggregation complete. Setting new model.
[ 2026-05-13 18:56:09 | node_4 | INFO ] ♻️ Proactively processing 15 early models for round 47.
[ 2026-05-13 18:56:09 | node_4 | INFO ] 🧩 Model added for round 47 (1/16) from ['node_45']
[ 2026-05-13 18:56:09 | node_4 | INFO ] 🧩 Model added for round 47 (2/16) from ['node_37']
[ 2026-05-13 18:56:09 | node_4 | INFO ] 🧩 Model added for round 47 (3/16) from ['node_49']
[ 2026-05-13 18:56:09 | node_4 | INFO ] 🧩 Model added for round 47 (4/16) from ['node_16']
[ 2026-05-13 18:56:09 | node_4 | INFO ] 🧩 Model added for round 47 (5/16) from ['node_43']
[ 2026-05-13 18:56:09 | node_4 | INFO ] 🧩 Model added for round 47 (6/16) from ['node_15']
[ 2026-05-13 18:56:09 | node_4 | INFO ] 🧩 Model added for round 47 (7/16) from ['node_17']
[ 2026-05-13 18:56:09 | node_4 | INFO ] 🧩 Model added for round 47 (8/16) from ['node_7']
[ 2026-05-13 18:56:09 | node_4 | INFO ] 🧩 Model added for round 47 (9/16) from ['node_28']
[ 2026-05-13 18:56:09 | node_4 | INFO ] 🧩 Model added for round 47 (10/16) from ['node_1']
[ 2026-05-13 18:56:09 | node_4 | INFO ] 🧩 Model added for round 47 (11/16) from ['node_18']
[ 2026-05-13 18:56:09 | node_4 | INFO ] 🧩 Model added for round 47 (12/16) from ['node']
[ 2026-05-13 18:56:09 | node_25 | INFO ] 🗣️ Gossiping aggregated model.
[ 2026-05-13 18:56:09 | node_4 | INFO ] 🧩 Model added for round 47 (13/16) from ['node_10']
[ 2026-05-13 18:56:09 | node_4 | INFO ] 🧩 Model added for round 47 (14/16) from ['node_35']
[ 2026-05-13 18:56:09 | node_4 | INFO ] 🧩 Model added for round 47 (15/16) from ['node_31']
[ 2026-05-13 18:56:09 | node_4 | INFO ] 🏋️‍♀️ Preparing training...
[ 2026-05-13 18:56:10 | node_49 | INFO ] ⏳ Dynamic Patience (iteration 1): Missing nodes still active. Waiting 150s more...
[ 2026-05-13 18:56:10 | node_19 | INFO ] 🗣️ Gossiping aggregated model.
[ 2026-05-13 18:56:10 | node_16 | INFO ] ⏳ Dynamic Patience (iteration 1): Missing nodes still active. Waiting 150s more...
[ 2026-05-13 18:56:10 | node_4 | INFO ] 🎓 Training step done.
[ 2026-05-13 18:56:10 | node_28 | INFO ] 🧩 Model added for round 47 (7/8) from ['node_31']
[ 2026-05-13 18:56:10 | node_4 | INFO ] 🛠️ Calling force_add_local_model...
[ 2026-05-13 18:56:10 | node_4 | INFO ] ✅ [FORCE] Local model added for round 47. (16/16)
[ 2026-05-13 18:56:12 | node_29 | INFO ] 🧩 Model added for round 47 (13/13) from ['node_31']
[ 2026-05-13 18:56:12 | node_43 | INFO ] ⏳ Dynamic Patience (iteration 1): Missing nodes still active. Waiting 150s more...
[ 2026-05-13 18:56:12 | node_29 | INFO ] 🧠 Aggregation complete. Setting new model.
[ 2026-05-13 18:56:13 | node_33 | INFO ] 🧩 Model added for round 47 (6/6) from ['node_31']
[ 2026-05-13 18:56:14 | node_6 | INFO ] ⏹️  Gossiping exited for 50 equal rounds.
[ 2026-05-13 18:56:14 | node_6 | INFO ] 🔬 Evaluating...
[ 2026-05-13 18:56:14 | node_29 | INFO ] 🗣️ Gossiping aggregated model.
[ 2026-05-13 18:56:14 | node_17 | INFO ] ⏳ Dynamic Patience (iteration 1): Missing nodes still active. Waiting 150s more...
[ 2026-05-13 18:56:14 | node_6 | INFO ] 📈 Evaluated. Results: {'test_loss': 0.16601039469242096, 'test_acc': 0.9750000238418579, 'test_precision': 0.9757354259490967, 'test_recall': 0.9756770133972168, 'test_f1': 0.9754512310028076, 'communication_cost': 33870564}
[ 2026-05-13 18:56:15 | node_41 | INFO ] 🧩 Model added for round 47 (5/5) from ['node_31']
[ 2026-05-13 18:56:15 | node_6 | INFO ] 📢 Broadcasting metrics.
[ 2026-05-13 18:56:15 | node_4 | INFO ] 📤 Sending model to 15 direct neighbors: ['node', 'node_1', 'node_7', 'node_10', 'node_15', 'node_16', 'node_17', 'node_18', 'node_28', 'node_31', 'node_35', 'node_37', 'node_43', 'node_45', 'node_49']
[ 2026-05-13 18:56:16 | node | INFO ] 🧩 Model added for round 47 (10/10) from ['node_4']
[ 2026-05-13 18:56:16 | node_33 | INFO ] 🧠 Aggregation complete. Setting new model.
[ 2026-05-13 18:56:16 | node_41 | INFO ] 🧠 Aggregation complete. Setting new model.
[ 2026-05-13 18:56:16 | node | INFO ] 🧠 Aggregation complete. Setting new model.
[ 2026-05-13 18:56:16 | node_34 | INFO ] ⏹️  Gossiping exited for 50 equal rounds.
[ 2026-05-13 18:56:17 | node_34 | INFO ] 🔬 Evaluating...
[ 2026-05-13 18:56:17 | node_30 | INFO ] ⏹️  Gossiping exited for 50 equal rounds.
[ 2026-05-13 18:56:17 | node_30 | INFO ] 🔬 Evaluating...
[ 2026-05-13 18:56:17 | node_41 | INFO ] 🗣️ Gossiping aggregated model.
[ 2026-05-13 18:56:17 | node_34 | INFO ] 📈 Evaluated. Results: {'test_loss': 0.2715316116809845, 'test_acc': 0.9700000286102295, 'test_precision': 0.9731708765029907, 'test_recall': 0.9690319299697876, 'test_f1': 0.9701969623565674, 'communication_cost': 22580376}
[ 2026-05-13 18:56:17 | node_33 | INFO ] 🗣️ Gossiping aggregated model.
[ 2026-05-13 18:56:17 | node | INFO ] 🗣️ Gossiping aggregated model.
[ 2026-05-13 18:56:17 | node_34 | INFO ] 📢 Broadcasting metrics.
[ 2026-05-13 18:56:17 | node_30 | INFO ] 📈 Evaluated. Results: {'test_loss': 0.22718429565429688, 'test_acc': 0.9599999785423279, 'test_precision': 0.964430034160614, 'test_recall': 0.9585757255554199, 'test_f1': 0.9598468542098999, 'communication_cost': 37633960}
[ 2026-05-13 18:56:18 | node_30 | INFO ] 📢 Broadcasting metrics.
[ 2026-05-13 18:56:18 | node_1 | INFO ] 🧩 Model added for round 47 (5/5) from ['node_4']
[ 2026-05-13 18:56:18 | node_6 | INFO ] 🎉 Round 48 of 50 finished.
[ 2026-05-13 18:56:18 | node_6 | INFO ] 🗳️ [DETERMINISTIC] Train set assigned (No Voting). Size: 50
[ 2026-05-13 18:56:18 | node_6 | INFO ] ♻️ Proactively processing 1 early models for round 48.
[ 2026-05-13 18:56:18 | node_6 | INFO ] 🧩 Model added for round 48 (1/10) from ['node_38']
[ 2026-05-13 18:56:19 | node_6 | INFO ] 🏋️‍♀️ Preparing training...
[ 2026-05-13 18:56:19 | node_7 | INFO ] 🧩 Model added for round 47 (8/8) from ['node_4']
[ 2026-05-13 18:56:19 | node_6 | INFO ] 🎓 Training step done.
[ 2026-05-13 18:56:19 | node_6 | INFO ] 🛠️ Calling force_add_local_model...
[ 2026-05-13 18:56:19 | node_6 | INFO ] ✅ [FORCE] Local model added for round 48. (2/10)
[ 2026-05-13 18:56:20 | node_1 | INFO ] 🧠 Aggregation complete. Setting new model.
[ 2026-05-13 18:56:20 | node_1 | INFO ] 🗣️ Gossiping aggregated model.
[ 2026-05-13 18:56:21 | node_7 | INFO ] 🧠 Aggregation complete. Setting new model.
[ 2026-05-13 18:56:21 | node_34 | INFO ] 🎉 Round 48 of 50 finished.
[ 2026-05-13 18:56:21 | node_34 | INFO ] 🗳️ [DETERMINISTIC] Train set assigned (No Voting). Size: 50
[ 2026-05-13 18:56:21 | node_34 | INFO ] ♻️ Proactively processing 2 early models for round 48.
[ 2026-05-13 18:56:21 | node_34 | INFO ] 🧩 Model added for round 48 (1/7) from ['node_38']
[ 2026-05-13 18:56:21 | node_10 | INFO ] 🧩 Model added for round 47 (7/7) from ['node_4']
[ 2026-05-13 18:56:21 | node_34 | INFO ] 🧩 Model added for round 48 (2/7) from ['node_9']
[ 2026-05-13 18:56:21 | node_34 | INFO ] 🏋️‍♀️ Preparing training...
[ 2026-05-13 18:56:22 | node_10 | INFO ] 🧠 Aggregation complete. Setting new model.
[ 2026-05-13 18:56:22 | node_7 | INFO ] 🗣️ Gossiping aggregated model.
[ 2026-05-13 18:56:22 | node_34 | INFO ] 🎓 Training step done.
[ 2026-05-13 18:56:22 | node_34 | INFO ] 🛠️ Calling force_add_local_model...
[ 2026-05-13 18:56:22 | node_34 | INFO ] ✅ [FORCE] Local model added for round 48. (3/7)
[ 2026-05-13 18:56:22 | node_15 | INFO ] 🧩 Model added for round 47 (6/6) from ['node_4']
[ 2026-05-13 18:56:23 | node_10 | INFO ] 🗣️ Gossiping aggregated model.
[ 2026-05-13 18:56:23 | node_15 | INFO ] 🧠 Aggregation complete. Setting new model.
[ 2026-05-13 18:56:24 | node_15 | INFO ] 🗣️ Gossiping aggregated model.
[ 2026-05-13 18:56:24 | node_12 | INFO ] ⏹️  Gossiping exited for 50 equal rounds.
[ 2026-05-13 18:56:24 | node_30 | INFO ] 🎉 Round 48 of 50 finished.
[ 2026-05-13 18:56:24 | node_12 | INFO ] 🔬 Evaluating...
[ 2026-05-13 18:56:24 | node_30 | INFO ] 🗳️ [DETERMINISTIC] Train set assigned (No Voting). Size: 50
[ 2026-05-13 18:56:24 | node_47 | INFO ] ⏹️  Gossiping exited for 50 equal rounds.
[ 2026-05-13 18:56:24 | node_30 | INFO ] ♻️ Proactively processing 3 early models for round 48.
[ 2026-05-13 18:56:24 | node_16 | INFO ] 🧩 Model added for round 47 (6/6) from ['node_4']
[ 2026-05-13 18:56:24 | node_30 | INFO ] 🧩 Model added for round 48 (1/11) from ['node_22']
[ 2026-05-13 18:56:24 | node_47 | INFO ] 🔬 Evaluating...
[ 2026-05-13 18:56:24 | node_30 | INFO ] 🧩 Model added for round 48 (2/11) from ['node_23']
[ 2026-05-13 18:56:24 | node_30 | INFO ] 🧩 Model added for round 48 (3/11) from ['node_9']
[ 2026-05-13 18:56:24 | node_30 | INFO ] 🏋️‍♀️ Preparing training...
[ 2026-05-13 18:56:24 | node_12 | INFO ] 📈 Evaluated. Results: {'test_loss': 0.16597561538219452, 'test_acc': 0.9750000238418579, 'test_precision': 0.9777324199676514, 'test_recall': 0.9733334183692932, 'test_f1': 0.9747692346572876, 'communication_cost': 30107168}
[ 2026-05-13 18:56:25 | node_6 | INFO ] 📤 Sending model to 9 direct neighbors: ['node_10', 'node_19', 'node_21', 'node_25', 'node_30', 'node_35', 'node_38', 'node_39', 'node_43']
[ 2026-05-13 18:56:25 | node_47 | INFO ] 📈 Evaluated. Results: {'test_loss': 0.05731812119483948, 'test_acc': 0.9750000238418579, 'test_precision': 0.9754167199134827, 'test_recall': 0.9732843041419983, 'test_f1': 0.9738974571228027, 'communication_cost': 22580376}
[ 2026-05-13 18:56:25 | node_12 | INFO ] 📢 Broadcasting metrics.
[ 2026-05-13 18:56:25 | node_30 | INFO ] 🎓 Training step done.
[ 2026-05-13 18:56:25 | node_17 | INFO ] 🧩 Model added for round 47 (9/9) from ['node_4']
[ 2026-05-13 18:56:25 | node_47 | INFO ] 📢 Broadcasting metrics.
[ 2026-05-13 18:56:25 | node_30 | INFO ] 🛠️ Calling force_add_local_model...
[ 2026-05-13 18:56:25 | node_30 | INFO ] ✅ [FORCE] Local model added for round 48. (4/11)
[ 2026-05-13 18:56:25 | node_39 | INFO ] ⏹️  Gossiping exited for 50 equal rounds.
[ 2026-05-13 18:56:25 | node_16 | INFO ] 🧠 Aggregation complete. Setting new model.
[ 2026-05-13 18:56:26 | node_39 | INFO ] 🔬 Evaluating...
[ 2026-05-13 18:56:26 | node_28 | INFO ] ⏳ Dynamic Patience (iteration 1): Missing nodes still active. Waiting 150s more...
[ 2026-05-13 18:56:26 | node_39 | INFO ] 📈 Evaluated. Results: {'test_loss': 0.012100134044885635, 'test_acc': 0.9950000047683716, 'test_precision': 0.9964286684989929, 'test_recall': 0.9950001239776611, 'test_f1': 0.9956178069114685, 'communication_cost': 45160752}
[ 2026-05-13 18:56:26 | node_16 | INFO ] 🗣️ Gossiping aggregated model.
[ 2026-05-13 18:56:26 | node_39 | INFO ] 📢 Broadcasting metrics.
[ 2026-05-13 18:56:26 | node_18 | INFO ] 🧩 Model added for round 47 (11/11) from ['node_4']
[ 2026-05-13 18:56:27 | node_26 | INFO ] ⏹️  Gossiping exited for 50 equal rounds.
[ 2026-05-13 18:56:27 | node_26 | INFO ] 🔬 Evaluating...
[ 2026-05-13 18:56:27 | node_17 | INFO ] 🧠 Aggregation complete. Setting new model.
[ 2026-05-13 18:56:27 | node_34 | INFO ] 📤 Sending model to 6 direct neighbors: ['node_5', 'node_9', 'node_12', 'node_13', 'node_36', 'node_38']
[ 2026-05-13 18:56:27 | node_26 | INFO ] 📈 Evaluated. Results: {'test_loss': 0.10478562116622925, 'test_acc': 0.9800000190734863, 'test_precision': 0.9804272651672363, 'test_recall': 0.9788295030593872, 'test_f1': 0.9791174530982971, 'communication_cost': 26343772}
[ 2026-05-13 18:56:28 | node_26 | INFO ] 📢 Broadcasting metrics.
[ 2026-05-13 18:56:28 | node_47 | INFO ] 🎉 Round 48 of 50 finished.
[ 2026-05-13 18:56:28 | node_47 | INFO ] 🗳️ [DETERMINISTIC] Train set assigned (No Voting). Size: 50
[ 2026-05-13 18:56:28 | node_47 | INFO ] ♻️ Proactively processing 1 early models for round 48.
[ 2026-05-13 18:56:28 | node_30 | INFO ] 🧩 Model added for round 48 (5/11) from ['node_6']
[ 2026-05-13 18:56:28 | node_47 | INFO ] 🧩 Model added for round 48 (1/7) from ['node_22']
[ 2026-05-13 18:56:28 | node_17 | INFO ] 🗣️ Gossiping aggregated model.
[ 2026-05-13 18:56:28 | node_47 | INFO ] 🏋️‍♀️ Preparing training...
[ 2026-05-13 18:56:29 | node_12 | INFO ] 🎉 Round 48 of 50 finished.
[ 2026-05-13 18:56:29 | node_28 | INFO ] 🧩 Model added for round 47 (8/8) from ['node_4']
[ 2026-05-13 18:56:29 | node_12 | INFO ] 🗳️ [DETERMINISTIC] Train set assigned (No Voting). Size: 50
[ 2026-05-13 18:56:29 | node_9 | INFO ] 🧩 Model added for round 48 (3/9) from ['node_34']
[ 2026-05-13 18:56:29 | node_47 | INFO ] 🎓 Training step done.
[ 2026-05-13 18:56:29 | node_47 | INFO ] 🛠️ Calling force_add_local_model...
[ 2026-05-13 18:56:29 | node_12 | INFO ] 🏋️‍♀️ Preparing training...
[ 2026-05-13 18:56:29 | node_47 | INFO ] ✅ [FORCE] Local model added for round 48. (2/7)
[ 2026-05-13 18:56:29 | node_27 | INFO ] ⏹️  Gossiping exited for 50 equal rounds.
[ 2026-05-13 18:56:30 | node_12 | INFO ] 🎓 Training step done.
[ 2026-05-13 18:56:30 | node_12 | INFO ] 🛠️ Calling force_add_local_model...
[ 2026-05-13 18:56:30 | node_27 | INFO ] 🔬 Evaluating...
[ 2026-05-13 18:56:30 | node_12 | INFO ] ✅ [FORCE] Local model added for round 48. (1/9)
[ 2026-05-13 18:56:30 | node_28 | INFO ] 🧠 Aggregation complete. Setting new model.
[ 2026-05-13 18:56:30 | node_27 | INFO ] 📈 Evaluated. Results: {'test_loss': 0.1012100875377655, 'test_acc': 0.9700000286102295, 'test_precision': 0.9690887928009033, 'test_recall': 0.9678075313568115, 'test_f1': 0.9674243927001953, 'communication_cost': 33870564}
[ 2026-05-13 18:56:30 | node_18 | INFO ] 🧠 Aggregation complete. Setting new model.
[ 2026-05-13 18:56:30 | node_31 | INFO ] 🧩 Model added for round 47 (11/11) from ['node_4']
[ 2026-05-13 18:56:30 | node_27 | INFO ] 📢 Broadcasting metrics.
[ 2026-05-13 18:56:30 | node_30 | INFO ] 📤 Sending model to 10 direct neighbors: ['node_6', 'node_9', 'node_12', 'node_13', 'node_19', 'node_20', 'node_22', 'node_23', 'node_27', 'node_45']
[ 2026-05-13 18:56:30 | node_38 | INFO ] 🧩 Model added for round 48 (2/8) from ['node_6']
[ 2026-05-13 18:56:30 | node_12 | INFO ] 🧩 Model added for round 48 (2/9) from ['node_34']
[ 2026-05-13 18:56:31 | node_26 | INFO ] 🎉 Round 48 of 50 finished.
[ 2026-05-13 18:56:31 | node_26 | INFO ] 🗳️ [DETERMINISTIC] Train set assigned (No Voting). Size: 50
[ 2026-05-13 18:56:31 | node_6 | INFO ] 🧩 Model added for round 48 (3/10) from ['node_30']
[ 2026-05-13 18:56:31 | node_31 | INFO ] 🧠 Aggregation complete. Setting new model.
[ 2026-05-13 18:56:31 | node_26 | INFO ] 🏋️‍♀️ Preparing training...
[ 2026-05-13 18:56:31 | node_28 | INFO ] 🗣️ Gossiping aggregated model.
[ 2026-05-13 18:56:31 | node_18 | INFO ] 🗣️ Gossiping aggregated model.
[ 2026-05-13 18:56:32 | node_26 | INFO ] 🎓 Training step done.
[ 2026-05-13 18:56:32 | node_26 | INFO ] 🛠️ Calling force_add_local_model...
[ 2026-05-13 18:56:32 | node_26 | INFO ] ✅ [FORCE] Local model added for round 48. (1/8)
[ 2026-05-13 18:56:32 | node_39 | INFO ] 🎉 Round 48 of 50 finished.
[ 2026-05-13 18:56:32 | node_2 | INFO ] ⏹️  Gossiping exited for 50 equal rounds.
[ 2026-05-13 18:56:32 | node_35 | INFO ] 🧩 Model added for round 47 (12/12) from ['node_4']
[ 2026-05-13 18:56:32 | node_39 | INFO ] 🗳️ [DETERMINISTIC] Train set assigned (No Voting). Size: 50
[ 2026-05-13 18:56:32 | node_2 | INFO ] 🔬 Evaluating...
[ 2026-05-13 18:56:33 | node_9 | INFO ] 🧩 Model added for round 48 (4/9) from ['node_30']
[ 2026-05-13 18:56:33 | node_39 | INFO ] ♻️ Proactively processing 3 early models for round 48.
[ 2026-05-13 18:56:33 | node_39 | INFO ] 🧩 Model added for round 48 (1/13) from ['node_23']
[ 2026-05-13 18:56:33 | node_39 | INFO ] 🧩 Model added for round 48 (2/13) from ['node_14']
[ 2026-05-13 18:56:33 | node_39 | INFO ] 🧩 Model added for round 48 (3/13) from ['node_6']
[ 2026-05-13 18:56:33 | node_2 | INFO ] 📈 Evaluated. Results: {'test_loss': 0.10443034023046494, 'test_acc': 0.9800000190734863, 'test_precision': 0.9821429252624512, 'test_recall': 0.9823585748672485, 'test_f1': 0.9817825555801392, 'communication_cost': 37633960}
[ 2026-05-13 18:56:33 | node_39 | INFO ] 🏋️‍♀️ Preparing training...
[ 2026-05-13 18:56:33 | node_31 | INFO ] 🗣️ Gossiping aggregated model.
[ 2026-05-13 18:56:33 | node_2 | INFO ] 📢 Broadcasting metrics.
[ 2026-05-13 18:56:33 | node_48 | INFO ] 🤫 Gossip finished.
[ 2026-05-13 18:56:33 | node_38 | INFO ] 🧩 Model added for round 48 (3/8) from ['node_34']
[ 2026-05-13 18:56:33 | node_35 | INFO ] 🧠 Aggregation complete. Setting new model.
[ 2026-05-13 18:56:33 | node_48 | INFO ] 🔬 Evaluating...
[ 2026-05-13 18:56:34 | node_39 | INFO ] 🎓 Training step done.
[ 2026-05-13 18:56:34 | node_48 | INFO ] 📈 Evaluated. Results: {'test_loss': 0.2796308994293213, 'test_acc': 0.9549999833106995, 'test_precision': 0.9615947604179382, 'test_recall': 0.954853892326355, 'test_f1': 0.956855297088623, 'communication_cost': 26343772}
[ 2026-05-13 18:56:34 | node_39 | INFO ] 🛠️ Calling force_add_local_model...
[ 2026-05-13 18:56:34 | node_39 | INFO ] ✅ [FORCE] Local model added for round 48. (4/13)
[ 2026-05-13 18:56:34 | node_48 | INFO ] 📢 Broadcasting metrics.
[ 2026-05-13 18:56:34 | node_47 | INFO ] 📤 Sending model to 6 direct neighbors: ['node_3', 'node_5', 'node_21', 'node_22', 'node_37', 'node_40']
[ 2026-05-13 18:56:34 | node_12 | INFO ] 🧩 Model added for round 48 (3/9) from ['node_30']
[ 2026-05-13 18:56:34 | node_37 | INFO ] 🧩 Model added for round 47 (8/8) from ['node_4']
[ 2026-05-13 18:56:35 | node_35 | INFO ] 🗣️ Gossiping aggregated model.
[ 2026-05-13 18:56:35 | node_12 | INFO ] 📤 Sending model to 8 direct neighbors: ['node_1', 'node_13', 'node_19', 'node_27', 'node_30', 'node_34', 'node_36', 'node_49']
[ 2026-05-13 18:56:36 | node_27 | INFO ] 🎉 Round 48 of 50 finished.
[ 2026-05-13 18:56:36 | node_27 | INFO ] 🗳️ [DETERMINISTIC] Train set assigned (No Voting). Size: 50
[ 2026-05-13 18:56:36 | node_22 | INFO ] 🧩 Model added for round 48 (2/6) from ['node_47']
[ 2026-05-13 18:56:36 | node_37 | INFO ] 🧠 Aggregation complete. Setting new model.
[ 2026-05-13 18:56:36 | node_43 | INFO ] 🧩 Model added for round 47 (9/9) from ['node_4']
[ 2026-05-13 18:56:36 | node_27 | INFO ] 🏋️‍♀️ Preparing training...
[ 2026-05-13 18:56:37 | node_27 | INFO ] 🧩 Model added for round 48 (1/10) from ['node_12']
[ 2026-05-13 18:56:37 | node_27 | INFO ] 🎓 Training step done.
[ 2026-05-13 18:56:37 | node_27 | INFO ] 🛠️ Calling force_add_local_model...
[ 2026-05-13 18:56:37 | node_27 | INFO ] ✅ [FORCE] Local model added for round 48. (2/10)
[ 2026-05-13 18:56:37 | node_37 | INFO ] 🗣️ Gossiping aggregated model.
[ 2026-05-13 18:56:37 | node_26 | INFO ] 📤 Sending model to 7 direct neighbors: ['node_2', 'node_19', 'node_28', 'node_35', 'node_37', 'node_40', 'node_45']
[ 2026-05-13 18:56:37 | node_43 | INFO ] 🧠 Aggregation complete. Setting new model.
[ 2026-05-13 18:56:37 | node_22 | INFO ] 🧩 Model added for round 48 (3/6) from ['node_30']
[ 2026-05-13 18:56:38 | node_45 | INFO ] 🧩 Model added for round 47 (6/6) from ['node_4']
[ 2026-05-13 18:56:38 | node_48 | INFO ] 🎉 Round 48 of 50 finished.
[ 2026-05-13 18:56:38 | node_48 | INFO ] 🗳️ [DETERMINISTIC] Train set assigned (No Voting). Size: 50
[ 2026-05-13 18:56:39 | node_30 | INFO ] 🧩 Model added for round 48 (6/11) from ['node_12']
[ 2026-05-13 18:56:39 | node_48 | INFO ] 🏋️‍♀️ Preparing training...
[ 2026-05-13 18:56:39 | node_44 | INFO ] ⏹️  Gossiping exited for 50 equal rounds.
[ 2026-05-13 18:56:39 | node_39 | INFO ] 📤 Sending model to 12 direct neighbors: ['node_2', 'node_3', 'node_6', 'node_7', 'node_14', 'node_16', 'node_21', 'node_23', 'node_24', 'node_32', 'node_35', 'node_40']
[ 2026-05-13 18:56:39 | node_45 | INFO ] 🧠 Aggregation complete. Setting new model.
[ 2026-05-13 18:56:39 | node_44 | INFO ] 🔬 Evaluating...
[ 2026-05-13 18:56:39 | node_23 | INFO ] 🧩 Model added for round 48 (2/6) from ['node_30']
[ 2026-05-13 18:56:39 | node_43 | INFO ] 🗣️ Gossiping aggregated model.
[ 2026-05-13 18:56:39 | node_48 | INFO ] 🎓 Training step done.
[ 2026-05-13 18:56:40 | node_48 | INFO ] 🛠️ Calling force_add_local_model...
[ 2026-05-13 18:56:40 | node_2 | INFO ] 🎉 Round 48 of 50 finished.
[ 2026-05-13 18:56:40 | node_44 | INFO ] 📈 Evaluated. Results: {'test_loss': 0.14140550792217255, 'test_acc': 0.9700000286102295, 'test_precision': 0.9694805145263672, 'test_recall': 0.9650260210037231, 'test_f1': 0.9661067724227905, 'communication_cost': 18816980}
[ 2026-05-13 18:56:40 | node_48 | INFO ] ✅ [FORCE] Local model added for round 48. (1/8)
[ 2026-05-13 18:56:40 | node_2 | INFO ] 🗳️ [DETERMINISTIC] Train set assigned (No Voting). Size: 50
[ 2026-05-13 18:56:40 | node_44 | INFO ] 📢 Broadcasting metrics.
[ 2026-05-13 18:56:40 | node_49 | INFO ] 🧩 Model added for round 47 (9/9) from ['node_4']
[ 2026-05-13 18:56:40 | node_2 | INFO ] ♻️ Proactively processing 4 early models for round 48.
[ 2026-05-13 18:56:40 | node_2 | INFO ] 🧩 Model added for round 48 (1/11) from ['node_22']
[ 2026-05-13 18:56:40 | node_2 | INFO ] 🧩 Model added for round 48 (2/11) from ['node_38']
[ 2026-05-13 18:56:40 | node_2 | INFO ] 🧩 Model added for round 48 (3/11) from ['node_26']
[ 2026-05-13 18:56:40 | node_45 | INFO ] 🗣️ Gossiping aggregated model.
[ 2026-05-13 18:56:40 | node_2 | INFO ] 🧩 Model added for round 48 (4/11) from ['node_39']
[ 2026-05-13 18:56:40 | node_2 | INFO ] 🏋️‍♀️ Preparing training...
[ 2026-05-13 18:56:40 | node_6 | INFO ] 🧩 Model added for round 48 (4/10) from ['node_39']
[ 2026-05-13 18:56:41 | node_27 | INFO ] 🧩 Model added for round 48 (3/10) from ['node_30']
[ 2026-05-13 18:56:41 | node_49 | INFO ] 🧠 Aggregation complete. Setting new model.
[ 2026-05-13 18:56:41 | node_2 | INFO ] 🎓 Training step done.
[ 2026-05-13 18:56:41 | node_34 | INFO ] 🧩 Model added for round 48 (4/7) from ['node_12']
[ 2026-05-13 18:56:41 | node_2 | INFO ] 🛠️ Calling force_add_local_model...
[ 2026-05-13 18:56:41 | node_2 | INFO ] ✅ [FORCE] Local model added for round 48. (5/11)
[ 2026-05-13 18:56:42 | node_49 | INFO ] 🗣️ Gossiping aggregated model.
[ 2026-05-13 18:56:42 | node_27 | INFO ] 📤 Sending model to 9 direct neighbors: ['node_7', 'node_12', 'node_18', 'node_19', 'node_20', 'node_30', 'node_35', 'node_36', 'node_48']
[ 2026-05-13 18:56:42 | node_44 | INFO ] 🎉 Round 48 of 50 finished.
[ 2026-05-13 18:56:42 | node_44 | INFO ] 🗳️ [DETERMINISTIC] Train set assigned (No Voting). Size: 50
[ 2026-05-13 18:56:43 | node_44 | INFO ] 🏋️‍♀️ Preparing training...
[ 2026-05-13 18:56:43 | node_14 | INFO ] 🧩 Model added for round 48 (3/8) from ['node_39']
[ 2026-05-13 18:56:43 | node_44 | INFO ] 🎓 Training step done.
[ 2026-05-13 18:56:43 | node_12 | INFO ] 🧩 Model added for round 48 (4/9) from ['node_27']
[ 2026-05-13 18:56:44 | node_44 | INFO ] 🛠️ Calling force_add_local_model...
[ 2026-05-13 18:56:44 | node_44 | INFO ] ✅ [FORCE] Local model added for round 48. (1/6)
[ 2026-05-13 18:56:44 | node_4 | INFO ] 🧠 Aggregation complete. Setting new model.
[ 2026-05-13 18:56:45 | node_23 | INFO ] 🧩 Model added for round 48 (3/6) from ['node_39']
[ 2026-05-13 18:56:45 | node_48 | INFO ] 📤 Sending model to 7 direct neighbors: ['node_3', 'node_13', 'node_18', 'node_27', 'node_28', 'node_29', 'node_42']
[ 2026-05-13 18:56:46 | node_17 | INFO ] 🤫 Gossip finished.
[ 2026-05-13 18:56:46 | node_17 | INFO ] 🔬 Evaluating...
[ 2026-05-13 18:56:46 | node_17 | INFO ] 📈 Evaluated. Results: {'test_loss': 0.1363602578639984, 'test_acc': 0.9700000286102295, 'test_precision': 0.970163881778717, 'test_recall': 0.9702517986297607, 'test_f1': 0.9692010283470154, 'communication_cost': 30107168}
[ 2026-05-13 18:56:46 | node_30 | INFO ] 🧩 Model added for round 48 (7/11) from ['node_27']
[ 2026-05-13 18:56:46 | node_2 | INFO ] 📤 Sending model to 10 direct neighbors: ['node_13', 'node_17', 'node_22', 'node_24', 'node_25', 'node_26', 'node_36', 'node_38', 'node_39', 'node_44']
[ 2026-05-13 18:56:46 | node_17 | INFO ] 📢 Broadcasting metrics.
[ 2026-05-13 18:56:46 | node_4 | INFO ] 🗣️ Gossiping aggregated model.
[ 2026-05-13 18:56:46 | node_27 | INFO ] 🧩 Model added for round 48 (4/10) from ['node_48']
[ 2026-05-13 18:56:47 | node_22 | INFO ] 🧩 Model added for round 48 (4/6) from ['node_2']
[ 2026-05-13 18:56:49 | node_48 | INFO ] 🧩 Model added for round 48 (2/8) from ['node_27']
[ 2026-05-13 18:56:49 | node_44 | INFO ] 📤 Sending model to 5 direct neighbors: ['node_2', 'node_18', 'node_24', 'node_32', 'node_33']
[ 2026-05-13 18:56:49 | node_2 | INFO ] 🧩 Model added for round 48 (6/11) from ['node_44']
[ 2026-05-13 18:56:49 | node_26 | INFO ] 🧩 Model added for round 48 (2/8) from ['node_2']
[ 2026-05-13 18:56:49 | node_24 | INFO ] ⏹️  Gossiping exited for 50 equal rounds.
[ 2026-05-13 18:56:49 | node_42 | INFO ] ⏹️  Gossiping exited for 50 equal rounds.
[ 2026-05-13 18:56:50 | node_42 | INFO ] 🔬 Evaluating...
[ 2026-05-13 18:56:50 | node_24 | INFO ] 🔬 Evaluating...
[ 2026-05-13 18:56:50 | node_42 | INFO ] 📈 Evaluated. Results: {'test_loss': 0.26919034123420715, 'test_acc': 0.9649999737739563, 'test_precision': 0.963819146156311, 'test_recall': 0.9624777436256409, 'test_f1': 0.962735116481781, 'communication_cost': 30107168}
[ 2026-05-13 18:56:50 | node_24 | INFO ] 📈 Evaluated. Results: {'test_loss': 0.24208709597587585, 'test_acc': 0.9700000286102295, 'test_precision': 0.966480016708374, 'test_recall': 0.9718719720840454, 'test_f1': 0.9686546325683594, 'communication_cost': 33870564}
[ 2026-05-13 18:56:50 | node_24 | INFO ] 📢 Broadcasting metrics.
[ 2026-05-13 18:56:50 | node_42 | INFO ] 📢 Broadcasting metrics.
[ 2026-05-13 18:56:50 | node_17 | INFO ] 🎉 Round 48 of 50 finished.
[ 2026-05-13 18:56:50 | node_17 | INFO ] 🗳️ [DETERMINISTIC] Train set assigned (No Voting). Size: 50
[ 2026-05-13 18:56:50 | node_17 | INFO ] ♻️ Proactively processing 1 early models for round 48.
[ 2026-05-13 18:56:50 | node_17 | INFO ] 🧩 Model added for round 48 (1/9) from ['node_2']
[ 2026-05-13 18:56:51 | node_17 | INFO ] 🏋️‍♀️ Preparing training...
[ 2026-05-13 18:56:51 | node_38 | INFO ] 🧩 Model added for round 48 (4/8) from ['node_2']
[ 2026-05-13 18:56:51 | node_17 | INFO ] 🎓 Training step done.
[ 2026-05-13 18:56:51 | node_17 | INFO ] 🛠️ Calling force_add_local_model...
[ 2026-05-13 18:56:51 | node_17 | INFO ] ✅ [FORCE] Local model added for round 48. (2/9)
[ 2026-05-13 18:56:52 | node_39 | INFO ] 🧩 Model added for round 48 (5/13) from ['node_2']
[ 2026-05-13 18:56:54 | node_44 | INFO ] 🧩 Model added for round 48 (2/6) from ['node_2']
[ 2026-05-13 18:56:54 | node_42 | INFO ] 🎉 Round 48 of 50 finished.
[ 2026-05-13 18:56:54 | node_42 | INFO ] 🗳️ [DETERMINISTIC] Train set assigned (No Voting). Size: 50
[ 2026-05-13 18:56:54 | node_42 | INFO ] ♻️ Proactively processing 2 early models for round 48.
[ 2026-05-13 18:56:54 | node_42 | INFO ] 🧩 Model added for round 48 (1/9) from ['node_14']
[ 2026-05-13 18:56:54 | node_42 | INFO ] 🧩 Model added for round 48 (2/9) from ['node_48']
[ 2026-05-13 18:56:54 | node_42 | INFO ] 🏋️‍♀️ Preparing training...
[ 2026-05-13 18:56:54 | node_24 | INFO ] 🎉 Round 48 of 50 finished.
[ 2026-05-13 18:56:54 | node_24 | INFO ] 🗳️ [DETERMINISTIC] Train set assigned (No Voting). Size: 50
[ 2026-05-13 18:56:54 | node_24 | INFO ] ♻️ Proactively processing 6 early models for round 48.
[ 2026-05-13 18:56:54 | node_24 | INFO ] 🧩 Model added for round 48 (1/10) from ['node_22']
[ 2026-05-13 18:56:54 | node_24 | INFO ] 🧩 Model added for round 48 (2/10) from ['node_8']
[ 2026-05-13 18:56:54 | node_42 | INFO ] 🎓 Training step done.
[ 2026-05-13 18:56:54 | node_42 | INFO ] 🛠️ Calling force_add_local_model...
[ 2026-05-13 18:56:54 | node_24 | INFO ] 🧩 Model added for round 48 (3/10) from ['node_9']
[ 2026-05-13 18:56:54 | node_24 | INFO ] 🧩 Model added for round 48 (4/10) from ['node_39']
[ 2026-05-13 18:56:54 | node_42 | INFO ] ✅ [FORCE] Local model added for round 48. (3/9)
[ 2026-05-13 18:56:55 | node_24 | INFO ] 🧩 Model added for round 48 (5/10) from ['node_2']
[ 2026-05-13 18:56:55 | node_24 | INFO ] 🧩 Model added for round 48 (6/10) from ['node_44']
[ 2026-05-13 18:56:55 | node_24 | INFO ] 🏋️‍♀️ Preparing training...
[ 2026-05-13 18:56:55 | node_24 | INFO ] 🎓 Training step done.
[ 2026-05-13 18:56:55 | node_24 | INFO ] 🛠️ Calling force_add_local_model...
[ 2026-05-13 18:56:55 | node_24 | INFO ] ✅ [FORCE] Local model added for round 48. (7/10)
[ 2026-05-13 18:56:56 | node_17 | INFO ] 📤 Sending model to 8 direct neighbors: ['node_2', 'node_4', 'node_5', 'node_19', 'node_20', 'node_29', 'node_35', 'node_43']
[ 2026-05-13 18:56:57 | node_2 | INFO ] 🧩 Model added for round 48 (7/11) from ['node_17']
[ 2026-05-13 18:57:00 | node_42 | INFO ] 📤 Sending model to 8 direct neighbors: ['node_14', 'node_15', 'node_16', 'node_25', 'node_29', 'node_45', 'node_48', 'node_49']
[ 2026-05-13 18:57:00 | node_14 | INFO ] 🧩 Model added for round 48 (4/8) from ['node_42']
[ 2026-05-13 18:57:00 | node_24 | INFO ] 📤 Sending model to 9 direct neighbors: ['node_2', 'node_8', 'node_9', 'node_19', 'node_22', 'node_33', 'node_39', 'node_41', 'node_44']
[ 2026-05-13 18:57:01 | node_2 | INFO ] 🧩 Model added for round 48 (8/11) from ['node_24']
[ 2026-05-13 18:57:02 | node_8 | INFO ] 🧩 Model added for round 48 (4/6) from ['node_24']
[ 2026-05-13 18:57:03 | node_9 | INFO ] 🧩 Model added for round 48 (5/9) from ['node_24']
[ 2026-05-13 18:57:03 | node_48 | INFO ] 🧩 Model added for round 48 (3/8) from ['node_42']
[ 2026-05-13 18:57:05 | node_22 | INFO ] 🧩 Model added for round 48 (5/6) from ['node_24']
[ 2026-05-13 18:57:06 | node_39 | INFO ] 🧩 Model added for round 48 (6/13) from ['node_24']
[ 2026-05-13 18:57:08 | node_44 | INFO ] 🧩 Model added for round 48 (3/6) from ['node_24']
[ 2026-05-13 18:57:22 | node_32 | INFO ] ⏹️  Gossiping exited for 50 equal rounds.
[ 2026-05-13 18:57:22 | node_32 | INFO ] 🔬 Evaluating...
[ 2026-05-13 18:57:23 | node_32 | INFO ] 📈 Evaluated. Results: {'test_loss': 0.19980642199516296, 'test_acc': 0.9649999737739563, 'test_precision': 0.9649417400360107, 'test_recall': 0.9685119390487671, 'test_f1': 0.9651231169700623, 'communication_cost': 30107168}
[ 2026-05-13 18:57:23 | node_32 | INFO ] 📢 Broadcasting metrics.
[ 2026-05-13 18:57:26 | node_32 | INFO ] 🎉 Round 48 of 50 finished.
[ 2026-05-13 18:57:26 | node_32 | INFO ] 🗳️ [DETERMINISTIC] Train set assigned (No Voting). Size: 50
[ 2026-05-13 18:57:27 | node_32 | INFO ] ♻️ Proactively processing 3 early models for round 48.
[ 2026-05-13 18:57:27 | node_32 | INFO ] 🧩 Model added for round 48 (1/9) from ['node_8']
[ 2026-05-13 18:57:27 | node_32 | INFO ] 🧩 Model added for round 48 (2/9) from ['node_39']
[ 2026-05-13 18:57:27 | node_32 | INFO ] 🧩 Model added for round 48 (3/9) from ['node_44']
[ 2026-05-13 18:57:27 | node_32 | INFO ] 🏋️‍♀️ Preparing training...
[ 2026-05-13 18:57:27 | node_32 | INFO ] 🎓 Training step done.
[ 2026-05-13 18:57:27 | node_32 | INFO ] 🛠️ Calling force_add_local_model...
[ 2026-05-13 18:57:27 | node_32 | INFO ] ✅ [FORCE] Local model added for round 48. (4/9)
[ 2026-05-13 18:57:32 | node_32 | INFO ] 📤 Sending model to 8 direct neighbors: ['node_3', 'node_8', 'node_11', 'node_29', 'node_36', 'node_39', 'node_41', 'node_44']
[ 2026-05-13 18:57:33 | node_8 | INFO ] 🧩 Model added for round 48 (5/6) from ['node_32']
[ 2026-05-13 18:57:35 | node_39 | INFO ] 🧩 Model added for round 48 (7/13) from ['node_32']
[ 2026-05-13 18:57:37 | node_44 | INFO ] 🧩 Model added for round 48 (4/6) from ['node_32']
[ 2026-05-13 18:57:43 | node_20 | INFO ] ⏹️  Gossiping exited for 50 equal rounds.
[ 2026-05-13 18:57:44 | node_20 | INFO ] 🔬 Evaluating...
[ 2026-05-13 18:57:44 | node_20 | INFO ] 📈 Evaluated. Results: {'test_loss': 0.27429550886154175, 'test_acc': 0.9549999833106995, 'test_precision': 0.9562604427337646, 'test_recall': 0.9486707448959351, 'test_f1': 0.9517092108726501, 'communication_cost': 37633960}
[ 2026-05-13 18:57:44 | node_20 | INFO ] 📢 Broadcasting metrics.
[ 2026-05-13 18:57:47 | node_46 | INFO ] ⏹️  Gossiping exited for 50 equal rounds.
[ 2026-05-13 18:57:47 | node_46 | INFO ] 🔬 Evaluating...
[ 2026-05-13 18:57:48 | node_46 | INFO ] 📈 Evaluated. Results: {'test_loss': 0.23485048115253448, 'test_acc': 0.949999988079071, 'test_precision': 0.9527356624603271, 'test_recall': 0.9530114531517029, 'test_f1': 0.9506679773330688, 'communication_cost': 22580376}
[ 2026-05-13 18:57:48 | node_46 | INFO ] 📢 Broadcasting metrics.
[ 2026-05-13 18:57:49 | node_20 | INFO ] 🎉 Round 48 of 50 finished.
[ 2026-05-13 18:57:49 | node_20 | INFO ] 🗳️ [DETERMINISTIC] Train set assigned (No Voting). Size: 50
[ 2026-05-13 18:57:49 | node_20 | INFO ] ♻️ Proactively processing 3 early models for round 48.
[ 2026-05-13 18:57:49 | node_20 | INFO ] 🧩 Model added for round 48 (1/11) from ['node_30']
[ 2026-05-13 18:57:49 | node_20 | INFO ] 🧩 Model added for round 48 (2/11) from ['node_27']
[ 2026-05-13 18:57:49 | node_36 | INFO ] ⏹️  Gossiping exited for 50 equal rounds.
[ 2026-05-13 18:57:49 | node_20 | INFO ] 🧩 Model added for round 48 (3/11) from ['node_17']
[ 2026-05-13 18:57:49 | node_20 | INFO ] 🏋️‍♀️ Preparing training...
[ 2026-05-13 18:57:50 | node_36 | INFO ] 🔬 Evaluating...
[ 2026-05-13 18:57:50 | node_15 | INFO ] ⏹️  Gossiping exited for 50 equal rounds.
[ 2026-05-13 18:57:50 | node_36 | INFO ] 📈 Evaluated. Results: {'test_loss': 0.23862609267234802, 'test_acc': 0.9649999737739563, 'test_precision': 0.9588868021965027, 'test_recall': 0.9669307470321655, 'test_f1': 0.9618227481842041, 'communication_cost': 30107168}
[ 2026-05-13 18:57:50 | node_15 | INFO ] 🔬 Evaluating...
[ 2026-05-13 18:57:50 | node_36 | INFO ] 📢 Broadcasting metrics.
[ 2026-05-13 18:57:50 | node_20 | INFO ] 🎓 Training step done.
[ 2026-05-13 18:57:50 | node_20 | INFO ] 🛠️ Calling force_add_local_model...
[ 2026-05-13 18:57:50 | node_20 | INFO ] ✅ [FORCE] Local model added for round 48. (4/11)
[ 2026-05-13 18:57:50 | node_46 | INFO ] 🎉 Round 48 of 50 finished.
[ 2026-05-13 18:57:50 | node_15 | INFO ] 📈 Evaluated. Results: {'test_loss': 0.11866163462400436, 'test_acc': 0.9750000238418579, 'test_precision': 0.974770188331604, 'test_recall': 0.9750000834465027, 'test_f1': 0.9741356372833252, 'communication_cost': 18816980}
[ 2026-05-13 18:57:50 | node_46 | INFO ] 🗳️ [DETERMINISTIC] Train set assigned (No Voting). Size: 50
[ 2026-05-13 18:57:50 | node_15 | INFO ] 📢 Broadcasting metrics.
[ 2026-05-13 18:57:50 | node_46 | INFO ] 🏋️‍♀️ Preparing training...
[ 2026-05-13 18:57:51 | node_1 | INFO ] ⏹️  Gossiping exited for 50 equal rounds.
[ 2026-05-13 18:57:51 | node_46 | INFO ] 🎓 Training step done.
[ 2026-05-13 18:57:51 | node_46 | INFO ] 🛠️ Calling force_add_local_model...
[ 2026-05-13 18:57:51 | node_1 | INFO ] 🔬 Evaluating...
[ 2026-05-13 18:57:51 | node_46 | INFO ] ✅ [FORCE] Local model added for round 48. (1/7)
[ 2026-05-13 18:57:51 | node_1 | INFO ] 📈 Evaluated. Results: {'test_loss': 0.19580698013305664, 'test_acc': 0.9750000238418579, 'test_precision': 0.9773051738739014, 'test_recall': 0.9789941906929016, 'test_f1': 0.9776079654693604, 'communication_cost': 15053584}
[ 2026-05-13 18:57:52 | node_1 | INFO ] 📢 Broadcasting metrics.
[ 2026-05-13 18:57:53 | node_15 | INFO ] 🎉 Round 48 of 50 finished.
[ 2026-05-13 18:57:53 | node_15 | INFO ] 🗳️ [DETERMINISTIC] Train set assigned (No Voting). Size: 50
[ 2026-05-13 18:57:53 | node_15 | INFO ] ♻️ Proactively processing 1 early models for round 48.
[ 2026-05-13 18:57:53 | node_15 | INFO ] 🧩 Model added for round 48 (1/6) from ['node_42']
[ 2026-05-13 18:57:53 | node_15 | INFO ] 🏋️‍♀️ Preparing training...
[ 2026-05-13 18:57:53 | node_33 | INFO ] ⏹️  Gossiping exited for 50 equal rounds.
[ 2026-05-13 18:57:53 | node_1 | INFO ] 🎉 Round 48 of 50 finished.
[ 2026-05-13 18:57:53 | node_1 | INFO ] 🗳️ [DETERMINISTIC] Train set assigned (No Voting). Size: 50
[ 2026-05-13 18:57:53 | node_33 | INFO ] 🔬 Evaluating...
[ 2026-05-13 18:57:53 | node_1 | INFO ] ♻️ Proactively processing 1 early models for round 48.
[ 2026-05-13 18:57:53 | node_1 | INFO ] 🧩 Model added for round 48 (1/5) from ['node_12']
[ 2026-05-13 18:57:53 | node_1 | INFO ] 🏋️‍♀️ Preparing training...
[ 2026-05-13 18:57:53 | node_33 | INFO ] 📈 Evaluated. Results: {'test_loss': 0.37386494874954224, 'test_acc': 0.9449999928474426, 'test_precision': 0.9481803774833679, 'test_recall': 0.9433755278587341, 'test_f1': 0.9448224902153015, 'communication_cost': 18816980}
[ 2026-05-13 18:57:53 | node_15 | INFO ] 🎓 Training step done.
[ 2026-05-13 18:57:53 | node_33 | INFO ] 📢 Broadcasting metrics.
[ 2026-05-13 18:57:53 | node_15 | INFO ] 🛠️ Calling force_add_local_model...
[ 2026-05-13 18:57:53 | node_36 | INFO ] 🎉 Round 48 of 50 finished.
[ 2026-05-13 18:57:53 | node_15 | INFO ] ✅ [FORCE] Local model added for round 48. (2/6)
[ 2026-05-13 18:57:54 | node_36 | INFO ] 🗳️ [DETERMINISTIC] Train set assigned (No Voting). Size: 50
[ 2026-05-13 18:57:54 | node_1 | INFO ] 🎓 Training step done.
[ 2026-05-13 18:57:54 | node_36 | INFO ] ♻️ Proactively processing 5 early models for round 48.
[ 2026-05-13 18:57:54 | node_1 | INFO ] 🛠️ Calling force_add_local_model...
[ 2026-05-13 18:57:54 | node_36 | INFO ] 🧩 Model added for round 48 (1/9) from ['node_34']
[ 2026-05-13 18:57:54 | node_1 | INFO ] ✅ [FORCE] Local model added for round 48. (2/5)
[ 2026-05-13 18:57:54 | node_36 | INFO ] 🧩 Model added for round 48 (2/9) from ['node_12']
[ 2026-05-13 18:57:54 | node_36 | INFO ] 🧩 Model added for round 48 (3/9) from ['node_27']
[ 2026-05-13 18:57:54 | node_36 | INFO ] 🧩 Model added for round 48 (4/9) from ['node_2']
[ 2026-05-13 18:57:54 | node_36 | INFO ] 🧩 Model added for round 48 (5/9) from ['node_32']
[ 2026-05-13 18:57:55 | node_36 | INFO ] 🏋️‍♀️ Preparing training...
[ 2026-05-13 18:57:55 | node_36 | INFO ] 🎓 Training step done.
[ 2026-05-13 18:57:55 | node_36 | INFO ] 🛠️ Calling force_add_local_model...
[ 2026-05-13 18:57:55 | node_20 | INFO ] 📤 Sending model to 10 direct neighbors: ['node_7', 'node_11', 'node_13', 'node_17', 'node_27', 'node_30', 'node_35', 'node_40', 'node_46', 'node_49']
[ 2026-05-13 18:57:55 | node_36 | INFO ] ✅ [FORCE] Local model added for round 48. (6/9)
[ 2026-05-13 18:57:56 | node_33 | INFO ] 🎉 Round 48 of 50 finished.
[ 2026-05-13 18:57:56 | node_33 | INFO ] 🗳️ [DETERMINISTIC] Train set assigned (No Voting). Size: 50
[ 2026-05-13 18:57:56 | node_33 | INFO ] ♻️ Proactively processing 4 early models for round 48.
[ 2026-05-13 18:57:56 | node_33 | INFO ] 🧩 Model added for round 48 (1/6) from ['node_38']
[ 2026-05-13 18:57:56 | node_33 | INFO ] 🧩 Model added for round 48 (2/6) from ['node_9']
[ 2026-05-13 18:57:56 | node_33 | INFO ] 🧩 Model added for round 48 (3/6) from ['node_44']
[ 2026-05-13 18:57:56 | node_33 | INFO ] 🧩 Model added for round 48 (4/6) from ['node_24']
[ 2026-05-13 18:57:56 | node_31 | INFO ] ⏹️  Gossiping exited for 50 equal rounds.
[ 2026-05-13 18:57:56 | node_33 | INFO ] 🏋️‍♀️ Preparing training...
[ 2026-05-13 18:57:56 | node_17 | INFO ] 🧩 Model added for round 48 (3/9) from ['node_20']
[ 2026-05-13 18:57:56 | node_46 | INFO ] 📤 Sending model to 6 direct neighbors: ['node_5', 'node_11', 'node_13', 'node_19', 'node_20', 'node_21']
[ 2026-05-13 18:57:56 | node_31 | INFO ] 🔬 Evaluating...
[ 2026-05-13 18:57:57 | node_31 | INFO ] 📈 Evaluated. Results: {'test_loss': 0.08325257897377014, 'test_acc': 0.9750000238418579, 'test_precision': 0.9725967645645142, 'test_recall': 0.9761543869972229, 'test_f1': 0.974135160446167, 'communication_cost': 37633960}
[ 2026-05-13 18:57:57 | node_33 | INFO ] 🎓 Training step done.
[ 2026-05-13 18:57:57 | node_31 | INFO ] 📢 Broadcasting metrics.
[ 2026-05-13 18:57:57 | node_33 | INFO ] 🛠️ Calling force_add_local_model...
[ 2026-05-13 18:57:57 | node_33 | INFO ] ✅ [FORCE] Local model added for round 48. (5/6)
[ 2026-05-13 18:57:57 | node_3 | INFO ] ⏹️  Gossiping exited for 50 equal rounds.
[ 2026-05-13 18:57:58 | node_27 | INFO ] 🧩 Model added for round 48 (5/10) from ['node_20']
[ 2026-05-13 18:57:58 | node_3 | INFO ] 🔬 Evaluating...
[ 2026-05-13 18:57:58 | node_3 | INFO ] 📈 Evaluated. Results: {'test_loss': 0.18362632393836975, 'test_acc': 0.9750000238418579, 'test_precision': 0.9785016775131226, 'test_recall': 0.974506676197052, 'test_f1': 0.9758727550506592, 'communication_cost': 30107168}
[ 2026-05-13 18:57:58 | node_3 | INFO ] 📢 Broadcasting metrics.
[ 2026-05-13 18:57:58 | node_20 | INFO ] 🧩 Model added for round 48 (5/11) from ['node_46']
[ 2026-05-13 18:57:59 | node_15 | INFO ] 📤 Sending model to 5 direct neighbors: ['node_4', 'node_5', 'node_29', 'node_36', 'node_42']
[ 2026-05-13 18:57:59 | node_30 | INFO ] 🧩 Model added for round 48 (8/11) from ['node_20']
[ 2026-05-13 18:57:59 | node_1 | INFO ] 📤 Sending model to 4 direct neighbors: ['node_3', 'node_4', 'node_12', 'node_18']
[ 2026-05-13 18:58:00 | node_36 | INFO ] 🧩 Model added for round 48 (7/9) from ['node_15']
[ 2026-05-13 18:58:00 | node_12 | INFO ] 🧩 Model added for round 48 (5/9) from ['node_1']
[ 2026-05-13 18:58:00 | node_36 | INFO ] 📤 Sending model to 8 direct neighbors: ['node_2', 'node_11', 'node_12', 'node_15', 'node_27', 'node_32', 'node_34', 'node_43']
[ 2026-05-13 18:58:01 | node_2 | INFO ] 🧩 Model added for round 48 (9/11) from ['node_36']
[ 2026-05-13 18:58:01 | node_42 | INFO ] 🧩 Model added for round 48 (4/9) from ['node_15']
[ 2026-05-13 18:58:01 | node_46 | INFO ] 🧩 Model added for round 48 (2/7) from ['node_20']
[ 2026-05-13 18:58:02 | node_31 | INFO ] 🎉 Round 48 of 50 finished.
[ 2026-05-13 18:58:02 | node_31 | INFO ] 🗳️ [DETERMINISTIC] Train set assigned (No Voting). Size: 50
[ 2026-05-13 18:58:02 | node_3 | INFO ] 🎉 Round 48 of 50 finished.
[ 2026-05-13 18:58:02 | node_33 | INFO ] 📤 Sending model to 5 direct neighbors: ['node_9', 'node_24', 'node_31', 'node_38', 'node_44']
[ 2026-05-13 18:58:02 | node_3 | INFO ] 🗳️ [DETERMINISTIC] Train set assigned (No Voting). Size: 50
[ 2026-05-13 18:58:02 | node_31 | INFO ] 🏋️‍♀️ Preparing training...
[ 2026-05-13 18:58:02 | node_3 | INFO ] ♻️ Proactively processing 6 early models for round 48.
[ 2026-05-13 18:58:02 | node_3 | INFO ] 🧩 Model added for round 48 (1/9) from ['node_14']
[ 2026-05-13 18:58:02 | node_3 | INFO ] 🧩 Model added for round 48 (2/9) from ['node_47']
[ 2026-05-13 18:58:02 | node_9 | INFO ] 🧩 Model added for round 48 (6/9) from ['node_33']
[ 2026-05-13 18:58:02 | node_3 | INFO ] 🧩 Model added for round 48 (3/9) from ['node_39']
[ 2026-05-13 18:58:02 | node_3 | INFO ] 🧩 Model added for round 48 (4/9) from ['node_48']
[ 2026-05-13 18:58:02 | node_3 | INFO ] 🧩 Model added for round 48 (5/9) from ['node_32']
[ 2026-05-13 18:58:02 | node_3 | INFO ] 🧩 Model added for round 48 (6/9) from ['node_1']
[ 2026-05-13 18:58:02 | node_3 | INFO ] 🏋️‍♀️ Preparing training...
[ 2026-05-13 18:58:02 | node_31 | INFO ] 🎓 Training step done.
[ 2026-05-13 18:58:03 | node_31 | INFO ] 🛠️ Calling force_add_local_model...
[ 2026-05-13 18:58:03 | node_45 | INFO ] ⏹️  Gossiping exited for 50 equal rounds.
[ 2026-05-13 18:58:03 | node_31 | INFO ] ✅ [FORCE] Local model added for round 48. (1/11)
[ 2026-05-13 18:58:03 | node_45 | INFO ] 🔬 Evaluating...
[ 2026-05-13 18:58:03 | node_3 | INFO ] 🎓 Training step done.
[ 2026-05-13 18:58:03 | node_12 | INFO ] 🧩 Model added for round 48 (6/9) from ['node_36']
[ 2026-05-13 18:58:03 | node_3 | INFO ] 🛠️ Calling force_add_local_model...
[ 2026-05-13 18:58:03 | node_45 | INFO ] 📈 Evaluated. Results: {'test_loss': 0.3888629674911499, 'test_acc': 0.9549999833106995, 'test_precision': 0.955668568611145, 'test_recall': 0.9587887525558472, 'test_f1': 0.9558254480361938, 'communication_cost': 18816980}
[ 2026-05-13 18:58:03 | node_3 | INFO ] ✅ [FORCE] Local model added for round 48. (7/9)
[ 2026-05-13 18:58:03 | node_45 | INFO ] 📢 Broadcasting metrics.
[ 2026-05-13 18:58:03 | node_24 | INFO ] 🧩 Model added for round 48 (8/10) from ['node_33']
[ 2026-05-13 18:58:04 | node_15 | INFO ] 🧩 Model added for round 48 (3/6) from ['node_36']
[ 2026-05-13 18:58:05 | node_31 | INFO ] 🧩 Model added for round 48 (2/11) from ['node_33']
[ 2026-05-13 18:58:06 | node_27 | INFO ] 🧩 Model added for round 48 (6/10) from ['node_36']
[ 2026-05-13 18:58:06 | node_45 | INFO ] 🎉 Round 48 of 50 finished.
[ 2026-05-13 18:58:06 | node_45 | INFO ] 🗳️ [DETERMINISTIC] Train set assigned (No Voting). Size: 50
[ 2026-05-13 18:58:06 | node_45 | INFO ] ♻️ Proactively processing 3 early models for round 48.
[ 2026-05-13 18:58:06 | node_45 | INFO ] 🧩 Model added for round 48 (1/6) from ['node_26']
[ 2026-05-13 18:58:06 | node_45 | INFO ] 🧩 Model added for round 48 (2/6) from ['node_30']
[ 2026-05-13 18:58:06 | node_45 | INFO ] 🧩 Model added for round 48 (3/6) from ['node_42']
[ 2026-05-13 18:58:06 | node_45 | INFO ] 🏋️‍♀️ Preparing training...
[ 2026-05-13 18:58:07 | node_38 | INFO ] 🧩 Model added for round 48 (5/8) from ['node_33']
[ 2026-05-13 18:58:07 | node_32 | INFO ] 🧩 Model added for round 48 (5/9) from ['node_36']
[ 2026-05-13 18:58:07 | node_45 | INFO ] 🎓 Training step done.
[ 2026-05-13 18:58:07 | node_45 | INFO ] 🛠️ Calling force_add_local_model...
[ 2026-05-13 18:58:07 | node_45 | INFO ] ✅ [FORCE] Local model added for round 48. (4/6)
[ 2026-05-13 18:58:08 | node_31 | INFO ] 📤 Sending model to 10 direct neighbors: ['node_4', 'node_11', 'node_13', 'node_18', 'node_19', 'node_25', 'node_28', 'node_29', 'node_33', 'node_41']
[ 2026-05-13 18:58:08 | node_44 | INFO ] 🧩 Model added for round 48 (5/6) from ['node_33']
[ 2026-05-13 18:58:08 | node_34 | INFO ] 🧩 Model added for round 48 (5/7) from ['node_36']
[ 2026-05-13 18:58:08 | node_3 | INFO ] 📤 Sending model to 8 direct neighbors: ['node_1', 'node_11', 'node_14', 'node_32', 'node_39', 'node_43', 'node_47', 'node_48']
[ 2026-05-13 18:58:09 | node_1 | INFO ] 🧩 Model added for round 48 (3/5) from ['node_3']
[ 2026-05-13 18:58:10 | node_14 | INFO ] 🧩 Model added for round 48 (5/8) from ['node_3']
[ 2026-05-13 18:58:11 | node_32 | INFO ] 🧩 Model added for round 48 (6/9) from ['node_3']
[ 2026-05-13 18:58:11 | node_33 | INFO ] 🧩 Model added for round 48 (6/6) from ['node_31']
[ 2026-05-13 18:58:12 | node_33 | INFO ] 🧠 Aggregation complete. Setting new model.
[ 2026-05-13 18:58:12 | node_45 | INFO ] 📤 Sending model to 5 direct neighbors: ['node_4', 'node_7', 'node_26', 'node_30', 'node_42']
[ 2026-05-13 18:58:13 | node_33 | INFO ] 🗣️ Gossiping aggregated model.
[ 2026-05-13 18:58:13 | node_39 | INFO ] 🧩 Model added for round 48 (8/13) from ['node_3']
[ 2026-05-13 18:58:13 | node_26 | INFO ] 🧩 Model added for round 48 (3/8) from ['node_45']
[ 2026-05-13 18:58:14 | node_30 | INFO ] 🧩 Model added for round 48 (9/11) from ['node_45']
[ 2026-05-13 18:58:15 | node_47 | INFO ] 🧩 Model added for round 48 (3/7) from ['node_3']
[ 2026-05-13 18:58:15 | node_25 | INFO ] ⏹️  Gossiping exited for 50 equal rounds.
[ 2026-05-13 18:58:15 | node_25 | INFO ] 🔬 Evaluating...
[ 2026-05-13 18:58:16 | node_25 | INFO ] 📈 Evaluated. Results: {'test_loss': 0.25711560249328613, 'test_acc': 0.9750000238418579, 'test_precision': 0.9776087999343872, 'test_recall': 0.9728676676750183, 'test_f1': 0.973980724811554, 'communication_cost': 30107168}
[ 2026-05-13 18:58:16 | node_25 | INFO ] 📢 Broadcasting metrics.
[ 2026-05-13 18:58:16 | node_42 | INFO ] 🧩 Model added for round 48 (5/9) from ['node_45']
[ 2026-05-13 18:58:16 | node_48 | INFO ] 🧩 Model added for round 48 (4/8) from ['node_3']
[ 2026-05-13 18:58:18 | node_25 | INFO ] 🎉 Round 48 of 50 finished.
[ 2026-05-13 18:58:18 | node_25 | INFO ] 🗳️ [DETERMINISTIC] Train set assigned (No Voting). Size: 50
[ 2026-05-13 18:58:18 | node_25 | INFO ] ♻️ Proactively processing 5 early models for round 48.
[ 2026-05-13 18:58:18 | node_25 | INFO ] 🧩 Model added for round 48 (1/9) from ['node_23']
[ 2026-05-13 18:58:18 | node_25 | INFO ] 🧩 Model added for round 48 (2/9) from ['node_6']
[ 2026-05-13 18:58:18 | node_25 | INFO ] 🧩 Model added for round 48 (3/9) from ['node_2']
[ 2026-05-13 18:58:18 | node_25 | INFO ] 🧩 Model added for round 48 (4/9) from ['node_42']
[ 2026-05-13 18:58:18 | node_25 | INFO ] 🧩 Model added for round 48 (5/9) from ['node_31']
[ 2026-05-13 18:58:18 | node_25 | INFO ] 🏋️‍♀️ Preparing training...
[ 2026-05-13 18:58:19 | node_40 | INFO ] ⏹️  Gossiping exited for 50 equal rounds.
[ 2026-05-13 18:58:19 | node_40 | INFO ] 🔬 Evaluating...
[ 2026-05-13 18:58:19 | node_25 | INFO ] 🎓 Training step done.
[ 2026-05-13 18:58:19 | node_25 | INFO ] 🛠️ Calling force_add_local_model...
[ 2026-05-13 18:58:19 | node_25 | INFO ] ✅ [FORCE] Local model added for round 48. (6/9)
[ 2026-05-13 18:58:19 | node_40 | INFO ] 📈 Evaluated. Results: {'test_loss': 0.3324929475784302, 'test_acc': 0.9599999785423279, 'test_precision': 0.9575689435005188, 'test_recall': 0.9626519680023193, 'test_f1': 0.9582781195640564, 'communication_cost': 37633960}
[ 2026-05-13 18:58:19 | node_40 | INFO ] 📢 Broadcasting metrics.
[ 2026-05-13 18:58:23 | node_43 | INFO ] ⏹️  Gossiping exited for 50 equal rounds.
[ 2026-05-13 18:58:23 | node_43 | INFO ] 🔬 Evaluating...
[ 2026-05-13 18:58:23 | node_40 | INFO ] 🎉 Round 48 of 50 finished.
[ 2026-05-13 18:58:24 | node_40 | INFO ] 🗳️ [DETERMINISTIC] Train set assigned (No Voting). Size: 50
[ 2026-05-13 18:58:24 | node_40 | INFO ] ♻️ Proactively processing 5 early models for round 48.
[ 2026-05-13 18:58:24 | node_43 | INFO ] 📈 Evaluated. Results: {'test_loss': 0.41331005096435547, 'test_acc': 0.949999988079071, 'test_precision': 0.953296422958374, 'test_recall': 0.9547592401504517, 'test_f1': 0.952192485332489, 'communication_cost': 30107168}
[ 2026-05-13 18:58:24 | node_40 | INFO ] 🧩 Model added for round 48 (1/11) from ['node_9']
[ 2026-05-13 18:58:24 | node_40 | INFO ] 🧩 Model added for round 48 (2/11) from ['node_47']
[ 2026-05-13 18:58:24 | node_40 | INFO ] 🧩 Model added for round 48 (3/11) from ['node_26']
[ 2026-05-13 18:58:24 | node_43 | INFO ] 📢 Broadcasting metrics.
[ 2026-05-13 18:58:24 | node_40 | INFO ] 🧩 Model added for round 48 (4/11) from ['node_39']
[ 2026-05-13 18:58:24 | node_40 | INFO ] 🧩 Model added for round 48 (5/11) from ['node_20']
[ 2026-05-13 18:58:24 | node_40 | INFO ] 🏋️‍♀️ Preparing training...
[ 2026-05-13 18:58:24 | node_40 | INFO ] 🎓 Training step done.
[ 2026-05-13 18:58:24 | node_25 | INFO ] 📤 Sending model to 8 direct neighbors: ['node', 'node_2', 'node_6', 'node_18', 'node_23', 'node_31', 'node_42', 'node_49']
[ 2026-05-13 18:58:24 | node_40 | INFO ] 🛠️ Calling force_add_local_model...
[ 2026-05-13 18:58:24 | node_40 | INFO ] ✅ [FORCE] Local model added for round 48. (6/11)
[ 2026-05-13 18:58:25 | node_2 | INFO ] 🧩 Model added for round 48 (10/11) from ['node_25']
[ 2026-05-13 18:58:27 | node_6 | INFO ] 🧩 Model added for round 48 (5/10) from ['node_25']
[ 2026-05-13 18:58:27 | node_43 | INFO ] 🎉 Round 48 of 50 finished.
[ 2026-05-13 18:58:28 | node_43 | INFO ] 🗳️ [DETERMINISTIC] Train set assigned (No Voting). Size: 50
[ 2026-05-13 18:58:28 | node_43 | INFO ] ♻️ Proactively processing 4 early models for round 48.
[ 2026-05-13 18:58:28 | node_43 | INFO ] 🧩 Model added for round 48 (1/9) from ['node_6']
[ 2026-05-13 18:58:28 | node_43 | INFO ] 🧩 Model added for round 48 (2/9) from ['node_17']
[ 2026-05-13 18:58:28 | node_43 | INFO ] 🧩 Model added for round 48 (3/9) from ['node_36']
[ 2026-05-13 18:58:28 | node_43 | INFO ] 🧩 Model added for round 48 (4/9) from ['node_3']
[ 2026-05-13 18:58:28 | node_43 | INFO ] 🏋️‍♀️ Preparing training...
[ 2026-05-13 18:58:28 | node_23 | INFO ] 🧩 Model added for round 48 (4/6) from ['node_25']
[ 2026-05-13 18:58:28 | node_43 | INFO ] 🎓 Training step done.
[ 2026-05-13 18:58:28 | node_43 | INFO ] 🛠️ Calling force_add_local_model...
[ 2026-05-13 18:58:28 | node_43 | INFO ] ✅ [FORCE] Local model added for round 48. (5/9)
[ 2026-05-13 18:58:29 | node_31 | INFO ] 🧩 Model added for round 48 (3/11) from ['node_25']
[ 2026-05-13 18:58:29 | node_40 | INFO ] 📤 Sending model to 10 direct neighbors: ['node_9', 'node_11', 'node_13', 'node_20', 'node_26', 'node_29', 'node_35', 'node_39', 'node_43', 'node_47']
[ 2026-05-13 18:58:30 | node_9 | INFO ] 🧩 Model added for round 48 (7/9) from ['node_40']
[ 2026-05-13 18:58:31 | node_42 | INFO ] 🧩 Model added for round 48 (6/9) from ['node_25']
[ 2026-05-13 18:58:31 | node_20 | INFO ] 🧩 Model added for round 48 (6/11) from ['node_40']
[ 2026-05-13 18:58:33 | node_26 | INFO ] 🧩 Model added for round 48 (4/8) from ['node_40']
[ 2026-05-13 18:58:33 | node_43 | INFO ] 📤 Sending model to 8 direct neighbors: ['node_3', 'node_4', 'node_6', 'node_11', 'node_13', 'node_17', 'node_36', 'node_40']
[ 2026-05-13 18:58:34 | node_3 | INFO ] 🧩 Model added for round 48 (8/9) from ['node_43']
[ 2026-05-13 18:58:34 | node_49 | INFO ] ⏹️  Gossiping exited for 50 equal rounds.
[ 2026-05-13 18:58:35 | node_49 | INFO ] 🔬 Evaluating...
[ 2026-05-13 18:58:35 | node_49 | INFO ] 📈 Evaluated. Results: {'test_loss': 0.2643106281757355, 'test_acc': 0.9800000190734863, 'test_precision': 0.9822505712509155, 'test_recall': 0.9825175404548645, 'test_f1': 0.981716513633728, 'communication_cost': 30107168}
[ 2026-05-13 18:58:35 | node_39 | INFO ] 🧩 Model added for round 48 (9/13) from ['node_40']
[ 2026-05-13 18:58:35 | node_49 | INFO ] 📢 Broadcasting metrics.
[ 2026-05-13 18:58:35 | node_6 | INFO ] 🧩 Model added for round 48 (6/10) from ['node_43']
[ 2026-05-13 18:58:36 | node_41 | INFO ] ⏹️  Gossiping exited for 50 equal rounds.
[ 2026-05-13 18:58:36 | node_7 | INFO ] ⏹️  Gossiping exited for 50 equal rounds.
[ 2026-05-13 18:58:36 | node_41 | INFO ] 🔬 Evaluating...
[ 2026-05-13 18:58:36 | node_7 | INFO ] 🔬 Evaluating...
[ 2026-05-13 18:58:36 | node_41 | INFO ] 📈 Evaluated. Results: {'test_loss': 0.5454055070877075, 'test_acc': 0.9449999928474426, 'test_precision': 0.9466711282730103, 'test_recall': 0.9467967748641968, 'test_f1': 0.9440581798553467, 'communication_cost': 15053584}
[ 2026-05-13 18:58:36 | node_7 | INFO ] 📈 Evaluated. Results: {'test_loss': 0.060887984931468964, 'test_acc': 0.9900000095367432, 'test_precision': 0.9888889789581299, 'test_recall': 0.9888889789581299, 'test_f1': 0.9888889789581299, 'communication_cost': 26343772}
[ 2026-05-13 18:58:37 | node_41 | INFO ] 📢 Broadcasting metrics.
[ 2026-05-13 18:58:37 | node_43 | INFO ] 🧩 Model added for round 48 (6/9) from ['node_40']
[ 2026-05-13 18:58:37 | node_7 | INFO ] 📢 Broadcasting metrics.
[ 2026-05-13 18:58:38 | node_41 | INFO ] 🎉 Round 48 of 50 finished.
[ 2026-05-13 18:58:38 | node_41 | INFO ] 🗳️ [DETERMINISTIC] Train set assigned (No Voting). Size: 50
[ 2026-05-13 18:58:38 | node_41 | INFO ] ♻️ Proactively processing 4 early models for round 48.
[ 2026-05-13 18:58:38 | node_47 | INFO ] 🧩 Model added for round 48 (4/7) from ['node_40']
[ 2026-05-13 18:58:38 | node_41 | INFO ] 🧩 Model added for round 48 (1/5) from ['node_14']
[ 2026-05-13 18:58:38 | node_41 | INFO ] 🧩 Model added for round 48 (2/5) from ['node_24']
[ 2026-05-13 18:58:38 | node_41 | INFO ] 🧩 Model added for round 48 (3/5) from ['node_32']
[ 2026-05-13 18:58:38 | node_41 | INFO ] 🧩 Model added for round 48 (4/5) from ['node_31']
[ 2026-05-13 18:58:38 | node_17 | INFO ] 🧩 Model added for round 48 (4/9) from ['node_43']
[ 2026-05-13 18:58:38 | node_41 | INFO ] 🏋️‍♀️ Preparing training...
[ 2026-05-13 18:58:38 | node_49 | INFO ] 🎉 Round 48 of 50 finished.
[ 2026-05-13 18:58:38 | node_49 | INFO ] 🗳️ [DETERMINISTIC] Train set assigned (No Voting). Size: 50
[ 2026-05-13 18:58:38 | node_49 | INFO ] ♻️ Proactively processing 4 early models for round 48.
[ 2026-05-13 18:58:38 | node_49 | INFO ] 🧩 Model added for round 48 (1/9) from ['node_12']
[ 2026-05-13 18:58:38 | node_49 | INFO ] 🧩 Model added for round 48 (2/9) from ['node_42']
[ 2026-05-13 18:58:38 | node_49 | INFO ] 🧩 Model added for round 48 (3/9) from ['node_20']
[ 2026-05-13 18:58:39 | node_49 | INFO ] 🧩 Model added for round 48 (4/9) from ['node_25']
[ 2026-05-13 18:58:39 | node_49 | INFO ] 🏋️‍♀️ Preparing training...
[ 2026-05-13 18:58:39 | node_41 | INFO ] 🎓 Training step done.
[ 2026-05-13 18:58:39 | node_41 | INFO ] 🛠️ Calling force_add_local_model...
[ 2026-05-13 18:58:39 | node_41 | INFO ] ✅ [FORCE] Local model added for round 48. (5/5)
[ 2026-05-13 18:58:39 | node_49 | INFO ] 🎓 Training step done.
[ 2026-05-13 18:58:39 | node_49 | INFO ] 🛠️ Calling force_add_local_model...
[ 2026-05-13 18:58:39 | node_36 | INFO ] 🧩 Model added for round 48 (8/9) from ['node_43']
[ 2026-05-13 18:58:39 | node_49 | INFO ] ✅ [FORCE] Local model added for round 48. (5/9)
[ 2026-05-13 18:58:39 | node_7 | INFO ] 🎉 Round 48 of 50 finished.
[ 2026-05-13 18:58:40 | node_7 | INFO ] 🗳️ [DETERMINISTIC] Train set assigned (No Voting). Size: 50
[ 2026-05-13 18:58:40 | node_7 | INFO ] ♻️ Proactively processing 5 early models for round 48.
[ 2026-05-13 18:58:40 | node_7 | INFO ] 🧩 Model added for round 48 (1/8) from ['node_23']
[ 2026-05-13 18:58:40 | node_7 | INFO ] 🧩 Model added for round 48 (2/8) from ['node_39']
[ 2026-05-13 18:58:40 | node_7 | INFO ] 🧩 Model added for round 48 (3/8) from ['node_27']
[ 2026-05-13 18:58:40 | node_7 | INFO ] 🧩 Model added for round 48 (4/8) from ['node_20']
[ 2026-05-13 18:58:40 | node_7 | INFO ] 🧩 Model added for round 48 (5/8) from ['node_45']
[ 2026-05-13 18:58:40 | node_7 | INFO ] 🏋️‍♀️ Preparing training...
[ 2026-05-13 18:58:41 | node_40 | INFO ] 🧩 Model added for round 48 (7/11) from ['node_43']
[ 2026-05-13 18:58:41 | node_7 | INFO ] 🎓 Training step done.
[ 2026-05-13 18:58:41 | node_7 | INFO ] 🛠️ Calling force_add_local_model...
[ 2026-05-13 18:58:41 | node_7 | INFO ] ✅ [FORCE] Local model added for round 48. (6/8)
[ 2026-05-13 18:58:42 | node | INFO ] ⏹️  Gossiping exited for 50 equal rounds.
[ 2026-05-13 18:58:42 | node | INFO ] 🔬 Evaluating...
[ 2026-05-13 18:58:42 | node | INFO ] 📈 Evaluated. Results: {'test_loss': 0.2009335458278656, 'test_acc': 0.9700000286102295, 'test_precision': 0.9697335958480835, 'test_recall': 0.9663602709770203, 'test_f1': 0.9670250415802002, 'communication_cost': 33870564}
[ 2026-05-13 18:58:43 | node | INFO ] 📢 Broadcasting metrics.
[ 2026-05-13 18:58:44 | node_41 | INFO ] 📤 Sending model to 4 direct neighbors: ['node_14', 'node_24', 'node_31', 'node_32']
[ 2026-05-13 18:58:44 | node_49 | INFO ] 📤 Sending model to 8 direct neighbors: ['node', 'node_4', 'node_11', 'node_12', 'node_20', 'node_25', 'node_37', 'node_42']
[ 2026-05-13 18:58:44 | node_14 | INFO ] 🧩 Model added for round 48 (6/8) from ['node_41']
[ 2026-05-13 18:58:46 | node_10 | INFO ] ⏹️  Gossiping exited for 50 equal rounds.
[ 2026-05-13 18:58:46 | node_24 | INFO ] 🧩 Model added for round 48 (9/10) from ['node_41']
[ 2026-05-13 18:58:46 | node_10 | INFO ] 🔬 Evaluating...
[ 2026-05-13 18:58:46 | node_7 | INFO ] 📤 Sending model to 7 direct neighbors: ['node', 'node_4', 'node_20', 'node_23', 'node_27', 'node_39', 'node_45']
[ 2026-05-13 18:58:46 | node_12 | INFO ] 🧩 Model added for round 48 (7/9) from ['node_49']
[ 2026-05-13 18:58:46 | node_10 | INFO ] 📈 Evaluated. Results: {'test_loss': 0.2575795650482178, 'test_acc': 0.9800000190734863, 'test_precision': 0.9821112155914307, 'test_recall': 0.9831919074058533, 'test_f1': 0.9824761152267456, 'communication_cost': 22580376}
[ 2026-05-13 18:58:46 | node_10 | INFO ] 📢 Broadcasting metrics.
[ 2026-05-13 18:58:47 | node_20 | INFO ] 🧩 Model added for round 48 (7/11) from ['node_7']
[ 2026-05-13 18:58:47 | node | INFO ] 🎉 Round 48 of 50 finished.
[ 2026-05-13 18:58:47 | node | INFO ] 🗳️ [DETERMINISTIC] Train set assigned (No Voting). Size: 50
[ 2026-05-13 18:58:47 | node | INFO ] ♻️ Proactively processing 4 early models for round 48.
[ 2026-05-13 18:58:47 | node_31 | INFO ] 🧩 Model added for round 48 (4/11) from ['node_41']
[ 2026-05-13 18:58:47 | node | INFO ] 🧩 Model added for round 48 (1/10) from ['node_14']
[ 2026-05-13 18:58:47 | node_20 | INFO ] 🧩 Model added for round 48 (8/11) from ['node_49']
[ 2026-05-13 18:58:47 | node | INFO ] 🧩 Model added for round 48 (2/10) from ['node_25']
[ 2026-05-13 18:58:47 | node | INFO ] 🧩 Model added for round 48 (3/10) from ['node_49']
[ 2026-05-13 18:58:47 | node | INFO ] 🧩 Model added for round 48 (4/10) from ['node_7']
[ 2026-05-13 18:58:47 | node | INFO ] 🏋️‍♀️ Preparing training...
[ 2026-05-13 18:58:48 | node | INFO ] 🎓 Training step done.
[ 2026-05-13 18:58:48 | node | INFO ] 🛠️ Calling force_add_local_model...
[ 2026-05-13 18:58:48 | node | INFO ] ✅ [FORCE] Local model added for round 48. (5/10)
[ 2026-05-13 18:58:48 | node_23 | INFO ] 🧩 Model added for round 48 (5/6) from ['node_7']
[ 2026-05-13 18:58:48 | node_28 | INFO ] ⏹️  Gossiping exited for 50 equal rounds.
[ 2026-05-13 18:58:48 | node_10 | INFO ] 🎉 Round 48 of 50 finished.
[ 2026-05-13 18:58:48 | node_28 | INFO ] 🔬 Evaluating...
[ 2026-05-13 18:58:48 | node_10 | INFO ] 🗳️ [DETERMINISTIC] Train set assigned (No Voting). Size: 50
[ 2026-05-13 18:58:49 | node_10 | INFO ] ♻️ Proactively processing 4 early models for round 48.
[ 2026-05-13 18:58:49 | node_10 | INFO ] 🧩 Model added for round 48 (1/7) from ['node_38']
[ 2026-05-13 18:58:49 | node_10 | INFO ] 🧩 Model added for round 48 (2/7) from ['node_23']
[ 2026-05-13 18:58:49 | node_10 | INFO ] 🧩 Model added for round 48 (3/7) from ['node_9']
[ 2026-05-13 18:58:49 | node_10 | INFO ] 🧩 Model added for round 48 (4/7) from ['node_6']
[ 2026-05-13 18:58:49 | node_10 | INFO ] 🏋️‍♀️ Preparing training...
[ 2026-05-13 18:58:49 | node_28 | INFO ] 📈 Evaluated. Results: {'test_loss': 0.12691138684749603, 'test_acc': 0.9750000238418579, 'test_precision': 0.9773492217063904, 'test_recall': 0.9768210649490356, 'test_f1': 0.9762621521949768, 'communication_cost': 26343772}
[ 2026-05-13 18:58:49 | node_32 | INFO ] 🧩 Model added for round 48 (7/9) from ['node_41']
[ 2026-05-13 18:58:49 | node_21 | INFO ] ⏹️  Gossiping exited for 50 equal rounds.
[ 2026-05-13 18:58:49 | node_21 | INFO ] 🔬 Evaluating...
[ 2026-05-13 18:58:49 | node_25 | INFO ] 🧩 Model added for round 48 (7/9) from ['node_49']
[ 2026-05-13 18:58:49 | node_21 | INFO ] 📈 Evaluated. Results: {'test_loss': 0.4157874584197998, 'test_acc': 0.9599999785423279, 'test_precision': 0.963219404220581, 'test_recall': 0.9480105638504028, 'test_f1': 0.9540514945983887, 'communication_cost': 30107168}
[ 2026-05-13 18:58:49 | node_27 | INFO ] 🧩 Model added for round 48 (7/10) from ['node_7']
[ 2026-05-13 18:58:49 | node_28 | INFO ] 📢 Broadcasting metrics.
[ 2026-05-13 18:58:49 | node_10 | INFO ] 🎓 Training step done.
[ 2026-05-13 18:58:49 | node_21 | INFO ] 📢 Broadcasting metrics.
[ 2026-05-13 18:58:49 | node_10 | INFO ] 🛠️ Calling force_add_local_model...
[ 2026-05-13 18:58:50 | node_10 | INFO ] ✅ [FORCE] Local model added for round 48. (5/7)
[ 2026-05-13 18:58:50 | node_41 | INFO ] 🧠 Aggregation complete. Setting new model.
[ 2026-05-13 18:58:50 | node_42 | INFO ] 🧩 Model added for round 48 (7/9) from ['node_49']
[ 2026-05-13 18:58:51 | node_39 | INFO ] 🧩 Model added for round 48 (10/13) from ['node_7']
[ 2026-05-13 18:58:51 | node_41 | INFO ] 🗣️ Gossiping aggregated model.
[ 2026-05-13 18:58:52 | node_45 | INFO ] 🧩 Model added for round 48 (5/6) from ['node_7']
[ 2026-05-13 18:58:52 | node_28 | INFO ] 🎉 Round 48 of 50 finished.
[ 2026-05-13 18:58:52 | node_28 | INFO ] 🗳️ [DETERMINISTIC] Train set assigned (No Voting). Size: 50
[ 2026-05-13 18:58:52 | node_28 | INFO ] ♻️ Proactively processing 4 early models for round 48.
[ 2026-05-13 18:58:52 | node_28 | INFO ] 🧩 Model added for round 48 (1/8) from ['node_38']
[ 2026-05-13 18:58:52 | node_28 | INFO ] 🧩 Model added for round 48 (2/8) from ['node_26']
[ 2026-05-13 18:58:52 | node_28 | INFO ] 🧩 Model added for round 48 (3/8) from ['node_48']
[ 2026-05-13 18:58:52 | node_21 | INFO ] 🎉 Round 48 of 50 finished.
[ 2026-05-13 18:58:52 | node_28 | INFO ] 🧩 Model added for round 48 (4/8) from ['node_31']
[ 2026-05-13 18:58:52 | node_28 | INFO ] 🏋️‍♀️ Preparing training...
[ 2026-05-13 18:58:52 | node_21 | INFO ] 🗳️ [DETERMINISTIC] Train set assigned (No Voting). Size: 50
[ 2026-05-13 18:58:53 | node_21 | INFO ] ♻️ Proactively processing 4 early models for round 48.
[ 2026-05-13 18:58:53 | node_21 | INFO ] 🧩 Model added for round 48 (1/9) from ['node_6']
[ 2026-05-13 18:58:53 | node_21 | INFO ] 🧩 Model added for round 48 (2/9) from ['node_47']
[ 2026-05-13 18:58:53 | node_21 | INFO ] 🧩 Model added for round 48 (3/9) from ['node_39']
[ 2026-05-13 18:58:53 | node | INFO ] 📤 Sending model to 9 direct neighbors: ['node_4', 'node_7', 'node_11', 'node_13', 'node_14', 'node_16', 'node_21', 'node_25', 'node_49']
[ 2026-05-13 18:58:53 | node_21 | INFO ] 🧩 Model added for round 48 (4/9) from ['node_46']
[ 2026-05-13 18:58:53 | node_28 | INFO ] 🎓 Training step done.
[ 2026-05-13 18:58:53 | node_21 | INFO ] 🏋️‍♀️ Preparing training...
[ 2026-05-13 18:58:53 | node_28 | INFO ] 🛠️ Calling force_add_local_model...
[ 2026-05-13 18:58:53 | node_28 | INFO ] ✅ [FORCE] Local model added for round 48. (5/8)
[ 2026-05-13 18:58:53 | node_21 | INFO ] 🎓 Training step done.
[ 2026-05-13 18:58:53 | node_21 | INFO ] 🛠️ Calling force_add_local_model...
[ 2026-05-13 18:58:54 | node_7 | INFO ] 🧩 Model added for round 48 (7/8) from ['node']
[ 2026-05-13 18:58:54 | node_21 | INFO ] ✅ [FORCE] Local model added for round 48. (5/9)
[ 2026-05-13 18:58:55 | node_10 | INFO ] 📤 Sending model to 6 direct neighbors: ['node_4', 'node_6', 'node_9', 'node_18', 'node_23', 'node_38']
[ 2026-05-13 18:58:55 | node_29 | INFO ] ⏹️  Gossiping exited for 50 equal rounds.
[ 2026-05-13 18:58:55 | node_19 | INFO ] ⏹️  Gossiping exited for 50 equal rounds.
[ 2026-05-13 18:58:55 | node_29 | INFO ] 🔬 Evaluating...
[ 2026-05-13 18:58:55 | node_19 | INFO ] 🔬 Evaluating...
[ 2026-05-13 18:58:55 | node_14 | INFO ] 🧩 Model added for round 48 (7/8) from ['node']
[ 2026-05-13 18:58:55 | node_29 | INFO ] 📈 Evaluated. Results: {'test_loss': 0.13055118918418884, 'test_acc': 0.9750000238418579, 'test_precision': 0.979513943195343, 'test_recall': 0.9700653553009033, 'test_f1': 0.9742173552513123, 'communication_cost': 45160752}
[ 2026-05-13 18:58:55 | node_19 | INFO ] 📈 Evaluated. Results: {'test_loss': 0.22416040301322937, 'test_acc': 0.9549999833106995, 'test_precision': 0.9508675932884216, 'test_recall': 0.959565281867981, 'test_f1': 0.9518474340438843, 'communication_cost': 41397356}
[ 2026-05-13 18:58:55 | node_29 | INFO ] 📢 Broadcasting metrics.
[ 2026-05-13 18:58:55 | node_6 | INFO ] 🧩 Model added for round 48 (7/10) from ['node_10']
[ 2026-05-13 18:58:55 | node_19 | INFO ] 📢 Broadcasting metrics.
[ 2026-05-13 18:58:55 | node_13 | INFO ] ⏹️  Gossiping exited for 50 equal rounds.
[ 2026-05-13 18:58:56 | node_13 | INFO ] 🔬 Evaluating...
[ 2026-05-13 18:58:56 | node_13 | INFO ] 📈 Evaluated. Results: {'test_loss': 0.042334917932748795, 'test_acc': 0.9800000190734863, 'test_precision': 0.9829047918319702, 'test_recall': 0.9834546446800232, 'test_f1': 0.9827209711074829, 'communication_cost': 52687544}
[ 2026-05-13 18:58:56 | node_13 | INFO ] 📢 Broadcasting metrics.
[ 2026-05-13 18:58:57 | node_21 | INFO ] 🧩 Model added for round 48 (6/9) from ['node']
[ 2026-05-13 18:58:57 | node_9 | INFO ] 🧩 Model added for round 48 (8/9) from ['node_10']
[ 2026-05-13 18:58:58 | node_25 | INFO ] 🧩 Model added for round 48 (8/9) from ['node']
[ 2026-05-13 18:58:58 | node_28 | INFO ] 📤 Sending model to 7 direct neighbors: ['node_4', 'node_5', 'node_26', 'node_29', 'node_31', 'node_38', 'node_48']
[ 2026-05-13 18:58:58 | node_23 | INFO ] 🧩 Model added for round 48 (6/6) from ['node_10']
[ 2026-05-13 18:58:59 | node_21 | INFO ] 📤 Sending model to 8 direct neighbors: ['node', 'node_6', 'node_13', 'node_19', 'node_29', 'node_39', 'node_46', 'node_47']
[ 2026-05-13 18:58:59 | node_23 | INFO ] 🧠 Aggregation complete. Setting new model.
[ 2026-05-13 18:58:59 | node | INFO ] 🧩 Model added for round 48 (6/10) from ['node_21']
[ 2026-05-13 18:58:59 | node_49 | INFO ] 🧩 Model added for round 48 (6/9) from ['node']
[ 2026-05-13 18:58:59 | node_26 | INFO ] 🧩 Model added for round 48 (5/8) from ['node_28']
[ 2026-05-13 18:58:59 | node_38 | INFO ] 🧩 Model added for round 48 (6/8) from ['node_10']
[ 2026-05-13 18:58:59 | node_23 | INFO ] 🗣️ Gossiping aggregated model.
[ 2026-05-13 18:59:00 | node_19 | INFO ] 🎉 Round 48 of 50 finished.
[ 2026-05-13 18:59:00 | node_6 | INFO ] 🧩 Model added for round 48 (8/10) from ['node_21']
[ 2026-05-13 18:59:00 | node_19 | INFO ] 🗳️ [DETERMINISTIC] Train set assigned (No Voting). Size: 50
[ 2026-05-13 18:59:00 | node_29 | INFO ] 🎉 Round 48 of 50 finished.
[ 2026-05-13 18:59:00 | node_19 | INFO ] ♻️ Proactively processing 9 early models for round 48.
[ 2026-05-13 18:59:01 | node_29 | INFO ] 🗳️ [DETERMINISTIC] Train set assigned (No Voting). Size: 50
[ 2026-05-13 18:59:01 | node_19 | INFO ] 🧩 Model added for round 48 (1/12) from ['node_6']
[ 2026-05-13 18:59:01 | node_31 | INFO ] 🧩 Model added for round 48 (5/11) from ['node_28']
[ 2026-05-13 18:59:01 | node_19 | INFO ] 🧩 Model added for round 48 (2/12) from ['node_12']
[ 2026-05-13 18:59:01 | node_29 | INFO ] ♻️ Proactively processing 9 early models for round 48.
[ 2026-05-13 18:59:01 | node_19 | INFO ] 🧩 Model added for round 48 (3/12) from ['node_30']
[ 2026-05-13 18:59:01 | node_29 | INFO ] 🧩 Model added for round 48 (1/13) from ['node_14']
[ 2026-05-13 18:59:01 | node_19 | INFO ] 🧩 Model added for round 48 (4/12) from ['node_26']
[ 2026-05-13 18:59:01 | node_29 | INFO ] 🧩 Model added for round 48 (2/13) from ['node_48']
[ 2026-05-13 18:59:01 | node_19 | INFO ] 🧩 Model added for round 48 (5/12) from ['node_27']
[ 2026-05-13 18:59:01 | node_29 | INFO ] 🧩 Model added for round 48 (3/13) from ['node_17']
[ 2026-05-13 18:59:01 | node_19 | INFO ] 🧩 Model added for round 48 (6/12) from ['node_17']
[ 2026-05-13 18:59:01 | node_29 | INFO ] 🧩 Model added for round 48 (4/13) from ['node_42']
[ 2026-05-13 18:59:01 | node_19 | INFO ] 🧩 Model added for round 48 (7/12) from ['node_24']
[ 2026-05-13 18:59:01 | node_29 | INFO ] 🧩 Model added for round 48 (5/13) from ['node_32']
[ 2026-05-13 18:59:01 | node_19 | INFO ] 🧩 Model added for round 48 (8/12) from ['node_46']
[ 2026-05-13 18:59:01 | node_29 | INFO ] 🧩 Model added for round 48 (6/13) from ['node_15']
[ 2026-05-13 18:59:01 | node_19 | INFO ] 🧩 Model added for round 48 (9/12) from ['node_31']
[ 2026-05-13 18:59:01 | node_29 | INFO ] 🧩 Model added for round 48 (7/13) from ['node_31']
[ 2026-05-13 18:59:01 | node_19 | INFO ] 🏋️‍♀️ Preparing training...
[ 2026-05-13 18:59:01 | node_29 | INFO ] 🧩 Model added for round 48 (8/13) from ['node_40']
[ 2026-05-13 18:59:01 | node_29 | INFO ] 🧩 Model added for round 48 (9/13) from ['node_28']
[ 2026-05-13 18:59:01 | node_29 | INFO ] 🏋️‍♀️ Preparing training...
[ 2026-05-13 18:59:02 | node_19 | INFO ] 🎓 Training step done.
[ 2026-05-13 18:59:02 | node_19 | INFO ] 🛠️ Calling force_add_local_model...
[ 2026-05-13 18:59:02 | node_19 | INFO ] ✅ [FORCE] Local model added for round 48. (10/12)
[ 2026-05-13 18:59:02 | node_29 | INFO ] 🎓 Training step done.
[ 2026-05-13 18:59:02 | node_29 | INFO ] 🛠️ Calling force_add_local_model...
[ 2026-05-13 18:59:02 | node_29 | INFO ] ✅ [FORCE] Local model added for round 48. (10/13)
[ 2026-05-13 18:59:02 | node_38 | INFO ] 🧩 Model added for round 48 (7/8) from ['node_28']
[ 2026-05-13 18:59:02 | node_13 | INFO ] 🎉 Round 48 of 50 finished.
[ 2026-05-13 18:59:02 | node_19 | INFO ] 🧩 Model added for round 48 (11/12) from ['node_21']
[ 2026-05-13 18:59:02 | node_13 | INFO ] 🗳️ [DETERMINISTIC] Train set assigned (No Voting). Size: 50
[ 2026-05-13 18:59:02 | node_13 | INFO ] ♻️ Proactively processing 13 early models for round 48.
[ 2026-05-13 18:59:02 | node_5 | INFO ] ⏹️  Gossiping exited for 50 equal rounds.
[ 2026-05-13 18:59:02 | node_13 | INFO ] 🧩 Model added for round 48 (1/15) from ['node_9']
[ 2026-05-13 18:59:02 | node_13 | INFO ] 🧩 Model added for round 48 (2/15) from ['node_34']
[ 2026-05-13 18:59:02 | node_13 | INFO ] 🧩 Model added for round 48 (3/15) from ['node_12']
[ 2026-05-13 18:59:02 | node_5 | INFO ] 🔬 Evaluating...
[ 2026-05-13 18:59:02 | node_13 | INFO ] 🧩 Model added for round 48 (4/15) from ['node_30']
[ 2026-05-13 18:59:02 | node_13 | INFO ] 🧩 Model added for round 48 (5/15) from ['node_48']
[ 2026-05-13 18:59:02 | node_13 | INFO ] 🧩 Model added for round 48 (6/15) from ['node_2']
[ 2026-05-13 18:59:02 | node_13 | INFO ] 🧩 Model added for round 48 (7/15) from ['node_20']
[ 2026-05-13 18:59:03 | node_13 | INFO ] 🧩 Model added for round 48 (8/15) from ['node_46']
[ 2026-05-13 18:59:03 | node_13 | INFO ] 🧩 Model added for round 48 (9/15) from ['node_31']
[ 2026-05-13 18:59:03 | node_13 | INFO ] 🧩 Model added for round 48 (10/15) from ['node_40']
[ 2026-05-13 18:59:03 | node_5 | INFO ] 📈 Evaluated. Results: {'test_loss': 0.13325269520282745, 'test_acc': 0.9700000286102295, 'test_precision': 0.9704043865203857, 'test_recall': 0.9690009355545044, 'test_f1': 0.9694004058837891, 'communication_cost': 33870564}
[ 2026-05-13 18:59:03 | node_13 | INFO ] 🧩 Model added for round 48 (11/15) from ['node_43']
[ 2026-05-13 18:59:03 | node_13 | INFO ] 🧩 Model added for round 48 (12/15) from ['node']
[ 2026-05-13 18:59:03 | node_13 | INFO ] 🧩 Model added for round 48 (13/15) from ['node_21']
[ 2026-05-13 18:59:03 | node_13 | INFO ] 🏋️‍♀️ Preparing training...
[ 2026-05-13 18:59:03 | node_5 | INFO ] 📢 Broadcasting metrics.
[ 2026-05-13 18:59:03 | node_48 | INFO ] 🧩 Model added for round 48 (5/8) from ['node_28']
[ 2026-05-13 18:59:03 | node_13 | INFO ] 🎓 Training step done.
[ 2026-05-13 18:59:03 | node_18 | INFO ] ⏹️  Gossiping exited for 50 equal rounds.
[ 2026-05-13 18:59:03 | node_13 | INFO ] 🛠️ Calling force_add_local_model...
[ 2026-05-13 18:59:03 | node_18 | INFO ] 🔬 Evaluating...
[ 2026-05-13 18:59:03 | node_29 | INFO ] 🧩 Model added for round 48 (11/13) from ['node_21']
[ 2026-05-13 18:59:03 | node_13 | INFO ] ✅ [FORCE] Local model added for round 48. (14/15)
[ 2026-05-13 18:59:03 | node_4 | INFO ] ⏹️  Gossiping exited for 50 equal rounds.
[ 2026-05-13 18:59:04 | node_16 | INFO ] ⏹️  Gossiping exited for 50 equal rounds.
[ 2026-05-13 18:59:04 | node_18 | INFO ] 📈 Evaluated. Results: {'test_loss': 0.07028566300868988, 'test_acc': 0.9750000238418579, 'test_precision': 0.9729546904563904, 'test_recall': 0.9798948764801025, 'test_f1': 0.9757940173149109, 'communication_cost': 37633960}
[ 2026-05-13 18:59:04 | node_4 | INFO ] 🔬 Evaluating...
[ 2026-05-13 18:59:04 | node_18 | INFO ] 📢 Broadcasting metrics.
[ 2026-05-13 18:59:04 | node_16 | INFO ] 🔬 Evaluating...
[ 2026-05-13 18:59:04 | node_4 | INFO ] 📈 Evaluated. Results: {'test_loss': 0.1756180375814438, 'test_acc': 0.9649999737739563, 'test_precision': 0.9634510278701782, 'test_recall': 0.9687880873680115, 'test_f1': 0.9649184346199036, 'communication_cost': 56450940}
[ 2026-05-13 18:59:04 | node_4 | INFO ] 📢 Broadcasting metrics.
[ 2026-05-13 18:59:04 | node_16 | INFO ] 📈 Evaluated. Results: {'test_loss': 0.28278252482414246, 'test_acc': 0.9549999833106995, 'test_precision': 0.9550502300262451, 'test_recall': 0.9551318287849426, 'test_f1': 0.9529788494110107, 'communication_cost': 18816980}
[ 2026-05-13 18:59:04 | node_16 | INFO ] 📢 Broadcasting metrics.
[ 2026-05-13 18:59:05 | node_39 | INFO ] 🧩 Model added for round 48 (11/13) from ['node_21']
[ 2026-05-13 18:59:06 | node_16 | INFO ] 🎉 Round 48 of 50 finished.
[ 2026-05-13 18:59:06 | node_16 | INFO ] 🗳️ [DETERMINISTIC] Train set assigned (No Voting). Size: 50
[ 2026-05-13 18:59:06 | node_16 | INFO ] ♻️ Proactively processing 3 early models for round 48.
[ 2026-05-13 18:59:06 | node_16 | INFO ] 🧩 Model added for round 48 (1/6) from ['node_39']
[ 2026-05-13 18:59:06 | node_16 | INFO ] 🧩 Model added for round 48 (2/6) from ['node_42']
[ 2026-05-13 18:59:06 | node_5 | INFO ] 🎉 Round 48 of 50 finished.
[ 2026-05-13 18:59:06 | node_16 | INFO ] 🧩 Model added for round 48 (3/6) from ['node']
[ 2026-05-13 18:59:06 | node_16 | INFO ] 🏋️‍♀️ Preparing training...
[ 2026-05-13 18:59:06 | node_5 | INFO ] 🗳️ [DETERMINISTIC] Train set assigned (No Voting). Size: 50
[ 2026-05-13 18:59:06 | node_5 | INFO ] ♻️ Proactively processing 6 early models for round 48.
[ 2026-05-13 18:59:06 | node_5 | INFO ] 🧩 Model added for round 48 (1/10) from ['node_34']
[ 2026-05-13 18:59:06 | node_5 | INFO ] 🧩 Model added for round 48 (2/10) from ['node_47']
[ 2026-05-13 18:59:06 | node_5 | INFO ] 🧩 Model added for round 48 (3/10) from ['node_17']
[ 2026-05-13 18:59:06 | node_5 | INFO ] 🧩 Model added for round 48 (4/10) from ['node_46']
[ 2026-05-13 18:59:06 | node_5 | INFO ] 🧩 Model added for round 48 (5/10) from ['node_15']
[ 2026-05-13 18:59:06 | node_5 | INFO ] 🧩 Model added for round 48 (6/10) from ['node_28']
[ 2026-05-13 18:59:06 | node_5 | INFO ] 🏋️‍♀️ Preparing training...
[ 2026-05-13 18:59:07 | node_16 | INFO ] 🎓 Training step done.
[ 2026-05-13 18:59:07 | node_16 | INFO ] 🛠️ Calling force_add_local_model...
[ 2026-05-13 18:59:07 | node_19 | INFO ] 📤 Sending model to 11 direct neighbors: ['node_6', 'node_12', 'node_17', 'node_21', 'node_24', 'node_26', 'node_27', 'node_30', 'node_31', 'node_35', 'node_46']
[ 2026-05-13 18:59:07 | node_16 | INFO ] ✅ [FORCE] Local model added for round 48. (4/6)
[ 2026-05-13 18:59:07 | node_46 | INFO ] 🧩 Model added for round 48 (3/7) from ['node_21']
[ 2026-05-13 18:59:07 | node_29 | INFO ] 📤 Sending model to 12 direct neighbors: ['node_11', 'node_14', 'node_15', 'node_16', 'node_17', 'node_21', 'node_28', 'node_31', 'node_32', 'node_40', 'node_42', 'node_48']
[ 2026-05-13 18:59:07 | node_5 | INFO ] 🎓 Training step done.
[ 2026-05-13 18:59:07 | node_5 | INFO ] 🛠️ Calling force_add_local_model...
[ 2026-05-13 18:59:07 | node_5 | INFO ] ✅ [FORCE] Local model added for round 48. (7/10)
[ 2026-05-13 18:59:07 | node_6 | INFO ] 🧩 Model added for round 48 (9/10) from ['node_19']
[ 2026-05-13 18:59:08 | node_18 | INFO ] 🎉 Round 48 of 50 finished.
[ 2026-05-13 18:59:08 | node_14 | INFO ] 🧩 Model added for round 48 (8/8) from ['node_29']
[ 2026-05-13 18:59:08 | node_18 | INFO ] 🗳️ [DETERMINISTIC] Train set assigned (No Voting). Size: 50
[ 2026-05-13 18:59:08 | node_18 | INFO ] ♻️ Proactively processing 8 early models for round 48.
[ 2026-05-13 18:59:08 | node_47 | INFO ] 🧩 Model added for round 48 (5/7) from ['node_21']
[ 2026-05-13 18:59:08 | node_18 | INFO ] 🧩 Model added for round 48 (1/11) from ['node_22']
[ 2026-05-13 18:59:08 | node_18 | INFO ] 🧩 Model added for round 48 (2/11) from ['node_27']
[ 2026-05-13 18:59:08 | node_18 | INFO ] 🧩 Model added for round 48 (3/11) from ['node_48']
[ 2026-05-13 18:59:08 | node_18 | INFO ] 🧩 Model added for round 48 (4/11) from ['node_44']
[ 2026-05-13 18:59:08 | node_18 | INFO ] 🧩 Model added for round 48 (5/11) from ['node_1']
[ 2026-05-13 18:59:08 | node_18 | INFO ] 🧩 Model added for round 48 (6/11) from ['node_31']
[ 2026-05-13 18:59:08 | node_14 | INFO ] 🧠 Aggregation complete. Setting new model.
[ 2026-05-13 18:59:08 | node_18 | INFO ] 🧩 Model added for round 48 (7/11) from ['node_25']
[ 2026-05-13 18:59:08 | node_18 | INFO ] 🧩 Model added for round 48 (8/11) from ['node_10']
[ 2026-05-13 18:59:08 | node_18 | INFO ] 🏋️‍♀️ Preparing training...
[ 2026-05-13 18:59:08 | node_13 | INFO ] 📤 Sending model to 14 direct neighbors: ['node', 'node_2', 'node_9', 'node_12', 'node_20', 'node_21', 'node_30', 'node_31', 'node_34', 'node_37', 'node_40', 'node_43', 'node_46', 'node_48']
[ 2026-05-13 18:59:09 | node_12 | INFO ] 🧩 Model added for round 48 (8/9) from ['node_19']
[ 2026-05-13 18:59:09 | node_15 | INFO ] 🧩 Model added for round 48 (4/6) from ['node_29']
[ 2026-05-13 18:59:09 | node_18 | INFO ] 🎓 Training step done.
[ 2026-05-13 18:59:09 | node | INFO ] 🧩 Model added for round 48 (7/10) from ['node_13']
[ 2026-05-13 18:59:09 | node_18 | INFO ] 🛠️ Calling force_add_local_model...
[ 2026-05-13 18:59:09 | node_18 | INFO ] ✅ [FORCE] Local model added for round 48. (9/11)
[ 2026-05-13 18:59:09 | node_14 | INFO ] 🗣️ Gossiping aggregated model.
[ 2026-05-13 18:59:09 | node_4 | INFO ] 🎉 Round 48 of 50 finished.
[ 2026-05-13 18:59:09 | node_4 | INFO ] 🗳️ [DETERMINISTIC] Train set assigned (No Voting). Size: 50
[ 2026-05-13 18:59:09 | node_4 | INFO ] ♻️ Proactively processing 11 early models for round 48.
[ 2026-05-13 18:59:09 | node_4 | INFO ] 🧩 Model added for round 48 (1/16) from ['node_17']
[ 2026-05-13 18:59:09 | node_4 | INFO ] 🧩 Model added for round 48 (2/16) from ['node_15']
[ 2026-05-13 18:59:09 | node_4 | INFO ] 🧩 Model added for round 48 (3/16) from ['node_1']
[ 2026-05-13 18:59:09 | node_4 | INFO ] 🧩 Model added for round 48 (4/16) from ['node_31']
[ 2026-05-13 18:59:10 | node_4 | INFO ] 🧩 Model added for round 48 (5/16) from ['node_45']
[ 2026-05-13 18:59:10 | node_4 | INFO ] 🧩 Model added for round 48 (6/16) from ['node_43']
[ 2026-05-13 18:59:10 | node_16 | INFO ] 🧩 Model added for round 48 (5/6) from ['node_29']
[ 2026-05-13 18:59:10 | node_4 | INFO ] 🧩 Model added for round 48 (7/16) from ['node_49']
[ 2026-05-13 18:59:10 | node_4 | INFO ] 🧩 Model added for round 48 (8/16) from ['node_7']
[ 2026-05-13 18:59:10 | node_4 | INFO ] 🧩 Model added for round 48 (9/16) from ['node']
[ 2026-05-13 18:59:10 | node_4 | INFO ] 🧩 Model added for round 48 (10/16) from ['node_10']
[ 2026-05-13 18:59:10 | node_17 | INFO ] 🧩 Model added for round 48 (5/9) from ['node_19']
[ 2026-05-13 18:59:10 | node_4 | INFO ] 🧩 Model added for round 48 (11/16) from ['node_28']
[ 2026-05-13 18:59:10 | node_4 | INFO ] 🏋️‍♀️ Preparing training...
[ 2026-05-13 18:59:10 | node_2 | INFO ] 🧩 Model added for round 48 (11/11) from ['node_13']
[ 2026-05-13 18:59:10 | node_4 | INFO ] 🎓 Training step done.
[ 2026-05-13 18:59:10 | node_4 | INFO ] 🛠️ Calling force_add_local_model...
[ 2026-05-13 18:59:10 | node_4 | INFO ] ✅ [FORCE] Local model added for round 48. (12/16)
[ 2026-05-13 18:59:11 | node_17 | INFO ] 🧩 Model added for round 48 (6/9) from ['node_29']
[ 2026-05-13 18:59:11 | node_2 | INFO ] 🧠 Aggregation complete. Setting new model.
[ 2026-05-13 18:59:11 | node_21 | INFO ] 🧩 Model added for round 48 (7/9) from ['node_19']
[ 2026-05-13 18:59:12 | node_9 | INFO ] 🧩 Model added for round 48 (9/9) from ['node_13']
[ 2026-05-13 18:59:12 | node_16 | INFO ] 📤 Sending model to 5 direct neighbors: ['node', 'node_4', 'node_29', 'node_39', 'node_42']
[ 2026-05-13 18:59:12 | node_2 | INFO ] 🗣️ Gossiping aggregated model.
[ 2026-05-13 18:59:12 | node_21 | INFO ] 🧩 Model added for round 48 (8/9) from ['node_29']
[ 2026-05-13 18:59:12 | node_5 | INFO ] 📤 Sending model to 9 direct neighbors: ['node_15', 'node_17', 'node_18', 'node_28', 'node_34', 'node_35', 'node_37', 'node_46', 'node_47']
[ 2026-05-13 18:59:13 | node_24 | INFO ] 🧩 Model added for round 48 (10/10) from ['node_19']
[ 2026-05-13 18:59:13 | node | INFO ] 🧩 Model added for round 48 (8/10) from ['node_16']
[ 2026-05-13 18:59:13 | node_15 | INFO ] 🧩 Model added for round 48 (5/6) from ['node_5']
[ 2026-05-13 18:59:13 | node_12 | INFO ] 🧩 Model added for round 48 (9/9) from ['node_13']
[ 2026-05-13 18:59:14 | node_28 | INFO ] 🧩 Model added for round 48 (6/8) from ['node_29']
[ 2026-05-13 18:59:14 | node_18 | INFO ] 📤 Sending model to 10 direct neighbors: ['node_1', 'node_4', 'node_5', 'node_10', 'node_22', 'node_25', 'node_27', 'node_31', 'node_44', 'node_48']
[ 2026-05-13 18:59:14 | node_17 | INFO ] 🧩 Model added for round 48 (7/9) from ['node_5']
[ 2026-05-13 18:59:14 | node_26 | INFO ] 🧩 Model added for round 48 (6/8) from ['node_19']
[ 2026-05-13 18:59:14 | node_4 | INFO ] 🧩 Model added for round 48 (13/16) from ['node_16']
[ 2026-05-13 18:59:14 | node_20 | INFO ] 🧩 Model added for round 48 (9/11) from ['node_13']
[ 2026-05-13 18:59:14 | node_1 | INFO ] 🧩 Model added for round 48 (4/5) from ['node_18']
[ 2026-05-13 18:59:14 | node_24 | INFO ] 🧠 Aggregation complete. Setting new model.
[ 2026-05-13 18:59:14 | node_9 | INFO ] 🧠 Aggregation complete. Setting new model.
[ 2026-05-13 18:59:14 | node_12 | INFO ] 🧠 Aggregation complete. Setting new model.
[ 2026-05-13 18:59:15 | node_12 | INFO ] 🗣️ Gossiping aggregated model.
[ 2026-05-13 18:59:15 | node_4 | INFO ] 🧩 Model added for round 48 (14/16) from ['node_18']
[ 2026-05-13 18:59:15 | node_31 | INFO ] 🧩 Model added for round 48 (6/11) from ['node_29']
[ 2026-05-13 18:59:15 | node_9 | INFO ] 🗣️ Gossiping aggregated model.
[ 2026-05-13 18:59:15 | node_24 | INFO ] 🗣️ Gossiping aggregated model.
[ 2026-05-13 18:59:16 | node_4 | INFO ] 📤 Sending model to 15 direct neighbors: ['node', 'node_1', 'node_7', 'node_10', 'node_15', 'node_16', 'node_17', 'node_18', 'node_28', 'node_31', 'node_35', 'node_37', 'node_43', 'node_45', 'node_49']
[ 2026-05-13 18:59:16 | node_18 | INFO ] 🧩 Model added for round 48 (10/11) from ['node_5']
[ 2026-05-13 18:59:16 | node_27 | INFO ] 🧩 Model added for round 48 (8/10) from ['node_19']
[ 2026-05-13 18:59:16 | node_29 | INFO ] 🧩 Model added for round 48 (12/13) from ['node_16']
[ 2026-05-13 18:59:16 | node_21 | INFO ] 🧩 Model added for round 48 (9/9) from ['node_13']
[ 2026-05-13 18:59:16 | node | INFO ] 🧩 Model added for round 48 (9/10) from ['node_4']
[ 2026-05-13 18:59:17 | node_21 | INFO ] 🧠 Aggregation complete. Setting new model.
[ 2026-05-13 18:59:17 | node_32 | INFO ] 🧩 Model added for round 48 (8/9) from ['node_29']
[ 2026-05-13 18:59:17 | node_21 | INFO ] 🗣️ Gossiping aggregated model.
[ 2026-05-13 18:59:18 | node_5 | INFO ] 🧩 Model added for round 48 (8/10) from ['node_18']
[ 2026-05-13 18:59:18 | node_30 | INFO ] 🧩 Model added for round 48 (10/11) from ['node_13']
[ 2026-05-13 18:59:18 | node_30 | INFO ] 🧩 Model added for round 48 (11/11) from ['node_19']
[ 2026-05-13 18:59:18 | node_28 | INFO ] 🧩 Model added for round 48 (7/8) from ['node_5']
[ 2026-05-13 18:59:18 | node_39 | INFO ] 🧩 Model added for round 48 (12/13) from ['node_16']
[ 2026-05-13 18:59:18 | node_1 | INFO ] 🧩 Model added for round 48 (5/5) from ['node_4']
[ 2026-05-13 18:59:18 | node_37 | INFO ] ⏹️  Gossiping exited for 50 equal rounds.
[ 2026-05-13 18:59:18 | node_37 | INFO ] 🔬 Evaluating...
[ 2026-05-13 18:59:19 | node_40 | INFO ] 🧩 Model added for round 48 (8/11) from ['node_29']
[ 2026-05-13 18:59:19 | node_37 | INFO ] 📈 Evaluated. Results: {'test_loss': 0.4145321249961853, 'test_acc': 0.9449999928474426, 'test_precision': 0.9467623233795166, 'test_recall': 0.9466002583503723, 'test_f1': 0.9451972246170044, 'communication_cost': 26343772}
[ 2026-05-13 18:59:19 | node_37 | INFO ] 📢 Broadcasting metrics.
[ 2026-05-13 18:59:20 | node_31 | INFO ] 🧩 Model added for round 48 (7/11) from ['node_13']
[ 2026-05-13 18:59:20 | node_7 | INFO ] 🧩 Model added for round 48 (8/8) from ['node_4']
[ 2026-05-13 18:59:20 | node_10 | INFO ] 🧩 Model added for round 48 (6/7) from ['node_18']
[ 2026-05-13 18:59:20 | node_31 | INFO ] 🧩 Model added for round 48 (8/11) from ['node_19']
[ 2026-05-13 18:59:21 | node_34 | INFO ] 🧩 Model added for round 48 (6/7) from ['node_5']
[ 2026-05-13 18:59:21 | node_42 | INFO ] 🧩 Model added for round 48 (8/9) from ['node_16']
[ 2026-05-13 18:59:21 | node_35 | INFO ] ⏹️  Gossiping exited for 50 equal rounds.
[ 2026-05-13 18:59:22 | node_35 | INFO ] 🔬 Evaluating...
[ 2026-05-13 18:59:22 | node_42 | INFO ] 🧩 Model added for round 48 (9/9) from ['node_29']
[ 2026-05-13 18:59:23 | node_34 | INFO ] 🧩 Model added for round 48 (7/7) from ['node_13']
[ 2026-05-13 18:59:23 | node_22 | INFO ] 🧩 Model added for round 48 (6/6) from ['node_18']
[ 2026-05-13 18:59:23 | node_10 | INFO ] 🧩 Model added for round 48 (7/7) from ['node_4']
[ 2026-05-13 18:59:23 | node_1 | INFO ] 🧠 Aggregation complete. Setting new model.
[ 2026-05-13 18:59:23 | node_7 | INFO ] 🧠 Aggregation complete. Setting new model.
[ 2026-05-13 18:59:23 | node_30 | INFO ] 🧠 Aggregation complete. Setting new model.
[ 2026-05-13 18:59:23 | node_42 | INFO ] 🧠 Aggregation complete. Setting new model.
[ 2026-05-13 18:59:23 | node_35 | INFO ] 📈 Evaluated. Results: {'test_loss': 0.14662356674671173, 'test_acc': 0.9750000238418579, 'test_precision': 0.9699766039848328, 'test_recall': 0.9693911075592041, 'test_f1': 0.9690060615539551, 'communication_cost': 41397356}
[ 2026-05-13 18:59:23 | node_35 | INFO ] 📢 Broadcasting metrics.
[ 2026-05-13 18:59:23 | node_1 | INFO ] 🗣️ Gossiping aggregated model.
[ 2026-05-13 18:59:24 | node_46 | INFO ] 🧩 Model added for round 48 (4/7) from ['node_19']
[ 2026-05-13 18:59:24 | node_7 | INFO ] 🗣️ Gossiping aggregated model.
[ 2026-05-13 18:59:24 | node_30 | INFO ] 🗣️ Gossiping aggregated model.
[ 2026-05-13 18:59:24 | node_42 | INFO ] 🗣️ Gossiping aggregated model.
[ 2026-05-13 18:59:24 | node_37 | INFO ] 🎉 Round 48 of 50 finished.
[ 2026-05-13 18:59:24 | node_37 | INFO ] 🗳️ [DETERMINISTIC] Train set assigned (No Voting). Size: 50
[ 2026-05-13 18:59:24 | node_37 | INFO ] ♻️ Proactively processing 5 early models for round 48.
[ 2026-05-13 18:59:24 | node_25 | INFO ] 🧩 Model added for round 48 (9/9) from ['node_18']
[ 2026-05-13 18:59:24 | node_37 | INFO ] 🧩 Model added for round 48 (1/8) from ['node_38']
[ 2026-05-13 18:59:24 | node_37 | INFO ] 🧩 Model added for round 48 (2/8) from ['node_47']
[ 2026-05-13 18:59:25 | node_37 | INFO ] 🧩 Model added for round 48 (3/8) from ['node_26']
[ 2026-05-13 18:59:25 | node_37 | INFO ] 🧩 Model added for round 48 (4/8) from ['node_49']
[ 2026-05-13 18:59:25 | node_48 | INFO ] 🧩 Model added for round 48 (6/8) from ['node_29']
[ 2026-05-13 18:59:25 | node_46 | INFO ] 🧩 Model added for round 48 (5/7) from ['node_5']
[ 2026-05-13 18:59:25 | node_15 | INFO ] 🧩 Model added for round 48 (6/6) from ['node_4']
[ 2026-05-13 18:59:25 | node_37 | INFO ] 🧩 Model added for round 48 (5/8) from ['node_5']
[ 2026-05-13 18:59:25 | node_37 | INFO ] 🏋️‍♀️ Preparing training...
[ 2026-05-13 18:59:25 | node_37 | INFO ] 🧩 Model added for round 48 (6/8) from ['node_13']
[ 2026-05-13 18:59:26 | node_22 | INFO ] 🧠 Aggregation complete. Setting new model.
[ 2026-05-13 18:59:26 | node_37 | INFO ] 🎓 Training step done.
[ 2026-05-13 18:59:26 | node_34 | INFO ] 🧠 Aggregation complete. Setting new model.
[ 2026-05-13 18:59:26 | node_15 | INFO ] 🧠 Aggregation complete. Setting new model.
[ 2026-05-13 18:59:26 | node_37 | INFO ] 🛠️ Calling force_add_local_model...
[ 2026-05-13 18:59:26 | node_27 | INFO ] 🧩 Model added for round 48 (9/10) from ['node_18']
[ 2026-05-13 18:59:26 | node_37 | INFO ] ✅ [FORCE] Local model added for round 48. (7/8)
[ 2026-05-13 18:59:26 | node_47 | INFO ] 🧩 Model added for round 48 (6/7) from ['node_5']
[ 2026-05-13 18:59:26 | node_10 | INFO ] 🧠 Aggregation complete. Setting new model.
[ 2026-05-13 18:59:26 | node_16 | INFO ] 🧩 Model added for round 48 (6/6) from ['node_4']
[ 2026-05-13 18:59:26 | node_40 | INFO ] 🧩 Model added for round 48 (9/11) from ['node_13']
[ 2026-05-13 18:59:26 | node_22 | INFO ] 🗣️ Gossiping aggregated model.
[ 2026-05-13 18:59:26 | node_15 | INFO ] 🗣️ Gossiping aggregated model.
[ 2026-05-13 18:59:26 | node_34 | INFO ] 🗣️ Gossiping aggregated model.
[ 2026-05-13 18:59:26 | node_25 | INFO ] 🧠 Aggregation complete. Setting new model.
[ 2026-05-13 18:59:27 | node_16 | INFO ] 🧠 Aggregation complete. Setting new model.
[ 2026-05-13 18:59:27 | node_10 | INFO ] 🗣️ Gossiping aggregated model.
[ 2026-05-13 18:59:27 | node_17 | INFO ] 🧩 Model added for round 48 (8/9) from ['node_4']
[ 2026-05-13 18:59:27 | node_31 | INFO ] 🧩 Model added for round 48 (9/11) from ['node_18']
[ 2026-05-13 18:59:27 | node_16 | INFO ] 🗣️ Gossiping aggregated model.
[ 2026-05-13 18:59:28 | node_25 | INFO ] 🗣️ Gossiping aggregated model.
[ 2026-05-13 18:59:28 | node_43 | INFO ] 🧩 Model added for round 48 (7/9) from ['node_13']
[ 2026-05-13 18:59:29 | node_18 | INFO ] 🧩 Model added for round 48 (11/11) from ['node_4']
[ 2026-05-13 18:59:29 | node_44 | INFO ] 🧩 Model added for round 48 (6/6) from ['node_18']
[ 2026-05-13 18:59:30 | node_35 | INFO ] 🎉 Round 48 of 50 finished.
[ 2026-05-13 18:59:30 | node_46 | INFO ] 🧩 Model added for round 48 (6/7) from ['node_13']
[ 2026-05-13 18:59:30 | node_44 | INFO ] 🧠 Aggregation complete. Setting new model.
[ 2026-05-13 18:59:30 | node_35 | INFO ] 🗳️ [DETERMINISTIC] Train set assigned (No Voting). Size: 50
[ 2026-05-13 18:59:30 | node_35 | INFO ] ♻️ Proactively processing 10 early models for round 48.
[ 2026-05-13 18:59:30 | node_35 | INFO ] 🧩 Model added for round 48 (1/12) from ['node_8']
[ 2026-05-13 18:59:30 | node_35 | INFO ] 🧩 Model added for round 48 (2/12) from ['node_6']
[ 2026-05-13 18:59:31 | node_35 | INFO ] 🧩 Model added for round 48 (3/12) from ['node_26']
[ 2026-05-13 18:59:31 | node_35 | INFO ] 🧩 Model added for round 48 (4/12) from ['node_39']
[ 2026-05-13 18:59:31 | node_35 | INFO ] 🧩 Model added for round 48 (5/12) from ['node_27']
[ 2026-05-13 18:59:31 | node_35 | INFO ] 🧩 Model added for round 48 (6/12) from ['node_17']
[ 2026-05-13 18:59:31 | node_48 | INFO ] 🧩 Model added for round 48 (7/8) from ['node_18']
[ 2026-05-13 18:59:31 | node_35 | INFO ] 🧩 Model added for round 48 (7/12) from ['node_20']
[ 2026-05-13 18:59:31 | node_35 | INFO ] 🧩 Model added for round 48 (8/12) from ['node_40']
[ 2026-05-13 18:59:31 | node_37 | INFO ] 📤 Sending model to 7 direct neighbors: ['node_4', 'node_5', 'node_13', 'node_26', 'node_38', 'node_47', 'node_49']
[ 2026-05-13 18:59:31 | node_35 | INFO ] 🧩 Model added for round 48 (9/12) from ['node_19']
[ 2026-05-13 18:59:31 | node_44 | INFO ] 🗣️ Gossiping aggregated model.
[ 2026-05-13 18:59:31 | node_28 | INFO ] 🧩 Model added for round 48 (8/8) from ['node_4']
[ 2026-05-13 18:59:31 | node_35 | INFO ] 🧩 Model added for round 48 (10/12) from ['node_5']
[ 2026-05-13 18:59:31 | node_35 | INFO ] 🏋️‍♀️ Preparing training...
[ 2026-05-13 18:59:31 | node_48 | INFO ] 🧩 Model added for round 48 (8/8) from ['node_13']
[ 2026-05-13 18:59:31 | node_4 | INFO ] 🧩 Model added for round 48 (15/16) from ['node_37']
[ 2026-05-13 18:59:32 | node_35 | INFO ] 🎓 Training step done.
[ 2026-05-13 18:59:32 | node_28 | INFO ] 🧠 Aggregation complete. Setting new model.
[ 2026-05-13 18:59:32 | node_35 | INFO ] 🛠️ Calling force_add_local_model...
[ 2026-05-13 18:59:32 | node_35 | INFO ] ✅ [FORCE] Local model added for round 48. (11/12)
[ 2026-05-13 18:59:32 | node_48 | INFO ] 🧠 Aggregation complete. Setting new model.
[ 2026-05-13 18:59:33 | node_31 | INFO ] 🧩 Model added for round 48 (10/11) from ['node_4']
[ 2026-05-13 18:59:33 | node_18 | INFO ] 🧠 Aggregation complete. Setting new model.
[ 2026-05-13 18:59:33 | node_28 | INFO ] 🗣️ Gossiping aggregated model.
[ 2026-05-13 18:59:33 | node_48 | INFO ] 🗣️ Gossiping aggregated model.
[ 2026-05-13 18:59:34 | node_18 | INFO ] 🗣️ Gossiping aggregated model.
[ 2026-05-13 18:59:34 | node_35 | INFO ] 🧩 Model added for round 48 (12/12) from ['node_4']
[ 2026-05-13 18:59:35 | node_5 | INFO ] 🧩 Model added for round 48 (9/10) from ['node_37']
[ 2026-05-13 18:59:36 | node_37 | INFO ] 🧩 Model added for round 48 (8/8) from ['node_4']
[ 2026-05-13 18:59:36 | node_13 | INFO ] 🧩 Model added for round 48 (15/15) from ['node_37']
[ 2026-05-13 18:59:37 | node_35 | INFO ] 📤 Sending model to 11 direct neighbors: ['node_4', 'node_5', 'node_6', 'node_8', 'node_17', 'node_19', 'node_20', 'node_26', 'node_27', 'node_39', 'node_40']
[ 2026-05-13 18:59:38 | node_43 | INFO ] 🧩 Model added for round 48 (8/9) from ['node_4']
[ 2026-05-13 18:59:38 | node_4 | INFO ] 🧩 Model added for round 48 (16/16) from ['node_35']
[ 2026-05-13 18:59:39 | node_26 | INFO ] 🧩 Model added for round 48 (7/8) from ['node_37']
[ 2026-05-13 18:59:39 | node_45 | INFO ] 🧩 Model added for round 48 (6/6) from ['node_4']
[ 2026-05-13 18:59:39 | node_13 | INFO ] 🧠 Aggregation complete. Setting new model.
[ 2026-05-13 18:59:39 | node_45 | INFO ] 🧠 Aggregation complete. Setting new model.
[ 2026-05-13 18:59:40 | node_45 | INFO ] 🗣️ Gossiping aggregated model.
[ 2026-05-13 18:59:40 | node_38 | INFO ] 🧩 Model added for round 48 (8/8) from ['node_37']
[ 2026-05-13 18:59:40 | node_5 | INFO ] 🧩 Model added for round 48 (10/10) from ['node_35']
[ 2026-05-13 18:59:40 | node_49 | INFO ] 🧩 Model added for round 48 (7/9) from ['node_4']
[ 2026-05-13 18:59:41 | node_13 | INFO ] 🗣️ Gossiping aggregated model.
[ 2026-05-13 18:59:42 | node_47 | INFO ] 🧩 Model added for round 48 (7/7) from ['node_37']
[ 2026-05-13 18:59:43 | node_6 | INFO ] 🧩 Model added for round 48 (10/10) from ['node_35']
[ 2026-05-13 18:59:43 | node_47 | INFO ] 🧠 Aggregation complete. Setting new model.
[ 2026-05-13 18:59:43 | node_38 | INFO ] 🧠 Aggregation complete. Setting new model.
[ 2026-05-13 18:59:43 | node_5 | INFO ] 🧠 Aggregation complete. Setting new model.
[ 2026-05-13 18:59:43 | node_4 | INFO ] 🧠 Aggregation complete. Setting new model.
[ 2026-05-13 18:59:44 | node_47 | INFO ] 🗣️ Gossiping aggregated model.
[ 2026-05-13 18:59:44 | node_49 | INFO ] 🧩 Model added for round 48 (8/9) from ['node_37']
[ 2026-05-13 18:59:44 | node_38 | INFO ] 🗣️ Gossiping aggregated model.
[ 2026-05-13 18:59:44 | node_5 | INFO ] 🗣️ Gossiping aggregated model.
[ 2026-05-13 18:59:44 | node_4 | INFO ] 🗣️ Gossiping aggregated model.
[ 2026-05-13 18:59:44 | node_8 | INFO ] 🧩 Model added for round 48 (6/6) from ['node_35']
[ 2026-05-13 18:59:44 | node_22 | INFO ] 🤫 Gossip finished.
[ 2026-05-13 18:59:44 | node_22 | INFO ] 🔬 Evaluating...
[ 2026-05-13 18:59:45 | node_22 | INFO ] 📈 Evaluated. Results: {'test_loss': 0.06233729049563408, 'test_acc': 0.9750000238418579, 'test_precision': 0.9720605611801147, 'test_recall': 0.9628571271896362, 'test_f1': 0.9666428565979004, 'communication_cost': 18816980}
[ 2026-05-13 18:59:46 | node_22 | INFO ] 📢 Broadcasting metrics.
[ 2026-05-13 18:59:46 | node_17 | INFO ] 🧩 Model added for round 48 (9/9) from ['node_35']
[ 2026-05-13 18:59:47 | node_8 | INFO ] 🧠 Aggregation complete. Setting new model.
[ 2026-05-13 18:59:47 | node_6 | INFO ] 🧠 Aggregation complete. Setting new model.
[ 2026-05-13 18:59:47 | node_37 | INFO ] 🧠 Aggregation complete. Setting new model.
[ 2026-05-13 18:59:47 | node_17 | INFO ] 🧠 Aggregation complete. Setting new model.
[ 2026-05-13 18:59:47 | node_8 | INFO ] 🗣️ Gossiping aggregated model.
[ 2026-05-13 18:59:47 | node_17 | INFO ] 🗣️ Gossiping aggregated model.
[ 2026-05-13 18:59:47 | node_37 | INFO ] 🗣️ Gossiping aggregated model.
[ 2026-05-13 18:59:47 | node_6 | INFO ] 🗣️ Gossiping aggregated model.
[ 2026-05-13 18:59:48 | node_22 | INFO ] 🎉 Round 49 of 50 finished.
[ 2026-05-13 18:59:48 | node_22 | INFO ] 🗳️ [DETERMINISTIC] Train set assigned (No Voting). Size: 50
[ 2026-05-13 18:59:48 | node_22 | INFO ] 🏋️‍♀️ Preparing training...
[ 2026-05-13 18:59:48 | node_19 | INFO ] 🧩 Model added for round 48 (12/12) from ['node_35']
[ 2026-05-13 18:59:49 | node_22 | INFO ] 🎓 Training step done.
[ 2026-05-13 18:59:49 | node_22 | INFO ] 🛠️ Calling force_add_local_model...
[ 2026-05-13 18:59:49 | node_22 | INFO ] ✅ [FORCE] Local model added for round 49. (1/6)
[ 2026-05-13 18:59:50 | node_19 | INFO ] 🧠 Aggregation complete. Setting new model.
[ 2026-05-13 18:59:51 | node_20 | INFO ] 🧩 Model added for round 48 (10/11) from ['node_35']
[ 2026-05-13 18:59:51 | node_19 | INFO ] 🗣️ Gossiping aggregated model.
[ 2026-05-13 18:59:52 | node_26 | INFO ] 🧩 Model added for round 48 (8/8) from ['node_35']
[ 2026-05-13 18:59:53 | node_26 | INFO ] 🧠 Aggregation complete. Setting new model.
[ 2026-05-13 18:59:53 | node_27 | INFO ] 🧩 Model added for round 48 (10/10) from ['node_35']
[ 2026-05-13 18:59:54 | node_26 | INFO ] 🗣️ Gossiping aggregated model.
[ 2026-05-13 18:59:54 | node_45 | INFO ] 🤫 Gossip finished.
[ 2026-05-13 18:59:54 | node_22 | INFO ] 📤 Sending model to 5 direct neighbors: ['node_2', 'node_18', 'node_24', 'node_30', 'node_47']
[ 2026-05-13 18:59:54 | node_45 | INFO ] 🔬 Evaluating...
[ 2026-05-13 18:59:55 | node_45 | INFO ] 📈 Evaluated. Results: {'test_loss': 0.3768017590045929, 'test_acc': 0.949999988079071, 'test_precision': 0.9527870416641235, 'test_recall': 0.9496617913246155, 'test_f1': 0.9504072070121765, 'communication_cost': 18816980}
[ 2026-05-13 18:59:55 | node_45 | INFO ] 📢 Broadcasting metrics.
[ 2026-05-13 18:59:55 | node_39 | INFO ] 🧩 Model added for round 48 (13/13) from ['node_35']
[ 2026-05-13 18:59:55 | node_27 | INFO ] 🧠 Aggregation complete. Setting new model.
[ 2026-05-13 18:59:56 | node_27 | INFO ] 🗣️ Gossiping aggregated model.
[ 2026-05-13 18:59:57 | node_45 | INFO ] 🎉 Round 49 of 50 finished.
[ 2026-05-13 18:59:57 | node_45 | INFO ] 🗳️ [DETERMINISTIC] Train set assigned (No Voting). Size: 50
[ 2026-05-13 18:59:58 | node_45 | INFO ] 🏋️‍♀️ Preparing training...
[ 2026-05-13 18:59:58 | node_40 | INFO ] 🧩 Model added for round 48 (10/11) from ['node_35']
[ 2026-05-13 18:59:58 | node_45 | INFO ] 🎓 Training step done.
[ 2026-05-13 18:59:58 | node_45 | INFO ] 🛠️ Calling force_add_local_model...
[ 2026-05-13 18:59:58 | node_45 | INFO ] ✅ [FORCE] Local model added for round 49. (1/6)
[ 2026-05-13 18:59:59 | node_39 | INFO ] 🧠 Aggregation complete. Setting new model.
[ 2026-05-13 19:00:00 | node_35 | INFO ] 🧠 Aggregation complete. Setting new model.
[ 2026-05-13 19:00:00 | node_39 | INFO ] 🗣️ Gossiping aggregated model.
[ 2026-05-13 19:00:01 | node_35 | INFO ] 🗣️ Gossiping aggregated model.
[ 2026-05-13 19:00:01 | node_23 | INFO ] 🤫 Gossip finished.
[ 2026-05-13 19:00:01 | node_23 | INFO ] 🔬 Evaluating...
[ 2026-05-13 19:00:02 | node_23 | INFO ] 📈 Evaluated. Results: {'test_loss': 0.47681576013565063, 'test_acc': 0.9549999833106995, 'test_precision': 0.9513680934906006, 'test_recall': 0.9596443176269531, 'test_f1': 0.9539211988449097, 'communication_cost': 18816980}
[ 2026-05-13 19:00:02 | node_23 | INFO ] 📢 Broadcasting metrics.
[ 2026-05-13 19:00:04 | node_45 | INFO ] 📤 Sending model to 5 direct neighbors: ['node_4', 'node_7', 'node_26', 'node_30', 'node_42']
[ 2026-05-13 19:00:04 | node_23 | INFO ] 🎉 Round 49 of 50 finished.
[ 2026-05-13 19:00:04 | node_23 | INFO ] 🗳️ [DETERMINISTIC] Train set assigned (No Voting). Size: 50
[ 2026-05-13 19:00:04 | node_23 | INFO ] 🏋️‍♀️ Preparing training...
[ 2026-05-13 19:00:05 | node_23 | INFO ] 🎓 Training step done.
[ 2026-05-13 19:00:05 | node_23 | INFO ] 🛠️ Calling force_add_local_model...
[ 2026-05-13 19:00:05 | node_23 | INFO ] ✅ [FORCE] Local model added for round 49. (1/6)
[ 2026-05-13 19:00:10 | node_23 | INFO ] 📤 Sending model to 5 direct neighbors: ['node_7', 'node_10', 'node_25', 'node_30', 'node_39']
[ 2026-05-13 19:00:16 | node_33 | INFO ] ⏹️  Gossiping exited for 50 equal rounds.
[ 2026-05-13 19:00:16 | node_33 | INFO ] 🔬 Evaluating...
[ 2026-05-13 19:00:17 | node_33 | INFO ] 📈 Evaluated. Results: {'test_loss': 0.2993699312210083, 'test_acc': 0.9599999785423279, 'test_precision': 0.9621173143386841, 'test_recall': 0.9569836258888245, 'test_f1': 0.9587262868881226, 'communication_cost': 18816980}
[ 2026-05-13 19:00:17 | node_33 | INFO ] 📢 Broadcasting metrics.
[ 2026-05-13 19:00:19 | node_33 | INFO ] 🎉 Round 49 of 50 finished.
[ 2026-05-13 19:00:19 | node_33 | INFO ] 🗳️ [DETERMINISTIC] Train set assigned (No Voting). Size: 50
[ 2026-05-13 19:00:19 | node_33 | INFO ] 🏋️‍♀️ Preparing training...
[ 2026-05-13 19:00:20 | node_33 | INFO ] 🎓 Training step done.
[ 2026-05-13 19:00:20 | node_33 | INFO ] 🛠️ Calling force_add_local_model...
[ 2026-05-13 19:00:20 | node_33 | INFO ] ✅ [FORCE] Local model added for round 49. (1/6)
[ 2026-05-13 19:00:25 | node_33 | INFO ] 📤 Sending model to 5 direct neighbors: ['node_9', 'node_24', 'node_31', 'node_38', 'node_44']
[ 2026-05-13 19:00:48 | node_41 | INFO ] ⏹️  Gossiping exited for 50 equal rounds.
[ 2026-05-13 19:00:48 | node_41 | INFO ] 🔬 Evaluating...
[ 2026-05-13 19:00:48 | node_41 | INFO ] 📈 Evaluated. Results: {'test_loss': 0.4780544340610504, 'test_acc': 0.9549999833106995, 'test_precision': 0.957139790058136, 'test_recall': 0.9575921893119812, 'test_f1': 0.9546924829483032, 'communication_cost': 15053584}
[ 2026-05-13 19:00:49 | node_41 | INFO ] 📢 Broadcasting metrics.
[ 2026-05-13 19:00:51 | node_41 | INFO ] 🎉 Round 49 of 50 finished.
[ 2026-05-13 19:00:51 | node_41 | INFO ] 🗳️ [DETERMINISTIC] Train set assigned (No Voting). Size: 50
[ 2026-05-13 19:00:51 | node_41 | INFO ] 🏋️‍♀️ Preparing training...
[ 2026-05-13 19:00:51 | node_41 | INFO ] 🎓 Training step done.
[ 2026-05-13 19:00:51 | node_41 | INFO ] 🛠️ Calling force_add_local_model...
[ 2026-05-13 19:00:51 | node_41 | INFO ] ✅ [FORCE] Local model added for round 49. (1/5)
[ 2026-05-13 19:00:56 | node_41 | INFO ] 📤 Sending model to 4 direct neighbors: ['node_14', 'node_24', 'node_31', 'node_32']
[ 2026-05-13 19:00:58 | node_1 | INFO ] ⏹️  Gossiping exited for 50 equal rounds.
[ 2026-05-13 19:00:58 | node_1 | INFO ] 🔬 Evaluating...
[ 2026-05-13 19:00:59 | node_1 | INFO ] 📈 Evaluated. Results: {'test_loss': 0.18229782581329346, 'test_acc': 0.9599999785423279, 'test_precision': 0.959787130355835, 'test_recall': 0.9590840339660645, 'test_f1': 0.9578064680099487, 'communication_cost': 15053584}
[ 2026-05-13 19:00:59 | node_1 | INFO ] 📢 Broadcasting metrics.
[ 2026-05-13 19:01:02 | node_1 | INFO ] 🎉 Round 49 of 50 finished.
[ 2026-05-13 19:01:02 | node_1 | INFO ] 🗳️ [DETERMINISTIC] Train set assigned (No Voting). Size: 50
[ 2026-05-13 19:01:02 | node_1 | INFO ] 🏋️‍♀️ Preparing training...
[ 2026-05-13 19:01:02 | node_1 | INFO ] 🎓 Training step done.
[ 2026-05-13 19:01:02 | node_1 | INFO ] 🛠️ Calling force_add_local_model...
[ 2026-05-13 19:01:02 | node_1 | INFO ] ✅ [FORCE] Local model added for round 49. (1/5)
[ 2026-05-13 19:01:07 | node_11 | INFO ] ⏹️  Gossiping exited for 50 equal rounds.
[ 2026-05-13 19:01:07 | node_11 | INFO ] 🔬 Evaluating...
[ 2026-05-13 19:01:07 | node_11 | INFO ] 📈 Evaluated. Results: {'test_loss': 0.16259464621543884, 'test_acc': 0.9700000286102295, 'test_precision': 0.96930330991745, 'test_recall': 0.9685519337654114, 'test_f1': 0.9683067798614502, 'communication_cost': 41397356}
[ 2026-05-13 19:01:07 | node_1 | INFO ] 📤 Sending model to 4 direct neighbors: ['node_3', 'node_4', 'node_12', 'node_18']
[ 2026-05-13 19:01:08 | node_11 | INFO ] 📢 Broadcasting metrics.
[ 2026-05-13 19:01:13 | node_11 | INFO ] 🎉 Round 48 of 50 finished.
[ 2026-05-13 19:01:13 | node_11 | INFO ] 🗳️ [DETERMINISTIC] Train set assigned (No Voting). Size: 50
[ 2026-05-13 19:01:13 | node_11 | INFO ] ♻️ Proactively processing 11 early models for round 48.
[ 2026-05-13 19:01:13 | node_11 | INFO ] 🧩 Model added for round 48 (1/12) from ['node_32']
[ 2026-05-13 19:01:13 | node_11 | INFO ] 🧩 Model added for round 48 (2/12) from ['node_20']
[ 2026-05-13 19:01:14 | node_11 | INFO ] 🧩 Model added for round 48 (3/12) from ['node_46']
[ 2026-05-13 19:01:14 | node_11 | INFO ] 🧩 Model added for round 48 (4/12) from ['node_36']
[ 2026-05-13 19:01:14 | node_11 | INFO ] 🧩 Model added for round 48 (5/12) from ['node_31']
[ 2026-05-13 19:01:14 | node_11 | INFO ] 🧩 Model added for round 48 (6/12) from ['node_3']
[ 2026-05-13 19:01:14 | node_11 | INFO ] 🧩 Model added for round 48 (7/12) from ['node_40']
[ 2026-05-13 19:01:14 | node_24 | INFO ] ⏹️  Gossiping exited for 50 equal rounds.
[ 2026-05-13 19:01:14 | node_11 | INFO ] 🧩 Model added for round 48 (8/12) from ['node_43']
[ 2026-05-13 19:01:14 | node_11 | INFO ] 🧩 Model added for round 48 (9/12) from ['node_49']
[ 2026-05-13 19:01:14 | node_11 | INFO ] 🧩 Model added for round 48 (10/12) from ['node']
[ 2026-05-13 19:01:14 | node_24 | INFO ] 🔬 Evaluating...
[ 2026-05-13 19:01:14 | node_11 | INFO ] 🧩 Model added for round 48 (11/12) from ['node_29']
[ 2026-05-13 19:01:14 | node_11 | INFO ] 🏋️‍♀️ Preparing training...
[ 2026-05-13 19:01:15 | node_24 | INFO ] 📈 Evaluated. Results: {'test_loss': 0.27603891491889954, 'test_acc': 0.9750000238418579, 'test_precision': 0.9719251990318298, 'test_recall': 0.9764173626899719, 'test_f1': 0.97393798828125, 'communication_cost': 33870564}
[ 2026-05-13 19:01:15 | node_24 | INFO ] 📢 Broadcasting metrics.
[ 2026-05-13 19:01:15 | node_11 | INFO ] 🎓 Training step done.
[ 2026-05-13 19:01:15 | node_11 | INFO ] 🛠️ Calling force_add_local_model...
[ 2026-05-13 19:01:15 | node_11 | INFO ] ✅ [FORCE] Local model added for round 48. (12/12)
[ 2026-05-13 19:01:19 | node_24 | INFO ] 🎉 Round 49 of 50 finished.
[ 2026-05-13 19:01:19 | node_24 | INFO ] 🗳️ [DETERMINISTIC] Train set assigned (No Voting). Size: 50
[ 2026-05-13 19:01:19 | node_24 | INFO ] ♻️ Proactively processing 3 early models for round 49.
[ 2026-05-13 19:01:19 | node_24 | INFO ] 🧩 Model added for round 49 (1/10) from ['node_22']
[ 2026-05-13 19:01:19 | node_24 | INFO ] 🧩 Model added for round 49 (2/10) from ['node_33']
[ 2026-05-13 19:01:20 | node_24 | INFO ] 🧩 Model added for round 49 (3/10) from ['node_41']
[ 2026-05-13 19:01:20 | node_24 | INFO ] 🏋️‍♀️ Preparing training...
[ 2026-05-13 19:01:20 | node_24 | INFO ] 🎓 Training step done.
[ 2026-05-13 19:01:20 | node_24 | INFO ] 🛠️ Calling force_add_local_model...
[ 2026-05-13 19:01:20 | node_6 | INFO ] ⏹️  Gossiping exited for 50 equal rounds.
[ 2026-05-13 19:01:20 | node_24 | INFO ] ✅ [FORCE] Local model added for round 49. (4/10)
[ 2026-05-13 19:01:20 | node_6 | INFO ] 🔬 Evaluating...
[ 2026-05-13 19:01:20 | node_8 | INFO ] ⏹️  Gossiping exited for 50 equal rounds.
[ 2026-05-13 19:01:20 | node_11 | INFO ] 📤 Sending model to 11 direct neighbors: ['node', 'node_3', 'node_20', 'node_29', 'node_31', 'node_32', 'node_36', 'node_40', 'node_43', 'node_46', 'node_49']
[ 2026-05-13 19:01:20 | node_8 | INFO ] 🔬 Evaluating...
[ 2026-05-13 19:01:20 | node_34 | INFO ] ⏹️  Gossiping exited for 50 equal rounds.
[ 2026-05-13 19:01:20 | node_6 | INFO ] 📈 Evaluated. Results: {'test_loss': 0.19254671037197113, 'test_acc': 0.9549999833106995, 'test_precision': 0.9560539722442627, 'test_recall': 0.9585732817649841, 'test_f1': 0.9564030170440674, 'communication_cost': 33870564}
[ 2026-05-13 19:01:20 | node_34 | INFO ] 🔬 Evaluating...
[ 2026-05-13 19:01:20 | node_6 | INFO ] 📢 Broadcasting metrics.
[ 2026-05-13 19:01:21 | node | INFO ] 🧩 Model added for round 48 (10/10) from ['node_11']
[ 2026-05-13 19:01:21 | node_8 | INFO ] 📈 Evaluated. Results: {'test_loss': 0.17412641644477844, 'test_acc': 0.9649999737739563, 'test_precision': 0.9669248461723328, 'test_recall': 0.9666985869407654, 'test_f1': 0.966218113899231, 'communication_cost': 18816980}
[ 2026-05-13 19:01:21 | node_8 | INFO ] 📢 Broadcasting metrics.
[ 2026-05-13 19:01:21 | node_34 | INFO ] 📈 Evaluated. Results: {'test_loss': 0.2765417993068695, 'test_acc': 0.9750000238418579, 'test_precision': 0.9773211479187012, 'test_recall': 0.974031925201416, 'test_f1': 0.9751158952713013, 'communication_cost': 22580376}
[ 2026-05-13 19:01:21 | node_34 | INFO ] 📢 Broadcasting metrics.
[ 2026-05-13 19:01:22 | node | INFO ] 🧠 Aggregation complete. Setting new model.
[ 2026-05-13 19:01:23 | node_3 | INFO ] 🧩 Model added for round 48 (9/9) from ['node_11']
[ 2026-05-13 19:01:23 | node | INFO ] 🗣️ Gossiping aggregated model.
[ 2026-05-13 19:01:23 | node_3 | INFO ] 🧠 Aggregation complete. Setting new model.
[ 2026-05-13 19:01:24 | node_8 | INFO ] 🎉 Round 49 of 50 finished.
[ 2026-05-13 19:01:24 | node_8 | INFO ] 🗳️ [DETERMINISTIC] Train set assigned (No Voting). Size: 50
[ 2026-05-13 19:01:24 | node_8 | INFO ] 🏋️‍♀️ Preparing training...
[ 2026-05-13 19:01:24 | node_3 | INFO ] 🗣️ Gossiping aggregated model.
[ 2026-05-13 19:01:24 | node_12 | INFO ] ⏹️  Gossiping exited for 50 equal rounds.
[ 2026-05-13 19:01:24 | node_34 | INFO ] 🎉 Round 49 of 50 finished.
[ 2026-05-13 19:01:24 | node_12 | INFO ] 🔬 Evaluating...
[ 2026-05-13 19:01:24 | node_34 | INFO ] 🗳️ [DETERMINISTIC] Train set assigned (No Voting). Size: 50
[ 2026-05-13 19:01:24 | node_20 | INFO ] 🧩 Model added for round 48 (11/11) from ['node_11']
[ 2026-05-13 19:01:24 | node_8 | INFO ] 🎓 Training step done.
[ 2026-05-13 19:01:25 | node_8 | INFO ] 🛠️ Calling force_add_local_model...
[ 2026-05-13 19:01:25 | node_34 | INFO ] 🏋️‍♀️ Preparing training...
[ 2026-05-13 19:01:25 | node_8 | INFO ] ✅ [FORCE] Local model added for round 49. (1/6)
[ 2026-05-13 19:01:25 | node_12 | INFO ] 📈 Evaluated. Results: {'test_loss': 0.226974219083786, 'test_acc': 0.9700000286102295, 'test_precision': 0.9738990664482117, 'test_recall': 0.9689856171607971, 'test_f1': 0.9705911874771118, 'communication_cost': 30107168}
[ 2026-05-13 19:01:25 | node_12 | INFO ] 📢 Broadcasting metrics.
[ 2026-05-13 19:01:25 | node_24 | INFO ] 📤 Sending model to 9 direct neighbors: ['node_2', 'node_8', 'node_9', 'node_19', 'node_22', 'node_33', 'node_39', 'node_41', 'node_44']
[ 2026-05-13 19:01:25 | node_20 | INFO ] 🧠 Aggregation complete. Setting new model.
[ 2026-05-13 19:01:26 | node_34 | INFO ] 🎓 Training step done.
[ 2026-05-13 19:01:26 | node_6 | INFO ] 🎉 Round 49 of 50 finished.
[ 2026-05-13 19:01:26 | node_34 | INFO ] 🛠️ Calling force_add_local_model...
[ 2026-05-13 19:01:26 | node_34 | INFO ] ✅ [FORCE] Local model added for round 49. (1/7)
[ 2026-05-13 19:01:26 | node_6 | INFO ] 🗳️ [DETERMINISTIC] Train set assigned (No Voting). Size: 50
[ 2026-05-13 19:01:26 | node_6 | INFO ] 🏋️‍♀️ Preparing training...
[ 2026-05-13 19:01:26 | node_8 | INFO ] 🧩 Model added for round 49 (2/6) from ['node_24']
[ 2026-05-13 19:01:27 | node_6 | INFO ] 🎓 Training step done.
[ 2026-05-13 19:01:27 | node_6 | INFO ] 🛠️ Calling force_add_local_model...
[ 2026-05-13 19:01:27 | node_29 | INFO ] 🧩 Model added for round 48 (13/13) from ['node_11']
[ 2026-05-13 19:01:27 | node_6 | INFO ] ✅ [FORCE] Local model added for round 49. (1/10)
[ 2026-05-13 19:01:27 | node_20 | INFO ] 🗣️ Gossiping aggregated model.
[ 2026-05-13 19:01:27 | node_29 | INFO ] 🧠 Aggregation complete. Setting new model.
[ 2026-05-13 19:01:28 | node_22 | INFO ] 🧩 Model added for round 49 (2/6) from ['node_24']
[ 2026-05-13 19:01:29 | node_12 | INFO ] 🎉 Round 49 of 50 finished.
[ 2026-05-13 19:01:29 | node_29 | INFO ] 🗣️ Gossiping aggregated model.
[ 2026-05-13 19:01:29 | node_12 | INFO ] 🗳️ [DETERMINISTIC] Train set assigned (No Voting). Size: 50
[ 2026-05-13 19:01:29 | node_12 | INFO ] ♻️ Proactively processing 1 early models for round 49.
[ 2026-05-13 19:01:29 | node_31 | INFO ] 🧩 Model added for round 48 (11/11) from ['node_11']
[ 2026-05-13 19:01:29 | node_12 | INFO ] 🧩 Model added for round 49 (1/9) from ['node_1']
[ 2026-05-13 19:01:29 | node_12 | INFO ] 🏋️‍♀️ Preparing training...
[ 2026-05-13 19:01:30 | node_33 | INFO ] 🧩 Model added for round 49 (2/6) from ['node_24']
[ 2026-05-13 19:01:30 | node_8 | INFO ] 📤 Sending model to 5 direct neighbors: ['node_9', 'node_14', 'node_24', 'node_32', 'node_35']
[ 2026-05-13 19:01:30 | node_12 | INFO ] 🎓 Training step done.
[ 2026-05-13 19:01:30 | node_12 | INFO ] 🛠️ Calling force_add_local_model...
[ 2026-05-13 19:01:30 | node_12 | INFO ] ✅ [FORCE] Local model added for round 49. (2/9)
[ 2026-05-13 19:01:30 | node_31 | INFO ] 🧠 Aggregation complete. Setting new model.
[ 2026-05-13 19:01:31 | node_34 | INFO ] 📤 Sending model to 6 direct neighbors: ['node_5', 'node_9', 'node_12', 'node_13', 'node_36', 'node_38']
[ 2026-05-13 19:01:31 | node_31 | INFO ] 🗣️ Gossiping aggregated model.
[ 2026-05-13 19:01:31 | node_32 | INFO ] 🧩 Model added for round 48 (9/9) from ['node_11']
[ 2026-05-13 19:01:31 | node_10 | INFO ] ⏹️  Gossiping exited for 50 equal rounds.
[ 2026-05-13 19:01:31 | node_10 | INFO ] 🔬 Evaluating...
[ 2026-05-13 19:01:32 | node_41 | INFO ] 🧩 Model added for round 49 (2/5) from ['node_24']
[ 2026-05-13 19:01:32 | node_10 | INFO ] 📈 Evaluated. Results: {'test_loss': 0.2973613440990448, 'test_acc': 0.9750000238418579, 'test_precision': 0.9740197062492371, 'test_recall': 0.9776363968849182, 'test_f1': 0.9752510190010071, 'communication_cost': 22580376}
[ 2026-05-13 19:01:32 | node_24 | INFO ] 🧩 Model added for round 49 (5/10) from ['node_8']
[ 2026-05-13 19:01:32 | node_6 | INFO ] 📤 Sending model to 9 direct neighbors: ['node_10', 'node_19', 'node_21', 'node_25', 'node_30', 'node_35', 'node_38', 'node_39', 'node_43']
[ 2026-05-13 19:01:32 | node_10 | INFO ] 📢 Broadcasting metrics.
[ 2026-05-13 19:01:33 | node_36 | INFO ] 🧩 Model added for round 48 (9/9) from ['node_11']
[ 2026-05-13 19:01:33 | node_12 | INFO ] 🧩 Model added for round 49 (3/9) from ['node_34']
[ 2026-05-13 19:01:35 | node_12 | INFO ] 📤 Sending model to 8 direct neighbors: ['node_1', 'node_13', 'node_19', 'node_27', 'node_30', 'node_34', 'node_36', 'node_49']
[ 2026-05-13 19:01:35 | node_10 | INFO ] 🎉 Round 49 of 50 finished.
[ 2026-05-13 19:01:35 | node_10 | INFO ] 🗳️ [DETERMINISTIC] Train set assigned (No Voting). Size: 50
[ 2026-05-13 19:01:35 | node_10 | INFO ] ♻️ Proactively processing 2 early models for round 49.
[ 2026-05-13 19:01:35 | node_10 | INFO ] 🧩 Model added for round 49 (1/7) from ['node_23']
[ 2026-05-13 19:01:35 | node_40 | INFO ] 🧩 Model added for round 48 (11/11) from ['node_11']
[ 2026-05-13 19:01:36 | node_10 | INFO ] 🧩 Model added for round 49 (2/7) from ['node_6']
[ 2026-05-13 19:01:36 | node_10 | INFO ] 🏋️‍♀️ Preparing training...
[ 2026-05-13 19:01:36 | node_1 | INFO ] 🧩 Model added for round 49 (2/5) from ['node_12']
[ 2026-05-13 19:01:36 | node_32 | INFO ] 🧠 Aggregation complete. Setting new model.
[ 2026-05-13 19:01:36 | node_36 | INFO ] 🧠 Aggregation complete. Setting new model.
[ 2026-05-13 19:01:36 | node_40 | INFO ] 🧠 Aggregation complete. Setting new model.
[ 2026-05-13 19:01:36 | node_10 | INFO ] 🎓 Training step done.
[ 2026-05-13 19:01:36 | node_10 | INFO ] 🛠️ Calling force_add_local_model...
[ 2026-05-13 19:01:37 | node_10 | INFO ] ✅ [FORCE] Local model added for round 49. (3/7)
[ 2026-05-13 19:01:37 | node_32 | INFO ] 🗣️ Gossiping aggregated model.
[ 2026-05-13 19:01:37 | node_36 | INFO ] 🗣️ Gossiping aggregated model.
[ 2026-05-13 19:01:38 | node_40 | INFO ] 🗣️ Gossiping aggregated model.
[ 2026-05-13 19:01:38 | node_43 | INFO ] 🧩 Model added for round 48 (9/9) from ['node_11']
[ 2026-05-13 19:01:40 | node_46 | INFO ] 🧩 Model added for round 48 (7/7) from ['node_11']
[ 2026-05-13 19:01:40 | node_34 | INFO ] 🧩 Model added for round 49 (2/7) from ['node_12']
[ 2026-05-13 19:01:40 | node_43 | INFO ] 🧠 Aggregation complete. Setting new model.
[ 2026-05-13 19:01:40 | node_46 | INFO ] 🧠 Aggregation complete. Setting new model.
[ 2026-05-13 19:01:41 | node_46 | INFO ] 🗣️ Gossiping aggregated model.
[ 2026-05-13 19:01:41 | node_43 | INFO ] 🗣️ Gossiping aggregated model.
[ 2026-05-13 19:01:42 | node_10 | INFO ] 📤 Sending model to 6 direct neighbors: ['node_4', 'node_6', 'node_9', 'node_18', 'node_23', 'node_38']
[ 2026-05-13 19:01:42 | node_49 | INFO ] 🧩 Model added for round 48 (9/9) from ['node_11']
[ 2026-05-13 19:01:43 | node_6 | INFO ] 🧩 Model added for round 49 (2/10) from ['node_10']
[ 2026-05-13 19:01:45 | node_5 | INFO ] ⏹️  Gossiping exited for 50 equal rounds.
[ 2026-05-13 19:01:46 | node_5 | INFO ] 🔬 Evaluating...
[ 2026-05-13 19:01:46 | node_23 | INFO ] 🧩 Model added for round 49 (2/6) from ['node_10']
[ 2026-05-13 19:01:46 | node_5 | INFO ] 📈 Evaluated. Results: {'test_loss': 0.21523019671440125, 'test_acc': 0.9649999737739563, 'test_precision': 0.9660754203796387, 'test_recall': 0.9650009870529175, 'test_f1': 0.9651448726654053, 'communication_cost': 33870564}
[ 2026-05-13 19:01:46 | node_5 | INFO ] 📢 Broadcasting metrics.
[ 2026-05-13 19:01:47 | node_16 | INFO ] ⏹️  Gossiping exited for 50 equal rounds.
[ 2026-05-13 19:01:47 | node_16 | INFO ] 🔬 Evaluating...
[ 2026-05-13 19:01:48 | node_16 | INFO ] 📈 Evaluated. Results: {'test_loss': 0.24139004945755005, 'test_acc': 0.9750000238418579, 'test_precision': 0.9727419018745422, 'test_recall': 0.9752707481384277, 'test_f1': 0.9725989699363708, 'communication_cost': 18816980}
[ 2026-05-13 19:01:48 | node_16 | INFO ] 📢 Broadcasting metrics.
[ 2026-05-13 19:01:48 | node_47 | INFO ] ⏹️  Gossiping exited for 50 equal rounds.
[ 2026-05-13 19:01:48 | node_47 | INFO ] 🔬 Evaluating...
[ 2026-05-13 19:01:48 | node_44 | INFO ] ⏹️  Gossiping exited for 50 equal rounds.
[ 2026-05-13 19:01:48 | node_47 | INFO ] 📈 Evaluated. Results: {'test_loss': 0.06851190328598022, 'test_acc': 0.9700000286102295, 'test_precision': 0.9695845246315002, 'test_recall': 0.9664682149887085, 'test_f1': 0.9676517248153687, 'communication_cost': 22580376}
[ 2026-05-13 19:01:49 | node_44 | INFO ] 🔬 Evaluating...
[ 2026-05-13 19:01:49 | node_47 | INFO ] 📢 Broadcasting metrics.
[ 2026-05-13 19:01:49 | node_44 | INFO ] 📈 Evaluated. Results: {'test_loss': 0.1834467500448227, 'test_acc': 0.9549999833106995, 'test_precision': 0.9534351825714111, 'test_recall': 0.9533337354660034, 'test_f1': 0.9522408246994019, 'communication_cost': 18816980}
[ 2026-05-13 19:01:49 | node_49 | INFO ] 🧠 Aggregation complete. Setting new model.
[ 2026-05-13 19:01:49 | node_44 | INFO ] 📢 Broadcasting metrics.
[ 2026-05-13 19:01:50 | node_16 | INFO ] 🎉 Round 49 of 50 finished.
[ 2026-05-13 19:01:50 | node_16 | INFO ] 🗳️ [DETERMINISTIC] Train set assigned (No Voting). Size: 50
[ 2026-05-13 19:01:50 | node_5 | INFO ] 🎉 Round 49 of 50 finished.
[ 2026-05-13 19:01:50 | node_16 | INFO ] 🏋️‍♀️ Preparing training...
[ 2026-05-13 19:01:50 | node_5 | INFO ] 🗳️ [DETERMINISTIC] Train set assigned (No Voting). Size: 50
[ 2026-05-13 19:01:50 | node_49 | INFO ] 🗣️ Gossiping aggregated model.
[ 2026-05-13 19:01:50 | node_5 | INFO ] ♻️ Proactively processing 1 early models for round 49.
[ 2026-05-13 19:01:50 | node_5 | INFO ] 🧩 Model added for round 49 (1/10) from ['node_34']
[ 2026-05-13 19:01:50 | node_5 | INFO ] 🏋️‍♀️ Preparing training...
[ 2026-05-13 19:01:51 | node_16 | INFO ] 🎓 Training step done.
[ 2026-05-13 19:01:51 | node_11 | INFO ] 🧠 Aggregation complete. Setting new model.
[ 2026-05-13 19:01:51 | node_16 | INFO ] 🛠️ Calling force_add_local_model...
[ 2026-05-13 19:01:51 | node_5 | INFO ] 🎓 Training step done.
[ 2026-05-13 19:01:51 | node_5 | INFO ] 🛠️ Calling force_add_local_model...
[ 2026-05-13 19:01:51 | node_16 | INFO ] ✅ [FORCE] Local model added for round 49. (1/6)
[ 2026-05-13 19:01:51 | node_5 | INFO ] ✅ [FORCE] Local model added for round 49. (2/10)
[ 2026-05-13 19:01:52 | node_48 | INFO ] ⏹️  Gossiping exited for 50 equal rounds.
[ 2026-05-13 19:01:52 | node_48 | INFO ] 🔬 Evaluating...
[ 2026-05-13 19:01:52 | node_47 | INFO ] 🎉 Round 49 of 50 finished.
[ 2026-05-13 19:01:52 | node_47 | INFO ] 🗳️ [DETERMINISTIC] Train set assigned (No Voting). Size: 50
[ 2026-05-13 19:01:52 | node_48 | INFO ] 📈 Evaluated. Results: {'test_loss': 0.299183189868927, 'test_acc': 0.949999988079071, 'test_precision': 0.9566517472267151, 'test_recall': 0.9506871700286865, 'test_f1': 0.9523160457611084, 'communication_cost': 26343772}
[ 2026-05-13 19:01:52 | node_47 | INFO ] ♻️ Proactively processing 1 early models for round 49.
[ 2026-05-13 19:01:53 | node_47 | INFO ] 🧩 Model added for round 49 (1/7) from ['node_22']
[ 2026-05-13 19:01:53 | node_48 | INFO ] 📢 Broadcasting metrics.
[ 2026-05-13 19:01:53 | node_47 | INFO ] 🏋️‍♀️ Preparing training...
[ 2026-05-13 19:01:53 | node_44 | INFO ] 🎉 Round 49 of 50 finished.
[ 2026-05-13 19:01:53 | node_11 | INFO ] 🗣️ Gossiping aggregated model.
[ 2026-05-13 19:01:53 | node_46 | INFO ] 🤫 Gossip finished.
[ 2026-05-13 19:01:53 | node_44 | INFO ] 🗳️ [DETERMINISTIC] Train set assigned (No Voting). Size: 50
[ 2026-05-13 19:01:53 | node_11 | INFO ] 🤫 Gossip finished.
[ 2026-05-13 19:01:53 | node_46 | INFO ] 🔬 Evaluating...
[ 2026-05-13 19:01:53 | node_11 | INFO ] 🔬 Evaluating...
[ 2026-05-13 19:01:53 | node_44 | INFO ] ♻️ Proactively processing 2 early models for round 49.
[ 2026-05-13 19:01:53 | node_44 | INFO ] 🧩 Model added for round 49 (1/6) from ['node_33']
[ 2026-05-13 19:01:53 | node_47 | INFO ] 🎓 Training step done.
[ 2026-05-13 19:01:53 | node_44 | INFO ] 🧩 Model added for round 49 (2/6) from ['node_24']
[ 2026-05-13 19:01:53 | node_47 | INFO ] 🛠️ Calling force_add_local_model...
[ 2026-05-13 19:01:53 | node_44 | INFO ] 🏋️‍♀️ Preparing training...
[ 2026-05-13 19:01:53 | node_47 | INFO ] ✅ [FORCE] Local model added for round 49. (2/7)
[ 2026-05-13 19:01:53 | node_11 | INFO ] 📈 Evaluated. Results: {'test_loss': 0.1711406260728836, 'test_acc': 0.9750000238418579, 'test_precision': 0.9793077707290649, 'test_recall': 0.9738150835037231, 'test_f1': 0.9756894707679749, 'communication_cost': 41397356}
[ 2026-05-13 19:01:53 | node_46 | INFO ] 📈 Evaluated. Results: {'test_loss': 0.18746988475322723, 'test_acc': 0.9649999737739563, 'test_precision': 0.9663750529289246, 'test_recall': 0.9673593044281006, 'test_f1': 0.9657082557678223, 'communication_cost': 22580376}
[ 2026-05-13 19:01:53 | node_11 | INFO ] 📢 Broadcasting metrics.
[ 2026-05-13 19:01:53 | node_46 | INFO ] 📢 Broadcasting metrics.
[ 2026-05-13 19:01:54 | node_44 | INFO ] 🎓 Training step done.
[ 2026-05-13 19:01:54 | node_44 | INFO ] 🛠️ Calling force_add_local_model...
[ 2026-05-13 19:01:54 | node_44 | INFO ] ✅ [FORCE] Local model added for round 49. (3/6)
[ 2026-05-13 19:01:54 | node_14 | INFO ] ⏹️  Gossiping exited for 50 equal rounds.
[ 2026-05-13 19:01:55 | node_14 | INFO ] 🔬 Evaluating...
[ 2026-05-13 19:01:55 | node_14 | INFO ] 📈 Evaluated. Results: {'test_loss': 0.07408693432807922, 'test_acc': 0.9800000190734863, 'test_precision': 0.9816499352455139, 'test_recall': 0.9814193248748779, 'test_f1': 0.9810390472412109, 'communication_cost': 26343772}
[ 2026-05-13 19:01:55 | node_14 | INFO ] 📢 Broadcasting metrics.
[ 2026-05-13 19:01:56 | node_48 | INFO ] 🎉 Round 49 of 50 finished.
[ 2026-05-13 19:01:56 | node_48 | INFO ] 🗳️ [DETERMINISTIC] Train set assigned (No Voting). Size: 50
[ 2026-05-13 19:01:56 | node_48 | INFO ] 🏋️‍♀️ Preparing training...
[ 2026-05-13 19:01:56 | node_16 | INFO ] 📤 Sending model to 5 direct neighbors: ['node', 'node_4', 'node_29', 'node_39', 'node_42']
[ 2026-05-13 19:01:56 | node_46 | INFO ] 🎉 Round 49 of 50 finished.
[ 2026-05-13 19:01:56 | node_5 | INFO ] 📤 Sending model to 9 direct neighbors: ['node_15', 'node_17', 'node_18', 'node_28', 'node_34', 'node_35', 'node_37', 'node_46', 'node_47']
[ 2026-05-13 19:01:56 | node_46 | INFO ] 🗳️ [DETERMINISTIC] Train set assigned (No Voting). Size: 50
[ 2026-05-13 19:01:56 | node_48 | INFO ] 🎓 Training step done.
[ 2026-05-13 19:01:57 | node_48 | INFO ] 🛠️ Calling force_add_local_model...
[ 2026-05-13 19:01:57 | node_46 | INFO ] 🏋️‍♀️ Preparing training...
[ 2026-05-13 19:01:57 | node_48 | INFO ] ✅ [FORCE] Local model added for round 49. (1/8)
[ 2026-05-13 19:01:57 | node_30 | INFO ] ⏹️  Gossiping exited for 50 equal rounds.
[ 2026-05-13 19:01:57 | node_46 | INFO ] 🎓 Training step done.
[ 2026-05-13 19:01:57 | node_46 | INFO ] 🛠️ Calling force_add_local_model...
[ 2026-05-13 19:01:57 | node_46 | INFO ] ✅ [FORCE] Local model added for round 49. (1/7)
[ 2026-05-13 19:01:57 | node_30 | INFO ] 🔬 Evaluating...
[ 2026-05-13 19:01:57 | node_30 | INFO ] 📈 Evaluated. Results: {'test_loss': 0.2651045322418213, 'test_acc': 0.9549999833106995, 'test_precision': 0.9605399966239929, 'test_recall': 0.9540301561355591, 'test_f1': 0.9555644989013672, 'communication_cost': 37633960}
[ 2026-05-13 19:01:58 | node_30 | INFO ] 📢 Broadcasting metrics.
[ 2026-05-13 19:01:58 | node_26 | INFO ] ⏹️  Gossiping exited for 50 equal rounds.
[ 2026-05-13 19:01:58 | node_47 | INFO ] 📤 Sending model to 6 direct neighbors: ['node_3', 'node_5', 'node_21', 'node_22', 'node_37', 'node_40']
[ 2026-05-13 19:01:58 | node_34 | INFO ] 🧩 Model added for round 49 (3/7) from ['node_5']
[ 2026-05-13 19:01:58 | node_26 | INFO ] 🔬 Evaluating...
[ 2026-05-13 19:01:58 | node_15 | INFO ] ⏹️  Gossiping exited for 50 equal rounds.
[ 2026-05-13 19:01:59 | node_7 | INFO ] ⏹️  Gossiping exited for 50 equal rounds.
[ 2026-05-13 19:01:59 | node_15 | INFO ] 🔬 Evaluating...
[ 2026-05-13 19:01:59 | node_26 | INFO ] 📈 Evaluated. Results: {'test_loss': 0.14215610921382904, 'test_acc': 0.9750000238418579, 'test_precision': 0.9757540225982666, 'test_recall': 0.9744486808776855, 'test_f1': 0.9741267561912537, 'communication_cost': 26343772}
[ 2026-05-13 19:01:59 | node_14 | INFO ] 🎉 Round 49 of 50 finished.
[ 2026-05-13 19:01:59 | node_7 | INFO ] 🔬 Evaluating...
[ 2026-05-13 19:01:59 | node_11 | INFO ] 🎉 Round 49 of 50 finished.
[ 2026-05-13 19:01:59 | node_44 | INFO ] 📤 Sending model to 5 direct neighbors: ['node_2', 'node_18', 'node_24', 'node_32', 'node_33']
[ 2026-05-13 19:01:59 | node_26 | INFO ] 📢 Broadcasting metrics.
[ 2026-05-13 19:01:59 | node_14 | INFO ] 🗳️ [DETERMINISTIC] Train set assigned (No Voting). Size: 50
[ 2026-05-13 19:01:59 | node_11 | INFO ] 🗳️ [DETERMINISTIC] Train set assigned (No Voting). Size: 50
[ 2026-05-13 19:01:59 | node_15 | INFO ] 📈 Evaluated. Results: {'test_loss': 0.1221943348646164, 'test_acc': 0.9800000190734863, 'test_precision': 0.98119056224823, 'test_recall': 0.9785714745521545, 'test_f1': 0.979152500629425, 'communication_cost': 18816980}
[ 2026-05-13 19:01:59 | node_15 | INFO ] 📢 Broadcasting metrics.
[ 2026-05-13 19:01:59 | node_14 | INFO ] ♻️ Proactively processing 2 early models for round 49.
[ 2026-05-13 19:01:59 | node_5 | INFO ] 🧩 Model added for round 49 (3/10) from ['node_47']
[ 2026-05-13 19:01:59 | node_14 | INFO ] 🧩 Model added for round 49 (1/8) from ['node_41']
[ 2026-05-13 19:01:59 | node_7 | INFO ] 📈 Evaluated. Results: {'test_loss': 0.07617667317390442, 'test_acc': 0.9900000095367432, 'test_precision': 0.9891813397407532, 'test_recall': 0.9900966882705688, 'test_f1': 0.9893608689308167, 'communication_cost': 26343772}
[ 2026-05-13 19:01:59 | node_11 | INFO ] 🏋️‍♀️ Preparing training...
[ 2026-05-13 19:01:59 | node_14 | INFO ] 🧩 Model added for round 49 (2/8) from ['node_8']
[ 2026-05-13 19:01:59 | node_14 | INFO ] 🏋️‍♀️ Preparing training...
[ 2026-05-13 19:01:59 | node_7 | INFO ] 📢 Broadcasting metrics.
[ 2026-05-13 19:02:00 | node_11 | INFO ] 🎓 Training step done.
[ 2026-05-13 19:02:00 | node_11 | INFO ] 🛠️ Calling force_add_local_model...
[ 2026-05-13 19:02:00 | node_11 | INFO ] ✅ [FORCE] Local model added for round 49. (1/12)
[ 2026-05-13 19:02:00 | node_14 | INFO ] 🎓 Training step done.
[ 2026-05-13 19:02:00 | node_14 | INFO ] 🛠️ Calling force_add_local_model...
[ 2026-05-13 19:02:00 | node_14 | INFO ] ✅ [FORCE] Local model added for round 49. (3/8)
[ 2026-05-13 19:02:00 | node_19 | INFO ] ⏹️  Gossiping exited for 50 equal rounds.
[ 2026-05-13 19:02:00 | node_24 | INFO ] 🧩 Model added for round 49 (6/10) from ['node_44']
[ 2026-05-13 19:02:00 | node_19 | INFO ] 🔬 Evaluating...
[ 2026-05-13 19:02:00 | node_46 | INFO ] 🧩 Model added for round 49 (2/7) from ['node_5']
[ 2026-05-13 19:02:01 | node_19 | INFO ] 📈 Evaluated. Results: {'test_loss': 0.16443057358264923, 'test_acc': 0.9599999785423279, 'test_precision': 0.9548676013946533, 'test_recall': 0.9639131426811218, 'test_f1': 0.9564353227615356, 'communication_cost': 41397356}
[ 2026-05-13 19:02:01 | node_19 | INFO ] 📢 Broadcasting metrics.
[ 2026-05-13 19:02:01 | node_22 | INFO ] 🧩 Model added for round 49 (3/6) from ['node_47']
[ 2026-05-13 19:02:02 | node_47 | INFO ] 🧩 Model added for round 49 (3/7) from ['node_5']
[ 2026-05-13 19:02:02 | node_48 | INFO ] 📤 Sending model to 7 direct neighbors: ['node_3', 'node_13', 'node_18', 'node_27', 'node_28', 'node_29', 'node_42']
[ 2026-05-13 19:02:02 | node_15 | INFO ] 🎉 Round 49 of 50 finished.
[ 2026-05-13 19:02:02 | node_33 | INFO ] 🧩 Model added for round 49 (3/6) from ['node_44']
[ 2026-05-13 19:02:02 | node_15 | INFO ] 🗳️ [DETERMINISTIC] Train set assigned (No Voting). Size: 50
[ 2026-05-13 19:02:02 | node_46 | INFO ] 📤 Sending model to 6 direct neighbors: ['node_5', 'node_11', 'node_13', 'node_19', 'node_20', 'node_21']
[ 2026-05-13 19:02:02 | node_15 | INFO ] ♻️ Proactively processing 1 early models for round 49.
[ 2026-05-13 19:02:02 | node_15 | INFO ] 🧩 Model added for round 49 (1/6) from ['node_5']
[ 2026-05-13 19:02:03 | node_15 | INFO ] 🏋️‍♀️ Preparing training...
[ 2026-05-13 19:02:03 | node_5 | INFO ] 🧩 Model added for round 49 (4/10) from ['node_46']
[ 2026-05-13 19:02:03 | node_26 | INFO ] 🎉 Round 49 of 50 finished.
[ 2026-05-13 19:02:03 | node_26 | INFO ] 🗳️ [DETERMINISTIC] Train set assigned (No Voting). Size: 50
[ 2026-05-13 19:02:03 | node_15 | INFO ] 🎓 Training step done.
[ 2026-05-13 19:02:03 | node_15 | INFO ] 🛠️ Calling force_add_local_model...
[ 2026-05-13 19:02:03 | node_26 | INFO ] ♻️ Proactively processing 1 early models for round 49.
[ 2026-05-13 19:02:03 | node_30 | INFO ] 🎉 Round 49 of 50 finished.
[ 2026-05-13 19:02:03 | node_15 | INFO ] ✅ [FORCE] Local model added for round 49. (2/6)
[ 2026-05-13 19:02:03 | node_26 | INFO ] 🧩 Model added for round 49 (1/8) from ['node_45']
[ 2026-05-13 19:02:03 | node_7 | INFO ] 🎉 Round 49 of 50 finished.
[ 2026-05-13 19:02:03 | node_30 | INFO ] 🗳️ [DETERMINISTIC] Train set assigned (No Voting). Size: 50
[ 2026-05-13 19:02:03 | node_26 | INFO ] 🏋️‍♀️ Preparing training...
[ 2026-05-13 19:02:03 | node_7 | INFO ] 🗳️ [DETERMINISTIC] Train set assigned (No Voting). Size: 50
[ 2026-05-13 19:02:03 | node_30 | INFO ] ♻️ Proactively processing 5 early models for round 49.
[ 2026-05-13 19:02:03 | node_30 | INFO ] 🧩 Model added for round 49 (1/11) from ['node_22']
[ 2026-05-13 19:02:03 | node_7 | INFO ] ♻️ Proactively processing 2 early models for round 49.
[ 2026-05-13 19:02:03 | node_30 | INFO ] 🧩 Model added for round 49 (2/11) from ['node_45']
[ 2026-05-13 19:02:03 | node_7 | INFO ] 🧩 Model added for round 49 (1/8) from ['node_45']
[ 2026-05-13 19:02:04 | node_30 | INFO ] 🧩 Model added for round 49 (3/11) from ['node_23']
[ 2026-05-13 19:02:04 | node_7 | INFO ] 🧩 Model added for round 49 (2/8) from ['node_23']
[ 2026-05-13 19:02:04 | node_30 | INFO ] 🧩 Model added for round 49 (4/11) from ['node_6']
[ 2026-05-13 19:02:04 | node_7 | INFO ] 🏋️‍♀️ Preparing training...
[ 2026-05-13 19:02:04 | node_30 | INFO ] 🧩 Model added for round 49 (5/11) from ['node_12']
[ 2026-05-13 19:02:04 | node_30 | INFO ] 🏋️‍♀️ Preparing training...
[ 2026-05-13 19:02:04 | node_26 | INFO ] 🎓 Training step done.
[ 2026-05-13 19:02:04 | node_26 | INFO ] 🛠️ Calling force_add_local_model...
[ 2026-05-13 19:02:04 | node_11 | INFO ] 🧩 Model added for round 49 (2/12) from ['node_46']
[ 2026-05-13 19:02:04 | node_26 | INFO ] ✅ [FORCE] Local model added for round 49. (2/8)
[ 2026-05-13 19:02:04 | node_7 | INFO ] 🎓 Training step done.
[ 2026-05-13 19:02:04 | node_30 | INFO ] 🎓 Training step done.
[ 2026-05-13 19:02:04 | node_7 | INFO ] 🛠️ Calling force_add_local_model...
[ 2026-05-13 19:02:04 | node_37 | INFO ] ⏹️  Gossiping exited for 50 equal rounds.
[ 2026-05-13 19:02:04 | node_30 | INFO ] 🛠️ Calling force_add_local_model...
[ 2026-05-13 19:02:04 | node_7 | INFO ] ✅ [FORCE] Local model added for round 49. (3/8)
[ 2026-05-13 19:02:04 | node_30 | INFO ] ✅ [FORCE] Local model added for round 49. (6/11)
[ 2026-05-13 19:02:04 | node_37 | INFO ] 🔬 Evaluating...
[ 2026-05-13 19:02:05 | node_37 | INFO ] 📈 Evaluated. Results: {'test_loss': 0.47833582758903503, 'test_acc': 0.9449999928474426, 'test_precision': 0.9461196660995483, 'test_recall': 0.9480416178703308, 'test_f1': 0.9446083307266235, 'communication_cost': 26343772}
[ 2026-05-13 19:02:05 | node_11 | INFO ] 📤 Sending model to 11 direct neighbors: ['node', 'node_3', 'node_20', 'node_29', 'node_31', 'node_32', 'node_36', 'node_40', 'node_43', 'node_46', 'node_49']
[ 2026-05-13 19:02:05 | node_37 | INFO ] 📢 Broadcasting metrics.
[ 2026-05-13 19:02:05 | node_14 | INFO ] 📤 Sending model to 7 direct neighbors: ['node', 'node_3', 'node_8', 'node_29', 'node_39', 'node_41', 'node_42']
[ 2026-05-13 19:02:06 | node_8 | INFO ] 🧩 Model added for round 49 (3/6) from ['node_14']
[ 2026-05-13 19:02:07 | node_19 | INFO ] 🎉 Round 49 of 50 finished.
[ 2026-05-13 19:02:07 | node_19 | INFO ] 🗳️ [DETERMINISTIC] Train set assigned (No Voting). Size: 50
[ 2026-05-13 19:02:07 | node_17 | INFO ] ⏹️  Gossiping exited for 50 equal rounds.
[ 2026-05-13 19:02:07 | node_19 | INFO ] ♻️ Proactively processing 4 early models for round 49.
[ 2026-05-13 19:02:07 | node_19 | INFO ] 🧩 Model added for round 49 (1/12) from ['node_24']
[ 2026-05-13 19:02:07 | node_19 | INFO ] 🧩 Model added for round 49 (2/12) from ['node_6']
[ 2026-05-13 19:02:07 | node_42 | INFO ] ⏹️  Gossiping exited for 50 equal rounds.
[ 2026-05-13 19:02:07 | node_17 | INFO ] 🔬 Evaluating...
[ 2026-05-13 19:02:07 | node_19 | INFO ] 🧩 Model added for round 49 (3/12) from ['node_12']
[ 2026-05-13 19:02:07 | node_19 | INFO ] 🧩 Model added for round 49 (4/12) from ['node_46']
[ 2026-05-13 19:02:07 | node_19 | INFO ] 🏋️‍♀️ Preparing training...
[ 2026-05-13 19:02:07 | node_42 | INFO ] 🔬 Evaluating...
[ 2026-05-13 19:02:08 | node_17 | INFO ] 📈 Evaluated. Results: {'test_loss': 0.1432463675737381, 'test_acc': 0.9750000238418579, 'test_precision': 0.9762626886367798, 'test_recall': 0.9747971892356873, 'test_f1': 0.9746626019477844, 'communication_cost': 30107168}
[ 2026-05-13 19:02:08 | node_17 | INFO ] 📢 Broadcasting metrics.
[ 2026-05-13 19:02:08 | node_42 | INFO ] 📈 Evaluated. Results: {'test_loss': 0.29598769545555115, 'test_acc': 0.9649999737739563, 'test_precision': 0.963819146156311, 'test_recall': 0.9624777436256409, 'test_f1': 0.962735116481781, 'communication_cost': 30107168}
[ 2026-05-13 19:02:08 | node_42 | INFO ] 📢 Broadcasting metrics.
[ 2026-05-13 19:02:08 | node_19 | INFO ] 🎓 Training step done.
[ 2026-05-13 19:02:08 | node_19 | INFO ] 🛠️ Calling force_add_local_model...
[ 2026-05-13 19:02:08 | node_19 | INFO ] ✅ [FORCE] Local model added for round 49. (5/12)
[ 2026-05-13 19:02:08 | node_41 | INFO ] 🧩 Model added for round 49 (3/5) from ['node_14']
[ 2026-05-13 19:02:08 | node_15 | INFO ] 📤 Sending model to 5 direct neighbors: ['node_4', 'node_5', 'node_29', 'node_36', 'node_42']
[ 2026-05-13 19:02:09 | node_46 | INFO ] 🧩 Model added for round 49 (3/7) from ['node_11']
[ 2026-05-13 19:02:09 | node_37 | INFO ] 🎉 Round 49 of 50 finished.
[ 2026-05-13 19:02:09 | node_26 | INFO ] 📤 Sending model to 7 direct neighbors: ['node_2', 'node_19', 'node_28', 'node_35', 'node_37', 'node_40', 'node_45']
[ 2026-05-13 19:02:09 | node_37 | INFO ] 🗳️ [DETERMINISTIC] Train set assigned (No Voting). Size: 50
[ 2026-05-13 19:02:09 | node_5 | INFO ] 🧩 Model added for round 49 (5/10) from ['node_15']
[ 2026-05-13 19:02:09 | node_7 | INFO ] 📤 Sending model to 7 direct neighbors: ['node', 'node_4', 'node_20', 'node_23', 'node_27', 'node_39', 'node_45']
[ 2026-05-13 19:02:09 | node_37 | INFO ] ♻️ Proactively processing 2 early models for round 49.
[ 2026-05-13 19:02:09 | node_30 | INFO ] 📤 Sending model to 10 direct neighbors: ['node_6', 'node_9', 'node_12', 'node_13', 'node_19', 'node_20', 'node_22', 'node_23', 'node_27', 'node_45']
[ 2026-05-13 19:02:09 | node_37 | INFO ] 🧩 Model added for round 49 (1/8) from ['node_5']
[ 2026-05-13 19:02:10 | node_37 | INFO ] 🧩 Model added for round 49 (2/8) from ['node_47']
[ 2026-05-13 19:02:10 | node_37 | INFO ] 🏋️‍♀️ Preparing training...
[ 2026-05-13 19:02:10 | node_6 | INFO ] 🧩 Model added for round 49 (3/10) from ['node_30']
[ 2026-05-13 19:02:10 | node_19 | INFO ] 🧩 Model added for round 49 (6/12) from ['node_26']
[ 2026-05-13 19:02:10 | node_37 | INFO ] 🎓 Training step done.
[ 2026-05-13 19:02:10 | node_37 | INFO ] 🛠️ Calling force_add_local_model...
[ 2026-05-13 19:02:10 | node_37 | INFO ] ✅ [FORCE] Local model added for round 49. (3/8)
[ 2026-05-13 19:02:11 | node_23 | INFO ] 🧩 Model added for round 49 (3/6) from ['node_7']
[ 2026-05-13 19:02:12 | node_12 | INFO ] 🧩 Model added for round 49 (4/9) from ['node_30']
[ 2026-05-13 19:02:12 | node_17 | INFO ] 🎉 Round 49 of 50 finished.
[ 2026-05-13 19:02:13 | node_17 | INFO ] 🗳️ [DETERMINISTIC] Train set assigned (No Voting). Size: 50
[ 2026-05-13 19:02:13 | node_42 | INFO ] 🎉 Round 49 of 50 finished.
[ 2026-05-13 19:02:13 | node_17 | INFO ] ♻️ Proactively processing 1 early models for round 49.
[ 2026-05-13 19:02:13 | node_42 | INFO ] 🗳️ [DETERMINISTIC] Train set assigned (No Voting). Size: 50
[ 2026-05-13 19:02:13 | node_17 | INFO ] 🧩 Model added for round 49 (1/9) from ['node_5']
[ 2026-05-13 19:02:13 | node_17 | INFO ] 🏋️‍♀️ Preparing training...
[ 2026-05-13 19:02:13 | node_37 | INFO ] 🧩 Model added for round 49 (4/8) from ['node_26']
[ 2026-05-13 19:02:13 | node_42 | INFO ] ♻️ Proactively processing 5 early models for round 49.
[ 2026-05-13 19:02:13 | node_19 | INFO ] 📤 Sending model to 11 direct neighbors: ['node_6', 'node_12', 'node_17', 'node_21', 'node_24', 'node_26', 'node_27', 'node_30', 'node_31', 'node_35', 'node_46']
[ 2026-05-13 19:02:13 | node_42 | INFO ] 🧩 Model added for round 49 (1/9) from ['node_45']
[ 2026-05-13 19:02:13 | node_42 | INFO ] 🧩 Model added for round 49 (2/9) from ['node_16']
[ 2026-05-13 19:02:13 | node_45 | INFO ] 🧩 Model added for round 49 (2/6) from ['node_7']
[ 2026-05-13 19:02:13 | node_42 | INFO ] 🧩 Model added for round 49 (3/9) from ['node_48']
[ 2026-05-13 19:02:13 | node_42 | INFO ] 🧩 Model added for round 49 (4/9) from ['node_14']
[ 2026-05-13 19:02:13 | node_42 | INFO ] 🧩 Model added for round 49 (5/9) from ['node_15']
[ 2026-05-13 19:02:13 | node_6 | INFO ] 🧩 Model added for round 49 (4/10) from ['node_19']
[ 2026-05-13 19:02:13 | node_42 | INFO ] 🏋️‍♀️ Preparing training...
[ 2026-05-13 19:02:14 | node_17 | INFO ] 🎓 Training step done.
[ 2026-05-13 19:02:14 | node_17 | INFO ] 🛠️ Calling force_add_local_model...
[ 2026-05-13 19:02:14 | node_17 | INFO ] ✅ [FORCE] Local model added for round 49. (2/9)
[ 2026-05-13 19:02:14 | node_42 | INFO ] 🎓 Training step done.
[ 2026-05-13 19:02:14 | node_19 | INFO ] 🧩 Model added for round 49 (7/12) from ['node_30']
[ 2026-05-13 19:02:14 | node_42 | INFO ] 🛠️ Calling force_add_local_model...
[ 2026-05-13 19:02:14 | node_42 | INFO ] ✅ [FORCE] Local model added for round 49. (6/9)
[ 2026-05-13 19:02:15 | node_45 | INFO ] 🧩 Model added for round 49 (3/6) from ['node_26']
[ 2026-05-13 19:02:15 | node_12 | INFO ] 🧩 Model added for round 49 (5/9) from ['node_19']
[ 2026-05-13 19:02:15 | node_28 | INFO ] ⏹️  Gossiping exited for 50 equal rounds.
[ 2026-05-13 19:02:15 | node_37 | INFO ] 📤 Sending model to 7 direct neighbors: ['node_4', 'node_5', 'node_13', 'node_26', 'node_38', 'node_47', 'node_49']
[ 2026-05-13 19:02:15 | node_28 | INFO ] 🔬 Evaluating...
[ 2026-05-13 19:02:16 | node_28 | INFO ] 📈 Evaluated. Results: {'test_loss': 0.07610876113176346, 'test_acc': 0.9800000190734863, 'test_precision': 0.9819903373718262, 'test_recall': 0.9815829992294312, 'test_f1': 0.9811561107635498, 'communication_cost': 26343772}
[ 2026-05-13 19:02:16 | node_28 | INFO ] 📢 Broadcasting metrics.
[ 2026-05-13 19:02:16 | node_22 | INFO ] 🧩 Model added for round 49 (4/6) from ['node_30']
[ 2026-05-13 19:02:16 | node_17 | INFO ] 🧩 Model added for round 49 (3/9) from ['node_19']
[ 2026-05-13 19:02:16 | node_5 | INFO ] 🧩 Model added for round 49 (6/10) from ['node_37']
[ 2026-05-13 19:02:17 | node_23 | INFO ] 🧩 Model added for round 49 (4/6) from ['node_30']
[ 2026-05-13 19:02:18 | node_24 | INFO ] 🧩 Model added for round 49 (7/10) from ['node_19']
[ 2026-05-13 19:02:18 | node_26 | INFO ] 🧩 Model added for round 49 (3/8) from ['node_37']
[ 2026-05-13 19:02:18 | node_45 | INFO ] 🧩 Model added for round 49 (4/6) from ['node_30']
[ 2026-05-13 19:02:19 | node_9 | INFO ] ⏹️  Gossiping exited for 50 equal rounds.
[ 2026-05-13 19:02:19 | node_9 | INFO ] 🔬 Evaluating...
[ 2026-05-13 19:02:19 | node_17 | INFO ] 📤 Sending model to 8 direct neighbors: ['node_2', 'node_4', 'node_5', 'node_19', 'node_20', 'node_29', 'node_35', 'node_43']
[ 2026-05-13 19:02:19 | node_9 | INFO ] 📈 Evaluated. Results: {'test_loss': 0.20421764254570007, 'test_acc': 0.9750000238418579, 'test_precision': 0.971937358379364, 'test_recall': 0.9722236394882202, 'test_f1': 0.9715206623077393, 'communication_cost': 30107168}
[ 2026-05-13 19:02:19 | node_42 | INFO ] 📤 Sending model to 8 direct neighbors: ['node_14', 'node_15', 'node_16', 'node_25', 'node_29', 'node_45', 'node_48', 'node_49']
[ 2026-05-13 19:02:19 | node_9 | INFO ] 📢 Broadcasting metrics.
[ 2026-05-13 19:02:19 | node_26 | INFO ] 🧩 Model added for round 49 (4/8) from ['node_19']
[ 2026-05-13 19:02:19 | node_28 | INFO ] 🎉 Round 49 of 50 finished.
[ 2026-05-13 19:02:19 | node_28 | INFO ] 🗳️ [DETERMINISTIC] Train set assigned (No Voting). Size: 50
[ 2026-05-13 19:02:20 | node_47 | INFO ] 🧩 Model added for round 49 (4/7) from ['node_37']
[ 2026-05-13 19:02:20 | node_14 | INFO ] 🧩 Model added for round 49 (4/8) from ['node_42']
[ 2026-05-13 19:02:20 | node_28 | INFO ] ♻️ Proactively processing 3 early models for round 49.
[ 2026-05-13 19:02:20 | node_28 | INFO ] 🧩 Model added for round 49 (1/8) from ['node_5']
[ 2026-05-13 19:02:20 | node_28 | INFO ] 🧩 Model added for round 49 (2/8) from ['node_48']
[ 2026-05-13 19:02:20 | node_28 | INFO ] 🧩 Model added for round 49 (3/8) from ['node_26']
[ 2026-05-13 19:02:20 | node_28 | INFO ] 🏋️‍♀️ Preparing training...
[ 2026-05-13 19:02:20 | node_5 | INFO ] 🧩 Model added for round 49 (7/10) from ['node_17']
[ 2026-05-13 19:02:20 | node_28 | INFO ] 🎓 Training step done.
[ 2026-05-13 19:02:20 | node_28 | INFO ] 🛠️ Calling force_add_local_model...
[ 2026-05-13 19:02:21 | node_28 | INFO ] ✅ [FORCE] Local model added for round 49. (4/8)
[ 2026-05-13 19:02:21 | node_15 | INFO ] 🧩 Model added for round 49 (3/6) from ['node_42']
[ 2026-05-13 19:02:21 | node_30 | INFO ] 🧩 Model added for round 49 (7/11) from ['node_19']
[ 2026-05-13 19:02:21 | node_19 | INFO ] 🧩 Model added for round 49 (8/12) from ['node_17']
[ 2026-05-13 19:02:22 | node_16 | INFO ] 🧩 Model added for round 49 (2/6) from ['node_42']
[ 2026-05-13 19:02:23 | node_46 | INFO ] 🧩 Model added for round 49 (4/7) from ['node_19']
[ 2026-05-13 19:02:23 | node_9 | INFO ] 🎉 Round 49 of 50 finished.
[ 2026-05-13 19:02:23 | node_9 | INFO ] 🗳️ [DETERMINISTIC] Train set assigned (No Voting). Size: 50
[ 2026-05-13 19:02:23 | node_9 | INFO ] ♻️ Proactively processing 6 early models for round 49.
[ 2026-05-13 19:02:24 | node_9 | INFO ] 🧩 Model added for round 49 (1/9) from ['node_33']
[ 2026-05-13 19:02:24 | node_9 | INFO ] 🧩 Model added for round 49 (2/9) from ['node_24']
[ 2026-05-13 19:02:24 | node_38 | INFO ] ⏹️  Gossiping exited for 50 equal rounds.
[ 2026-05-13 19:02:24 | node_9 | INFO ] 🧩 Model added for round 49 (3/9) from ['node_8']
[ 2026-05-13 19:02:24 | node_45 | INFO ] 🧩 Model added for round 49 (5/6) from ['node_42']
[ 2026-05-13 19:02:24 | node_9 | INFO ] 🧩 Model added for round 49 (4/9) from ['node_34']
[ 2026-05-13 19:02:24 | node_9 | INFO ] 🧩 Model added for round 49 (5/9) from ['node_10']
[ 2026-05-13 19:02:24 | node_38 | INFO ] 🔬 Evaluating...
[ 2026-05-13 19:02:24 | node_9 | INFO ] 🧩 Model added for round 49 (6/9) from ['node_30']
[ 2026-05-13 19:02:24 | node_9 | INFO ] 🏋️‍♀️ Preparing training...
[ 2026-05-13 19:02:24 | node_38 | INFO ] 📈 Evaluated. Results: {'test_loss': 0.36846405267715454, 'test_acc': 0.9649999737739563, 'test_precision': 0.9664811491966248, 'test_recall': 0.9673210382461548, 'test_f1': 0.9666438102722168, 'communication_cost': 26343772}
[ 2026-05-13 19:02:24 | node_38 | INFO ] 📢 Broadcasting metrics.
[ 2026-05-13 19:02:24 | node_9 | INFO ] 🎓 Training step done.
[ 2026-05-13 19:02:24 | node_9 | INFO ] 🛠️ Calling force_add_local_model...
[ 2026-05-13 19:02:24 | node_9 | INFO ] ✅ [FORCE] Local model added for round 49. (7/9)
[ 2026-05-13 19:02:25 | node_48 | INFO ] 🧩 Model added for round 49 (2/8) from ['node_42']
[ 2026-05-13 19:02:26 | node_28 | INFO ] 📤 Sending model to 7 direct neighbors: ['node_4', 'node_5', 'node_26', 'node_29', 'node_31', 'node_38', 'node_48']
[ 2026-05-13 19:02:26 | node_5 | INFO ] 🧩 Model added for round 49 (8/10) from ['node_28']
[ 2026-05-13 19:02:27 | node_38 | INFO ] 🎉 Round 49 of 50 finished.
[ 2026-05-13 19:02:27 | node_38 | INFO ] 🗳️ [DETERMINISTIC] Train set assigned (No Voting). Size: 50
[ 2026-05-13 19:02:27 | node_38 | INFO ] ♻️ Proactively processing 5 early models for round 49.
[ 2026-05-13 19:02:27 | node_38 | INFO ] 🧩 Model added for round 49 (1/8) from ['node_33']
[ 2026-05-13 19:02:27 | node_38 | INFO ] 🧩 Model added for round 49 (2/8) from ['node_34']
[ 2026-05-13 19:02:28 | node_38 | INFO ] 🧩 Model added for round 49 (3/8) from ['node_6']
[ 2026-05-13 19:02:28 | node_38 | INFO ] 🧩 Model added for round 49 (4/8) from ['node_10']
[ 2026-05-13 19:02:28 | node_38 | INFO ] 🧩 Model added for round 49 (5/8) from ['node_37']
[ 2026-05-13 19:02:28 | node_26 | INFO ] 🧩 Model added for round 49 (5/8) from ['node_28']
[ 2026-05-13 19:02:28 | node_38 | INFO ] 🏋️‍♀️ Preparing training...
[ 2026-05-13 19:02:28 | node_38 | INFO ] 🎓 Training step done.
[ 2026-05-13 19:02:28 | node_38 | INFO ] 🛠️ Calling force_add_local_model...
[ 2026-05-13 19:02:28 | node_38 | INFO ] ✅ [FORCE] Local model added for round 49. (6/8)
[ 2026-05-13 19:02:29 | node_9 | INFO ] 📤 Sending model to 8 direct neighbors: ['node_8', 'node_10', 'node_13', 'node_24', 'node_30', 'node_33', 'node_34', 'node_40']
[ 2026-05-13 19:02:30 | node_38 | INFO ] 🧩 Model added for round 49 (7/8) from ['node_28']
[ 2026-05-13 19:02:30 | node_8 | INFO ] 🧩 Model added for round 49 (4/6) from ['node_9']
[ 2026-05-13 19:02:31 | node_48 | INFO ] 🧩 Model added for round 49 (3/8) from ['node_28']
[ 2026-05-13 19:02:31 | node_10 | INFO ] 🧩 Model added for round 49 (4/7) from ['node_9']
[ 2026-05-13 19:02:32 | node_24 | INFO ] 🧩 Model added for round 49 (8/10) from ['node_9']
[ 2026-05-13 19:02:33 | node_38 | INFO ] 📤 Sending model to 7 direct neighbors: ['node_2', 'node_6', 'node_10', 'node_28', 'node_33', 'node_34', 'node_37']
[ 2026-05-13 19:02:34 | node_30 | INFO ] 🧩 Model added for round 49 (8/11) from ['node_9']
[ 2026-05-13 19:02:34 | node_6 | INFO ] 🧩 Model added for round 49 (5/10) from ['node_38']
[ 2026-05-13 19:02:34 | node_4 | INFO ] ⏹️  Gossiping exited for 50 equal rounds.
[ 2026-05-13 19:02:34 | node_4 | INFO ] 🔬 Evaluating...
[ 2026-05-13 19:02:35 | node_4 | INFO ] 📈 Evaluated. Results: {'test_loss': 0.1622888445854187, 'test_acc': 0.9549999833106995, 'test_precision': 0.9533846974372864, 'test_recall': 0.9556407332420349, 'test_f1': 0.9536207318305969, 'communication_cost': 56450940}
[ 2026-05-13 19:02:35 | node_33 | INFO ] 🧩 Model added for round 49 (4/6) from ['node_9']
[ 2026-05-13 19:02:35 | node_13 | INFO ] ⏹️  Gossiping exited for 50 equal rounds.
[ 2026-05-13 19:02:35 | node_4 | INFO ] 📢 Broadcasting metrics.
[ 2026-05-13 19:02:35 | node_13 | INFO ] 🔬 Evaluating...
[ 2026-05-13 19:02:35 | node_10 | INFO ] 🧩 Model added for round 49 (5/7) from ['node_38']
[ 2026-05-13 19:02:35 | node_13 | INFO ] 📈 Evaluated. Results: {'test_loss': 0.046244047582149506, 'test_acc': 0.9800000190734863, 'test_precision': 0.9831979870796204, 'test_recall': 0.9834546446800232, 'test_f1': 0.982964277267456, 'communication_cost': 52687544}
[ 2026-05-13 19:02:35 | node_13 | INFO ] 📢 Broadcasting metrics.
[ 2026-05-13 19:02:36 | node_34 | INFO ] 🧩 Model added for round 49 (4/7) from ['node_9']
[ 2026-05-13 19:02:36 | node_28 | INFO ] 🧩 Model added for round 49 (5/8) from ['node_38']
[ 2026-05-13 19:02:37 | node_33 | INFO ] 🧩 Model added for round 49 (5/6) from ['node_38']
[ 2026-05-13 19:02:38 | node_34 | INFO ] 🧩 Model added for round 49 (5/7) from ['node_38']
[ 2026-05-13 19:02:39 | node_37 | INFO ] 🧩 Model added for round 49 (5/8) from ['node_38']
[ 2026-05-13 19:02:41 | node_4 | INFO ] 🎉 Round 49 of 50 finished.
[ 2026-05-13 19:02:41 | node_4 | INFO ] 🗳️ [DETERMINISTIC] Train set assigned (No Voting). Size: 50
[ 2026-05-13 19:02:41 | node_4 | INFO ] ♻️ Proactively processing 9 early models for round 49.
[ 2026-05-13 19:02:41 | node_13 | INFO ] 🎉 Round 49 of 50 finished.
[ 2026-05-13 19:02:41 | node_4 | INFO ] 🧩 Model added for round 49 (1/16) from ['node_45']
[ 2026-05-13 19:02:41 | node_35 | INFO ] ⏹️  Gossiping exited for 50 equal rounds.
[ 2026-05-13 19:02:41 | node_4 | INFO ] 🧩 Model added for round 49 (2/16) from ['node_1']
[ 2026-05-13 19:02:41 | node_13 | INFO ] 🗳️ [DETERMINISTIC] Train set assigned (No Voting). Size: 50
[ 2026-05-13 19:02:41 | node_4 | INFO ] 🧩 Model added for round 49 (3/16) from ['node_10']
[ 2026-05-13 19:02:41 | node_4 | INFO ] 🧩 Model added for round 49 (4/16) from ['node_16']
[ 2026-05-13 19:02:41 | node_35 | INFO ] 🔬 Evaluating...
[ 2026-05-13 19:02:41 | node_4 | INFO ] 🧩 Model added for round 49 (5/16) from ['node_15']
[ 2026-05-13 19:02:41 | node_4 | INFO ] 🧩 Model added for round 49 (6/16) from ['node_7']
[ 2026-05-13 19:02:41 | node_13 | INFO ] ♻️ Proactively processing 7 early models for round 49.
[ 2026-05-13 19:02:41 | node_4 | INFO ] 🧩 Model added for round 49 (7/16) from ['node_37']
[ 2026-05-13 19:02:41 | node_13 | INFO ] 🧩 Model added for round 49 (1/15) from ['node_34']
[ 2026-05-13 19:02:41 | node_4 | INFO ] 🧩 Model added for round 49 (8/16) from ['node_17']
[ 2026-05-13 19:02:41 | node_13 | INFO ] 🧩 Model added for round 49 (2/15) from ['node_12']
[ 2026-05-13 19:02:41 | node_13 | INFO ] 🧩 Model added for round 49 (3/15) from ['node_48']
[ 2026-05-13 19:02:41 | node_4 | INFO ] 🧩 Model added for round 49 (9/16) from ['node_28']
[ 2026-05-13 19:02:41 | node_35 | INFO ] 📈 Evaluated. Results: {'test_loss': 0.1277930587530136, 'test_acc': 0.9800000190734863, 'test_precision': 0.9766039848327637, 'test_recall': 0.9823540449142456, 'test_f1': 0.9790148138999939, 'communication_cost': 41397356}
[ 2026-05-13 19:02:41 | node_4 | INFO ] 🏋️‍♀️ Preparing training...
[ 2026-05-13 19:02:41 | node_13 | INFO ] 🧩 Model added for round 49 (4/15) from ['node_46']
[ 2026-05-13 19:02:41 | node_13 | INFO ] 🧩 Model added for round 49 (5/15) from ['node_30']
[ 2026-05-13 19:02:41 | node_13 | INFO ] 🧩 Model added for round 49 (6/15) from ['node_37']
[ 2026-05-13 19:02:41 | node_35 | INFO ] 📢 Broadcasting metrics.
[ 2026-05-13 19:02:42 | node_13 | INFO ] 🧩 Model added for round 49 (7/15) from ['node_9']
[ 2026-05-13 19:02:42 | node_13 | INFO ] 🏋️‍♀️ Preparing training...
[ 2026-05-13 19:02:42 | node_4 | INFO ] 🎓 Training step done.
[ 2026-05-13 19:02:42 | node_4 | INFO ] 🛠️ Calling force_add_local_model...
[ 2026-05-13 19:02:42 | node_4 | INFO ] ✅ [FORCE] Local model added for round 49. (10/16)
[ 2026-05-13 19:02:42 | node_13 | INFO ] 🎓 Training step done.
[ 2026-05-13 19:02:42 | node_13 | INFO ] 🛠️ Calling force_add_local_model...
[ 2026-05-13 19:02:42 | node_13 | INFO ] ✅ [FORCE] Local model added for round 49. (8/15)
[ 2026-05-13 19:02:43 | node_27 | INFO ] ⏹️  Gossiping exited for 50 equal rounds.
[ 2026-05-13 19:02:44 | node_27 | INFO ] 🔬 Evaluating...
[ 2026-05-13 19:02:44 | node_27 | INFO ] 📈 Evaluated. Results: {'test_loss': 0.1325301229953766, 'test_acc': 0.9649999737739563, 'test_precision': 0.966871976852417, 'test_recall': 0.9634597301483154, 'test_f1': 0.9644064903259277, 'communication_cost': 33870564}
[ 2026-05-13 19:02:44 | node_27 | INFO ] 📢 Broadcasting metrics.
[ 2026-05-13 19:02:45 | node_35 | INFO ] 🎉 Round 49 of 50 finished.
[ 2026-05-13 19:02:45 | node_35 | INFO ] 🗳️ [DETERMINISTIC] Train set assigned (No Voting). Size: 50
[ 2026-05-13 19:02:45 | node_35 | INFO ] ♻️ Proactively processing 6 early models for round 49.
[ 2026-05-13 19:02:45 | node_35 | INFO ] 🧩 Model added for round 49 (1/12) from ['node_8']
[ 2026-05-13 19:02:46 | node_35 | INFO ] 🧩 Model added for round 49 (2/12) from ['node_6']
[ 2026-05-13 19:02:46 | node_35 | INFO ] 🧩 Model added for round 49 (3/12) from ['node_5']
[ 2026-05-13 19:02:46 | node_35 | INFO ] 🧩 Model added for round 49 (4/12) from ['node_26']
[ 2026-05-13 19:02:46 | node_35 | INFO ] 🧩 Model added for round 49 (5/12) from ['node_19']
[ 2026-05-13 19:02:46 | node_35 | INFO ] 🧩 Model added for round 49 (6/12) from ['node_17']
[ 2026-05-13 19:02:46 | node_35 | INFO ] 🏋️‍♀️ Preparing training...
[ 2026-05-13 19:02:46 | node_35 | INFO ] 🎓 Training step done.
[ 2026-05-13 19:02:46 | node_35 | INFO ] 🛠️ Calling force_add_local_model...
[ 2026-05-13 19:02:46 | node_35 | INFO ] ✅ [FORCE] Local model added for round 49. (7/12)
[ 2026-05-13 19:02:47 | node_27 | INFO ] 🎉 Round 49 of 50 finished.
[ 2026-05-13 19:02:47 | node_27 | INFO ] 🗳️ [DETERMINISTIC] Train set assigned (No Voting). Size: 50
[ 2026-05-13 19:02:47 | node_4 | INFO ] 📤 Sending model to 15 direct neighbors: ['node', 'node_1', 'node_7', 'node_10', 'node_15', 'node_16', 'node_17', 'node_18', 'node_28', 'node_31', 'node_35', 'node_37', 'node_43', 'node_45', 'node_49']
[ 2026-05-13 19:02:47 | node_27 | INFO ] ♻️ Proactively processing 5 early models for round 49.
[ 2026-05-13 19:02:47 | node_27 | INFO ] 🧩 Model added for round 49 (1/10) from ['node_12']
[ 2026-05-13 19:02:47 | node_27 | INFO ] 🧩 Model added for round 49 (2/10) from ['node_48']
[ 2026-05-13 19:02:47 | node_13 | INFO ] 📤 Sending model to 14 direct neighbors: ['node', 'node_2', 'node_9', 'node_12', 'node_20', 'node_21', 'node_30', 'node_31', 'node_34', 'node_37', 'node_40', 'node_43', 'node_46', 'node_48']
[ 2026-05-13 19:02:47 | node_27 | INFO ] 🧩 Model added for round 49 (3/10) from ['node_7']
[ 2026-05-13 19:02:47 | node_27 | INFO ] 🧩 Model added for round 49 (4/10) from ['node_30']
[ 2026-05-13 19:02:47 | node_27 | INFO ] 🧩 Model added for round 49 (5/10) from ['node_19']
[ 2026-05-13 19:02:48 | node_27 | INFO ] 🏋️‍♀️ Preparing training...
[ 2026-05-13 19:02:48 | node_1 | INFO ] 🧩 Model added for round 49 (3/5) from ['node_4']
[ 2026-05-13 19:02:48 | node_27 | INFO ] 🎓 Training step done.
[ 2026-05-13 19:02:48 | node_27 | INFO ] 🛠️ Calling force_add_local_model...
[ 2026-05-13 19:02:48 | node_27 | INFO ] ✅ [FORCE] Local model added for round 49. (6/10)
[ 2026-05-13 19:02:48 | node_9 | INFO ] 🧩 Model added for round 49 (8/9) from ['node_13']
[ 2026-05-13 19:02:49 | node_7 | INFO ] 🧩 Model added for round 49 (4/8) from ['node_4']
[ 2026-05-13 19:02:49 | node_12 | INFO ] 🧩 Model added for round 49 (6/9) from ['node_13']
[ 2026-05-13 19:02:50 | node_10 | INFO ] 🧩 Model added for round 49 (6/7) from ['node_4']
[ 2026-05-13 19:02:51 | node_15 | INFO ] 🧩 Model added for round 49 (4/6) from ['node_4']
[ 2026-05-13 19:02:51 | node_30 | INFO ] 🧩 Model added for round 49 (9/11) from ['node_13']
[ 2026-05-13 19:02:51 | node_35 | INFO ] 📤 Sending model to 11 direct neighbors: ['node_4', 'node_5', 'node_6', 'node_8', 'node_17', 'node_19', 'node_20', 'node_26', 'node_27', 'node_39', 'node_40']
[ 2026-05-13 19:02:52 | node_16 | INFO ] 🧩 Model added for round 49 (3/6) from ['node_4']
[ 2026-05-13 19:02:52 | node_4 | INFO ] 🧩 Model added for round 49 (11/16) from ['node_35']
[ 2026-05-13 19:02:53 | node_17 | INFO ] 🧩 Model added for round 49 (4/9) from ['node_4']
[ 2026-05-13 19:02:53 | node_34 | INFO ] 🧩 Model added for round 49 (6/7) from ['node_13']
[ 2026-05-13 19:02:53 | node_27 | INFO ] 📤 Sending model to 9 direct neighbors: ['node_7', 'node_12', 'node_18', 'node_19', 'node_20', 'node_30', 'node_35', 'node_36', 'node_48']
[ 2026-05-13 19:02:54 | node_5 | INFO ] 🧩 Model added for round 49 (9/10) from ['node_35']
[ 2026-05-13 19:02:54 | node_7 | INFO ] 🧩 Model added for round 49 (5/8) from ['node_27']
[ 2026-05-13 19:02:54 | node_37 | INFO ] 🧩 Model added for round 49 (6/8) from ['node_13']
[ 2026-05-13 19:02:54 | node_28 | INFO ] 🧩 Model added for round 49 (6/8) from ['node_4']
[ 2026-05-13 19:02:55 | node_12 | INFO ] 🧩 Model added for round 49 (7/9) from ['node_27']
[ 2026-05-13 19:02:55 | node_6 | INFO ] 🧩 Model added for round 49 (6/10) from ['node_35']
[ 2026-05-13 19:02:56 | node_35 | INFO ] 🧩 Model added for round 49 (8/12) from ['node_4']
[ 2026-05-13 19:02:56 | node_46 | INFO ] 🧩 Model added for round 49 (5/7) from ['node_13']
[ 2026-05-13 19:02:56 | node_19 | INFO ] 🧩 Model added for round 49 (9/12) from ['node_27']
[ 2026-05-13 19:02:56 | node_8 | INFO ] 🧩 Model added for round 49 (5/6) from ['node_35']
[ 2026-05-13 19:02:57 | node_48 | INFO ] 🧩 Model added for round 49 (4/8) from ['node_13']
[ 2026-05-13 19:02:57 | node_37 | INFO ] 🧩 Model added for round 49 (7/8) from ['node_4']
[ 2026-05-13 19:02:57 | node_17 | INFO ] 🧩 Model added for round 49 (5/9) from ['node_35']
[ 2026-05-13 19:02:58 | node_30 | INFO ] 🧩 Model added for round 49 (10/11) from ['node_27']
[ 2026-05-13 19:02:58 | node_19 | INFO ] 🧩 Model added for round 49 (10/12) from ['node_35']
[ 2026-05-13 19:02:58 | node_45 | INFO ] 🧩 Model added for round 49 (6/6) from ['node_4']
[ 2026-05-13 19:02:59 | node_45 | INFO ] 🧠 Aggregation complete. Setting new model.
[ 2026-05-13 19:02:59 | node_35 | INFO ] 🧩 Model added for round 49 (9/12) from ['node_27']
[ 2026-05-13 19:03:00 | node_45 | INFO ] 🗣️ Gossiping aggregated model.
[ 2026-05-13 19:03:00 | node_26 | INFO ] 🧩 Model added for round 49 (6/8) from ['node_35']
[ 2026-05-13 19:03:01 | node_27 | INFO ] 🧩 Model added for round 49 (7/10) from ['node_35']
[ 2026-05-13 19:03:01 | node_48 | INFO ] 🧩 Model added for round 49 (5/8) from ['node_27']
[ 2026-05-13 19:03:01 | node_36 | INFO ] ⏹️  Gossiping exited for 50 equal rounds.
[ 2026-05-13 19:03:02 | node_36 | INFO ] 🔬 Evaluating...
[ 2026-05-13 19:03:02 | node_36 | INFO ] 📈 Evaluated. Results: {'test_loss': 0.22187131643295288, 'test_acc': 0.9800000190734863, 'test_precision': 0.9746999144554138, 'test_recall': 0.981952428817749, 'test_f1': 0.9773796796798706, 'communication_cost': 30107168}
[ 2026-05-13 19:03:02 | node_36 | INFO ] 📢 Broadcasting metrics.
[ 2026-05-13 19:03:05 | node_36 | INFO ] 🎉 Round 49 of 50 finished.
[ 2026-05-13 19:03:05 | node_36 | INFO ] 🗳️ [DETERMINISTIC] Train set assigned (No Voting). Size: 50
[ 2026-05-13 19:03:05 | node_36 | INFO ] ♻️ Proactively processing 5 early models for round 49.
[ 2026-05-13 19:03:05 | node_36 | INFO ] 🧩 Model added for round 49 (1/9) from ['node_34']
[ 2026-05-13 19:03:05 | node_36 | INFO ] 🧩 Model added for round 49 (2/9) from ['node_12']
[ 2026-05-13 19:03:05 | node_36 | INFO ] 🧩 Model added for round 49 (3/9) from ['node_11']
[ 2026-05-13 19:03:05 | node_36 | INFO ] 🧩 Model added for round 49 (4/9) from ['node_15']
[ 2026-05-13 19:03:05 | node_36 | INFO ] 🧩 Model added for round 49 (5/9) from ['node_27']
[ 2026-05-13 19:03:05 | node_36 | INFO ] 🏋️‍♀️ Preparing training...
[ 2026-05-13 19:03:06 | node_36 | INFO ] 🎓 Training step done.
[ 2026-05-13 19:03:06 | node_36 | INFO ] 🛠️ Calling force_add_local_model...
[ 2026-05-13 19:03:06 | node_36 | INFO ] ✅ [FORCE] Local model added for round 49. (6/9)
[ 2026-05-13 19:03:11 | node_36 | INFO ] 📤 Sending model to 8 direct neighbors: ['node_2', 'node_11', 'node_12', 'node_15', 'node_27', 'node_32', 'node_34', 'node_43']
[ 2026-05-13 19:03:12 | node_11 | INFO ] 🧩 Model added for round 49 (3/12) from ['node_36']
[ 2026-05-13 19:03:14 | node_12 | INFO ] 🧩 Model added for round 49 (8/9) from ['node_36']
[ 2026-05-13 19:03:15 | node_15 | INFO ] 🧩 Model added for round 49 (5/6) from ['node_36']
[ 2026-05-13 19:03:16 | node_27 | INFO ] 🧩 Model added for round 49 (8/10) from ['node_36']
[ 2026-05-13 19:03:18 | node_29 | INFO ] ⏹️  Gossiping exited for 50 equal rounds.
[ 2026-05-13 19:03:18 | node_34 | INFO ] 🧩 Model added for round 49 (7/7) from ['node_36']
[ 2026-05-13 19:03:18 | node_29 | INFO ] 🔬 Evaluating...
[ 2026-05-13 19:03:19 | node_29 | INFO ] 📈 Evaluated. Results: {'test_loss': 0.07363761216402054, 'test_acc': 0.9800000190734863, 'test_precision': 0.9853619337081909, 'test_recall': 0.9753286242485046, 'test_f1': 0.9797607660293579, 'communication_cost': 45160752}
[ 2026-05-13 19:03:19 | node_29 | INFO ] 📢 Broadcasting metrics.
[ 2026-05-13 19:03:20 | node_34 | INFO ] 🧠 Aggregation complete. Setting new model.
[ 2026-05-13 19:03:21 | node_34 | INFO ] 🗣️ Gossiping aggregated model.
[ 2026-05-13 19:03:23 | node_29 | INFO ] 🎉 Round 49 of 50 finished.
[ 2026-05-13 19:03:23 | node_29 | INFO ] 🗳️ [DETERMINISTIC] Train set assigned (No Voting). Size: 50
[ 2026-05-13 19:03:23 | node_29 | INFO ] ♻️ Proactively processing 8 early models for round 49.
[ 2026-05-13 19:03:23 | node_29 | INFO ] 🧩 Model added for round 49 (1/13) from ['node_16']
[ 2026-05-13 19:03:23 | node_29 | INFO ] 🧩 Model added for round 49 (2/13) from ['node_48']
[ 2026-05-13 19:03:23 | node_29 | INFO ] 🧩 Model added for round 49 (3/13) from ['node_11']
[ 2026-05-13 19:03:23 | node_29 | INFO ] 🧩 Model added for round 49 (4/13) from ['node_14']
[ 2026-05-13 19:03:23 | node_29 | INFO ] 🧩 Model added for round 49 (5/13) from ['node_15']
[ 2026-05-13 19:03:23 | node_29 | INFO ] 🧩 Model added for round 49 (6/13) from ['node_42']
[ 2026-05-13 19:03:23 | node_29 | INFO ] 🧩 Model added for round 49 (7/13) from ['node_17']
[ 2026-05-13 19:03:23 | node_29 | INFO ] 🧩 Model added for round 49 (8/13) from ['node_28']
[ 2026-05-13 19:03:23 | node_29 | INFO ] 🏋️‍♀️ Preparing training...
[ 2026-05-13 19:03:24 | node_29 | INFO ] 🎓 Training step done.
[ 2026-05-13 19:03:24 | node_29 | INFO ] 🛠️ Calling force_add_local_model...
[ 2026-05-13 19:03:24 | node_29 | INFO ] ✅ [FORCE] Local model added for round 49. (9/13)
[ 2026-05-13 19:03:24 | node_20 | INFO ] ⏹️  Gossiping exited for 50 equal rounds.
[ 2026-05-13 19:03:24 | node_20 | INFO ] 🔬 Evaluating...
[ 2026-05-13 19:03:25 | node_20 | INFO ] 📈 Evaluated. Results: {'test_loss': 0.30252087116241455, 'test_acc': 0.9649999737739563, 'test_precision': 0.9649118185043335, 'test_recall': 0.961564838886261, 'test_f1': 0.9622957110404968, 'communication_cost': 37633960}
[ 2026-05-13 19:03:25 | node_20 | INFO ] 📢 Broadcasting metrics.
[ 2026-05-13 19:03:28 | node_2 | INFO ] ⏹️  Gossiping exited for 50 equal rounds.
[ 2026-05-13 19:03:28 | node_2 | INFO ] 🔬 Evaluating...
[ 2026-05-13 19:03:28 | node_2 | INFO ] 📈 Evaluated. Results: {'test_loss': 0.10889741778373718, 'test_acc': 0.9750000238418579, 'test_precision': 0.9779762029647827, 'test_recall': 0.9761085510253906, 'test_f1': 0.9765177369117737, 'communication_cost': 37633960}
[ 2026-05-13 19:03:28 | node_2 | INFO ] 📢 Broadcasting metrics.
[ 2026-05-13 19:03:29 | node_20 | INFO ] 🎉 Round 49 of 50 finished.
[ 2026-05-13 19:03:29 | node_20 | INFO ] 🗳️ [DETERMINISTIC] Train set assigned (No Voting). Size: 50
[ 2026-05-13 19:03:29 | node_20 | INFO ] ♻️ Proactively processing 8 early models for round 49.
[ 2026-05-13 19:03:29 | node_29 | INFO ] 📤 Sending model to 12 direct neighbors: ['node_11', 'node_14', 'node_15', 'node_16', 'node_17', 'node_21', 'node_28', 'node_31', 'node_32', 'node_40', 'node_42', 'node_48']
[ 2026-05-13 19:03:29 | node_20 | INFO ] 🧩 Model added for round 49 (1/11) from ['node_11']
[ 2026-05-13 19:03:29 | node_20 | INFO ] 🧩 Model added for round 49 (2/11) from ['node_46']
[ 2026-05-13 19:03:29 | node_20 | INFO ] 🧩 Model added for round 49 (3/11) from ['node_7']
[ 2026-05-13 19:03:29 | node_20 | INFO ] 🧩 Model added for round 49 (4/11) from ['node_30']
[ 2026-05-13 19:03:29 | node_20 | INFO ] 🧩 Model added for round 49 (5/11) from ['node_17']
[ 2026-05-13 19:03:29 | node_20 | INFO ] 🧩 Model added for round 49 (6/11) from ['node_13']
[ 2026-05-13 19:03:29 | node_20 | INFO ] 🧩 Model added for round 49 (7/11) from ['node_27']
[ 2026-05-13 19:03:29 | node_20 | INFO ] 🧩 Model added for round 49 (8/11) from ['node_35']
[ 2026-05-13 19:03:29 | node_11 | INFO ] 🧩 Model added for round 49 (4/12) from ['node_29']
[ 2026-05-13 19:03:29 | node_20 | INFO ] 🏋️‍♀️ Preparing training...
[ 2026-05-13 19:03:30 | node_20 | INFO ] 🎓 Training step done.
[ 2026-05-13 19:03:30 | node_20 | INFO ] 🛠️ Calling force_add_local_model...
[ 2026-05-13 19:03:30 | node_20 | INFO ] ✅ [FORCE] Local model added for round 49. (9/11)
[ 2026-05-13 19:03:31 | node_14 | INFO ] 🧩 Model added for round 49 (5/8) from ['node_29']
[ 2026-05-13 19:03:32 | node_15 | INFO ] 🧩 Model added for round 49 (6/6) from ['node_29']
[ 2026-05-13 19:03:33 | node_2 | INFO ] 🎉 Round 49 of 50 finished.
[ 2026-05-13 19:03:33 | node_2 | INFO ] 🗳️ [DETERMINISTIC] Train set assigned (No Voting). Size: 50
[ 2026-05-13 19:03:33 | node_2 | INFO ] ♻️ Proactively processing 8 early models for round 49.
[ 2026-05-13 19:03:33 | node_2 | INFO ] 🧩 Model added for round 49 (1/11) from ['node_22']
[ 2026-05-13 19:03:33 | node_2 | INFO ] 🧩 Model added for round 49 (2/11) from ['node_24']
[ 2026-05-13 19:03:33 | node_2 | INFO ] 🧩 Model added for round 49 (3/11) from ['node_44']
[ 2026-05-13 19:03:33 | node_2 | INFO ] 🧩 Model added for round 49 (4/11) from ['node_26']
[ 2026-05-13 19:03:33 | node_2 | INFO ] 🧩 Model added for round 49 (5/11) from ['node_17']
[ 2026-05-13 19:03:33 | node_2 | INFO ] 🧩 Model added for round 49 (6/11) from ['node_38']
[ 2026-05-13 19:03:33 | node_2 | INFO ] 🧩 Model added for round 49 (7/11) from ['node_13']
[ 2026-05-13 19:03:33 | node_2 | INFO ] 🧩 Model added for round 49 (8/11) from ['node_36']
[ 2026-05-13 19:03:33 | node_2 | INFO ] 🏋️‍♀️ Preparing training...
[ 2026-05-13 19:03:33 | node_15 | INFO ] 🧠 Aggregation complete. Setting new model.
[ 2026-05-13 19:03:33 | node_16 | INFO ] 🧩 Model added for round 49 (4/6) from ['node_29']
[ 2026-05-13 19:03:34 | node_15 | INFO ] 🗣️ Gossiping aggregated model.
[ 2026-05-13 19:03:34 | node_2 | INFO ] 🎓 Training step done.
[ 2026-05-13 19:03:34 | node_2 | INFO ] 🛠️ Calling force_add_local_model...
[ 2026-05-13 19:03:34 | node_2 | INFO ] ✅ [FORCE] Local model added for round 49. (9/11)
[ 2026-05-13 19:03:34 | node_17 | INFO ] 🧩 Model added for round 49 (6/9) from ['node_29']
[ 2026-05-13 19:03:35 | node_20 | INFO ] 📤 Sending model to 10 direct neighbors: ['node_7', 'node_11', 'node_13', 'node_17', 'node_27', 'node_30', 'node_35', 'node_40', 'node_46', 'node_49']
[ 2026-05-13 19:03:35 | node_7 | INFO ] 🧩 Model added for round 49 (6/8) from ['node_20']
[ 2026-05-13 19:03:36 | node_28 | INFO ] 🧩 Model added for round 49 (7/8) from ['node_29']
[ 2026-05-13 19:03:36 | node_11 | INFO ] 🧩 Model added for round 49 (5/12) from ['node_20']
[ 2026-05-13 19:03:37 | node_18 | INFO ] ⏹️  Gossiping exited for 50 equal rounds.
[ 2026-05-13 19:03:37 | node_18 | INFO ] 🔬 Evaluating...
[ 2026-05-13 19:03:37 | node_18 | INFO ] 📈 Evaluated. Results: {'test_loss': 0.05736125633120537, 'test_acc': 0.9750000238418579, 'test_precision': 0.9757619500160217, 'test_recall': 0.9785752296447754, 'test_f1': 0.9765421152114868, 'communication_cost': 37633960}
[ 2026-05-13 19:03:37 | node_18 | INFO ] 📢 Broadcasting metrics.
[ 2026-05-13 19:03:38 | node_42 | INFO ] 🧩 Model added for round 49 (7/9) from ['node_29']
[ 2026-05-13 19:03:38 | node_13 | INFO ] 🧩 Model added for round 49 (9/15) from ['node_20']
[ 2026-05-13 19:03:39 | node_49 | INFO ] ⏹️  Gossiping exited for 50 equal rounds.
[ 2026-05-13 19:03:39 | node_2 | INFO ] 📤 Sending model to 10 direct neighbors: ['node_13', 'node_17', 'node_22', 'node_24', 'node_25', 'node_26', 'node_36', 'node_38', 'node_39', 'node_44']
[ 2026-05-13 19:03:39 | node_49 | INFO ] 🔬 Evaluating...
[ 2026-05-13 19:03:39 | node_48 | INFO ] 🧩 Model added for round 49 (6/8) from ['node_29']
[ 2026-05-13 19:03:39 | node_13 | INFO ] 🧩 Model added for round 49 (10/15) from ['node_2']
[ 2026-05-13 19:03:39 | node_49 | INFO ] 📈 Evaluated. Results: {'test_loss': 0.2503562569618225, 'test_acc': 0.9800000190734863, 'test_precision': 0.9822505712509155, 'test_recall': 0.9825175404548645, 'test_f1': 0.981716513633728, 'communication_cost': 30107168}
[ 2026-05-13 19:03:39 | node_49 | INFO ] 📢 Broadcasting metrics.
[ 2026-05-13 19:03:40 | node_17 | INFO ] 🧩 Model added for round 49 (7/9) from ['node_20']
[ 2026-05-13 19:03:41 | node_27 | INFO ] 🧩 Model added for round 49 (9/10) from ['node_20']
[ 2026-05-13 19:03:41 | node_17 | INFO ] 🧩 Model added for round 49 (8/9) from ['node_2']
[ 2026-05-13 19:03:41 | node_18 | INFO ] 🎉 Round 49 of 50 finished.
[ 2026-05-13 19:03:41 | node_18 | INFO ] 🗳️ [DETERMINISTIC] Train set assigned (No Voting). Size: 50
[ 2026-05-13 19:03:42 | node_18 | INFO ] ♻️ Proactively processing 8 early models for round 49.
[ 2026-05-13 19:03:42 | node_18 | INFO ] 🧩 Model added for round 49 (1/11) from ['node_22']
[ 2026-05-13 19:03:42 | node_18 | INFO ] 🧩 Model added for round 49 (2/11) from ['node_1']
[ 2026-05-13 19:03:42 | node_18 | INFO ] 🧩 Model added for round 49 (3/11) from ['node_10']
[ 2026-05-13 19:03:42 | node_18 | INFO ] 🧩 Model added for round 49 (4/11) from ['node_5']
[ 2026-05-13 19:03:42 | node_18 | INFO ] 🧩 Model added for round 49 (5/11) from ['node_44']
[ 2026-05-13 19:03:42 | node_18 | INFO ] 🧩 Model added for round 49 (6/11) from ['node_48']
[ 2026-05-13 19:03:42 | node_18 | INFO ] 🧩 Model added for round 49 (7/11) from ['node_4']
[ 2026-05-13 19:03:42 | node_18 | INFO ] 🧩 Model added for round 49 (8/11) from ['node_27']
[ 2026-05-13 19:03:42 | node_18 | INFO ] 🏋️‍♀️ Preparing training...
[ 2026-05-13 19:03:42 | node_22 | INFO ] 🧩 Model added for round 49 (5/6) from ['node_2']
[ 2026-05-13 19:03:42 | node_30 | INFO ] 🧩 Model added for round 49 (11/11) from ['node_20']
[ 2026-05-13 19:03:43 | node_18 | INFO ] 🎓 Training step done.
[ 2026-05-13 19:03:43 | node_18 | INFO ] 🛠️ Calling force_add_local_model...
[ 2026-05-13 19:03:43 | node_18 | INFO ] ✅ [FORCE] Local model added for round 49. (9/11)
[ 2026-05-13 19:03:43 | node_49 | INFO ] 🎉 Round 49 of 50 finished.
[ 2026-05-13 19:03:43 | node_49 | INFO ] 🗳️ [DETERMINISTIC] Train set assigned (No Voting). Size: 50
[ 2026-05-13 19:03:43 | node_30 | INFO ] 🧠 Aggregation complete. Setting new model.
[ 2026-05-13 19:03:43 | node_49 | INFO ] ♻️ Proactively processing 5 early models for round 49.
[ 2026-05-13 19:03:44 | node_49 | INFO ] 🧩 Model added for round 49 (1/9) from ['node_12']
[ 2026-05-13 19:03:44 | node_49 | INFO ] 🧩 Model added for round 49 (2/9) from ['node_11']
[ 2026-05-13 19:03:44 | node_49 | INFO ] 🧩 Model added for round 49 (3/9) from ['node_37']
[ 2026-05-13 19:03:44 | node_49 | INFO ] 🧩 Model added for round 49 (4/9) from ['node_42']
[ 2026-05-13 19:03:44 | node_49 | INFO ] 🧩 Model added for round 49 (5/9) from ['node_4']
[ 2026-05-13 19:03:44 | node_49 | INFO ] 🏋️‍♀️ Preparing training...
[ 2026-05-13 19:03:44 | node_30 | INFO ] 🗣️ Gossiping aggregated model.
[ 2026-05-13 19:03:44 | node_24 | INFO ] 🧩 Model added for round 49 (9/10) from ['node_2']
[ 2026-05-13 19:03:44 | node_35 | INFO ] 🧩 Model added for round 49 (10/12) from ['node_20']
[ 2026-05-13 19:03:44 | node_49 | INFO ] 🎓 Training step done.
[ 2026-05-13 19:03:44 | node_49 | INFO ] 🛠️ Calling force_add_local_model...
[ 2026-05-13 19:03:44 | node_49 | INFO ] ✅ [FORCE] Local model added for round 49. (6/9)
[ 2026-05-13 19:03:46 | node_26 | INFO ] 🧩 Model added for round 49 (7/8) from ['node_2']
[ 2026-05-13 19:03:46 | node_46 | INFO ] 🧩 Model added for round 49 (6/7) from ['node_20']
[ 2026-05-13 19:03:47 | node_36 | INFO ] 🧩 Model added for round 49 (7/9) from ['node_2']
[ 2026-05-13 19:03:48 | node_49 | INFO ] 🧩 Model added for round 49 (7/9) from ['node_20']
[ 2026-05-13 19:03:48 | node_18 | INFO ] 📤 Sending model to 10 direct neighbors: ['node_1', 'node_4', 'node_5', 'node_10', 'node_22', 'node_25', 'node_27', 'node_31', 'node_44', 'node_48']
[ 2026-05-13 19:03:48 | node_1 | INFO ] 🧩 Model added for round 49 (4/5) from ['node_18']
[ 2026-05-13 19:03:48 | node_38 | INFO ] 🧩 Model added for round 49 (8/8) from ['node_2']
[ 2026-05-13 19:03:49 | node_4 | INFO ] 🧩 Model added for round 49 (12/16) from ['node_18']
[ 2026-05-13 19:03:49 | node_38 | INFO ] 🧠 Aggregation complete. Setting new model.
[ 2026-05-13 19:03:50 | node_49 | INFO ] 📤 Sending model to 8 direct neighbors: ['node', 'node_4', 'node_11', 'node_12', 'node_20', 'node_25', 'node_37', 'node_42']
[ 2026-05-13 19:03:50 | node_3 | INFO ] ⏹️  Gossiping exited for 50 equal rounds.
[ 2026-05-13 19:03:50 | node_3 | INFO ] 🔬 Evaluating...
[ 2026-05-13 19:03:50 | node_38 | INFO ] 🗣️ Gossiping aggregated model.
[ 2026-05-13 19:03:50 | node_3 | INFO ] 📈 Evaluated. Results: {'test_loss': 0.18541580438613892, 'test_acc': 0.9750000238418579, 'test_precision': 0.9785016775131226, 'test_recall': 0.9754220843315125, 'test_f1': 0.9762521982192993, 'communication_cost': 30107168}
[ 2026-05-13 19:03:51 | node_44 | INFO ] 🧩 Model added for round 49 (4/6) from ['node_2']
[ 2026-05-13 19:03:51 | node_3 | INFO ] 📢 Broadcasting metrics.
[ 2026-05-13 19:03:51 | node_5 | INFO ] 🧩 Model added for round 49 (10/10) from ['node_18']
[ 2026-05-13 19:03:52 | node_4 | INFO ] 🧩 Model added for round 49 (13/16) from ['node_49']
[ 2026-05-13 19:03:53 | node_31 | INFO ] ⏹️  Gossiping exited for 50 equal rounds.
[ 2026-05-13 19:03:53 | node_10 | INFO ] 🧩 Model added for round 49 (7/7) from ['node_18']
[ 2026-05-13 19:03:53 | node_31 | INFO ] 🔬 Evaluating...
[ 2026-05-13 19:03:53 | node_31 | INFO ] 📈 Evaluated. Results: {'test_loss': 0.09950169920921326, 'test_acc': 0.9750000238418579, 'test_precision': 0.9721126556396484, 'test_recall': 0.9785581827163696, 'test_f1': 0.9746008515357971, 'communication_cost': 37633960}
[ 2026-05-13 19:03:53 | node_31 | INFO ] 📢 Broadcasting metrics.
[ 2026-05-13 19:03:53 | node_3 | INFO ] 🎉 Round 49 of 50 finished.
[ 2026-05-13 19:03:53 | node_3 | INFO ] 🗳️ [DETERMINISTIC] Train set assigned (No Voting). Size: 50
[ 2026-05-13 19:03:53 | node_3 | INFO ] ♻️ Proactively processing 5 early models for round 49.
[ 2026-05-13 19:03:53 | node_3 | INFO ] 🧩 Model added for round 49 (1/9) from ['node_1']
[ 2026-05-13 19:03:53 | node_3 | INFO ] 🧩 Model added for round 49 (2/9) from ['node_47']
[ 2026-05-13 19:03:54 | node_3 | INFO ] 🧩 Model added for round 49 (3/9) from ['node_48']
[ 2026-05-13 19:03:54 | node_3 | INFO ] 🧩 Model added for round 49 (4/9) from ['node_11']
[ 2026-05-13 19:03:54 | node_3 | INFO ] 🧩 Model added for round 49 (5/9) from ['node_14']
[ 2026-05-13 19:03:54 | node_3 | INFO ] 🏋️‍♀️ Preparing training...
[ 2026-05-13 19:03:54 | node_11 | INFO ] 🧩 Model added for round 49 (6/12) from ['node_49']
[ 2026-05-13 19:03:54 | node_40 | INFO ] ⏹️  Gossiping exited for 50 equal rounds.
[ 2026-05-13 19:03:54 | node_40 | INFO ] 🔬 Evaluating...
[ 2026-05-13 19:03:54 | node_22 | INFO ] 🧩 Model added for round 49 (6/6) from ['node_18']
[ 2026-05-13 19:03:54 | node_10 | INFO ] 🧠 Aggregation complete. Setting new model.
[ 2026-05-13 19:03:54 | node_5 | INFO ] 🧠 Aggregation complete. Setting new model.
[ 2026-05-13 19:03:54 | node_40 | INFO ] 📈 Evaluated. Results: {'test_loss': 0.3005387485027313, 'test_acc': 0.9649999737739563, 'test_precision': 0.9627562165260315, 'test_recall': 0.9671974182128906, 'test_f1': 0.9632619619369507, 'communication_cost': 37633960}
[ 2026-05-13 19:03:55 | node_40 | INFO ] 📢 Broadcasting metrics.
[ 2026-05-13 19:03:55 | node_3 | INFO ] 🎓 Training step done.
[ 2026-05-13 19:03:55 | node_3 | INFO ] 🛠️ Calling force_add_local_model...
[ 2026-05-13 19:03:55 | node_3 | INFO ] ✅ [FORCE] Local model added for round 49. (6/9)
[ 2026-05-13 19:03:55 | node_22 | INFO ] 🧠 Aggregation complete. Setting new model.
[ 2026-05-13 19:03:55 | node_10 | INFO ] 🗣️ Gossiping aggregated model.
[ 2026-05-13 19:03:55 | node_12 | INFO ] 🧩 Model added for round 49 (9/9) from ['node_49']
[ 2026-05-13 19:03:55 | node_5 | INFO ] 🗣️ Gossiping aggregated model.
[ 2026-05-13 19:03:56 | node_22 | INFO ] 🗣️ Gossiping aggregated model.
[ 2026-05-13 19:03:56 | node_27 | INFO ] 🧩 Model added for round 49 (10/10) from ['node_18']
[ 2026-05-13 19:03:56 | node_12 | INFO ] 🧠 Aggregation complete. Setting new model.
[ 2026-05-13 19:03:57 | node_27 | INFO ] 🧠 Aggregation complete. Setting new model.
[ 2026-05-13 19:03:57 | node_20 | INFO ] 🧩 Model added for round 49 (10/11) from ['node_49']
[ 2026-05-13 19:03:57 | node_12 | INFO ] 🗣️ Gossiping aggregated model.
[ 2026-05-13 19:03:58 | node_44 | INFO ] 🧩 Model added for round 49 (5/6) from ['node_18']
[ 2026-05-13 19:03:58 | node_27 | INFO ] 🗣️ Gossiping aggregated model.
[ 2026-05-13 19:03:58 | node_31 | INFO ] 🎉 Round 49 of 50 finished.
[ 2026-05-13 19:03:58 | node_31 | INFO ] 🗳️ [DETERMINISTIC] Train set assigned (No Voting). Size: 50
[ 2026-05-13 19:03:58 | node_31 | INFO ] ♻️ Proactively processing 9 early models for round 49.
[ 2026-05-13 19:03:58 | node_31 | INFO ] 🧩 Model added for round 49 (1/11) from ['node_33']
[ 2026-05-13 19:03:58 | node_31 | INFO ] 🧩 Model added for round 49 (2/11) from ['node_41']
[ 2026-05-13 19:03:58 | node_31 | INFO ] 🧩 Model added for round 49 (3/11) from ['node_11']
[ 2026-05-13 19:03:58 | node_31 | INFO ] 🧩 Model added for round 49 (4/11) from ['node_19']
[ 2026-05-13 19:03:59 | node_31 | INFO ] 🧩 Model added for round 49 (5/11) from ['node_28']
[ 2026-05-13 19:03:59 | node_48 | INFO ] 🧩 Model added for round 49 (7/8) from ['node_18']
[ 2026-05-13 19:03:59 | node_31 | INFO ] 🧩 Model added for round 49 (6/11) from ['node_13']
[ 2026-05-13 19:03:59 | node_31 | INFO ] 🧩 Model added for round 49 (7/11) from ['node_4']
[ 2026-05-13 19:03:59 | node_37 | INFO ] 🧩 Model added for round 49 (8/8) from ['node_49']
[ 2026-05-13 19:03:59 | node_31 | INFO ] 🧩 Model added for round 49 (8/11) from ['node_29']
[ 2026-05-13 19:03:59 | node_31 | INFO ] 🧩 Model added for round 49 (9/11) from ['node_18']
[ 2026-05-13 19:03:59 | node_31 | INFO ] 🏋️‍♀️ Preparing training...
[ 2026-05-13 19:03:59 | node_32 | INFO ] ⏹️  Gossiping exited for 50 equal rounds.
[ 2026-05-13 19:03:59 | node_32 | INFO ] 🔬 Evaluating...
[ 2026-05-13 19:04:00 | node_31 | INFO ] 🎓 Training step done.
[ 2026-05-13 19:04:00 | node_40 | INFO ] 🎉 Round 49 of 50 finished.
[ 2026-05-13 19:04:00 | node_31 | INFO ] 🛠️ Calling force_add_local_model...
[ 2026-05-13 19:04:00 | node_21 | INFO ] ⏹️  Gossiping exited for 50 equal rounds.
[ 2026-05-13 19:04:00 | node_3 | INFO ] 📤 Sending model to 8 direct neighbors: ['node_1', 'node_11', 'node_14', 'node_32', 'node_39', 'node_43', 'node_47', 'node_48']
[ 2026-05-13 19:04:00 | node_31 | INFO ] ✅ [FORCE] Local model added for round 49. (10/11)
[ 2026-05-13 19:04:00 | node_32 | INFO ] 📈 Evaluated. Results: {'test_loss': 0.2583363950252533, 'test_acc': 0.9700000286102295, 'test_precision': 0.9698437452316284, 'test_recall': 0.9735119342803955, 'test_f1': 0.9705281257629395, 'communication_cost': 30107168}
[ 2026-05-13 19:04:00 | node_40 | INFO ] 🗳️ [DETERMINISTIC] Train set assigned (No Voting). Size: 50
[ 2026-05-13 19:04:00 | node_21 | INFO ] 🔬 Evaluating...
[ 2026-05-13 19:04:00 | node_32 | INFO ] 📢 Broadcasting metrics.
[ 2026-05-13 19:04:00 | node_37 | INFO ] 🧠 Aggregation complete. Setting new model.
[ 2026-05-13 19:04:00 | node_40 | INFO ] ♻️ Proactively processing 8 early models for round 49.
[ 2026-05-13 19:04:00 | node_40 | INFO ] 🧩 Model added for round 49 (1/11) from ['node_47']
[ 2026-05-13 19:04:00 | node_1 | INFO ] 🧩 Model added for round 49 (5/5) from ['node_3']
[ 2026-05-13 19:04:00 | node_40 | INFO ] 🧩 Model added for round 49 (2/11) from ['node_11']
[ 2026-05-13 19:04:00 | node_21 | INFO ] 📈 Evaluated. Results: {'test_loss': 0.34890392422676086, 'test_acc': 0.9649999737739563, 'test_precision': 0.9694693684577942, 'test_recall': 0.9538929462432861, 'test_f1': 0.9601060748100281, 'communication_cost': 30107168}
[ 2026-05-13 19:04:00 | node_40 | INFO ] 🧩 Model added for round 49 (3/11) from ['node_26']
[ 2026-05-13 19:04:00 | node_40 | INFO ] 🧩 Model added for round 49 (4/11) from ['node_9']
[ 2026-05-13 19:04:00 | node_21 | INFO ] 📢 Broadcasting metrics.
[ 2026-05-13 19:04:00 | node_42 | INFO ] 🧩 Model added for round 49 (8/9) from ['node_49']
[ 2026-05-13 19:04:00 | node_40 | INFO ] 🧩 Model added for round 49 (5/11) from ['node_13']
[ 2026-05-13 19:04:01 | node_40 | INFO ] 🧩 Model added for round 49 (6/11) from ['node_35']
[ 2026-05-13 19:04:01 | node_40 | INFO ] 🧩 Model added for round 49 (7/11) from ['node_29']
[ 2026-05-13 19:04:01 | node_40 | INFO ] 🧩 Model added for round 49 (8/11) from ['node_20']
[ 2026-05-13 19:04:01 | node_40 | INFO ] 🏋️‍♀️ Preparing training...
[ 2026-05-13 19:04:01 | node_1 | INFO ] 🧠 Aggregation complete. Setting new model.
[ 2026-05-13 19:04:01 | node_37 | INFO ] 🗣️ Gossiping aggregated model.
[ 2026-05-13 19:04:01 | node_1 | INFO ] 🗣️ Gossiping aggregated model.
[ 2026-05-13 19:04:01 | node_11 | INFO ] 🧩 Model added for round 49 (7/12) from ['node_3']
[ 2026-05-13 19:04:01 | node_40 | INFO ] 🎓 Training step done.
[ 2026-05-13 19:04:01 | node_40 | INFO ] 🛠️ Calling force_add_local_model...
[ 2026-05-13 19:04:01 | node_40 | INFO ] ✅ [FORCE] Local model added for round 49. (9/11)
[ 2026-05-13 19:04:04 | node_14 | INFO ] 🧩 Model added for round 49 (6/8) from ['node_3']
[ 2026-05-13 19:04:04 | node_32 | INFO ] 🎉 Round 49 of 50 finished.
[ 2026-05-13 19:04:04 | node_32 | INFO ] 🗳️ [DETERMINISTIC] Train set assigned (No Voting). Size: 50
[ 2026-05-13 19:04:04 | node_32 | INFO ] ♻️ Proactively processing 6 early models for round 49.
[ 2026-05-13 19:04:04 | node_32 | INFO ] 🧩 Model added for round 49 (1/9) from ['node_41']
[ 2026-05-13 19:04:04 | node_32 | INFO ] 🧩 Model added for round 49 (2/9) from ['node_8']
[ 2026-05-13 19:04:04 | node_32 | INFO ] 🧩 Model added for round 49 (3/9) from ['node_44']
[ 2026-05-13 19:04:04 | node_32 | INFO ] 🧩 Model added for round 49 (4/9) from ['node_11']
[ 2026-05-13 19:04:04 | node_32 | INFO ] 🧩 Model added for round 49 (5/9) from ['node_36']
[ 2026-05-13 19:04:04 | node_21 | INFO ] 🎉 Round 49 of 50 finished.
[ 2026-05-13 19:04:04 | node_32 | INFO ] 🧩 Model added for round 49 (6/9) from ['node_29']
[ 2026-05-13 19:04:04 | node_32 | INFO ] 🏋️‍♀️ Preparing training...
[ 2026-05-13 19:04:04 | node_21 | INFO ] 🗳️ [DETERMINISTIC] Train set assigned (No Voting). Size: 50
[ 2026-05-13 19:04:05 | node_32 | INFO ] 🧩 Model added for round 49 (7/9) from ['node_3']
[ 2026-05-13 19:04:05 | node_21 | INFO ] ♻️ Proactively processing 6 early models for round 49.
[ 2026-05-13 19:04:05 | node_21 | INFO ] 🧩 Model added for round 49 (1/9) from ['node_6']
[ 2026-05-13 19:04:05 | node_21 | INFO ] 🧩 Model added for round 49 (2/9) from ['node_47']
[ 2026-05-13 19:04:05 | node_21 | INFO ] 🧩 Model added for round 49 (3/9) from ['node_46']
[ 2026-05-13 19:04:05 | node_21 | INFO ] 🧩 Model added for round 49 (4/9) from ['node_19']
[ 2026-05-13 19:04:05 | node_21 | INFO ] 🧩 Model added for round 49 (5/9) from ['node_13']
[ 2026-05-13 19:04:05 | node_21 | INFO ] 🧩 Model added for round 49 (6/9) from ['node_29']
[ 2026-05-13 19:04:05 | node_32 | INFO ] 🎓 Training step done.
[ 2026-05-13 19:04:05 | node_21 | INFO ] 🏋️‍♀️ Preparing training...
[ 2026-05-13 19:04:05 | node_32 | INFO ] 🛠️ Calling force_add_local_model...
[ 2026-05-13 19:04:05 | node_31 | INFO ] 📤 Sending model to 10 direct neighbors: ['node_4', 'node_11', 'node_13', 'node_18', 'node_19', 'node_25', 'node_28', 'node_29', 'node_33', 'node_41']
[ 2026-05-13 19:04:05 | node_32 | INFO ] ✅ [FORCE] Local model added for round 49. (8/9)
[ 2026-05-13 19:04:05 | node_4 | INFO ] 🧩 Model added for round 49 (14/16) from ['node_31']
[ 2026-05-13 19:04:05 | node_21 | INFO ] 🎓 Training step done.
[ 2026-05-13 19:04:05 | node_21 | INFO ] 🛠️ Calling force_add_local_model...
[ 2026-05-13 19:04:05 | node_21 | INFO ] ✅ [FORCE] Local model added for round 49. (7/9)
[ 2026-05-13 19:04:06 | node_43 | INFO ] ⏹️  Gossiping exited for 50 equal rounds.
[ 2026-05-13 19:04:06 | node_43 | INFO ] 🔬 Evaluating...
[ 2026-05-13 19:04:06 | node_40 | INFO ] 📤 Sending model to 10 direct neighbors: ['node_9', 'node_11', 'node_13', 'node_20', 'node_26', 'node_29', 'node_35', 'node_39', 'node_43', 'node_47']
[ 2026-05-13 19:04:07 | node_47 | INFO ] 🧩 Model added for round 49 (5/7) from ['node_3']
[ 2026-05-13 19:04:07 | node_43 | INFO ] 📈 Evaluated. Results: {'test_loss': 0.37580859661102295, 'test_acc': 0.9549999833106995, 'test_precision': 0.9568576812744141, 'test_recall': 0.963092565536499, 'test_f1': 0.9582871794700623, 'communication_cost': 30107168}
[ 2026-05-13 19:04:07 | node_43 | INFO ] 📢 Broadcasting metrics.
[ 2026-05-13 19:04:07 | node_9 | INFO ] 🧩 Model added for round 49 (9/9) from ['node_40']
[ 2026-05-13 19:04:07 | node_11 | INFO ] 🧩 Model added for round 49 (8/12) from ['node_31']
[ 2026-05-13 19:04:07 | node_9 | INFO ] 🧠 Aggregation complete. Setting new model.
[ 2026-05-13 19:04:08 | node_48 | INFO ] 🧩 Model added for round 49 (8/8) from ['node_3']
[ 2026-05-13 19:04:08 | node_9 | INFO ] 🗣️ Gossiping aggregated model.
[ 2026-05-13 19:04:09 | node_11 | INFO ] 🧩 Model added for round 49 (9/12) from ['node_40']
[ 2026-05-13 19:04:09 | node_13 | INFO ] 🧩 Model added for round 49 (11/15) from ['node_31']
[ 2026-05-13 19:04:10 | node_48 | INFO ] 🧠 Aggregation complete. Setting new model.
[ 2026-05-13 19:04:10 | node_43 | INFO ] 🎉 Round 49 of 50 finished.
[ 2026-05-13 19:04:10 | node_32 | INFO ] 📤 Sending model to 8 direct neighbors: ['node_3', 'node_8', 'node_11', 'node_29', 'node_36', 'node_39', 'node_41', 'node_44']
[ 2026-05-13 19:04:10 | node_43 | INFO ] 🗳️ [DETERMINISTIC] Train set assigned (No Voting). Size: 50
[ 2026-05-13 19:04:10 | node_43 | INFO ] ♻️ Proactively processing 7 early models for round 49.
[ 2026-05-13 19:04:10 | node_43 | INFO ] 🧩 Model added for round 49 (1/9) from ['node_6']
[ 2026-05-13 19:04:10 | node_43 | INFO ] 🧩 Model added for round 49 (2/9) from ['node_11']
[ 2026-05-13 19:04:10 | node_43 | INFO ] 🧩 Model added for round 49 (3/9) from ['node_17']
[ 2026-05-13 19:04:10 | node_43 | INFO ] 🧩 Model added for round 49 (4/9) from ['node_13']
[ 2026-05-13 19:04:10 | node_43 | INFO ] 🧩 Model added for round 49 (5/9) from ['node_4']
[ 2026-05-13 19:04:10 | node_43 | INFO ] 🧩 Model added for round 49 (6/9) from ['node_36']
[ 2026-05-13 19:04:10 | node_43 | INFO ] 🧩 Model added for round 49 (7/9) from ['node_3']
[ 2026-05-13 19:04:10 | node_43 | INFO ] 🏋️‍♀️ Preparing training...
[ 2026-05-13 19:04:11 | node_48 | INFO ] 🗣️ Gossiping aggregated model.
[ 2026-05-13 19:04:11 | node_21 | INFO ] 📤 Sending model to 8 direct neighbors: ['node', 'node_6', 'node_13', 'node_19', 'node_29', 'node_39', 'node_46', 'node_47']
[ 2026-05-13 19:04:11 | node_13 | INFO ] 🧩 Model added for round 49 (12/15) from ['node_40']
[ 2026-05-13 19:04:11 | node_3 | INFO ] 🧩 Model added for round 49 (7/9) from ['node_32']
[ 2026-05-13 19:04:11 | node_43 | INFO ] 🎓 Training step done.
[ 2026-05-13 19:04:11 | node_43 | INFO ] 🛠️ Calling force_add_local_model...
[ 2026-05-13 19:04:11 | node_18 | INFO ] 🧩 Model added for round 49 (10/11) from ['node_31']
[ 2026-05-13 19:04:11 | node_43 | INFO ] ✅ [FORCE] Local model added for round 49. (8/9)
[ 2026-05-13 19:04:11 | node_6 | INFO ] 🧩 Model added for round 49 (7/10) from ['node_21']
[ 2026-05-13 19:04:12 | node_8 | INFO ] 🧩 Model added for round 49 (6/6) from ['node_32']
[ 2026-05-13 19:04:13 | node_8 | INFO ] 🧠 Aggregation complete. Setting new model.
[ 2026-05-13 19:04:13 | node_20 | INFO ] 🧩 Model added for round 49 (11/11) from ['node_40']
[ 2026-05-13 19:04:13 | node_11 | INFO ] 🧩 Model added for round 49 (10/12) from ['node_32']
[ 2026-05-13 19:04:13 | node_19 | INFO ] 🧩 Model added for round 49 (11/12) from ['node_31']
[ 2026-05-13 19:04:13 | node_13 | INFO ] 🧩 Model added for round 49 (13/15) from ['node_21']
[ 2026-05-13 19:04:14 | node_8 | INFO ] 🗣️ Gossiping aggregated model.
[ 2026-05-13 19:04:14 | node_20 | INFO ] 🧠 Aggregation complete. Setting new model.
[ 2026-05-13 19:04:15 | node_26 | INFO ] 🧩 Model added for round 49 (8/8) from ['node_40']
[ 2026-05-13 19:04:15 | node_29 | INFO ] 🧩 Model added for round 49 (10/13) from ['node_32']
[ 2026-05-13 19:04:15 | node_28 | INFO ] 🧩 Model added for round 49 (8/8) from ['node_31']
[ 2026-05-13 19:04:15 | node_26 | INFO ] 🧠 Aggregation complete. Setting new model.
[ 2026-05-13 19:04:15 | node_28 | INFO ] 🧠 Aggregation complete. Setting new model.
[ 2026-05-13 19:04:15 | node_19 | INFO ] 🧩 Model added for round 49 (12/12) from ['node_21']
[ 2026-05-13 19:04:15 | node_20 | INFO ] 🗣️ Gossiping aggregated model.
[ 2026-05-13 19:04:16 | node_26 | INFO ] 🗣️ Gossiping aggregated model.
[ 2026-05-13 19:04:16 | node_28 | INFO ] 🗣️ Gossiping aggregated model.
[ 2026-05-13 19:04:16 | node_43 | INFO ] 📤 Sending model to 8 direct neighbors: ['node_3', 'node_4', 'node_6', 'node_11', 'node_13', 'node_17', 'node_36', 'node_40']
[ 2026-05-13 19:04:17 | node_29 | INFO ] 🧩 Model added for round 49 (11/13) from ['node_31']
[ 2026-05-13 19:04:17 | node_29 | INFO ] 🧩 Model added for round 49 (12/13) from ['node_40']
[ 2026-05-13 19:04:17 | node_36 | INFO ] 🧩 Model added for round 49 (8/9) from ['node_32']
[ 2026-05-13 19:04:17 | node_3 | INFO ] 🧩 Model added for round 49 (8/9) from ['node_43']
[ 2026-05-13 19:04:18 | node_29 | INFO ] 🧩 Model added for round 49 (13/13) from ['node_21']
[ 2026-05-13 19:04:18 | node_4 | INFO ] 🧩 Model added for round 49 (15/16) from ['node_43']
[ 2026-05-13 19:04:18 | node_33 | INFO ] 🧩 Model added for round 49 (6/6) from ['node_31']
[ 2026-05-13 19:04:19 | node_19 | INFO ] 🧠 Aggregation complete. Setting new model.
[ 2026-05-13 19:04:19 | node_29 | INFO ] 🧠 Aggregation complete. Setting new model.
[ 2026-05-13 19:04:19 | node_41 | INFO ] 🧩 Model added for round 49 (4/5) from ['node_32']
[ 2026-05-13 19:04:19 | node_35 | INFO ] 🧩 Model added for round 49 (11/12) from ['node_40']
[ 2026-05-13 19:04:20 | node_46 | INFO ] 🧩 Model added for round 49 (7/7) from ['node_21']
[ 2026-05-13 19:04:20 | node_41 | INFO ] 🧩 Model added for round 49 (5/5) from ['node_31']
[ 2026-05-13 19:04:20 | node_33 | INFO ] 🧠 Aggregation complete. Setting new model.
[ 2026-05-13 19:04:20 | node_19 | INFO ] 🗣️ Gossiping aggregated model.
[ 2026-05-13 19:04:20 | node_29 | INFO ] 🗣️ Gossiping aggregated model.
[ 2026-05-13 19:04:21 | node_33 | INFO ] 🗣️ Gossiping aggregated model.
[ 2026-05-13 19:04:21 | node_44 | INFO ] 🧩 Model added for round 49 (6/6) from ['node_32']
[ 2026-05-13 19:04:21 | node_6 | INFO ] 🧩 Model added for round 49 (8/10) from ['node_43']
[ 2026-05-13 19:04:22 | node_47 | INFO ] 🧩 Model added for round 49 (6/7) from ['node_21']
[ 2026-05-13 19:04:22 | node_43 | INFO ] 🧩 Model added for round 49 (9/9) from ['node_40']
[ 2026-05-13 19:04:23 | node_44 | INFO ] 🧠 Aggregation complete. Setting new model.
[ 2026-05-13 19:04:23 | node_41 | INFO ] 🧠 Aggregation complete. Setting new model.
[ 2026-05-13 19:04:23 | node_46 | INFO ] 🧠 Aggregation complete. Setting new model.
[ 2026-05-13 19:04:23 | node_46 | INFO ] 🗣️ Gossiping aggregated model.
[ 2026-05-13 19:04:23 | node_41 | INFO ] 🗣️ Gossiping aggregated model.
[ 2026-05-13 19:04:23 | node_44 | INFO ] 🗣️ Gossiping aggregated model.
[ 2026-05-13 19:04:23 | node_11 | INFO ] 🧩 Model added for round 49 (11/12) from ['node_43']
[ 2026-05-13 19:04:25 | node_47 | INFO ] 🧩 Model added for round 49 (7/7) from ['node_40']
[ 2026-05-13 19:04:26 | node_13 | INFO ] 🧩 Model added for round 49 (14/15) from ['node_43']
[ 2026-05-13 19:04:26 | node_47 | INFO ] 🧠 Aggregation complete. Setting new model.
[ 2026-05-13 19:04:27 | node_47 | INFO ] 🗣️ Gossiping aggregated model.
[ 2026-05-13 19:04:28 | node_17 | INFO ] 🧩 Model added for round 49 (9/9) from ['node_43']
[ 2026-05-13 19:04:30 | node_36 | INFO ] 🧩 Model added for round 49 (9/9) from ['node_43']
[ 2026-05-13 19:04:31 | node_40 | INFO ] 🧩 Model added for round 49 (10/11) from ['node_43']
[ 2026-05-13 19:04:34 | node_17 | INFO ] 🧠 Aggregation complete. Setting new model.
[ 2026-05-13 19:04:34 | node_36 | INFO ] 🧠 Aggregation complete. Setting new model.
[ 2026-05-13 19:04:34 | node_43 | INFO ] 🧠 Aggregation complete. Setting new model.
[ 2026-05-13 19:04:35 | node_36 | INFO ] 🗣️ Gossiping aggregated model.
[ 2026-05-13 19:04:35 | node_43 | INFO ] 🗣️ Gossiping aggregated model.
[ 2026-05-13 19:04:35 | node_17 | INFO ] 🗣️ Gossiping aggregated model.
[ 2026-05-13 19:04:59 | node_25 | INFO ] ⏹️  Gossiping exited for 50 equal rounds.
[ 2026-05-13 19:04:59 | node_25 | INFO ] 🔬 Evaluating...
[ 2026-05-13 19:05:00 | node_25 | INFO ] 📈 Evaluated. Results: {'test_loss': 0.262021005153656, 'test_acc': 0.9649999737739563, 'test_precision': 0.9676550030708313, 'test_recall': 0.9635603427886963, 'test_f1': 0.9643051624298096, 'communication_cost': 30107168}
[ 2026-05-13 19:05:00 | node_25 | INFO ] 📢 Broadcasting metrics.
[ 2026-05-13 19:05:04 | node_25 | INFO ] 🎉 Round 49 of 50 finished.
[ 2026-05-13 19:05:04 | node_25 | INFO ] 🗳️ [DETERMINISTIC] Train set assigned (No Voting). Size: 50
[ 2026-05-13 19:05:05 | node_25 | INFO ] ♻️ Proactively processing 7 early models for round 49.
[ 2026-05-13 19:05:05 | node_25 | INFO ] 🧩 Model added for round 49 (1/9) from ['node_23']
[ 2026-05-13 19:05:05 | node_25 | INFO ] 🧩 Model added for round 49 (2/9) from ['node_6']
[ 2026-05-13 19:05:05 | node_25 | INFO ] 🧩 Model added for round 49 (3/9) from ['node_42']
[ 2026-05-13 19:05:05 | node_25 | INFO ] 🧩 Model added for round 49 (4/9) from ['node_2']
[ 2026-05-13 19:05:05 | node_25 | INFO ] 🧩 Model added for round 49 (5/9) from ['node_18']
[ 2026-05-13 19:05:05 | node_25 | INFO ] 🧩 Model added for round 49 (6/9) from ['node_49']
[ 2026-05-13 19:05:05 | node_25 | INFO ] 🧩 Model added for round 49 (7/9) from ['node_31']
[ 2026-05-13 19:05:05 | node_25 | INFO ] 🏋️‍♀️ Preparing training...
[ 2026-05-13 19:05:05 | node_25 | INFO ] 🎓 Training step done.
[ 2026-05-13 19:05:06 | node_25 | INFO ] 🛠️ Calling force_add_local_model...
[ 2026-05-13 19:05:06 | node_25 | INFO ] ✅ [FORCE] Local model added for round 49. (8/9)
[ 2026-05-13 19:05:11 | node_25 | INFO ] 📤 Sending model to 8 direct neighbors: ['node', 'node_2', 'node_6', 'node_18', 'node_23', 'node_31', 'node_42', 'node_49']
[ 2026-05-13 19:05:12 | node_23 | INFO ] ⏳ Dynamic Patience (iteration 1): Missing nodes still active. Waiting 150s more...
[ 2026-05-13 19:05:12 | node_2 | INFO ] 🧩 Model added for round 49 (10/11) from ['node_25']
[ 2026-05-13 19:05:14 | node_6 | INFO ] 🧩 Model added for round 49 (9/10) from ['node_25']
[ 2026-05-13 19:05:15 | node_39 | INFO ] ⏹️  Gossiping exited for 50 equal rounds.
[ 2026-05-13 19:05:15 | node_39 | INFO ] 🔬 Evaluating...
[ 2026-05-13 19:05:16 | node_39 | INFO ] 📈 Evaluated. Results: {'test_loss': 0.008624889887869358, 'test_acc': 0.9950000047683716, 'test_precision': 0.9964286684989929, 'test_recall': 0.9950001239776611, 'test_f1': 0.9956178069114685, 'communication_cost': 45160752}
[ 2026-05-13 19:05:16 | node_39 | INFO ] 📢 Broadcasting metrics.
[ 2026-05-13 19:05:17 | node_18 | INFO ] 🧩 Model added for round 49 (11/11) from ['node_25']
[ 2026-05-13 19:05:18 | node_23 | INFO ] 🧩 Model added for round 49 (5/6) from ['node_25']
[ 2026-05-13 19:05:20 | node_31 | INFO ] 🧩 Model added for round 49 (11/11) from ['node_25']
[ 2026-05-13 19:05:21 | node_39 | INFO ] 🎉 Round 49 of 50 finished.
[ 2026-05-13 19:05:21 | node_39 | INFO ] 🗳️ [DETERMINISTIC] Train set assigned (No Voting). Size: 50
[ 2026-05-13 19:05:21 | node_39 | INFO ] ♻️ Proactively processing 12 early models for round 49.
[ 2026-05-13 19:05:21 | node_39 | INFO ] 🧩 Model added for round 49 (1/13) from ['node_23']
[ 2026-05-13 19:05:21 | node_39 | INFO ] 🧩 Model added for round 49 (2/13) from ['node_24']
[ 2026-05-13 19:05:21 | node_39 | INFO ] 🧩 Model added for round 49 (3/13) from ['node_6']
[ 2026-05-13 19:05:21 | node_39 | INFO ] 🧩 Model added for round 49 (4/13) from ['node_16']
[ 2026-05-13 19:05:21 | node_39 | INFO ] 🧩 Model added for round 49 (5/13) from ['node_14']
[ 2026-05-13 19:05:21 | node_39 | INFO ] 🧩 Model added for round 49 (6/13) from ['node_7']
[ 2026-05-13 19:05:21 | node_39 | INFO ] 🧩 Model added for round 49 (7/13) from ['node_35']
[ 2026-05-13 19:05:21 | node_39 | INFO ] 🧩 Model added for round 49 (8/13) from ['node_2']
[ 2026-05-13 19:05:21 | node_39 | INFO ] 🧩 Model added for round 49 (9/13) from ['node_3']
[ 2026-05-13 19:05:21 | node_39 | INFO ] 🧩 Model added for round 49 (10/13) from ['node_32']
[ 2026-05-13 19:05:21 | node_39 | INFO ] 🧩 Model added for round 49 (11/13) from ['node_21']
[ 2026-05-13 19:05:21 | node_42 | INFO ] 🧩 Model added for round 49 (9/9) from ['node_25']
[ 2026-05-13 19:05:21 | node_39 | INFO ] 🧩 Model added for round 49 (12/13) from ['node_40']
[ 2026-05-13 19:05:22 | node_39 | INFO ] 🏋️‍♀️ Preparing training...
[ 2026-05-13 19:05:22 | node_18 | INFO ] 🧠 Aggregation complete. Setting new model.
[ 2026-05-13 19:05:22 | node_31 | INFO ] 🧠 Aggregation complete. Setting new model.
[ 2026-05-13 19:05:22 | node_42 | INFO ] 🧠 Aggregation complete. Setting new model.
[ 2026-05-13 19:05:22 | node_39 | INFO ] 🎓 Training step done.
[ 2026-05-13 19:05:23 | node_39 | INFO ] 🛠️ Calling force_add_local_model...
[ 2026-05-13 19:05:23 | node_49 | INFO ] 🧩 Model added for round 49 (8/9) from ['node_25']
[ 2026-05-13 19:05:23 | node_39 | INFO ] ✅ [FORCE] Local model added for round 49. (13/13)
[ 2026-05-13 19:05:23 | node_18 | INFO ] 🗣️ Gossiping aggregated model.
[ 2026-05-13 19:05:23 | node_42 | INFO ] 🗣️ Gossiping aggregated model.
[ 2026-05-13 19:05:24 | node_31 | INFO ] 🗣️ Gossiping aggregated model.
[ 2026-05-13 19:05:28 | node_39 | INFO ] 📤 Sending model to 12 direct neighbors: ['node_2', 'node_3', 'node_6', 'node_7', 'node_14', 'node_16', 'node_21', 'node_23', 'node_24', 'node_32', 'node_35', 'node_40']
[ 2026-05-13 19:05:28 | node_2 | INFO ] 🧩 Model added for round 49 (11/11) from ['node_39']
[ 2026-05-13 19:05:30 | node_45 | INFO ] ⏹️  Gossiping exited for 50 equal rounds.
[ 2026-05-13 19:05:30 | node_45 | INFO ] 🔬 Evaluating...
[ 2026-05-13 19:05:30 | node_3 | INFO ] 🧩 Model added for round 49 (9/9) from ['node_39']
[ 2026-05-13 19:05:31 | node_45 | INFO ] 📈 Evaluated. Results: {'test_loss': 0.3984200954437256, 'test_acc': 0.9449999928474426, 'test_precision': 0.9471073150634766, 'test_recall': 0.944999098777771, 'test_f1': 0.9439986348152161, 'communication_cost': 18816980}
[ 2026-05-13 19:05:31 | node_45 | INFO ] 📢 Broadcasting metrics.
[ 2026-05-13 19:05:32 | node_6 | INFO ] 🧩 Model added for round 49 (10/10) from ['node_39']
[ 2026-05-13 19:05:33 | node_2 | INFO ] 🧠 Aggregation complete. Setting new model.
[ 2026-05-13 19:05:33 | node_45 | INFO ] 🎉 Round 50 of 50 finished.
[ 2026-05-13 19:05:33 | node_45 | INFO ] 😋 Training finished!!
[ 2026-05-13 19:05:33 | node_7 | INFO ] 🧩 Model added for round 49 (7/8) from ['node_39']
[ 2026-05-13 19:05:34 | node_3 | INFO ] 🧠 Aggregation complete. Setting new model.
[ 2026-05-13 19:05:34 | node_6 | INFO ] 🧠 Aggregation complete. Setting new model.
[ 2026-05-13 19:05:34 | node_2 | INFO ] 🗣️ Gossiping aggregated model.
[ 2026-05-13 19:05:34 | node_3 | INFO ] 🗣️ Gossiping aggregated model.
[ 2026-05-13 19:05:35 | node_14 | INFO ] 🧩 Model added for round 49 (7/8) from ['node_39']
[ 2026-05-13 19:05:35 | node_6 | INFO ] 🗣️ Gossiping aggregated model.
[ 2026-05-13 19:05:36 | node_16 | INFO ] 🧩 Model added for round 49 (5/6) from ['node_39']
[ 2026-05-13 19:05:37 | node_21 | INFO ] 🧩 Model added for round 49 (8/9) from ['node_39']
[ 2026-05-13 19:05:37 | node_34 | INFO ] ⏹️  Gossiping exited for 50 equal rounds.
[ 2026-05-13 19:05:37 | node_34 | INFO ] 🔬 Evaluating...
[ 2026-05-13 19:05:38 | node_34 | INFO ] 📈 Evaluated. Results: {'test_loss': 0.18376971781253815, 'test_acc': 0.9800000190734863, 'test_precision': 0.9816200733184814, 'test_recall': 0.9765278100967407, 'test_f1': 0.9784941077232361, 'communication_cost': 22580376}
[ 2026-05-13 19:05:38 | node_34 | INFO ] 📢 Broadcasting metrics.
[ 2026-05-13 19:05:39 | node_23 | INFO ] 🧩 Model added for round 49 (6/6) from ['node_39']
[ 2026-05-13 19:05:41 | node_24 | INFO ] 🧩 Model added for round 49 (10/10) from ['node_39']
[ 2026-05-13 19:05:41 | node_34 | INFO ] 🎉 Round 50 of 50 finished.
[ 2026-05-13 19:05:41 | node_34 | INFO ] 😋 Training finished!!
[ 2026-05-13 19:05:43 | node_32 | INFO ] 🧩 Model added for round 49 (9/9) from ['node_39']
[ 2026-05-13 19:05:44 | node_23 | INFO ] 🧠 Aggregation complete. Setting new model.
[ 2026-05-13 19:05:44 | node_35 | INFO ] 🧩 Model added for round 49 (12/12) from ['node_39']
[ 2026-05-13 19:05:45 | node_24 | INFO ] 🧠 Aggregation complete. Setting new model.
[ 2026-05-13 19:05:45 | node_32 | INFO ] 🧠 Aggregation complete. Setting new model.
[ 2026-05-13 19:05:45 | node_35 | INFO ] 🧠 Aggregation complete. Setting new model.
[ 2026-05-13 19:05:45 | node_23 | INFO ] 🗣️ Gossiping aggregated model.
[ 2026-05-13 19:05:45 | node_32 | INFO ] 🗣️ Gossiping aggregated model.
[ 2026-05-13 19:05:46 | node_24 | INFO ] 🗣️ Gossiping aggregated model.
[ 2026-05-13 19:05:46 | node_22 | INFO ] 🤫 Gossip finished.
[ 2026-05-13 19:05:46 | node_22 | INFO ] 🔬 Evaluating...
[ 2026-05-13 19:05:46 | node_35 | INFO ] 🗣️ Gossiping aggregated model.
[ 2026-05-13 19:05:47 | node_40 | INFO ] 🧩 Model added for round 49 (11/11) from ['node_39']
[ 2026-05-13 19:05:47 | node_22 | INFO ] 📈 Evaluated. Results: {'test_loss': 0.09189526736736298, 'test_acc': 0.9750000238418579, 'test_precision': 0.9720062017440796, 'test_recall': 0.9712963104248047, 'test_f1': 0.9709427356719971, 'communication_cost': 18816980}
[ 2026-05-13 19:05:47 | node_22 | INFO ] 📢 Broadcasting metrics.
[ 2026-05-13 19:05:49 | node_22 | INFO ] 🎉 Round 50 of 50 finished.
[ 2026-05-13 19:05:49 | node_22 | INFO ] 😋 Training finished!!
[ 2026-05-13 19:05:52 | node_40 | INFO ] 🧠 Aggregation complete. Setting new model.
[ 2026-05-13 19:05:52 | node_39 | INFO ] 🧠 Aggregation complete. Setting new model.
[ 2026-05-13 19:05:53 | node_40 | INFO ] 🗣️ Gossiping aggregated model.
[ 2026-05-13 19:05:53 | node_39 | INFO ] 🗣️ Gossiping aggregated model.
[ 2026-05-13 19:06:06 | node | INFO ] ⏹️  Gossiping exited for 50 equal rounds.
[ 2026-05-13 19:06:06 | node | INFO ] 🔬 Evaluating...
[ 2026-05-13 19:06:07 | node | INFO ] 📈 Evaluated. Results: {'test_loss': 0.299961119890213, 'test_acc': 0.9700000286102295, 'test_precision': 0.9697335958480835, 'test_recall': 0.9663602709770203, 'test_f1': 0.9670250415802002, 'communication_cost': 33870564}
[ 2026-05-13 19:06:07 | node | INFO ] 📢 Broadcasting metrics.
[ 2026-05-13 19:06:08 | node_1 | INFO ] ⏹️  Gossiping exited for 50 equal rounds.
[ 2026-05-13 19:06:08 | node_1 | INFO ] 🔬 Evaluating...
[ 2026-05-13 19:06:08 | node_1 | INFO ] 📈 Evaluated. Results: {'test_loss': 0.19998951256275177, 'test_acc': 0.9649999737739563, 'test_precision': 0.9644988775253296, 'test_recall': 0.9677191376686096, 'test_f1': 0.9656623601913452, 'communication_cost': 15053584}
[ 2026-05-13 19:06:08 | node_15 | INFO ] ⏹️  Gossiping exited for 50 equal rounds.
[ 2026-05-13 19:06:08 | node_15 | INFO ] 🔬 Evaluating...
[ 2026-05-13 19:06:08 | node_1 | INFO ] 📢 Broadcasting metrics.
[ 2026-05-13 19:06:09 | node_15 | INFO ] 📈 Evaluated. Results: {'test_loss': 0.10003113001585007, 'test_acc': 0.9750000238418579, 'test_precision': 0.9764151573181152, 'test_recall': 0.9750000834465027, 'test_f1': 0.9750120639801025, 'communication_cost': 18816980}
[ 2026-05-13 19:06:09 | node_15 | INFO ] 📢 Broadcasting metrics.
[ 2026-05-13 19:06:10 | node_1 | INFO ] 🎉 Round 50 of 50 finished.
[ 2026-05-13 19:06:10 | node_1 | INFO ] 😋 Training finished!!
[ 2026-05-13 19:06:10 | node_27 | INFO ] ⏹️  Gossiping exited for 50 equal rounds.
[ 2026-05-13 19:06:11 | node_27 | INFO ] 🔬 Evaluating...
[ 2026-05-13 19:06:11 | node | INFO ] 🎉 Round 49 of 50 finished.
[ 2026-05-13 19:06:11 | node | INFO ] 🗳️ [DETERMINISTIC] Train set assigned (No Voting). Size: 50
[ 2026-05-13 19:06:11 | node | INFO ] ♻️ Proactively processing 9 early models for round 49.
[ 2026-05-13 19:06:11 | node | INFO ] 🧩 Model added for round 49 (1/10) from ['node_16']
[ 2026-05-13 19:06:11 | node_27 | INFO ] 📈 Evaluated. Results: {'test_loss': 0.1438957005739212, 'test_acc': 0.9649999737739563, 'test_precision': 0.966871976852417, 'test_recall': 0.9634597301483154, 'test_f1': 0.9644064903259277, 'communication_cost': 33870564}
[ 2026-05-13 19:06:11 | node | INFO ] 🧩 Model added for round 49 (2/10) from ['node_11']
[ 2026-05-13 19:06:11 | node | INFO ] 🧩 Model added for round 49 (3/10) from ['node_14']
[ 2026-05-13 19:06:11 | node | INFO ] 🧩 Model added for round 49 (4/10) from ['node_7']
[ 2026-05-13 19:06:11 | node_15 | INFO ] 🎉 Round 50 of 50 finished.
[ 2026-05-13 19:06:11 | node | INFO ] 🧩 Model added for round 49 (5/10) from ['node_4']
[ 2026-05-13 19:06:11 | node | INFO ] 🧩 Model added for round 49 (6/10) from ['node_13']
[ 2026-05-13 19:06:11 | node | INFO ] 🧩 Model added for round 49 (7/10) from ['node_49']
[ 2026-05-13 19:06:11 | node_15 | INFO ] 😋 Training finished!!
[ 2026-05-13 19:06:11 | node | INFO ] 🧩 Model added for round 49 (8/10) from ['node_21']
[ 2026-05-13 19:06:11 | node | INFO ] 🧩 Model added for round 49 (9/10) from ['node_25']
[ 2026-05-13 19:06:12 | node | INFO ] 🏋️‍♀️ Preparing training...
[ 2026-05-13 19:06:12 | node_27 | INFO ] 📢 Broadcasting metrics.
[ 2026-05-13 19:06:12 | node | INFO ] 🎓 Training step done.
[ 2026-05-13 19:06:12 | node | INFO ] 🛠️ Calling force_add_local_model...
[ 2026-05-13 19:06:12 | node | INFO ] ✅ [FORCE] Local model added for round 49. (10/10)
[ 2026-05-13 19:06:16 | node_27 | INFO ] 🎉 Round 50 of 50 finished.
[ 2026-05-13 19:06:16 | node_27 | INFO ] 😋 Training finished!!
[ 2026-05-13 19:06:17 | node | INFO ] 📤 Sending model to 9 direct neighbors: ['node_4', 'node_7', 'node_11', 'node_13', 'node_14', 'node_16', 'node_21', 'node_25', 'node_49']
[ 2026-05-13 19:06:18 | node_4 | INFO ] 🧩 Model added for round 49 (16/16) from ['node']
[ 2026-05-13 19:06:19 | node_4 | INFO ] 🧠 Aggregation complete. Setting new model.
[ 2026-05-13 19:06:20 | node_17 | INFO ] 🤫 Gossip finished.
[ 2026-05-13 19:06:20 | node_12 | INFO ] ⏹️  Gossiping exited for 50 equal rounds.
[ 2026-05-13 19:06:20 | node_17 | INFO ] 🔬 Evaluating...
[ 2026-05-13 19:06:20 | node_12 | INFO ] 🔬 Evaluating...
[ 2026-05-13 19:06:20 | node_7 | INFO ] 🧩 Model added for round 49 (8/8) from ['node']
[ 2026-05-13 19:06:20 | node_4 | INFO ] 🗣️ Gossiping aggregated model.
[ 2026-05-13 19:06:21 | node_17 | INFO ] 📈 Evaluated. Results: {'test_loss': 0.16527047753334045, 'test_acc': 0.9649999737739563, 'test_precision': 0.9646083116531372, 'test_recall': 0.9643694162368774, 'test_f1': 0.9633238315582275, 'communication_cost': 30107168}
[ 2026-05-13 19:06:21 | node_12 | INFO ] 📈 Evaluated. Results: {'test_loss': 0.1823895126581192, 'test_acc': 0.9750000238418579, 'test_precision': 0.9777324199676514, 'test_recall': 0.9733334183692932, 'test_f1': 0.9747692346572876, 'communication_cost': 30107168}
[ 2026-05-13 19:06:21 | node_17 | INFO ] 📢 Broadcasting metrics.
[ 2026-05-13 19:06:22 | node_12 | INFO ] 📢 Broadcasting metrics.
[ 2026-05-13 19:06:22 | node_11 | INFO ] 🧩 Model added for round 49 (12/12) from ['node']
[ 2026-05-13 19:06:24 | node_13 | INFO ] 🧩 Model added for round 49 (15/15) from ['node']
[ 2026-05-13 19:06:25 | node_7 | INFO ] 🧠 Aggregation complete. Setting new model.
[ 2026-05-13 19:06:25 | node_17 | INFO ] 🎉 Round 50 of 50 finished.
[ 2026-05-13 19:06:25 | node_12 | INFO ] 🎉 Round 50 of 50 finished.
[ 2026-05-13 19:06:25 | node_17 | INFO ] 😋 Training finished!!
[ 2026-05-13 19:06:25 | node_11 | INFO ] 🧠 Aggregation complete. Setting new model.
[ 2026-05-13 19:06:25 | node_12 | INFO ] 😋 Training finished!!
[ 2026-05-13 19:06:25 | node_13 | INFO ] 🧠 Aggregation complete. Setting new model.
[ 2026-05-13 19:06:26 | node_5 | INFO ] ⏹️  Gossiping exited for 50 equal rounds.
[ 2026-05-13 19:06:26 | node_5 | INFO ] 🔬 Evaluating...
[ 2026-05-13 19:06:26 | node_5 | INFO ] 📈 Evaluated. Results: {'test_loss': 0.20942527055740356, 'test_acc': 0.949999988079071, 'test_precision': 0.9513134956359863, 'test_recall': 0.9504555463790894, 'test_f1': 0.9499185681343079, 'communication_cost': 33870564}
[ 2026-05-13 19:06:26 | node_5 | INFO ] 📢 Broadcasting metrics.
[ 2026-05-13 19:06:26 | node_7 | INFO ] 🗣️ Gossiping aggregated model.
[ 2026-05-13 19:06:27 | node_14 | INFO ] 🧩 Model added for round 49 (8/8) from ['node']
[ 2026-05-13 19:06:27 | node_11 | INFO ] 🗣️ Gossiping aggregated model.
[ 2026-05-13 19:06:28 | node_13 | INFO ] 🗣️ Gossiping aggregated model.
[ 2026-05-13 19:06:28 | node_14 | INFO ] 🧠 Aggregation complete. Setting new model.
[ 2026-05-13 19:06:28 | node_16 | INFO ] 🧩 Model added for round 49 (6/6) from ['node']
[ 2026-05-13 19:06:29 | node_38 | INFO ] ⏹️  Gossiping exited for 50 equal rounds.
[ 2026-05-13 19:06:29 | node_38 | INFO ] 🔬 Evaluating...
[ 2026-05-13 19:06:29 | node_14 | INFO ] 🗣️ Gossiping aggregated model.
[ 2026-05-13 19:06:29 | node_38 | INFO ] 📈 Evaluated. Results: {'test_loss': 0.35764753818511963, 'test_acc': 0.9700000286102295, 'test_precision': 0.9718910455703735, 'test_recall': 0.9716688394546509, 'test_f1': 0.9715530276298523, 'communication_cost': 26343772}
[ 2026-05-13 19:06:29 | node_48 | INFO ] ⏹️  Gossiping exited for 50 equal rounds.
[ 2026-05-13 19:06:29 | node_16 | INFO ] 🧠 Aggregation complete. Setting new model.
[ 2026-05-13 19:06:29 | node_38 | INFO ] 📢 Broadcasting metrics.
[ 2026-05-13 19:06:29 | node_48 | INFO ] 🔬 Evaluating...
[ 2026-05-13 19:06:30 | node_21 | INFO ] 🧩 Model added for round 49 (9/9) from ['node']
[ 2026-05-13 19:06:30 | node_48 | INFO ] 📈 Evaluated. Results: {'test_loss': 0.2826869487762451, 'test_acc': 0.949999988079071, 'test_precision': 0.9565929174423218, 'test_recall': 0.9506871700286865, 'test_f1': 0.9515992999076843, 'communication_cost': 26343772}
[ 2026-05-13 19:06:30 | node_48 | INFO ] 📢 Broadcasting metrics.
[ 2026-05-13 19:06:30 | node_16 | INFO ] 🗣️ Gossiping aggregated model.
[ 2026-05-13 19:06:31 | node_21 | INFO ] 🧠 Aggregation complete. Setting new model.
[ 2026-05-13 19:06:31 | node_25 | INFO ] 🧩 Model added for round 49 (9/9) from ['node']
[ 2026-05-13 19:06:32 | node_5 | INFO ] 🎉 Round 50 of 50 finished.
[ 2026-05-13 19:06:32 | node_5 | INFO ] 😋 Training finished!!
[ 2026-05-13 19:06:32 | node_25 | INFO ] 🧠 Aggregation complete. Setting new model.
[ 2026-05-13 19:06:32 | node_46 | INFO ] 🤫 Gossip finished.
[ 2026-05-13 19:06:32 | node_46 | INFO ] 🔬 Evaluating...
[ 2026-05-13 19:06:32 | node_21 | INFO ] 🗣️ Gossiping aggregated model.
[ 2026-05-13 19:06:33 | node_46 | INFO ] 📈 Evaluated. Results: {'test_loss': 0.18333782255649567, 'test_acc': 0.9599999785423279, 'test_precision': 0.9612936973571777, 'test_recall': 0.9615258574485779, 'test_f1': 0.9598977565765381, 'communication_cost': 22580376}
[ 2026-05-13 19:06:33 | node_46 | INFO ] 📢 Broadcasting metrics.
[ 2026-05-13 19:06:33 | node_49 | INFO ] 🧩 Model added for round 49 (9/9) from ['node']
[ 2026-05-13 19:06:34 | node_25 | INFO ] 🗣️ Gossiping aggregated model.
[ 2026-05-13 19:06:34 | node_49 | INFO ] 🧠 Aggregation complete. Setting new model.
[ 2026-05-13 19:06:34 | node_38 | INFO ] 🎉 Round 50 of 50 finished.
[ 2026-05-13 19:06:34 | node_38 | INFO ] 😋 Training finished!!
[ 2026-05-13 19:06:35 | node_48 | INFO ] 🎉 Round 50 of 50 finished.
[ 2026-05-13 19:06:35 | node_48 | INFO ] 😋 Training finished!!
[ 2026-05-13 19:06:36 | node_49 | INFO ] 🗣️ Gossiping aggregated model.
[ 2026-05-13 19:06:36 | node_30 | INFO ] ⏹️  Gossiping exited for 50 equal rounds.
[ 2026-05-13 19:06:36 | node | INFO ] 🧠 Aggregation complete. Setting new model.
[ 2026-05-13 19:06:36 | node_30 | INFO ] 🔬 Evaluating...
[ 2026-05-13 19:06:36 | node_30 | INFO ] 📈 Evaluated. Results: {'test_loss': 0.21108436584472656, 'test_acc': 0.9649999737739563, 'test_precision': 0.9680532217025757, 'test_recall': 0.9638388156890869, 'test_f1': 0.9648139476776123, 'communication_cost': 37633960}
[ 2026-05-13 19:06:36 | node_28 | INFO ] ⏹️  Gossiping exited for 50 equal rounds.
[ 2026-05-13 19:06:36 | node_28 | INFO ] 🔬 Evaluating...
[ 2026-05-13 19:06:37 | node_46 | INFO ] 🎉 Round 50 of 50 finished.
[ 2026-05-13 19:06:37 | node_46 | INFO ] 😋 Training finished!!
[ 2026-05-13 19:06:37 | node_41 | INFO ] ⏹️  Gossiping exited for 50 equal rounds.
[ 2026-05-13 19:06:37 | node | INFO ] 🗣️ Gossiping aggregated model.
[ 2026-05-13 19:06:37 | node_41 | INFO ] 🔬 Evaluating...
[ 2026-05-13 19:06:37 | node_30 | INFO ] 📢 Broadcasting metrics.
[ 2026-05-13 19:06:37 | node_28 | INFO ] 📈 Evaluated. Results: {'test_loss': 0.10146234184503555, 'test_acc': 0.9850000143051147, 'test_precision': 0.9862778186798096, 'test_recall': 0.9859308004379272, 'test_f1': 0.9856488108634949, 'communication_cost': 26343772}
[ 2026-05-13 19:06:37 | node_41 | INFO ] 📈 Evaluated. Results: {'test_loss': 0.4478638470172882, 'test_acc': 0.949999988079071, 'test_precision': 0.9502674341201782, 'test_recall': 0.9530467391014099, 'test_f1': 0.9488277435302734, 'communication_cost': 15053584}
[ 2026-05-13 19:06:38 | node_28 | INFO ] 📢 Broadcasting metrics.
[ 2026-05-13 19:06:38 | node_41 | INFO ] 📢 Broadcasting metrics.
[ 2026-05-13 19:06:40 | node_41 | INFO ] 🎉 Round 50 of 50 finished.
[ 2026-05-13 19:06:40 | node_41 | INFO ] 😋 Training finished!!
[ 2026-05-13 19:06:41 | node_28 | INFO ] 🎉 Round 50 of 50 finished.
[ 2026-05-13 19:06:41 | node_28 | INFO ] 😋 Training finished!!
[ 2026-05-13 19:06:41 | node_47 | INFO ] ⏹️  Gossiping exited for 50 equal rounds.
[ 2026-05-13 19:06:41 | node_47 | INFO ] 🔬 Evaluating...
[ 2026-05-13 19:06:41 | node_30 | INFO ] 🎉 Round 50 of 50 finished.
[ 2026-05-13 19:06:41 | node_30 | INFO ] 😋 Training finished!!
[ 2026-05-13 19:06:41 | node_47 | INFO ] 📈 Evaluated. Results: {'test_loss': 0.06785781681537628, 'test_acc': 0.9750000238418579, 'test_precision': 0.9752632975578308, 'test_recall': 0.9700396656990051, 'test_f1': 0.9721671342849731, 'communication_cost': 22580376}
[ 2026-05-13 19:06:42 | node_47 | INFO ] 📢 Broadcasting metrics.
[ 2026-05-13 19:06:43 | node_9 | INFO ] ⏹️  Gossiping exited for 50 equal rounds.
[ 2026-05-13 19:06:44 | node_9 | INFO ] 🔬 Evaluating...
[ 2026-05-13 19:06:44 | node_9 | INFO ] 📈 Evaluated. Results: {'test_loss': 0.20044556260108948, 'test_acc': 0.9750000238418579, 'test_precision': 0.971937358379364, 'test_recall': 0.9722236394882202, 'test_f1': 0.9715206623077393, 'communication_cost': 30107168}
[ 2026-05-13 19:06:44 | node_47 | INFO ] 🎉 Round 50 of 50 finished.
[ 2026-05-13 19:06:44 | node_47 | INFO ] 😋 Training finished!!
[ 2026-05-13 19:06:44 | node_9 | INFO ] 📢 Broadcasting metrics.
[ 2026-05-13 19:06:46 | node_26 | INFO ] ⏹️  Gossiping exited for 50 equal rounds.
[ 2026-05-13 19:06:46 | node_26 | INFO ] 🔬 Evaluating...
[ 2026-05-13 19:06:46 | node_26 | INFO ] 📈 Evaluated. Results: {'test_loss': 0.14450587332248688, 'test_acc': 0.9800000190734863, 'test_precision': 0.9797118306159973, 'test_recall': 0.9797118306159973, 'test_f1': 0.9790109395980835, 'communication_cost': 26343772}
[ 2026-05-13 19:06:47 | node_26 | INFO ] 📢 Broadcasting metrics.
[ 2026-05-13 19:06:47 | node_9 | INFO ] 🎉 Round 50 of 50 finished.
[ 2026-05-13 19:06:47 | node_9 | INFO ] 😋 Training finished!!
[ 2026-05-13 19:06:48 | node_33 | INFO ] ⏹️  Gossiping exited for 50 equal rounds.
[ 2026-05-13 19:06:48 | node_33 | INFO ] 🔬 Evaluating...
[ 2026-05-13 19:06:49 | node_44 | INFO ] ⏹️  Gossiping exited for 50 equal rounds.
[ 2026-05-13 19:06:49 | node_44 | INFO ] 🔬 Evaluating...
[ 2026-05-13 19:06:49 | node_33 | INFO ] 📈 Evaluated. Results: {'test_loss': 0.3303845524787903, 'test_acc': 0.949999988079071, 'test_precision': 0.9548341631889343, 'test_recall': 0.9487560987472534, 'test_f1': 0.9502785205841064, 'communication_cost': 18816980}
[ 2026-05-13 19:06:49 | node_36 | INFO ] ⏹️  Gossiping exited for 50 equal rounds.
[ 2026-05-13 19:06:49 | node_36 | INFO ] 🔬 Evaluating...
[ 2026-05-13 19:06:49 | node_44 | INFO ] 📈 Evaluated. Results: {'test_loss': 0.11663290858268738, 'test_acc': 0.9700000286102295, 'test_precision': 0.9697186946868896, 'test_recall': 0.9661797881126404, 'test_f1': 0.9667069911956787, 'communication_cost': 18816980}
[ 2026-05-13 19:06:49 | node_33 | INFO ] 📢 Broadcasting metrics.
[ 2026-05-13 19:06:49 | node_44 | INFO ] 📢 Broadcasting metrics.
[ 2026-05-13 19:06:49 | node_36 | INFO ] 📈 Evaluated. Results: {'test_loss': 0.24496686458587646, 'test_acc': 0.9750000238418579, 'test_precision': 0.9675570130348206, 'test_recall': 0.9779524207115173, 'test_f1': 0.9718996286392212, 'communication_cost': 30107168}
[ 2026-05-13 19:06:49 | node_26 | INFO ] 🎉 Round 50 of 50 finished.
[ 2026-05-13 19:06:49 | node_26 | INFO ] 😋 Training finished!!
[ 2026-05-13 19:06:50 | node_36 | INFO ] 📢 Broadcasting metrics.
[ 2026-05-13 19:06:51 | node_8 | INFO ] ⏹️  Gossiping exited for 50 equal rounds.
[ 2026-05-13 19:06:51 | node_33 | INFO ] 🎉 Round 50 of 50 finished.
[ 2026-05-13 19:06:51 | node_33 | INFO ] 😋 Training finished!!
[ 2026-05-13 19:06:51 | node_8 | INFO ] 🔬 Evaluating...
[ 2026-05-13 19:06:52 | node_44 | INFO ] 🎉 Round 50 of 50 finished.
[ 2026-05-13 19:06:52 | node_44 | INFO ] 😋 Training finished!!
[ 2026-05-13 19:06:52 | node_8 | INFO ] 📈 Evaluated. Results: {'test_loss': 0.16916634142398834, 'test_acc': 0.9800000190734863, 'test_precision': 0.9807937145233154, 'test_recall': 0.9800716638565063, 'test_f1': 0.979878842830658, 'communication_cost': 18816980}
[ 2026-05-13 19:06:52 | node_8 | INFO ] 📢 Broadcasting metrics.
[ 2026-05-13 19:06:53 | node_36 | INFO ] 🎉 Round 50 of 50 finished.
[ 2026-05-13 19:06:53 | node_36 | INFO ] 😋 Training finished!!
[ 2026-05-13 19:06:53 | node_8 | INFO ] 🎉 Round 50 of 50 finished.
[ 2026-05-13 19:06:53 | node_8 | INFO ] 😋 Training finished!!
[ 2026-05-13 19:06:56 | node_37 | INFO ] ⏹️  Gossiping exited for 50 equal rounds.
[ 2026-05-13 19:06:56 | node_37 | INFO ] 🔬 Evaluating...
[ 2026-05-13 19:06:57 | node_29 | INFO ] ⏹️  Gossiping exited for 50 equal rounds.
[ 2026-05-13 19:06:57 | node_29 | INFO ] 🔬 Evaluating...
[ 2026-05-13 19:06:57 | node_37 | INFO ] 📈 Evaluated. Results: {'test_loss': 0.5129308104515076, 'test_acc': 0.9350000023841858, 'test_precision': 0.9394958019256592, 'test_recall': 0.9365284442901611, 'test_f1': 0.9344523549079895, 'communication_cost': 26343772}
[ 2026-05-13 19:06:57 | node_43 | INFO ] ⏹️  Gossiping exited for 50 equal rounds.
[ 2026-05-13 19:06:57 | node_29 | INFO ] 📈 Evaluated. Results: {'test_loss': 0.12710830569267273, 'test_acc': 0.9649999737739563, 'test_precision': 0.9675905108451843, 'test_recall': 0.9621475338935852, 'test_f1': 0.9637030959129333, 'communication_cost': 45160752}
[ 2026-05-13 19:06:57 | node_43 | INFO ] 🔬 Evaluating...
[ 2026-05-13 19:06:57 | node_37 | INFO ] 📢 Broadcasting metrics.
[ 2026-05-13 19:06:57 | node_19 | INFO ] ⏹️  Gossiping exited for 50 equal rounds.
[ 2026-05-13 19:06:57 | node_19 | INFO ] 🔬 Evaluating...
[ 2026-05-13 19:06:58 | node_29 | INFO ] 📢 Broadcasting metrics.
[ 2026-05-13 19:06:58 | node_43 | INFO ] 📈 Evaluated. Results: {'test_loss': 0.3141620457172394, 'test_acc': 0.9649999737739563, 'test_precision': 0.9624413847923279, 'test_recall': 0.971927285194397, 'test_f1': 0.965269923210144, 'communication_cost': 30107168}
[ 2026-05-13 19:06:58 | node_43 | INFO ] 📢 Broadcasting metrics.
[ 2026-05-13 19:06:58 | node_19 | INFO ] 📈 Evaluated. Results: {'test_loss': 0.18025559186935425, 'test_acc': 0.9599999785423279, 'test_precision': 0.9558720588684082, 'test_recall': 0.9615942239761353, 'test_f1': 0.9557983875274658, 'communication_cost': 41397356}
[ 2026-05-13 19:06:58 | node_19 | INFO ] 📢 Broadcasting metrics.
[ 2026-05-13 19:07:00 | node_37 | INFO ] 🎉 Round 50 of 50 finished.
[ 2026-05-13 19:07:00 | node_37 | INFO ] 😋 Training finished!!
[ 2026-05-13 19:07:00 | node_43 | INFO ] 🎉 Round 50 of 50 finished.
[ 2026-05-13 19:07:00 | node_43 | INFO ] 😋 Training finished!!
[ 2026-05-13 19:07:02 | node_29 | INFO ] 🎉 Round 50 of 50 finished.
[ 2026-05-13 19:07:02 | node_29 | INFO ] 😋 Training finished!!
[ 2026-05-13 19:07:02 | node_19 | INFO ] 🎉 Round 50 of 50 finished.
[ 2026-05-13 19:07:02 | node_19 | INFO ] 😋 Training finished!!
[ 2026-05-13 19:07:05 | node_20 | INFO ] ⏹️  Gossiping exited for 50 equal rounds.
[ 2026-05-13 19:07:05 | node_20 | INFO ] 🔬 Evaluating...
[ 2026-05-13 19:07:05 | node_20 | INFO ] 📈 Evaluated. Results: {'test_loss': 0.3674944043159485, 'test_acc': 0.9449999928474426, 'test_precision': 0.9498268961906433, 'test_recall': 0.9372289776802063, 'test_f1': 0.9402289390563965, 'communication_cost': 37633960}
[ 2026-05-13 19:07:05 | node_20 | INFO ] 📢 Broadcasting metrics.
[ 2026-05-13 19:07:09 | node_20 | INFO ] 🎉 Round 50 of 50 finished.
[ 2026-05-13 19:07:09 | node_20 | INFO ] 😋 Training finished!!
[ 2026-05-13 19:07:29 | node_18 | INFO ] ⏹️  Gossiping exited for 50 equal rounds.
[ 2026-05-13 19:07:29 | node_18 | INFO ] 🔬 Evaluating...
[ 2026-05-13 19:07:30 | node_18 | INFO ] 📈 Evaluated. Results: {'test_loss': 0.07331307232379913, 'test_acc': 0.9800000190734863, 'test_precision': 0.9798694849014282, 'test_recall': 0.9818009734153748, 'test_f1': 0.9802752137184143, 'communication_cost': 37633960}
[ 2026-05-13 19:07:30 | node_18 | INFO ] 📢 Broadcasting metrics.
[ 2026-05-13 19:07:30 | node_23 | INFO ] ⏹️  Gossiping exited for 50 equal rounds.
[ 2026-05-13 19:07:31 | node_23 | INFO ] 🔬 Evaluating...
[ 2026-05-13 19:07:31 | node_23 | INFO ] 📈 Evaluated. Results: {'test_loss': 0.46439874172210693, 'test_acc': 0.9599999785423279, 'test_precision': 0.957064151763916, 'test_recall': 0.9646443128585815, 'test_f1': 0.9590368866920471, 'communication_cost': 18816980}
[ 2026-05-13 19:07:31 | node_23 | INFO ] 📢 Broadcasting metrics.
[ 2026-05-13 19:07:33 | node_23 | INFO ] 🎉 Round 50 of 50 finished.
[ 2026-05-13 19:07:33 | node_23 | INFO ] 😋 Training finished!!
[ 2026-05-13 19:07:34 | node_18 | INFO ] 🎉 Round 50 of 50 finished.
[ 2026-05-13 19:07:34 | node_18 | INFO ] 😋 Training finished!!
[ 2026-05-13 19:07:42 | node_31 | INFO ] ⏹️  Gossiping exited for 50 equal rounds.
[ 2026-05-13 19:07:42 | node_31 | INFO ] 🔬 Evaluating...
[ 2026-05-13 19:07:43 | node_31 | INFO ] 📈 Evaluated. Results: {'test_loss': 0.07572366297245026, 'test_acc': 0.9850000143051147, 'test_precision': 0.9823121428489685, 'test_recall': 0.9862505197525024, 'test_f1': 0.984005331993103, 'communication_cost': 37633960}
[ 2026-05-13 19:07:43 | node_31 | INFO ] 📢 Broadcasting metrics.
[ 2026-05-13 19:07:46 | node_31 | INFO ] 🎉 Round 50 of 50 finished.
[ 2026-05-13 19:07:46 | node_31 | INFO ] 😋 Training finished!!
[ 2026-05-13 19:07:48 | node_32 | INFO ] ⏹️  Gossiping exited for 50 equal rounds.
[ 2026-05-13 19:07:48 | node_32 | INFO ] 🔬 Evaluating...
[ 2026-05-13 19:07:49 | node_32 | INFO ] 📈 Evaluated. Results: {'test_loss': 0.24727582931518555, 'test_acc': 0.9700000286102295, 'test_precision': 0.9698437452316284, 'test_recall': 0.9735119342803955, 'test_f1': 0.9705281257629395, 'communication_cost': 30107168}
[ 2026-05-13 19:07:49 | node_32 | INFO ] 📢 Broadcasting metrics.
[ 2026-05-13 19:07:50 | node_3 | INFO ] ⏹️  Gossiping exited for 50 equal rounds.
[ 2026-05-13 19:07:50 | node_3 | INFO ] 🔬 Evaluating...
[ 2026-05-13 19:07:50 | node_3 | INFO ] 📈 Evaluated. Results: {'test_loss': 0.16764749586582184, 'test_acc': 0.9750000238418579, 'test_precision': 0.9775674939155579, 'test_recall': 0.9747698307037354, 'test_f1': 0.9757700562477112, 'communication_cost': 30107168}
[ 2026-05-13 19:07:51 | node_3 | INFO ] 📢 Broadcasting metrics.
[ 2026-05-13 19:07:51 | node_32 | INFO ] 🎉 Round 50 of 50 finished.
[ 2026-05-13 19:07:51 | node_32 | INFO ] 😋 Training finished!!
[ 2026-05-13 19:07:53 | node_3 | INFO ] 🎉 Round 50 of 50 finished.
[ 2026-05-13 19:07:53 | node_3 | INFO ] 😋 Training finished!!
[ 2026-05-13 19:08:08 | node_10 | INFO ] ⏹️  Gossiping exited for 50 equal rounds.
[ 2026-05-13 19:08:08 | node_10 | INFO ] 🔬 Evaluating...
[ 2026-05-13 19:08:08 | node_10 | INFO ] 📈 Evaluated. Results: {'test_loss': 0.25173190236091614, 'test_acc': 0.9700000286102295, 'test_precision': 0.9696718454360962, 'test_recall': 0.9734696745872498, 'test_f1': 0.9709977507591248, 'communication_cost': 22580376}
[ 2026-05-13 19:08:09 | node_10 | INFO ] 📢 Broadcasting metrics.
[ 2026-05-13 19:08:10 | node_10 | INFO ] 🎉 Round 50 of 50 finished.
[ 2026-05-13 19:08:10 | node_10 | INFO ] 😋 Training finished!!
[ 2026-05-13 19:08:14 | node_2 | INFO ] ⏹️  Gossiping exited for 50 equal rounds.
[ 2026-05-13 19:08:14 | node_2 | INFO ] 🔬 Evaluating...
[ 2026-05-13 19:08:15 | node_2 | INFO ] 📈 Evaluated. Results: {'test_loss': 0.11199291050434113, 'test_acc': 0.9750000238418579, 'test_precision': 0.9779762029647827, 'test_recall': 0.9761085510253906, 'test_f1': 0.9765177369117737, 'communication_cost': 37633960}
[ 2026-05-13 19:08:15 | node_2 | INFO ] 📢 Broadcasting metrics.
[ 2026-05-13 19:08:15 | node_6 | INFO ] ⏹️  Gossiping exited for 50 equal rounds.
[ 2026-05-13 19:08:15 | node_6 | INFO ] 🔬 Evaluating...
[ 2026-05-13 19:08:16 | node_6 | INFO ] 📈 Evaluated. Results: {'test_loss': 0.18935535848140717, 'test_acc': 0.9700000286102295, 'test_precision': 0.9705066084861755, 'test_recall': 0.970811128616333, 'test_f1': 0.9701772332191467, 'communication_cost': 33870564}
[ 2026-05-13 19:08:16 | node_42 | INFO ] ⏹️  Gossiping exited for 50 equal rounds.
[ 2026-05-13 19:08:16 | node_6 | INFO ] 📢 Broadcasting metrics.
[ 2026-05-13 19:08:16 | node_42 | INFO ] 🔬 Evaluating...
[ 2026-05-13 19:08:17 | node_42 | INFO ] 📈 Evaluated. Results: {'test_loss': 0.2678467631340027, 'test_acc': 0.9649999737739563, 'test_precision': 0.963819146156311, 'test_recall': 0.9624777436256409, 'test_f1': 0.962735116481781, 'communication_cost': 30107168}
[ 2026-05-13 19:08:17 | node_42 | INFO ] 📢 Broadcasting metrics.
[ 2026-05-13 19:08:18 | node_2 | INFO ] 🎉 Round 50 of 50 finished.
[ 2026-05-13 19:08:18 | node_2 | INFO ] 😋 Training finished!!
[ 2026-05-13 19:08:18 | node_6 | INFO ] 🎉 Round 50 of 50 finished.
[ 2026-05-13 19:08:18 | node_6 | INFO ] 😋 Training finished!!
[ 2026-05-13 19:08:19 | node_42 | INFO ] 🎉 Round 50 of 50 finished.
[ 2026-05-13 19:08:19 | node_42 | INFO ] 😋 Training finished!!
[ 2026-05-13 19:08:26 | node_39 | INFO ] ⏹️  Gossiping exited for 50 equal rounds.
[ 2026-05-13 19:08:26 | node_39 | INFO ] 🔬 Evaluating...
[ 2026-05-13 19:08:26 | node_39 | INFO ] 📈 Evaluated. Results: {'test_loss': 0.01618845947086811, 'test_acc': 0.9900000095367432, 'test_precision': 0.9918831586837769, 'test_recall': 0.9894444942474365, 'test_f1': 0.990435004234314, 'communication_cost': 45160752}
[ 2026-05-13 19:08:27 | node_39 | INFO ] 📢 Broadcasting metrics.
[ 2026-05-13 19:08:29 | node_24 | INFO ] ⏹️  Gossiping exited for 50 equal rounds.
[ 2026-05-13 19:08:29 | node_35 | INFO ] ⏹️  Gossiping exited for 50 equal rounds.
[ 2026-05-13 19:08:29 | node_35 | INFO ] 🔬 Evaluating...
[ 2026-05-13 19:08:29 | node_24 | INFO ] 🔬 Evaluating...
[ 2026-05-13 19:08:29 | node_35 | INFO ] 📈 Evaluated. Results: {'test_loss': 0.16178491711616516, 'test_acc': 0.9800000190734863, 'test_precision': 0.9759628772735596, 'test_recall': 0.9777244329452515, 'test_f1': 0.9765682816505432, 'communication_cost': 41397356}
[ 2026-05-13 19:08:29 | node_24 | INFO ] 📈 Evaluated. Results: {'test_loss': 0.2641942501068115, 'test_acc': 0.9750000238418579, 'test_precision': 0.9719251990318298, 'test_recall': 0.9764173626899719, 'test_f1': 0.97393798828125, 'communication_cost': 33870564}
[ 2026-05-13 19:08:29 | node_35 | INFO ] 📢 Broadcasting metrics.
[ 2026-05-13 19:08:29 | node_24 | INFO ] 📢 Broadcasting metrics.
[ 2026-05-13 19:08:30 | node_40 | INFO ] ⏹️  Gossiping exited for 50 equal rounds.
[ 2026-05-13 19:08:30 | node_40 | INFO ] 🔬 Evaluating...
[ 2026-05-13 19:08:30 | node_40 | INFO ] 📈 Evaluated. Results: {'test_loss': 0.3408183753490448, 'test_acc': 0.9549999833106995, 'test_precision': 0.9519736766815186, 'test_recall': 0.954318642616272, 'test_f1': 0.9518768787384033, 'communication_cost': 37633960}
[ 2026-05-13 19:08:30 | node_39 | INFO ] 🎉 Round 50 of 50 finished.
[ 2026-05-13 19:08:30 | node_39 | INFO ] 😋 Training finished!!
[ 2026-05-13 19:08:30 | node_40 | INFO ] 📢 Broadcasting metrics.
[ 2026-05-13 19:08:32 | node_24 | INFO ] 🎉 Round 50 of 50 finished.
[ 2026-05-13 19:08:32 | node_24 | INFO ] 😋 Training finished!!
[ 2026-05-13 19:08:33 | node_35 | INFO ] 🎉 Round 50 of 50 finished.
[ 2026-05-13 19:08:33 | node_35 | INFO ] 😋 Training finished!!
[ 2026-05-13 19:08:33 | node_40 | INFO ] 🎉 Round 50 of 50 finished.
[ 2026-05-13 19:08:33 | node_40 | INFO ] 😋 Training finished!!
[ 2026-05-13 19:08:46 | node | INFO ] ⏹️  Gossiping exited for 50 equal rounds.
[ 2026-05-13 19:08:46 | node | INFO ] 🔬 Evaluating...
[ 2026-05-13 19:08:46 | node_25 | INFO ] ⏹️  Gossiping exited for 50 equal rounds.
[ 2026-05-13 19:08:46 | node_25 | INFO ] 🔬 Evaluating...
[ 2026-05-13 19:08:46 | node | INFO ] 📈 Evaluated. Results: {'test_loss': 0.235408216714859, 'test_acc': 0.9750000238418579, 'test_precision': 0.9764003157615662, 'test_recall': 0.9735031127929688, 'test_f1': 0.9744620323181152, 'communication_cost': 33870564}
[ 2026-05-13 19:08:47 | node_25 | INFO ] 📈 Evaluated. Results: {'test_loss': 0.22137314081192017, 'test_acc': 0.9649999737739563, 'test_precision': 0.9664976596832275, 'test_recall': 0.9622234106063843, 'test_f1': 0.9629703760147095, 'communication_cost': 30107168}
[ 2026-05-13 19:08:47 | node | INFO ] 📢 Broadcasting metrics.
[ 2026-05-13 19:08:47 | node_25 | INFO ] 📢 Broadcasting metrics.
[ 2026-05-13 19:08:49 | node_25 | INFO ] 🎉 Round 50 of 50 finished.
[ 2026-05-13 19:08:49 | node | INFO ] 🎉 Round 50 of 50 finished.
[ 2026-05-13 19:08:49 | node | INFO ] 😋 Training finished!!
[ 2026-05-13 19:08:49 | node_25 | INFO ] 😋 Training finished!!
[ 2026-05-13 19:08:52 | node_16 | INFO ] ⏹️  Gossiping exited for 50 equal rounds.
[ 2026-05-13 19:08:52 | node_16 | INFO ] 🔬 Evaluating...
[ 2026-05-13 19:08:52 | node_16 | INFO ] 📈 Evaluated. Results: {'test_loss': 0.22986051440238953, 'test_acc': 0.9549999833106995, 'test_precision': 0.9490585327148438, 'test_recall': 0.9535444378852844, 'test_f1': 0.9497768878936768, 'communication_cost': 18816980}
[ 2026-05-13 19:08:52 | node_16 | INFO ] 📢 Broadcasting metrics.
[ 2026-05-13 19:08:54 | node_16 | INFO ] 🎉 Round 50 of 50 finished.
[ 2026-05-13 19:08:54 | node_16 | INFO ] 😋 Training finished!!
[ 2026-05-13 19:08:57 | node_11 | INFO ] ⏹️  Gossiping exited for 50 equal rounds.
[ 2026-05-13 19:08:57 | node_14 | INFO ] ⏹️  Gossiping exited for 50 equal rounds.
[ 2026-05-13 19:08:57 | node_11 | INFO ] 🔬 Evaluating...
[ 2026-05-13 19:08:57 | node_14 | INFO ] 🔬 Evaluating...
[ 2026-05-13 19:08:57 | node_49 | INFO ] ⏹️  Gossiping exited for 50 equal rounds.
[ 2026-05-13 19:08:57 | node_14 | INFO ] 📈 Evaluated. Results: {'test_loss': 0.08216823637485504, 'test_acc': 0.9850000143051147, 'test_precision': 0.9853536486625671, 'test_recall': 0.9869748950004578, 'test_f1': 0.9856470227241516, 'communication_cost': 26343772}
[ 2026-05-13 19:08:57 | node_11 | INFO ] 📈 Evaluated. Results: {'test_loss': 0.15489748120307922, 'test_acc': 0.9700000286102295, 'test_precision': 0.9727349877357483, 'test_recall': 0.9682595133781433, 'test_f1': 0.9692370891571045, 'communication_cost': 41397356}
[ 2026-05-13 19:08:57 | node_49 | INFO ] 🔬 Evaluating...
[ 2026-05-13 19:08:58 | node_11 | INFO ] 📢 Broadcasting metrics.
[ 2026-05-13 19:08:58 | node_49 | INFO ] 📈 Evaluated. Results: {'test_loss': 0.244670107960701, 'test_acc': 0.9800000190734863, 'test_precision': 0.9820839166641235, 'test_recall': 0.9828963279724121, 'test_f1': 0.9821460247039795, 'communication_cost': 30107168}
[ 2026-05-13 19:08:58 | node_14 | INFO ] 📢 Broadcasting metrics.
[ 2026-05-13 19:08:58 | node_49 | INFO ] 📢 Broadcasting metrics.
[ 2026-05-13 19:08:58 | node_13 | INFO ] ⏹️  Gossiping exited for 50 equal rounds.
[ 2026-05-13 19:08:58 | node_13 | INFO ] 🔬 Evaluating...
[ 2026-05-13 19:08:59 | node_4 | INFO ] ⏹️  Gossiping exited for 50 equal rounds.
[ 2026-05-13 19:08:59 | node_4 | INFO ] 🔬 Evaluating...
[ 2026-05-13 19:08:59 | node_13 | INFO ] 📈 Evaluated. Results: {'test_loss': 0.04916548356413841, 'test_acc': 0.9800000190734863, 'test_precision': 0.9829047918319702, 'test_recall': 0.9834546446800232, 'test_f1': 0.9827209711074829, 'communication_cost': 52687544}
[ 2026-05-13 19:08:59 | node_4 | INFO ] 📈 Evaluated. Results: {'test_loss': 0.12494901567697525, 'test_acc': 0.9649999737739563, 'test_precision': 0.9620895385742188, 'test_recall': 0.9687880873680115, 'test_f1': 0.964794397354126, 'communication_cost': 56450940}
[ 2026-05-13 19:08:59 | node_13 | INFO ] 📢 Broadcasting metrics.
[ 2026-05-13 19:08:59 | node_14 | INFO ] 🎉 Round 50 of 50 finished.
[ 2026-05-13 19:08:59 | node_14 | INFO ] 😋 Training finished!!
[ 2026-05-13 19:08:59 | node_4 | INFO ] 📢 Broadcasting metrics.
[ 2026-05-13 19:09:00 | node_11 | INFO ] 🎉 Round 50 of 50 finished.
[ 2026-05-13 19:09:00 | node_11 | INFO ] 😋 Training finished!!
[ 2026-05-13 19:09:00 | node_49 | INFO ] 🎉 Round 50 of 50 finished.
[ 2026-05-13 19:09:00 | node_49 | INFO ] 😋 Training finished!!
[ 2026-05-13 19:09:01 | node_7 | INFO ] ⏹️  Gossiping exited for 50 equal rounds.
[ 2026-05-13 19:09:01 | node_7 | INFO ] 🔬 Evaluating...
[ 2026-05-13 19:09:01 | node_7 | INFO ] 📈 Evaluated. Results: {'test_loss': 0.07060980051755905, 'test_acc': 0.9900000095367432, 'test_precision': 0.9897369146347046, 'test_recall': 0.9888889789581299, 'test_f1': 0.9888509511947632, 'communication_cost': 26343772}
[ 2026-05-13 19:09:01 | node_21 | INFO ] ⏹️  Gossiping exited for 50 equal rounds.
[ 2026-05-13 19:09:02 | node_21 | INFO ] 🔬 Evaluating...
[ 2026-05-13 19:09:02 | node_7 | INFO ] 📢 Broadcasting metrics.
[ 2026-05-13 19:09:02 | node_21 | INFO ] 📈 Evaluated. Results: {'test_loss': 0.3806922137737274, 'test_acc': 0.9599999785423279, 'test_precision': 0.9630029201507568, 'test_recall': 0.9491310119628906, 'test_f1': 0.9546453952789307, 'communication_cost': 30107168}
[ 2026-05-13 19:09:02 | node_21 | INFO ] 📢 Broadcasting metrics.
[ 2026-05-13 19:09:02 | node_13 | INFO ] 🎉 Round 50 of 50 finished.
[ 2026-05-13 19:09:02 | node_13 | INFO ] 😋 Training finished!!
[ 2026-05-13 19:09:03 | node_4 | INFO ] 🎉 Round 50 of 50 finished.
[ 2026-05-13 19:09:03 | node_4 | INFO ] 😋 Training finished!!
[ 2026-05-13 19:09:03 | node_7 | INFO ] 🎉 Round 50 of 50 finished.
[ 2026-05-13 19:09:03 | node_7 | INFO ] 😋 Training finished!!
[ 2026-05-13 19:09:04 | node_21 | INFO ] 🎉 Round 50 of 50 finished.
[ 2026-05-13 19:09:04 | node_21 | INFO ] 😋 Training finished!!
[ 2026-05-13 19:09:04 | None | INFO ] 🏁 All nodes finished training. Waiting 10s for final synchronization...
[ 2026-05-13 19:09:14 | node | INFO ] Stopping node...
[ 2026-05-13 19:09:14 | node | INFO ] 🛑 Stopping gossiper...
[ 2026-05-13 19:09:14 | node | INFO ] InMemoryServer stopped at node
[ 2026-05-13 19:09:14 | node_1 | INFO ] Stopping node...
[ 2026-05-13 19:09:14 | node_1 | INFO ] 🛑 Stopping gossiper...
[ 2026-05-13 19:09:14 | node_1 | INFO ] InMemoryServer stopped at node_1
[ 2026-05-13 19:09:15 | node_2 | INFO ] Stopping node...
[ 2026-05-13 19:09:15 | node_2 | INFO ] 🛑 Stopping gossiper...
[ 2026-05-13 19:09:15 | node_2 | INFO ] InMemoryServer stopped at node_2
[ 2026-05-13 19:09:15 | node_3 | INFO ] Stopping node...
[ 2026-05-13 19:09:15 | node_3 | INFO ] 🛑 Stopping gossiper...
[ 2026-05-13 19:09:15 | node_3 | INFO ] InMemoryServer stopped at node_3
[ 2026-05-13 19:09:15 | node_4 | INFO ] Stopping node...
[ 2026-05-13 19:09:15 | node_4 | INFO ] 🛑 Stopping gossiper...
[ 2026-05-13 19:09:15 | node_4 | INFO ] InMemoryServer stopped at node_4
[ 2026-05-13 19:09:15 | node_5 | INFO ] Stopping node...
[ 2026-05-13 19:09:15 | node_5 | INFO ] 🛑 Stopping gossiper...
[ 2026-05-13 19:09:15 | node_5 | INFO ] InMemoryServer stopped at node_5
[ 2026-05-13 19:09:15 | node_6 | INFO ] Stopping node...
[ 2026-05-13 19:09:15 | node_6 | INFO ] 🛑 Stopping gossiper...
[ 2026-05-13 19:09:15 | node_6 | INFO ] InMemoryServer stopped at node_6
[ 2026-05-13 19:09:15 | node_7 | INFO ] Stopping node...
[ 2026-05-13 19:09:15 | node_7 | INFO ] 🛑 Stopping gossiper...
[ 2026-05-13 19:09:15 | node_7 | INFO ] InMemoryServer stopped at node_7
[ 2026-05-13 19:09:16 | node_8 | INFO ] Stopping node...
[ 2026-05-13 19:09:16 | node_8 | INFO ] 🛑 Stopping gossiper...
[ 2026-05-13 19:09:16 | node_8 | INFO ] InMemoryServer stopped at node_8
[ 2026-05-13 19:09:16 | node_9 | INFO ] Stopping node...
[ 2026-05-13 19:09:16 | node_9 | INFO ] 🛑 Stopping gossiper...
[ 2026-05-13 19:09:16 | node_9 | INFO ] InMemoryServer stopped at node_9
[ 2026-05-13 19:09:16 | node_10 | INFO ] Stopping node...
[ 2026-05-13 19:09:16 | node_10 | INFO ] 🛑 Stopping gossiper...
[ 2026-05-13 19:09:16 | node_10 | INFO ] InMemoryServer stopped at node_10
[ 2026-05-13 19:09:16 | node_11 | INFO ] Stopping node...
[ 2026-05-13 19:09:17 | node_11 | INFO ] 🛑 Stopping gossiper...
[ 2026-05-13 19:09:17 | node_11 | INFO ] InMemoryServer stopped at node_11
[ 2026-05-13 19:09:17 | node_12 | INFO ] Stopping node...
[ 2026-05-13 19:09:17 | node_12 | INFO ] 🛑 Stopping gossiper...
[ 2026-05-13 19:09:17 | node_12 | INFO ] InMemoryServer stopped at node_12
[ 2026-05-13 19:09:17 | node_13 | INFO ] Stopping node...
[ 2026-05-13 19:09:17 | node_13 | INFO ] 🛑 Stopping gossiper...
[ 2026-05-13 19:09:17 | node_13 | INFO ] InMemoryServer stopped at node_13
[ 2026-05-13 19:09:18 | node_14 | INFO ] Stopping node...
[ 2026-05-13 19:09:18 | node_14 | INFO ] 🛑 Stopping gossiper...
[ 2026-05-13 19:09:18 | node_14 | INFO ] InMemoryServer stopped at node_14
[ 2026-05-13 19:09:18 | node_15 | INFO ] Stopping node...
[ 2026-05-13 19:09:18 | node_15 | INFO ] 🛑 Stopping gossiper...
[ 2026-05-13 19:09:18 | node_15 | INFO ] InMemoryServer stopped at node_15
[ 2026-05-13 19:09:18 | node_16 | INFO ] Stopping node...
[ 2026-05-13 19:09:18 | node_16 | INFO ] 🛑 Stopping gossiper...
[ 2026-05-13 19:09:19 | node_16 | INFO ] InMemoryServer stopped at node_16
[ 2026-05-13 19:09:19 | node_17 | INFO ] Stopping node...
[ 2026-05-13 19:09:19 | node_17 | INFO ] 🛑 Stopping gossiper...
[ 2026-05-13 19:09:19 | node_17 | INFO ] InMemoryServer stopped at node_17
[ 2026-05-13 19:09:19 | node_18 | INFO ] Stopping node...
[ 2026-05-13 19:09:19 | node_18 | INFO ] 🛑 Stopping gossiper...
[ 2026-05-13 19:09:19 | node_18 | INFO ] InMemoryServer stopped at node_18
[ 2026-05-13 19:09:20 | node_19 | INFO ] Stopping node...
[ 2026-05-13 19:09:20 | node_19 | INFO ] 🛑 Stopping gossiper...
[ 2026-05-13 19:09:20 | node_19 | INFO ] InMemoryServer stopped at node_19
[ 2026-05-13 19:09:20 | node_20 | INFO ] Stopping node...
[ 2026-05-13 19:09:20 | node_20 | INFO ] 🛑 Stopping gossiper...
[ 2026-05-13 19:09:20 | node_20 | INFO ] InMemoryServer stopped at node_20
[ 2026-05-13 19:09:20 | node_21 | INFO ] Stopping node...
[ 2026-05-13 19:09:20 | node_21 | INFO ] 🛑 Stopping gossiper...
[ 2026-05-13 19:09:20 | node_21 | INFO ] InMemoryServer stopped at node_21
[ 2026-05-13 19:09:20 | node_22 | INFO ] Stopping node...
[ 2026-05-13 19:09:21 | node_22 | INFO ] 🛑 Stopping gossiper...
[ 2026-05-13 19:09:21 | node_22 | INFO ] InMemoryServer stopped at node_22
[ 2026-05-13 19:09:21 | node_23 | INFO ] Stopping node...
[ 2026-05-13 19:09:21 | node_23 | INFO ] 🛑 Stopping gossiper...
[ 2026-05-13 19:09:21 | node_23 | INFO ] InMemoryServer stopped at node_23
[ 2026-05-13 19:09:21 | node_24 | INFO ] Stopping node...
[ 2026-05-13 19:09:21 | node_24 | INFO ] 🛑 Stopping gossiper...
[ 2026-05-13 19:09:21 | node_24 | INFO ] InMemoryServer stopped at node_24
[ 2026-05-13 19:09:21 | node_25 | INFO ] Stopping node...
[ 2026-05-13 19:09:21 | node_25 | INFO ] 🛑 Stopping gossiper...
[ 2026-05-13 19:09:22 | node_25 | INFO ] InMemoryServer stopped at node_25
[ 2026-05-13 19:09:22 | node_26 | INFO ] Stopping node...
[ 2026-05-13 19:09:22 | node_26 | INFO ] 🛑 Stopping gossiper...
[ 2026-05-13 19:09:22 | node_26 | INFO ] InMemoryServer stopped at node_26
[ 2026-05-13 19:09:22 | node_27 | INFO ] Stopping node...
[ 2026-05-13 19:09:22 | node_27 | INFO ] 🛑 Stopping gossiper...
[ 2026-05-13 19:09:22 | node_27 | INFO ] InMemoryServer stopped at node_27
[ 2026-05-13 19:09:22 | node_28 | INFO ] Stopping node...
[ 2026-05-13 19:09:22 | node_28 | INFO ] 🛑 Stopping gossiper...
[ 2026-05-13 19:09:22 | node_28 | INFO ] InMemoryServer stopped at node_28
[ 2026-05-13 19:09:23 | node_29 | INFO ] Stopping node...
[ 2026-05-13 19:09:23 | node_29 | INFO ] 🛑 Stopping gossiper...
[ 2026-05-13 19:09:23 | node_29 | INFO ] InMemoryServer stopped at node_29
[ 2026-05-13 19:09:23 | node_30 | INFO ] Stopping node...
[ 2026-05-13 19:09:23 | node_30 | INFO ] 🛑 Stopping gossiper...
[ 2026-05-13 19:09:23 | node_30 | INFO ] InMemoryServer stopped at node_30
[ 2026-05-13 19:09:23 | node_31 | INFO ] Stopping node...
[ 2026-05-13 19:09:23 | node_31 | INFO ] 🛑 Stopping gossiper...
[ 2026-05-13 19:09:23 | node_31 | INFO ] InMemoryServer stopped at node_31
[ 2026-05-13 19:09:23 | node_32 | INFO ] Stopping node...
[ 2026-05-13 19:09:23 | node_32 | INFO ] 🛑 Stopping gossiper...
[ 2026-05-13 19:09:23 | node_32 | INFO ] InMemoryServer stopped at node_32
[ 2026-05-13 19:09:23 | node_33 | INFO ] Stopping node...
[ 2026-05-13 19:09:23 | node_33 | INFO ] 🛑 Stopping gossiper...
[ 2026-05-13 19:09:24 | node_33 | INFO ] InMemoryServer stopped at node_33
[ 2026-05-13 19:09:24 | node_34 | INFO ] Stopping node...
[ 2026-05-13 19:09:24 | node_34 | INFO ] 🛑 Stopping gossiper...
[ 2026-05-13 19:09:24 | node_34 | INFO ] InMemoryServer stopped at node_34
[ 2026-05-13 19:09:24 | node_35 | INFO ] Stopping node...
[ 2026-05-13 19:09:24 | node_35 | INFO ] 🛑 Stopping gossiper...
[ 2026-05-13 19:09:24 | node_35 | INFO ] InMemoryServer stopped at node_35
[ 2026-05-13 19:09:24 | node_36 | INFO ] Stopping node...
[ 2026-05-13 19:09:25 | node_36 | INFO ] 🛑 Stopping gossiper...
[ 2026-05-13 19:09:25 | node_36 | INFO ] InMemoryServer stopped at node_36
[ 2026-05-13 19:09:25 | node_37 | INFO ] Stopping node...
[ 2026-05-13 19:09:25 | node_37 | INFO ] 🛑 Stopping gossiper...
[ 2026-05-13 19:09:25 | node_37 | INFO ] InMemoryServer stopped at node_37
[ 2026-05-13 19:09:25 | node_38 | INFO ] Stopping node...
[ 2026-05-13 19:09:25 | node_38 | INFO ] 🛑 Stopping gossiper...
[ 2026-05-13 19:09:25 | node_38 | INFO ] InMemoryServer stopped at node_38
[ 2026-05-13 19:09:26 | node_39 | INFO ] Stopping node...
[ 2026-05-13 19:09:26 | node_39 | INFO ] 🛑 Stopping gossiper...
[ 2026-05-13 19:09:26 | node_39 | INFO ] InMemoryServer stopped at node_39
[ 2026-05-13 19:09:26 | node_40 | INFO ] Stopping node...
[ 2026-05-13 19:09:26 | node_40 | INFO ] 🛑 Stopping gossiper...
[ 2026-05-13 19:09:26 | node_40 | INFO ] InMemoryServer stopped at node_40
[ 2026-05-13 19:09:27 | node_41 | INFO ] Stopping node...
[ 2026-05-13 19:09:27 | node_41 | INFO ] 🛑 Stopping gossiper...
[ 2026-05-13 19:09:27 | node_41 | INFO ] InMemoryServer stopped at node_41
[ 2026-05-13 19:09:27 | node_42 | INFO ] Stopping node...
[ 2026-05-13 19:09:27 | node_42 | INFO ] 🛑 Stopping gossiper...
[ 2026-05-13 19:09:27 | node_42 | INFO ] InMemoryServer stopped at node_42
[ 2026-05-13 19:09:27 | node_43 | INFO ] Stopping node...
[ 2026-05-13 19:09:27 | node_43 | INFO ] 🛑 Stopping gossiper...
[ 2026-05-13 19:09:27 | node_43 | INFO ] InMemoryServer stopped at node_43
[ 2026-05-13 19:09:27 | node_44 | INFO ] Stopping node...
[ 2026-05-13 19:09:27 | node_44 | INFO ] 🛑 Stopping gossiper...
[ 2026-05-13 19:09:28 | node_44 | INFO ] InMemoryServer stopped at node_44
[ 2026-05-13 19:09:28 | node_45 | INFO ] Stopping node...
[ 2026-05-13 19:09:28 | node_45 | INFO ] 🛑 Stopping gossiper...
[ 2026-05-13 19:09:28 | node_45 | INFO ] InMemoryServer stopped at node_45
[ 2026-05-13 19:09:28 | node_46 | INFO ] Stopping node...
[ 2026-05-13 19:09:28 | node_46 | INFO ] 🛑 Stopping gossiper...
[ 2026-05-13 19:09:28 | node_46 | INFO ] InMemoryServer stopped at node_46
[ 2026-05-13 19:09:28 | node_47 | INFO ] Stopping node...
[ 2026-05-13 19:09:28 | node_47 | INFO ] 🛑 Stopping gossiper...
[ 2026-05-13 19:09:28 | node_47 | INFO ] InMemoryServer stopped at node_47
[ 2026-05-13 19:09:28 | node_48 | INFO ] Stopping node...
[ 2026-05-13 19:09:28 | node_48 | INFO ] 🛑 Stopping gossiper...
[ 2026-05-13 19:09:28 | node_48 | INFO ] InMemoryServer stopped at node_48
[ 2026-05-13 19:09:28 | node_49 | INFO ] Stopping node...
[ 2026-05-13 19:09:28 | node_49 | INFO ] 🛑 Stopping gossiper...
[ 2026-05-13 19:09:28 | node_49 | INFO ] InMemoryServer stopped at node_49
