[ 2026-03-28 12:10:28 | node_14 | INFO ] 🧩 Model added for round 141 (2/2) from ['node']
[ 2026-03-28 12:10:28 | node_13 | INFO ] 🧠 Aggregation complete. Setting new model.
[ 2026-03-28 12:10:28 | node_13 | INFO ] 🗣️ Gossiping aggregated model.
[ 2026-03-28 12:10:28 | node_15 | INFO ] 🧩 Model added for round 141 (2/2) from ['node']
[ 2026-03-28 12:10:28 | node_14 | INFO ] 🧠 Aggregation complete. Setting new model.
[ 2026-03-28 12:10:28 | node_14 | INFO ] 🗣️ Gossiping aggregated model.
[ 2026-03-28 12:10:28 | node_16 | INFO ] 🧩 Model added for round 141 (2/2) from ['node']
[ 2026-03-28 12:10:28 | node_15 | INFO ] 🧠 Aggregation complete. Setting new model.
[ 2026-03-28 12:10:28 | node_15 | INFO ] 🗣️ Gossiping aggregated model.
[ 2026-03-28 12:10:28 | node_17 | INFO ] 🧩 Model added for round 141 (2/2) from ['node']
[ 2026-03-28 12:10:28 | node_16 | INFO ] 🧠 Aggregation complete. Setting new model.
[ 2026-03-28 12:10:28 | node_16 | INFO ] 🗣️ Gossiping aggregated model.
[ 2026-03-28 12:10:28 | node_17 | INFO ] 🧠 Aggregation complete. Setting new model.
[ 2026-03-28 12:10:28 | node_18 | INFO ] 🧩 Model added for round 141 (2/2) from ['node']
[ 2026-03-28 12:10:28 | node_17 | INFO ] 🗣️ Gossiping aggregated model.
[ 2026-03-28 12:10:28 | node_19 | INFO ] 🧩 Model added for round 141 (2/2) from ['node']
[ 2026-03-28 12:10:28 | node_18 | INFO ] 🧠 Aggregation complete. Setting new model.
[ 2026-03-28 12:10:28 | node_18 | INFO ] 🗣️ Gossiping aggregated model.
[ 2026-03-28 12:10:28 | node_20 | INFO ] 🧩 Model added for round 141 (2/2) from ['node']
[ 2026-03-28 12:10:28 | node_19 | INFO ] 🧠 Aggregation complete. Setting new model.
[ 2026-03-28 12:10:28 | node_19 | INFO ] 🗣️ Gossiping aggregated model.
[ 2026-03-28 12:10:28 | node_21 | INFO ] 🧩 Model added for round 141 (2/2) from ['node']
[ 2026-03-28 12:10:28 | node_20 | INFO ] 🧠 Aggregation complete. Setting new model.
[ 2026-03-28 12:10:28 | node_20 | INFO ] 🗣️ Gossiping aggregated model.
[ 2026-03-28 12:10:28 | node_22 | INFO ] 🧩 Model added for round 141 (2/2) from ['node']
[ 2026-03-28 12:10:28 | node_21 | INFO ] 🧠 Aggregation complete. Setting new model.
[ 2026-03-28 12:10:28 | node_21 | INFO ] 🗣️ Gossiping aggregated model.
[ 2026-03-28 12:10:28 | node_23 | INFO ] 🧩 Model added for round 141 (2/2) from ['node']
[ 2026-03-28 12:10:28 | node_22 | INFO ] 🧠 Aggregation complete. Setting new model.
[ 2026-03-28 12:10:28 | node_22 | INFO ] 🗣️ Gossiping aggregated model.
[ 2026-03-28 12:10:28 | node_24 | INFO ] 🧩 Model added for round 141 (2/2) from ['node']
[ 2026-03-28 12:10:28 | node_23 | INFO ] 🧠 Aggregation complete. Setting new model.
[ 2026-03-28 12:10:28 | node_23 | INFO ] 🗣️ Gossiping aggregated model.
[ 2026-03-28 12:10:28 | node_24 | INFO ] 🧠 Aggregation complete. Setting new model.
[ 2026-03-28 12:10:28 | node_25 | INFO ] 🧩 Model added for round 141 (2/2) from ['node']
[ 2026-03-28 12:10:28 | node_24 | INFO ] 🗣️ Gossiping aggregated model.
[ 2026-03-28 12:10:28 | node_26 | INFO ] 🧩 Model added for round 141 (2/2) from ['node']
[ 2026-03-28 12:10:28 | node_25 | INFO ] 🧠 Aggregation complete. Setting new model.
[ 2026-03-28 12:10:28 | node_25 | INFO ] 🗣️ Gossiping aggregated model.
[ 2026-03-28 12:10:28 | node_27 | INFO ] 🧩 Model added for round 141 (2/2) from ['node']
[ 2026-03-28 12:10:28 | node_26 | INFO ] 🧠 Aggregation complete. Setting new model.
[ 2026-03-28 12:10:28 | node_26 | INFO ] 🗣️ Gossiping aggregated model.
[ 2026-03-28 12:10:29 | node_27 | INFO ] 🧠 Aggregation complete. Setting new model.
[ 2026-03-28 12:10:29 | node_28 | INFO ] 🧩 Model added for round 141 (2/2) from ['node']
[ 2026-03-28 12:10:29 | node_27 | INFO ] 🗣️ Gossiping aggregated model.
[ 2026-03-28 12:10:29 | node_29 | INFO ] 🧩 Model added for round 141 (2/2) from ['node']
[ 2026-03-28 12:10:29 | node_28 | INFO ] 🧠 Aggregation complete. Setting new model.
[ 2026-03-28 12:10:29 | node_28 | INFO ] 🗣️ Gossiping aggregated model.
[ 2026-03-28 12:10:29 | node_30 | INFO ] 🧩 Model added for round 141 (2/2) from ['node']
[ 2026-03-28 12:10:29 | node_29 | INFO ] 🧠 Aggregation complete. Setting new model.
[ 2026-03-28 12:10:29 | node_29 | INFO ] 🗣️ Gossiping aggregated model.
[ 2026-03-28 12:10:29 | node_30 | INFO ] 🧠 Aggregation complete. Setting new model.
[ 2026-03-28 12:10:29 | node_31 | INFO ] 🧩 Model added for round 141 (2/2) from ['node']
[ 2026-03-28 12:10:29 | node_30 | INFO ] 🗣️ Gossiping aggregated model.
[ 2026-03-28 12:10:29 | node_32 | INFO ] 🧩 Model added for round 141 (2/2) from ['node']
[ 2026-03-28 12:10:29 | node_31 | INFO ] 🧠 Aggregation complete. Setting new model.
[ 2026-03-28 12:10:29 | node_31 | INFO ] 🗣️ Gossiping aggregated model.
[ 2026-03-28 12:10:29 | node_32 | INFO ] 🧠 Aggregation complete. Setting new model.
[ 2026-03-28 12:10:29 | node_33 | INFO ] 🧩 Model added for round 141 (2/2) from ['node']
[ 2026-03-28 12:10:29 | node_32 | INFO ] 🗣️ Gossiping aggregated model.
[ 2026-03-28 12:10:29 | node_33 | INFO ] 🧠 Aggregation complete. Setting new model.
[ 2026-03-28 12:10:29 | node_34 | INFO ] 🧩 Model added for round 141 (2/2) from ['node']
[ 2026-03-28 12:10:29 | node_33 | INFO ] 🗣️ Gossiping aggregated model.
[ 2026-03-28 12:10:29 | node_34 | INFO ] 🧠 Aggregation complete. Setting new model.
[ 2026-03-28 12:10:29 | node_35 | INFO ] 🧩 Model added for round 141 (2/2) from ['node']
[ 2026-03-28 12:10:29 | node_34 | INFO ] 🗣️ Gossiping aggregated model.
[ 2026-03-28 12:10:29 | node_35 | INFO ] 🧠 Aggregation complete. Setting new model.
[ 2026-03-28 12:10:29 | node_36 | INFO ] 🧩 Model added for round 141 (2/2) from ['node']
[ 2026-03-28 12:10:29 | node_35 | INFO ] 🗣️ Gossiping aggregated model.
[ 2026-03-28 12:10:29 | node_37 | INFO ] 🧩 Model added for round 141 (2/2) from ['node']
[ 2026-03-28 12:10:29 | node_36 | INFO ] 🧠 Aggregation complete. Setting new model.
[ 2026-03-28 12:10:29 | node_36 | INFO ] 🗣️ Gossiping aggregated model.
[ 2026-03-28 12:10:29 | node_38 | INFO ] 🧩 Model added for round 141 (2/2) from ['node']
[ 2026-03-28 12:10:29 | node_37 | INFO ] 🧠 Aggregation complete. Setting new model.
[ 2026-03-28 12:10:29 | node_37 | INFO ] 🗣️ Gossiping aggregated model.
[ 2026-03-28 12:10:29 | node_38 | INFO ] 🧠 Aggregation complete. Setting new model.
[ 2026-03-28 12:10:29 | node_39 | INFO ] 🧩 Model added for round 141 (2/2) from ['node']
[ 2026-03-28 12:10:29 | node_38 | INFO ] 🗣️ Gossiping aggregated model.
[ 2026-03-28 12:10:30 | node_40 | INFO ] 🧩 Model added for round 141 (2/2) from ['node']
[ 2026-03-28 12:10:30 | node_39 | INFO ] 🧠 Aggregation complete. Setting new model.
[ 2026-03-28 12:10:30 | node_39 | INFO ] 🗣️ Gossiping aggregated model.
[ 2026-03-28 12:10:30 | node_40 | INFO ] 🧠 Aggregation complete. Setting new model.
[ 2026-03-28 12:10:30 | node_41 | INFO ] 🧩 Model added for round 141 (2/2) from ['node']
[ 2026-03-28 12:10:30 | node_40 | INFO ] 🗣️ Gossiping aggregated model.
[ 2026-03-28 12:10:30 | node_42 | INFO ] 🧩 Model added for round 141 (2/2) from ['node']
[ 2026-03-28 12:10:30 | node_41 | INFO ] 🧠 Aggregation complete. Setting new model.
[ 2026-03-28 12:10:30 | node_41 | INFO ] 🗣️ Gossiping aggregated model.
[ 2026-03-28 12:10:30 | node_43 | INFO ] 🧩 Model added for round 141 (2/2) from ['node']
[ 2026-03-28 12:10:30 | node_42 | INFO ] 🧠 Aggregation complete. Setting new model.
[ 2026-03-28 12:10:30 | node_42 | INFO ] 🗣️ Gossiping aggregated model.
[ 2026-03-28 12:10:30 | node_44 | INFO ] 🧩 Model added for round 141 (2/2) from ['node']
[ 2026-03-28 12:10:30 | node_43 | INFO ] 🧠 Aggregation complete. Setting new model.
[ 2026-03-28 12:10:30 | node_43 | INFO ] 🗣️ Gossiping aggregated model.
[ 2026-03-28 12:10:30 | node_45 | INFO ] 🧩 Model added for round 141 (2/2) from ['node']
[ 2026-03-28 12:10:30 | node_44 | INFO ] 🧠 Aggregation complete. Setting new model.
[ 2026-03-28 12:10:30 | node_44 | INFO ] 🗣️ Gossiping aggregated model.
[ 2026-03-28 12:10:30 | node_46 | INFO ] 🧩 Model added for round 141 (2/2) from ['node']
[ 2026-03-28 12:10:30 | node_45 | INFO ] 🧠 Aggregation complete. Setting new model.
[ 2026-03-28 12:10:30 | node_45 | INFO ] 🗣️ Gossiping aggregated model.
[ 2026-03-28 12:10:30 | node_47 | INFO ] 🧩 Model added for round 141 (2/2) from ['node']
[ 2026-03-28 12:10:30 | node_46 | INFO ] 🧠 Aggregation complete. Setting new model.
[ 2026-03-28 12:10:30 | node_46 | INFO ] 🗣️ Gossiping aggregated model.
[ 2026-03-28 12:10:30 | node_47 | INFO ] 🧠 Aggregation complete. Setting new model.
[ 2026-03-28 12:10:30 | node_48 | INFO ] 🧩 Model added for round 141 (2/2) from ['node']
[ 2026-03-28 12:10:30 | node_47 | INFO ] 🗣️ Gossiping aggregated model.
[ 2026-03-28 12:10:30 | node_49 | INFO ] 🧩 Model added for round 141 (2/2) from ['node']
[ 2026-03-28 12:10:30 | node_48 | INFO ] 🧠 Aggregation complete. Setting new model.
[ 2026-03-28 12:10:30 | node_48 | INFO ] 🗣️ Gossiping aggregated model.
[ 2026-03-28 12:10:31 | node_49 | INFO ] 🧠 Aggregation complete. Setting new model.
[ 2026-03-28 12:10:31 | node_49 | INFO ] 🗣️ Gossiping aggregated model.
[ 2026-03-28 12:10:31 | node | INFO ] 🧠 Aggregation complete. Setting new model.
[ 2026-03-28 12:10:31 | node_13 | INFO ] 🤫 Gossip finished.
[ 2026-03-28 12:10:31 | node_13 | INFO ] 🔬 Evaluating...
[ 2026-03-28 12:10:31 | node_8 | INFO ] 🧠 Aggregation complete. Setting new model.
[ 2026-03-28 12:10:31 | node_14 | INFO ] 🤫 Gossip finished.
[ 2026-03-28 12:10:31 | node_8 | INFO ] 🗣️ Gossiping aggregated model.
[ 2026-03-28 12:10:31 | node_14 | INFO ] 🔬 Evaluating...
[ 2026-03-28 12:10:31 | node_8 | INFO ] 🤫 Gossip finished.
[ 2026-03-28 12:10:31 | node_8 | INFO ] 🔬 Evaluating...
[ 2026-03-28 12:10:31 | node_15 | INFO ] 🤫 Gossip finished.
[ 2026-03-28 12:10:31 | node_15 | INFO ] 🔬 Evaluating...
[ 2026-03-28 12:10:31 | node_16 | INFO ] 🤫 Gossip finished.
[ 2026-03-28 12:10:31 | node_16 | INFO ] 🔬 Evaluating...
[ 2026-03-28 12:10:31 | node_18 | INFO ] 🤫 Gossip finished.
[ 2026-03-28 12:10:31 | node_32 | INFO ] 🤫 Gossip finished.
[ 2026-03-28 12:10:31 | node_17 | INFO ] 🤫 Gossip finished.
[ 2026-03-28 12:10:31 | node_18 | INFO ] 🔬 Evaluating...
[ 2026-03-28 12:10:31 | node_32 | INFO ] 🔬 Evaluating...
[ 2026-03-28 12:10:31 | node_17 | INFO ] 🔬 Evaluating...
[ 2026-03-28 12:10:31 | node_33 | INFO ] 🤫 Gossip finished.
[ 2026-03-28 12:10:31 | node_33 | INFO ] 🔬 Evaluating...
[ 2026-03-28 12:10:31 | node_19 | INFO ] 🤫 Gossip finished.
[ 2026-03-28 12:10:31 | node_19 | INFO ] 🔬 Evaluating...
[ 2026-03-28 12:10:31 | node_44 | INFO ] 🤫 Gossip finished.
[ 2026-03-28 12:10:31 | node_34 | INFO ] 🤫 Gossip finished.
[ 2026-03-28 12:10:31 | node_20 | INFO ] 🤫 Gossip finished.
[ 2026-03-28 12:10:31 | node_44 | INFO ] 🔬 Evaluating...
[ 2026-03-28 12:10:31 | node_34 | INFO ] 🔬 Evaluating...
[ 2026-03-28 12:10:31 | node_20 | INFO ] 🔬 Evaluating...
[ 2026-03-28 12:10:31 | node_21 | INFO ] 🤫 Gossip finished.
[ 2026-03-28 12:10:31 | node_35 | INFO ] 🤫 Gossip finished.
[ 2026-03-28 12:10:31 | node_45 | INFO ] 🤫 Gossip finished.
[ 2026-03-28 12:10:31 | node_45 | INFO ] 🔬 Evaluating...
[ 2026-03-28 12:10:31 | node_35 | INFO ] 🔬 Evaluating...
[ 2026-03-28 12:10:31 | node_21 | INFO ] 🔬 Evaluating...
[ 2026-03-28 12:10:31 | node_46 | INFO ] 🤫 Gossip finished.
[ 2026-03-28 12:10:31 | node_46 | INFO ] 🔬 Evaluating...
[ 2026-03-28 12:10:31 | node_22 | INFO ] 🤫 Gossip finished.
[ 2026-03-28 12:10:31 | node | INFO ] 🗣️ Gossiping aggregated model.
[ 2026-03-28 12:10:31 | node_47 | INFO ] 🤫 Gossip finished.
[ 2026-03-28 12:10:31 | node_22 | INFO ] 🔬 Evaluating...
[ 2026-03-28 12:10:31 | node | INFO ] 🤫 Gossip finished.
[ 2026-03-28 12:10:31 | node_47 | INFO ] 🔬 Evaluating...
[ 2026-03-28 12:10:31 | node | INFO ] 🔬 Evaluating...
[ 2026-03-28 12:10:31 | node_23 | INFO ] 🤫 Gossip finished.
[ 2026-03-28 12:10:31 | node_23 | INFO ] 🔬 Evaluating...
[ 2026-03-28 12:10:31 | node_36 | INFO ] 🤫 Gossip finished.
[ 2026-03-28 12:10:32 | node_24 | INFO ] 🤫 Gossip finished.
[ 2026-03-28 12:10:32 | node_36 | INFO ] 🔬 Evaluating...
[ 2026-03-28 12:10:32 | node_9 | INFO ] 🤫 Gossip finished.
[ 2026-03-28 12:10:32 | node_24 | INFO ] 🔬 Evaluating...
[ 2026-03-28 12:10:32 | node_48 | INFO ] 🤫 Gossip finished.
[ 2026-03-28 12:10:32 | node_37 | INFO ] 🤫 Gossip finished.
[ 2026-03-28 12:10:32 | node_25 | INFO ] 🤫 Gossip finished.
[ 2026-03-28 12:10:32 | node_49 | INFO ] 🤫 Gossip finished.
[ 2026-03-28 12:10:32 | node_25 | INFO ] 🔬 Evaluating...
[ 2026-03-28 12:10:32 | node_9 | INFO ] 🔬 Evaluating...
[ 2026-03-28 12:10:32 | node_2 | INFO ] 🤫 Gossip finished.
[ 2026-03-28 12:10:32 | node_1 | INFO ] 🤫 Gossip finished.
[ 2026-03-28 12:10:32 | node_10 | INFO ] 🤫 Gossip finished.
[ 2026-03-28 12:10:32 | node_37 | INFO ] 🔬 Evaluating...
[ 2026-03-28 12:10:32 | node_3 | INFO ] 🤫 Gossip finished.
[ 2026-03-28 12:10:32 | node_38 | INFO ] 🤫 Gossip finished.
[ 2026-03-28 12:10:32 | node_4 | INFO ] 🤫 Gossip finished.
[ 2026-03-28 12:10:32 | node_26 | INFO ] 🤫 Gossip finished.
[ 2026-03-28 12:10:32 | node_1 | INFO ] 🔬 Evaluating...
[ 2026-03-28 12:10:32 | node_49 | INFO ] 🔬 Evaluating...
[ 2026-03-28 12:10:32 | node_2 | INFO ] 🔬 Evaluating...
[ 2026-03-28 12:10:32 | node_5 | INFO ] 🤫 Gossip finished.
[ 2026-03-28 12:10:32 | node_48 | INFO ] 🔬 Evaluating...
[ 2026-03-28 12:10:32 | node_6 | INFO ] 🤫 Gossip finished.
[ 2026-03-28 12:10:32 | node_10 | INFO ] 🔬 Evaluating...
[ 2026-03-28 12:10:32 | node_11 | INFO ] 🤫 Gossip finished.
[ 2026-03-28 12:10:32 | node_27 | INFO ] 🤫 Gossip finished.
[ 2026-03-28 12:10:32 | node_39 | INFO ] 🤫 Gossip finished.
[ 2026-03-28 12:10:32 | node_4 | INFO ] 🔬 Evaluating...
[ 2026-03-28 12:10:32 | node_3 | INFO ] 🔬 Evaluating...
[ 2026-03-28 12:10:32 | node_26 | INFO ] 🔬 Evaluating...
[ 2026-03-28 12:10:32 | node_38 | INFO ] 🔬 Evaluating...
[ 2026-03-28 12:10:32 | node_12 | INFO ] 🤫 Gossip finished.
[ 2026-03-28 12:10:32 | node_5 | INFO ] 🔬 Evaluating...
[ 2026-03-28 12:10:32 | node_7 | INFO ] 🤫 Gossip finished.
[ 2026-03-28 12:10:32 | node_40 | INFO ] 🤫 Gossip finished.
[ 2026-03-28 12:10:32 | node_28 | INFO ] 🤫 Gossip finished.
[ 2026-03-28 12:10:32 | node_6 | INFO ] 🔬 Evaluating...
[ 2026-03-28 12:10:32 | node_11 | INFO ] 🔬 Evaluating...
[ 2026-03-28 12:10:32 | node_39 | INFO ] 🔬 Evaluating...
[ 2026-03-28 12:10:32 | node_7 | INFO ] 🔬 Evaluating...
[ 2026-03-28 12:10:32 | node_12 | INFO ] 🔬 Evaluating...
[ 2026-03-28 12:10:32 | node_27 | INFO ] 🔬 Evaluating...
[ 2026-03-28 12:10:32 | node_40 | INFO ] 🔬 Evaluating...
[ 2026-03-28 12:10:32 | node_29 | INFO ] 🤫 Gossip finished.
[ 2026-03-28 12:10:32 | node_41 | INFO ] 🤫 Gossip finished.
[ 2026-03-28 12:10:32 | node_30 | INFO ] 🤫 Gossip finished.
[ 2026-03-28 12:10:32 | node_31 | INFO ] 🤫 Gossip finished.
[ 2026-03-28 12:10:32 | node_29 | INFO ] 🔬 Evaluating...
[ 2026-03-28 12:10:32 | node_41 | INFO ] 🔬 Evaluating...
[ 2026-03-28 12:10:32 | node_28 | INFO ] 🔬 Evaluating...
[ 2026-03-28 12:10:32 | node_30 | INFO ] 🔬 Evaluating...
[ 2026-03-28 12:10:32 | node_42 | INFO ] 🤫 Gossip finished.
[ 2026-03-28 12:10:32 | node_31 | INFO ] 🔬 Evaluating...
[ 2026-03-28 12:10:32 | node_42 | INFO ] 🔬 Evaluating...
[ 2026-03-28 12:10:32 | node_43 | INFO ] 🤫 Gossip finished.
[ 2026-03-28 12:10:32 | node_43 | INFO ] 🔬 Evaluating...
[ 2026-03-28 12:10:35 | node_15 | INFO ] 📈 Evaluated. Results: {'test_loss': 0.003512489842250943, 'test_accuracy': 0.9924426674842834, 'test_precision': 0.23463594913482666, 'test_recall': 0.5975505113601685, 'test_f1': 0.3254100978374481, 'communication_cost': 182472}
[ 2026-03-28 12:10:35 | node_15 | INFO ] 📢 Broadcasting metrics.
[ 2026-03-28 12:10:35 | node_15 | INFO ] 🎉 Round 142 of 150 finished.
[ 2026-03-28 12:10:35 | node_15 | INFO ] 🗳️ [DETERMINISTIC] Train set assigned (No Voting). Size: 50
[ 2026-03-28 12:10:35 | node_15 | INFO ] 🏋️‍♀️ Preparing training...
[ 2026-03-28 12:10:35 | node_43 | INFO ] 📈 Evaluated. Results: {'test_loss': 0.004381914623081684, 'test_accuracy': 0.9952312111854553, 'test_precision': 0.33218076825141907, 'test_recall': 0.4438965916633606, 'test_f1': 0.3709345757961273, 'communication_cost': 182472}
[ 2026-03-28 12:10:35 | node_43 | INFO ] 📢 Broadcasting metrics.
[ 2026-03-28 12:10:35 | node_43 | INFO ] 🎉 Round 142 of 150 finished.
[ 2026-03-28 12:10:35 | node_43 | INFO ] 🗳️ [DETERMINISTIC] Train set assigned (No Voting). Size: 50
[ 2026-03-28 12:10:35 | node_43 | INFO ] 🏋️‍♀️ Preparing training...
[ 2026-03-28 12:10:35 | node_45 | INFO ] 📈 Evaluated. Results: {'test_loss': 0.004854644648730755, 'test_accuracy': 0.9931617975234985, 'test_precision': 0.23838375508785248, 'test_recall': 0.3904813230037689, 'test_f1': 0.2848455011844635, 'communication_cost': 182472}
[ 2026-03-28 12:10:35 | node_45 | INFO ] 📢 Broadcasting metrics.
[ 2026-03-28 12:10:35 | node_45 | INFO ] 🎉 Round 142 of 150 finished.
[ 2026-03-28 12:10:35 | node_45 | INFO ] 🗳️ [DETERMINISTIC] Train set assigned (No Voting). Size: 50
[ 2026-03-28 12:10:35 | node_5 | INFO ] 📈 Evaluated. Results: {'test_loss': 0.00711732916533947, 'test_accuracy': 0.9909131526947021, 'test_precision': 0.22603265941143036, 'test_recall': 0.42183831334114075, 'test_f1': 0.282757967710495, 'communication_cost': 182472}
[ 2026-03-28 12:10:35 | node_45 | INFO ] 🏋️‍♀️ Preparing training...
[ 2026-03-28 12:10:35 | node_5 | INFO ] 📢 Broadcasting metrics.
[ 2026-03-28 12:10:36 | node_8 | INFO ] 📈 Evaluated. Results: {'test_loss': 0.003992567304521799, 'test_accuracy': 0.9929824471473694, 'test_precision': 0.2900742292404175, 'test_recall': 0.5737873911857605, 'test_f1': 0.3822822570800781, 'communication_cost': 182472}
[ 2026-03-28 12:10:36 | node_8 | INFO ] 📢 Broadcasting metrics.
[ 2026-03-28 12:10:36 | node_5 | INFO ] 🎉 Round 142 of 150 finished.
[ 2026-03-28 12:10:36 | node_5 | INFO ] 🗳️ [DETERMINISTIC] Train set assigned (No Voting). Size: 50
[ 2026-03-28 12:10:36 | node_8 | INFO ] 🎉 Round 142 of 150 finished.
[ 2026-03-28 12:10:36 | node_5 | INFO ] 🏋️‍♀️ Preparing training...
[ 2026-03-28 12:10:36 | node_8 | INFO ] 🗳️ [DETERMINISTIC] Train set assigned (No Voting). Size: 50
[ 2026-03-28 12:10:36 | node_8 | INFO ] 🏋️‍♀️ Preparing training...
[ 2026-03-28 12:10:36 | node_16 | INFO ] 📈 Evaluated. Results: {'test_loss': 0.004647751804441214, 'test_accuracy': 0.9937921762466431, 'test_precision': 0.3541847765445709, 'test_recall': 0.5534811615943909, 'test_f1': 0.41498133540153503, 'communication_cost': 182472}
[ 2026-03-28 12:10:36 | node_16 | INFO ] 📢 Broadcasting metrics.
[ 2026-03-28 12:10:36 | node_14 | INFO ] 📈 Evaluated. Results: {'test_loss': 0.003003354649990797, 'test_accuracy': 0.9938821196556091, 'test_precision': 0.28573235869407654, 'test_recall': 0.651053249835968, 'test_f1': 0.35912245512008667, 'communication_cost': 182472}
[ 2026-03-28 12:10:36 | node_14 | INFO ] 📢 Broadcasting metrics.
[ 2026-03-28 12:10:36 | node_17 | INFO ] 📈 Evaluated. Results: {'test_loss': 0.004386453423649073, 'test_accuracy': 0.991273045539856, 'test_precision': 0.24916227161884308, 'test_recall': 0.5508489608764648, 'test_f1': 0.34065523743629456, 'communication_cost': 182472}
[ 2026-03-28 12:10:36 | node_17 | INFO ] 📢 Broadcasting metrics.
[ 2026-03-28 12:10:36 | node_16 | INFO ] 🎉 Round 142 of 150 finished.
[ 2026-03-28 12:10:36 | node_16 | INFO ] 🗳️ [DETERMINISTIC] Train set assigned (No Voting). Size: 50
[ 2026-03-28 12:10:36 | node_13 | INFO ] 📈 Evaluated. Results: {'test_loss': 0.005208048969507217, 'test_accuracy': 0.9947818517684937, 'test_precision': 0.39174920320510864, 'test_recall': 0.5319197773933411, 'test_f1': 0.432511568069458, 'communication_cost': 182472}
[ 2026-03-28 12:10:36 | node_36 | INFO ] 📈 Evaluated. Results: {'test_loss': 0.004552082624286413, 'test_accuracy': 0.9919920563697815, 'test_precision': 0.23103079199790955, 'test_recall': 0.5393197536468506, 'test_f1': 0.3104192018508911, 'communication_cost': 182472}
[ 2026-03-28 12:10:36 | node_13 | INFO ] 📢 Broadcasting metrics.
[ 2026-03-28 12:10:36 | node_14 | INFO ] 🎉 Round 142 of 150 finished.
[ 2026-03-28 12:10:36 | node_16 | INFO ] 🏋️‍♀️ Preparing training...
[ 2026-03-28 12:10:36 | node_36 | INFO ] 📢 Broadcasting metrics.
[ 2026-03-28 12:10:36 | node_17 | INFO ] 🎉 Round 142 of 150 finished.
[ 2026-03-28 12:10:36 | node_14 | INFO ] 🗳️ [DETERMINISTIC] Train set assigned (No Voting). Size: 50
[ 2026-03-28 12:10:36 | node_17 | INFO ] 🗳️ [DETERMINISTIC] Train set assigned (No Voting). Size: 50
[ 2026-03-28 12:10:36 | node_14 | INFO ] 🏋️‍♀️ Preparing training...
[ 2026-03-28 12:10:37 | node_17 | INFO ] 🏋️‍♀️ Preparing training...
[ 2026-03-28 12:10:37 | node_47 | INFO ] 📈 Evaluated. Results: {'test_loss': 0.0039274441078305244, 'test_accuracy': 0.9936116337776184, 'test_precision': 0.3282376825809479, 'test_recall': 0.501784086227417, 'test_f1': 0.37330684065818787, 'communication_cost': 182472}
[ 2026-03-28 12:10:37 | node_47 | INFO ] 📢 Broadcasting metrics.
[ 2026-03-28 12:10:37 | node_13 | INFO ] 🎉 Round 142 of 150 finished.
[ 2026-03-28 12:10:37 | node_36 | INFO ] 🎉 Round 142 of 150 finished.
[ 2026-03-28 12:10:37 | node_19 | INFO ] 📈 Evaluated. Results: {'test_loss': 0.0024023365695029497, 'test_accuracy': 0.9940615296363831, 'test_precision': 0.23150192201137543, 'test_recall': 0.5700318217277527, 'test_f1': 0.3221622407436371, 'communication_cost': 182472}
[ 2026-03-28 12:10:37 | node_13 | INFO ] 🗳️ [DETERMINISTIC] Train set assigned (No Voting). Size: 50
[ 2026-03-28 12:10:37 | node_36 | INFO ] 🗳️ [DETERMINISTIC] Train set assigned (No Voting). Size: 50
[ 2026-03-28 12:10:37 | node_34 | INFO ] 📈 Evaluated. Results: {'test_loss': 0.00539603503420949, 'test_accuracy': 0.9935216903686523, 'test_precision': 0.2559598386287689, 'test_recall': 0.5465789437294006, 'test_f1': 0.32814404368400574, 'communication_cost': 182472}
[ 2026-03-28 12:10:37 | node_19 | INFO ] 📢 Broadcasting metrics.
[ 2026-03-28 12:10:37 | node_34 | INFO ] 📢 Broadcasting metrics.
[ 2026-03-28 12:10:37 | node_13 | INFO ] 🏋️‍♀️ Preparing training...
[ 2026-03-28 12:10:37 | node_36 | INFO ] 🏋️‍♀️ Preparing training...
[ 2026-03-28 12:10:37 | node_33 | INFO ] 📈 Evaluated. Results: {'test_loss': 0.004938245285302401, 'test_accuracy': 0.99424147605896, 'test_precision': 0.3686679005622864, 'test_recall': 0.5057543516159058, 'test_f1': 0.40549957752227783, 'communication_cost': 182472}
[ 2026-03-28 12:10:37 | node_33 | INFO ] 📢 Broadcasting metrics.
[ 2026-03-28 12:10:37 | node_47 | INFO ] 🎉 Round 142 of 150 finished.
[ 2026-03-28 12:10:37 | node_47 | INFO ] 🗳️ [DETERMINISTIC] Train set assigned (No Voting). Size: 50
[ 2026-03-28 12:10:37 | node_26 | INFO ] 📈 Evaluated. Results: {'test_loss': 0.004095528740435839, 'test_accuracy': 0.9918121099472046, 'test_precision': 0.18681015074253082, 'test_recall': 0.4939497709274292, 'test_f1': 0.26337742805480957, 'communication_cost': 182472}
[ 2026-03-28 12:10:37 | node_19 | INFO ] 🎉 Round 142 of 150 finished.
[ 2026-03-28 12:10:37 | node_26 | INFO ] 📢 Broadcasting metrics.
[ 2026-03-28 12:10:37 | node_34 | INFO ] 🎉 Round 142 of 150 finished.
[ 2026-03-28 12:10:37 | node_47 | INFO ] 🏋️‍♀️ Preparing training...
[ 2026-03-28 12:10:37 | node_19 | INFO ] 🗳️ [DETERMINISTIC] Train set assigned (No Voting). Size: 50
[ 2026-03-28 12:10:37 | node_34 | INFO ] 🗳️ [DETERMINISTIC] Train set assigned (No Voting). Size: 50
[ 2026-03-28 12:10:37 | node_33 | INFO ] 🎉 Round 142 of 150 finished.
[ 2026-03-28 12:10:37 | node_19 | INFO ] 🏋️‍♀️ Preparing training...
[ 2026-03-28 12:10:37 | node_39 | INFO ] 📈 Evaluated. Results: {'test_loss': 0.005173984915018082, 'test_accuracy': 0.99424147605896, 'test_precision': 0.3715461790561676, 'test_recall': 0.5549264550209045, 'test_f1': 0.4370585083961487, 'communication_cost': 182472}
[ 2026-03-28 12:10:37 | node_37 | INFO ] 📈 Evaluated. Results: {'test_loss': 0.005796379409730434, 'test_accuracy': 0.9944214224815369, 'test_precision': 0.3201238811016083, 'test_recall': 0.38812050223350525, 'test_f1': 0.33719709515571594, 'communication_cost': 182472}
[ 2026-03-28 12:10:37 | node_34 | INFO ] 🏋️‍♀️ Preparing training...
[ 2026-03-28 12:10:37 | node_39 | INFO ] 📢 Broadcasting metrics.
[ 2026-03-28 12:10:37 | node_33 | INFO ] 🗳️ [DETERMINISTIC] Train set assigned (No Voting). Size: 50
[ 2026-03-28 12:10:37 | node_37 | INFO ] 📢 Broadcasting metrics.
[ 2026-03-28 12:10:37 | node_18 | INFO ] 📈 Evaluated. Results: {'test_loss': 0.004482179414480925, 'test_accuracy': 0.9944219589233398, 'test_precision': 0.36106473207473755, 'test_recall': 0.6275805234909058, 'test_f1': 0.4374847710132599, 'communication_cost': 182472}
[ 2026-03-28 12:10:37 | node_26 | INFO ] 🎉 Round 142 of 150 finished.
[ 2026-03-28 12:10:37 | node_33 | INFO ] 🏋️‍♀️ Preparing training...
[ 2026-03-28 12:10:37 | node_18 | INFO ] 📢 Broadcasting metrics.
[ 2026-03-28 12:10:37 | node_4 | INFO ] 📈 Evaluated. Results: {'test_loss': 0.0035997291561216116, 'test_accuracy': 0.9924426674842834, 'test_precision': 0.2692020833492279, 'test_recall': 0.5602607131004333, 'test_f1': 0.35970011353492737, 'communication_cost': 182472}
[ 2026-03-28 12:10:37 | node_4 | INFO ] 📢 Broadcasting metrics.
[ 2026-03-28 12:10:37 | node_26 | INFO ] 🗳️ [DETERMINISTIC] Train set assigned (No Voting). Size: 50
[ 2026-03-28 12:10:37 | node_26 | INFO ] 🏋️‍♀️ Preparing training...
[ 2026-03-28 12:10:37 | node_39 | INFO ] 🎉 Round 142 of 150 finished.
[ 2026-03-28 12:10:37 | node_39 | INFO ] 🗳️ [DETERMINISTIC] Train set assigned (No Voting). Size: 50
[ 2026-03-28 12:10:37 | node_37 | INFO ] 🎉 Round 142 of 150 finished.
[ 2026-03-28 12:10:37 | node_18 | INFO ] 🎉 Round 142 of 150 finished.
[ 2026-03-28 12:10:37 | node_37 | INFO ] 🗳️ [DETERMINISTIC] Train set assigned (No Voting). Size: 50
[ 2026-03-28 12:10:37 | node_39 | INFO ] 🏋️‍♀️ Preparing training...
[ 2026-03-28 12:10:37 | node_18 | INFO ] 🗳️ [DETERMINISTIC] Train set assigned (No Voting). Size: 50
[ 2026-03-28 12:10:37 | node_37 | INFO ] 🏋️‍♀️ Preparing training...
[ 2026-03-28 12:10:37 | node_4 | INFO ] 🎉 Round 142 of 150 finished.
[ 2026-03-28 12:10:37 | node_18 | INFO ] 🏋️‍♀️ Preparing training...
[ 2026-03-28 12:10:37 | node_4 | INFO ] 🗳️ [DETERMINISTIC] Train set assigned (No Voting). Size: 50
[ 2026-03-28 12:10:37 | node_11 | INFO ] 📈 Evaluated. Results: {'test_loss': 0.005865960381925106, 'test_accuracy': 0.9941520690917969, 'test_precision': 0.37593215703964233, 'test_recall': 0.4915691316127777, 'test_f1': 0.41771066188812256, 'communication_cost': 182472}
[ 2026-03-28 12:10:37 | node_4 | INFO ] 🏋️‍♀️ Preparing training...
[ 2026-03-28 12:10:37 | node_11 | INFO ] 📢 Broadcasting metrics.
[ 2026-03-28 12:10:38 | node_23 | INFO ] 📈 Evaluated. Results: {'test_loss': 0.004599895793944597, 'test_accuracy': 0.9928018450737, 'test_precision': 0.33841291069984436, 'test_recall': 0.5727253556251526, 'test_f1': 0.40445688366889954, 'communication_cost': 182472}
[ 2026-03-28 12:10:38 | node_23 | INFO ] 📢 Broadcasting metrics.
[ 2026-03-28 12:10:38 | node_11 | INFO ] 🎉 Round 142 of 150 finished.
[ 2026-03-28 12:10:38 | node_11 | INFO ] 🗳️ [DETERMINISTIC] Train set assigned (No Voting). Size: 50
[ 2026-03-28 12:10:38 | node_23 | INFO ] 🎉 Round 142 of 150 finished.
[ 2026-03-28 12:10:38 | node_11 | INFO ] 🏋️‍♀️ Preparing training...
[ 2026-03-28 12:10:38 | node_23 | INFO ] 🗳️ [DETERMINISTIC] Train set assigned (No Voting). Size: 50
[ 2026-03-28 12:10:38 | node_23 | INFO ] 🏋️‍♀️ Preparing training...
[ 2026-03-28 12:10:38 | node | INFO ] 📈 Evaluated. Results: {'test_loss': 0.004397823475301266, 'test_accuracy': 0.99397212266922, 'test_precision': 0.3433038592338562, 'test_recall': 0.5482981204986572, 'test_f1': 0.41544902324676514, 'communication_cost': 8941128}
[ 2026-03-28 12:10:38 | node | INFO ] 📢 Broadcasting metrics.
[ 2026-03-28 12:10:38 | node_20 | INFO ] 📈 Evaluated. Results: {'test_loss': 0.0036407180596143007, 'test_accuracy': 0.9937916398048401, 'test_precision': 0.32535189390182495, 'test_recall': 0.649929940700531, 'test_f1': 0.42760565876960754, 'communication_cost': 182472}
[ 2026-03-28 12:10:38 | node_20 | INFO ] 📢 Broadcasting metrics.
[ 2026-03-28 12:10:38 | node_48 | INFO ] 📈 Evaluated. Results: {'test_loss': 0.004755225032567978, 'test_accuracy': 0.9946014285087585, 'test_precision': 0.4075500965118408, 'test_recall': 0.5958235859870911, 'test_f1': 0.47313588857650757, 'communication_cost': 182472}
[ 2026-03-28 12:10:38 | node_30 | INFO ] 📈 Evaluated. Results: {'test_loss': 0.0044104778207838535, 'test_accuracy': 0.9941515326499939, 'test_precision': 0.2617338299751282, 'test_recall': 0.40049588680267334, 'test_f1': 0.303573340177536, 'communication_cost': 182472}
[ 2026-03-28 12:10:38 | node_48 | INFO ] 📢 Broadcasting metrics.
[ 2026-03-28 12:10:38 | node_30 | INFO ] 📢 Broadcasting metrics.
[ 2026-03-28 12:10:38 | node_20 | INFO ] 🎉 Round 142 of 150 finished.
[ 2026-03-28 12:10:38 | node_20 | INFO ] 🗳️ [DETERMINISTIC] Train set assigned (No Voting). Size: 50
[ 2026-03-28 12:10:38 | node_20 | INFO ] 🏋️‍♀️ Preparing training...
[ 2026-03-28 12:10:38 | node_48 | INFO ] 🎉 Round 142 of 150 finished.
[ 2026-03-28 12:10:38 | node_49 | INFO ] 📈 Evaluated. Results: {'test_loss': 0.00507659837603569, 'test_accuracy': 0.995411217212677, 'test_precision': 0.533316433429718, 'test_recall': 0.538080096244812, 'test_f1': 0.5190975069999695, 'communication_cost': 182472}
[ 2026-03-28 12:10:38 | node_48 | INFO ] 🗳️ [DETERMINISTIC] Train set assigned (No Voting). Size: 50
[ 2026-03-28 12:10:38 | node_30 | INFO ] 🎉 Round 142 of 150 finished.
[ 2026-03-28 12:10:38 | node_49 | INFO ] 📢 Broadcasting metrics.
[ 2026-03-28 12:10:38 | node_30 | INFO ] 🗳️ [DETERMINISTIC] Train set assigned (No Voting). Size: 50
[ 2026-03-28 12:10:38 | node_21 | INFO ] 📈 Evaluated. Results: {'test_loss': 0.00607187720015645, 'test_accuracy': 0.9924419522285461, 'test_precision': 0.22529032826423645, 'test_recall': 0.44168058037757874, 'test_f1': 0.28568458557128906, 'communication_cost': 182472}
[ 2026-03-28 12:10:38 | node_48 | INFO ] 🏋️‍♀️ Preparing training...
[ 2026-03-28 12:10:38 | node_12 | INFO ] 📈 Evaluated. Results: {'test_loss': 0.0037831959780305624, 'test_accuracy': 0.9948717951774597, 'test_precision': 0.4014475345611572, 'test_recall': 0.6521328687667847, 'test_f1': 0.4744952917098999, 'communication_cost': 182472}
[ 2026-03-28 12:10:38 | node_21 | INFO ] 📢 Broadcasting metrics.
[ 2026-03-28 12:10:38 | node_12 | INFO ] 📢 Broadcasting metrics.
[ 2026-03-28 12:10:38 | node_30 | INFO ] 🏋️‍♀️ Preparing training...
[ 2026-03-28 12:10:38 | node_32 | INFO ] 📈 Evaluated. Results: {'test_loss': 0.005141519941389561, 'test_accuracy': 0.992531955242157, 'test_precision': 0.3234638571739197, 'test_recall': 0.5779582858085632, 'test_f1': 0.3999043107032776, 'communication_cost': 182472}
[ 2026-03-28 12:10:38 | node_6 | INFO ] 📈 Evaluated. Results: {'test_loss': 0.003671978134661913, 'test_accuracy': 0.993702232837677, 'test_precision': 0.2147088646888733, 'test_recall': 0.47906431555747986, 'test_f1': 0.29515132308006287, 'communication_cost': 182472}
[ 2026-03-28 12:10:38 | node_32 | INFO ] 📢 Broadcasting metrics.
[ 2026-03-28 12:10:38 | node_6 | INFO ] 📢 Broadcasting metrics.
[ 2026-03-28 12:10:38 | node_38 | INFO ] 📈 Evaluated. Results: {'test_loss': 0.0031051412224769592, 'test_accuracy': 0.9927119016647339, 'test_precision': 0.23549868166446686, 'test_recall': 0.5328221917152405, 'test_f1': 0.3123360276222229, 'communication_cost': 182472}
[ 2026-03-28 12:10:38 | node_38 | INFO ] 📢 Broadcasting metrics.
[ 2026-03-28 12:10:38 | node_49 | INFO ] 🎉 Round 142 of 150 finished.
[ 2026-03-28 12:10:38 | node_10 | INFO ] 📈 Evaluated. Results: {'test_loss': 0.0038076092023402452, 'test_accuracy': 0.9930724501609802, 'test_precision': 0.25412848591804504, 'test_recall': 0.5398730635643005, 'test_f1': 0.3342563807964325, 'communication_cost': 182472}
[ 2026-03-28 12:10:38 | node_40 | INFO ] 📈 Evaluated. Results: {'test_loss': 0.0046668038703501225, 'test_accuracy': 0.9922620058059692, 'test_precision': 0.22383707761764526, 'test_recall': 0.4111383557319641, 'test_f1': 0.28704074025154114, 'communication_cost': 182472}
[ 2026-03-28 12:10:38 | node_1 | INFO ] 📈 Evaluated. Results: {'test_loss': 0.00460083968937397, 'test_accuracy': 0.9930724501609802, 'test_precision': 0.20722761750221252, 'test_recall': 0.367414265871048, 'test_f1': 0.256771057844162, 'communication_cost': 182472}
[ 2026-03-28 12:10:38 | node_10 | INFO ] 📢 Broadcasting metrics.
[ 2026-03-28 12:10:38 | node_49 | INFO ] 🗳️ [DETERMINISTIC] Train set assigned (No Voting). Size: 50
[ 2026-03-28 12:10:38 | node_40 | INFO ] 📢 Broadcasting metrics.
[ 2026-03-28 12:10:38 | node_21 | INFO ] 🎉 Round 142 of 150 finished.
[ 2026-03-28 12:10:38 | node_1 | INFO ] 📢 Broadcasting metrics.
[ 2026-03-28 12:10:38 | node_12 | INFO ] 🎉 Round 142 of 150 finished.
[ 2026-03-28 12:10:38 | node_44 | INFO ] 📈 Evaluated. Results: {'test_loss': 0.005302602890878916, 'test_accuracy': 0.9919920563697815, 'test_precision': 0.27198326587677, 'test_recall': 0.5278204083442688, 'test_f1': 0.3518400192260742, 'communication_cost': 182472}
[ 2026-03-28 12:10:38 | node_21 | INFO ] 🗳️ [DETERMINISTIC] Train set assigned (No Voting). Size: 50
[ 2026-03-28 12:10:38 | node_12 | INFO ] 🗳️ [DETERMINISTIC] Train set assigned (No Voting). Size: 50
[ 2026-03-28 12:10:38 | node_49 | INFO ] 🏋️‍♀️ Preparing training...
[ 2026-03-28 12:10:38 | node_41 | INFO ] 📈 Evaluated. Results: {'test_loss': 0.004944521002471447, 'test_accuracy': 0.9928918480873108, 'test_precision': 0.281610906124115, 'test_recall': 0.506271243095398, 'test_f1': 0.36100029945373535, 'communication_cost': 182472}
[ 2026-03-28 12:10:38 | node_32 | INFO ] 🎉 Round 142 of 150 finished.
[ 2026-03-28 12:10:38 | node_6 | INFO ] 🎉 Round 142 of 150 finished.
[ 2026-03-28 12:10:38 | node_29 | INFO ] 📈 Evaluated. Results: {'test_loss': 0.004824268631637096, 'test_accuracy': 0.992621898651123, 'test_precision': 0.25974956154823303, 'test_recall': 0.5571885704994202, 'test_f1': 0.3445814251899719, 'communication_cost': 182472}
[ 2026-03-28 12:10:39 | node_44 | INFO ] 📢 Broadcasting metrics.
[ 2026-03-28 12:10:39 | node_41 | INFO ] 📢 Broadcasting metrics.
[ 2026-03-28 12:10:39 | node_29 | INFO ] 📢 Broadcasting metrics.
[ 2026-03-28 12:10:39 | node_32 | INFO ] 🗳️ [DETERMINISTIC] Train set assigned (No Voting). Size: 50
[ 2026-03-28 12:10:39 | node_6 | INFO ] 🗳️ [DETERMINISTIC] Train set assigned (No Voting). Size: 50
[ 2026-03-28 12:10:39 | node_21 | INFO ] 🏋️‍♀️ Preparing training...
[ 2026-03-28 12:10:39 | node_12 | INFO ] 🏋️‍♀️ Preparing training...
[ 2026-03-28 12:10:39 | node_38 | INFO ] 🎉 Round 142 of 150 finished.
[ 2026-03-28 12:10:39 | node_6 | INFO ] 🏋️‍♀️ Preparing training...
[ 2026-03-28 12:10:39 | node_32 | INFO ] 🏋️‍♀️ Preparing training...
[ 2026-03-28 12:10:39 | node_7 | INFO ] 📈 Evaluated. Results: {'test_loss': 0.005336223170161247, 'test_accuracy': 0.9938821196556091, 'test_precision': 0.37083008885383606, 'test_recall': 0.56144779920578, 'test_f1': 0.4403371810913086, 'communication_cost': 182472}
[ 2026-03-28 12:10:39 | node_38 | INFO ] 🗳️ [DETERMINISTIC] Train set assigned (No Voting). Size: 50
[ 2026-03-28 12:10:39 | node_7 | INFO ] 📢 Broadcasting metrics.
[ 2026-03-28 12:10:39 | node_10 | INFO ] 🎉 Round 142 of 150 finished.
[ 2026-03-28 12:10:39 | node_40 | INFO ] 🎉 Round 142 of 150 finished.
[ 2026-03-28 12:10:39 | node_1 | INFO ] 🎉 Round 142 of 150 finished.
[ 2026-03-28 12:10:39 | node_40 | INFO ] 🗳️ [DETERMINISTIC] Train set assigned (No Voting). Size: 50
[ 2026-03-28 12:10:39 | node_24 | INFO ] 📈 Evaluated. Results: {'test_loss': 0.0037197533529251814, 'test_accuracy': 0.9955011606216431, 'test_precision': 0.3483520448207855, 'test_recall': 0.482077419757843, 'test_f1': 0.3996810019016266, 'communication_cost': 182472}
[ 2026-03-28 12:10:39 | node_10 | INFO ] 🗳️ [DETERMINISTIC] Train set assigned (No Voting). Size: 50
[ 2026-03-28 12:10:39 | node_38 | INFO ] 🏋️‍♀️ Preparing training...
[ 2026-03-28 12:10:39 | node_35 | INFO ] 📈 Evaluated. Results: {'test_loss': 0.003933614119887352, 'test_accuracy': 0.9921720623970032, 'test_precision': 0.3367113173007965, 'test_recall': 0.6772195100784302, 'test_f1': 0.4465010464191437, 'communication_cost': 182472}
[ 2026-03-28 12:10:39 | node_22 | INFO ] 📈 Evaluated. Results: {'test_loss': 0.003605371806770563, 'test_accuracy': 0.9918121099472046, 'test_precision': 0.27697330713272095, 'test_recall': 0.6197769045829773, 'test_f1': 0.37451937794685364, 'communication_cost': 182472}
[ 2026-03-28 12:10:39 | node_1 | INFO ] 🗳️ [DETERMINISTIC] Train set assigned (No Voting). Size: 50
[ 2026-03-28 12:10:39 | node_24 | INFO ] 📢 Broadcasting metrics.
[ 2026-03-28 12:10:39 | node_35 | INFO ] 📢 Broadcasting metrics.
[ 2026-03-28 12:10:39 | node_44 | INFO ] 🎉 Round 142 of 150 finished.
[ 2026-03-28 12:10:39 | node_22 | INFO ] 📢 Broadcasting metrics.
[ 2026-03-28 12:10:39 | node_41 | INFO ] 🎉 Round 142 of 150 finished.
[ 2026-03-28 12:10:39 | node_29 | INFO ] 🎉 Round 142 of 150 finished.
[ 2026-03-28 12:10:39 | node_10 | INFO ] 🏋️‍♀️ Preparing training...
[ 2026-03-28 12:10:39 | node_40 | INFO ] 🏋️‍♀️ Preparing training...
[ 2026-03-28 12:10:39 | node_29 | INFO ] 🗳️ [DETERMINISTIC] Train set assigned (No Voting). Size: 50
[ 2026-03-28 12:10:39 | node_44 | INFO ] 🗳️ [DETERMINISTIC] Train set assigned (No Voting). Size: 50
[ 2026-03-28 12:10:39 | node_1 | INFO ] 🏋️‍♀️ Preparing training...
[ 2026-03-28 12:10:39 | node_41 | INFO ] 🗳️ [DETERMINISTIC] Train set assigned (No Voting). Size: 50
[ 2026-03-28 12:10:40 | node_44 | INFO ] 🏋️‍♀️ Preparing training...
[ 2026-03-28 12:10:40 | node_2 | INFO ] 📈 Evaluated. Results: {'test_loss': 0.0045850216411054134, 'test_accuracy': 0.9942420125007629, 'test_precision': 0.37721318006515503, 'test_recall': 0.5623890161514282, 'test_f1': 0.44187432527542114, 'communication_cost': 182472}
[ 2026-03-28 12:10:40 | node_29 | INFO ] 🏋️‍♀️ Preparing training...
[ 2026-03-28 12:10:40 | node_41 | INFO ] 🏋️‍♀️ Preparing training...
[ 2026-03-28 12:10:40 | node_7 | INFO ] 🎉 Round 142 of 150 finished.
[ 2026-03-28 12:10:40 | node_2 | INFO ] 📢 Broadcasting metrics.
[ 2026-03-28 12:10:40 | node_7 | INFO ] 🗳️ [DETERMINISTIC] Train set assigned (No Voting). Size: 50
[ 2026-03-28 12:10:40 | node_28 | INFO ] 📈 Evaluated. Results: {'test_loss': 0.005385238211601973, 'test_accuracy': 0.9919920563697815, 'test_precision': 0.27917179465293884, 'test_recall': 0.49292781949043274, 'test_f1': 0.3520549535751343, 'communication_cost': 182472}
[ 2026-03-28 12:10:40 | node_3 | INFO ] 📈 Evaluated. Results: {'test_loss': 0.005042626988142729, 'test_accuracy': 0.9918128848075867, 'test_precision': 0.2743321657180786, 'test_recall': 0.5552062392234802, 'test_f1': 0.35492178797721863, 'communication_cost': 182472}
[ 2026-03-28 12:10:40 | node_27 | INFO ] 📈 Evaluated. Results: {'test_loss': 0.003960499539971352, 'test_accuracy': 0.9934316873550415, 'test_precision': 0.3109736144542694, 'test_recall': 0.5776936411857605, 'test_f1': 0.4033525586128235, 'communication_cost': 182472}
[ 2026-03-28 12:10:40 | node_28 | INFO ] 📢 Broadcasting metrics.
[ 2026-03-28 12:10:40 | node_24 | INFO ] 🎉 Round 142 of 150 finished.
[ 2026-03-28 12:10:40 | node_3 | INFO ] 📢 Broadcasting metrics.
[ 2026-03-28 12:10:40 | node_27 | INFO ] 📢 Broadcasting metrics.
[ 2026-03-28 12:10:40 | node_35 | INFO ] 🎉 Round 142 of 150 finished.
[ 2026-03-28 12:10:40 | node_7 | INFO ] 🏋️‍♀️ Preparing training...
[ 2026-03-28 12:10:40 | node_24 | INFO ] 🗳️ [DETERMINISTIC] Train set assigned (No Voting). Size: 50
[ 2026-03-28 12:10:40 | node_22 | INFO ] 🎉 Round 142 of 150 finished.
[ 2026-03-28 12:10:40 | node_35 | INFO ] 🗳️ [DETERMINISTIC] Train set assigned (No Voting). Size: 50
[ 2026-03-28 12:10:40 | node_42 | INFO ] 📈 Evaluated. Results: {'test_loss': 0.004208738915622234, 'test_accuracy': 0.9937916398048401, 'test_precision': 0.3970142602920532, 'test_recall': 0.6448840498924255, 'test_f1': 0.4769193232059479, 'communication_cost': 182472}
[ 2026-03-28 12:10:40 | node_25 | INFO ] 📈 Evaluated. Results: {'test_loss': 0.004023312125355005, 'test_accuracy': 0.9945114254951477, 'test_precision': 0.3528937101364136, 'test_recall': 0.6065414547920227, 'test_f1': 0.44395244121551514, 'communication_cost': 182472}
[ 2026-03-28 12:10:40 | node_22 | INFO ] 🗳️ [DETERMINISTIC] Train set assigned (No Voting). Size: 50
[ 2026-03-28 12:10:40 | node_24 | INFO ] 🏋️‍♀️ Preparing training...
[ 2026-03-28 12:10:41 | node_31 | INFO ] 📈 Evaluated. Results: {'test_loss': 0.0030317918863147497, 'test_accuracy': 0.995411217212677, 'test_precision': 0.3923954367637634, 'test_recall': 0.617527425289154, 'test_f1': 0.475027859210968, 'communication_cost': 182472}
[ 2026-03-28 12:10:41 | node_42 | INFO ] 📢 Broadcasting metrics.
[ 2026-03-28 12:10:41 | node_25 | INFO ] 📢 Broadcasting metrics.
[ 2026-03-28 12:10:41 | node_35 | INFO ] 🏋️‍♀️ Preparing training...
[ 2026-03-28 12:10:41 | node_2 | INFO ] 🎉 Round 142 of 150 finished.
[ 2026-03-28 12:10:41 | node_31 | INFO ] 📢 Broadcasting metrics.
[ 2026-03-28 12:10:41 | node_46 | INFO ] 📈 Evaluated. Results: {'test_loss': 0.004048126749694347, 'test_accuracy': 0.9943314790725708, 'test_precision': 0.35236698389053345, 'test_recall': 0.6376978754997253, 'test_f1': 0.4478628635406494, 'communication_cost': 182472}
[ 2026-03-28 12:10:41 | node_22 | INFO ] 🏋️‍♀️ Preparing training...
[ 2026-03-28 12:10:41 | node_46 | INFO ] 📢 Broadcasting metrics.
[ 2026-03-28 12:10:41 | node_2 | INFO ] 🗳️ [DETERMINISTIC] Train set assigned (No Voting). Size: 50
[ 2026-03-28 12:10:41 | node_28 | INFO ] 🎉 Round 142 of 150 finished.
[ 2026-03-28 12:10:41 | node_27 | INFO ] 🎉 Round 142 of 150 finished.
[ 2026-03-28 12:10:41 | node_3 | INFO ] 🎉 Round 142 of 150 finished.
[ 2026-03-28 12:10:41 | node_28 | INFO ] 🗳️ [DETERMINISTIC] Train set assigned (No Voting). Size: 50
[ 2026-03-28 12:10:41 | node_2 | INFO ] 🏋️‍♀️ Preparing training...
[ 2026-03-28 12:10:41 | node_9 | INFO ] 📈 Evaluated. Results: {'test_loss': 0.005844459868967533, 'test_accuracy': 0.9917228817939758, 'test_precision': 0.2715575397014618, 'test_recall': 0.43907251954078674, 'test_f1': 0.3227875232696533, 'communication_cost': 182472}
[ 2026-03-28 12:10:41 | node_27 | INFO ] 🗳️ [DETERMINISTIC] Train set assigned (No Voting). Size: 50
[ 2026-03-28 12:10:41 | node_3 | INFO ] 🗳️ [DETERMINISTIC] Train set assigned (No Voting). Size: 50
[ 2026-03-28 12:10:41 | node_9 | INFO ] 📢 Broadcasting metrics.
[ 2026-03-28 12:10:41 | node_28 | INFO ] 🏋️‍♀️ Preparing training...
[ 2026-03-28 12:10:41 | node_42 | INFO ] 🎉 Round 142 of 150 finished.
[ 2026-03-28 12:10:41 | node_27 | INFO ] 🏋️‍♀️ Preparing training...
[ 2026-03-28 12:10:41 | node_3 | INFO ] 🏋️‍♀️ Preparing training...
[ 2026-03-28 12:10:41 | node_25 | INFO ] 🎉 Round 142 of 150 finished.
[ 2026-03-28 12:10:41 | node_31 | INFO ] 🎉 Round 142 of 150 finished.
[ 2026-03-28 12:10:41 | node_46 | INFO ] 🎉 Round 142 of 150 finished.
[ 2026-03-28 12:10:41 | node_42 | INFO ] 🗳️ [DETERMINISTIC] Train set assigned (No Voting). Size: 50
[ 2026-03-28 12:10:41 | node_25 | INFO ] 🗳️ [DETERMINISTIC] Train set assigned (No Voting). Size: 50
[ 2026-03-28 12:10:41 | node_31 | INFO ] 🗳️ [DETERMINISTIC] Train set assigned (No Voting). Size: 50
[ 2026-03-28 12:10:41 | node_46 | INFO ] 🗳️ [DETERMINISTIC] Train set assigned (No Voting). Size: 50
[ 2026-03-28 12:10:41 | node_25 | INFO ] 🏋️‍♀️ Preparing training...
[ 2026-03-28 12:10:41 | node_42 | INFO ] 🏋️‍♀️ Preparing training...
[ 2026-03-28 12:10:41 | node_31 | INFO ] 🏋️‍♀️ Preparing training...
[ 2026-03-28 12:10:41 | node_46 | INFO ] 🏋️‍♀️ Preparing training...
[ 2026-03-28 12:10:41 | node_9 | INFO ] 🎉 Round 142 of 150 finished.
[ 2026-03-28 12:10:41 | node_9 | INFO ] 🗳️ [DETERMINISTIC] Train set assigned (No Voting). Size: 50
[ 2026-03-28 12:10:41 | node_9 | INFO ] 🏋️‍♀️ Preparing training...
[ 2026-03-28 12:10:46 | node | INFO ] 🎉 Round 142 of 150 finished.
[ 2026-03-28 12:10:46 | node | INFO ] 🗳️ [DETERMINISTIC] Train set assigned (No Voting). Size: 50
[ 2026-03-28 12:10:46 | node | INFO ] 🏋️‍♀️ Preparing training...
[ 2026-03-28 12:10:48 | node_29 | INFO ] 🎓 Training step done.
[ 2026-03-28 12:10:48 | node_29 | INFO ] 🛠️ Calling force_add_local_model...
[ 2026-03-28 12:10:48 | node_29 | INFO ] ✅ [FORCE] Local model added for round 142. (1/2)
[ 2026-03-28 12:10:49 | node_13 | INFO ] 🎓 Training step done.
[ 2026-03-28 12:10:49 | node_13 | INFO ] 🛠️ Calling force_add_local_model...
[ 2026-03-28 12:10:49 | node_13 | INFO ] ✅ [FORCE] Local model added for round 142. (1/2)
[ 2026-03-28 12:10:50 | node_11 | INFO ] 🎓 Training step done.
[ 2026-03-28 12:10:50 | node_11 | INFO ] 🛠️ Calling force_add_local_model...
[ 2026-03-28 12:10:50 | node_11 | INFO ] ✅ [FORCE] Local model added for round 142. (1/2)
[ 2026-03-28 12:10:50 | node_43 | INFO ] 🎓 Training step done.
[ 2026-03-28 12:10:50 | node_43 | INFO ] 🛠️ Calling force_add_local_model...
[ 2026-03-28 12:10:50 | node_43 | INFO ] ✅ [FORCE] Local model added for round 142. (1/2)
[ 2026-03-28 12:10:51 | node_39 | INFO ] 🎓 Training step done.
[ 2026-03-28 12:10:51 | node_39 | INFO ] 🛠️ Calling force_add_local_model...
[ 2026-03-28 12:10:51 | node_39 | INFO ] ✅ [FORCE] Local model added for round 142. (1/2)
[ 2026-03-28 12:10:51 | node_47 | INFO ] 🎓 Training step done.
[ 2026-03-28 12:10:51 | node_20 | INFO ] 🎓 Training step done.
[ 2026-03-28 12:10:51 | node_47 | INFO ] 🛠️ Calling force_add_local_model...
[ 2026-03-28 12:10:51 | node_20 | INFO ] 🛠️ Calling force_add_local_model...
[ 2026-03-28 12:10:51 | node_23 | INFO ] 🎓 Training step done.
[ 2026-03-28 12:10:51 | node_47 | INFO ] ✅ [FORCE] Local model added for round 142. (1/2)
[ 2026-03-28 12:10:51 | node_20 | INFO ] ✅ [FORCE] Local model added for round 142. (1/2)
[ 2026-03-28 12:10:51 | node_23 | INFO ] 🛠️ Calling force_add_local_model...
[ 2026-03-28 12:10:51 | node_23 | INFO ] ✅ [FORCE] Local model added for round 142. (1/2)
[ 2026-03-28 12:10:51 | node_32 | INFO ] 🎓 Training step done.
[ 2026-03-28 12:10:51 | node_32 | INFO ] 🛠️ Calling force_add_local_model...
[ 2026-03-28 12:10:51 | node_32 | INFO ] ✅ [FORCE] Local model added for round 142. (1/2)
[ 2026-03-28 12:10:51 | node_36 | INFO ] 🎓 Training step done.
[ 2026-03-28 12:10:51 | node_36 | INFO ] 🛠️ Calling force_add_local_model...
[ 2026-03-28 12:10:51 | node_36 | INFO ] ✅ [FORCE] Local model added for round 142. (1/2)
[ 2026-03-28 12:10:51 | node_10 | INFO ] 🎓 Training step done.
[ 2026-03-28 12:10:51 | node_10 | INFO ] 🛠️ Calling force_add_local_model...
[ 2026-03-28 12:10:51 | node_10 | INFO ] ✅ [FORCE] Local model added for round 142. (1/2)
[ 2026-03-28 12:10:51 | node_18 | INFO ] 🎓 Training step done.
[ 2026-03-28 12:10:51 | node_18 | INFO ] 🛠️ Calling force_add_local_model...
[ 2026-03-28 12:10:51 | node_18 | INFO ] ✅ [FORCE] Local model added for round 142. (1/2)
[ 2026-03-28 12:10:51 | node_15 | INFO ] 🎓 Training step done.
[ 2026-03-28 12:10:51 | node_15 | INFO ] 🛠️ Calling force_add_local_model...
[ 2026-03-28 12:10:51 | node_15 | INFO ] ✅ [FORCE] Local model added for round 142. (1/2)
[ 2026-03-28 12:10:52 | node_5 | INFO ] 🎓 Training step done.
[ 2026-03-28 12:10:52 | node_5 | INFO ] 🛠️ Calling force_add_local_model...
[ 2026-03-28 12:10:52 | node_5 | INFO ] ✅ [FORCE] Local model added for round 142. (1/2)
[ 2026-03-28 12:10:52 | node_33 | INFO ] 🎓 Training step done.
[ 2026-03-28 12:10:52 | node_33 | INFO ] 🛠️ Calling force_add_local_model...
[ 2026-03-28 12:10:52 | node_33 | INFO ] ✅ [FORCE] Local model added for round 142. (1/2)
[ 2026-03-28 12:10:52 | node_19 | INFO ] 🎓 Training step done.
[ 2026-03-28 12:10:52 | node_19 | INFO ] 🛠️ Calling force_add_local_model...
[ 2026-03-28 12:10:52 | node_19 | INFO ] ✅ [FORCE] Local model added for round 142. (1/2)
[ 2026-03-28 12:10:52 | node_30 | INFO ] 🎓 Training step done.
[ 2026-03-28 12:10:52 | node_48 | INFO ] 🎓 Training step done.
[ 2026-03-28 12:10:52 | node_30 | INFO ] 🛠️ Calling force_add_local_model...
[ 2026-03-28 12:10:52 | node_48 | INFO ] 🛠️ Calling force_add_local_model...
[ 2026-03-28 12:10:52 | node_30 | INFO ] ✅ [FORCE] Local model added for round 142. (1/2)
[ 2026-03-28 12:10:52 | node_48 | INFO ] ✅ [FORCE] Local model added for round 142. (1/2)
[ 2026-03-28 12:10:52 | node_6 | INFO ] 🎓 Training step done.
[ 2026-03-28 12:10:52 | node_6 | INFO ] 🛠️ Calling force_add_local_model...
[ 2026-03-28 12:10:52 | node_6 | INFO ] ✅ [FORCE] Local model added for round 142. (1/2)
[ 2026-03-28 12:10:52 | node_27 | INFO ] 🎓 Training step done.
[ 2026-03-28 12:10:52 | node_27 | INFO ] 🛠️ Calling force_add_local_model...
[ 2026-03-28 12:10:52 | node_27 | INFO ] ✅ [FORCE] Local model added for round 142. (1/2)
[ 2026-03-28 12:10:52 | node_45 | INFO ] 🎓 Training step done.
[ 2026-03-28 12:10:52 | node_45 | INFO ] 🛠️ Calling force_add_local_model...
[ 2026-03-28 12:10:52 | node_45 | INFO ] ✅ [FORCE] Local model added for round 142. (1/2)
[ 2026-03-28 12:10:52 | node_40 | INFO ] 🎓 Training step done.
[ 2026-03-28 12:10:52 | node_40 | INFO ] 🛠️ Calling force_add_local_model...
[ 2026-03-28 12:10:52 | node_40 | INFO ] ✅ [FORCE] Local model added for round 142. (1/2)
[ 2026-03-28 12:10:52 | node_4 | INFO ] 🎓 Training step done.
[ 2026-03-28 12:10:52 | node_4 | INFO ] 🛠️ Calling force_add_local_model...
[ 2026-03-28 12:10:52 | node_4 | INFO ] ✅ [FORCE] Local model added for round 142. (1/2)
[ 2026-03-28 12:10:52 | node_2 | INFO ] 🎓 Training step done.
[ 2026-03-28 12:10:52 | node_2 | INFO ] 🛠️ Calling force_add_local_model...
[ 2026-03-28 12:10:52 | node_2 | INFO ] ✅ [FORCE] Local model added for round 142. (1/2)
[ 2026-03-28 12:10:53 | node_34 | INFO ] 🎓 Training step done.
[ 2026-03-28 12:10:53 | node_34 | INFO ] 🛠️ Calling force_add_local_model...
[ 2026-03-28 12:10:53 | node_34 | INFO ] ✅ [FORCE] Local model added for round 142. (1/2)
[ 2026-03-28 12:10:53 | node_14 | INFO ] 🎓 Training step done.
[ 2026-03-28 12:10:53 | node_14 | INFO ] 🛠️ Calling force_add_local_model...
[ 2026-03-28 12:10:53 | node_14 | INFO ] ✅ [FORCE] Local model added for round 142. (1/2)
[ 2026-03-28 12:10:53 | node_7 | INFO ] 🎓 Training step done.
[ 2026-03-28 12:10:53 | node_7 | INFO ] 🛠️ Calling force_add_local_model...
[ 2026-03-28 12:10:53 | node_8 | INFO ] 🎓 Training step done.
[ 2026-03-28 12:10:53 | node_7 | INFO ] ✅ [FORCE] Local model added for round 142. (1/2)
[ 2026-03-28 12:10:53 | node_8 | INFO ] 🛠️ Calling force_add_local_model...
[ 2026-03-28 12:10:53 | node_8 | INFO ] ✅ [FORCE] Local model added for round 142. (1/2)
[ 2026-03-28 12:10:53 | node_35 | INFO ] 🎓 Training step done.
[ 2026-03-28 12:10:53 | node_29 | INFO ] 📤 Sending model to 1 direct neighbors: ['node']
[ 2026-03-28 12:10:53 | node_17 | INFO ] 🎓 Training step done.
[ 2026-03-28 12:10:53 | node_35 | INFO ] 🛠️ Calling force_add_local_model...
[ 2026-03-28 12:10:53 | node_16 | INFO ] 🎓 Training step done.
[ 2026-03-28 12:10:53 | node_38 | INFO ] 🎓 Training step done.
[ 2026-03-28 12:10:53 | node_17 | INFO ] 🛠️ Calling force_add_local_model...
[ 2026-03-28 12:10:53 | node_16 | INFO ] 🛠️ Calling force_add_local_model...
[ 2026-03-28 12:10:53 | node_35 | INFO ] ✅ [FORCE] Local model added for round 142. (1/2)
[ 2026-03-28 12:10:53 | node_38 | INFO ] 🛠️ Calling force_add_local_model...
[ 2026-03-28 12:10:53 | node_17 | INFO ] ✅ [FORCE] Local model added for round 142. (1/2)
[ 2026-03-28 12:10:53 | node_16 | INFO ] ✅ [FORCE] Local model added for round 142. (1/2)
[ 2026-03-28 12:10:53 | node_38 | INFO ] ✅ [FORCE] Local model added for round 142. (1/2)
[ 2026-03-28 12:10:53 | node | INFO ] 🧩 Model added for round 142 (1/50) from ['node_29']
[ 2026-03-28 12:10:53 | node_49 | INFO ] 🎓 Training step done.
[ 2026-03-28 12:10:53 | node_49 | INFO ] 🛠️ Calling force_add_local_model...
[ 2026-03-28 12:10:53 | node_49 | INFO ] ✅ [FORCE] Local model added for round 142. (1/2)
[ 2026-03-28 12:10:53 | node_9 | INFO ] 🎓 Training step done.
[ 2026-03-28 12:10:53 | node_9 | INFO ] 🛠️ Calling force_add_local_model...
[ 2026-03-28 12:10:53 | node_9 | INFO ] ✅ [FORCE] Local model added for round 142. (1/2)
[ 2026-03-28 12:10:53 | node_31 | INFO ] 🎓 Training step done.
[ 2026-03-28 12:10:53 | node_31 | INFO ] 🛠️ Calling force_add_local_model...
[ 2026-03-28 12:10:53 | node_31 | INFO ] ✅ [FORCE] Local model added for round 142. (1/2)
[ 2026-03-28 12:10:53 | node_37 | INFO ] 🎓 Training step done.
[ 2026-03-28 12:10:53 | node_37 | INFO ] 🛠️ Calling force_add_local_model...
[ 2026-03-28 12:10:53 | node_26 | INFO ] 🎓 Training step done.
[ 2026-03-28 12:10:53 | node_37 | INFO ] ✅ [FORCE] Local model added for round 142. (1/2)
[ 2026-03-28 12:10:53 | node_26 | INFO ] 🛠️ Calling force_add_local_model...
[ 2026-03-28 12:10:53 | node_26 | INFO ] ✅ [FORCE] Local model added for round 142. (1/2)
[ 2026-03-28 12:10:53 | node_24 | INFO ] 🎓 Training step done.
[ 2026-03-28 12:10:53 | node_41 | INFO ] 🎓 Training step done.
[ 2026-03-28 12:10:53 | node_24 | INFO ] 🛠️ Calling force_add_local_model...
[ 2026-03-28 12:10:53 | node_41 | INFO ] 🛠️ Calling force_add_local_model...
[ 2026-03-28 12:10:54 | node_24 | INFO ] ✅ [FORCE] Local model added for round 142. (1/2)
[ 2026-03-28 12:10:54 | node_41 | INFO ] ✅ [FORCE] Local model added for round 142. (1/2)
[ 2026-03-28 12:10:54 | node_12 | INFO ] 🎓 Training step done.
[ 2026-03-28 12:10:54 | node_12 | INFO ] 🛠️ Calling force_add_local_model...
[ 2026-03-28 12:10:54 | node_12 | INFO ] ✅ [FORCE] Local model added for round 142. (1/2)
[ 2026-03-28 12:10:54 | node_1 | INFO ] 🎓 Training step done.
[ 2026-03-28 12:10:54 | node_1 | INFO ] 🛠️ Calling force_add_local_model...
[ 2026-03-28 12:10:54 | node_44 | INFO ] 🎓 Training step done.
[ 2026-03-28 12:10:54 | node_1 | INFO ] ✅ [FORCE] Local model added for round 142. (1/2)
[ 2026-03-28 12:10:54 | node_44 | INFO ] 🛠️ Calling force_add_local_model...
[ 2026-03-28 12:10:54 | node_44 | INFO ] ✅ [FORCE] Local model added for round 142. (1/2)
[ 2026-03-28 12:10:54 | node_3 | INFO ] 🎓 Training step done.
[ 2026-03-28 12:10:54 | node_3 | INFO ] 🛠️ Calling force_add_local_model...
[ 2026-03-28 12:10:54 | node_3 | INFO ] ✅ [FORCE] Local model added for round 142. (1/2)
[ 2026-03-28 12:10:54 | node_21 | INFO ] 🎓 Training step done.
[ 2026-03-28 12:10:54 | node_21 | INFO ] 🛠️ Calling force_add_local_model...
[ 2026-03-28 12:10:54 | node_21 | INFO ] ✅ [FORCE] Local model added for round 142. (1/2)
[ 2026-03-28 12:10:54 | node_25 | INFO ] 🎓 Training step done.
[ 2026-03-28 12:10:54 | node_25 | INFO ] 🛠️ Calling force_add_local_model...
[ 2026-03-28 12:10:54 | node_25 | INFO ] ✅ [FORCE] Local model added for round 142. (1/2)
[ 2026-03-28 12:10:54 | node_22 | INFO ] 🎓 Training step done.
[ 2026-03-28 12:10:54 | node_22 | INFO ] 🛠️ Calling force_add_local_model...
[ 2026-03-28 12:10:54 | node_22 | INFO ] ✅ [FORCE] Local model added for round 142. (1/2)
[ 2026-03-28 12:10:54 | node_28 | INFO ] 🎓 Training step done.
[ 2026-03-28 12:10:54 | node_28 | INFO ] 🛠️ Calling force_add_local_model...
[ 2026-03-28 12:10:54 | node_28 | INFO ] ✅ [FORCE] Local model added for round 142. (1/2)
[ 2026-03-28 12:10:54 | node_46 | INFO ] 🎓 Training step done.
[ 2026-03-28 12:10:54 | node_46 | INFO ] 🛠️ Calling force_add_local_model...
[ 2026-03-28 12:10:54 | node_46 | INFO ] ✅ [FORCE] Local model added for round 142. (1/2)
[ 2026-03-28 12:10:54 | node_42 | INFO ] 🎓 Training step done.
[ 2026-03-28 12:10:54 | node_42 | INFO ] 🛠️ Calling force_add_local_model...
[ 2026-03-28 12:10:54 | node_42 | INFO ] ✅ [FORCE] Local model added for round 142. (1/2)
[ 2026-03-28 12:10:54 | node | INFO ] 🎓 Training step done.
[ 2026-03-28 12:10:54 | node | INFO ] 🛠️ Calling force_add_local_model...
[ 2026-03-28 12:10:54 | node | INFO ] ✅ [FORCE] Local model added for round 142. (2/50)
[ 2026-03-28 12:10:54 | node_13 | INFO ] 📤 Sending model to 1 direct neighbors: ['node']
[ 2026-03-28 12:10:54 | node | INFO ] 🧩 Model added for round 142 (3/50) from ['node_13']
[ 2026-03-28 12:10:55 | node_11 | INFO ] 📤 Sending model to 1 direct neighbors: ['node']
[ 2026-03-28 12:10:55 | node | INFO ] 🧩 Model added for round 142 (4/50) from ['node_11']
[ 2026-03-28 12:10:55 | node_43 | INFO ] 📤 Sending model to 1 direct neighbors: ['node']
[ 2026-03-28 12:10:55 | node | INFO ] 🧩 Model added for round 142 (5/50) from ['node_43']
[ 2026-03-28 12:10:56 | node_39 | INFO ] 📤 Sending model to 1 direct neighbors: ['node']
[ 2026-03-28 12:10:56 | node | INFO ] 🧩 Model added for round 142 (6/50) from ['node_39']
[ 2026-03-28 12:10:56 | node_47 | INFO ] 📤 Sending model to 1 direct neighbors: ['node']
[ 2026-03-28 12:10:56 | node_20 | INFO ] 📤 Sending model to 1 direct neighbors: ['node']
[ 2026-03-28 12:10:56 | node_23 | INFO ] 📤 Sending model to 1 direct neighbors: ['node']
[ 2026-03-28 12:10:56 | node | INFO ] 🧩 Model added for round 142 (7/50) from ['node_47']
[ 2026-03-28 12:10:56 | node | INFO ] 🧩 Model added for round 142 (8/50) from ['node_20']
[ 2026-03-28 12:10:56 | node | INFO ] 🧩 Model added for round 142 (9/50) from ['node_23']
[ 2026-03-28 12:10:56 | node_32 | INFO ] 📤 Sending model to 1 direct neighbors: ['node']
[ 2026-03-28 12:10:56 | node | INFO ] 🧩 Model added for round 142 (10/50) from ['node_32']
[ 2026-03-28 12:10:56 | node_36 | INFO ] 📤 Sending model to 1 direct neighbors: ['node']
[ 2026-03-28 12:10:56 | node | INFO ] 🧩 Model added for round 142 (11/50) from ['node_36']
[ 2026-03-28 12:10:56 | node_10 | INFO ] 📤 Sending model to 1 direct neighbors: ['node']
[ 2026-03-28 12:10:56 | node | INFO ] 🧩 Model added for round 142 (12/50) from ['node_10']
[ 2026-03-28 12:10:56 | node_18 | INFO ] 📤 Sending model to 1 direct neighbors: ['node']
[ 2026-03-28 12:10:56 | node_15 | INFO ] 📤 Sending model to 1 direct neighbors: ['node']
[ 2026-03-28 12:10:56 | node | INFO ] 🧩 Model added for round 142 (13/50) from ['node_18']
[ 2026-03-28 12:10:56 | node | INFO ] 🧩 Model added for round 142 (14/50) from ['node_15']
[ 2026-03-28 12:10:57 | node_5 | INFO ] 📤 Sending model to 1 direct neighbors: ['node']
[ 2026-03-28 12:10:57 | node_33 | INFO ] 📤 Sending model to 1 direct neighbors: ['node']
[ 2026-03-28 12:10:57 | node | INFO ] 🧩 Model added for round 142 (15/50) from ['node_5']
[ 2026-03-28 12:10:57 | node_19 | INFO ] 📤 Sending model to 1 direct neighbors: ['node']
[ 2026-03-28 12:10:57 | node | INFO ] 🧩 Model added for round 142 (16/50) from ['node_33']
[ 2026-03-28 12:10:57 | node_30 | INFO ] 📤 Sending model to 1 direct neighbors: ['node']
[ 2026-03-28 12:10:57 | node_48 | INFO ] 📤 Sending model to 1 direct neighbors: ['node']
[ 2026-03-28 12:10:57 | node | INFO ] 🧩 Model added for round 142 (17/50) from ['node_19']
[ 2026-03-28 12:10:57 | node_6 | INFO ] 📤 Sending model to 1 direct neighbors: ['node']
[ 2026-03-28 12:10:57 | node | INFO ] 🧩 Model added for round 142 (18/50) from ['node_30']
[ 2026-03-28 12:10:57 | node | INFO ] 🧩 Model added for round 142 (19/50) from ['node_48']
[ 2026-03-28 12:10:57 | node | INFO ] 🧩 Model added for round 142 (20/50) from ['node_6']
[ 2026-03-28 12:10:57 | node_27 | INFO ] 📤 Sending model to 1 direct neighbors: ['node']
[ 2026-03-28 12:10:57 | node_45 | INFO ] 📤 Sending model to 1 direct neighbors: ['node']
[ 2026-03-28 12:10:57 | node_40 | INFO ] 📤 Sending model to 1 direct neighbors: ['node']
[ 2026-03-28 12:10:57 | node_4 | INFO ] 📤 Sending model to 1 direct neighbors: ['node']
[ 2026-03-28 12:10:57 | node | INFO ] 🧩 Model added for round 142 (21/50) from ['node_27']
[ 2026-03-28 12:10:57 | node | INFO ] 🧩 Model added for round 142 (22/50) from ['node_45']
[ 2026-03-28 12:10:57 | node_2 | INFO ] 📤 Sending model to 1 direct neighbors: ['node']
[ 2026-03-28 12:10:58 | node | INFO ] 🧩 Model added for round 142 (23/50) from ['node_4']
[ 2026-03-28 12:10:58 | node | INFO ] 🧩 Model added for round 142 (24/50) from ['node_40']
[ 2026-03-28 12:10:58 | node_34 | INFO ] 📤 Sending model to 1 direct neighbors: ['node']
[ 2026-03-28 12:10:58 | node_14 | INFO ] 📤 Sending model to 1 direct neighbors: ['node']
[ 2026-03-28 12:10:58 | node | INFO ] 🧩 Model added for round 142 (25/50) from ['node_2']
[ 2026-03-28 12:10:58 | node | INFO ] 🧩 Model added for round 142 (26/50) from ['node_34']
[ 2026-03-28 12:10:58 | node_7 | INFO ] 📤 Sending model to 1 direct neighbors: ['node']
[ 2026-03-28 12:10:58 | node_8 | INFO ] 📤 Sending model to 1 direct neighbors: ['node']
[ 2026-03-28 12:10:58 | node | INFO ] 🧩 Model added for round 142 (27/50) from ['node_14']
[ 2026-03-28 12:10:58 | node | INFO ] 🧩 Model added for round 142 (28/50) from ['node_8']
[ 2026-03-28 12:10:58 | node | INFO ] 🧩 Model added for round 142 (29/50) from ['node_7']
[ 2026-03-28 12:10:58 | node_35 | INFO ] 📤 Sending model to 1 direct neighbors: ['node']
[ 2026-03-28 12:10:58 | node_16 | INFO ] 📤 Sending model to 1 direct neighbors: ['node']
[ 2026-03-28 12:10:58 | node_38 | INFO ] 📤 Sending model to 1 direct neighbors: ['node']
[ 2026-03-28 12:10:58 | node_17 | INFO ] 📤 Sending model to 1 direct neighbors: ['node']
[ 2026-03-28 12:10:58 | node_49 | INFO ] 📤 Sending model to 1 direct neighbors: ['node']
[ 2026-03-28 12:10:58 | node_9 | INFO ] 📤 Sending model to 1 direct neighbors: ['node']
[ 2026-03-28 12:10:58 | node_31 | INFO ] 📤 Sending model to 1 direct neighbors: ['node']
[ 2026-03-28 12:10:58 | node | INFO ] 🧩 Model added for round 142 (30/50) from ['node_35']
[ 2026-03-28 12:10:58 | node_37 | INFO ] 📤 Sending model to 1 direct neighbors: ['node']
[ 2026-03-28 12:10:58 | node | INFO ] 🧩 Model added for round 142 (31/50) from ['node_16']
[ 2026-03-28 12:10:58 | node_26 | INFO ] 📤 Sending model to 1 direct neighbors: ['node']
[ 2026-03-28 12:10:58 | node | INFO ] 🧩 Model added for round 142 (32/50) from ['node_17']
[ 2026-03-28 12:10:58 | node | INFO ] 🧩 Model added for round 142 (33/50) from ['node_38']
[ 2026-03-28 12:10:59 | node_41 | INFO ] 📤 Sending model to 1 direct neighbors: ['node']
[ 2026-03-28 12:10:59 | node_24 | INFO ] 📤 Sending model to 1 direct neighbors: ['node']
[ 2026-03-28 12:10:59 | node | INFO ] 🧩 Model added for round 142 (34/50) from ['node_9']
[ 2026-03-28 12:10:59 | node | INFO ] 🧩 Model added for round 142 (35/50) from ['node_49']
[ 2026-03-28 12:10:59 | node_12 | INFO ] 📤 Sending model to 1 direct neighbors: ['node']
[ 2026-03-28 12:10:59 | node_44 | INFO ] 📤 Sending model to 1 direct neighbors: ['node']
[ 2026-03-28 12:10:59 | node_1 | INFO ] 📤 Sending model to 1 direct neighbors: ['node']
[ 2026-03-28 12:10:59 | node_3 | INFO ] 📤 Sending model to 1 direct neighbors: ['node']
[ 2026-03-28 12:10:59 | node_21 | INFO ] 📤 Sending model to 1 direct neighbors: ['node']
[ 2026-03-28 12:10:59 | node | INFO ] 🧩 Model added for round 142 (36/50) from ['node_31']
[ 2026-03-28 12:10:59 | node | INFO ] 🧩 Model added for round 142 (37/50) from ['node_37']
[ 2026-03-28 12:10:59 | node_25 | INFO ] 📤 Sending model to 1 direct neighbors: ['node']
[ 2026-03-28 12:10:59 | node | INFO ] 🧩 Model added for round 142 (38/50) from ['node_26']
[ 2026-03-28 12:10:59 | node_22 | INFO ] 📤 Sending model to 1 direct neighbors: ['node']
[ 2026-03-28 12:10:59 | node | INFO ] 🧩 Model added for round 142 (39/50) from ['node_12']
[ 2026-03-28 12:10:59 | node_28 | INFO ] 📤 Sending model to 1 direct neighbors: ['node']
[ 2026-03-28 12:10:59 | node | INFO ] 🧩 Model added for round 142 (40/50) from ['node_41']
[ 2026-03-28 12:10:59 | node_46 | INFO ] 📤 Sending model to 1 direct neighbors: ['node']
[ 2026-03-28 12:10:59 | node | INFO ] 🧩 Model added for round 142 (41/50) from ['node_24']
[ 2026-03-28 12:10:59 | node_42 | INFO ] 📤 Sending model to 1 direct neighbors: ['node']
[ 2026-03-28 12:10:59 | node | INFO ] 📤 Sending model to 49 direct neighbors: ['node_1', 'node_2', 'node_3', 'node_4', 'node_5', 'node_6', 'node_7', 'node_8', 'node_9', 'node_10', 'node_11', 'node_12', 'node_13', 'node_14', 'node_15', 'node_16', 'node_17', 'node_18', 'node_19', 'node_20', 'node_21', 'node_22', 'node_23', 'node_24', 'node_25', 'node_26', 'node_27', 'node_28', 'node_29', 'node_30', 'node_31', 'node_32', 'node_33', 'node_34', 'node_35', 'node_36', 'node_37', 'node_38', 'node_39', 'node_40', 'node_41', 'node_42', 'node_43', 'node_44', 'node_45', 'node_46', 'node_47', 'node_48', 'node_49']
[ 2026-03-28 12:10:59 | node | INFO ] 🧩 Model added for round 142 (42/50) from ['node_44']
[ 2026-03-28 12:10:59 | node | INFO ] 🧩 Model added for round 142 (43/50) from ['node_3']
[ 2026-03-28 12:10:59 | node | INFO ] 🧩 Model added for round 142 (44/50) from ['node_1']
[ 2026-03-28 12:10:59 | node | INFO ] 🧩 Model added for round 142 (45/50) from ['node_25']
[ 2026-03-28 12:10:59 | node | INFO ] 🧩 Model added for round 142 (46/50) from ['node_22']
[ 2026-03-28 12:10:59 | node | INFO ] 🧩 Model added for round 142 (47/50) from ['node_21']
[ 2026-03-28 12:10:59 | node | INFO ] 🧩 Model added for round 142 (48/50) from ['node_28']
[ 2026-03-28 12:11:00 | node | INFO ] 🧩 Model added for round 142 (49/50) from ['node_46']
[ 2026-03-28 12:11:00 | node_1 | INFO ] 🧩 Model added for round 142 (2/2) from ['node']
[ 2026-03-28 12:11:00 | node | INFO ] 🧩 Model added for round 142 (50/50) from ['node_42']
[ 2026-03-28 12:11:00 | node_2 | INFO ] 🧩 Model added for round 142 (2/2) from ['node']
[ 2026-03-28 12:11:01 | node_3 | INFO ] 🧩 Model added for round 142 (2/2) from ['node']
[ 2026-03-28 12:11:01 | node_4 | INFO ] 🧩 Model added for round 142 (2/2) from ['node']
[ 2026-03-28 12:11:01 | node_2 | INFO ] 🧠 Aggregation complete. Setting new model.
[ 2026-03-28 12:11:01 | node_2 | INFO ] 🗣️ Gossiping aggregated model.
[ 2026-03-28 12:11:01 | node_5 | INFO ] 🧩 Model added for round 142 (2/2) from ['node']
[ 2026-03-28 12:11:01 | node_1 | INFO ] 🧠 Aggregation complete. Setting new model.
[ 2026-03-28 12:11:01 | node_1 | INFO ] 🗣️ Gossiping aggregated model.
[ 2026-03-28 12:11:01 | node_4 | INFO ] 🧠 Aggregation complete. Setting new model.
[ 2026-03-28 12:11:01 | node_3 | INFO ] 🧠 Aggregation complete. Setting new model.
[ 2026-03-28 12:11:01 | node_4 | INFO ] 🗣️ Gossiping aggregated model.
[ 2026-03-28 12:11:01 | node_6 | INFO ] 🧩 Model added for round 142 (2/2) from ['node']
[ 2026-03-28 12:11:01 | node_3 | INFO ] 🗣️ Gossiping aggregated model.
[ 2026-03-28 12:11:01 | node_5 | INFO ] 🧠 Aggregation complete. Setting new model.
[ 2026-03-28 12:11:01 | node_5 | INFO ] 🗣️ Gossiping aggregated model.
[ 2026-03-28 12:11:01 | node_7 | INFO ] 🧩 Model added for round 142 (2/2) from ['node']
[ 2026-03-28 12:11:01 | node_6 | INFO ] 🧠 Aggregation complete. Setting new model.
[ 2026-03-28 12:11:01 | node_6 | INFO ] 🗣️ Gossiping aggregated model.
[ 2026-03-28 12:11:01 | node_7 | INFO ] 🧠 Aggregation complete. Setting new model.
[ 2026-03-28 12:11:01 | node_8 | INFO ] 🧩 Model added for round 142 (2/2) from ['node']
[ 2026-03-28 12:11:01 | node_7 | INFO ] 🗣️ Gossiping aggregated model.
[ 2026-03-28 12:11:01 | node_9 | INFO ] 🧩 Model added for round 142 (2/2) from ['node']
[ 2026-03-28 12:11:01 | node_8 | INFO ] 🧠 Aggregation complete. Setting new model.
[ 2026-03-28 12:11:01 | node_8 | INFO ] 🗣️ Gossiping aggregated model.
[ 2026-03-28 12:11:01 | node_10 | INFO ] 🧩 Model added for round 142 (2/2) from ['node']
[ 2026-03-28 12:11:01 | node_9 | INFO ] 🧠 Aggregation complete. Setting new model.
[ 2026-03-28 12:11:01 | node_9 | INFO ] 🗣️ Gossiping aggregated model.
[ 2026-03-28 12:11:01 | node_10 | INFO ] 🧠 Aggregation complete. Setting new model.
[ 2026-03-28 12:11:01 | node_11 | INFO ] 🧩 Model added for round 142 (2/2) from ['node']
[ 2026-03-28 12:11:01 | node_10 | INFO ] 🗣️ Gossiping aggregated model.
[ 2026-03-28 12:11:02 | node_11 | INFO ] 🧠 Aggregation complete. Setting new model.
[ 2026-03-28 12:11:02 | node_12 | INFO ] 🧩 Model added for round 142 (2/2) from ['node']
[ 2026-03-28 12:11:02 | node_11 | INFO ] 🗣️ Gossiping aggregated model.
[ 2026-03-28 12:11:02 | node_12 | INFO ] 🧠 Aggregation complete. Setting new model.
[ 2026-03-28 12:11:02 | node_13 | INFO ] 🧩 Model added for round 142 (2/2) from ['node']
[ 2026-03-28 12:11:02 | node_12 | INFO ] 🗣️ Gossiping aggregated model.
[ 2026-03-28 12:11:02 | node_14 | INFO ] 🧩 Model added for round 142 (2/2) from ['node']
[ 2026-03-28 12:11:02 | node_13 | INFO ] 🧠 Aggregation complete. Setting new model.
[ 2026-03-28 12:11:02 | node_13 | INFO ] 🗣️ Gossiping aggregated model.
[ 2026-03-28 12:11:02 | node_14 | INFO ] 🧠 Aggregation complete. Setting new model.
[ 2026-03-28 12:11:02 | node_15 | INFO ] 🧩 Model added for round 142 (2/2) from ['node']
[ 2026-03-28 12:11:02 | node_14 | INFO ] 🗣️ Gossiping aggregated model.
[ 2026-03-28 12:11:02 | node_16 | INFO ] 🧩 Model added for round 142 (2/2) from ['node']
[ 2026-03-28 12:11:02 | node_15 | INFO ] 🧠 Aggregation complete. Setting new model.
[ 2026-03-28 12:11:02 | node_15 | INFO ] 🗣️ Gossiping aggregated model.
[ 2026-03-28 12:11:02 | node_17 | INFO ] 🧩 Model added for round 142 (2/2) from ['node']
[ 2026-03-28 12:11:02 | node_16 | INFO ] 🧠 Aggregation complete. Setting new model.
[ 2026-03-28 12:11:02 | node_16 | INFO ] 🗣️ Gossiping aggregated model.
[ 2026-03-28 12:11:02 | node_17 | INFO ] 🧠 Aggregation complete. Setting new model.
[ 2026-03-28 12:11:02 | node_18 | INFO ] 🧩 Model added for round 142 (2/2) from ['node']
[ 2026-03-28 12:11:02 | node_17 | INFO ] 🗣️ Gossiping aggregated model.
[ 2026-03-28 12:11:02 | node_18 | INFO ] 🧠 Aggregation complete. Setting new model.
[ 2026-03-28 12:11:02 | node_19 | INFO ] 🧩 Model added for round 142 (2/2) from ['node']
[ 2026-03-28 12:11:02 | node_18 | INFO ] 🗣️ Gossiping aggregated model.
[ 2026-03-28 12:11:02 | node_19 | INFO ] 🧠 Aggregation complete. Setting new model.
[ 2026-03-28 12:11:02 | node_20 | INFO ] 🧩 Model added for round 142 (2/2) from ['node']
[ 2026-03-28 12:11:02 | node_19 | INFO ] 🗣️ Gossiping aggregated model.
[ 2026-03-28 12:11:02 | node_20 | INFO ] 🧠 Aggregation complete. Setting new model.
[ 2026-03-28 12:11:02 | node_21 | INFO ] 🧩 Model added for round 142 (2/2) from ['node']
[ 2026-03-28 12:11:02 | node_20 | INFO ] 🗣️ Gossiping aggregated model.
[ 2026-03-28 12:11:02 | node_21 | INFO ] 🧠 Aggregation complete. Setting new model.
[ 2026-03-28 12:11:02 | node_22 | INFO ] 🧩 Model added for round 142 (2/2) from ['node']
[ 2026-03-28 12:11:02 | node_21 | INFO ] 🗣️ Gossiping aggregated model.
[ 2026-03-28 12:11:02 | node_22 | INFO ] 🧠 Aggregation complete. Setting new model.
[ 2026-03-28 12:11:02 | node_23 | INFO ] 🧩 Model added for round 142 (2/2) from ['node']
[ 2026-03-28 12:11:02 | node_22 | INFO ] 🗣️ Gossiping aggregated model.
[ 2026-03-28 12:11:02 | node_24 | INFO ] 🧩 Model added for round 142 (2/2) from ['node']
[ 2026-03-28 12:11:02 | node_23 | INFO ] 🧠 Aggregation complete. Setting new model.
[ 2026-03-28 12:11:02 | node_23 | INFO ] 🗣️ Gossiping aggregated model.
[ 2026-03-28 12:11:02 | node_25 | INFO ] 🧩 Model added for round 142 (2/2) from ['node']
[ 2026-03-28 12:11:02 | node_24 | INFO ] 🧠 Aggregation complete. Setting new model.
[ 2026-03-28 12:11:02 | node_24 | INFO ] 🗣️ Gossiping aggregated model.
[ 2026-03-28 12:11:02 | node_26 | INFO ] 🧩 Model added for round 142 (2/2) from ['node']
[ 2026-03-28 12:11:02 | node_25 | INFO ] 🧠 Aggregation complete. Setting new model.
[ 2026-03-28 12:11:02 | node_25 | INFO ] 🗣️ Gossiping aggregated model.
[ 2026-03-28 12:11:02 | node_26 | INFO ] 🧠 Aggregation complete. Setting new model.
[ 2026-03-28 12:11:02 | node_27 | INFO ] 🧩 Model added for round 142 (2/2) from ['node']
[ 2026-03-28 12:11:02 | node_26 | INFO ] 🗣️ Gossiping aggregated model.
[ 2026-03-28 12:11:02 | node_28 | INFO ] 🧩 Model added for round 142 (2/2) from ['node']
[ 2026-03-28 12:11:02 | node_27 | INFO ] 🧠 Aggregation complete. Setting new model.
[ 2026-03-28 12:11:02 | node_27 | INFO ] 🗣️ Gossiping aggregated model.
[ 2026-03-28 12:11:03 | node_28 | INFO ] 🧠 Aggregation complete. Setting new model.
[ 2026-03-28 12:11:03 | node_29 | INFO ] 🧩 Model added for round 142 (2/2) from ['node']
[ 2026-03-28 12:11:03 | node_28 | INFO ] 🗣️ Gossiping aggregated model.
[ 2026-03-28 12:11:03 | node_30 | INFO ] 🧩 Model added for round 142 (2/2) from ['node']
[ 2026-03-28 12:11:03 | node_29 | INFO ] 🧠 Aggregation complete. Setting new model.
[ 2026-03-28 12:11:03 | node_29 | INFO ] 🗣️ Gossiping aggregated model.
[ 2026-03-28 12:11:03 | node_31 | INFO ] 🧩 Model added for round 142 (2/2) from ['node']
[ 2026-03-28 12:11:03 | node_30 | INFO ] 🧠 Aggregation complete. Setting new model.
[ 2026-03-28 12:11:03 | node_30 | INFO ] 🗣️ Gossiping aggregated model.
[ 2026-03-28 12:11:03 | node_31 | INFO ] 🧠 Aggregation complete. Setting new model.
[ 2026-03-28 12:11:03 | node_32 | INFO ] 🧩 Model added for round 142 (2/2) from ['node']
[ 2026-03-28 12:11:03 | node_31 | INFO ] 🗣️ Gossiping aggregated model.
[ 2026-03-28 12:11:03 | node_32 | INFO ] 🧠 Aggregation complete. Setting new model.
[ 2026-03-28 12:11:03 | node_33 | INFO ] 🧩 Model added for round 142 (2/2) from ['node']
[ 2026-03-28 12:11:03 | node_32 | INFO ] 🗣️ Gossiping aggregated model.
[ 2026-03-28 12:11:03 | node_34 | INFO ] 🧩 Model added for round 142 (2/2) from ['node']
[ 2026-03-28 12:11:03 | node_33 | INFO ] 🧠 Aggregation complete. Setting new model.
[ 2026-03-28 12:11:03 | node_33 | INFO ] 🗣️ Gossiping aggregated model.
[ 2026-03-28 12:11:03 | node_35 | INFO ] 🧩 Model added for round 142 (2/2) from ['node']
[ 2026-03-28 12:11:03 | node_34 | INFO ] 🧠 Aggregation complete. Setting new model.
[ 2026-03-28 12:11:03 | node_34 | INFO ] 🗣️ Gossiping aggregated model.
[ 2026-03-28 12:11:03 | node_35 | INFO ] 🧠 Aggregation complete. Setting new model.
[ 2026-03-28 12:11:03 | node_36 | INFO ] 🧩 Model added for round 142 (2/2) from ['node']
[ 2026-03-28 12:11:03 | node_35 | INFO ] 🗣️ Gossiping aggregated model.
[ 2026-03-28 12:11:03 | node_37 | INFO ] 🧩 Model added for round 142 (2/2) from ['node']
[ 2026-03-28 12:11:03 | node_36 | INFO ] 🧠 Aggregation complete. Setting new model.
[ 2026-03-28 12:11:03 | node_36 | INFO ] 🗣️ Gossiping aggregated model.
[ 2026-03-28 12:11:03 | node_37 | INFO ] 🧠 Aggregation complete. Setting new model.
[ 2026-03-28 12:11:03 | node_38 | INFO ] 🧩 Model added for round 142 (2/2) from ['node']
[ 2026-03-28 12:11:03 | node_37 | INFO ] 🗣️ Gossiping aggregated model.
[ 2026-03-28 12:11:03 | node_38 | INFO ] 🧠 Aggregation complete. Setting new model.
[ 2026-03-28 12:11:03 | node_38 | INFO ] 🗣️ Gossiping aggregated model.
[ 2026-03-28 12:11:03 | node_39 | INFO ] 🧩 Model added for round 142 (2/2) from ['node']
[ 2026-03-28 12:11:03 | node_39 | INFO ] 🧠 Aggregation complete. Setting new model.
[ 2026-03-28 12:11:03 | node_40 | INFO ] 🧩 Model added for round 142 (2/2) from ['node']
[ 2026-03-28 12:11:03 | node_39 | INFO ] 🗣️ Gossiping aggregated model.
[ 2026-03-28 12:11:03 | node_40 | INFO ] 🧠 Aggregation complete. Setting new model.
[ 2026-03-28 12:11:03 | node_41 | INFO ] 🧩 Model added for round 142 (2/2) from ['node']
[ 2026-03-28 12:11:03 | node_40 | INFO ] 🗣️ Gossiping aggregated model.
[ 2026-03-28 12:11:03 | node_42 | INFO ] 🧩 Model added for round 142 (2/2) from ['node']
[ 2026-03-28 12:11:03 | node_41 | INFO ] 🧠 Aggregation complete. Setting new model.
[ 2026-03-28 12:11:03 | node_41 | INFO ] 🗣️ Gossiping aggregated model.
[ 2026-03-28 12:11:03 | node_43 | INFO ] 🧩 Model added for round 142 (2/2) from ['node']
[ 2026-03-28 12:11:03 | node_42 | INFO ] 🧠 Aggregation complete. Setting new model.
[ 2026-03-28 12:11:03 | node_42 | INFO ] 🗣️ Gossiping aggregated model.
[ 2026-03-28 12:11:03 | node_43 | INFO ] 🧠 Aggregation complete. Setting new model.
[ 2026-03-28 12:11:03 | node_44 | INFO ] 🧩 Model added for round 142 (2/2) from ['node']
[ 2026-03-28 12:11:03 | node_43 | INFO ] 🗣️ Gossiping aggregated model.
[ 2026-03-28 12:11:03 | node_44 | INFO ] 🧠 Aggregation complete. Setting new model.
[ 2026-03-28 12:11:03 | node_44 | INFO ] 🗣️ Gossiping aggregated model.
[ 2026-03-28 12:11:03 | node_45 | INFO ] 🧩 Model added for round 142 (2/2) from ['node']
[ 2026-03-28 12:11:03 | node_46 | INFO ] 🧩 Model added for round 142 (2/2) from ['node']
[ 2026-03-28 12:11:03 | node_45 | INFO ] 🧠 Aggregation complete. Setting new model.
[ 2026-03-28 12:11:03 | node_45 | INFO ] 🗣️ Gossiping aggregated model.
[ 2026-03-28 12:11:04 | node_47 | INFO ] 🧩 Model added for round 142 (2/2) from ['node']
[ 2026-03-28 12:11:04 | node_46 | INFO ] 🧠 Aggregation complete. Setting new model.
[ 2026-03-28 12:11:04 | node_46 | INFO ] 🗣️ Gossiping aggregated model.
[ 2026-03-28 12:11:04 | node_48 | INFO ] 🧩 Model added for round 142 (2/2) from ['node']
[ 2026-03-28 12:11:04 | node_47 | INFO ] 🧠 Aggregation complete. Setting new model.
[ 2026-03-28 12:11:04 | node_49 | INFO ] 🧩 Model added for round 142 (2/2) from ['node']
[ 2026-03-28 12:11:04 | node_47 | INFO ] 🗣️ Gossiping aggregated model.
[ 2026-03-28 12:11:04 | node_48 | INFO ] 🧠 Aggregation complete. Setting new model.
[ 2026-03-28 12:11:04 | node_48 | INFO ] 🗣️ Gossiping aggregated model.
[ 2026-03-28 12:11:04 | node_49 | INFO ] 🧠 Aggregation complete. Setting new model.
[ 2026-03-28 12:11:04 | node_49 | INFO ] 🗣️ Gossiping aggregated model.
[ 2026-03-28 12:11:04 | node | INFO ] 🧠 Aggregation complete. Setting new model.
[ 2026-03-28 12:11:04 | node_15 | INFO ] 🤫 Gossip finished.
[ 2026-03-28 12:11:04 | node_15 | INFO ] 🔬 Evaluating...
[ 2026-03-28 12:11:04 | node_16 | INFO ] 🤫 Gossip finished.
[ 2026-03-28 12:11:04 | node_16 | INFO ] 🔬 Evaluating...
[ 2026-03-28 12:11:04 | node_17 | INFO ] 🤫 Gossip finished.
[ 2026-03-28 12:11:04 | node_17 | INFO ] 🔬 Evaluating...
[ 2026-03-28 12:11:04 | node_18 | INFO ] 🤫 Gossip finished.
[ 2026-03-28 12:11:04 | node_18 | INFO ] 🔬 Evaluating...
[ 2026-03-28 12:11:04 | node_36 | INFO ] 🤫 Gossip finished.
[ 2026-03-28 12:11:04 | node_36 | INFO ] 🔬 Evaluating...
[ 2026-03-28 12:11:04 | node_19 | INFO ] 🤫 Gossip finished.
[ 2026-03-28 12:11:04 | node_19 | INFO ] 🔬 Evaluating...
[ 2026-03-28 12:11:04 | node_37 | INFO ] 🤫 Gossip finished.
[ 2026-03-28 12:11:04 | node_37 | INFO ] 🔬 Evaluating...
[ 2026-03-28 12:11:04 | node_38 | INFO ] 🤫 Gossip finished.
[ 2026-03-28 12:11:04 | node_38 | INFO ] 🔬 Evaluating...
[ 2026-03-28 12:11:04 | node_20 | INFO ] 🤫 Gossip finished.
[ 2026-03-28 12:11:04 | node_20 | INFO ] 🔬 Evaluating...
[ 2026-03-28 12:11:04 | node_39 | INFO ] 🤫 Gossip finished.
[ 2026-03-28 12:11:04 | node_21 | INFO ] 🤫 Gossip finished.
[ 2026-03-28 12:11:04 | node_39 | INFO ] 🔬 Evaluating...
[ 2026-03-28 12:11:04 | node_21 | INFO ] 🔬 Evaluating...
[ 2026-03-28 12:11:04 | node_22 | INFO ] 🤫 Gossip finished.
[ 2026-03-28 12:11:04 | node | INFO ] 🗣️ Gossiping aggregated model.
[ 2026-03-28 12:11:04 | node | INFO ] 🤫 Gossip finished.
[ 2026-03-28 12:11:04 | node_40 | INFO ] 🤫 Gossip finished.
[ 2026-03-28 12:11:04 | node_22 | INFO ] 🔬 Evaluating...
[ 2026-03-28 12:11:04 | node | INFO ] 🔬 Evaluating...
[ 2026-03-28 12:11:04 | node_40 | INFO ] 🔬 Evaluating...
[ 2026-03-28 12:11:04 | node_23 | INFO ] 🤫 Gossip finished.
[ 2026-03-28 12:11:04 | node_41 | INFO ] 🤫 Gossip finished.
[ 2026-03-28 12:11:04 | node_23 | INFO ] 🔬 Evaluating...
[ 2026-03-28 12:11:04 | node_41 | INFO ] 🔬 Evaluating...
[ 2026-03-28 12:11:04 | node_24 | INFO ] 🤫 Gossip finished.
[ 2026-03-28 12:11:04 | node_24 | INFO ] 🔬 Evaluating...
[ 2026-03-28 12:11:04 | node_42 | INFO ] 🤫 Gossip finished.
[ 2026-03-28 12:11:04 | node_5 | INFO ] 🤫 Gossip finished.
[ 2026-03-28 12:11:04 | node_4 | INFO ] 🤫 Gossip finished.
[ 2026-03-28 12:11:04 | node_3 | INFO ] 🤫 Gossip finished.
[ 2026-03-28 12:11:04 | node_1 | INFO ] 🤫 Gossip finished.
[ 2026-03-28 12:11:04 | node_43 | INFO ] 🤫 Gossip finished.
[ 2026-03-28 12:11:04 | node_4 | INFO ] 🔬 Evaluating...
[ 2026-03-28 12:11:04 | node_42 | INFO ] 🔬 Evaluating...
[ 2026-03-28 12:11:04 | node_5 | INFO ] 🔬 Evaluating...
[ 2026-03-28 12:11:04 | node_3 | INFO ] 🔬 Evaluating...
[ 2026-03-28 12:11:04 | node_1 | INFO ] 🔬 Evaluating...
[ 2026-03-28 12:11:04 | node_6 | INFO ] 🤫 Gossip finished.
[ 2026-03-28 12:11:04 | node_2 | INFO ] 🤫 Gossip finished.
[ 2026-03-28 12:11:04 | node_25 | INFO ] 🤫 Gossip finished.
[ 2026-03-28 12:11:04 | node_43 | INFO ] 🔬 Evaluating...
[ 2026-03-28 12:11:04 | node_7 | INFO ] 🤫 Gossip finished.
[ 2026-03-28 12:11:05 | node_26 | INFO ] 🤫 Gossip finished.
[ 2026-03-28 12:11:05 | node_44 | INFO ] 🤫 Gossip finished.
[ 2026-03-28 12:11:05 | node_26 | INFO ] 🔬 Evaluating...
[ 2026-03-28 12:11:05 | node_25 | INFO ] 🔬 Evaluating...
[ 2026-03-28 12:11:05 | node_6 | INFO ] 🔬 Evaluating...
[ 2026-03-28 12:11:05 | node_7 | INFO ] 🔬 Evaluating...
[ 2026-03-28 12:11:05 | node_2 | INFO ] 🔬 Evaluating...
[ 2026-03-28 12:11:05 | node_45 | INFO ] 🤫 Gossip finished.
[ 2026-03-28 12:11:05 | node_44 | INFO ] 🔬 Evaluating...
[ 2026-03-28 12:11:05 | node_8 | INFO ] 🤫 Gossip finished.
[ 2026-03-28 12:11:05 | node_46 | INFO ] 🤫 Gossip finished.
[ 2026-03-28 12:11:05 | node_9 | INFO ] 🤫 Gossip finished.
[ 2026-03-28 12:11:05 | node_10 | INFO ] 🤫 Gossip finished.
[ 2026-03-28 12:11:05 | node_8 | INFO ] 🔬 Evaluating...
[ 2026-03-28 12:11:05 | node_28 | INFO ] 🤫 Gossip finished.
[ 2026-03-28 12:11:05 | node_10 | INFO ] 🔬 Evaluating...
[ 2026-03-28 12:11:05 | node_45 | INFO ] 🔬 Evaluating...
[ 2026-03-28 12:11:05 | node_9 | INFO ] 🔬 Evaluating...
[ 2026-03-28 12:11:05 | node_11 | INFO ] 🤫 Gossip finished.
[ 2026-03-28 12:11:05 | node_46 | INFO ] 🔬 Evaluating...
[ 2026-03-28 12:11:05 | node_27 | INFO ] 🤫 Gossip finished.
[ 2026-03-28 12:11:05 | node_28 | INFO ] 🔬 Evaluating...
[ 2026-03-28 12:11:05 | node_29 | INFO ] 🤫 Gossip finished.
[ 2026-03-28 12:11:05 | node_11 | INFO ] 🔬 Evaluating...
[ 2026-03-28 12:11:05 | node_30 | INFO ] 🤫 Gossip finished.
[ 2026-03-28 12:11:05 | node_27 | INFO ] 🔬 Evaluating...
[ 2026-03-28 12:11:05 | node_48 | INFO ] 🤫 Gossip finished.
[ 2026-03-28 12:11:05 | node_12 | INFO ] 🤫 Gossip finished.
[ 2026-03-28 12:11:05 | node_47 | INFO ] 🤫 Gossip finished.
[ 2026-03-28 12:11:05 | node_31 | INFO ] 🤫 Gossip finished.
[ 2026-03-28 12:11:05 | node_49 | INFO ] 🤫 Gossip finished.
[ 2026-03-28 12:11:05 | node_13 | INFO ] 🤫 Gossip finished.
[ 2026-03-28 12:11:05 | node_30 | INFO ] 🔬 Evaluating...
[ 2026-03-28 12:11:05 | node_29 | INFO ] 🔬 Evaluating...
[ 2026-03-28 12:11:05 | node_48 | INFO ] 🔬 Evaluating...
[ 2026-03-28 12:11:05 | node_14 | INFO ] 🤫 Gossip finished.
[ 2026-03-28 12:11:05 | node_32 | INFO ] 🤫 Gossip finished.
[ 2026-03-28 12:11:05 | node_13 | INFO ] 🔬 Evaluating...
[ 2026-03-28 12:11:05 | node_49 | INFO ] 🔬 Evaluating...
[ 2026-03-28 12:11:05 | node_12 | INFO ] 🔬 Evaluating...
[ 2026-03-28 12:11:05 | node_47 | INFO ] 🔬 Evaluating...
[ 2026-03-28 12:11:05 | node_33 | INFO ] 🤫 Gossip finished.
[ 2026-03-28 12:11:05 | node_31 | INFO ] 🔬 Evaluating...
[ 2026-03-28 12:11:05 | node_14 | INFO ] 🔬 Evaluating...
[ 2026-03-28 12:11:05 | node_32 | INFO ] 🔬 Evaluating...
[ 2026-03-28 12:11:05 | node_34 | INFO ] 🤫 Gossip finished.
[ 2026-03-28 12:11:05 | node_35 | INFO ] 🤫 Gossip finished.
[ 2026-03-28 12:11:05 | node_33 | INFO ] 🔬 Evaluating...
[ 2026-03-28 12:11:05 | node_34 | INFO ] 🔬 Evaluating...
[ 2026-03-28 12:11:05 | node_35 | INFO ] 🔬 Evaluating...
[ 2026-03-28 12:11:06 | node_15 | INFO ] 📈 Evaluated. Results: {'test_loss': 0.003501252271234989, 'test_accuracy': 0.9916329383850098, 'test_precision': 0.21144333481788635, 'test_recall': 0.5975505113601685, 'test_f1': 0.30349862575531006, 'communication_cost': 182472}
[ 2026-03-28 12:11:06 | node_15 | INFO ] 📢 Broadcasting metrics.
[ 2026-03-28 12:11:06 | node_15 | INFO ] 🎉 Round 143 of 150 finished.
[ 2026-03-28 12:11:06 | node_15 | INFO ] 🗳️ [DETERMINISTIC] Train set assigned (No Voting). Size: 50
[ 2026-03-28 12:11:06 | node_15 | INFO ] 🏋️‍♀️ Preparing training...
[ 2026-03-28 12:11:08 | node_26 | INFO ] 📈 Evaluated. Results: {'test_loss': 0.003986801486462355, 'test_accuracy': 0.9910023212432861, 'test_precision': 0.17151278257369995, 'test_recall': 0.4939497709274292, 'test_f1': 0.24776947498321533, 'communication_cost': 182472}
[ 2026-03-28 12:11:08 | node_26 | INFO ] 📢 Broadcasting metrics.
[ 2026-03-28 12:11:08 | node_26 | INFO ] 🎉 Round 143 of 150 finished.
[ 2026-03-28 12:11:08 | node_26 | INFO ] 🗳️ [DETERMINISTIC] Train set assigned (No Voting). Size: 50
[ 2026-03-28 12:11:08 | node_26 | INFO ] 🏋️‍♀️ Preparing training...
[ 2026-03-28 12:11:09 | node_16 | INFO ] 📈 Evaluated. Results: {'test_loss': 0.004569928627461195, 'test_accuracy': 0.9934322834014893, 'test_precision': 0.3358135223388672, 'test_recall': 0.5688357949256897, 'test_f1': 0.40726378560066223, 'communication_cost': 182472}
[ 2026-03-28 12:11:09 | node_16 | INFO ] 📢 Broadcasting metrics.
[ 2026-03-28 12:11:09 | node_16 | INFO ] 🎉 Round 143 of 150 finished.
[ 2026-03-28 12:11:09 | node_16 | INFO ] 🗳️ [DETERMINISTIC] Train set assigned (No Voting). Size: 50
[ 2026-03-28 12:11:09 | node_16 | INFO ] 🏋️‍♀️ Preparing training...
[ 2026-03-28 12:11:09 | node_28 | INFO ] 📈 Evaluated. Results: {'test_loss': 0.00534569937735796, 'test_accuracy': 0.9919920563697815, 'test_precision': 0.28350451588630676, 'test_recall': 0.49292781949043274, 'test_f1': 0.35493895411491394, 'communication_cost': 182472}
[ 2026-03-28 12:11:09 | node_28 | INFO ] 📢 Broadcasting metrics.
[ 2026-03-28 12:11:09 | node_28 | INFO ] 🎉 Round 143 of 150 finished.
[ 2026-03-28 12:11:09 | node_28 | INFO ] 🗳️ [DETERMINISTIC] Train set assigned (No Voting). Size: 50
[ 2026-03-28 12:11:09 | node_28 | INFO ] 🏋️‍♀️ Preparing training...
[ 2026-03-28 12:11:09 | node_14 | INFO ] 📈 Evaluated. Results: {'test_loss': 0.0031022431794553995, 'test_accuracy': 0.9952316880226135, 'test_precision': 0.3503613770008087, 'test_recall': 0.651053249835968, 'test_f1': 0.4123203754425049, 'communication_cost': 182472}
[ 2026-03-28 12:11:09 | node_14 | INFO ] 📢 Broadcasting metrics.
[ 2026-03-28 12:11:09 | node_14 | INFO ] 🎉 Round 143 of 150 finished.
[ 2026-03-28 12:11:09 | node_14 | INFO ] 🗳️ [DETERMINISTIC] Train set assigned (No Voting). Size: 50
[ 2026-03-28 12:11:09 | node_14 | INFO ] 🏋️‍♀️ Preparing training...
[ 2026-03-28 12:11:09 | node_21 | INFO ] 📈 Evaluated. Results: {'test_loss': 0.006144826300442219, 'test_accuracy': 0.9921720623970032, 'test_precision': 0.21765561401844025, 'test_recall': 0.44168058037757874, 'test_f1': 0.28016820549964905, 'communication_cost': 182472}
[ 2026-03-28 12:11:09 | node_36 | INFO ] 📈 Evaluated. Results: {'test_loss': 0.0045343125239014626, 'test_accuracy': 0.9914522171020508, 'test_precision': 0.22562435269355774, 'test_recall': 0.5577470064163208, 'test_f1': 0.3082147240638733, 'communication_cost': 182472}
[ 2026-03-28 12:11:09 | node_21 | INFO ] 📢 Broadcasting metrics.
[ 2026-03-28 12:11:09 | node_18 | INFO ] 📈 Evaluated. Results: {'test_loss': 0.00444180378690362, 'test_accuracy': 0.9942420125007629, 'test_precision': 0.3532651960849762, 'test_recall': 0.6275805234909058, 'test_f1': 0.4376521706581116, 'communication_cost': 182472}
[ 2026-03-28 12:11:09 | node_36 | INFO ] 📢 Broadcasting metrics.
[ 2026-03-28 12:11:09 | node_18 | INFO ] 📢 Broadcasting metrics.
[ 2026-03-28 12:11:09 | node_21 | INFO ] 🎉 Round 143 of 150 finished.
[ 2026-03-28 12:11:09 | node_18 | INFO ] 🎉 Round 143 of 150 finished.
[ 2026-03-28 12:11:09 | node_36 | INFO ] 🎉 Round 143 of 150 finished.
[ 2026-03-28 12:11:09 | node_21 | INFO ] 🗳️ [DETERMINISTIC] Train set assigned (No Voting). Size: 50
[ 2026-03-28 12:11:09 | node_18 | INFO ] 🗳️ [DETERMINISTIC] Train set assigned (No Voting). Size: 50
[ 2026-03-28 12:11:09 | node_36 | INFO ] 🗳️ [DETERMINISTIC] Train set assigned (No Voting). Size: 50
[ 2026-03-28 12:11:09 | node_17 | INFO ] 📈 Evaluated. Results: {'test_loss': 0.004380525089800358, 'test_accuracy': 0.9916329383850098, 'test_precision': 0.2602648138999939, 'test_recall': 0.5508489608764648, 'test_f1': 0.35125547647476196, 'communication_cost': 182472}
[ 2026-03-28 12:11:09 | node_21 | INFO ] 🏋️‍♀️ Preparing training...
[ 2026-03-28 12:11:09 | node_36 | INFO ] 🏋️‍♀️ Preparing training...
[ 2026-03-28 12:11:09 | node_17 | INFO ] 📢 Broadcasting metrics.
[ 2026-03-28 12:11:09 | node_18 | INFO ] 🏋️‍♀️ Preparing training...
[ 2026-03-28 12:11:09 | node_19 | INFO ] 📈 Evaluated. Results: {'test_loss': 0.0022668263409286737, 'test_accuracy': 0.9944214224815369, 'test_precision': 0.2518002390861511, 'test_recall': 0.5700318217277527, 'test_f1': 0.3358554244041443, 'communication_cost': 182472}
[ 2026-03-28 12:11:09 | node_19 | INFO ] 📢 Broadcasting metrics.
[ 2026-03-28 12:11:09 | node_2 | INFO ] 📈 Evaluated. Results: {'test_loss': 0.004696218762546778, 'test_accuracy': 0.994062066078186, 'test_precision': 0.3596881031990051, 'test_recall': 0.5623890161514282, 'test_f1': 0.4290819764137268, 'communication_cost': 182472}
[ 2026-03-28 12:11:09 | node_24 | INFO ] 📈 Evaluated. Results: {'test_loss': 0.003695911029353738, 'test_accuracy': 0.9953212141990662, 'test_precision': 0.3514500856399536, 'test_recall': 0.5496438145637512, 'test_f1': 0.42077770829200745, 'communication_cost': 182472}
[ 2026-03-28 12:11:09 | node_2 | INFO ] 📢 Broadcasting metrics.
[ 2026-03-28 12:11:09 | node_17 | INFO ] 🎉 Round 143 of 150 finished.
[ 2026-03-28 12:11:09 | node_24 | INFO ] 📢 Broadcasting metrics.
[ 2026-03-28 12:11:09 | node_17 | INFO ] 🗳️ [DETERMINISTIC] Train set assigned (No Voting). Size: 50
[ 2026-03-28 12:11:09 | node_19 | INFO ] 🎉 Round 143 of 150 finished.
[ 2026-03-28 12:11:09 | node_17 | INFO ] 🏋️‍♀️ Preparing training...
[ 2026-03-28 12:11:09 | node_19 | INFO ] 🗳️ [DETERMINISTIC] Train set assigned (No Voting). Size: 50
[ 2026-03-28 12:11:09 | node_19 | INFO ] 🏋️‍♀️ Preparing training...
[ 2026-03-28 12:11:10 | node_2 | INFO ] 🎉 Round 143 of 150 finished.
[ 2026-03-28 12:11:10 | node_24 | INFO ] 🎉 Round 143 of 150 finished.
[ 2026-03-28 12:11:10 | node_2 | INFO ] 🗳️ [DETERMINISTIC] Train set assigned (No Voting). Size: 50
[ 2026-03-28 12:11:10 | node_24 | INFO ] 🗳️ [DETERMINISTIC] Train set assigned (No Voting). Size: 50
[ 2026-03-28 12:11:10 | node_2 | INFO ] 🏋️‍♀️ Preparing training...
[ 2026-03-28 12:11:10 | node_24 | INFO ] 🏋️‍♀️ Preparing training...
[ 2026-03-28 12:11:10 | node_31 | INFO ] 📈 Evaluated. Results: {'test_loss': 0.0030075060203671455, 'test_accuracy': 0.9950512647628784, 'test_precision': 0.37057074904441833, 'test_recall': 0.617527425289154, 'test_f1': 0.45896947383880615, 'communication_cost': 182472}
[ 2026-03-28 12:11:10 | node_31 | INFO ] 📢 Broadcasting metrics.
[ 2026-03-28 12:11:10 | node_20 | INFO ] 📈 Evaluated. Results: {'test_loss': 0.0036721008364111185, 'test_accuracy': 0.9943314790725708, 'test_precision': 0.35108330845832825, 'test_recall': 0.649929940700531, 'test_f1': 0.45010560750961304, 'communication_cost': 182472}
[ 2026-03-28 12:11:10 | node_20 | INFO ] 📢 Broadcasting metrics.
[ 2026-03-28 12:11:10 | node_38 | INFO ] 📈 Evaluated. Results: {'test_loss': 0.003006265265867114, 'test_accuracy': 0.992621898651123, 'test_precision': 0.22751164436340332, 'test_recall': 0.5328221917152405, 'test_f1': 0.3072924017906189, 'communication_cost': 182472}
[ 2026-03-28 12:11:10 | node_38 | INFO ] 📢 Broadcasting metrics.
[ 2026-03-28 12:11:10 | node | INFO ] 📈 Evaluated. Results: {'test_loss': 0.004367872606962919, 'test_accuracy': 0.9936122298240662, 'test_precision': 0.3312760889530182, 'test_recall': 0.5687709450721741, 'test_f1': 0.41118165850639343, 'communication_cost': 8941128}
[ 2026-03-28 12:11:10 | node_31 | INFO ] 🎉 Round 143 of 150 finished.
[ 2026-03-28 12:11:10 | node_37 | INFO ] 📈 Evaluated. Results: {'test_loss': 0.005898601841181517, 'test_accuracy': 0.9949613213539124, 'test_precision': 0.36074119806289673, 'test_recall': 0.38812050223350525, 'test_f1': 0.3574243187904358, 'communication_cost': 182472}
[ 2026-03-28 12:11:10 | node | INFO ] 📢 Broadcasting metrics.
[ 2026-03-28 12:11:10 | node_31 | INFO ] 🗳️ [DETERMINISTIC] Train set assigned (No Voting). Size: 50
[ 2026-03-28 12:11:10 | node_37 | INFO ] 📢 Broadcasting metrics.
[ 2026-03-28 12:11:10 | node_30 | INFO ] 📈 Evaluated. Results: {'test_loss': 0.004438906908035278, 'test_accuracy': 0.993971586227417, 'test_precision': 0.258358895778656, 'test_recall': 0.40049588680267334, 'test_f1': 0.3002137243747711, 'communication_cost': 182472}
[ 2026-03-28 12:11:11 | node_30 | INFO ] 📢 Broadcasting metrics.
[ 2026-03-28 12:11:11 | node_20 | INFO ] 🎉 Round 143 of 150 finished.
[ 2026-03-28 12:11:11 | node_31 | INFO ] 🏋️‍♀️ Preparing training...
[ 2026-03-28 12:11:11 | node_44 | INFO ] 📈 Evaluated. Results: {'test_loss': 0.005309239495545626, 'test_accuracy': 0.9913622736930847, 'test_precision': 0.255327969789505, 'test_recall': 0.5278204083442688, 'test_f1': 0.3346635103225708, 'communication_cost': 182472}
[ 2026-03-28 12:11:11 | node_38 | INFO ] 🎉 Round 143 of 150 finished.
[ 2026-03-28 12:11:11 | node_44 | INFO ] 📢 Broadcasting metrics.
[ 2026-03-28 12:11:11 | node_20 | INFO ] 🗳️ [DETERMINISTIC] Train set assigned (No Voting). Size: 50
[ 2026-03-28 12:11:11 | node_38 | INFO ] 🗳️ [DETERMINISTIC] Train set assigned (No Voting). Size: 50
[ 2026-03-28 12:11:11 | node_20 | INFO ] 🏋️‍♀️ Preparing training...
[ 2026-03-28 12:11:11 | node_40 | INFO ] 📈 Evaluated. Results: {'test_loss': 0.004647758789360523, 'test_accuracy': 0.9919920563697815, 'test_precision': 0.22071990370750427, 'test_recall': 0.4111383557319641, 'test_f1': 0.2844370901584625, 'communication_cost': 182472}
[ 2026-03-28 12:11:11 | node_33 | INFO ] 📈 Evaluated. Results: {'test_loss': 0.005024199839681387, 'test_accuracy': 0.9937016367912292, 'test_precision': 0.32348641753196716, 'test_recall': 0.5057543516159058, 'test_f1': 0.3793559670448303, 'communication_cost': 182472}
[ 2026-03-28 12:11:11 | node_40 | INFO ] 📢 Broadcasting metrics.
[ 2026-03-28 12:11:11 | node_33 | INFO ] 📢 Broadcasting metrics.
[ 2026-03-28 12:11:11 | node_37 | INFO ] 🎉 Round 143 of 150 finished.
[ 2026-03-28 12:11:11 | node_38 | INFO ] 🏋️‍♀️ Preparing training...
[ 2026-03-28 12:11:11 | node_37 | INFO ] 🗳️ [DETERMINISTIC] Train set assigned (No Voting). Size: 50
[ 2026-03-28 12:11:11 | node_32 | INFO ] 📈 Evaluated. Results: {'test_loss': 0.005025804508477449, 'test_accuracy': 0.9918121099472046, 'test_precision': 0.30124467611312866, 'test_recall': 0.624026358127594, 'test_f1': 0.3920755684375763, 'communication_cost': 182472}
[ 2026-03-28 12:11:11 | node_30 | INFO ] 🎉 Round 143 of 150 finished.
[ 2026-03-28 12:11:11 | node_46 | INFO ] 📈 Evaluated. Results: {'test_loss': 0.004037567880004644, 'test_accuracy': 0.9941515326499939, 'test_precision': 0.3413221538066864, 'test_recall': 0.6376978754997253, 'test_f1': 0.43993306159973145, 'communication_cost': 182472}
[ 2026-03-28 12:11:11 | node_27 | INFO ] 📈 Evaluated. Results: {'test_loss': 0.0036806173156946898, 'test_accuracy': 0.9930717945098877, 'test_precision': 0.30206674337387085, 'test_recall': 0.5944456458091736, 'test_f1': 0.39872878789901733, 'communication_cost': 182472}
[ 2026-03-28 12:11:11 | node_32 | INFO ] 📢 Broadcasting metrics.
[ 2026-03-28 12:11:11 | node_44 | INFO ] 🎉 Round 143 of 150 finished.
[ 2026-03-28 12:11:11 | node_30 | INFO ] 🗳️ [DETERMINISTIC] Train set assigned (No Voting). Size: 50
[ 2026-03-28 12:11:11 | node_46 | INFO ] 📢 Broadcasting metrics.
[ 2026-03-28 12:11:11 | node_27 | INFO ] 📢 Broadcasting metrics.
[ 2026-03-28 12:11:11 | node_37 | INFO ] 🏋️‍♀️ Preparing training...
[ 2026-03-28 12:11:11 | node_44 | INFO ] 🗳️ [DETERMINISTIC] Train set assigned (No Voting). Size: 50
[ 2026-03-28 12:11:11 | node_12 | INFO ] 📈 Evaluated. Results: {'test_loss': 0.00365770747885108, 'test_accuracy': 0.9950517416000366, 'test_precision': 0.4135962724685669, 'test_recall': 0.6705584526062012, 'test_f1': 0.489962637424469, 'communication_cost': 182472}
[ 2026-03-28 12:11:11 | node_8 | INFO ] 📈 Evaluated. Results: {'test_loss': 0.003967811819165945, 'test_accuracy': 0.9928925037384033, 'test_precision': 0.2841686010360718, 'test_recall': 0.5737873911857605, 'test_f1': 0.3774333596229553, 'communication_cost': 182472}
[ 2026-03-28 12:11:11 | node_30 | INFO ] 🏋️‍♀️ Preparing training...
[ 2026-03-28 12:11:11 | node_39 | INFO ] 📈 Evaluated. Results: {'test_loss': 0.005061807110905647, 'test_accuracy': 0.9937016367912292, 'test_precision': 0.3398694694042206, 'test_recall': 0.5716784596443176, 'test_f1': 0.4190528988838196, 'communication_cost': 182472}
[ 2026-03-28 12:11:11 | node_48 | INFO ] 📈 Evaluated. Results: {'test_loss': 0.0046233488246798515, 'test_accuracy': 0.9947813749313354, 'test_precision': 0.4124334454536438, 'test_recall': 0.6056535243988037, 'test_f1': 0.4827113449573517, 'communication_cost': 182472}
[ 2026-03-28 12:11:11 | node_12 | INFO ] 📢 Broadcasting metrics.
[ 2026-03-28 12:11:11 | node_8 | INFO ] 📢 Broadcasting metrics.
[ 2026-03-28 12:11:11 | node_40 | INFO ] 🎉 Round 143 of 150 finished.
[ 2026-03-28 12:11:11 | node_6 | INFO ] 📈 Evaluated. Results: {'test_loss': 0.003700865199789405, 'test_accuracy': 0.9938821196556091, 'test_precision': 0.23006349802017212, 'test_recall': 0.47906431555747986, 'test_f1': 0.3074350357055664, 'communication_cost': 182472}
[ 2026-03-28 12:11:11 | node_7 | INFO ] 📈 Evaluated. Results: {'test_loss': 0.005473255645483732, 'test_accuracy': 0.9934322834014893, 'test_precision': 0.34902146458625793, 'test_recall': 0.5409749746322632, 'test_f1': 0.41789183020591736, 'communication_cost': 182472}
[ 2026-03-28 12:11:11 | node_33 | INFO ] 🎉 Round 143 of 150 finished.
[ 2026-03-28 12:11:11 | node_44 | INFO ] 🏋️‍♀️ Preparing training...
[ 2026-03-28 12:11:11 | node_39 | INFO ] 📢 Broadcasting metrics.
[ 2026-03-28 12:11:11 | node_48 | INFO ] 📢 Broadcasting metrics.
[ 2026-03-28 12:11:11 | node_6 | INFO ] 📢 Broadcasting metrics.
[ 2026-03-28 12:11:11 | node_7 | INFO ] 📢 Broadcasting metrics.
[ 2026-03-28 12:11:11 | node_40 | INFO ] 🗳️ [DETERMINISTIC] Train set assigned (No Voting). Size: 50
[ 2026-03-28 12:11:12 | node_33 | INFO ] 🗳️ [DETERMINISTIC] Train set assigned (No Voting). Size: 50
[ 2026-03-28 12:11:12 | node_43 | INFO ] 📈 Evaluated. Results: {'test_loss': 0.004509186837822199, 'test_accuracy': 0.9946014285087585, 'test_precision': 0.28757521510124207, 'test_recall': 0.4438965916633606, 'test_f1': 0.3409159481525421, 'communication_cost': 182472}
[ 2026-03-28 12:11:12 | node_43 | INFO ] 📢 Broadcasting metrics.
[ 2026-03-28 12:11:12 | node_40 | INFO ] 🏋️‍♀️ Preparing training...
[ 2026-03-28 12:11:12 | node_32 | INFO ] 🎉 Round 143 of 150 finished.
[ 2026-03-28 12:11:12 | node_33 | INFO ] 🏋️‍♀️ Preparing training...
[ 2026-03-28 12:11:12 | node_46 | INFO ] 🎉 Round 143 of 150 finished.
[ 2026-03-28 12:11:12 | node_27 | INFO ] 🎉 Round 143 of 150 finished.
[ 2026-03-28 12:11:12 | node_32 | INFO ] 🗳️ [DETERMINISTIC] Train set assigned (No Voting). Size: 50
[ 2026-03-28 12:11:12 | node_46 | INFO ] 🗳️ [DETERMINISTIC] Train set assigned (No Voting). Size: 50
[ 2026-03-28 12:11:12 | node_41 | INFO ] 📈 Evaluated. Results: {'test_loss': 0.004973446484655142, 'test_accuracy': 0.9930717945098877, 'test_precision': 0.28533825278282166, 'test_recall': 0.506271243095398, 'test_f1': 0.36467278003692627, 'communication_cost': 182472}
[ 2026-03-28 12:11:12 | node_27 | INFO ] 🗳️ [DETERMINISTIC] Train set assigned (No Voting). Size: 50
[ 2026-03-28 12:11:12 | node_11 | INFO ] 📈 Evaluated. Results: {'test_loss': 0.005864469334483147, 'test_accuracy': 0.9933423399925232, 'test_precision': 0.32503998279571533, 'test_recall': 0.5178913474082947, 'test_f1': 0.39222127199172974, 'communication_cost': 182472}
[ 2026-03-28 12:11:12 | node_13 | INFO ] 📈 Evaluated. Results: {'test_loss': 0.005169294774532318, 'test_accuracy': 0.994062066078186, 'test_precision': 0.3548298180103302, 'test_recall': 0.558160662651062, 'test_f1': 0.41270431876182556, 'communication_cost': 182472}
[ 2026-03-28 12:11:12 | node_46 | INFO ] 🏋️‍♀️ Preparing training...
[ 2026-03-28 12:11:12 | node_41 | INFO ] 📢 Broadcasting metrics.
[ 2026-03-28 12:11:12 | node_12 | INFO ] 🎉 Round 143 of 150 finished.
[ 2026-03-28 12:11:12 | node_11 | INFO ] 📢 Broadcasting metrics.
[ 2026-03-28 12:11:12 | node_3 | INFO ] 📈 Evaluated. Results: {'test_loss': 0.0048597268760204315, 'test_accuracy': 0.9926225543022156, 'test_precision': 0.31197449564933777, 'test_recall': 0.5834721326828003, 'test_f1': 0.3926895260810852, 'communication_cost': 182472}
[ 2026-03-28 12:11:12 | node_7 | INFO ] 🎉 Round 143 of 150 finished.
[ 2026-03-28 12:11:12 | node_32 | INFO ] 🏋️‍♀️ Preparing training...
[ 2026-03-28 12:11:12 | node_13 | INFO ] 📢 Broadcasting metrics.
[ 2026-03-28 12:11:12 | node_48 | INFO ] 🎉 Round 143 of 150 finished.
[ 2026-03-28 12:11:12 | node_3 | INFO ] 📢 Broadcasting metrics.
[ 2026-03-28 12:11:12 | node_27 | INFO ] 🏋️‍♀️ Preparing training...
[ 2026-03-28 12:11:12 | node_45 | INFO ] 📈 Evaluated. Results: {'test_loss': 0.004850207362323999, 'test_accuracy': 0.9929818511009216, 'test_precision': 0.23913806676864624, 'test_recall': 0.4168058931827545, 'test_f1': 0.291014164686203, 'communication_cost': 182472}
[ 2026-03-28 12:11:12 | node_39 | INFO ] 🎉 Round 143 of 150 finished.
[ 2026-03-28 12:11:12 | node_8 | INFO ] 🎉 Round 143 of 150 finished.
[ 2026-03-28 12:11:12 | node_6 | INFO ] 🎉 Round 143 of 150 finished.
[ 2026-03-28 12:11:12 | node_12 | INFO ] 🗳️ [DETERMINISTIC] Train set assigned (No Voting). Size: 50
[ 2026-03-28 12:11:12 | node_7 | INFO ] 🗳️ [DETERMINISTIC] Train set assigned (No Voting). Size: 50
[ 2026-03-28 12:11:12 | node_45 | INFO ] 📢 Broadcasting metrics.
[ 2026-03-28 12:11:12 | node_48 | INFO ] 🗳️ [DETERMINISTIC] Train set assigned (No Voting). Size: 50
[ 2026-03-28 12:11:12 | node_39 | INFO ] 🗳️ [DETERMINISTIC] Train set assigned (No Voting). Size: 50
[ 2026-03-28 12:11:12 | node_8 | INFO ] 🗳️ [DETERMINISTIC] Train set assigned (No Voting). Size: 50
[ 2026-03-28 12:11:12 | node_6 | INFO ] 🗳️ [DETERMINISTIC] Train set assigned (No Voting). Size: 50
[ 2026-03-28 12:11:12 | node_43 | INFO ] 🎉 Round 143 of 150 finished.
[ 2026-03-28 12:11:12 | node_5 | INFO ] 📈 Evaluated. Results: {'test_loss': 0.007184209302067757, 'test_accuracy': 0.9900134801864624, 'test_precision': 0.21108071506023407, 'test_recall': 0.42183831334114075, 'test_f1': 0.26665881276130676, 'communication_cost': 182472}
[ 2026-03-28 12:11:12 | node_12 | INFO ] 🏋️‍♀️ Preparing training...
[ 2026-03-28 12:11:12 | node_25 | INFO ] 📈 Evaluated. Results: {'test_loss': 0.004017264116555452, 'test_accuracy': 0.9944214224815369, 'test_precision': 0.343021959066391, 'test_recall': 0.6065414547920227, 'test_f1': 0.43686506152153015, 'communication_cost': 182472}
[ 2026-03-28 12:11:12 | node_1 | INFO ] 📈 Evaluated. Results: {'test_loss': 0.004671960603445768, 'test_accuracy': 0.9932523369789124, 'test_precision': 0.23049579560756683, 'test_recall': 0.39373648166656494, 'test_f1': 0.2767297029495239, 'communication_cost': 182472}
[ 2026-03-28 12:11:12 | node_7 | INFO ] 🏋️‍♀️ Preparing training...
[ 2026-03-28 12:11:12 | node_5 | INFO ] 📢 Broadcasting metrics.
[ 2026-03-28 12:11:12 | node_9 | INFO ] 📈 Evaluated. Results: {'test_loss': 0.005804440006613731, 'test_accuracy': 0.9916329383850098, 'test_precision': 0.27589401602745056, 'test_recall': 0.4653133153915405, 'test_f1': 0.3329893946647644, 'communication_cost': 182472}
[ 2026-03-28 12:11:12 | node_25 | INFO ] 📢 Broadcasting metrics.
[ 2026-03-28 12:11:12 | node_48 | INFO ] 🏋️‍♀️ Preparing training...
[ 2026-03-28 12:11:12 | node_43 | INFO ] 🗳️ [DETERMINISTIC] Train set assigned (No Voting). Size: 50
[ 2026-03-28 12:11:12 | node_1 | INFO ] 📢 Broadcasting metrics.
[ 2026-03-28 12:11:12 | node_39 | INFO ] 🏋️‍♀️ Preparing training...
[ 2026-03-28 12:11:12 | node_23 | INFO ] 📈 Evaluated. Results: {'test_loss': 0.004677592311054468, 'test_accuracy': 0.9915422201156616, 'test_precision': 0.2808225452899933, 'test_recall': 0.5727253556251526, 'test_f1': 0.36290305852890015, 'communication_cost': 182472}
[ 2026-03-28 12:11:12 | node_4 | INFO ] 📈 Evaluated. Results: {'test_loss': 0.0036223893985152245, 'test_accuracy': 0.9932523369789124, 'test_precision': 0.28206709027290344, 'test_recall': 0.5372287631034851, 'test_f1': 0.36729535460472107, 'communication_cost': 182472}
[ 2026-03-28 12:11:12 | node_6 | INFO ] 🏋️‍♀️ Preparing training...
[ 2026-03-28 12:11:12 | node_10 | INFO ] 📈 Evaluated. Results: {'test_loss': 0.003719985717907548, 'test_accuracy': 0.9928025007247925, 'test_precision': 0.2432282418012619, 'test_recall': 0.5398730635643005, 'test_f1': 0.3248407244682312, 'communication_cost': 182472}
[ 2026-03-28 12:11:12 | node_8 | INFO ] 🏋️‍♀️ Preparing training...
[ 2026-03-28 12:11:12 | node_9 | INFO ] 📢 Broadcasting metrics.
[ 2026-03-28 12:11:12 | node_23 | INFO ] 📢 Broadcasting metrics.
[ 2026-03-28 12:11:13 | node_4 | INFO ] 📢 Broadcasting metrics.
[ 2026-03-28 12:11:13 | node_10 | INFO ] 📢 Broadcasting metrics.
[ 2026-03-28 12:11:13 | node_35 | INFO ] 📈 Evaluated. Results: {'test_loss': 0.0038130651228129864, 'test_accuracy': 0.9924419522285461, 'test_precision': 0.3508789837360382, 'test_recall': 0.6772195100784302, 'test_f1': 0.4548514187335968, 'communication_cost': 182472}
[ 2026-03-28 12:11:13 | node_42 | INFO ] 📈 Evaluated. Results: {'test_loss': 0.004254914354532957, 'test_accuracy': 0.9937916398048401, 'test_precision': 0.3954642415046692, 'test_recall': 0.6653586626052856, 'test_f1': 0.48292276263237, 'communication_cost': 182472}
[ 2026-03-28 12:11:13 | node_22 | INFO ] 📈 Evaluated. Results: {'test_loss': 0.0035178442485630512, 'test_accuracy': 0.9912722706794739, 'test_precision': 0.2623934745788574, 'test_recall': 0.6320616602897644, 'test_f1': 0.3639683723449707, 'communication_cost': 182472}
[ 2026-03-28 12:11:13 | node_35 | INFO ] 📢 Broadcasting metrics.
[ 2026-03-28 12:11:13 | node_43 | INFO ] 🏋️‍♀️ Preparing training...
[ 2026-03-28 12:11:13 | node_41 | INFO ] 🎉 Round 143 of 150 finished.
[ 2026-03-28 12:11:13 | node_42 | INFO ] 📢 Broadcasting metrics.
[ 2026-03-28 12:11:13 | node_22 | INFO ] 📢 Broadcasting metrics.
[ 2026-03-28 12:11:13 | node_34 | INFO ] 📈 Evaluated. Results: {'test_loss': 0.0053656804375350475, 'test_accuracy': 0.9927119016647339, 'test_precision': 0.24117636680603027, 'test_recall': 0.5926470160484314, 'test_f1': 0.33045142889022827, 'communication_cost': 182472}
[ 2026-03-28 12:11:13 | node_11 | INFO ] 🎉 Round 143 of 150 finished.
[ 2026-03-28 12:11:13 | node_13 | INFO ] 🎉 Round 143 of 150 finished.
[ 2026-03-28 12:11:13 | node_49 | INFO ] 📈 Evaluated. Results: {'test_loss': 0.005037634167820215, 'test_accuracy': 0.9946913719177246, 'test_precision': 0.45557910203933716, 'test_recall': 0.538080096244812, 'test_f1': 0.48110055923461914, 'communication_cost': 182472}
[ 2026-03-28 12:11:13 | node_3 | INFO ] 🎉 Round 143 of 150 finished.
[ 2026-03-28 12:11:13 | node_34 | INFO ] 📢 Broadcasting metrics.
[ 2026-03-28 12:11:13 | node_29 | INFO ] 📈 Evaluated. Results: {'test_loss': 0.004890331998467445, 'test_accuracy': 0.992621898651123, 'test_precision': 0.2581842541694641, 'test_recall': 0.5571885704994202, 'test_f1': 0.3459242582321167, 'communication_cost': 182472}
[ 2026-03-28 12:11:13 | node_41 | INFO ] 🗳️ [DETERMINISTIC] Train set assigned (No Voting). Size: 50
[ 2026-03-28 12:11:13 | node_11 | INFO ] 🗳️ [DETERMINISTIC] Train set assigned (No Voting). Size: 50
[ 2026-03-28 12:11:13 | node_49 | INFO ] 📢 Broadcasting metrics.
[ 2026-03-28 12:11:13 | node_29 | INFO ] 📢 Broadcasting metrics.
[ 2026-03-28 12:11:13 | node_13 | INFO ] 🗳️ [DETERMINISTIC] Train set assigned (No Voting). Size: 50
[ 2026-03-28 12:11:13 | node_45 | INFO ] 🎉 Round 143 of 150 finished.
[ 2026-03-28 12:11:13 | node_3 | INFO ] 🗳️ [DETERMINISTIC] Train set assigned (No Voting). Size: 50
[ 2026-03-28 12:11:13 | node_45 | INFO ] 🗳️ [DETERMINISTIC] Train set assigned (No Voting). Size: 50
[ 2026-03-28 12:11:13 | node_41 | INFO ] 🏋️‍♀️ Preparing training...
[ 2026-03-28 12:11:13 | node_11 | INFO ] 🏋️‍♀️ Preparing training...
[ 2026-03-28 12:11:13 | node_13 | INFO ] 🏋️‍♀️ Preparing training...
[ 2026-03-28 12:11:13 | node_5 | INFO ] 🎉 Round 143 of 150 finished.
[ 2026-03-28 12:11:13 | node_25 | INFO ] 🎉 Round 143 of 150 finished.
[ 2026-03-28 12:11:13 | node_3 | INFO ] 🏋️‍♀️ Preparing training...
[ 2026-03-28 12:11:13 | node_1 | INFO ] 🎉 Round 143 of 150 finished.
[ 2026-03-28 12:11:13 | node_9 | INFO ] 🎉 Round 143 of 150 finished.
[ 2026-03-28 12:11:13 | node_45 | INFO ] 🏋️‍♀️ Preparing training...
[ 2026-03-28 12:11:13 | node_10 | INFO ] 🎉 Round 143 of 150 finished.
[ 2026-03-28 12:11:13 | node_47 | INFO ] 📈 Evaluated. Results: {'test_loss': 0.0038794761057943106, 'test_accuracy': 0.9928018450737, 'test_precision': 0.29329586029052734, 'test_recall': 0.5185360908508301, 'test_f1': 0.35489165782928467, 'communication_cost': 182472}
[ 2026-03-28 12:11:13 | node_23 | INFO ] 🎉 Round 143 of 150 finished.
[ 2026-03-28 12:11:13 | node_4 | INFO ] 🎉 Round 143 of 150 finished.
[ 2026-03-28 12:11:13 | node_5 | INFO ] 🗳️ [DETERMINISTIC] Train set assigned (No Voting). Size: 50
[ 2026-03-28 12:11:13 | node_1 | INFO ] 🗳️ [DETERMINISTIC] Train set assigned (No Voting). Size: 50
[ 2026-03-28 12:11:13 | node_25 | INFO ] 🗳️ [DETERMINISTIC] Train set assigned (No Voting). Size: 50
[ 2026-03-28 12:11:13 | node_9 | INFO ] 🗳️ [DETERMINISTIC] Train set assigned (No Voting). Size: 50
[ 2026-03-28 12:11:13 | node_47 | INFO ] 📢 Broadcasting metrics.
[ 2026-03-28 12:11:13 | node_35 | INFO ] 🎉 Round 143 of 150 finished.
[ 2026-03-28 12:11:13 | node_10 | INFO ] 🗳️ [DETERMINISTIC] Train set assigned (No Voting). Size: 50
[ 2026-03-28 12:11:13 | node_23 | INFO ] 🗳️ [DETERMINISTIC] Train set assigned (No Voting). Size: 50
[ 2026-03-28 12:11:13 | node_4 | INFO ] 🗳️ [DETERMINISTIC] Train set assigned (No Voting). Size: 50
[ 2026-03-28 12:11:13 | node_22 | INFO ] 🎉 Round 143 of 150 finished.
[ 2026-03-28 12:11:13 | node_42 | INFO ] 🎉 Round 143 of 150 finished.
[ 2026-03-28 12:11:13 | node_5 | INFO ] 🏋️‍♀️ Preparing training...
[ 2026-03-28 12:11:13 | node_35 | INFO ] 🗳️ [DETERMINISTIC] Train set assigned (No Voting). Size: 50
[ 2026-03-28 12:11:13 | node_1 | INFO ] 🏋️‍♀️ Preparing training...
[ 2026-03-28 12:11:13 | node_34 | INFO ] 🎉 Round 143 of 150 finished.
[ 2026-03-28 12:11:13 | node_25 | INFO ] 🏋️‍♀️ Preparing training...
[ 2026-03-28 12:11:13 | node_9 | INFO ] 🏋️‍♀️ Preparing training...
[ 2026-03-28 12:11:13 | node_22 | INFO ] 🗳️ [DETERMINISTIC] Train set assigned (No Voting). Size: 50
[ 2026-03-28 12:11:13 | node_42 | INFO ] 🗳️ [DETERMINISTIC] Train set assigned (No Voting). Size: 50
[ 2026-03-28 12:11:13 | node_49 | INFO ] 🎉 Round 143 of 150 finished.
[ 2026-03-28 12:11:13 | node_29 | INFO ] 🎉 Round 143 of 150 finished.
[ 2026-03-28 12:11:14 | node_10 | INFO ] 🏋️‍♀️ Preparing training...
[ 2026-03-28 12:11:14 | node_23 | INFO ] 🏋️‍♀️ Preparing training...
[ 2026-03-28 12:11:14 | node_4 | INFO ] 🏋️‍♀️ Preparing training...
[ 2026-03-28 12:11:14 | node_34 | INFO ] 🗳️ [DETERMINISTIC] Train set assigned (No Voting). Size: 50
[ 2026-03-28 12:11:14 | node_49 | INFO ] 🗳️ [DETERMINISTIC] Train set assigned (No Voting). Size: 50
[ 2026-03-28 12:11:14 | node_35 | INFO ] 🏋️‍♀️ Preparing training...
[ 2026-03-28 12:11:14 | node_29 | INFO ] 🗳️ [DETERMINISTIC] Train set assigned (No Voting). Size: 50
[ 2026-03-28 12:11:14 | node_22 | INFO ] 🏋️‍♀️ Preparing training...
[ 2026-03-28 12:11:14 | node_42 | INFO ] 🏋️‍♀️ Preparing training...
[ 2026-03-28 12:11:14 | node_34 | INFO ] 🏋️‍♀️ Preparing training...
[ 2026-03-28 12:11:14 | node_49 | INFO ] 🏋️‍♀️ Preparing training...
[ 2026-03-28 12:11:14 | node_29 | INFO ] 🏋️‍♀️ Preparing training...
[ 2026-03-28 12:11:14 | node_47 | INFO ] 🎉 Round 143 of 150 finished.
[ 2026-03-28 12:11:14 | node_47 | INFO ] 🗳️ [DETERMINISTIC] Train set assigned (No Voting). Size: 50
[ 2026-03-28 12:11:14 | node_47 | INFO ] 🏋️‍♀️ Preparing training...
[ 2026-03-28 12:11:18 | node_15 | INFO ] 🎓 Training step done.
[ 2026-03-28 12:11:18 | node_15 | INFO ] 🛠️ Calling force_add_local_model...
[ 2026-03-28 12:11:18 | node_15 | INFO ] ✅ [FORCE] Local model added for round 143. (1/2)
[ 2026-03-28 12:11:19 | node | INFO ] 🎉 Round 143 of 150 finished.
[ 2026-03-28 12:11:19 | node | INFO ] 🗳️ [DETERMINISTIC] Train set assigned (No Voting). Size: 50
[ 2026-03-28 12:11:19 | node | INFO ] 🏋️‍♀️ Preparing training...
[ 2026-03-28 12:11:23 | node_15 | INFO ] 📤 Sending model to 1 direct neighbors: ['node']
[ 2026-03-28 12:11:23 | node | INFO ] 🧩 Model added for round 143 (1/50) from ['node_15']
[ 2026-03-28 12:11:23 | node_24 | INFO ] 🎓 Training step done.
[ 2026-03-28 12:11:23 | node_24 | INFO ] 🛠️ Calling force_add_local_model...
[ 2026-03-28 12:11:23 | node_24 | INFO ] ✅ [FORCE] Local model added for round 143. (1/2)
[ 2026-03-28 12:11:26 | node_2 | INFO ] 🎓 Training step done.
[ 2026-03-28 12:11:26 | node_2 | INFO ] 🛠️ Calling force_add_local_model...
[ 2026-03-28 12:11:26 | node_2 | INFO ] ✅ [FORCE] Local model added for round 143. (1/2)
[ 2026-03-28 12:11:26 | node_28 | INFO ] 🎓 Training step done.
[ 2026-03-28 12:11:26 | node_28 | INFO ] 🛠️ Calling force_add_local_model...
[ 2026-03-28 12:11:26 | node_28 | INFO ] ✅ [FORCE] Local model added for round 143. (1/2)
[ 2026-03-28 12:11:26 | node_6 | INFO ] 🎓 Training step done.
[ 2026-03-28 12:11:26 | node_6 | INFO ] 🛠️ Calling force_add_local_model...
[ 2026-03-28 12:11:26 | node_6 | INFO ] ✅ [FORCE] Local model added for round 143. (1/2)
[ 2026-03-28 12:11:27 | node_26 | INFO ] 🎓 Training step done.
[ 2026-03-28 12:11:27 | node_26 | INFO ] 🛠️ Calling force_add_local_model...
[ 2026-03-28 12:11:27 | node_26 | INFO ] ✅ [FORCE] Local model added for round 143. (1/2)
[ 2026-03-28 12:11:27 | node_44 | INFO ] 🎓 Training step done.
[ 2026-03-28 12:11:27 | node_44 | INFO ] 🛠️ Calling force_add_local_model...
[ 2026-03-28 12:11:27 | node_21 | INFO ] 🎓 Training step done.
[ 2026-03-28 12:11:27 | node_44 | INFO ] ✅ [FORCE] Local model added for round 143. (1/2)
[ 2026-03-28 12:11:27 | node_21 | INFO ] 🛠️ Calling force_add_local_model...
[ 2026-03-28 12:11:27 | node_14 | INFO ] 🎓 Training step done.
[ 2026-03-28 12:11:27 | node_19 | INFO ] 🎓 Training step done.
[ 2026-03-28 12:11:27 | node_21 | INFO ] ✅ [FORCE] Local model added for round 143. (1/2)
[ 2026-03-28 12:11:27 | node_14 | INFO ] 🛠️ Calling force_add_local_model...
[ 2026-03-28 12:11:27 | node_19 | INFO ] 🛠️ Calling force_add_local_model...
[ 2026-03-28 12:11:27 | node_14 | INFO ] ✅ [FORCE] Local model added for round 143. (1/2)
[ 2026-03-28 12:11:27 | node_19 | INFO ] ✅ [FORCE] Local model added for round 143. (1/2)
[ 2026-03-28 12:11:27 | node_20 | INFO ] 🎓 Training step done.
[ 2026-03-28 12:11:27 | node_20 | INFO ] 🛠️ Calling force_add_local_model...
[ 2026-03-28 12:11:27 | node_20 | INFO ] ✅ [FORCE] Local model added for round 143. (1/2)
[ 2026-03-28 12:11:28 | node_11 | INFO ] 🎓 Training step done.
[ 2026-03-28 12:11:28 | node_11 | INFO ] 🛠️ Calling force_add_local_model...
[ 2026-03-28 12:11:28 | node_11 | INFO ] ✅ [FORCE] Local model added for round 143. (1/2)
[ 2026-03-28 12:11:28 | node_18 | INFO ] 🎓 Training step done.
[ 2026-03-28 12:11:28 | node_18 | INFO ] 🛠️ Calling force_add_local_model...
[ 2026-03-28 12:11:28 | node_18 | INFO ] ✅ [FORCE] Local model added for round 143. (1/2)
[ 2026-03-28 12:11:28 | node_24 | INFO ] 📤 Sending model to 1 direct neighbors: ['node']
[ 2026-03-28 12:11:28 | node | INFO ] 🧩 Model added for round 143 (2/50) from ['node_24']
[ 2026-03-28 12:11:28 | node_17 | INFO ] 🎓 Training step done.
[ 2026-03-28 12:11:28 | node_17 | INFO ] 🛠️ Calling force_add_local_model...
[ 2026-03-28 12:11:28 | node_17 | INFO ] ✅ [FORCE] Local model added for round 143. (1/2)
[ 2026-03-28 12:11:28 | node_1 | INFO ] 🎓 Training step done.
[ 2026-03-28 12:11:28 | node_1 | INFO ] 🛠️ Calling force_add_local_model...
[ 2026-03-28 12:11:28 | node_1 | INFO ] ✅ [FORCE] Local model added for round 143. (1/2)
[ 2026-03-28 12:11:29 | node_30 | INFO ] 🎓 Training step done.
[ 2026-03-28 12:11:29 | node_30 | INFO ] 🛠️ Calling force_add_local_model...
[ 2026-03-28 12:11:29 | node_30 | INFO ] ✅ [FORCE] Local model added for round 143. (1/2)
[ 2026-03-28 12:11:29 | node_34 | INFO ] 🎓 Training step done.
[ 2026-03-28 12:11:29 | node_34 | INFO ] 🛠️ Calling force_add_local_model...
[ 2026-03-28 12:11:29 | node_34 | INFO ] ✅ [FORCE] Local model added for round 143. (1/2)
[ 2026-03-28 12:11:29 | node_25 | INFO ] 🎓 Training step done.
[ 2026-03-28 12:11:29 | node_25 | INFO ] 🛠️ Calling force_add_local_model...
[ 2026-03-28 12:11:29 | node_25 | INFO ] ✅ [FORCE] Local model added for round 143. (1/2)
[ 2026-03-28 12:11:29 | node_40 | INFO ] 🎓 Training step done.
[ 2026-03-28 12:11:29 | node_40 | INFO ] 🛠️ Calling force_add_local_model...
[ 2026-03-28 12:11:29 | node_4 | INFO ] 🎓 Training step done.
[ 2026-03-28 12:11:29 | node_40 | INFO ] ✅ [FORCE] Local model added for round 143. (1/2)
[ 2026-03-28 12:11:29 | node_46 | INFO ] 🎓 Training step done.
[ 2026-03-28 12:11:29 | node_4 | INFO ] 🛠️ Calling force_add_local_model...
[ 2026-03-28 12:11:29 | node_32 | INFO ] 🎓 Training step done.
[ 2026-03-28 12:11:29 | node_16 | INFO ] 🎓 Training step done.
[ 2026-03-28 12:11:29 | node_46 | INFO ] 🛠️ Calling force_add_local_model...
[ 2026-03-28 12:11:29 | node_4 | INFO ] ✅ [FORCE] Local model added for round 143. (1/2)
[ 2026-03-28 12:11:29 | node_36 | INFO ] 🎓 Training step done.
[ 2026-03-28 12:11:29 | node_32 | INFO ] 🛠️ Calling force_add_local_model...
[ 2026-03-28 12:11:29 | node_16 | INFO ] 🛠️ Calling force_add_local_model...
[ 2026-03-28 12:11:29 | node_46 | INFO ] ✅ [FORCE] Local model added for round 143. (1/2)
[ 2026-03-28 12:11:29 | node_36 | INFO ] 🛠️ Calling force_add_local_model...
[ 2026-03-28 12:11:29 | node_32 | INFO ] ✅ [FORCE] Local model added for round 143. (1/2)
[ 2026-03-28 12:11:30 | node_16 | INFO ] ✅ [FORCE] Local model added for round 143. (1/2)
[ 2026-03-28 12:11:30 | node_36 | INFO ] ✅ [FORCE] Local model added for round 143. (1/2)
[ 2026-03-28 12:11:30 | node_27 | INFO ] 🎓 Training step done.
[ 2026-03-28 12:11:30 | node_27 | INFO ] 🛠️ Calling force_add_local_model...
[ 2026-03-28 12:11:30 | node_27 | INFO ] ✅ [FORCE] Local model added for round 143. (1/2)
[ 2026-03-28 12:11:30 | node_9 | INFO ] 🎓 Training step done.
[ 2026-03-28 12:11:30 | node_49 | INFO ] 🎓 Training step done.
[ 2026-03-28 12:11:30 | node_9 | INFO ] 🛠️ Calling force_add_local_model...
[ 2026-03-28 12:11:30 | node_49 | INFO ] 🛠️ Calling force_add_local_model...
[ 2026-03-28 12:11:30 | node_9 | INFO ] ✅ [FORCE] Local model added for round 143. (1/2)
[ 2026-03-28 12:11:30 | node_49 | INFO ] ✅ [FORCE] Local model added for round 143. (1/2)
[ 2026-03-28 12:11:30 | node_39 | INFO ] 🎓 Training step done.
[ 2026-03-28 12:11:30 | node_12 | INFO ] 🎓 Training step done.
[ 2026-03-28 12:11:30 | node_3 | INFO ] 🎓 Training step done.
[ 2026-03-28 12:11:30 | node_39 | INFO ] 🛠️ Calling force_add_local_model...
[ 2026-03-28 12:11:30 | node_12 | INFO ] 🛠️ Calling force_add_local_model...
[ 2026-03-28 12:11:30 | node_3 | INFO ] 🛠️ Calling force_add_local_model...
[ 2026-03-28 12:11:30 | node_39 | INFO ] ✅ [FORCE] Local model added for round 143. (1/2)
[ 2026-03-28 12:11:30 | node_12 | INFO ] ✅ [FORCE] Local model added for round 143. (1/2)
[ 2026-03-28 12:11:30 | node_3 | INFO ] ✅ [FORCE] Local model added for round 143. (1/2)
[ 2026-03-28 12:11:30 | node_48 | INFO ] 🎓 Training step done.
[ 2026-03-28 12:11:30 | node_48 | INFO ] 🛠️ Calling force_add_local_model...
[ 2026-03-28 12:11:30 | node_48 | INFO ] ✅ [FORCE] Local model added for round 143. (1/2)
[ 2026-03-28 12:11:30 | node_38 | INFO ] 🎓 Training step done.
[ 2026-03-28 12:11:30 | node_38 | INFO ] 🛠️ Calling force_add_local_model...
[ 2026-03-28 12:11:30 | node_38 | INFO ] ✅ [FORCE] Local model added for round 143. (1/2)
[ 2026-03-28 12:11:30 | node_13 | INFO ] 🎓 Training step done.
[ 2026-03-28 12:11:30 | node_13 | INFO ] 🛠️ Calling force_add_local_model...
[ 2026-03-28 12:11:30 | node_33 | INFO ] 🎓 Training step done.
[ 2026-03-28 12:11:30 | node_33 | INFO ] 🛠️ Calling force_add_local_model...
[ 2026-03-28 12:11:30 | node_13 | INFO ] ✅ [FORCE] Local model added for round 143. (1/2)
[ 2026-03-28 12:11:30 | node_33 | INFO ] ✅ [FORCE] Local model added for round 143. (1/2)
[ 2026-03-28 12:11:30 | node_31 | INFO ] 🎓 Training step done.
[ 2026-03-28 12:11:30 | node_31 | INFO ] 🛠️ Calling force_add_local_model...
[ 2026-03-28 12:11:30 | node_31 | INFO ] ✅ [FORCE] Local model added for round 143. (1/2)
[ 2026-03-28 12:11:30 | node_35 | INFO ] 🎓 Training step done.
[ 2026-03-28 12:11:30 | node_37 | INFO ] 🎓 Training step done.
[ 2026-03-28 12:11:30 | node_37 | INFO ] 🛠️ Calling force_add_local_model...
[ 2026-03-28 12:11:30 | node_35 | INFO ] 🛠️ Calling force_add_local_model...
[ 2026-03-28 12:11:30 | node_29 | INFO ] 🎓 Training step done.
[ 2026-03-28 12:11:30 | node_37 | INFO ] ✅ [FORCE] Local model added for round 143. (1/2)
[ 2026-03-28 12:11:30 | node_35 | INFO ] ✅ [FORCE] Local model added for round 143. (1/2)
[ 2026-03-28 12:11:30 | node_29 | INFO ] 🛠️ Calling force_add_local_model...
[ 2026-03-28 12:11:30 | node_29 | INFO ] ✅ [FORCE] Local model added for round 143. (1/2)
[ 2026-03-28 12:11:30 | node_41 | INFO ] 🎓 Training step done.
[ 2026-03-28 12:11:30 | node_41 | INFO ] 🛠️ Calling force_add_local_model...
[ 2026-03-28 12:11:30 | node_41 | INFO ] ✅ [FORCE] Local model added for round 143. (1/2)
[ 2026-03-28 12:11:30 | node_47 | INFO ] 🎓 Training step done.
[ 2026-03-28 12:11:30 | node_47 | INFO ] 🛠️ Calling force_add_local_model...
[ 2026-03-28 12:11:30 | node_47 | INFO ] ✅ [FORCE] Local model added for round 143. (1/2)
[ 2026-03-28 12:11:30 | node_7 | INFO ] 🎓 Training step done.
[ 2026-03-28 12:11:30 | node_7 | INFO ] 🛠️ Calling force_add_local_model...
[ 2026-03-28 12:11:30 | node_7 | INFO ] ✅ [FORCE] Local model added for round 143. (1/2)
[ 2026-03-28 12:11:30 | node_43 | INFO ] 🎓 Training step done.
[ 2026-03-28 12:11:30 | node_43 | INFO ] 🛠️ Calling force_add_local_model...
[ 2026-03-28 12:11:30 | node_43 | INFO ] ✅ [FORCE] Local model added for round 143. (1/2)
[ 2026-03-28 12:11:30 | node_10 | INFO ] 🎓 Training step done.
[ 2026-03-28 12:11:30 | node_10 | INFO ] 🛠️ Calling force_add_local_model...
[ 2026-03-28 12:11:30 | node_10 | INFO ] ✅ [FORCE] Local model added for round 143. (1/2)
[ 2026-03-28 12:11:31 | node_42 | INFO ] 🎓 Training step done.
[ 2026-03-28 12:11:31 | node_42 | INFO ] 🛠️ Calling force_add_local_model...
[ 2026-03-28 12:11:31 | node_42 | INFO ] ✅ [FORCE] Local model added for round 143. (1/2)
[ 2026-03-28 12:11:31 | node_22 | INFO ] 🎓 Training step done.
[ 2026-03-28 12:11:31 | node_22 | INFO ] 🛠️ Calling force_add_local_model...
[ 2026-03-28 12:11:31 | node_22 | INFO ] ✅ [FORCE] Local model added for round 143. (1/2)
[ 2026-03-28 12:11:31 | node_5 | INFO ] 🎓 Training step done.
[ 2026-03-28 12:11:31 | node_5 | INFO ] 🛠️ Calling force_add_local_model...
[ 2026-03-28 12:11:31 | node_23 | INFO ] 🎓 Training step done.
[ 2026-03-28 12:11:31 | node_5 | INFO ] ✅ [FORCE] Local model added for round 143. (1/2)
[ 2026-03-28 12:11:31 | node_23 | INFO ] 🛠️ Calling force_add_local_model...
[ 2026-03-28 12:11:31 | node_23 | INFO ] ✅ [FORCE] Local model added for round 143. (1/2)
[ 2026-03-28 12:11:31 | node_45 | INFO ] 🎓 Training step done.
[ 2026-03-28 12:11:31 | node_45 | INFO ] 🛠️ Calling force_add_local_model...
[ 2026-03-28 12:11:31 | node_45 | INFO ] ✅ [FORCE] Local model added for round 143. (1/2)
[ 2026-03-28 12:11:31 | node_2 | INFO ] 📤 Sending model to 1 direct neighbors: ['node']
[ 2026-03-28 12:11:31 | node | INFO ] 🧩 Model added for round 143 (3/50) from ['node_2']
[ 2026-03-28 12:11:31 | node_8 | INFO ] 🎓 Training step done.
[ 2026-03-28 12:11:31 | node_8 | INFO ] 🛠️ Calling force_add_local_model...
[ 2026-03-28 12:11:31 | node_8 | INFO ] ✅ [FORCE] Local model added for round 143. (1/2)
[ 2026-03-28 12:11:31 | node_28 | INFO ] 📤 Sending model to 1 direct neighbors: ['node']
[ 2026-03-28 12:11:31 | node | INFO ] 🧩 Model added for round 143 (4/50) from ['node_28']
[ 2026-03-28 12:11:31 | node | INFO ] 🎓 Training step done.
[ 2026-03-28 12:11:31 | node | INFO ] 🛠️ Calling force_add_local_model...
[ 2026-03-28 12:11:31 | node | INFO ] ✅ [FORCE] Local model added for round 143. (5/50)
[ 2026-03-28 12:11:31 | node_6 | INFO ] 📤 Sending model to 1 direct neighbors: ['node']
[ 2026-03-28 12:11:31 | node | INFO ] 🧩 Model added for round 143 (6/50) from ['node_6']
[ 2026-03-28 12:11:32 | node_26 | INFO ] 📤 Sending model to 1 direct neighbors: ['node']
[ 2026-03-28 12:11:32 | node | INFO ] 🧩 Model added for round 143 (7/50) from ['node_26']
[ 2026-03-28 12:11:32 | node_44 | INFO ] 📤 Sending model to 1 direct neighbors: ['node']
[ 2026-03-28 12:11:32 | node | INFO ] 🧩 Model added for round 143 (8/50) from ['node_44']
[ 2026-03-28 12:11:32 | node_21 | INFO ] 📤 Sending model to 1 direct neighbors: ['node']
[ 2026-03-28 12:11:32 | node_14 | INFO ] 📤 Sending model to 1 direct neighbors: ['node']
[ 2026-03-28 12:11:32 | node_19 | INFO ] 📤 Sending model to 1 direct neighbors: ['node']
[ 2026-03-28 12:11:32 | node | INFO ] 🧩 Model added for round 143 (9/50) from ['node_21']
[ 2026-03-28 12:11:32 | node | INFO ] 🧩 Model added for round 143 (10/50) from ['node_19']
[ 2026-03-28 12:11:32 | node | INFO ] 🧩 Model added for round 143 (11/50) from ['node_14']
[ 2026-03-28 12:11:32 | node_20 | INFO ] 📤 Sending model to 1 direct neighbors: ['node']
[ 2026-03-28 12:11:32 | node | INFO ] 🧩 Model added for round 143 (12/50) from ['node_20']
[ 2026-03-28 12:11:33 | node_11 | INFO ] 📤 Sending model to 1 direct neighbors: ['node']
[ 2026-03-28 12:11:33 | node | INFO ] 🧩 Model added for round 143 (13/50) from ['node_11']
[ 2026-03-28 12:11:33 | node_18 | INFO ] 📤 Sending model to 1 direct neighbors: ['node']
[ 2026-03-28 12:11:33 | node | INFO ] 🧩 Model added for round 143 (14/50) from ['node_18']
[ 2026-03-28 12:11:33 | node_17 | INFO ] 📤 Sending model to 1 direct neighbors: ['node']
[ 2026-03-28 12:11:33 | node | INFO ] 🧩 Model added for round 143 (15/50) from ['node_17']
[ 2026-03-28 12:11:33 | node_1 | INFO ] 📤 Sending model to 1 direct neighbors: ['node']
[ 2026-03-28 12:11:33 | node | INFO ] 🧩 Model added for round 143 (16/50) from ['node_1']
[ 2026-03-28 12:11:34 | node_30 | INFO ] 📤 Sending model to 1 direct neighbors: ['node']
[ 2026-03-28 12:11:34 | node | INFO ] 🧩 Model added for round 143 (17/50) from ['node_30']
[ 2026-03-28 12:11:34 | node_34 | INFO ] 📤 Sending model to 1 direct neighbors: ['node']
[ 2026-03-28 12:11:34 | node | INFO ] 🧩 Model added for round 143 (18/50) from ['node_34']
[ 2026-03-28 12:11:34 | node_25 | INFO ] 📤 Sending model to 1 direct neighbors: ['node']
[ 2026-03-28 12:11:34 | node | INFO ] 🧩 Model added for round 143 (19/50) from ['node_25']
[ 2026-03-28 12:11:34 | node_40 | INFO ] 📤 Sending model to 1 direct neighbors: ['node']
[ 2026-03-28 12:11:34 | node | INFO ] 🧩 Model added for round 143 (20/50) from ['node_40']
[ 2026-03-28 12:11:34 | node_4 | INFO ] 📤 Sending model to 1 direct neighbors: ['node']
[ 2026-03-28 12:11:34 | node | INFO ] 🧩 Model added for round 143 (21/50) from ['node_4']
[ 2026-03-28 12:11:34 | node_46 | INFO ] 📤 Sending model to 1 direct neighbors: ['node']
[ 2026-03-28 12:11:35 | node_32 | INFO ] 📤 Sending model to 1 direct neighbors: ['node']
[ 2026-03-28 12:11:35 | node_16 | INFO ] 📤 Sending model to 1 direct neighbors: ['node']
[ 2026-03-28 12:11:35 | node_36 | INFO ] 📤 Sending model to 1 direct neighbors: ['node']
[ 2026-03-28 12:11:35 | node | INFO ] 🧩 Model added for round 143 (22/50) from ['node_46']
[ 2026-03-28 12:11:35 | node | INFO ] 🧩 Model added for round 143 (23/50) from ['node_32']
[ 2026-03-28 12:11:35 | node | INFO ] 🧩 Model added for round 143 (24/50) from ['node_36']
[ 2026-03-28 12:11:35 | node_27 | INFO ] 📤 Sending model to 1 direct neighbors: ['node']
[ 2026-03-28 12:11:35 | node | INFO ] 🧩 Model added for round 143 (25/50) from ['node_16']
[ 2026-03-28 12:11:35 | node_9 | INFO ] 📤 Sending model to 1 direct neighbors: ['node']
[ 2026-03-28 12:11:35 | node_49 | INFO ] 📤 Sending model to 1 direct neighbors: ['node']
[ 2026-03-28 12:11:35 | node | INFO ] 🧩 Model added for round 143 (26/50) from ['node_27']
[ 2026-03-28 12:11:35 | node_39 | INFO ] 📤 Sending model to 1 direct neighbors: ['node']
[ 2026-03-28 12:11:35 | node_3 | INFO ] 📤 Sending model to 1 direct neighbors: ['node']
[ 2026-03-28 12:11:35 | node_12 | INFO ] 📤 Sending model to 1 direct neighbors: ['node']
[ 2026-03-28 12:11:35 | node | INFO ] 🧩 Model added for round 143 (27/50) from ['node_49']
[ 2026-03-28 12:11:35 | node_48 | INFO ] 📤 Sending model to 1 direct neighbors: ['node']
[ 2026-03-28 12:11:35 | node_38 | INFO ] 📤 Sending model to 1 direct neighbors: ['node']
[ 2026-03-28 12:11:35 | node | INFO ] 🧩 Model added for round 143 (28/50) from ['node_9']
[ 2026-03-28 12:11:35 | node_13 | INFO ] 📤 Sending model to 1 direct neighbors: ['node']
[ 2026-03-28 12:11:35 | node_33 | INFO ] 📤 Sending model to 1 direct neighbors: ['node']
[ 2026-03-28 12:11:35 | node_31 | INFO ] 📤 Sending model to 1 direct neighbors: ['node']
[ 2026-03-28 12:11:35 | node | INFO ] 🧩 Model added for round 143 (29/50) from ['node_12']
[ 2026-03-28 12:11:35 | node | INFO ] 🧩 Model added for round 143 (30/50) from ['node_48']
[ 2026-03-28 12:11:35 | node | INFO ] 🧩 Model added for round 143 (31/50) from ['node_39']
[ 2026-03-28 12:11:35 | node_37 | INFO ] 📤 Sending model to 1 direct neighbors: ['node']
[ 2026-03-28 12:11:35 | node_35 | INFO ] 📤 Sending model to 1 direct neighbors: ['node']
[ 2026-03-28 12:11:35 | node_29 | INFO ] 📤 Sending model to 1 direct neighbors: ['node']
[ 2026-03-28 12:11:35 | node | INFO ] 🧩 Model added for round 143 (32/50) from ['node_3']
[ 2026-03-28 12:11:35 | node_41 | INFO ] 📤 Sending model to 1 direct neighbors: ['node']
[ 2026-03-28 12:11:35 | node | INFO ] 🧩 Model added for round 143 (33/50) from ['node_38']
[ 2026-03-28 12:11:35 | node_47 | INFO ] 📤 Sending model to 1 direct neighbors: ['node']
[ 2026-03-28 12:11:35 | node | INFO ] 🧩 Model added for round 143 (34/50) from ['node_13']
[ 2026-03-28 12:11:35 | node_7 | INFO ] 📤 Sending model to 1 direct neighbors: ['node']
[ 2026-03-28 12:11:35 | node | INFO ] 🧩 Model added for round 143 (35/50) from ['node_33']
[ 2026-03-28 12:11:35 | node_10 | INFO ] 📤 Sending model to 1 direct neighbors: ['node']
[ 2026-03-28 12:11:35 | node_43 | INFO ] 📤 Sending model to 1 direct neighbors: ['node']
[ 2026-03-28 12:11:36 | node_42 | INFO ] 📤 Sending model to 1 direct neighbors: ['node']
[ 2026-03-28 12:11:36 | node_22 | INFO ] 📤 Sending model to 1 direct neighbors: ['node']
[ 2026-03-28 12:11:36 | node | INFO ] 🧩 Model added for round 143 (36/50) from ['node_31']
[ 2026-03-28 12:11:36 | node | INFO ] 🧩 Model added for round 143 (37/50) from ['node_41']
[ 2026-03-28 12:11:36 | node | INFO ] 🧩 Model added for round 143 (38/50) from ['node_37']
[ 2026-03-28 12:11:36 | node | INFO ] 🧩 Model added for round 143 (39/50) from ['node_29']
[ 2026-03-28 12:11:36 | node | INFO ] 🧩 Model added for round 143 (40/50) from ['node_35']
[ 2026-03-28 12:11:36 | node_5 | INFO ] 📤 Sending model to 1 direct neighbors: ['node']
[ 2026-03-28 12:11:36 | node_23 | INFO ] 📤 Sending model to 1 direct neighbors: ['node']
[ 2026-03-28 12:11:36 | node_45 | INFO ] 📤 Sending model to 1 direct neighbors: ['node']
[ 2026-03-28 12:11:36 | node_8 | INFO ] 📤 Sending model to 1 direct neighbors: ['node']
[ 2026-03-28 12:11:36 | node | INFO ] 🧩 Model added for round 143 (41/50) from ['node_7']
[ 2026-03-28 12:11:36 | node | INFO ] 📤 Sending model to 49 direct neighbors: ['node_1', 'node_2', 'node_3', 'node_4', 'node_5', 'node_6', 'node_7', 'node_8', 'node_9', 'node_10', 'node_11', 'node_12', 'node_13', 'node_14', 'node_15', 'node_16', 'node_17', 'node_18', 'node_19', 'node_20', 'node_21', 'node_22', 'node_23', 'node_24', 'node_25', 'node_26', 'node_27', 'node_28', 'node_29', 'node_30', 'node_31', 'node_32', 'node_33', 'node_34', 'node_35', 'node_36', 'node_37', 'node_38', 'node_39', 'node_40', 'node_41', 'node_42', 'node_43', 'node_44', 'node_45', 'node_46', 'node_47', 'node_48', 'node_49']
[ 2026-03-28 12:11:36 | node | INFO ] 🧩 Model added for round 143 (42/50) from ['node_47']
[ 2026-03-28 12:11:36 | node | INFO ] 🧩 Model added for round 143 (43/50) from ['node_10']
[ 2026-03-28 12:11:36 | node | INFO ] 🧩 Model added for round 143 (44/50) from ['node_43']
[ 2026-03-28 12:11:36 | node | INFO ] 🧩 Model added for round 143 (45/50) from ['node_42']
[ 2026-03-28 12:11:36 | node | INFO ] 🧩 Model added for round 143 (46/50) from ['node_5']
[ 2026-03-28 12:11:36 | node | INFO ] 🧩 Model added for round 143 (47/50) from ['node_22']
[ 2026-03-28 12:11:36 | node | INFO ] 🧩 Model added for round 143 (48/50) from ['node_23']
[ 2026-03-28 12:11:36 | node | INFO ] 🧩 Model added for round 143 (49/50) from ['node_45']
[ 2026-03-28 12:11:36 | node | INFO ] 🧩 Model added for round 143 (50/50) from ['node_8']
[ 2026-03-28 12:11:37 | node_1 | INFO ] 🧩 Model added for round 143 (2/2) from ['node']
[ 2026-03-28 12:11:37 | node_2 | INFO ] 🧩 Model added for round 143 (2/2) from ['node']
[ 2026-03-28 12:11:37 | node_1 | INFO ] 🧠 Aggregation complete. Setting new model.
[ 2026-03-28 12:11:37 | node_1 | INFO ] 🗣️ Gossiping aggregated model.
[ 2026-03-28 12:11:38 | node_3 | INFO ] 🧩 Model added for round 143 (2/2) from ['node']
[ 2026-03-28 12:11:38 | node_2 | INFO ] 🧠 Aggregation complete. Setting new model.
[ 2026-03-28 12:11:38 | node_4 | INFO ] 🧩 Model added for round 143 (2/2) from ['node']
[ 2026-03-28 12:11:38 | node_2 | INFO ] 🗣️ Gossiping aggregated model.
[ 2026-03-28 12:11:38 | node_3 | INFO ] 🧠 Aggregation complete. Setting new model.
[ 2026-03-28 12:11:38 | node_5 | INFO ] 🧩 Model added for round 143 (2/2) from ['node']
[ 2026-03-28 12:11:38 | node_3 | INFO ] 🗣️ Gossiping aggregated model.
[ 2026-03-28 12:11:38 | node_4 | INFO ] 🧠 Aggregation complete. Setting new model.
[ 2026-03-28 12:11:38 | node_4 | INFO ] 🗣️ Gossiping aggregated model.
[ 2026-03-28 12:11:38 | node_5 | INFO ] 🧠 Aggregation complete. Setting new model.
[ 2026-03-28 12:11:38 | node_6 | INFO ] 🧩 Model added for round 143 (2/2) from ['node']
[ 2026-03-28 12:11:38 | node_5 | INFO ] 🗣️ Gossiping aggregated model.
[ 2026-03-28 12:11:38 | node_6 | INFO ] 🧠 Aggregation complete. Setting new model.
[ 2026-03-28 12:11:38 | node_7 | INFO ] 🧩 Model added for round 143 (2/2) from ['node']
[ 2026-03-28 12:11:38 | node_6 | INFO ] 🗣️ Gossiping aggregated model.
[ 2026-03-28 12:11:38 | node_7 | INFO ] 🧠 Aggregation complete. Setting new model.
[ 2026-03-28 12:11:38 | node_8 | INFO ] 🧩 Model added for round 143 (2/2) from ['node']
[ 2026-03-28 12:11:38 | node_7 | INFO ] 🗣️ Gossiping aggregated model.
[ 2026-03-28 12:11:38 | node_9 | INFO ] 🧩 Model added for round 143 (2/2) from ['node']
[ 2026-03-28 12:11:38 | node_8 | INFO ] 🧠 Aggregation complete. Setting new model.
[ 2026-03-28 12:11:38 | node_9 | INFO ] 🧠 Aggregation complete. Setting new model.
[ 2026-03-28 12:11:38 | node_10 | INFO ] 🧩 Model added for round 143 (2/2) from ['node']
[ 2026-03-28 12:11:38 | node_8 | INFO ] 🗣️ Gossiping aggregated model.
[ 2026-03-28 12:11:38 | node_9 | INFO ] 🗣️ Gossiping aggregated model.
[ 2026-03-28 12:11:38 | node_11 | INFO ] 🧩 Model added for round 143 (2/2) from ['node']
[ 2026-03-28 12:11:38 | node_10 | INFO ] 🧠 Aggregation complete. Setting new model.
[ 2026-03-28 12:11:38 | node_10 | INFO ] 🗣️ Gossiping aggregated model.
[ 2026-03-28 12:11:38 | node_12 | INFO ] 🧩 Model added for round 143 (2/2) from ['node']
[ 2026-03-28 12:11:38 | node_11 | INFO ] 🧠 Aggregation complete. Setting new model.
[ 2026-03-28 12:11:38 | node_11 | INFO ] 🗣️ Gossiping aggregated model.
[ 2026-03-28 12:11:38 | node_12 | INFO ] 🧠 Aggregation complete. Setting new model.
[ 2026-03-28 12:11:38 | node_13 | INFO ] 🧩 Model added for round 143 (2/2) from ['node']
[ 2026-03-28 12:11:38 | node_12 | INFO ] 🗣️ Gossiping aggregated model.
[ 2026-03-28 12:11:38 | node_13 | INFO ] 🧠 Aggregation complete. Setting new model.
[ 2026-03-28 12:11:38 | node_14 | INFO ] 🧩 Model added for round 143 (2/2) from ['node']
[ 2026-03-28 12:11:38 | node_13 | INFO ] 🗣️ Gossiping aggregated model.
[ 2026-03-28 12:11:38 | node_14 | INFO ] 🧠 Aggregation complete. Setting new model.
[ 2026-03-28 12:11:38 | node_15 | INFO ] 🧩 Model added for round 143 (2/2) from ['node']
[ 2026-03-28 12:11:39 | node_14 | INFO ] 🗣️ Gossiping aggregated model.
[ 2026-03-28 12:11:39 | node_15 | INFO ] 🧠 Aggregation complete. Setting new model.
[ 2026-03-28 12:11:39 | node_16 | INFO ] 🧩 Model added for round 143 (2/2) from ['node']
[ 2026-03-28 12:11:39 | node_15 | INFO ] 🗣️ Gossiping aggregated model.
[ 2026-03-28 12:11:39 | node_17 | INFO ] 🧩 Model added for round 143 (2/2) from ['node']
[ 2026-03-28 12:11:39 | node_16 | INFO ] 🧠 Aggregation complete. Setting new model.
[ 2026-03-28 12:11:39 | node_16 | INFO ] 🗣️ Gossiping aggregated model.
[ 2026-03-28 12:11:39 | node_17 | INFO ] 🧠 Aggregation complete. Setting new model.
[ 2026-03-28 12:11:39 | node_18 | INFO ] 🧩 Model added for round 143 (2/2) from ['node']
[ 2026-03-28 12:11:39 | node_17 | INFO ] 🗣️ Gossiping aggregated model.
[ 2026-03-28 12:11:39 | node_18 | INFO ] 🧠 Aggregation complete. Setting new model.
[ 2026-03-28 12:11:39 | node_19 | INFO ] 🧩 Model added for round 143 (2/2) from ['node']
[ 2026-03-28 12:11:39 | node_18 | INFO ] 🗣️ Gossiping aggregated model.
[ 2026-03-28 12:11:39 | node_19 | INFO ] 🧠 Aggregation complete. Setting new model.
[ 2026-03-28 12:11:39 | node_20 | INFO ] 🧩 Model added for round 143 (2/2) from ['node']
[ 2026-03-28 12:11:39 | node_19 | INFO ] 🗣️ Gossiping aggregated model.
[ 2026-03-28 12:11:39 | node_20 | INFO ] 🧠 Aggregation complete. Setting new model.
[ 2026-03-28 12:11:39 | node_21 | INFO ] 🧩 Model added for round 143 (2/2) from ['node']
[ 2026-03-28 12:11:39 | node_20 | INFO ] 🗣️ Gossiping aggregated model.
[ 2026-03-28 12:11:39 | node_22 | INFO ] 🧩 Model added for round 143 (2/2) from ['node']
[ 2026-03-28 12:11:39 | node_21 | INFO ] 🧠 Aggregation complete. Setting new model.
[ 2026-03-28 12:11:39 | node_21 | INFO ] 🗣️ Gossiping aggregated model.
[ 2026-03-28 12:11:39 | node_22 | INFO ] 🧠 Aggregation complete. Setting new model.
[ 2026-03-28 12:11:39 | node_23 | INFO ] 🧩 Model added for round 143 (2/2) from ['node']
[ 2026-03-28 12:11:39 | node_22 | INFO ] 🗣️ Gossiping aggregated model.
[ 2026-03-28 12:11:39 | node_23 | INFO ] 🧠 Aggregation complete. Setting new model.
[ 2026-03-28 12:11:39 | node_24 | INFO ] 🧩 Model added for round 143 (2/2) from ['node']
[ 2026-03-28 12:11:39 | node_23 | INFO ] 🗣️ Gossiping aggregated model.
[ 2026-03-28 12:11:39 | node_24 | INFO ] 🧠 Aggregation complete. Setting new model.
[ 2026-03-28 12:11:39 | node_25 | INFO ] 🧩 Model added for round 143 (2/2) from ['node']
[ 2026-03-28 12:11:39 | node_24 | INFO ] 🗣️ Gossiping aggregated model.
[ 2026-03-28 12:11:39 | node_26 | INFO ] 🧩 Model added for round 143 (2/2) from ['node']
[ 2026-03-28 12:11:39 | node_25 | INFO ] 🧠 Aggregation complete. Setting new model.
[ 2026-03-28 12:11:39 | node_25 | INFO ] 🗣️ Gossiping aggregated model.
[ 2026-03-28 12:11:39 | node_26 | INFO ] 🧠 Aggregation complete. Setting new model.
[ 2026-03-28 12:11:39 | node_27 | INFO ] 🧩 Model added for round 143 (2/2) from ['node']
[ 2026-03-28 12:11:39 | node_26 | INFO ] 🗣️ Gossiping aggregated model.
[ 2026-03-28 12:11:39 | node_28 | INFO ] 🧩 Model added for round 143 (2/2) from ['node']
[ 2026-03-28 12:11:39 | node_27 | INFO ] 🧠 Aggregation complete. Setting new model.
[ 2026-03-28 12:11:39 | node_27 | INFO ] 🗣️ Gossiping aggregated model.
[ 2026-03-28 12:11:39 | node_29 | INFO ] 🧩 Model added for round 143 (2/2) from ['node']
[ 2026-03-28 12:11:39 | node_28 | INFO ] 🧠 Aggregation complete. Setting new model.
[ 2026-03-28 12:11:39 | node_28 | INFO ] 🗣️ Gossiping aggregated model.
[ 2026-03-28 12:11:39 | node_30 | INFO ] 🧩 Model added for round 143 (2/2) from ['node']
[ 2026-03-28 12:11:39 | node_29 | INFO ] 🧠 Aggregation complete. Setting new model.
[ 2026-03-28 12:11:39 | node_29 | INFO ] 🗣️ Gossiping aggregated model.
[ 2026-03-28 12:11:39 | node_30 | INFO ] 🧠 Aggregation complete. Setting new model.
[ 2026-03-28 12:11:39 | node_31 | INFO ] 🧩 Model added for round 143 (2/2) from ['node']
[ 2026-03-28 12:11:39 | node_30 | INFO ] 🗣️ Gossiping aggregated model.
[ 2026-03-28 12:11:39 | node_31 | INFO ] 🧠 Aggregation complete. Setting new model.
[ 2026-03-28 12:11:39 | node_32 | INFO ] 🧩 Model added for round 143 (2/2) from ['node']
[ 2026-03-28 12:11:39 | node_31 | INFO ] 🗣️ Gossiping aggregated model.
[ 2026-03-28 12:11:40 | node_33 | INFO ] 🧩 Model added for round 143 (2/2) from ['node']
[ 2026-03-28 12:11:40 | node_32 | INFO ] 🧠 Aggregation complete. Setting new model.
[ 2026-03-28 12:11:40 | node_32 | INFO ] 🗣️ Gossiping aggregated model.
[ 2026-03-28 12:11:40 | node_34 | INFO ] 🧩 Model added for round 143 (2/2) from ['node']
[ 2026-03-28 12:11:40 | node_33 | INFO ] 🧠 Aggregation complete. Setting new model.
[ 2026-03-28 12:11:40 | node_33 | INFO ] 🗣️ Gossiping aggregated model.
[ 2026-03-28 12:11:40 | node_35 | INFO ] 🧩 Model added for round 143 (2/2) from ['node']
[ 2026-03-28 12:11:40 | node_34 | INFO ] 🧠 Aggregation complete. Setting new model.
[ 2026-03-28 12:11:40 | node_34 | INFO ] 🗣️ Gossiping aggregated model.
[ 2026-03-28 12:11:40 | node_36 | INFO ] 🧩 Model added for round 143 (2/2) from ['node']
[ 2026-03-28 12:11:40 | node_35 | INFO ] 🧠 Aggregation complete. Setting new model.
[ 2026-03-28 12:11:40 | node_35 | INFO ] 🗣️ Gossiping aggregated model.
[ 2026-03-28 12:11:40 | node_37 | INFO ] 🧩 Model added for round 143 (2/2) from ['node']
[ 2026-03-28 12:11:40 | node_36 | INFO ] 🧠 Aggregation complete. Setting new model.
[ 2026-03-28 12:11:40 | node_36 | INFO ] 🗣️ Gossiping aggregated model.
[ 2026-03-28 12:11:40 | node_37 | INFO ] 🧠 Aggregation complete. Setting new model.
[ 2026-03-28 12:11:40 | node_37 | INFO ] 🗣️ Gossiping aggregated model.
[ 2026-03-28 12:11:40 | node_38 | INFO ] 🧩 Model added for round 143 (2/2) from ['node']
[ 2026-03-28 12:11:40 | node_39 | INFO ] 🧩 Model added for round 143 (2/2) from ['node']
[ 2026-03-28 12:11:40 | node_38 | INFO ] 🧠 Aggregation complete. Setting new model.
[ 2026-03-28 12:11:40 | node_38 | INFO ] 🗣️ Gossiping aggregated model.
[ 2026-03-28 12:11:40 | node_40 | INFO ] 🧩 Model added for round 143 (2/2) from ['node']
[ 2026-03-28 12:11:40 | node_39 | INFO ] 🧠 Aggregation complete. Setting new model.
[ 2026-03-28 12:11:40 | node_39 | INFO ] 🗣️ Gossiping aggregated model.
[ 2026-03-28 12:11:40 | node_41 | INFO ] 🧩 Model added for round 143 (2/2) from ['node']
[ 2026-03-28 12:11:40 | node_40 | INFO ] 🧠 Aggregation complete. Setting new model.
[ 2026-03-28 12:11:40 | node_40 | INFO ] 🗣️ Gossiping aggregated model.
[ 2026-03-28 12:11:40 | node_41 | INFO ] 🧠 Aggregation complete. Setting new model.
[ 2026-03-28 12:11:40 | node_42 | INFO ] 🧩 Model added for round 143 (2/2) from ['node']
[ 2026-03-28 12:11:40 | node_41 | INFO ] 🗣️ Gossiping aggregated model.
[ 2026-03-28 12:11:40 | node_43 | INFO ] 🧩 Model added for round 143 (2/2) from ['node']
[ 2026-03-28 12:11:40 | node_42 | INFO ] 🧠 Aggregation complete. Setting new model.
[ 2026-03-28 12:11:40 | node_42 | INFO ] 🗣️ Gossiping aggregated model.
[ 2026-03-28 12:11:40 | node_44 | INFO ] 🧩 Model added for round 143 (2/2) from ['node']
[ 2026-03-28 12:11:40 | node_43 | INFO ] 🧠 Aggregation complete. Setting new model.
[ 2026-03-28 12:11:40 | node_43 | INFO ] 🗣️ Gossiping aggregated model.
[ 2026-03-28 12:11:40 | node_44 | INFO ] 🧠 Aggregation complete. Setting new model.
[ 2026-03-28 12:11:40 | node_44 | INFO ] 🗣️ Gossiping aggregated model.
[ 2026-03-28 12:11:41 | node_45 | INFO ] 🧩 Model added for round 143 (2/2) from ['node']
[ 2026-03-28 12:11:41 | node_45 | INFO ] 🧠 Aggregation complete. Setting new model.
[ 2026-03-28 12:11:41 | node_45 | INFO ] 🗣️ Gossiping aggregated model.
[ 2026-03-28 12:11:41 | node_46 | INFO ] 🧩 Model added for round 143 (2/2) from ['node']
[ 2026-03-28 12:11:41 | node_46 | INFO ] 🧠 Aggregation complete. Setting new model.
[ 2026-03-28 12:11:41 | node_46 | INFO ] 🗣️ Gossiping aggregated model.
[ 2026-03-28 12:11:41 | node_47 | INFO ] 🧩 Model added for round 143 (2/2) from ['node']
[ 2026-03-28 12:11:41 | node_48 | INFO ] 🧩 Model added for round 143 (2/2) from ['node']
[ 2026-03-28 12:11:41 | node_47 | INFO ] 🧠 Aggregation complete. Setting new model.
[ 2026-03-28 12:11:41 | node_47 | INFO ] 🗣️ Gossiping aggregated model.
[ 2026-03-28 12:11:41 | node_48 | INFO ] 🧠 Aggregation complete. Setting new model.
[ 2026-03-28 12:11:41 | node_49 | INFO ] 🧩 Model added for round 143 (2/2) from ['node']
[ 2026-03-28 12:11:41 | node_48 | INFO ] 🗣️ Gossiping aggregated model.
[ 2026-03-28 12:11:41 | node_49 | INFO ] 🧠 Aggregation complete. Setting new model.
[ 2026-03-28 12:11:41 | node_49 | INFO ] 🗣️ Gossiping aggregated model.
[ 2026-03-28 12:11:41 | node | INFO ] 🧠 Aggregation complete. Setting new model.
[ 2026-03-28 12:11:41 | node_21 | INFO ] 🤫 Gossip finished.
[ 2026-03-28 12:11:41 | node_21 | INFO ] 🔬 Evaluating...
[ 2026-03-28 12:11:41 | node_22 | INFO ] 🤫 Gossip finished.
[ 2026-03-28 12:11:41 | node_22 | INFO ] 🔬 Evaluating...
[ 2026-03-28 12:11:41 | node_23 | INFO ] 🤫 Gossip finished.
[ 2026-03-28 12:11:41 | node_23 | INFO ] 🔬 Evaluating...
[ 2026-03-28 12:11:41 | node_2 | INFO ] 🤫 Gossip finished.
[ 2026-03-28 12:11:41 | node | INFO ] 🗣️ Gossiping aggregated model.
[ 2026-03-28 12:11:41 | node_3 | INFO ] 🤫 Gossip finished.
[ 2026-03-28 12:11:41 | node | INFO ] 🤫 Gossip finished.
[ 2026-03-28 12:11:41 | node_2 | INFO ] 🔬 Evaluating...
[ 2026-03-28 12:11:41 | node_3 | INFO ] 🔬 Evaluating...
[ 2026-03-28 12:11:41 | node | INFO ] 🔬 Evaluating...
[ 2026-03-28 12:11:41 | node_39 | INFO ] 🤫 Gossip finished.
[ 2026-03-28 12:11:41 | node_39 | INFO ] 🔬 Evaluating...
[ 2026-03-28 12:11:41 | node_4 | INFO ] 🤫 Gossip finished.
[ 2026-03-28 12:11:41 | node_4 | INFO ] 🔬 Evaluating...
[ 2026-03-28 12:11:41 | node_24 | INFO ] 🤫 Gossip finished.
[ 2026-03-28 12:11:41 | node_25 | INFO ] 🤫 Gossip finished.
[ 2026-03-28 12:11:41 | node_25 | INFO ] 🔬 Evaluating...
[ 2026-03-28 12:11:41 | node_24 | INFO ] 🔬 Evaluating...
[ 2026-03-28 12:11:41 | node_5 | INFO ] 🤫 Gossip finished.
[ 2026-03-28 12:11:41 | node_5 | INFO ] 🔬 Evaluating...
[ 2026-03-28 12:11:41 | node_26 | INFO ] 🤫 Gossip finished.
[ 2026-03-28 12:11:41 | node_40 | INFO ] 🤫 Gossip finished.
[ 2026-03-28 12:11:41 | node_26 | INFO ] 🔬 Evaluating...
[ 2026-03-28 12:11:41 | node_40 | INFO ] 🔬 Evaluating...
[ 2026-03-28 12:11:41 | node_41 | INFO ] 🤫 Gossip finished.
[ 2026-03-28 12:11:41 | node_27 | INFO ] 🤫 Gossip finished.
[ 2026-03-28 12:11:41 | node_41 | INFO ] 🔬 Evaluating...
[ 2026-03-28 12:11:41 | node_7 | INFO ] 🤫 Gossip finished.
[ 2026-03-28 12:11:41 | node_27 | INFO ] 🔬 Evaluating...
[ 2026-03-28 12:11:41 | node_1 | INFO ] 🤫 Gossip finished.
[ 2026-03-28 12:11:41 | node_6 | INFO ] 🤫 Gossip finished.
[ 2026-03-28 12:11:41 | node_7 | INFO ] 🔬 Evaluating...
[ 2026-03-28 12:11:41 | node_1 | INFO ] 🔬 Evaluating...
[ 2026-03-28 12:11:41 | node_28 | INFO ] 🤫 Gossip finished.
[ 2026-03-28 12:11:41 | node_6 | INFO ] 🔬 Evaluating...
[ 2026-03-28 12:11:41 | node_28 | INFO ] 🔬 Evaluating...
[ 2026-03-28 12:11:41 | node_29 | INFO ] 🤫 Gossip finished.
[ 2026-03-28 12:11:41 | node_8 | INFO ] 🤫 Gossip finished.
[ 2026-03-28 12:11:41 | node_9 | INFO ] 🤫 Gossip finished.
[ 2026-03-28 12:11:41 | node_42 | INFO ] 🤫 Gossip finished.
[ 2026-03-28 12:11:41 | node_29 | INFO ] 🔬 Evaluating...
[ 2026-03-28 12:11:41 | node_43 | INFO ] 🤫 Gossip finished.
[ 2026-03-28 12:11:42 | node_9 | INFO ] 🔬 Evaluating...
[ 2026-03-28 12:11:42 | node_8 | INFO ] 🔬 Evaluating...
[ 2026-03-28 12:11:42 | node_42 | INFO ] 🔬 Evaluating...
[ 2026-03-28 12:11:42 | node_30 | INFO ] 🤫 Gossip finished.
[ 2026-03-28 12:11:42 | node_10 | INFO ] 🤫 Gossip finished.
[ 2026-03-28 12:11:42 | node_44 | INFO ] 🤫 Gossip finished.
[ 2026-03-28 12:11:42 | node_11 | INFO ] 🤫 Gossip finished.
[ 2026-03-28 12:11:42 | node_31 | INFO ] 🤫 Gossip finished.
[ 2026-03-28 12:11:42 | node_43 | INFO ] 🔬 Evaluating...
[ 2026-03-28 12:11:42 | node_10 | INFO ] 🔬 Evaluating...
[ 2026-03-28 12:11:42 | node_30 | INFO ] 🔬 Evaluating...
[ 2026-03-28 12:11:42 | node_12 | INFO ] 🤫 Gossip finished.
[ 2026-03-28 12:11:42 | node_13 | INFO ] 🤫 Gossip finished.
[ 2026-03-28 12:11:42 | node_44 | INFO ] 🔬 Evaluating...
[ 2026-03-28 12:11:42 | node_11 | INFO ] 🔬 Evaluating...
[ 2026-03-28 12:11:42 | node_31 | INFO ] 🔬 Evaluating...
[ 2026-03-28 12:11:42 | node_45 | INFO ] 🤫 Gossip finished.
[ 2026-03-28 12:11:42 | node_13 | INFO ] 🔬 Evaluating...
[ 2026-03-28 12:11:42 | node_12 | INFO ] 🔬 Evaluating...
[ 2026-03-28 12:11:42 | node_32 | INFO ] 🤫 Gossip finished.
[ 2026-03-28 12:11:42 | node_14 | INFO ] 🤫 Gossip finished.
[ 2026-03-28 12:11:42 | node_46 | INFO ] 🤫 Gossip finished.
[ 2026-03-28 12:11:42 | node_33 | INFO ] 🤫 Gossip finished.
[ 2026-03-28 12:11:42 | node_45 | INFO ] 🔬 Evaluating...
[ 2026-03-28 12:11:42 | node_47 | INFO ] 🤫 Gossip finished.
[ 2026-03-28 12:11:42 | node_14 | INFO ] 🔬 Evaluating...
[ 2026-03-28 12:11:42 | node_32 | INFO ] 🔬 Evaluating...
[ 2026-03-28 12:11:42 | node_46 | INFO ] 🔬 Evaluating...
[ 2026-03-28 12:11:42 | node_15 | INFO ] 🤫 Gossip finished.
[ 2026-03-28 12:11:42 | node_34 | INFO ] 🤫 Gossip finished.
[ 2026-03-28 12:11:42 | node_16 | INFO ] 🤫 Gossip finished.
[ 2026-03-28 12:11:42 | node_33 | INFO ] 🔬 Evaluating...
[ 2026-03-28 12:11:42 | node_17 | INFO ] 🤫 Gossip finished.
[ 2026-03-28 12:11:42 | node_48 | INFO ] 🤫 Gossip finished.
[ 2026-03-28 12:11:42 | node_49 | INFO ] 🤫 Gossip finished.
[ 2026-03-28 12:11:42 | node_35 | INFO ] 🤫 Gossip finished.
[ 2026-03-28 12:11:42 | node_18 | INFO ] 🤫 Gossip finished.
[ 2026-03-28 12:11:42 | node_19 | INFO ] 🤫 Gossip finished.
[ 2026-03-28 12:11:42 | node_36 | INFO ] 🤫 Gossip finished.
[ 2026-03-28 12:11:42 | node_47 | INFO ] 🔬 Evaluating...
[ 2026-03-28 12:11:42 | node_37 | INFO ] 🤫 Gossip finished.
[ 2026-03-28 12:11:42 | node_20 | INFO ] 🤫 Gossip finished.
[ 2026-03-28 12:11:42 | node_15 | INFO ] 🔬 Evaluating...
[ 2026-03-28 12:11:42 | node_34 | INFO ] 🔬 Evaluating...
[ 2026-03-28 12:11:42 | node_16 | INFO ] 🔬 Evaluating...
[ 2026-03-28 12:11:42 | node_17 | INFO ] 🔬 Evaluating...
[ 2026-03-28 12:11:42 | node_48 | INFO ] 🔬 Evaluating...
[ 2026-03-28 12:11:42 | node_49 | INFO ] 🔬 Evaluating...
[ 2026-03-28 12:11:42 | node_35 | INFO ] 🔬 Evaluating...
[ 2026-03-28 12:11:42 | node_18 | INFO ] 🔬 Evaluating...
[ 2026-03-28 12:11:42 | node_19 | INFO ] 🔬 Evaluating...
[ 2026-03-28 12:11:42 | node_38 | INFO ] 🤫 Gossip finished.
[ 2026-03-28 12:11:42 | node_36 | INFO ] 🔬 Evaluating...
[ 2026-03-28 12:11:42 | node_20 | INFO ] 🔬 Evaluating...
[ 2026-03-28 12:11:42 | node_37 | INFO ] 🔬 Evaluating...
[ 2026-03-28 12:11:42 | node_38 | INFO ] 🔬 Evaluating...
[ 2026-03-28 12:11:43 | node_22 | INFO ] 📈 Evaluated. Results: {'test_loss': 0.0035658986307680607, 'test_accuracy': 0.9924419522285461, 'test_precision': 0.30135393142700195, 'test_recall': 0.6504888534545898, 'test_f1': 0.40348634123802185, 'communication_cost': 182472}
[ 2026-03-28 12:11:43 | node_22 | INFO ] 📢 Broadcasting metrics.
[ 2026-03-28 12:11:44 | node_22 | INFO ] 🎉 Round 144 of 150 finished.
[ 2026-03-28 12:11:44 | node_22 | INFO ] 🗳️ [DETERMINISTIC] Train set assigned (No Voting). Size: 50
[ 2026-03-28 12:11:44 | node_22 | INFO ] 🏋️‍♀️ Preparing training...
[ 2026-03-28 12:11:44 | node_49 | INFO ] 📈 Evaluated. Results: {'test_loss': 0.0051812175661325455, 'test_accuracy': 0.9948713183403015, 'test_precision': 0.45291951298713684, 'test_recall': 0.5176054239273071, 'test_f1': 0.4762892723083496, 'communication_cost': 182472}
[ 2026-03-28 12:11:44 | node_49 | INFO ] 📢 Broadcasting metrics.
[ 2026-03-28 12:11:44 | node_49 | INFO ] 🎉 Round 144 of 150 finished.
[ 2026-03-28 12:11:44 | node_49 | INFO ] 🗳️ [DETERMINISTIC] Train set assigned (No Voting). Size: 50
[ 2026-03-28 12:11:44 | node_49 | INFO ] 🏋️‍♀️ Preparing training...
[ 2026-03-28 12:11:44 | node_21 | INFO ] 📈 Evaluated. Results: {'test_loss': 0.006291810888797045, 'test_accuracy': 0.9928018450737, 'test_precision': 0.22200226783752441, 'test_recall': 0.3572225570678711, 'test_f1': 0.2643769681453705, 'communication_cost': 182472}
[ 2026-03-28 12:11:44 | node_21 | INFO ] 📢 Broadcasting metrics.
[ 2026-03-28 12:11:44 | node_21 | INFO ] 🎉 Round 144 of 150 finished.
[ 2026-03-28 12:11:44 | node_21 | INFO ] 🗳️ [DETERMINISTIC] Train set assigned (No Voting). Size: 50
[ 2026-03-28 12:11:44 | node_21 | INFO ] 🏋️‍♀️ Preparing training...
[ 2026-03-28 12:11:45 | node_44 | INFO ] 📈 Evaluated. Results: {'test_loss': 0.005469529889523983, 'test_accuracy': 0.9931617975234985, 'test_precision': 0.3005349040031433, 'test_recall': 0.45798712968826294, 'test_f1': 0.35791027545928955, 'communication_cost': 182472}
[ 2026-03-28 12:11:45 | node_44 | INFO ] 📢 Broadcasting metrics.
[ 2026-03-28 12:11:45 | node_44 | INFO ] 🎉 Round 144 of 150 finished.
[ 2026-03-28 12:11:45 | node_44 | INFO ] 🗳️ [DETERMINISTIC] Train set assigned (No Voting). Size: 50
[ 2026-03-28 12:11:46 | node_44 | INFO ] 🏋️‍♀️ Preparing training...
[ 2026-03-28 12:11:46 | node_1 | INFO ] 📈 Evaluated. Results: {'test_loss': 0.004794736858457327, 'test_accuracy': 0.9935222864151001, 'test_precision': 0.21435731649398804, 'test_recall': 0.34694141149520874, 'test_f1': 0.2548781633377075, 'communication_cost': 182472}
[ 2026-03-28 12:11:46 | node_1 | INFO ] 📢 Broadcasting metrics.
[ 2026-03-28 12:11:46 | node_1 | INFO ] 🎉 Round 144 of 150 finished.
[ 2026-03-28 12:11:46 | node_2 | INFO ] 📈 Evaluated. Results: {'test_loss': 0.004623477812856436, 'test_accuracy': 0.9941520690917969, 'test_precision': 0.3579102158546448, 'test_recall': 0.5623890161514282, 'test_f1': 0.42469561100006104, 'communication_cost': 182472}
[ 2026-03-28 12:11:46 | node_2 | INFO ] 📢 Broadcasting metrics.
[ 2026-03-28 12:11:46 | node_1 | INFO ] 🗳️ [DETERMINISTIC] Train set assigned (No Voting). Size: 50
[ 2026-03-28 12:11:46 | node_1 | INFO ] 🏋️‍♀️ Preparing training...
[ 2026-03-28 12:11:46 | node_26 | INFO ] 📈 Evaluated. Results: {'test_loss': 0.004050553776323795, 'test_accuracy': 0.9922620058059692, 'test_precision': 0.19712556898593903, 'test_recall': 0.4939497709274292, 'test_f1': 0.2732101082801819, 'communication_cost': 182472}
[ 2026-03-28 12:11:46 | node_3 | INFO ] 📈 Evaluated. Results: {'test_loss': 0.005023123696446419, 'test_accuracy': 0.9914529919624329, 'test_precision': 0.264553964138031, 'test_recall': 0.5552062392234802, 'test_f1': 0.3458104431629181, 'communication_cost': 182472}
[ 2026-03-28 12:11:46 | node_8 | INFO ] 📈 Evaluated. Results: {'test_loss': 0.003986722324043512, 'test_accuracy': 0.9936122298240662, 'test_precision': 0.30334705114364624, 'test_recall': 0.5671457648277283, 'test_f1': 0.39284658432006836, 'communication_cost': 182472}
[ 2026-03-28 12:11:46 | node_26 | INFO ] 📢 Broadcasting metrics.
[ 2026-03-28 12:11:46 | node_3 | INFO ] 📢 Broadcasting metrics.
[ 2026-03-28 12:11:46 | node_8 | INFO ] 📢 Broadcasting metrics.
[ 2026-03-28 12:11:46 | node_2 | INFO ] 🎉 Round 144 of 150 finished.
[ 2026-03-28 12:11:46 | node_2 | INFO ] 🗳️ [DETERMINISTIC] Train set assigned (No Voting). Size: 50
[ 2026-03-28 12:11:46 | node_26 | INFO ] 🎉 Round 144 of 150 finished.
[ 2026-03-28 12:11:46 | node_2 | INFO ] 🏋️‍♀️ Preparing training...
[ 2026-03-28 12:11:46 | node_8 | INFO ] 🎉 Round 144 of 150 finished.
[ 2026-03-28 12:11:46 | node_26 | INFO ] 🗳️ [DETERMINISTIC] Train set assigned (No Voting). Size: 50
[ 2026-03-28 12:11:46 | node_3 | INFO ] 🎉 Round 144 of 150 finished.
[ 2026-03-28 12:11:46 | node_8 | INFO ] 🗳️ [DETERMINISTIC] Train set assigned (No Voting). Size: 50
[ 2026-03-28 12:11:46 | node_3 | INFO ] 🗳️ [DETERMINISTIC] Train set assigned (No Voting). Size: 50
[ 2026-03-28 12:11:46 | node_26 | INFO ] 🏋️‍♀️ Preparing training...
[ 2026-03-28 12:11:46 | node_8 | INFO ] 🏋️‍♀️ Preparing training...
[ 2026-03-28 12:11:46 | node_3 | INFO ] 🏋️‍♀️ Preparing training...
[ 2026-03-28 12:11:46 | node_39 | INFO ] 📈 Evaluated. Results: {'test_loss': 0.005115425679832697, 'test_accuracy': 0.993971586227417, 'test_precision': 0.35527047514915466, 'test_recall': 0.5549263954162598, 'test_f1': 0.42377209663391113, 'communication_cost': 182472}
[ 2026-03-28 12:11:46 | node_10 | INFO ] 📈 Evaluated. Results: {'test_loss': 0.003639431204646826, 'test_accuracy': 0.9933423399925232, 'test_precision': 0.2627694606781006, 'test_recall': 0.5398730635643005, 'test_f1': 0.34286561608314514, 'communication_cost': 182472}
[ 2026-03-28 12:11:47 | node_39 | INFO ] 📢 Broadcasting metrics.
[ 2026-03-28 12:11:47 | node_23 | INFO ] 📈 Evaluated. Results: {'test_loss': 0.004749447572976351, 'test_accuracy': 0.9928018450737, 'test_precision': 0.35690590739250183, 'test_recall': 0.5496913194656372, 'test_f1': 0.3966018557548523, 'communication_cost': 182472}
[ 2026-03-28 12:11:47 | node_10 | INFO ] 📢 Broadcasting metrics.
[ 2026-03-28 12:11:47 | node_23 | INFO ] 📢 Broadcasting metrics.
[ 2026-03-28 12:11:47 | node_28 | INFO ] 📈 Evaluated. Results: {'test_loss': 0.005541016347706318, 'test_accuracy': 0.9930717945098877, 'test_precision': 0.3261058032512665, 'test_recall': 0.49292781949043274, 'test_f1': 0.3861338198184967, 'communication_cost': 182472}
[ 2026-03-28 12:11:47 | node_41 | INFO ] 📈 Evaluated. Results: {'test_loss': 0.004820466041564941, 'test_accuracy': 0.9937916398048401, 'test_precision': 0.32740694284439087, 'test_recall': 0.5267459154129028, 'test_f1': 0.4018425941467285, 'communication_cost': 182472}
[ 2026-03-28 12:11:47 | node_28 | INFO ] 📢 Broadcasting metrics.
[ 2026-03-28 12:11:47 | node_41 | INFO ] 📢 Broadcasting metrics.
[ 2026-03-28 12:11:47 | node_39 | INFO ] 🎉 Round 144 of 150 finished.
[ 2026-03-28 12:11:47 | node_10 | INFO ] 🎉 Round 144 of 150 finished.
[ 2026-03-28 12:11:47 | node_39 | INFO ] 🗳️ [DETERMINISTIC] Train set assigned (No Voting). Size: 50
[ 2026-03-28 12:11:47 | node_23 | INFO ] 🎉 Round 144 of 150 finished.
[ 2026-03-28 12:11:47 | node_46 | INFO ] 📈 Evaluated. Results: {'test_loss': 0.004109233617782593, 'test_accuracy': 0.9944214224815369, 'test_precision': 0.3485579192638397, 'test_recall': 0.611373245716095, 'test_f1': 0.43594974279403687, 'communication_cost': 182472}
[ 2026-03-28 12:11:47 | node_10 | INFO ] 🗳️ [DETERMINISTIC] Train set assigned (No Voting). Size: 50
[ 2026-03-28 12:11:47 | node_46 | INFO ] 📢 Broadcasting metrics.
[ 2026-03-28 12:11:47 | node_23 | INFO ] 🗳️ [DETERMINISTIC] Train set assigned (No Voting). Size: 50
[ 2026-03-28 12:11:47 | node_27 | INFO ] 📈 Evaluated. Results: {'test_loss': 0.0037078026216477156, 'test_accuracy': 0.9924419522285461, 'test_precision': 0.2833142876625061, 'test_recall': 0.617479681968689, 'test_f1': 0.38718828558921814, 'communication_cost': 182472}
[ 2026-03-28 12:11:47 | node_39 | INFO ] 🏋️‍♀️ Preparing training...
[ 2026-03-28 12:11:47 | node_11 | INFO ] 📈 Evaluated. Results: {'test_loss': 0.005971686914563179, 'test_accuracy': 0.9946019053459167, 'test_precision': 0.4076923131942749, 'test_recall': 0.4915691316127777, 'test_f1': 0.4337458908557892, 'communication_cost': 182472}
[ 2026-03-28 12:11:47 | node_27 | INFO ] 📢 Broadcasting metrics.
[ 2026-03-28 12:11:47 | node_36 | INFO ] 📈 Evaluated. Results: {'test_loss': 0.004392283968627453, 'test_accuracy': 0.9928018450737, 'test_precision': 0.2555522918701172, 'test_recall': 0.5261574983596802, 'test_f1': 0.32544317841529846, 'communication_cost': 182472}
[ 2026-03-28 12:11:47 | node_10 | INFO ] 🏋️‍♀️ Preparing training...
[ 2026-03-28 12:11:47 | node_11 | INFO ] 📢 Broadcasting metrics.
[ 2026-03-28 12:11:47 | node_36 | INFO ] 📢 Broadcasting metrics.
[ 2026-03-28 12:11:47 | node_23 | INFO ] 🏋️‍♀️ Preparing training...
[ 2026-03-28 12:11:47 | node_28 | INFO ] 🎉 Round 144 of 150 finished.
[ 2026-03-28 12:11:47 | node_41 | INFO ] 🎉 Round 144 of 150 finished.
[ 2026-03-28 12:11:47 | node_31 | INFO ] 📈 Evaluated. Results: {'test_loss': 0.0030559678561985493, 'test_accuracy': 0.9953212141990662, 'test_precision': 0.39397040009498596, 'test_recall': 0.617527425289154, 'test_f1': 0.47757574915885925, 'communication_cost': 182472}
[ 2026-03-28 12:11:47 | node_43 | INFO ] 📈 Evaluated. Results: {'test_loss': 0.004379844758659601, 'test_accuracy': 0.9946913719177246, 'test_precision': 0.29785194993019104, 'test_recall': 0.47460857033729553, 'test_f1': 0.3558177947998047, 'communication_cost': 182472}
[ 2026-03-28 12:11:47 | node_28 | INFO ] 🗳️ [DETERMINISTIC] Train set assigned (No Voting). Size: 50
[ 2026-03-28 12:11:47 | node_14 | INFO ] 📈 Evaluated. Results: {'test_loss': 0.003124929266050458, 'test_accuracy': 0.9949617385864258, 'test_precision': 0.3305686116218567, 'test_recall': 0.651053249835968, 'test_f1': 0.39750006794929504, 'communication_cost': 182472}
[ 2026-03-28 12:11:47 | node_13 | INFO ] 📈 Evaluated. Results: {'test_loss': 0.005160483531653881, 'test_accuracy': 0.9945119023323059, 'test_precision': 0.38302648067474365, 'test_recall': 0.5376878380775452, 'test_f1': 0.4196188151836395, 'communication_cost': 182472}
[ 2026-03-28 12:11:47 | node_41 | INFO ] 🗳️ [DETERMINISTIC] Train set assigned (No Voting). Size: 50
[ 2026-03-28 12:11:47 | node_31 | INFO ] 📢 Broadcasting metrics.
[ 2026-03-28 12:11:47 | node_43 | INFO ] 📢 Broadcasting metrics.
[ 2026-03-28 12:11:47 | node_14 | INFO ] 📢 Broadcasting metrics.
[ 2026-03-28 12:11:48 | node_13 | INFO ] 📢 Broadcasting metrics.
[ 2026-03-28 12:11:48 | node_28 | INFO ] 🏋️‍♀️ Preparing training...
[ 2026-03-28 12:11:48 | node_30 | INFO ] 📈 Evaluated. Results: {'test_loss': 0.0043416135013103485, 'test_accuracy': 0.9934316873550415, 'test_precision': 0.24264006316661835, 'test_recall': 0.40049588680267334, 'test_f1': 0.28578177094459534, 'communication_cost': 182472}
[ 2026-03-28 12:11:48 | node_41 | INFO ] 🏋️‍♀️ Preparing training...
[ 2026-03-28 12:11:48 | node_33 | INFO ] 📈 Evaluated. Results: {'test_loss': 0.004977860022336245, 'test_accuracy': 0.9945114254951477, 'test_precision': 0.3666594624519348, 'test_recall': 0.5057543516159058, 'test_f1': 0.4077457785606384, 'communication_cost': 182472}
[ 2026-03-28 12:11:48 | node_30 | INFO ] 📢 Broadcasting metrics.
[ 2026-03-28 12:11:48 | node_46 | INFO ] 🎉 Round 144 of 150 finished.
[ 2026-03-28 12:11:48 | node_33 | INFO ] 📢 Broadcasting metrics.
[ 2026-03-28 12:11:48 | node_12 | INFO ] 📈 Evaluated. Results: {'test_loss': 0.0039014979265630245, 'test_accuracy': 0.9955915212631226, 'test_precision': 0.45898520946502686, 'test_recall': 0.6521328687667847, 'test_f1': 0.5159289836883545, 'communication_cost': 182472}
[ 2026-03-28 12:11:48 | node_12 | INFO ] 📢 Broadcasting metrics.
[ 2026-03-28 12:11:48 | node_27 | INFO ] 🎉 Round 144 of 150 finished.
[ 2026-03-28 12:11:48 | node_46 | INFO ] 🗳️ [DETERMINISTIC] Train set assigned (No Voting). Size: 50
[ 2026-03-28 12:11:48 | node_40 | INFO ] 📈 Evaluated. Results: {'test_loss': 0.004662457387894392, 'test_accuracy': 0.992621898651123, 'test_precision': 0.23680680990219116, 'test_recall': 0.4111383557319641, 'test_f1': 0.2965450584888458, 'communication_cost': 182472}
[ 2026-03-28 12:11:48 | node_36 | INFO ] 🎉 Round 144 of 150 finished.
[ 2026-03-28 12:11:48 | node_9 | INFO ] 📈 Evaluated. Results: {'test_loss': 0.005698830354958773, 'test_accuracy': 0.9918128848075867, 'test_precision': 0.2874099910259247, 'test_recall': 0.48066791892051697, 'test_f1': 0.3486447036266327, 'communication_cost': 182472}
[ 2026-03-28 12:11:48 | node_27 | INFO ] 🗳️ [DETERMINISTIC] Train set assigned (No Voting). Size: 50
[ 2026-03-28 12:11:48 | node_40 | INFO ] 📢 Broadcasting metrics.
[ 2026-03-28 12:11:48 | node_11 | INFO ] 🎉 Round 144 of 150 finished.
[ 2026-03-28 12:11:48 | node_9 | INFO ] 📢 Broadcasting metrics.
[ 2026-03-28 12:11:48 | node_36 | INFO ] 🗳️ [DETERMINISTIC] Train set assigned (No Voting). Size: 50
[ 2026-03-28 12:11:48 | node_46 | INFO ] 🏋️‍♀️ Preparing training...
[ 2026-03-28 12:11:48 | node_31 | INFO ] 🎉 Round 144 of 150 finished.
[ 2026-03-28 12:11:48 | node_32 | INFO ] 📈 Evaluated. Results: {'test_loss': 0.005048951134085655, 'test_accuracy': 0.9919920563697815, 'test_precision': 0.31383758783340454, 'test_recall': 0.624026358127594, 'test_f1': 0.40014955401420593, 'communication_cost': 182472}
[ 2026-03-28 12:11:48 | node_43 | INFO ] 🎉 Round 144 of 150 finished.
[ 2026-03-28 12:11:48 | node_14 | INFO ] 🎉 Round 144 of 150 finished.
[ 2026-03-28 12:11:48 | node_11 | INFO ] 🗳️ [DETERMINISTIC] Train set assigned (No Voting). Size: 50
[ 2026-03-28 12:11:48 | node_13 | INFO ] 🎉 Round 144 of 150 finished.
[ 2026-03-28 12:11:48 | node_27 | INFO ] 🏋️‍♀️ Preparing training...
[ 2026-03-28 12:11:48 | node_31 | INFO ] 🗳️ [DETERMINISTIC] Train set assigned (No Voting). Size: 50
[ 2026-03-28 12:11:48 | node_43 | INFO ] 🗳️ [DETERMINISTIC] Train set assigned (No Voting). Size: 50
[ 2026-03-28 12:11:48 | node_14 | INFO ] 🗳️ [DETERMINISTIC] Train set assigned (No Voting). Size: 50
[ 2026-03-28 12:11:48 | node_13 | INFO ] 🗳️ [DETERMINISTIC] Train set assigned (No Voting). Size: 50
[ 2026-03-28 12:11:48 | node_32 | INFO ] 📢 Broadcasting metrics.
[ 2026-03-28 12:11:48 | node_11 | INFO ] 🏋️‍♀️ Preparing training...
[ 2026-03-28 12:11:48 | node_33 | INFO ] 🎉 Round 144 of 150 finished.
[ 2026-03-28 12:11:48 | node_30 | INFO ] 🎉 Round 144 of 150 finished.
[ 2026-03-28 12:11:48 | node_36 | INFO ] 🏋️‍♀️ Preparing training...
[ 2026-03-28 12:11:48 | node_43 | INFO ] 🏋️‍♀️ Preparing training...
[ 2026-03-28 12:11:48 | node_14 | INFO ] 🏋️‍♀️ Preparing training...
[ 2026-03-28 12:11:48 | node | INFO ] 📈 Evaluated. Results: {'test_loss': 0.0043458715081214905, 'test_accuracy': 0.993702232837677, 'test_precision': 0.33184051513671875, 'test_recall': 0.5687708854675293, 'test_f1': 0.4138418436050415, 'communication_cost': 8941128}
[ 2026-03-28 12:11:48 | node_31 | INFO ] 🏋️‍♀️ Preparing training...
[ 2026-03-28 12:11:48 | node_33 | INFO ] 🗳️ [DETERMINISTIC] Train set assigned (No Voting). Size: 50
[ 2026-03-28 12:11:48 | node_29 | INFO ] 📈 Evaluated. Results: {'test_loss': 0.004915631841868162, 'test_accuracy': 0.9927119016647339, 'test_precision': 0.2644745111465454, 'test_recall': 0.5571885704994202, 'test_f1': 0.3472520411014557, 'communication_cost': 182472}
[ 2026-03-28 12:11:48 | node_30 | INFO ] 🗳️ [DETERMINISTIC] Train set assigned (No Voting). Size: 50
[ 2026-03-28 12:11:48 | node_25 | INFO ] 📈 Evaluated. Results: {'test_loss': 0.004146875813603401, 'test_accuracy': 0.9940615296363831, 'test_precision': 0.3289456367492676, 'test_recall': 0.6065414547920227, 'test_f1': 0.4242284893989563, 'communication_cost': 182472}
[ 2026-03-28 12:11:48 | node_13 | INFO ] 🏋️‍♀️ Preparing training...
[ 2026-03-28 12:11:48 | node_12 | INFO ] 🎉 Round 144 of 150 finished.
[ 2026-03-28 12:11:48 | node_20 | INFO ] 📈 Evaluated. Results: {'test_loss': 0.0036841598339378834, 'test_accuracy': 0.9946014285087585, 'test_precision': 0.35742709040641785, 'test_recall': 0.6192179322242737, 'test_f1': 0.4512850344181061, 'communication_cost': 182472}
[ 2026-03-28 12:11:48 | node | INFO ] 📢 Broadcasting metrics.
[ 2026-03-28 12:11:48 | node_12 | INFO ] 🗳️ [DETERMINISTIC] Train set assigned (No Voting). Size: 50
[ 2026-03-28 12:11:48 | node_33 | INFO ] 🏋️‍♀️ Preparing training...
[ 2026-03-28 12:11:48 | node_29 | INFO ] 📢 Broadcasting metrics.
[ 2026-03-28 12:11:48 | node_30 | INFO ] 🏋️‍♀️ Preparing training...
[ 2026-03-28 12:11:48 | node_25 | INFO ] 📢 Broadcasting metrics.
[ 2026-03-28 12:11:48 | node_20 | INFO ] 📢 Broadcasting metrics.
[ 2026-03-28 12:11:48 | node_9 | INFO ] 🎉 Round 144 of 150 finished.
[ 2026-03-28 12:11:48 | node_12 | INFO ] 🏋️‍♀️ Preparing training...
[ 2026-03-28 12:11:48 | node_40 | INFO ] 🎉 Round 144 of 150 finished.
[ 2026-03-28 12:11:48 | node_9 | INFO ] 🗳️ [DETERMINISTIC] Train set assigned (No Voting). Size: 50
[ 2026-03-28 12:11:48 | node_40 | INFO ] 🗳️ [DETERMINISTIC] Train set assigned (No Voting). Size: 50
[ 2026-03-28 12:11:48 | node_32 | INFO ] 🎉 Round 144 of 150 finished.
[ 2026-03-28 12:11:48 | node_17 | INFO ] 📈 Evaluated. Results: {'test_loss': 0.004354705102741718, 'test_accuracy': 0.9917228817939758, 'test_precision': 0.26124659180641174, 'test_recall': 0.5324233770370483, 'test_f1': 0.3482586145401001, 'communication_cost': 182472}
[ 2026-03-28 12:11:48 | node_16 | INFO ] 📈 Evaluated. Results: {'test_loss': 0.004607860464602709, 'test_accuracy': 0.9931623935699463, 'test_precision': 0.3202410638332367, 'test_recall': 0.5534811615943909, 'test_f1': 0.3913809061050415, 'communication_cost': 182472}
[ 2026-03-28 12:11:49 | node_9 | INFO ] 🏋️‍♀️ Preparing training...
[ 2026-03-28 12:11:49 | node_32 | INFO ] 🗳️ [DETERMINISTIC] Train set assigned (No Voting). Size: 50
[ 2026-03-28 12:11:49 | node_17 | INFO ] 📢 Broadcasting metrics.
[ 2026-03-28 12:11:49 | node_16 | INFO ] 📢 Broadcasting metrics.
[ 2026-03-28 12:11:49 | node_40 | INFO ] 🏋️‍♀️ Preparing training...
[ 2026-03-28 12:11:49 | node_29 | INFO ] 🎉 Round 144 of 150 finished.
[ 2026-03-28 12:11:49 | node_32 | INFO ] 🏋️‍♀️ Preparing training...
[ 2026-03-28 12:11:49 | node_25 | INFO ] 🎉 Round 144 of 150 finished.
[ 2026-03-28 12:11:49 | node_20 | INFO ] 🎉 Round 144 of 150 finished.
[ 2026-03-28 12:11:49 | node_4 | INFO ] 📈 Evaluated. Results: {'test_loss': 0.0036503488663583994, 'test_accuracy': 0.9936122298240662, 'test_precision': 0.30112671852111816, 'test_recall': 0.5372287631034851, 'test_f1': 0.38396966457366943, 'communication_cost': 182472}
[ 2026-03-28 12:11:49 | node_29 | INFO ] 🗳️ [DETERMINISTIC] Train set assigned (No Voting). Size: 50
[ 2026-03-28 12:11:49 | node_25 | INFO ] 🗳️ [DETERMINISTIC] Train set assigned (No Voting). Size: 50
[ 2026-03-28 12:11:49 | node_4 | INFO ] 📢 Broadcasting metrics.
[ 2026-03-28 12:11:49 | node_20 | INFO ] 🗳️ [DETERMINISTIC] Train set assigned (No Voting). Size: 50
[ 2026-03-28 12:11:49 | node_5 | INFO ] 📈 Evaluated. Results: {'test_loss': 0.007174994796514511, 'test_accuracy': 0.9903733730316162, 'test_precision': 0.21691864728927612, 'test_recall': 0.42183831334114075, 'test_f1': 0.2726167142391205, 'communication_cost': 182472}
[ 2026-03-28 12:11:49 | node_5 | INFO ] 📢 Broadcasting metrics.
[ 2026-03-28 12:11:49 | node_29 | INFO ] 🏋️‍♀️ Preparing training...
[ 2026-03-28 12:11:49 | node_25 | INFO ] 🏋️‍♀️ Preparing training...
[ 2026-03-28 12:11:49 | node_20 | INFO ] 🏋️‍♀️ Preparing training...
[ 2026-03-28 12:11:49 | node_42 | INFO ] 📈 Evaluated. Results: {'test_loss': 0.004206842742860317, 'test_accuracy': 0.9946014285087585, 'test_precision': 0.45416611433029175, 'test_recall': 0.6653586626052856, 'test_f1': 0.5219531655311584, 'communication_cost': 182472}
[ 2026-03-28 12:11:49 | node_16 | INFO ] 🎉 Round 144 of 150 finished.
[ 2026-03-28 12:11:49 | node_17 | INFO ] 🎉 Round 144 of 150 finished.
[ 2026-03-28 12:11:49 | node_16 | INFO ] 🗳️ [DETERMINISTIC] Train set assigned (No Voting). Size: 50
[ 2026-03-28 12:11:49 | node_45 | INFO ] 📈 Evaluated. Results: {'test_loss': 0.005002896301448345, 'test_accuracy': 0.9934316873550415, 'test_precision': 0.23838375508785248, 'test_recall': 0.3904813230037689, 'test_f1': 0.2848455011844635, 'communication_cost': 182472}
[ 2026-03-28 12:11:49 | node_17 | INFO ] 🗳️ [DETERMINISTIC] Train set assigned (No Voting). Size: 50
[ 2026-03-28 12:11:49 | node_42 | INFO ] 📢 Broadcasting metrics.
[ 2026-03-28 12:11:49 | node_45 | INFO ] 📢 Broadcasting metrics.
[ 2026-03-28 12:11:49 | node_16 | INFO ] 🏋️‍♀️ Preparing training...
[ 2026-03-28 12:11:49 | node_17 | INFO ] 🏋️‍♀️ Preparing training...
[ 2026-03-28 12:11:49 | node_4 | INFO ] 🎉 Round 144 of 150 finished.
[ 2026-03-28 12:11:49 | node_4 | INFO ] 🗳️ [DETERMINISTIC] Train set assigned (No Voting). Size: 50
[ 2026-03-28 12:11:49 | node_5 | INFO ] 🎉 Round 144 of 150 finished.
[ 2026-03-28 12:11:49 | node_5 | INFO ] 🗳️ [DETERMINISTIC] Train set assigned (No Voting). Size: 50
[ 2026-03-28 12:11:49 | node_7 | INFO ] 📈 Evaluated. Results: {'test_loss': 0.005510780028998852, 'test_accuracy': 0.9938821196556091, 'test_precision': 0.3673122823238373, 'test_recall': 0.5268014669418335, 'test_f1': 0.42605867981910706, 'communication_cost': 182472}
[ 2026-03-28 12:11:49 | node_4 | INFO ] 🏋️‍♀️ Preparing training...
[ 2026-03-28 12:11:49 | node_7 | INFO ] 📢 Broadcasting metrics.
[ 2026-03-28 12:11:49 | node_5 | INFO ] 🏋️‍♀️ Preparing training...
[ 2026-03-28 12:11:49 | node_42 | INFO ] 🎉 Round 144 of 150 finished.
[ 2026-03-28 12:11:49 | node_45 | INFO ] 🎉 Round 144 of 150 finished.
[ 2026-03-28 12:11:49 | node_42 | INFO ] 🗳️ [DETERMINISTIC] Train set assigned (No Voting). Size: 50
[ 2026-03-28 12:11:49 | node_45 | INFO ] 🗳️ [DETERMINISTIC] Train set assigned (No Voting). Size: 50
[ 2026-03-28 12:11:49 | node_42 | INFO ] 🏋️‍♀️ Preparing training...
[ 2026-03-28 12:11:49 | node_45 | INFO ] 🏋️‍♀️ Preparing training...
[ 2026-03-28 12:11:49 | node_7 | INFO ] 🎉 Round 144 of 150 finished.
[ 2026-03-28 12:11:49 | node_7 | INFO ] 🗳️ [DETERMINISTIC] Train set assigned (No Voting). Size: 50
[ 2026-03-28 12:11:49 | node_7 | INFO ] 🏋️‍♀️ Preparing training...
[ 2026-03-28 12:11:49 | node_6 | INFO ] 📈 Evaluated. Results: {'test_loss': 0.003641946241259575, 'test_accuracy': 0.9936122298240662, 'test_precision': 0.21974679827690125, 'test_recall': 0.47906431555747986, 'test_f1': 0.3001851737499237, 'communication_cost': 182472}
[ 2026-03-28 12:11:49 | node_6 | INFO ] 📢 Broadcasting metrics.
[ 2026-03-28 12:11:50 | node_37 | INFO ] 📈 Evaluated. Results: {'test_loss': 0.005958955734968185, 'test_accuracy': 0.9948713183403015, 'test_precision': 0.3580687940120697, 'test_recall': 0.38812050223350525, 'test_f1': 0.3568026125431061, 'communication_cost': 182472}
[ 2026-03-28 12:11:50 | node_37 | INFO ] 📢 Broadcasting metrics.
[ 2026-03-28 12:11:50 | node_6 | INFO ] 🎉 Round 144 of 150 finished.
[ 2026-03-28 12:11:50 | node_6 | INFO ] 🗳️ [DETERMINISTIC] Train set assigned (No Voting). Size: 50
[ 2026-03-28 12:11:50 | node_6 | INFO ] 🏋️‍♀️ Preparing training...
[ 2026-03-28 12:11:50 | node_37 | INFO ] 🎉 Round 144 of 150 finished.
[ 2026-03-28 12:11:50 | node_37 | INFO ] 🗳️ [DETERMINISTIC] Train set assigned (No Voting). Size: 50
[ 2026-03-28 12:11:50 | node_37 | INFO ] 🏋️‍♀️ Preparing training...
[ 2026-03-28 12:11:50 | node_48 | INFO ] 📈 Evaluated. Results: {'test_loss': 0.004808664787560701, 'test_accuracy': 0.9952312111854553, 'test_precision': 0.43996575474739075, 'test_recall': 0.5641923546791077, 'test_f1': 0.48846063017845154, 'communication_cost': 182472}
[ 2026-03-28 12:11:50 | node_48 | INFO ] 📢 Broadcasting metrics.
[ 2026-03-28 12:11:50 | node_19 | INFO ] 📈 Evaluated. Results: {'test_loss': 0.0025001666508615017, 'test_accuracy': 0.9943314790725708, 'test_precision': 0.24472013115882874, 'test_recall': 0.5700318217277527, 'test_f1': 0.3333008587360382, 'communication_cost': 182472}
[ 2026-03-28 12:11:50 | node_48 | INFO ] 🎉 Round 144 of 150 finished.
[ 2026-03-28 12:11:50 | node_19 | INFO ] 📢 Broadcasting metrics.
[ 2026-03-28 12:11:50 | node_48 | INFO ] 🗳️ [DETERMINISTIC] Train set assigned (No Voting). Size: 50
[ 2026-03-28 12:11:50 | node_48 | INFO ] 🏋️‍♀️ Preparing training...
[ 2026-03-28 12:11:50 | node_19 | INFO ] 🎉 Round 144 of 150 finished.
[ 2026-03-28 12:11:50 | node_19 | INFO ] 🗳️ [DETERMINISTIC] Train set assigned (No Voting). Size: 50
[ 2026-03-28 12:11:50 | node_19 | INFO ] 🏋️‍♀️ Preparing training...
[ 2026-03-28 12:11:50 | node_24 | INFO ] 📈 Evaluated. Results: {'test_loss': 0.0037438462022691965, 'test_accuracy': 0.995411217212677, 'test_precision': 0.3430141508579254, 'test_recall': 0.5084019899368286, 'test_f1': 0.40612122416496277, 'communication_cost': 182472}
[ 2026-03-28 12:11:50 | node_24 | INFO ] 📢 Broadcasting metrics.
[ 2026-03-28 12:11:50 | node_35 | INFO ] 📈 Evaluated. Results: {'test_loss': 0.004082115832716227, 'test_accuracy': 0.9934316873550415, 'test_precision': 0.3876701891422272, 'test_recall': 0.6649346351623535, 'test_f1': 0.48497557640075684, 'communication_cost': 182472}
[ 2026-03-28 12:11:50 | node_35 | INFO ] 📢 Broadcasting metrics.
[ 2026-03-28 12:11:50 | node_24 | INFO ] 🎉 Round 144 of 150 finished.
[ 2026-03-28 12:11:50 | node_47 | INFO ] 📈 Evaluated. Results: {'test_loss': 0.003806635970249772, 'test_accuracy': 0.9928018450737, 'test_precision': 0.2837619483470917, 'test_recall': 0.5185360908508301, 'test_f1': 0.34872955083847046, 'communication_cost': 182472}
[ 2026-03-28 12:11:50 | node_24 | INFO ] 🗳️ [DETERMINISTIC] Train set assigned (No Voting). Size: 50
[ 2026-03-28 12:11:51 | node_47 | INFO ] 📢 Broadcasting metrics.
[ 2026-03-28 12:11:51 | node_24 | INFO ] 🏋️‍♀️ Preparing training...
[ 2026-03-28 12:11:51 | node_35 | INFO ] 🎉 Round 144 of 150 finished.
[ 2026-03-28 12:11:51 | node_35 | INFO ] 🗳️ [DETERMINISTIC] Train set assigned (No Voting). Size: 50
[ 2026-03-28 12:11:51 | node_34 | INFO ] 📈 Evaluated. Results: {'test_loss': 0.0053621516562998295, 'test_accuracy': 0.9933417439460754, 'test_precision': 0.25429385900497437, 'test_recall': 0.5312229990959167, 'test_f1': 0.32987985014915466, 'communication_cost': 182472}
[ 2026-03-28 12:11:51 | node_34 | INFO ] 📢 Broadcasting metrics.
[ 2026-03-28 12:11:51 | node_35 | INFO ] 🏋️‍♀️ Preparing training...
[ 2026-03-28 12:11:51 | node_47 | INFO ] 🎉 Round 144 of 150 finished.
[ 2026-03-28 12:11:51 | node_47 | INFO ] 🗳️ [DETERMINISTIC] Train set assigned (No Voting). Size: 50
[ 2026-03-28 12:11:51 | node_47 | INFO ] 🏋️‍♀️ Preparing training...
[ 2026-03-28 12:11:51 | node_15 | INFO ] 📈 Evaluated. Results: {'test_loss': 0.0035021996591240168, 'test_accuracy': 0.9923526644706726, 'test_precision': 0.22146868705749512, 'test_recall': 0.551486611366272, 'test_f1': 0.3082208037376404, 'communication_cost': 182472}
[ 2026-03-28 12:11:51 | node_34 | INFO ] 🎉 Round 144 of 150 finished.
[ 2026-03-28 12:11:51 | node_15 | INFO ] 📢 Broadcasting metrics.
[ 2026-03-28 12:11:51 | node_34 | INFO ] 🗳️ [DETERMINISTIC] Train set assigned (No Voting). Size: 50
[ 2026-03-28 12:11:51 | node_18 | INFO ] 📈 Evaluated. Results: {'test_loss': 0.00439715338870883, 'test_accuracy': 0.9948717951774597, 'test_precision': 0.3938665986061096, 'test_recall': 0.6443310379981995, 'test_f1': 0.4727553427219391, 'communication_cost': 182472}
[ 2026-03-28 12:11:51 | node_18 | INFO ] 📢 Broadcasting metrics.
[ 2026-03-28 12:11:51 | node_34 | INFO ] 🏋️‍♀️ Preparing training...
[ 2026-03-28 12:11:52 | node_38 | INFO ] 📈 Evaluated. Results: {'test_loss': 0.003026396967470646, 'test_accuracy': 0.9937916398048401, 'test_precision': 0.27372580766677856, 'test_recall': 0.5328221917152405, 'test_f1': 0.3431132733821869, 'communication_cost': 182472}
[ 2026-03-28 12:11:52 | node_15 | INFO ] 🎉 Round 144 of 150 finished.
[ 2026-03-28 12:11:52 | node_38 | INFO ] 📢 Broadcasting metrics.
[ 2026-03-28 12:11:52 | node_15 | INFO ] 🗳️ [DETERMINISTIC] Train set assigned (No Voting). Size: 50
[ 2026-03-28 12:11:52 | node_18 | INFO ] 🎉 Round 144 of 150 finished.
[ 2026-03-28 12:11:52 | node_15 | INFO ] 🏋️‍♀️ Preparing training...
[ 2026-03-28 12:11:52 | node_18 | INFO ] 🗳️ [DETERMINISTIC] Train set assigned (No Voting). Size: 50
[ 2026-03-28 12:11:52 | node_18 | INFO ] 🏋️‍♀️ Preparing training...
[ 2026-03-28 12:11:52 | node_38 | INFO ] 🎉 Round 144 of 150 finished.
[ 2026-03-28 12:11:52 | node_38 | INFO ] 🗳️ [DETERMINISTIC] Train set assigned (No Voting). Size: 50
[ 2026-03-28 12:11:52 | node_38 | INFO ] 🏋️‍♀️ Preparing training...
[ 2026-03-28 12:11:54 | node_22 | INFO ] 🎓 Training step done.
[ 2026-03-28 12:11:54 | node_22 | INFO ] 🛠️ Calling force_add_local_model...
[ 2026-03-28 12:11:54 | node_22 | INFO ] ✅ [FORCE] Local model added for round 144. (1/2)
[ 2026-03-28 12:11:55 | node | INFO ] 🎉 Round 144 of 150 finished.
[ 2026-03-28 12:11:55 | node | INFO ] 🗳️ [DETERMINISTIC] Train set assigned (No Voting). Size: 50
[ 2026-03-28 12:11:55 | node | INFO ] 🏋️‍♀️ Preparing training...
[ 2026-03-28 12:11:56 | node_44 | INFO ] 🎓 Training step done.
[ 2026-03-28 12:11:56 | node_44 | INFO ] 🛠️ Calling force_add_local_model...
[ 2026-03-28 12:11:56 | node_44 | INFO ] ✅ [FORCE] Local model added for round 144. (1/2)
[ 2026-03-28 12:11:59 | node_22 | INFO ] 📤 Sending model to 1 direct neighbors: ['node']
[ 2026-03-28 12:11:59 | node | INFO ] 🧩 Model added for round 144 (1/50) from ['node_22']
[ 2026-03-28 12:11:59 | node_3 | INFO ] 🎓 Training step done.
[ 2026-03-28 12:11:59 | node_3 | INFO ] 🛠️ Calling force_add_local_model...
[ 2026-03-28 12:11:59 | node_3 | INFO ] ✅ [FORCE] Local model added for round 144. (1/2)
[ 2026-03-28 12:12:00 | node_11 | INFO ] 🎓 Training step done.
[ 2026-03-28 12:12:00 | node_11 | INFO ] 🛠️ Calling force_add_local_model...
[ 2026-03-28 12:12:00 | node_11 | INFO ] ✅ [FORCE] Local model added for round 144. (1/2)
[ 2026-03-28 12:12:01 | node_44 | INFO ] 📤 Sending model to 1 direct neighbors: ['node']
[ 2026-03-28 12:12:01 | node_2 | INFO ] 🎓 Training step done.
[ 2026-03-28 12:12:02 | node_2 | INFO ] 🛠️ Calling force_add_local_model...
[ 2026-03-28 12:12:02 | node_2 | INFO ] ✅ [FORCE] Local model added for round 144. (1/2)
[ 2026-03-28 12:12:02 | node | INFO ] 🧩 Model added for round 144 (2/50) from ['node_44']
[ 2026-03-28 12:12:02 | node_9 | INFO ] 🎓 Training step done.
[ 2026-03-28 12:12:02 | node_9 | INFO ] 🛠️ Calling force_add_local_model...
[ 2026-03-28 12:12:02 | node_9 | INFO ] ✅ [FORCE] Local model added for round 144. (1/2)
[ 2026-03-28 12:12:03 | node_37 | INFO ] 🎓 Training step done.
[ 2026-03-28 12:12:03 | node_37 | INFO ] 🛠️ Calling force_add_local_model...
[ 2026-03-28 12:12:03 | node_37 | INFO ] ✅ [FORCE] Local model added for round 144. (1/2)
[ 2026-03-28 12:12:03 | node_14 | INFO ] 🎓 Training step done.
[ 2026-03-28 12:12:03 | node_14 | INFO ] 🛠️ Calling force_add_local_model...
[ 2026-03-28 12:12:03 | node_14 | INFO ] ✅ [FORCE] Local model added for round 144. (1/2)
[ 2026-03-28 12:12:03 | node_26 | INFO ] 🎓 Training step done.
[ 2026-03-28 12:12:03 | node_26 | INFO ] 🛠️ Calling force_add_local_model...
[ 2026-03-28 12:12:03 | node_26 | INFO ] ✅ [FORCE] Local model added for round 144. (1/2)
[ 2026-03-28 12:12:04 | node_3 | INFO ] 📤 Sending model to 1 direct neighbors: ['node']
[ 2026-03-28 12:12:04 | node_10 | INFO ] 🎓 Training step done.
[ 2026-03-28 12:12:04 | node_10 | INFO ] 🛠️ Calling force_add_local_model...
[ 2026-03-28 12:12:04 | node | INFO ] 🧩 Model added for round 144 (3/50) from ['node_3']
[ 2026-03-28 12:12:05 | node_10 | INFO ] ✅ [FORCE] Local model added for round 144. (1/2)
[ 2026-03-28 12:12:05 | node_12 | INFO ] 🎓 Training step done.
[ 2026-03-28 12:12:05 | node_12 | INFO ] 🛠️ Calling force_add_local_model...
[ 2026-03-28 12:12:05 | node_12 | INFO ] ✅ [FORCE] Local model added for round 144. (1/2)
[ 2026-03-28 12:12:05 | node_21 | INFO ] 🎓 Training step done.
[ 2026-03-28 12:12:05 | node_21 | INFO ] 🛠️ Calling force_add_local_model...
[ 2026-03-28 12:12:05 | node_21 | INFO ] ✅ [FORCE] Local model added for round 144. (1/2)
[ 2026-03-28 12:12:05 | node_11 | INFO ] 📤 Sending model to 1 direct neighbors: ['node']
[ 2026-03-28 12:12:05 | node_33 | INFO ] 🎓 Training step done.
[ 2026-03-28 12:12:05 | node_8 | INFO ] 🎓 Training step done.
[ 2026-03-28 12:12:05 | node_33 | INFO ] 🛠️ Calling force_add_local_model...
[ 2026-03-28 12:12:05 | node_49 | INFO ] 🎓 Training step done.
[ 2026-03-28 12:12:05 | node_8 | INFO ] 🛠️ Calling force_add_local_model...
[ 2026-03-28 12:12:05 | node_33 | INFO ] ✅ [FORCE] Local model added for round 144. (1/2)
[ 2026-03-28 12:12:05 | node_49 | INFO ] 🛠️ Calling force_add_local_model...
[ 2026-03-28 12:12:05 | node | INFO ] 🧩 Model added for round 144 (4/50) from ['node_11']
[ 2026-03-28 12:12:05 | node_8 | INFO ] ✅ [FORCE] Local model added for round 144. (1/2)
[ 2026-03-28 12:12:05 | node_49 | INFO ] ✅ [FORCE] Local model added for round 144. (1/2)
[ 2026-03-28 12:12:05 | node_36 | INFO ] 🎓 Training step done.
[ 2026-03-28 12:12:05 | node_39 | INFO ] 🎓 Training step done.
[ 2026-03-28 12:12:05 | node_36 | INFO ] 🛠️ Calling force_add_local_model...
[ 2026-03-28 12:12:05 | node_39 | INFO ] 🛠️ Calling force_add_local_model...
[ 2026-03-28 12:12:05 | node_36 | INFO ] ✅ [FORCE] Local model added for round 144. (1/2)
[ 2026-03-28 12:12:05 | node_39 | INFO ] ✅ [FORCE] Local model added for round 144. (1/2)
[ 2026-03-28 12:12:05 | node_29 | INFO ] 🎓 Training step done.
[ 2026-03-28 12:12:05 | node_1 | INFO ] 🎓 Training step done.
[ 2026-03-28 12:12:05 | node_1 | INFO ] 🛠️ Calling force_add_local_model...
[ 2026-03-28 12:12:05 | node_29 | INFO ] 🛠️ Calling force_add_local_model...
[ 2026-03-28 12:12:05 | node_1 | INFO ] ✅ [FORCE] Local model added for round 144. (1/2)
[ 2026-03-28 12:12:05 | node_29 | INFO ] ✅ [FORCE] Local model added for round 144. (1/2)
[ 2026-03-28 12:12:06 | node_13 | INFO ] 🎓 Training step done.
[ 2026-03-28 12:12:06 | node_13 | INFO ] 🛠️ Calling force_add_local_model...
[ 2026-03-28 12:12:06 | node_13 | INFO ] ✅ [FORCE] Local model added for round 144. (1/2)
[ 2026-03-28 12:12:06 | node_40 | INFO ] 🎓 Training step done.
[ 2026-03-28 12:12:06 | node_40 | INFO ] 🛠️ Calling force_add_local_model...
[ 2026-03-28 12:12:06 | node_40 | INFO ] ✅ [FORCE] Local model added for round 144. (1/2)
[ 2026-03-28 12:12:06 | node_27 | INFO ] 🎓 Training step done.
[ 2026-03-28 12:12:06 | node_27 | INFO ] 🛠️ Calling force_add_local_model...
[ 2026-03-28 12:12:06 | node_19 | INFO ] 🎓 Training step done.
[ 2026-03-28 12:12:06 | node_27 | INFO ] ✅ [FORCE] Local model added for round 144. (1/2)
[ 2026-03-28 12:12:06 | node_16 | INFO ] 🎓 Training step done.
[ 2026-03-28 12:12:06 | node_19 | INFO ] 🛠️ Calling force_add_local_model...
[ 2026-03-28 12:12:06 | node_19 | INFO ] ✅ [FORCE] Local model added for round 144. (1/2)
[ 2026-03-28 12:12:06 | node_16 | INFO ] 🛠️ Calling force_add_local_model...
[ 2026-03-28 12:12:06 | node_16 | INFO ] ✅ [FORCE] Local model added for round 144. (1/2)
[ 2026-03-28 12:12:06 | node_45 | INFO ] 🎓 Training step done.
[ 2026-03-28 12:12:06 | node_45 | INFO ] 🛠️ Calling force_add_local_model...
[ 2026-03-28 12:12:06 | node_45 | INFO ] ✅ [FORCE] Local model added for round 144. (1/2)
[ 2026-03-28 12:12:06 | node_7 | INFO ] 🎓 Training step done.
[ 2026-03-28 12:12:06 | node_7 | INFO ] 🛠️ Calling force_add_local_model...
[ 2026-03-28 12:12:06 | node_7 | INFO ] ✅ [FORCE] Local model added for round 144. (1/2)
[ 2026-03-28 12:12:06 | node_30 | INFO ] 🎓 Training step done.
[ 2026-03-28 12:12:06 | node_30 | INFO ] 🛠️ Calling force_add_local_model...
[ 2026-03-28 12:12:06 | node_30 | INFO ] ✅ [FORCE] Local model added for round 144. (1/2)
[ 2026-03-28 12:12:06 | node_6 | INFO ] 🎓 Training step done.
[ 2026-03-28 12:12:06 | node_6 | INFO ] 🛠️ Calling force_add_local_model...
[ 2026-03-28 12:12:06 | node_5 | INFO ] 🎓 Training step done.
[ 2026-03-28 12:12:06 | node_6 | INFO ] ✅ [FORCE] Local model added for round 144. (1/2)
[ 2026-03-28 12:12:06 | node_5 | INFO ] 🛠️ Calling force_add_local_model...
[ 2026-03-28 12:12:06 | node_5 | INFO ] ✅ [FORCE] Local model added for round 144. (1/2)
[ 2026-03-28 12:12:06 | node_43 | INFO ] 🎓 Training step done.
[ 2026-03-28 12:12:06 | node_28 | INFO ] 🎓 Training step done.
[ 2026-03-28 12:12:06 | node_4 | INFO ] 🎓 Training step done.
[ 2026-03-28 12:12:06 | node_28 | INFO ] 🛠️ Calling force_add_local_model...
[ 2026-03-28 12:12:06 | node_43 | INFO ] 🛠️ Calling force_add_local_model...
[ 2026-03-28 12:12:06 | node_4 | INFO ] 🛠️ Calling force_add_local_model...
[ 2026-03-28 12:12:06 | node_28 | INFO ] ✅ [FORCE] Local model added for round 144. (1/2)
[ 2026-03-28 12:12:06 | node_43 | INFO ] ✅ [FORCE] Local model added for round 144. (1/2)
[ 2026-03-28 12:12:06 | node_4 | INFO ] ✅ [FORCE] Local model added for round 144. (1/2)
[ 2026-03-28 12:12:07 | node_35 | INFO ] 🎓 Training step done.
[ 2026-03-28 12:12:07 | node_35 | INFO ] 🛠️ Calling force_add_local_model...
[ 2026-03-28 12:12:07 | node_35 | INFO ] ✅ [FORCE] Local model added for round 144. (1/2)
[ 2026-03-28 12:12:07 | node_2 | INFO ] 📤 Sending model to 1 direct neighbors: ['node']
[ 2026-03-28 12:12:07 | node | INFO ] 🧩 Model added for round 144 (5/50) from ['node_2']
[ 2026-03-28 12:12:07 | node_20 | INFO ] 🎓 Training step done.
[ 2026-03-28 12:12:07 | node_20 | INFO ] 🛠️ Calling force_add_local_model...
[ 2026-03-28 12:12:07 | node_20 | INFO ] ✅ [FORCE] Local model added for round 144. (1/2)
[ 2026-03-28 12:12:07 | node_48 | INFO ] 🎓 Training step done.
[ 2026-03-28 12:12:07 | node_48 | INFO ] 🛠️ Calling force_add_local_model...
[ 2026-03-28 12:12:07 | node_48 | INFO ] ✅ [FORCE] Local model added for round 144. (1/2)
[ 2026-03-28 12:12:07 | node_18 | INFO ] 🎓 Training step done.
[ 2026-03-28 12:12:07 | node_18 | INFO ] 🛠️ Calling force_add_local_model...
[ 2026-03-28 12:12:07 | node_32 | INFO ] 🎓 Training step done.
[ 2026-03-28 12:12:07 | node_18 | INFO ] ✅ [FORCE] Local model added for round 144. (1/2)
[ 2026-03-28 12:12:07 | node_32 | INFO ] 🛠️ Calling force_add_local_model...
[ 2026-03-28 12:12:07 | node_32 | INFO ] ✅ [FORCE] Local model added for round 144. (1/2)
[ 2026-03-28 12:12:07 | node | INFO ] 🎓 Training step done.
[ 2026-03-28 12:12:07 | node | INFO ] 🛠️ Calling force_add_local_model...
[ 2026-03-28 12:12:07 | node | INFO ] ✅ [FORCE] Local model added for round 144. (6/50)
[ 2026-03-28 12:12:07 | node_41 | INFO ] 🎓 Training step done.
[ 2026-03-28 12:12:07 | node_41 | INFO ] 🛠️ Calling force_add_local_model...
[ 2026-03-28 12:12:07 | node_41 | INFO ] ✅ [FORCE] Local model added for round 144. (1/2)
[ 2026-03-28 12:12:07 | node_15 | INFO ] 🎓 Training step done.
[ 2026-03-28 12:12:07 | node_46 | INFO ] 🎓 Training step done.
[ 2026-03-28 12:12:07 | node_15 | INFO ] 🛠️ Calling force_add_local_model...
[ 2026-03-28 12:12:07 | node_46 | INFO ] 🛠️ Calling force_add_local_model...
[ 2026-03-28 12:12:07 | node_15 | INFO ] ✅ [FORCE] Local model added for round 144. (1/2)
[ 2026-03-28 12:12:07 | node_46 | INFO ] ✅ [FORCE] Local model added for round 144. (1/2)
[ 2026-03-28 12:12:07 | node_17 | INFO ] 🎓 Training step done.
[ 2026-03-28 12:12:07 | node_17 | INFO ] 🛠️ Calling force_add_local_model...
[ 2026-03-28 12:12:07 | node_17 | INFO ] ✅ [FORCE] Local model added for round 144. (1/2)
[ 2026-03-28 12:12:07 | node_42 | INFO ] 🎓 Training step done.
[ 2026-03-28 12:12:07 | node_42 | INFO ] 🛠️ Calling force_add_local_model...
[ 2026-03-28 12:12:07 | node_42 | INFO ] ✅ [FORCE] Local model added for round 144. (1/2)
[ 2026-03-28 12:12:07 | node_25 | INFO ] 🎓 Training step done.
[ 2026-03-28 12:12:07 | node_25 | INFO ] 🛠️ Calling force_add_local_model...
[ 2026-03-28 12:12:07 | node_24 | INFO ] 🎓 Training step done.
[ 2026-03-28 12:12:07 | node_25 | INFO ] ✅ [FORCE] Local model added for round 144. (1/2)
[ 2026-03-28 12:12:07 | node_24 | INFO ] 🛠️ Calling force_add_local_model...
[ 2026-03-28 12:12:07 | node_24 | INFO ] ✅ [FORCE] Local model added for round 144. (1/2)
[ 2026-03-28 12:12:07 | node_23 | INFO ] 🎓 Training step done.
[ 2026-03-28 12:12:07 | node_34 | INFO ] 🎓 Training step done.
[ 2026-03-28 12:12:07 | node_23 | INFO ] 🛠️ Calling force_add_local_model...
[ 2026-03-28 12:12:07 | node_34 | INFO ] 🛠️ Calling force_add_local_model...
[ 2026-03-28 12:12:07 | node_23 | INFO ] ✅ [FORCE] Local model added for round 144. (1/2)
[ 2026-03-28 12:12:07 | node_34 | INFO ] ✅ [FORCE] Local model added for round 144. (1/2)
[ 2026-03-28 12:12:07 | node_31 | INFO ] 🎓 Training step done.
[ 2026-03-28 12:12:07 | node_9 | INFO ] 📤 Sending model to 1 direct neighbors: ['node']
[ 2026-03-28 12:12:07 | node_31 | INFO ] 🛠️ Calling force_add_local_model...
[ 2026-03-28 12:12:07 | node_31 | INFO ] ✅ [FORCE] Local model added for round 144. (1/2)
[ 2026-03-28 12:12:07 | node | INFO ] 🧩 Model added for round 144 (7/50) from ['node_9']
[ 2026-03-28 12:12:07 | node_38 | INFO ] 🎓 Training step done.
[ 2026-03-28 12:12:07 | node_38 | INFO ] 🛠️ Calling force_add_local_model...
[ 2026-03-28 12:12:07 | node_38 | INFO ] ✅ [FORCE] Local model added for round 144. (1/2)
[ 2026-03-28 12:12:08 | node_47 | INFO ] 🎓 Training step done.
[ 2026-03-28 12:12:08 | node_47 | INFO ] 🛠️ Calling force_add_local_model...
[ 2026-03-28 12:12:08 | node_47 | INFO ] ✅ [FORCE] Local model added for round 144. (1/2)
[ 2026-03-28 12:12:08 | node_37 | INFO ] 📤 Sending model to 1 direct neighbors: ['node']
[ 2026-03-28 12:12:08 | node | INFO ] 🧩 Model added for round 144 (8/50) from ['node_37']
[ 2026-03-28 12:12:08 | node_14 | INFO ] 📤 Sending model to 1 direct neighbors: ['node']
[ 2026-03-28 12:12:08 | node | INFO ] 🧩 Model added for round 144 (9/50) from ['node_14']
[ 2026-03-28 12:12:08 | node_26 | INFO ] 📤 Sending model to 1 direct neighbors: ['node']
[ 2026-03-28 12:12:09 | node | INFO ] 🧩 Model added for round 144 (10/50) from ['node_26']
[ 2026-03-28 12:12:10 | node_10 | INFO ] 📤 Sending model to 1 direct neighbors: ['node']
[ 2026-03-28 12:12:10 | node | INFO ] 🧩 Model added for round 144 (11/50) from ['node_10']
[ 2026-03-28 12:12:10 | node_12 | INFO ] 📤 Sending model to 1 direct neighbors: ['node']
[ 2026-03-28 12:12:10 | node | INFO ] 🧩 Model added for round 144 (12/50) from ['node_12']
[ 2026-03-28 12:12:10 | node_21 | INFO ] 📤 Sending model to 1 direct neighbors: ['node']
[ 2026-03-28 12:12:10 | node | INFO ] 🧩 Model added for round 144 (13/50) from ['node_21']
[ 2026-03-28 12:12:10 | node_33 | INFO ] 📤 Sending model to 1 direct neighbors: ['node']
[ 2026-03-28 12:12:10 | node | INFO ] 🧩 Model added for round 144 (14/50) from ['node_33']
[ 2026-03-28 12:12:10 | node_8 | INFO ] 📤 Sending model to 1 direct neighbors: ['node']
[ 2026-03-28 12:12:10 | node_49 | INFO ] 📤 Sending model to 1 direct neighbors: ['node']
[ 2026-03-28 12:12:10 | node | INFO ] 🧩 Model added for round 144 (15/50) from ['node_8']
[ 2026-03-28 12:12:10 | node | INFO ] 🧩 Model added for round 144 (16/50) from ['node_49']
[ 2026-03-28 12:12:10 | node_36 | INFO ] 📤 Sending model to 1 direct neighbors: ['node']
[ 2026-03-28 12:12:10 | node_39 | INFO ] 📤 Sending model to 1 direct neighbors: ['node']
[ 2026-03-28 12:12:10 | node | INFO ] 🧩 Model added for round 144 (17/50) from ['node_36']
[ 2026-03-28 12:12:10 | node | INFO ] 🧩 Model added for round 144 (18/50) from ['node_39']
[ 2026-03-28 12:12:11 | node_1 | INFO ] 📤 Sending model to 1 direct neighbors: ['node']
[ 2026-03-28 12:12:11 | node_29 | INFO ] 📤 Sending model to 1 direct neighbors: ['node']
[ 2026-03-28 12:12:11 | node | INFO ] 🧩 Model added for round 144 (19/50) from ['node_29']
[ 2026-03-28 12:12:11 | node_13 | INFO ] 📤 Sending model to 1 direct neighbors: ['node']
[ 2026-03-28 12:12:11 | node | INFO ] 🧩 Model added for round 144 (20/50) from ['node_1']
[ 2026-03-28 12:12:11 | node | INFO ] 🧩 Model added for round 144 (21/50) from ['node_13']
[ 2026-03-28 12:12:11 | node_40 | INFO ] 📤 Sending model to 1 direct neighbors: ['node']
[ 2026-03-28 12:12:11 | node_27 | INFO ] 📤 Sending model to 1 direct neighbors: ['node']
[ 2026-03-28 12:12:11 | node_19 | INFO ] 📤 Sending model to 1 direct neighbors: ['node']
[ 2026-03-28 12:12:11 | node_16 | INFO ] 📤 Sending model to 1 direct neighbors: ['node']
[ 2026-03-28 12:12:11 | node_45 | INFO ] 📤 Sending model to 1 direct neighbors: ['node']
[ 2026-03-28 12:12:11 | node | INFO ] 🧩 Model added for round 144 (22/50) from ['node_40']
[ 2026-03-28 12:12:11 | node | INFO ] 🧩 Model added for round 144 (23/50) from ['node_27']
[ 2026-03-28 12:12:11 | node | INFO ] 🧩 Model added for round 144 (24/50) from ['node_19']
[ 2026-03-28 12:12:11 | node_7 | INFO ] 📤 Sending model to 1 direct neighbors: ['node']
[ 2026-03-28 12:12:11 | node | INFO ] 🧩 Model added for round 144 (25/50) from ['node_16']
[ 2026-03-28 12:12:11 | node | INFO ] 🧩 Model added for round 144 (26/50) from ['node_45']
[ 2026-03-28 12:12:11 | node_30 | INFO ] 📤 Sending model to 1 direct neighbors: ['node']
[ 2026-03-28 12:12:11 | node_6 | INFO ] 📤 Sending model to 1 direct neighbors: ['node']
[ 2026-03-28 12:12:11 | node_5 | INFO ] 📤 Sending model to 1 direct neighbors: ['node']
[ 2026-03-28 12:12:11 | node_43 | INFO ] 📤 Sending model to 1 direct neighbors: ['node']
[ 2026-03-28 12:12:11 | node_4 | INFO ] 📤 Sending model to 1 direct neighbors: ['node']
[ 2026-03-28 12:12:11 | node_28 | INFO ] 📤 Sending model to 1 direct neighbors: ['node']
[ 2026-03-28 12:12:12 | node | INFO ] 🧩 Model added for round 144 (27/50) from ['node_7']
[ 2026-03-28 12:12:12 | node | INFO ] 🧩 Model added for round 144 (28/50) from ['node_30']
[ 2026-03-28 12:12:12 | node_35 | INFO ] 📤 Sending model to 1 direct neighbors: ['node']
[ 2026-03-28 12:12:12 | node | INFO ] 🧩 Model added for round 144 (29/50) from ['node_5']
[ 2026-03-28 12:12:12 | node | INFO ] 🧩 Model added for round 144 (30/50) from ['node_6']
[ 2026-03-28 12:12:12 | node | INFO ] 🧩 Model added for round 144 (31/50) from ['node_43']
[ 2026-03-28 12:12:12 | node | INFO ] 🧩 Model added for round 144 (32/50) from ['node_28']
[ 2026-03-28 12:12:12 | node | INFO ] 🧩 Model added for round 144 (33/50) from ['node_4']
[ 2026-03-28 12:12:12 | node_20 | INFO ] 📤 Sending model to 1 direct neighbors: ['node']
[ 2026-03-28 12:12:12 | node_48 | INFO ] 📤 Sending model to 1 direct neighbors: ['node']
[ 2026-03-28 12:12:12 | node | INFO ] 🧩 Model added for round 144 (34/50) from ['node_35']
[ 2026-03-28 12:12:12 | node_18 | INFO ] 📤 Sending model to 1 direct neighbors: ['node']
[ 2026-03-28 12:12:12 | node_32 | INFO ] 📤 Sending model to 1 direct neighbors: ['node']
[ 2026-03-28 12:12:12 | node | INFO ] 📤 Sending model to 49 direct neighbors: ['node_1', 'node_2', 'node_3', 'node_4', 'node_5', 'node_6', 'node_7', 'node_8', 'node_9', 'node_10', 'node_11', 'node_12', 'node_13', 'node_14', 'node_15', 'node_16', 'node_17', 'node_18', 'node_19', 'node_20', 'node_21', 'node_22', 'node_23', 'node_24', 'node_25', 'node_26', 'node_27', 'node_28', 'node_29', 'node_30', 'node_31', 'node_32', 'node_33', 'node_34', 'node_35', 'node_36', 'node_37', 'node_38', 'node_39', 'node_40', 'node_41', 'node_42', 'node_43', 'node_44', 'node_45', 'node_46', 'node_47', 'node_48', 'node_49']
[ 2026-03-28 12:12:12 | node_41 | INFO ] 📤 Sending model to 1 direct neighbors: ['node']
[ 2026-03-28 12:12:12 | node_46 | INFO ] 📤 Sending model to 1 direct neighbors: ['node']
[ 2026-03-28 12:12:12 | node_15 | INFO ] 📤 Sending model to 1 direct neighbors: ['node']
[ 2026-03-28 12:12:12 | node_17 | INFO ] 📤 Sending model to 1 direct neighbors: ['node']
[ 2026-03-28 12:12:12 | node | INFO ] 🧩 Model added for round 144 (35/50) from ['node_20']
[ 2026-03-28 12:12:12 | node_42 | INFO ] 📤 Sending model to 1 direct neighbors: ['node']
[ 2026-03-28 12:12:12 | node_25 | INFO ] 📤 Sending model to 1 direct neighbors: ['node']
[ 2026-03-28 12:12:12 | node_24 | INFO ] 📤 Sending model to 1 direct neighbors: ['node']
[ 2026-03-28 12:12:12 | node | INFO ] 🧩 Model added for round 144 (36/50) from ['node_48']
[ 2026-03-28 12:12:12 | node_23 | INFO ] 📤 Sending model to 1 direct neighbors: ['node']
[ 2026-03-28 12:12:12 | node_34 | INFO ] 📤 Sending model to 1 direct neighbors: ['node']
[ 2026-03-28 12:12:12 | node_31 | INFO ] 📤 Sending model to 1 direct neighbors: ['node']
[ 2026-03-28 12:12:12 | node | INFO ] 🧩 Model added for round 144 (37/50) from ['node_18']
[ 2026-03-28 12:12:12 | node_38 | INFO ] 📤 Sending model to 1 direct neighbors: ['node']
[ 2026-03-28 12:12:12 | node | INFO ] 🧩 Model added for round 144 (38/50) from ['node_32']
[ 2026-03-28 12:12:13 | node_1 | INFO ] 🧩 Model added for round 144 (2/2) from ['node']
[ 2026-03-28 12:12:13 | node_47 | INFO ] 📤 Sending model to 1 direct neighbors: ['node']
[ 2026-03-28 12:12:13 | node | INFO ] 🧩 Model added for round 144 (39/50) from ['node_15']
[ 2026-03-28 12:12:13 | node | INFO ] 🧩 Model added for round 144 (40/50) from ['node_17']
[ 2026-03-28 12:12:13 | node | INFO ] 🧩 Model added for round 144 (41/50) from ['node_41']
[ 2026-03-28 12:12:13 | node | INFO ] 🧩 Model added for round 144 (42/50) from ['node_46']
[ 2026-03-28 12:12:13 | node | INFO ] 🧩 Model added for round 144 (43/50) from ['node_24']
[ 2026-03-28 12:12:13 | node | INFO ] 🧩 Model added for round 144 (44/50) from ['node_42']
[ 2026-03-28 12:12:13 | node | INFO ] 🧩 Model added for round 144 (45/50) from ['node_38']
[ 2026-03-28 12:12:13 | node | INFO ] 🧩 Model added for round 144 (46/50) from ['node_25']
[ 2026-03-28 12:12:13 | node | INFO ] 🧩 Model added for round 144 (47/50) from ['node_31']
[ 2026-03-28 12:12:13 | node | INFO ] 🧩 Model added for round 144 (48/50) from ['node_34']
[ 2026-03-28 12:12:13 | node_2 | INFO ] 🧩 Model added for round 144 (2/2) from ['node']
[ 2026-03-28 12:12:13 | node | INFO ] 🧩 Model added for round 144 (49/50) from ['node_23']
[ 2026-03-28 12:12:13 | node | INFO ] 🧩 Model added for round 144 (50/50) from ['node_47']
[ 2026-03-28 12:12:13 | node_1 | INFO ] 🧠 Aggregation complete. Setting new model.
[ 2026-03-28 12:12:14 | node_1 | INFO ] 🗣️ Gossiping aggregated model.
[ 2026-03-28 12:12:14 | node_3 | INFO ] 🧩 Model added for round 144 (2/2) from ['node']
[ 2026-03-28 12:12:14 | node_2 | INFO ] 🧠 Aggregation complete. Setting new model.
[ 2026-03-28 12:12:14 | node_2 | INFO ] 🗣️ Gossiping aggregated model.
[ 2026-03-28 12:12:14 | node_4 | INFO ] 🧩 Model added for round 144 (2/2) from ['node']
[ 2026-03-28 12:12:14 | node_3 | INFO ] 🧠 Aggregation complete. Setting new model.
[ 2026-03-28 12:12:14 | node_3 | INFO ] 🗣️ Gossiping aggregated model.
[ 2026-03-28 12:12:14 | node_5 | INFO ] 🧩 Model added for round 144 (2/2) from ['node']
[ 2026-03-28 12:12:15 | node_4 | INFO ] 🧠 Aggregation complete. Setting new model.
[ 2026-03-28 12:12:15 | node_4 | INFO ] 🗣️ Gossiping aggregated model.
[ 2026-03-28 12:12:15 | node_6 | INFO ] 🧩 Model added for round 144 (2/2) from ['node']
[ 2026-03-28 12:12:15 | node_5 | INFO ] 🧠 Aggregation complete. Setting new model.
[ 2026-03-28 12:12:15 | node_5 | INFO ] 🗣️ Gossiping aggregated model.
[ 2026-03-28 12:12:15 | node_7 | INFO ] 🧩 Model added for round 144 (2/2) from ['node']
[ 2026-03-28 12:12:15 | node_6 | INFO ] 🧠 Aggregation complete. Setting new model.
[ 2026-03-28 12:12:15 | node_6 | INFO ] 🗣️ Gossiping aggregated model.
[ 2026-03-28 12:12:15 | node_7 | INFO ] 🧠 Aggregation complete. Setting new model.
[ 2026-03-28 12:12:15 | node_8 | INFO ] 🧩 Model added for round 144 (2/2) from ['node']
[ 2026-03-28 12:12:15 | node_7 | INFO ] 🗣️ Gossiping aggregated model.
[ 2026-03-28 12:12:15 | node_9 | INFO ] 🧩 Model added for round 144 (2/2) from ['node']
[ 2026-03-28 12:12:15 | node_8 | INFO ] 🧠 Aggregation complete. Setting new model.
[ 2026-03-28 12:12:15 | node_8 | INFO ] 🗣️ Gossiping aggregated model.
[ 2026-03-28 12:12:15 | node_9 | INFO ] 🧠 Aggregation complete. Setting new model.
[ 2026-03-28 12:12:15 | node_10 | INFO ] 🧩 Model added for round 144 (2/2) from ['node']
[ 2026-03-28 12:12:15 | node_9 | INFO ] 🗣️ Gossiping aggregated model.
[ 2026-03-28 12:12:15 | node_11 | INFO ] 🧩 Model added for round 144 (2/2) from ['node']
[ 2026-03-28 12:12:15 | node_10 | INFO ] 🧠 Aggregation complete. Setting new model.
[ 2026-03-28 12:12:15 | node_10 | INFO ] 🗣️ Gossiping aggregated model.
[ 2026-03-28 12:12:15 | node_11 | INFO ] 🧠 Aggregation complete. Setting new model.
[ 2026-03-28 12:12:15 | node_12 | INFO ] 🧩 Model added for round 144 (2/2) from ['node']
[ 2026-03-28 12:12:15 | node_11 | INFO ] 🗣️ Gossiping aggregated model.
[ 2026-03-28 12:12:15 | node_12 | INFO ] 🧠 Aggregation complete. Setting new model.
[ 2026-03-28 12:12:15 | node_13 | INFO ] 🧩 Model added for round 144 (2/2) from ['node']
[ 2026-03-28 12:12:15 | node_12 | INFO ] 🗣️ Gossiping aggregated model.
[ 2026-03-28 12:12:15 | node_13 | INFO ] 🧠 Aggregation complete. Setting new model.
[ 2026-03-28 12:12:15 | node_14 | INFO ] 🧩 Model added for round 144 (2/2) from ['node']
[ 2026-03-28 12:12:15 | node_13 | INFO ] 🗣️ Gossiping aggregated model.
[ 2026-03-28 12:12:15 | node_14 | INFO ] 🧠 Aggregation complete. Setting new model.
[ 2026-03-28 12:12:15 | node_15 | INFO ] 🧩 Model added for round 144 (2/2) from ['node']
[ 2026-03-28 12:12:15 | node_14 | INFO ] 🗣️ Gossiping aggregated model.
[ 2026-03-28 12:12:15 | node_16 | INFO ] 🧩 Model added for round 144 (2/2) from ['node']
[ 2026-03-28 12:12:15 | node_15 | INFO ] 🧠 Aggregation complete. Setting new model.
[ 2026-03-28 12:12:15 | node_15 | INFO ] 🗣️ Gossiping aggregated model.
[ 2026-03-28 12:12:15 | node_17 | INFO ] 🧩 Model added for round 144 (2/2) from ['node']
[ 2026-03-28 12:12:15 | node_16 | INFO ] 🧠 Aggregation complete. Setting new model.
[ 2026-03-28 12:12:15 | node_16 | INFO ] 🗣️ Gossiping aggregated model.
[ 2026-03-28 12:12:15 | node_17 | INFO ] 🧠 Aggregation complete. Setting new model.
[ 2026-03-28 12:12:15 | node_18 | INFO ] 🧩 Model added for round 144 (2/2) from ['node']
[ 2026-03-28 12:12:15 | node_17 | INFO ] 🗣️ Gossiping aggregated model.
[ 2026-03-28 12:12:15 | node_18 | INFO ] 🧠 Aggregation complete. Setting new model.
[ 2026-03-28 12:12:15 | node_19 | INFO ] 🧩 Model added for round 144 (2/2) from ['node']
[ 2026-03-28 12:12:15 | node_18 | INFO ] 🗣️ Gossiping aggregated model.
[ 2026-03-28 12:12:15 | node_19 | INFO ] 🧠 Aggregation complete. Setting new model.
[ 2026-03-28 12:12:15 | node_20 | INFO ] 🧩 Model added for round 144 (2/2) from ['node']
[ 2026-03-28 12:12:15 | node_19 | INFO ] 🗣️ Gossiping aggregated model.
[ 2026-03-28 12:12:15 | node_20 | INFO ] 🧠 Aggregation complete. Setting new model.
[ 2026-03-28 12:12:15 | node_21 | INFO ] 🧩 Model added for round 144 (2/2) from ['node']
[ 2026-03-28 12:12:15 | node_20 | INFO ] 🗣️ Gossiping aggregated model.
[ 2026-03-28 12:12:16 | node_21 | INFO ] 🧠 Aggregation complete. Setting new model.
[ 2026-03-28 12:12:16 | node_22 | INFO ] 🧩 Model added for round 144 (2/2) from ['node']
[ 2026-03-28 12:12:16 | node_21 | INFO ] 🗣️ Gossiping aggregated model.
[ 2026-03-28 12:12:16 | node_23 | INFO ] 🧩 Model added for round 144 (2/2) from ['node']
[ 2026-03-28 12:12:16 | node_22 | INFO ] 🧠 Aggregation complete. Setting new model.
[ 2026-03-28 12:12:16 | node_22 | INFO ] 🗣️ Gossiping aggregated model.
[ 2026-03-28 12:12:16 | node_23 | INFO ] 🧠 Aggregation complete. Setting new model.
[ 2026-03-28 12:12:16 | node_24 | INFO ] 🧩 Model added for round 144 (2/2) from ['node']
[ 2026-03-28 12:12:16 | node_23 | INFO ] 🗣️ Gossiping aggregated model.
[ 2026-03-28 12:12:16 | node_24 | INFO ] 🧠 Aggregation complete. Setting new model.
[ 2026-03-28 12:12:16 | node_25 | INFO ] 🧩 Model added for round 144 (2/2) from ['node']
[ 2026-03-28 12:12:16 | node_24 | INFO ] 🗣️ Gossiping aggregated model.
[ 2026-03-28 12:12:16 | node_26 | INFO ] 🧩 Model added for round 144 (2/2) from ['node']
[ 2026-03-28 12:12:16 | node_25 | INFO ] 🧠 Aggregation complete. Setting new model.
[ 2026-03-28 12:12:16 | node_25 | INFO ] 🗣️ Gossiping aggregated model.
[ 2026-03-28 12:12:16 | node_27 | INFO ] 🧩 Model added for round 144 (2/2) from ['node']
[ 2026-03-28 12:12:16 | node_26 | INFO ] 🧠 Aggregation complete. Setting new model.
[ 2026-03-28 12:12:16 | node_26 | INFO ] 🗣️ Gossiping aggregated model.
[ 2026-03-28 12:12:16 | node_27 | INFO ] 🧠 Aggregation complete. Setting new model.
[ 2026-03-28 12:12:16 | node_28 | INFO ] 🧩 Model added for round 144 (2/2) from ['node']
[ 2026-03-28 12:12:16 | node_27 | INFO ] 🗣️ Gossiping aggregated model.
[ 2026-03-28 12:12:16 | node_29 | INFO ] 🧩 Model added for round 144 (2/2) from ['node']
[ 2026-03-28 12:12:16 | node_28 | INFO ] 🧠 Aggregation complete. Setting new model.
[ 2026-03-28 12:12:16 | node_28 | INFO ] 🗣️ Gossiping aggregated model.
[ 2026-03-28 12:12:16 | node_30 | INFO ] 🧩 Model added for round 144 (2/2) from ['node']
[ 2026-03-28 12:12:16 | node_29 | INFO ] 🧠 Aggregation complete. Setting new model.
[ 2026-03-28 12:12:16 | node_29 | INFO ] 🗣️ Gossiping aggregated model.
[ 2026-03-28 12:12:16 | node_31 | INFO ] 🧩 Model added for round 144 (2/2) from ['node']
[ 2026-03-28 12:12:16 | node_30 | INFO ] 🧠 Aggregation complete. Setting new model.
[ 2026-03-28 12:12:16 | node_30 | INFO ] 🗣️ Gossiping aggregated model.
[ 2026-03-28 12:12:16 | node_32 | INFO ] 🧩 Model added for round 144 (2/2) from ['node']
[ 2026-03-28 12:12:16 | node_31 | INFO ] 🧠 Aggregation complete. Setting new model.
[ 2026-03-28 12:12:16 | node_31 | INFO ] 🗣️ Gossiping aggregated model.
[ 2026-03-28 12:12:16 | node_33 | INFO ] 🧩 Model added for round 144 (2/2) from ['node']
[ 2026-03-28 12:12:16 | node_32 | INFO ] 🧠 Aggregation complete. Setting new model.
[ 2026-03-28 12:12:16 | node_32 | INFO ] 🗣️ Gossiping aggregated model.
[ 2026-03-28 12:12:16 | node_34 | INFO ] 🧩 Model added for round 144 (2/2) from ['node']
[ 2026-03-28 12:12:16 | node_33 | INFO ] 🧠 Aggregation complete. Setting new model.
[ 2026-03-28 12:12:16 | node_33 | INFO ] 🗣️ Gossiping aggregated model.
[ 2026-03-28 12:12:16 | node_35 | INFO ] 🧩 Model added for round 144 (2/2) from ['node']
[ 2026-03-28 12:12:16 | node_34 | INFO ] 🧠 Aggregation complete. Setting new model.
[ 2026-03-28 12:12:16 | node_34 | INFO ] 🗣️ Gossiping aggregated model.
[ 2026-03-28 12:12:16 | node_35 | INFO ] 🧠 Aggregation complete. Setting new model.
[ 2026-03-28 12:12:16 | node_35 | INFO ] 🗣️ Gossiping aggregated model.
[ 2026-03-28 12:12:16 | node_36 | INFO ] 🧩 Model added for round 144 (2/2) from ['node']
[ 2026-03-28 12:12:16 | node_37 | INFO ] 🧩 Model added for round 144 (2/2) from ['node']
[ 2026-03-28 12:12:16 | node_36 | INFO ] 🧠 Aggregation complete. Setting new model.
[ 2026-03-28 12:12:16 | node_36 | INFO ] 🗣️ Gossiping aggregated model.
[ 2026-03-28 12:12:16 | node_38 | INFO ] 🧩 Model added for round 144 (2/2) from ['node']
[ 2026-03-28 12:12:16 | node_37 | INFO ] 🧠 Aggregation complete. Setting new model.
[ 2026-03-28 12:12:16 | node_37 | INFO ] 🗣️ Gossiping aggregated model.
[ 2026-03-28 12:12:17 | node_39 | INFO ] 🧩 Model added for round 144 (2/2) from ['node']
[ 2026-03-28 12:12:17 | node_39 | INFO ] 🧠 Aggregation complete. Setting new model.
[ 2026-03-28 12:12:17 | node_40 | INFO ] 🧩 Model added for round 144 (2/2) from ['node']
[ 2026-03-28 12:12:17 | node_39 | INFO ] 🗣️ Gossiping aggregated model.
[ 2026-03-28 12:12:17 | node_40 | INFO ] 🧠 Aggregation complete. Setting new model.
[ 2026-03-28 12:12:17 | node_41 | INFO ] 🧩 Model added for round 144 (2/2) from ['node']
[ 2026-03-28 12:12:17 | node_40 | INFO ] 🗣️ Gossiping aggregated model.
[ 2026-03-28 12:12:18 | node_42 | INFO ] 🧩 Model added for round 144 (2/2) from ['node']
[ 2026-03-28 12:12:18 | node_41 | INFO ] 🧠 Aggregation complete. Setting new model.
[ 2026-03-28 12:12:18 | node_41 | INFO ] 🗣️ Gossiping aggregated model.
[ 2026-03-28 12:12:18 | node_43 | INFO ] 🧩 Model added for round 144 (2/2) from ['node']
[ 2026-03-28 12:12:18 | node_42 | INFO ] 🧠 Aggregation complete. Setting new model.
[ 2026-03-28 12:12:18 | node_42 | INFO ] 🗣️ Gossiping aggregated model.
[ 2026-03-28 12:12:18 | node_43 | INFO ] 🧠 Aggregation complete. Setting new model.
[ 2026-03-28 12:12:18 | node_44 | INFO ] 🧩 Model added for round 144 (2/2) from ['node']
[ 2026-03-28 12:12:18 | node_43 | INFO ] 🗣️ Gossiping aggregated model.
[ 2026-03-28 12:12:18 | node_45 | INFO ] 🧩 Model added for round 144 (2/2) from ['node']
[ 2026-03-28 12:12:18 | node_44 | INFO ] 🧠 Aggregation complete. Setting new model.
[ 2026-03-28 12:12:18 | node_44 | INFO ] 🗣️ Gossiping aggregated model.
[ 2026-03-28 12:12:18 | node_45 | INFO ] 🧠 Aggregation complete. Setting new model.
[ 2026-03-28 12:12:18 | node_46 | INFO ] 🧩 Model added for round 144 (2/2) from ['node']
[ 2026-03-28 12:12:18 | node_45 | INFO ] 🗣️ Gossiping aggregated model.
[ 2026-03-28 12:12:18 | node_46 | INFO ] 🧠 Aggregation complete. Setting new model.
[ 2026-03-28 12:12:18 | node_47 | INFO ] 🧩 Model added for round 144 (2/2) from ['node']
[ 2026-03-28 12:12:18 | node_46 | INFO ] 🗣️ Gossiping aggregated model.
[ 2026-03-28 12:12:18 | node_47 | INFO ] 🧠 Aggregation complete. Setting new model.
[ 2026-03-28 12:12:18 | node_48 | INFO ] 🧩 Model added for round 144 (2/2) from ['node']
[ 2026-03-28 12:12:18 | node_47 | INFO ] 🗣️ Gossiping aggregated model.
[ 2026-03-28 12:12:18 | node_48 | INFO ] 🧠 Aggregation complete. Setting new model.
[ 2026-03-28 12:12:18 | node_49 | INFO ] 🧩 Model added for round 144 (2/2) from ['node']
[ 2026-03-28 12:12:18 | node_48 | INFO ] 🗣️ Gossiping aggregated model.
[ 2026-03-28 12:12:18 | node_49 | INFO ] 🧠 Aggregation complete. Setting new model.
[ 2026-03-28 12:12:18 | node_49 | INFO ] 🗣️ Gossiping aggregated model.
[ 2026-03-28 12:12:18 | node | INFO ] 🧠 Aggregation complete. Setting new model.
[ 2026-03-28 12:12:18 | node_23 | INFO ] 🤫 Gossip finished.
[ 2026-03-28 12:12:18 | node_23 | INFO ] 🔬 Evaluating...
[ 2026-03-28 12:12:18 | node_30 | INFO ] 🤫 Gossip finished.
[ 2026-03-28 12:12:18 | node_6 | INFO ] 🤫 Gossip finished.
[ 2026-03-28 12:12:18 | node_30 | INFO ] 🔬 Evaluating...
[ 2026-03-28 12:12:18 | node | INFO ] 🗣️ Gossiping aggregated model.
[ 2026-03-28 12:12:18 | node_6 | INFO ] 🔬 Evaluating...
[ 2026-03-28 12:12:18 | node_4 | INFO ] 🤫 Gossip finished.
[ 2026-03-28 12:12:18 | node_15 | INFO ] 🤫 Gossip finished.
[ 2026-03-28 12:12:18 | node_14 | INFO ] 🤫 Gossip finished.
[ 2026-03-28 12:12:18 | node_4 | INFO ] 🔬 Evaluating...
[ 2026-03-28 12:12:18 | node_34 | INFO ] 🤫 Gossip finished.
[ 2026-03-28 12:12:18 | node_14 | INFO ] 🔬 Evaluating...
[ 2026-03-28 12:12:18 | node_2 | INFO ] 🤫 Gossip finished.
[ 2026-03-28 12:12:18 | node_15 | INFO ] 🔬 Evaluating...
[ 2026-03-28 12:12:18 | node_13 | INFO ] 🤫 Gossip finished.
[ 2026-03-28 12:12:18 | node_8 | INFO ] 🤫 Gossip finished.
[ 2026-03-28 12:12:18 | node_35 | INFO ] 🤫 Gossip finished.
[ 2026-03-28 12:12:18 | node_13 | INFO ] 🔬 Evaluating...
[ 2026-03-28 12:12:18 | node_33 | INFO ] 🤫 Gossip finished.
[ 2026-03-28 12:12:18 | node_24 | INFO ] 🤫 Gossip finished.
[ 2026-03-28 12:12:18 | node_12 | INFO ] 🤫 Gossip finished.
[ 2026-03-28 12:12:18 | node_2 | INFO ] 🔬 Evaluating...
[ 2026-03-28 12:12:18 | node_1 | INFO ] 🤫 Gossip finished.
[ 2026-03-28 12:12:18 | node_22 | INFO ] 🤫 Gossip finished.
[ 2026-03-28 12:12:18 | node_9 | INFO ] 🤫 Gossip finished.
[ 2026-03-28 12:12:18 | node_24 | INFO ] 🔬 Evaluating...
[ 2026-03-28 12:12:18 | node_10 | INFO ] 🤫 Gossip finished.
[ 2026-03-28 12:12:18 | node_16 | INFO ] 🤫 Gossip finished.
[ 2026-03-28 12:12:18 | node_33 | INFO ] 🔬 Evaluating...
[ 2026-03-28 12:12:18 | node_22 | INFO ] 🔬 Evaluating...
[ 2026-03-28 12:12:18 | node_11 | INFO ] 🤫 Gossip finished.
[ 2026-03-28 12:12:18 | node_12 | INFO ] 🔬 Evaluating...
[ 2026-03-28 12:12:18 | node_28 | INFO ] 🤫 Gossip finished.
[ 2026-03-28 12:12:18 | node_21 | INFO ] 🤫 Gossip finished.
[ 2026-03-28 12:12:18 | node_5 | INFO ] 🤫 Gossip finished.
[ 2026-03-28 12:12:18 | node_31 | INFO ] 🤫 Gossip finished.
[ 2026-03-28 12:12:18 | node_25 | INFO ] 🤫 Gossip finished.
[ 2026-03-28 12:12:18 | node_32 | INFO ] 🤫 Gossip finished.
[ 2026-03-28 12:12:18 | node_27 | INFO ] 🤫 Gossip finished.
[ 2026-03-28 12:12:18 | node_7 | INFO ] 🤫 Gossip finished.
[ 2026-03-28 12:12:18 | node_34 | INFO ] 🔬 Evaluating...
[ 2026-03-28 12:12:18 | node_9 | INFO ] 🔬 Evaluating...
[ 2026-03-28 12:12:18 | node_29 | INFO ] 🤫 Gossip finished.
[ 2026-03-28 12:12:18 | node_35 | INFO ] 🔬 Evaluating...
[ 2026-03-28 12:12:18 | node_3 | INFO ] 🤫 Gossip finished.
[ 2026-03-28 12:12:18 | node_26 | INFO ] 🤫 Gossip finished.
[ 2026-03-28 12:12:18 | node_1 | INFO ] 🔬 Evaluating...
[ 2026-03-28 12:12:18 | node_32 | INFO ] 🔬 Evaluating...
[ 2026-03-28 12:12:18 | node_31 | INFO ] 🔬 Evaluating...
[ 2026-03-28 12:12:18 | node_8 | INFO ] 🔬 Evaluating...
[ 2026-03-28 12:12:18 | node_20 | INFO ] 🤫 Gossip finished.
[ 2026-03-28 12:12:18 | node_7 | INFO ] 🔬 Evaluating...
[ 2026-03-28 12:12:19 | node_28 | INFO ] 🔬 Evaluating...
[ 2026-03-28 12:12:19 | node_39 | INFO ] 🤫 Gossip finished.
[ 2026-03-28 12:12:19 | node_16 | INFO ] 🔬 Evaluating...
[ 2026-03-28 12:12:19 | node_25 | INFO ] 🔬 Evaluating...
[ 2026-03-28 12:12:19 | node_10 | INFO ] 🔬 Evaluating...
[ 2026-03-28 12:12:19 | node_36 | INFO ] 🤫 Gossip finished.
[ 2026-03-28 12:12:19 | node_29 | INFO ] 🔬 Evaluating...
[ 2026-03-28 12:12:19 | node_18 | INFO ] 🤫 Gossip finished.
[ 2026-03-28 12:12:19 | node_26 | INFO ] 🔬 Evaluating...
[ 2026-03-28 12:12:19 | node_5 | INFO ] 🔬 Evaluating...
[ 2026-03-28 12:12:19 | node_3 | INFO ] 🔬 Evaluating...
[ 2026-03-28 12:12:19 | node_21 | INFO ] 🔬 Evaluating...
[ 2026-03-28 12:12:19 | node_40 | INFO ] 🤫 Gossip finished.
[ 2026-03-28 12:12:19 | node_11 | INFO ] 🔬 Evaluating...
[ 2026-03-28 12:12:19 | node_20 | INFO ] 🔬 Evaluating...
[ 2026-03-28 12:12:19 | node_39 | INFO ] 🔬 Evaluating...
[ 2026-03-28 12:12:19 | node_41 | INFO ] 🤫 Gossip finished.
[ 2026-03-28 12:12:19 | node_40 | INFO ] 🔬 Evaluating...
[ 2026-03-28 12:12:19 | node_36 | INFO ] 🔬 Evaluating...
[ 2026-03-28 12:12:19 | node_17 | INFO ] 🤫 Gossip finished.
[ 2026-03-28 12:12:19 | node_43 | INFO ] 🤫 Gossip finished.
[ 2026-03-28 12:12:19 | node_42 | INFO ] 🤫 Gossip finished.
[ 2026-03-28 12:12:19 | node_27 | INFO ] 🔬 Evaluating...
[ 2026-03-28 12:12:19 | node_18 | INFO ] 🔬 Evaluating...
[ 2026-03-28 12:12:19 | node_42 | INFO ] 🔬 Evaluating...
[ 2026-03-28 12:12:19 | node_17 | INFO ] 🔬 Evaluating...
[ 2026-03-28 12:12:19 | node_41 | INFO ] 🔬 Evaluating...
[ 2026-03-28 12:12:19 | node_44 | INFO ] 🤫 Gossip finished.
[ 2026-03-28 12:12:19 | node_45 | INFO ] 🤫 Gossip finished.
[ 2026-03-28 12:12:19 | node_43 | INFO ] 🔬 Evaluating...
[ 2026-03-28 12:12:19 | node_45 | INFO ] 🔬 Evaluating...
[ 2026-03-28 12:12:19 | node_44 | INFO ] 🔬 Evaluating...
[ 2026-03-28 12:12:19 | node_46 | INFO ] 🤫 Gossip finished.
[ 2026-03-28 12:12:19 | node_46 | INFO ] 🔬 Evaluating...
[ 2026-03-28 12:12:19 | node_47 | INFO ] 🤫 Gossip finished.
[ 2026-03-28 12:12:19 | node_48 | INFO ] 🤫 Gossip finished.
[ 2026-03-28 12:12:19 | node_47 | INFO ] 🔬 Evaluating...
[ 2026-03-28 12:12:19 | node_38 | INFO ] 🧠 Aggregation complete. Setting new model.
[ 2026-03-28 12:12:19 | node_48 | INFO ] 🔬 Evaluating...
[ 2026-03-28 12:12:19 | node_49 | INFO ] 🤫 Gossip finished.
[ 2026-03-28 12:12:19 | node_19 | INFO ] 🤫 Gossip finished.
[ 2026-03-28 12:12:19 | node_49 | INFO ] 🔬 Evaluating...
[ 2026-03-28 12:12:19 | node_19 | INFO ] 🔬 Evaluating...
[ 2026-03-28 12:12:19 | node_38 | INFO ] 🗣️ Gossiping aggregated model.
[ 2026-03-28 12:12:19 | node_38 | INFO ] 🤫 Gossip finished.
[ 2026-03-28 12:12:19 | node_38 | INFO ] 🔬 Evaluating...
[ 2026-03-28 12:12:19 | node_37 | INFO ] 🤫 Gossip finished.
[ 2026-03-28 12:12:19 | node_37 | INFO ] 🔬 Evaluating...
[ 2026-03-28 12:12:19 | node | INFO ] 🤫 Gossip finished.
[ 2026-03-28 12:12:19 | node | INFO ] 🔬 Evaluating...
[ 2026-03-28 12:12:20 | node_23 | INFO ] 📈 Evaluated. Results: {'test_loss': 0.004705178085714579, 'test_accuracy': 0.9919021129608154, 'test_precision': 0.29093313217163086, 'test_recall': 0.5727253556251526, 'test_f1': 0.3725857138633728, 'communication_cost': 182472}
[ 2026-03-28 12:12:20 | node_23 | INFO ] 📢 Broadcasting metrics.
[ 2026-03-28 12:12:21 | node_23 | INFO ] 🎉 Round 145 of 150 finished.
[ 2026-03-28 12:12:21 | node_23 | INFO ] 🗳️ [DETERMINISTIC] Train set assigned (No Voting). Size: 50
[ 2026-03-28 12:12:21 | node_23 | INFO ] 🏋️‍♀️ Preparing training...
[ 2026-03-28 12:12:21 | node_30 | INFO ] 📈 Evaluated. Results: {'test_loss': 0.004519582726061344, 'test_accuracy': 0.99424147605896, 'test_precision': 0.26861873269081116, 'test_recall': 0.40049588680267334, 'test_f1': 0.3086327612400055, 'communication_cost': 182472}
[ 2026-03-28 12:12:21 | node_30 | INFO ] 📢 Broadcasting metrics.
[ 2026-03-28 12:12:21 | node_30 | INFO ] 🎉 Round 145 of 150 finished.
[ 2026-03-28 12:12:21 | node_30 | INFO ] 🗳️ [DETERMINISTIC] Train set assigned (No Voting). Size: 50
[ 2026-03-28 12:12:21 | node_30 | INFO ] 🏋️‍♀️ Preparing training...
[ 2026-03-28 12:12:23 | node_4 | INFO ] 📈 Evaluated. Results: {'test_loss': 0.0036267272662371397, 'test_accuracy': 0.9924426674842834, 'test_precision': 0.25651273131370544, 'test_recall': 0.5372287631034851, 'test_f1': 0.3457476496696472, 'communication_cost': 182472}
[ 2026-03-28 12:12:23 | node_4 | INFO ] 📢 Broadcasting metrics.
[ 2026-03-28 12:12:23 | node_4 | INFO ] 🎉 Round 145 of 150 finished.
[ 2026-03-28 12:12:23 | node_4 | INFO ] 🗳️ [DETERMINISTIC] Train set assigned (No Voting). Size: 50
[ 2026-03-28 12:12:23 | node_4 | INFO ] 🏋️‍♀️ Preparing training...
[ 2026-03-28 12:12:24 | node_47 | INFO ] 📈 Evaluated. Results: {'test_loss': 0.0038920091465115547, 'test_accuracy': 0.9924419522285461, 'test_precision': 0.28561222553253174, 'test_recall': 0.5185360908508301, 'test_f1': 0.34742075204849243, 'communication_cost': 182472}
[ 2026-03-28 12:12:24 | node_12 | INFO ] 📈 Evaluated. Results: {'test_loss': 0.0036665184888988733, 'test_accuracy': 0.9946019053459167, 'test_precision': 0.3899300694465637, 'test_recall': 0.6705584526062012, 'test_f1': 0.47085684537887573, 'communication_cost': 182472}
[ 2026-03-28 12:12:24 | node_47 | INFO ] 📢 Broadcasting metrics.
[ 2026-03-28 12:12:24 | node_12 | INFO ] 📢 Broadcasting metrics.
[ 2026-03-28 12:12:24 | node_21 | INFO ] 📈 Evaluated. Results: {'test_loss': 0.0062730577774345875, 'test_accuracy': 0.9919021129608154, 'test_precision': 0.19979378581047058, 'test_recall': 0.3879345655441284, 'test_f1': 0.25445929169654846, 'communication_cost': 182472}
[ 2026-03-28 12:12:24 | node_21 | INFO ] 📢 Broadcasting metrics.
[ 2026-03-28 12:12:24 | node_6 | INFO ] 📈 Evaluated. Results: {'test_loss': 0.0036966409534215927, 'test_accuracy': 0.9944219589233398, 'test_precision': 0.2447434365749359, 'test_recall': 0.47906431555747986, 'test_f1': 0.3218110203742981, 'communication_cost': 182472}
[ 2026-03-28 12:12:24 | node_6 | INFO ] 📢 Broadcasting metrics.
[ 2026-03-28 12:12:24 | node_47 | INFO ] 🎉 Round 145 of 150 finished.
[ 2026-03-28 12:12:24 | node_12 | INFO ] 🎉 Round 145 of 150 finished.
[ 2026-03-28 12:12:24 | node_47 | INFO ] 🗳️ [DETERMINISTIC] Train set assigned (No Voting). Size: 50
[ 2026-03-28 12:12:24 | node_12 | INFO ] 🗳️ [DETERMINISTIC] Train set assigned (No Voting). Size: 50
[ 2026-03-28 12:12:24 | node_5 | INFO ] 📈 Evaluated. Results: {'test_loss': 0.007120057009160519, 'test_accuracy': 0.9901034832000732, 'test_precision': 0.2028428316116333, 'test_recall': 0.40508782863616943, 'test_f1': 0.25725072622299194, 'communication_cost': 182472}
[ 2026-03-28 12:12:24 | node_47 | INFO ] 🏋️‍♀️ Preparing training...
[ 2026-03-28 12:12:24 | node_5 | INFO ] 📢 Broadcasting metrics.
[ 2026-03-28 12:12:24 | node_12 | INFO ] 🏋️‍♀️ Preparing training...
[ 2026-03-28 12:12:24 | node_21 | INFO ] 🎉 Round 145 of 150 finished.
[ 2026-03-28 12:12:24 | node_21 | INFO ] 🗳️ [DETERMINISTIC] Train set assigned (No Voting). Size: 50
[ 2026-03-28 12:12:24 | node_6 | INFO ] 🎉 Round 145 of 150 finished.
[ 2026-03-28 12:12:24 | node_40 | INFO ] 📈 Evaluated. Results: {'test_loss': 0.004730914253741503, 'test_accuracy': 0.9920820593833923, 'test_precision': 0.21857218444347382, 'test_recall': 0.4111383557319641, 'test_f1': 0.2830348312854767, 'communication_cost': 182472}
[ 2026-03-28 12:12:24 | node_44 | INFO ] 📈 Evaluated. Results: {'test_loss': 0.005334207322448492, 'test_accuracy': 0.9919920563697815, 'test_precision': 0.2729608118534088, 'test_recall': 0.5278204083442688, 'test_f1': 0.3522225320339203, 'communication_cost': 182472}
[ 2026-03-28 12:12:24 | node_40 | INFO ] 📢 Broadcasting metrics.
[ 2026-03-28 12:12:24 | node_44 | INFO ] 📢 Broadcasting metrics.
[ 2026-03-28 12:12:24 | node_6 | INFO ] 🗳️ [DETERMINISTIC] Train set assigned (No Voting). Size: 50
[ 2026-03-28 12:12:24 | node_21 | INFO ] 🏋️‍♀️ Preparing training...
[ 2026-03-28 12:12:24 | node_5 | INFO ] 🎉 Round 145 of 150 finished.
[ 2026-03-28 12:12:24 | node_6 | INFO ] 🏋️‍♀️ Preparing training...
[ 2026-03-28 12:12:24 | node_5 | INFO ] 🗳️ [DETERMINISTIC] Train set assigned (No Voting). Size: 50
[ 2026-03-28 12:12:24 | node_5 | INFO ] 🏋️‍♀️ Preparing training...
[ 2026-03-28 12:12:24 | node_40 | INFO ] 🎉 Round 145 of 150 finished.
[ 2026-03-28 12:12:24 | node_44 | INFO ] 🎉 Round 145 of 150 finished.
[ 2026-03-28 12:12:24 | node_44 | INFO ] 🗳️ [DETERMINISTIC] Train set assigned (No Voting). Size: 50
[ 2026-03-28 12:12:24 | node_40 | INFO ] 🗳️ [DETERMINISTIC] Train set assigned (No Voting). Size: 50
[ 2026-03-28 12:12:24 | node_44 | INFO ] 🏋️‍♀️ Preparing training...
[ 2026-03-28 12:12:24 | node_40 | INFO ] 🏋️‍♀️ Preparing training...
[ 2026-03-28 12:12:24 | node_26 | INFO ] 📈 Evaluated. Results: {'test_loss': 0.00422507431358099, 'test_accuracy': 0.9914522171020508, 'test_precision': 0.17836648225784302, 'test_recall': 0.4939497709274292, 'test_f1': 0.2554609775543213, 'communication_cost': 182472}
[ 2026-03-28 12:12:24 | node_26 | INFO ] 📢 Broadcasting metrics.
[ 2026-03-28 12:12:24 | node_13 | INFO ] 📈 Evaluated. Results: {'test_loss': 0.005210788454860449, 'test_accuracy': 0.993702232837677, 'test_precision': 0.3328516483306885, 'test_recall': 0.558160662651062, 'test_f1': 0.39963850378990173, 'communication_cost': 182472}
[ 2026-03-28 12:12:24 | node_13 | INFO ] 📢 Broadcasting metrics.
[ 2026-03-28 12:12:24 | node_26 | INFO ] 🎉 Round 145 of 150 finished.
[ 2026-03-28 12:12:25 | node_26 | INFO ] 🗳️ [DETERMINISTIC] Train set assigned (No Voting). Size: 50
[ 2026-03-28 12:12:25 | node_26 | INFO ] 🏋️‍♀️ Preparing training...
[ 2026-03-28 12:12:25 | node_31 | INFO ] 📈 Evaluated. Results: {'test_loss': 0.003022845834493637, 'test_accuracy': 0.995411217212677, 'test_precision': 0.40707701444625854, 'test_recall': 0.617527425289154, 'test_f1': 0.48506519198417664, 'communication_cost': 182472}
[ 2026-03-28 12:12:25 | node_13 | INFO ] 🎉 Round 145 of 150 finished.
[ 2026-03-28 12:12:25 | node_31 | INFO ] 📢 Broadcasting metrics.
[ 2026-03-28 12:12:25 | node_13 | INFO ] 🗳️ [DETERMINISTIC] Train set assigned (No Voting). Size: 50
[ 2026-03-28 12:12:25 | node_14 | INFO ] 📈 Evaluated. Results: {'test_loss': 0.003071119310334325, 'test_accuracy': 0.9941520690917969, 'test_precision': 0.29592224955558777, 'test_recall': 0.651053249835968, 'test_f1': 0.3679977357387543, 'communication_cost': 182472}
[ 2026-03-28 12:12:25 | node_14 | INFO ] 📢 Broadcasting metrics.
[ 2026-03-28 12:12:25 | node_13 | INFO ] 🏋️‍♀️ Preparing training...
[ 2026-03-28 12:12:25 | node_35 | INFO ] 📈 Evaluated. Results: {'test_loss': 0.003850477747619152, 'test_accuracy': 0.9914522171020508, 'test_precision': 0.32169729471206665, 'test_recall': 0.7181688547134399, 'test_f1': 0.4396498501300812, 'communication_cost': 182472}
[ 2026-03-28 12:12:25 | node_35 | INFO ] 📢 Broadcasting metrics.
[ 2026-03-28 12:12:25 | node_31 | INFO ] 🎉 Round 145 of 150 finished.
[ 2026-03-28 12:12:25 | node_31 | INFO ] 🗳️ [DETERMINISTIC] Train set assigned (No Voting). Size: 50
[ 2026-03-28 12:12:25 | node_14 | INFO ] 🎉 Round 145 of 150 finished.
[ 2026-03-28 12:12:25 | node_1 | INFO ] 📈 Evaluated. Results: {'test_loss': 0.004830279853194952, 'test_accuracy': 0.9931623935699463, 'test_precision': 0.21876047551631927, 'test_recall': 0.39373648166656494, 'test_f1': 0.27157461643218994, 'communication_cost': 182472}
[ 2026-03-28 12:12:25 | node_31 | INFO ] 🏋️‍♀️ Preparing training...
[ 2026-03-28 12:12:25 | node_14 | INFO ] 🗳️ [DETERMINISTIC] Train set assigned (No Voting). Size: 50
[ 2026-03-28 12:12:25 | node_1 | INFO ] 📢 Broadcasting metrics.
[ 2026-03-28 12:12:25 | node_14 | INFO ] 🏋️‍♀️ Preparing training...
[ 2026-03-28 12:12:25 | node_35 | INFO ] 🎉 Round 145 of 150 finished.
[ 2026-03-28 12:12:25 | node_35 | INFO ] 🗳️ [DETERMINISTIC] Train set assigned (No Voting). Size: 50
[ 2026-03-28 12:12:25 | node_35 | INFO ] 🏋️‍♀️ Preparing training...
[ 2026-03-28 12:12:25 | node_1 | INFO ] 🎉 Round 145 of 150 finished.
[ 2026-03-28 12:12:25 | node_1 | INFO ] 🗳️ [DETERMINISTIC] Train set assigned (No Voting). Size: 50
[ 2026-03-28 12:12:25 | node_34 | INFO ] 📈 Evaluated. Results: {'test_loss': 0.005408077035099268, 'test_accuracy': 0.9924419522285461, 'test_precision': 0.22584466636180878, 'test_recall': 0.577290952205658, 'test_f1': 0.31229570508003235, 'communication_cost': 182472}
[ 2026-03-28 12:12:25 | node_34 | INFO ] 📢 Broadcasting metrics.
[ 2026-03-28 12:12:25 | node_1 | INFO ] 🏋️‍♀️ Preparing training...
[ 2026-03-28 12:12:25 | node_34 | INFO ] 🎉 Round 145 of 150 finished.
[ 2026-03-28 12:12:25 | node_28 | INFO ] 📈 Evaluated. Results: {'test_loss': 0.005547104403376579, 'test_accuracy': 0.9923520088195801, 'test_precision': 0.2950790524482727, 'test_recall': 0.49292781949043274, 'test_f1': 0.36322298645973206, 'communication_cost': 182472}
[ 2026-03-28 12:12:25 | node_34 | INFO ] 🗳️ [DETERMINISTIC] Train set assigned (No Voting). Size: 50
[ 2026-03-28 12:12:25 | node_10 | INFO ] 📈 Evaluated. Results: {'test_loss': 0.0037069886457175016, 'test_accuracy': 0.9934322834014893, 'test_precision': 0.2671564817428589, 'test_recall': 0.5398730635643005, 'test_f1': 0.3465070426464081, 'communication_cost': 182472}
[ 2026-03-28 12:12:25 | node_28 | INFO ] 📢 Broadcasting metrics.
[ 2026-03-28 12:12:25 | node_10 | INFO ] 📢 Broadcasting metrics.
[ 2026-03-28 12:12:25 | node_34 | INFO ] 🏋️‍♀️ Preparing training...
[ 2026-03-28 12:12:25 | node_25 | INFO ] 📈 Evaluated. Results: {'test_loss': 0.004113074392080307, 'test_accuracy': 0.99424147605896, 'test_precision': 0.33060169219970703, 'test_recall': 0.6065414547920227, 'test_f1': 0.4264904856681824, 'communication_cost': 182472}
[ 2026-03-28 12:12:25 | node_25 | INFO ] 📢 Broadcasting metrics.
[ 2026-03-28 12:12:25 | node_33 | INFO ] 📈 Evaluated. Results: {'test_loss': 0.005009653978049755, 'test_accuracy': 0.9941515326499939, 'test_precision': 0.35731908679008484, 'test_recall': 0.5057543516159058, 'test_f1': 0.3948614001274109, 'communication_cost': 182472}
[ 2026-03-28 12:12:25 | node_33 | INFO ] 📢 Broadcasting metrics.
[ 2026-03-28 12:12:25 | node_28 | INFO ] 🎉 Round 145 of 150 finished.
[ 2026-03-28 12:12:25 | node_10 | INFO ] 🎉 Round 145 of 150 finished.
[ 2026-03-28 12:12:25 | node_28 | INFO ] 🗳️ [DETERMINISTIC] Train set assigned (No Voting). Size: 50
[ 2026-03-28 12:12:25 | node_10 | INFO ] 🗳️ [DETERMINISTIC] Train set assigned (No Voting). Size: 50
[ 2026-03-28 12:12:25 | node_19 | INFO ] 📈 Evaluated. Results: {'test_loss': 0.002364810323342681, 'test_accuracy': 0.9937916398048401, 'test_precision': 0.22145384550094604, 'test_recall': 0.5700318217277527, 'test_f1': 0.3108455240726471, 'communication_cost': 182472}
[ 2026-03-28 12:12:25 | node_20 | INFO ] 📈 Evaluated. Results: {'test_loss': 0.0036463013384491205, 'test_accuracy': 0.9941515326499939, 'test_precision': 0.3410240709781647, 'test_recall': 0.649929940700531, 'test_f1': 0.4408615529537201, 'communication_cost': 182472}
[ 2026-03-28 12:12:25 | node_19 | INFO ] 📢 Broadcasting metrics.
[ 2026-03-28 12:12:25 | node_20 | INFO ] 📢 Broadcasting metrics.
[ 2026-03-28 12:12:25 | node_28 | INFO ] 🏋️‍♀️ Preparing training...
[ 2026-03-28 12:12:25 | node_10 | INFO ] 🏋️‍♀️ Preparing training...
[ 2026-03-28 12:12:25 | node_25 | INFO ] 🎉 Round 145 of 150 finished.
[ 2026-03-28 12:12:25 | node_25 | INFO ] 🗳️ [DETERMINISTIC] Train set assigned (No Voting). Size: 50
[ 2026-03-28 12:12:25 | node_33 | INFO ] 🎉 Round 145 of 150 finished.
[ 2026-03-28 12:12:25 | node_18 | INFO ] 📈 Evaluated. Results: {'test_loss': 0.00441144872456789, 'test_accuracy': 0.9942420125007629, 'test_precision': 0.3395080268383026, 'test_recall': 0.6443310379981995, 'test_f1': 0.4347483217716217, 'communication_cost': 182472}
[ 2026-03-28 12:12:25 | node_25 | INFO ] 🏋️‍♀️ Preparing training...
[ 2026-03-28 12:12:25 | node_18 | INFO ] 📢 Broadcasting metrics.
[ 2026-03-28 12:12:25 | node_33 | INFO ] 🗳️ [DETERMINISTIC] Train set assigned (No Voting). Size: 50
[ 2026-03-28 12:12:25 | node_39 | INFO ] 📈 Evaluated. Results: {'test_loss': 0.005199088249355555, 'test_accuracy': 0.9935216903686523, 'test_precision': 0.32303670048713684, 'test_recall': 0.5549263954162598, 'test_f1': 0.4004446268081665, 'communication_cost': 182472}
[ 2026-03-28 12:12:25 | node_39 | INFO ] 📢 Broadcasting metrics.
[ 2026-03-28 12:12:25 | node_20 | INFO ] 🎉 Round 145 of 150 finished.
[ 2026-03-28 12:12:26 | node_33 | INFO ] 🏋️‍♀️ Preparing training...
[ 2026-03-28 12:12:26 | node_19 | INFO ] 🎉 Round 145 of 150 finished.
[ 2026-03-28 12:12:26 | node_20 | INFO ] 🗳️ [DETERMINISTIC] Train set assigned (No Voting). Size: 50
[ 2026-03-28 12:12:26 | node_19 | INFO ] 🗳️ [DETERMINISTIC] Train set assigned (No Voting). Size: 50
[ 2026-03-28 12:12:26 | node_20 | INFO ] 🏋️‍♀️ Preparing training...
[ 2026-03-28 12:12:26 | node_19 | INFO ] 🏋️‍♀️ Preparing training...
[ 2026-03-28 12:12:26 | node_27 | INFO ] 📈 Evaluated. Results: {'test_loss': 0.0036764240358024836, 'test_accuracy': 0.9919021129608154, 'test_precision': 0.2618893086910248, 'test_recall': 0.5944456458091736, 'test_f1': 0.36250945925712585, 'communication_cost': 182472}
[ 2026-03-28 12:12:26 | node_18 | INFO ] 🎉 Round 145 of 150 finished.
[ 2026-03-28 12:12:26 | node_27 | INFO ] 📢 Broadcasting metrics.
[ 2026-03-28 12:12:26 | node_39 | INFO ] 🎉 Round 145 of 150 finished.
[ 2026-03-28 12:12:26 | node_18 | INFO ] 🗳️ [DETERMINISTIC] Train set assigned (No Voting). Size: 50
[ 2026-03-28 12:12:26 | node_24 | INFO ] 📈 Evaluated. Results: {'test_loss': 0.003703279187902808, 'test_accuracy': 0.9949613213539124, 'test_precision': 0.3518543839454651, 'test_recall': 0.5975713729858398, 'test_f1': 0.43460115790367126, 'communication_cost': 182472}
[ 2026-03-28 12:12:26 | node_24 | INFO ] 📢 Broadcasting metrics.
[ 2026-03-28 12:12:26 | node_39 | INFO ] 🗳️ [DETERMINISTIC] Train set assigned (No Voting). Size: 50
[ 2026-03-28 12:12:26 | node_32 | INFO ] 📈 Evaluated. Results: {'test_loss': 0.005053777247667313, 'test_accuracy': 0.9913622736930847, 'test_precision': 0.28491491079330444, 'test_recall': 0.624026358127594, 'test_f1': 0.378054678440094, 'communication_cost': 182472}
[ 2026-03-28 12:12:26 | node_18 | INFO ] 🏋️‍♀️ Preparing training...
[ 2026-03-28 12:12:26 | node_32 | INFO ] 📢 Broadcasting metrics.
[ 2026-03-28 12:12:26 | node_11 | INFO ] 📈 Evaluated. Results: {'test_loss': 0.005995952989906073, 'test_accuracy': 0.9931623935699463, 'test_precision': 0.3160074055194855, 'test_recall': 0.4915691316127777, 'test_f1': 0.37443071603775024, 'communication_cost': 182472}
[ 2026-03-28 12:12:26 | node_39 | INFO ] 🏋️‍♀️ Preparing training...
[ 2026-03-28 12:12:26 | node_11 | INFO ] 📢 Broadcasting metrics.
[ 2026-03-28 12:12:26 | node_42 | INFO ] 📈 Evaluated. Results: {'test_loss': 0.004217751324176788, 'test_accuracy': 0.99424147605896, 'test_precision': 0.4249356985092163, 'test_recall': 0.6448840498924255, 'test_f1': 0.4963769018650055, 'communication_cost': 182472}
[ 2026-03-28 12:12:26 | node_42 | INFO ] 📢 Broadcasting metrics.
[ 2026-03-28 12:12:26 | node_27 | INFO ] 🎉 Round 145 of 150 finished.
[ 2026-03-28 12:12:26 | node_27 | INFO ] 🗳️ [DETERMINISTIC] Train set assigned (No Voting). Size: 50
[ 2026-03-28 12:12:26 | node_15 | INFO ] 📈 Evaluated. Results: {'test_loss': 0.0035463690292090178, 'test_accuracy': 0.9921727180480957, 'test_precision': 0.21883292496204376, 'test_recall': 0.551486611366272, 'test_f1': 0.3047483265399933, 'communication_cost': 182472}
[ 2026-03-28 12:12:26 | node | INFO ] 📈 Evaluated. Results: {'test_loss': 0.00434481306001544, 'test_accuracy': 0.9935222864151001, 'test_precision': 0.3219696879386902, 'test_recall': 0.5687709450721741, 'test_f1': 0.4061512053012848, 'communication_cost': 8941128}
[ 2026-03-28 12:12:26 | node_24 | INFO ] 🎉 Round 145 of 150 finished.
[ 2026-03-28 12:12:26 | node_15 | INFO ] 📢 Broadcasting metrics.
[ 2026-03-28 12:12:26 | node | INFO ] 📢 Broadcasting metrics.
[ 2026-03-28 12:12:26 | node_27 | INFO ] 🏋️‍♀️ Preparing training...
[ 2026-03-28 12:12:26 | node_9 | INFO ] 📈 Evaluated. Results: {'test_loss': 0.0058184475637972355, 'test_accuracy': 0.9915429353713989, 'test_precision': 0.26713675260543823, 'test_recall': 0.43907251954078674, 'test_f1': 0.319811075925827, 'communication_cost': 182472}
[ 2026-03-28 12:12:26 | node_24 | INFO ] 🗳️ [DETERMINISTIC] Train set assigned (No Voting). Size: 50
[ 2026-03-28 12:12:26 | node_38 | INFO ] 📈 Evaluated. Results: {'test_loss': 0.003123227274045348, 'test_accuracy': 0.9921720623970032, 'test_precision': 0.21575579047203064, 'test_recall': 0.5328221917152405, 'test_f1': 0.2952266335487366, 'communication_cost': 182472}
[ 2026-03-28 12:12:26 | node_32 | INFO ] 🎉 Round 145 of 150 finished.
[ 2026-03-28 12:12:26 | node_9 | INFO ] 📢 Broadcasting metrics.
[ 2026-03-28 12:12:26 | node_37 | INFO ] 📈 Evaluated. Results: {'test_loss': 0.005882517900317907, 'test_accuracy': 0.9938815832138062, 'test_precision': 0.27600422501564026, 'test_recall': 0.38812050223350525, 'test_f1': 0.3151538372039795, 'communication_cost': 182472}
[ 2026-03-28 12:12:26 | node_38 | INFO ] 📢 Broadcasting metrics.
[ 2026-03-28 12:12:26 | node_11 | INFO ] 🎉 Round 145 of 150 finished.
[ 2026-03-28 12:12:26 | node_37 | INFO ] 📢 Broadcasting metrics.
[ 2026-03-28 12:12:26 | node_32 | INFO ] 🗳️ [DETERMINISTIC] Train set assigned (No Voting). Size: 50
[ 2026-03-28 12:12:26 | node_24 | INFO ] 🏋️‍♀️ Preparing training...
[ 2026-03-28 12:12:26 | node_8 | INFO ] 📈 Evaluated. Results: {'test_loss': 0.004040788393467665, 'test_accuracy': 0.9931623935699463, 'test_precision': 0.2948002517223358, 'test_recall': 0.5737873911857605, 'test_f1': 0.3868177533149719, 'communication_cost': 182472}
[ 2026-03-28 12:12:26 | node_11 | INFO ] 🗳️ [DETERMINISTIC] Train set assigned (No Voting). Size: 50
[ 2026-03-28 12:12:26 | node_42 | INFO ] 🎉 Round 145 of 150 finished.
[ 2026-03-28 12:12:26 | node_41 | INFO ] 📈 Evaluated. Results: {'test_loss': 0.0050087375566363335, 'test_accuracy': 0.9928918480873108, 'test_precision': 0.2822754681110382, 'test_recall': 0.506271243095398, 'test_f1': 0.36200112104415894, 'communication_cost': 182472}
[ 2026-03-28 12:12:26 | node_8 | INFO ] 📢 Broadcasting metrics.
[ 2026-03-28 12:12:26 | node_32 | INFO ] 🏋️‍♀️ Preparing training...
[ 2026-03-28 12:12:26 | node_3 | INFO ] 📈 Evaluated. Results: {'test_loss': 0.005080855917185545, 'test_accuracy': 0.991003155708313, 'test_precision': 0.25657615065574646, 'test_recall': 0.5552062392234802, 'test_f1': 0.3374768793582916, 'communication_cost': 182472}
[ 2026-03-28 12:12:26 | node_41 | INFO ] 📢 Broadcasting metrics.
[ 2026-03-28 12:12:26 | node_42 | INFO ] 🗳️ [DETERMINISTIC] Train set assigned (No Voting). Size: 50
[ 2026-03-28 12:12:26 | node_11 | INFO ] 🏋️‍♀️ Preparing training...
[ 2026-03-28 12:12:26 | node_3 | INFO ] 📢 Broadcasting metrics.
[ 2026-03-28 12:12:26 | node_16 | INFO ] 📈 Evaluated. Results: {'test_loss': 0.004563824739307165, 'test_accuracy': 0.9929824471473694, 'test_precision': 0.31521210074424744, 'test_recall': 0.5534811615943909, 'test_f1': 0.38643333315849304, 'communication_cost': 182472}
[ 2026-03-28 12:12:26 | node_15 | INFO ] 🎉 Round 145 of 150 finished.
[ 2026-03-28 12:12:26 | node_42 | INFO ] 🏋️‍♀️ Preparing training...
[ 2026-03-28 12:12:26 | node_22 | INFO ] 📈 Evaluated. Results: {'test_loss': 0.003555051051080227, 'test_accuracy': 0.9918121099472046, 'test_precision': 0.278725802898407, 'test_recall': 0.6320616602897644, 'test_f1': 0.37870046496391296, 'communication_cost': 182472}
[ 2026-03-28 12:12:27 | node_16 | INFO ] 📢 Broadcasting metrics.
[ 2026-03-28 12:12:27 | node_15 | INFO ] 🗳️ [DETERMINISTIC] Train set assigned (No Voting). Size: 50
[ 2026-03-28 12:12:27 | node_22 | INFO ] 📢 Broadcasting metrics.
[ 2026-03-28 12:12:27 | node_9 | INFO ] 🎉 Round 145 of 150 finished.
[ 2026-03-28 12:12:27 | node_38 | INFO ] 🎉 Round 145 of 150 finished.
[ 2026-03-28 12:12:27 | node_37 | INFO ] 🎉 Round 145 of 150 finished.
[ 2026-03-28 12:12:27 | node_15 | INFO ] 🏋️‍♀️ Preparing training...
[ 2026-03-28 12:12:27 | node_9 | INFO ] 🗳️ [DETERMINISTIC] Train set assigned (No Voting). Size: 50
[ 2026-03-28 12:12:27 | node_38 | INFO ] 🗳️ [DETERMINISTIC] Train set assigned (No Voting). Size: 50
[ 2026-03-28 12:12:27 | node_8 | INFO ] 🎉 Round 145 of 150 finished.
[ 2026-03-28 12:12:27 | node_37 | INFO ] 🗳️ [DETERMINISTIC] Train set assigned (No Voting). Size: 50
[ 2026-03-28 12:12:27 | node_9 | INFO ] 🏋️‍♀️ Preparing training...
[ 2026-03-28 12:12:27 | node_41 | INFO ] 🎉 Round 145 of 150 finished.
[ 2026-03-28 12:12:27 | node_8 | INFO ] 🗳️ [DETERMINISTIC] Train set assigned (No Voting). Size: 50
[ 2026-03-28 12:12:27 | node_38 | INFO ] 🏋️‍♀️ Preparing training...
[ 2026-03-28 12:12:27 | node_37 | INFO ] 🏋️‍♀️ Preparing training...
[ 2026-03-28 12:12:27 | node_3 | INFO ] 🎉 Round 145 of 150 finished.
[ 2026-03-28 12:12:27 | node_41 | INFO ] 🗳️ [DETERMINISTIC] Train set assigned (No Voting). Size: 50
[ 2026-03-28 12:12:27 | node_16 | INFO ] 🎉 Round 145 of 150 finished.
[ 2026-03-28 12:12:27 | node_8 | INFO ] 🏋️‍♀️ Preparing training...
[ 2026-03-28 12:12:27 | node_3 | INFO ] 🗳️ [DETERMINISTIC] Train set assigned (No Voting). Size: 50
[ 2026-03-28 12:12:27 | node_22 | INFO ] 🎉 Round 145 of 150 finished.
[ 2026-03-28 12:12:27 | node_48 | INFO ] 📈 Evaluated. Results: {'test_loss': 0.004749657586216927, 'test_accuracy': 0.9948713183403015, 'test_precision': 0.4224345088005066, 'test_recall': 0.6056535243988037, 'test_f1': 0.4908323884010315, 'communication_cost': 182472}
[ 2026-03-28 12:12:27 | node_16 | INFO ] 🗳️ [DETERMINISTIC] Train set assigned (No Voting). Size: 50
[ 2026-03-28 12:12:27 | node_41 | INFO ] 🏋️‍♀️ Preparing training...
[ 2026-03-28 12:12:27 | node_48 | INFO ] 📢 Broadcasting metrics.
[ 2026-03-28 12:12:27 | node_22 | INFO ] 🗳️ [DETERMINISTIC] Train set assigned (No Voting). Size: 50
[ 2026-03-28 12:12:27 | node_3 | INFO ] 🏋️‍♀️ Preparing training...
[ 2026-03-28 12:12:27 | node_16 | INFO ] 🏋️‍♀️ Preparing training...
[ 2026-03-28 12:12:27 | node_22 | INFO ] 🏋️‍♀️ Preparing training...
[ 2026-03-28 12:12:27 | node_7 | INFO ] 📈 Evaluated. Results: {'test_loss': 0.00544714042916894, 'test_accuracy': 0.993702232837677, 'test_precision': 0.3575829565525055, 'test_recall': 0.5409749746322632, 'test_f1': 0.4253998100757599, 'communication_cost': 182472}
[ 2026-03-28 12:12:27 | node_7 | INFO ] 📢 Broadcasting metrics.
[ 2026-03-28 12:12:27 | node_17 | INFO ] 📈 Evaluated. Results: {'test_loss': 0.004375571385025978, 'test_accuracy': 0.991273045539856, 'test_precision': 0.24955350160598755, 'test_recall': 0.5508489608764648, 'test_f1': 0.34080466628074646, 'communication_cost': 182472}
[ 2026-03-28 12:12:27 | node_17 | INFO ] 📢 Broadcasting metrics.
[ 2026-03-28 12:12:27 | node_43 | INFO ] 📈 Evaluated. Results: {'test_loss': 0.004555817227810621, 'test_accuracy': 0.9944214224815369, 'test_precision': 0.2788735032081604, 'test_recall': 0.4438965916633606, 'test_f1': 0.3319948613643646, 'communication_cost': 182472}
[ 2026-03-28 12:12:27 | node_29 | INFO ] 📈 Evaluated. Results: {'test_loss': 0.004863831680268049, 'test_accuracy': 0.9929818511009216, 'test_precision': 0.28003594279289246, 'test_recall': 0.5571885704994202, 'test_f1': 0.35693079233169556, 'communication_cost': 182472}
[ 2026-03-28 12:12:27 | node_45 | INFO ] 📈 Evaluated. Results: {'test_loss': 0.004930707160383463, 'test_accuracy': 0.9930717945098877, 'test_precision': 0.22995300590991974, 'test_recall': 0.3674473166465759, 'test_f1': 0.27237170934677124, 'communication_cost': 182472}
[ 2026-03-28 12:12:27 | node_48 | INFO ] 🎉 Round 145 of 150 finished.
[ 2026-03-28 12:12:27 | node_43 | INFO ] 📢 Broadcasting metrics.
[ 2026-03-28 12:12:27 | node_48 | INFO ] 🗳️ [DETERMINISTIC] Train set assigned (No Voting). Size: 50
[ 2026-03-28 12:12:27 | node_29 | INFO ] 📢 Broadcasting metrics.
[ 2026-03-28 12:12:27 | node_45 | INFO ] 📢 Broadcasting metrics.
[ 2026-03-28 12:12:27 | node_48 | INFO ] 🏋️‍♀️ Preparing training...
[ 2026-03-28 12:12:27 | node_7 | INFO ] 🎉 Round 145 of 150 finished.
[ 2026-03-28 12:12:27 | node_7 | INFO ] 🗳️ [DETERMINISTIC] Train set assigned (No Voting). Size: 50
[ 2026-03-28 12:12:27 | node_17 | INFO ] 🎉 Round 145 of 150 finished.
[ 2026-03-28 12:12:27 | node_2 | INFO ] 📈 Evaluated. Results: {'test_loss': 0.004664597567170858, 'test_accuracy': 0.994062066078186, 'test_precision': 0.35047534108161926, 'test_recall': 0.5623890161514282, 'test_f1': 0.42087316513061523, 'communication_cost': 182472}
[ 2026-03-28 12:12:27 | node_43 | INFO ] 🎉 Round 145 of 150 finished.
[ 2026-03-28 12:12:27 | node_2 | INFO ] 📢 Broadcasting metrics.
[ 2026-03-28 12:12:27 | node_17 | INFO ] 🗳️ [DETERMINISTIC] Train set assigned (No Voting). Size: 50
[ 2026-03-28 12:12:27 | node_29 | INFO ] 🎉 Round 145 of 150 finished.
[ 2026-03-28 12:12:27 | node_7 | INFO ] 🏋️‍♀️ Preparing training...
[ 2026-03-28 12:12:27 | node_43 | INFO ] 🗳️ [DETERMINISTIC] Train set assigned (No Voting). Size: 50
[ 2026-03-28 12:12:27 | node_45 | INFO ] 🎉 Round 145 of 150 finished.
[ 2026-03-28 12:12:27 | node_29 | INFO ] 🗳️ [DETERMINISTIC] Train set assigned (No Voting). Size: 50
[ 2026-03-28 12:12:27 | node_17 | INFO ] 🏋️‍♀️ Preparing training...
[ 2026-03-28 12:12:27 | node_45 | INFO ] 🗳️ [DETERMINISTIC] Train set assigned (No Voting). Size: 50
[ 2026-03-28 12:12:27 | node_29 | INFO ] 🏋️‍♀️ Preparing training...
[ 2026-03-28 12:12:27 | node_43 | INFO ] 🏋️‍♀️ Preparing training...
[ 2026-03-28 12:12:27 | node_45 | INFO ] 🏋️‍♀️ Preparing training...
[ 2026-03-28 12:12:27 | node_2 | INFO ] 🎉 Round 145 of 150 finished.
[ 2026-03-28 12:12:27 | node_2 | INFO ] 🗳️ [DETERMINISTIC] Train set assigned (No Voting). Size: 50
[ 2026-03-28 12:12:27 | node_2 | INFO ] 🏋️‍♀️ Preparing training...
[ 2026-03-28 12:12:28 | node_46 | INFO ] 📈 Evaluated. Results: {'test_loss': 0.004097268916666508, 'test_accuracy': 0.9943314790725708, 'test_precision': 0.3484581708908081, 'test_recall': 0.6376978754997253, 'test_f1': 0.44538816809654236, 'communication_cost': 182472}
[ 2026-03-28 12:12:28 | node_46 | INFO ] 📢 Broadcasting metrics.
[ 2026-03-28 12:12:28 | node_46 | INFO ] 🎉 Round 145 of 150 finished.
[ 2026-03-28 12:12:28 | node_46 | INFO ] 🗳️ [DETERMINISTIC] Train set assigned (No Voting). Size: 50
[ 2026-03-28 12:12:28 | node_46 | INFO ] 🏋️‍♀️ Preparing training...
[ 2026-03-28 12:12:28 | node_49 | INFO ] 📈 Evaluated. Results: {'test_loss': 0.004992851987481117, 'test_accuracy': 0.9935216903686523, 'test_precision': 0.3826330602169037, 'test_recall': 0.538080096244812, 'test_f1': 0.4361194670200348, 'communication_cost': 182472}
[ 2026-03-28 12:12:28 | node_49 | INFO ] 📢 Broadcasting metrics.
[ 2026-03-28 12:12:28 | node_49 | INFO ] 🎉 Round 145 of 150 finished.
[ 2026-03-28 12:12:28 | node_49 | INFO ] 🗳️ [DETERMINISTIC] Train set assigned (No Voting). Size: 50
[ 2026-03-28 12:12:28 | node_49 | INFO ] 🏋️‍♀️ Preparing training...
[ 2026-03-28 12:12:28 | node_36 | INFO ] 📈 Evaluated. Results: {'test_loss': 0.00450098654255271, 'test_accuracy': 0.9909123778343201, 'test_precision': 0.20972295105457306, 'test_recall': 0.5393197536468506, 'test_f1': 0.2871828079223633, 'communication_cost': 182472}
[ 2026-03-28 12:12:28 | node_36 | INFO ] 📢 Broadcasting metrics.
[ 2026-03-28 12:12:29 | node_36 | INFO ] 🎉 Round 145 of 150 finished.
[ 2026-03-28 12:12:29 | node_36 | INFO ] 🗳️ [DETERMINISTIC] Train set assigned (No Voting). Size: 50
[ 2026-03-28 12:12:29 | node_36 | INFO ] 🏋️‍♀️ Preparing training...
[ 2026-03-28 12:12:33 | node | INFO ] 🎉 Round 145 of 150 finished.
[ 2026-03-28 12:12:33 | node | INFO ] 🗳️ [DETERMINISTIC] Train set assigned (No Voting). Size: 50
[ 2026-03-28 12:12:33 | node | INFO ] 🏋️‍♀️ Preparing training...
[ 2026-03-28 12:12:35 | node_5 | INFO ] 🎓 Training step done.
[ 2026-03-28 12:12:35 | node_5 | INFO ] 🛠️ Calling force_add_local_model...
[ 2026-03-28 12:12:35 | node_5 | INFO ] ✅ [FORCE] Local model added for round 145. (1/2)
[ 2026-03-28 12:12:37 | node_1 | INFO ] 🎓 Training step done.
[ 2026-03-28 12:12:37 | node_1 | INFO ] 🛠️ Calling force_add_local_model...
[ 2026-03-28 12:12:37 | node_1 | INFO ] ✅ [FORCE] Local model added for round 145. (1/2)
[ 2026-03-28 12:12:38 | node_23 | INFO ] 🎓 Training step done.
[ 2026-03-28 12:12:38 | node_23 | INFO ] 🛠️ Calling force_add_local_model...
[ 2026-03-28 12:12:38 | node_23 | INFO ] ✅ [FORCE] Local model added for round 145. (1/2)
[ 2026-03-28 12:12:38 | node_13 | INFO ] 🎓 Training step done.
[ 2026-03-28 12:12:38 | node_13 | INFO ] 🛠️ Calling force_add_local_model...
[ 2026-03-28 12:12:38 | node_13 | INFO ] ✅ [FORCE] Local model added for round 145. (1/2)
[ 2026-03-28 12:12:38 | node_30 | INFO ] 🎓 Training step done.
[ 2026-03-28 12:12:38 | node_30 | INFO ] 🛠️ Calling force_add_local_model...
[ 2026-03-28 12:12:38 | node_30 | INFO ] ✅ [FORCE] Local model added for round 145. (1/2)
[ 2026-03-28 12:12:39 | node_10 | INFO ] 🎓 Training step done.
[ 2026-03-28 12:12:39 | node_10 | INFO ] 🛠️ Calling force_add_local_model...
[ 2026-03-28 12:12:39 | node_10 | INFO ] ✅ [FORCE] Local model added for round 145. (1/2)
[ 2026-03-28 12:12:39 | node_28 | INFO ] 🎓 Training step done.
[ 2026-03-28 12:12:39 | node_28 | INFO ] 🛠️ Calling force_add_local_model...
[ 2026-03-28 12:12:39 | node_28 | INFO ] ✅ [FORCE] Local model added for round 145. (1/2)
[ 2026-03-28 12:12:39 | node_36 | INFO ] 🎓 Training step done.
[ 2026-03-28 12:12:39 | node_36 | INFO ] 🛠️ Calling force_add_local_model...
[ 2026-03-28 12:12:39 | node_44 | INFO ] 🎓 Training step done.
[ 2026-03-28 12:12:39 | node_7 | INFO ] 🎓 Training step done.
[ 2026-03-28 12:12:39 | node_36 | INFO ] ✅ [FORCE] Local model added for round 145. (1/2)
[ 2026-03-28 12:12:39 | node_44 | INFO ] 🛠️ Calling force_add_local_model...
[ 2026-03-28 12:12:39 | node_7 | INFO ] 🛠️ Calling force_add_local_model...
[ 2026-03-28 12:12:39 | node_7 | INFO ] ✅ [FORCE] Local model added for round 145. (1/2)
[ 2026-03-28 12:12:39 | node_44 | INFO ] ✅ [FORCE] Local model added for round 145. (1/2)
[ 2026-03-28 12:12:39 | node_47 | INFO ] 🎓 Training step done.
[ 2026-03-28 12:12:39 | node_47 | INFO ] 🛠️ Calling force_add_local_model...
[ 2026-03-28 12:12:39 | node_47 | INFO ] ✅ [FORCE] Local model added for round 145. (1/2)
[ 2026-03-28 12:12:40 | node_3 | INFO ] 🎓 Training step done.
[ 2026-03-28 12:12:40 | node_3 | INFO ] 🛠️ Calling force_add_local_model...
[ 2026-03-28 12:12:40 | node_3 | INFO ] ✅ [FORCE] Local model added for round 145. (1/2)
[ 2026-03-28 12:12:40 | node_4 | INFO ] 🎓 Training step done.
[ 2026-03-28 12:12:40 | node_35 | INFO ] 🎓 Training step done.
[ 2026-03-28 12:12:40 | node_4 | INFO ] 🛠️ Calling force_add_local_model...
[ 2026-03-28 12:12:40 | node_35 | INFO ] 🛠️ Calling force_add_local_model...
[ 2026-03-28 12:12:40 | node_4 | INFO ] ✅ [FORCE] Local model added for round 145. (1/2)
[ 2026-03-28 12:12:40 | node_35 | INFO ] ✅ [FORCE] Local model added for round 145. (1/2)
[ 2026-03-28 12:12:40 | node_32 | INFO ] 🎓 Training step done.
[ 2026-03-28 12:12:40 | node_32 | INFO ] 🛠️ Calling force_add_local_model...
[ 2026-03-28 12:12:40 | node_40 | INFO ] 🎓 Training step done.
[ 2026-03-28 12:12:40 | node_6 | INFO ] 🎓 Training step done.
[ 2026-03-28 12:12:40 | node_32 | INFO ] ✅ [FORCE] Local model added for round 145. (1/2)
[ 2026-03-28 12:12:40 | node_40 | INFO ] 🛠️ Calling force_add_local_model...
[ 2026-03-28 12:12:40 | node_6 | INFO ] 🛠️ Calling force_add_local_model...
[ 2026-03-28 12:12:40 | node_40 | INFO ] ✅ [FORCE] Local model added for round 145. (1/2)
[ 2026-03-28 12:12:40 | node_6 | INFO ] ✅ [FORCE] Local model added for round 145. (1/2)
[ 2026-03-28 12:12:40 | node_5 | INFO ] 📤 Sending model to 1 direct neighbors: ['node']
[ 2026-03-28 12:12:40 | node | INFO ] 🧩 Model added for round 145 (1/50) from ['node_5']
[ 2026-03-28 12:12:41 | node_26 | INFO ] 🎓 Training step done.
[ 2026-03-28 12:12:41 | node_26 | INFO ] 🛠️ Calling force_add_local_model...
[ 2026-03-28 12:12:41 | node_26 | INFO ] ✅ [FORCE] Local model added for round 145. (1/2)
[ 2026-03-28 12:12:41 | node_27 | INFO ] 🎓 Training step done.
[ 2026-03-28 12:12:41 | node_27 | INFO ] 🛠️ Calling force_add_local_model...
[ 2026-03-28 12:12:41 | node_27 | INFO ] ✅ [FORCE] Local model added for round 145. (1/2)
[ 2026-03-28 12:12:41 | node_12 | INFO ] 🎓 Training step done.
[ 2026-03-28 12:12:41 | node_12 | INFO ] 🛠️ Calling force_add_local_model...
[ 2026-03-28 12:12:41 | node_12 | INFO ] ✅ [FORCE] Local model added for round 145. (1/2)
[ 2026-03-28 12:12:41 | node_43 | INFO ] 🎓 Training step done.
[ 2026-03-28 12:12:41 | node_25 | INFO ] 🎓 Training step done.
[ 2026-03-28 12:12:41 | node_11 | INFO ] 🎓 Training step done.
[ 2026-03-28 12:12:41 | node_43 | INFO ] 🛠️ Calling force_add_local_model...
[ 2026-03-28 12:12:41 | node_25 | INFO ] 🛠️ Calling force_add_local_model...
[ 2026-03-28 12:12:41 | node_34 | INFO ] 🎓 Training step done.
[ 2026-03-28 12:12:41 | node_11 | INFO ] 🛠️ Calling force_add_local_model...
[ 2026-03-28 12:12:41 | node_43 | INFO ] ✅ [FORCE] Local model added for round 145. (1/2)
[ 2026-03-28 12:12:41 | node_25 | INFO ] ✅ [FORCE] Local model added for round 145. (1/2)
[ 2026-03-28 12:12:41 | node_34 | INFO ] 🛠️ Calling force_add_local_model...
[ 2026-03-28 12:12:41 | node_11 | INFO ] ✅ [FORCE] Local model added for round 145. (1/2)
[ 2026-03-28 12:12:41 | node_34 | INFO ] ✅ [FORCE] Local model added for round 145. (1/2)
[ 2026-03-28 12:12:41 | node_22 | INFO ] 🎓 Training step done.
[ 2026-03-28 12:12:41 | node_41 | INFO ] 🎓 Training step done.
[ 2026-03-28 12:12:41 | node_22 | INFO ] 🛠️ Calling force_add_local_model...
[ 2026-03-28 12:12:41 | node_41 | INFO ] 🛠️ Calling force_add_local_model...
[ 2026-03-28 12:12:41 | node_17 | INFO ] 🎓 Training step done.
[ 2026-03-28 12:12:41 | node_22 | INFO ] ✅ [FORCE] Local model added for round 145. (1/2)
[ 2026-03-28 12:12:41 | node_41 | INFO ] ✅ [FORCE] Local model added for round 145. (1/2)
[ 2026-03-28 12:12:41 | node_17 | INFO ] 🛠️ Calling force_add_local_model...
[ 2026-03-28 12:12:41 | node_17 | INFO ] ✅ [FORCE] Local model added for round 145. (1/2)
[ 2026-03-28 12:12:41 | node_15 | INFO ] 🎓 Training step done.
[ 2026-03-28 12:12:41 | node_24 | INFO ] 🎓 Training step done.
[ 2026-03-28 12:12:41 | node_29 | INFO ] 🎓 Training step done.
[ 2026-03-28 12:12:41 | node_15 | INFO ] 🛠️ Calling force_add_local_model...
[ 2026-03-28 12:12:41 | node_24 | INFO ] 🛠️ Calling force_add_local_model...
[ 2026-03-28 12:12:41 | node_19 | INFO ] 🎓 Training step done.
[ 2026-03-28 12:12:41 | node_29 | INFO ] 🛠️ Calling force_add_local_model...
[ 2026-03-28 12:12:41 | node_15 | INFO ] ✅ [FORCE] Local model added for round 145. (1/2)
[ 2026-03-28 12:12:41 | node_8 | INFO ] 🎓 Training step done.
[ 2026-03-28 12:12:41 | node_24 | INFO ] ✅ [FORCE] Local model added for round 145. (1/2)
[ 2026-03-28 12:12:41 | node_19 | INFO ] 🛠️ Calling force_add_local_model...
[ 2026-03-28 12:12:41 | node_8 | INFO ] 🛠️ Calling force_add_local_model...
[ 2026-03-28 12:12:41 | node_29 | INFO ] ✅ [FORCE] Local model added for round 145. (1/2)
[ 2026-03-28 12:12:41 | node_45 | INFO ] 🎓 Training step done.
[ 2026-03-28 12:12:41 | node_19 | INFO ] ✅ [FORCE] Local model added for round 145. (1/2)
[ 2026-03-28 12:12:41 | node_45 | INFO ] 🛠️ Calling force_add_local_model...
[ 2026-03-28 12:12:41 | node_8 | INFO ] ✅ [FORCE] Local model added for round 145. (1/2)
[ 2026-03-28 12:12:41 | node_14 | INFO ] 🎓 Training step done.
[ 2026-03-28 12:12:41 | node_38 | INFO ] 🎓 Training step done.
[ 2026-03-28 12:12:41 | node_45 | INFO ] ✅ [FORCE] Local model added for round 145. (1/2)
[ 2026-03-28 12:12:41 | node_14 | INFO ] 🛠️ Calling force_add_local_model...
[ 2026-03-28 12:12:41 | node_38 | INFO ] 🛠️ Calling force_add_local_model...
[ 2026-03-28 12:12:41 | node_14 | INFO ] ✅ [FORCE] Local model added for round 145. (1/2)
[ 2026-03-28 12:12:41 | node_38 | INFO ] ✅ [FORCE] Local model added for round 145. (1/2)
[ 2026-03-28 12:12:41 | node_37 | INFO ] 🎓 Training step done.
[ 2026-03-28 12:12:41 | node_20 | INFO ] 🎓 Training step done.
[ 2026-03-28 12:12:41 | node_37 | INFO ] 🛠️ Calling force_add_local_model...
[ 2026-03-28 12:12:41 | node_31 | INFO ] 🎓 Training step done.
[ 2026-03-28 12:12:41 | node_33 | INFO ] 🎓 Training step done.
[ 2026-03-28 12:12:41 | node_20 | INFO ] 🛠️ Calling force_add_local_model...
[ 2026-03-28 12:12:41 | node_31 | INFO ] 🛠️ Calling force_add_local_model...
[ 2026-03-28 12:12:41 | node_33 | INFO ] 🛠️ Calling force_add_local_model...
[ 2026-03-28 12:12:41 | node_18 | INFO ] 🎓 Training step done.
[ 2026-03-28 12:12:41 | node_20 | INFO ] ✅ [FORCE] Local model added for round 145. (1/2)
[ 2026-03-28 12:12:41 | node_37 | INFO ] ✅ [FORCE] Local model added for round 145. (1/2)
[ 2026-03-28 12:12:41 | node_31 | INFO ] ✅ [FORCE] Local model added for round 145. (1/2)
[ 2026-03-28 12:12:41 | node_33 | INFO ] ✅ [FORCE] Local model added for round 145. (1/2)
[ 2026-03-28 12:12:41 | node_18 | INFO ] 🛠️ Calling force_add_local_model...
[ 2026-03-28 12:12:41 | node_39 | INFO ] 🎓 Training step done.
[ 2026-03-28 12:12:41 | node_18 | INFO ] ✅ [FORCE] Local model added for round 145. (1/2)
[ 2026-03-28 12:12:41 | node_39 | INFO ] 🛠️ Calling force_add_local_model...
[ 2026-03-28 12:12:41 | node_21 | INFO ] 🎓 Training step done.
[ 2026-03-28 12:12:41 | node_21 | INFO ] 🛠️ Calling force_add_local_model...
[ 2026-03-28 12:12:41 | node_39 | INFO ] ✅ [FORCE] Local model added for round 145. (1/2)
[ 2026-03-28 12:12:42 | node_2 | INFO ] 🎓 Training step done.
[ 2026-03-28 12:12:42 | node_21 | INFO ] ✅ [FORCE] Local model added for round 145. (1/2)
[ 2026-03-28 12:12:42 | node_2 | INFO ] 🛠️ Calling force_add_local_model...
[ 2026-03-28 12:12:42 | node_2 | INFO ] ✅ [FORCE] Local model added for round 145. (1/2)
[ 2026-03-28 12:12:42 | node_46 | INFO ] 🎓 Training step done.
[ 2026-03-28 12:12:42 | node_46 | INFO ] 🛠️ Calling force_add_local_model...
[ 2026-03-28 12:12:42 | node_46 | INFO ] ✅ [FORCE] Local model added for round 145. (1/2)
[ 2026-03-28 12:12:42 | node_48 | INFO ] 🎓 Training step done.
[ 2026-03-28 12:12:42 | node_48 | INFO ] 🛠️ Calling force_add_local_model...
[ 2026-03-28 12:12:42 | node_9 | INFO ] 🎓 Training step done.
[ 2026-03-28 12:12:42 | node_48 | INFO ] ✅ [FORCE] Local model added for round 145. (1/2)
[ 2026-03-28 12:12:42 | node_9 | INFO ] 🛠️ Calling force_add_local_model...
[ 2026-03-28 12:12:42 | node_9 | INFO ] ✅ [FORCE] Local model added for round 145. (1/2)
[ 2026-03-28 12:12:42 | node_16 | INFO ] 🎓 Training step done.
[ 2026-03-28 12:12:42 | node_16 | INFO ] 🛠️ Calling force_add_local_model...
[ 2026-03-28 12:12:42 | node_16 | INFO ] ✅ [FORCE] Local model added for round 145. (1/2)
[ 2026-03-28 12:12:42 | node_42 | INFO ] 🎓 Training step done.
[ 2026-03-28 12:12:42 | node_49 | INFO ] 🎓 Training step done.
[ 2026-03-28 12:12:42 | node_42 | INFO ] 🛠️ Calling force_add_local_model...
[ 2026-03-28 12:12:42 | node_49 | INFO ] 🛠️ Calling force_add_local_model...
[ 2026-03-28 12:12:42 | node_42 | INFO ] ✅ [FORCE] Local model added for round 145. (1/2)
[ 2026-03-28 12:12:42 | node_49 | INFO ] ✅ [FORCE] Local model added for round 145. (1/2)
[ 2026-03-28 12:12:42 | node_1 | INFO ] 📤 Sending model to 1 direct neighbors: ['node']
[ 2026-03-28 12:12:42 | node | INFO ] 🧩 Model added for round 145 (2/50) from ['node_1']
[ 2026-03-28 12:12:42 | node | INFO ] 🎓 Training step done.
[ 2026-03-28 12:12:42 | node | INFO ] 🛠️ Calling force_add_local_model...
[ 2026-03-28 12:12:42 | node | INFO ] ✅ [FORCE] Local model added for round 145. (3/50)
[ 2026-03-28 12:12:43 | node_23 | INFO ] 📤 Sending model to 1 direct neighbors: ['node']
[ 2026-03-28 12:12:43 | node | INFO ] 🧩 Model added for round 145 (4/50) from ['node_23']
[ 2026-03-28 12:12:43 | node_13 | INFO ] 📤 Sending model to 1 direct neighbors: ['node']
[ 2026-03-28 12:12:43 | node | INFO ] 🧩 Model added for round 145 (5/50) from ['node_13']
[ 2026-03-28 12:12:43 | node_30 | INFO ] 📤 Sending model to 1 direct neighbors: ['node']
[ 2026-03-28 12:12:43 | node | INFO ] 🧩 Model added for round 145 (6/50) from ['node_30']
[ 2026-03-28 12:12:44 | node_10 | INFO ] 📤 Sending model to 1 direct neighbors: ['node']
[ 2026-03-28 12:12:44 | node | INFO ] 🧩 Model added for round 145 (7/50) from ['node_10']
[ 2026-03-28 12:12:44 | node_28 | INFO ] 📤 Sending model to 1 direct neighbors: ['node']
[ 2026-03-28 12:12:44 | node | INFO ] 🧩 Model added for round 145 (8/50) from ['node_28']
[ 2026-03-28 12:12:44 | node_36 | INFO ] 📤 Sending model to 1 direct neighbors: ['node']
[ 2026-03-28 12:12:44 | node_44 | INFO ] 📤 Sending model to 1 direct neighbors: ['node']
[ 2026-03-28 12:12:44 | node_7 | INFO ] 📤 Sending model to 1 direct neighbors: ['node']
[ 2026-03-28 12:12:44 | node | INFO ] 🧩 Model added for round 145 (9/50) from ['node_36']
[ 2026-03-28 12:12:44 | node | INFO ] 🧩 Model added for round 145 (10/50) from ['node_44']
[ 2026-03-28 12:12:44 | node | INFO ] 🧩 Model added for round 145 (11/50) from ['node_7']
[ 2026-03-28 12:12:44 | node_47 | INFO ] 📤 Sending model to 1 direct neighbors: ['node']
[ 2026-03-28 12:12:45 | node | INFO ] 🧩 Model added for round 145 (12/50) from ['node_47']
[ 2026-03-28 12:12:45 | node_3 | INFO ] 📤 Sending model to 1 direct neighbors: ['node']
[ 2026-03-28 12:12:45 | node | INFO ] 🧩 Model added for round 145 (13/50) from ['node_3']
[ 2026-03-28 12:12:45 | node_4 | INFO ] 📤 Sending model to 1 direct neighbors: ['node']
[ 2026-03-28 12:12:45 | node_35 | INFO ] 📤 Sending model to 1 direct neighbors: ['node']
[ 2026-03-28 12:12:45 | node | INFO ] 🧩 Model added for round 145 (14/50) from ['node_35']
[ 2026-03-28 12:12:45 | node | INFO ] 🧩 Model added for round 145 (15/50) from ['node_4']
[ 2026-03-28 12:12:45 | node_32 | INFO ] 📤 Sending model to 1 direct neighbors: ['node']
[ 2026-03-28 12:12:45 | node_6 | INFO ] 📤 Sending model to 1 direct neighbors: ['node']
[ 2026-03-28 12:12:45 | node_40 | INFO ] 📤 Sending model to 1 direct neighbors: ['node']
[ 2026-03-28 12:12:45 | node | INFO ] 🧩 Model added for round 145 (16/50) from ['node_40']
[ 2026-03-28 12:12:45 | node | INFO ] 🧩 Model added for round 145 (17/50) from ['node_32']
[ 2026-03-28 12:12:45 | node | INFO ] 🧩 Model added for round 145 (18/50) from ['node_6']
[ 2026-03-28 12:12:46 | node_26 | INFO ] 📤 Sending model to 1 direct neighbors: ['node']
[ 2026-03-28 12:12:46 | node | INFO ] 🧩 Model added for round 145 (19/50) from ['node_26']
[ 2026-03-28 12:12:46 | node_27 | INFO ] 📤 Sending model to 1 direct neighbors: ['node']
[ 2026-03-28 12:12:46 | node | INFO ] 🧩 Model added for round 145 (20/50) from ['node_27']
[ 2026-03-28 12:12:46 | node_12 | INFO ] 📤 Sending model to 1 direct neighbors: ['node']
[ 2026-03-28 12:12:46 | node_43 | INFO ] 📤 Sending model to 1 direct neighbors: ['node']
[ 2026-03-28 12:12:46 | node | INFO ] 🧩 Model added for round 145 (21/50) from ['node_12']
[ 2026-03-28 12:12:46 | node_25 | INFO ] 📤 Sending model to 1 direct neighbors: ['node']
[ 2026-03-28 12:12:46 | node_34 | INFO ] 📤 Sending model to 1 direct neighbors: ['node']
[ 2026-03-28 12:12:46 | node_11 | INFO ] 📤 Sending model to 1 direct neighbors: ['node']
[ 2026-03-28 12:12:46 | node | INFO ] 🧩 Model added for round 145 (22/50) from ['node_43']
[ 2026-03-28 12:12:46 | node_22 | INFO ] 📤 Sending model to 1 direct neighbors: ['node']
[ 2026-03-28 12:12:46 | node_41 | INFO ] 📤 Sending model to 1 direct neighbors: ['node']
[ 2026-03-28 12:12:46 | node_17 | INFO ] 📤 Sending model to 1 direct neighbors: ['node']
[ 2026-03-28 12:12:46 | node | INFO ] 🧩 Model added for round 145 (23/50) from ['node_25']
[ 2026-03-28 12:12:46 | node | INFO ] 🧩 Model added for round 145 (24/50) from ['node_34']
[ 2026-03-28 12:12:46 | node | INFO ] 🧩 Model added for round 145 (25/50) from ['node_11']
[ 2026-03-28 12:12:46 | node_15 | INFO ] 📤 Sending model to 1 direct neighbors: ['node']
[ 2026-03-28 12:12:46 | node_24 | INFO ] 📤 Sending model to 1 direct neighbors: ['node']
[ 2026-03-28 12:12:46 | node_29 | INFO ] 📤 Sending model to 1 direct neighbors: ['node']
[ 2026-03-28 12:12:46 | node | INFO ] 🧩 Model added for round 145 (26/50) from ['node_22']
[ 2026-03-28 12:12:46 | node_19 | INFO ] 📤 Sending model to 1 direct neighbors: ['node']
[ 2026-03-28 12:12:46 | node_8 | INFO ] 📤 Sending model to 1 direct neighbors: ['node']
[ 2026-03-28 12:12:46 | node | INFO ] 🧩 Model added for round 145 (27/50) from ['node_17']
[ 2026-03-28 12:12:46 | node | INFO ] 🧩 Model added for round 145 (28/50) from ['node_41']
[ 2026-03-28 12:12:46 | node_45 | INFO ] 📤 Sending model to 1 direct neighbors: ['node']
[ 2026-03-28 12:12:46 | node_14 | INFO ] 📤 Sending model to 1 direct neighbors: ['node']
[ 2026-03-28 12:12:46 | node_38 | INFO ] 📤 Sending model to 1 direct neighbors: ['node']
[ 2026-03-28 12:12:46 | node | INFO ] 🧩 Model added for round 145 (29/50) from ['node_15']
[ 2026-03-28 12:12:46 | node_20 | INFO ] 📤 Sending model to 1 direct neighbors: ['node']
[ 2026-03-28 12:12:46 | node | INFO ] 🧩 Model added for round 145 (30/50) from ['node_24']
[ 2026-03-28 12:12:46 | node_33 | INFO ] 📤 Sending model to 1 direct neighbors: ['node']
[ 2026-03-28 12:12:46 | node_37 | INFO ] 📤 Sending model to 1 direct neighbors: ['node']
[ 2026-03-28 12:12:46 | node_31 | INFO ] 📤 Sending model to 1 direct neighbors: ['node']
[ 2026-03-28 12:12:46 | node_18 | INFO ] 📤 Sending model to 1 direct neighbors: ['node']
[ 2026-03-28 12:12:47 | node_39 | INFO ] 📤 Sending model to 1 direct neighbors: ['node']
[ 2026-03-28 12:12:47 | node_21 | INFO ] 📤 Sending model to 1 direct neighbors: ['node']
[ 2026-03-28 12:12:47 | node_2 | INFO ] 📤 Sending model to 1 direct neighbors: ['node']
[ 2026-03-28 12:12:47 | node_46 | INFO ] 📤 Sending model to 1 direct neighbors: ['node']
[ 2026-03-28 12:12:47 | node_9 | INFO ] 📤 Sending model to 1 direct neighbors: ['node']
[ 2026-03-28 12:12:47 | node_48 | INFO ] 📤 Sending model to 1 direct neighbors: ['node']
[ 2026-03-28 12:12:47 | node | INFO ] 🧩 Model added for round 145 (31/50) from ['node_19']
[ 2026-03-28 12:12:47 | node_16 | INFO ] 📤 Sending model to 1 direct neighbors: ['node']
[ 2026-03-28 12:12:47 | node | INFO ] 🧩 Model added for round 145 (32/50) from ['node_45']
[ 2026-03-28 12:12:47 | node_42 | INFO ] 📤 Sending model to 1 direct neighbors: ['node']
[ 2026-03-28 12:12:47 | node_49 | INFO ] 📤 Sending model to 1 direct neighbors: ['node']
[ 2026-03-28 12:12:47 | node | INFO ] 🧩 Model added for round 145 (33/50) from ['node_8']
[ 2026-03-28 12:12:47 | node | INFO ] 🧩 Model added for round 145 (34/50) from ['node_29']
[ 2026-03-28 12:12:47 | node | INFO ] 🧩 Model added for round 145 (35/50) from ['node_38']
[ 2026-03-28 12:12:47 | node | INFO ] 🧩 Model added for round 145 (36/50) from ['node_14']
[ 2026-03-28 12:12:47 | node | INFO ] 📤 Sending model to 49 direct neighbors: ['node_1', 'node_2', 'node_3', 'node_4', 'node_5', 'node_6', 'node_7', 'node_8', 'node_9', 'node_10', 'node_11', 'node_12', 'node_13', 'node_14', 'node_15', 'node_16', 'node_17', 'node_18', 'node_19', 'node_20', 'node_21', 'node_22', 'node_23', 'node_24', 'node_25', 'node_26', 'node_27', 'node_28', 'node_29', 'node_30', 'node_31', 'node_32', 'node_33', 'node_34', 'node_35', 'node_36', 'node_37', 'node_38', 'node_39', 'node_40', 'node_41', 'node_42', 'node_43', 'node_44', 'node_45', 'node_46', 'node_47', 'node_48', 'node_49']
[ 2026-03-28 12:12:47 | node | INFO ] 🧩 Model added for round 145 (37/50) from ['node_33']
[ 2026-03-28 12:12:47 | node | INFO ] 🧩 Model added for round 145 (38/50) from ['node_20']
[ 2026-03-28 12:12:47 | node | INFO ] 🧩 Model added for round 145 (39/50) from ['node_37']
[ 2026-03-28 12:12:47 | node | INFO ] 🧩 Model added for round 145 (40/50) from ['node_31']
[ 2026-03-28 12:12:47 | node | INFO ] 🧩 Model added for round 145 (41/50) from ['node_21']
[ 2026-03-28 12:12:47 | node | INFO ] 🧩 Model added for round 145 (42/50) from ['node_2']
[ 2026-03-28 12:12:47 | node | INFO ] 🧩 Model added for round 145 (43/50) from ['node_18']
[ 2026-03-28 12:12:47 | node | INFO ] 🧩 Model added for round 145 (44/50) from ['node_39']
[ 2026-03-28 12:12:47 | node | INFO ] 🧩 Model added for round 145 (45/50) from ['node_46']
[ 2026-03-28 12:12:47 | node | INFO ] 🧩 Model added for round 145 (46/50) from ['node_42']
[ 2026-03-28 12:12:47 | node | INFO ] 🧩 Model added for round 145 (47/50) from ['node_48']
[ 2026-03-28 12:12:47 | node | INFO ] 🧩 Model added for round 145 (48/50) from ['node_9']
[ 2026-03-28 12:12:48 | node | INFO ] 🧩 Model added for round 145 (49/50) from ['node_16']
[ 2026-03-28 12:12:48 | node | INFO ] 🧩 Model added for round 145 (50/50) from ['node_49']
[ 2026-03-28 12:12:48 | node_1 | INFO ] 🧩 Model added for round 145 (2/2) from ['node']
[ 2026-03-28 12:12:48 | node_2 | INFO ] 🧩 Model added for round 145 (2/2) from ['node']
[ 2026-03-28 12:12:49 | node_1 | INFO ] 🧠 Aggregation complete. Setting new model.
[ 2026-03-28 12:12:49 | node_1 | INFO ] 🗣️ Gossiping aggregated model.
[ 2026-03-28 12:12:49 | node_3 | INFO ] 🧩 Model added for round 145 (2/2) from ['node']
[ 2026-03-28 12:12:49 | node_4 | INFO ] 🧩 Model added for round 145 (2/2) from ['node']
[ 2026-03-28 12:12:49 | node_3 | INFO ] 🧠 Aggregation complete. Setting new model.
[ 2026-03-28 12:12:49 | node_3 | INFO ] 🗣️ Gossiping aggregated model.
[ 2026-03-28 12:12:49 | node_5 | INFO ] 🧩 Model added for round 145 (2/2) from ['node']
[ 2026-03-28 12:12:49 | node_2 | INFO ] 🧠 Aggregation complete. Setting new model.
[ 2026-03-28 12:12:49 | node_4 | INFO ] 🧠 Aggregation complete. Setting new model.
[ 2026-03-28 12:12:49 | node_2 | INFO ] 🗣️ Gossiping aggregated model.
[ 2026-03-28 12:12:49 | node_4 | INFO ] 🗣️ Gossiping aggregated model.
[ 2026-03-28 12:12:50 | node_6 | INFO ] 🧩 Model added for round 145 (2/2) from ['node']
[ 2026-03-28 12:12:50 | node_5 | INFO ] 🧠 Aggregation complete. Setting new model.
[ 2026-03-28 12:12:50 | node_5 | INFO ] 🗣️ Gossiping aggregated model.
[ 2026-03-28 12:12:50 | node_6 | INFO ] 🧠 Aggregation complete. Setting new model.
[ 2026-03-28 12:12:50 | node_7 | INFO ] 🧩 Model added for round 145 (2/2) from ['node']
[ 2026-03-28 12:12:50 | node_6 | INFO ] 🗣️ Gossiping aggregated model.
[ 2026-03-28 12:12:50 | node_7 | INFO ] 🧠 Aggregation complete. Setting new model.
[ 2026-03-28 12:12:50 | node_8 | INFO ] 🧩 Model added for round 145 (2/2) from ['node']
[ 2026-03-28 12:12:50 | node_7 | INFO ] 🗣️ Gossiping aggregated model.
[ 2026-03-28 12:12:50 | node_9 | INFO ] 🧩 Model added for round 145 (2/2) from ['node']
[ 2026-03-28 12:12:50 | node_8 | INFO ] 🧠 Aggregation complete. Setting new model.
[ 2026-03-28 12:12:50 | node_8 | INFO ] 🗣️ Gossiping aggregated model.
[ 2026-03-28 12:12:50 | node_10 | INFO ] 🧩 Model added for round 145 (2/2) from ['node']
[ 2026-03-28 12:12:50 | node_9 | INFO ] 🧠 Aggregation complete. Setting new model.
[ 2026-03-28 12:12:50 | node_9 | INFO ] 🗣️ Gossiping aggregated model.
[ 2026-03-28 12:12:50 | node_11 | INFO ] 🧩 Model added for round 145 (2/2) from ['node']
[ 2026-03-28 12:12:50 | node_10 | INFO ] 🧠 Aggregation complete. Setting new model.
[ 2026-03-28 12:12:50 | node_10 | INFO ] 🗣️ Gossiping aggregated model.
[ 2026-03-28 12:12:50 | node_12 | INFO ] 🧩 Model added for round 145 (2/2) from ['node']
[ 2026-03-28 12:12:50 | node_11 | INFO ] 🧠 Aggregation complete. Setting new model.
[ 2026-03-28 12:12:50 | node_11 | INFO ] 🗣️ Gossiping aggregated model.
[ 2026-03-28 12:12:50 | node_12 | INFO ] 🧠 Aggregation complete. Setting new model.
[ 2026-03-28 12:12:50 | node_13 | INFO ] 🧩 Model added for round 145 (2/2) from ['node']
[ 2026-03-28 12:12:50 | node_12 | INFO ] 🗣️ Gossiping aggregated model.
[ 2026-03-28 12:12:50 | node_14 | INFO ] 🧩 Model added for round 145 (2/2) from ['node']
[ 2026-03-28 12:12:50 | node_13 | INFO ] 🧠 Aggregation complete. Setting new model.
[ 2026-03-28 12:12:50 | node_13 | INFO ] 🗣️ Gossiping aggregated model.
[ 2026-03-28 12:12:50 | node_15 | INFO ] 🧩 Model added for round 145 (2/2) from ['node']
[ 2026-03-28 12:12:50 | node_14 | INFO ] 🧠 Aggregation complete. Setting new model.
[ 2026-03-28 12:12:50 | node_14 | INFO ] 🗣️ Gossiping aggregated model.
[ 2026-03-28 12:12:50 | node_16 | INFO ] 🧩 Model added for round 145 (2/2) from ['node']
[ 2026-03-28 12:12:50 | node_15 | INFO ] 🧠 Aggregation complete. Setting new model.
[ 2026-03-28 12:12:50 | node_15 | INFO ] 🗣️ Gossiping aggregated model.
[ 2026-03-28 12:12:50 | node_17 | INFO ] 🧩 Model added for round 145 (2/2) from ['node']
[ 2026-03-28 12:12:50 | node_16 | INFO ] 🧠 Aggregation complete. Setting new model.
[ 2026-03-28 12:12:50 | node_16 | INFO ] 🗣️ Gossiping aggregated model.
[ 2026-03-28 12:12:50 | node_18 | INFO ] 🧩 Model added for round 145 (2/2) from ['node']
[ 2026-03-28 12:12:50 | node_17 | INFO ] 🧠 Aggregation complete. Setting new model.
[ 2026-03-28 12:12:50 | node_17 | INFO ] 🗣️ Gossiping aggregated model.
[ 2026-03-28 12:12:50 | node_18 | INFO ] 🧠 Aggregation complete. Setting new model.
[ 2026-03-28 12:12:50 | node_19 | INFO ] 🧩 Model added for round 145 (2/2) from ['node']
[ 2026-03-28 12:12:50 | node_18 | INFO ] 🗣️ Gossiping aggregated model.
[ 2026-03-28 12:12:50 | node_20 | INFO ] 🧩 Model added for round 145 (2/2) from ['node']
[ 2026-03-28 12:12:50 | node_19 | INFO ] 🧠 Aggregation complete. Setting new model.
[ 2026-03-28 12:12:50 | node_19 | INFO ] 🗣️ Gossiping aggregated model.
[ 2026-03-28 12:12:50 | node_21 | INFO ] 🧩 Model added for round 145 (2/2) from ['node']
[ 2026-03-28 12:12:50 | node_20 | INFO ] 🧠 Aggregation complete. Setting new model.
[ 2026-03-28 12:12:50 | node_20 | INFO ] 🗣️ Gossiping aggregated model.
[ 2026-03-28 12:12:50 | node_22 | INFO ] 🧩 Model added for round 145 (2/2) from ['node']
[ 2026-03-28 12:12:50 | node_21 | INFO ] 🧠 Aggregation complete. Setting new model.
[ 2026-03-28 12:12:50 | node_21 | INFO ] 🗣️ Gossiping aggregated model.
[ 2026-03-28 12:12:50 | node_22 | INFO ] 🧠 Aggregation complete. Setting new model.
[ 2026-03-28 12:12:51 | node_23 | INFO ] 🧩 Model added for round 145 (2/2) from ['node']
[ 2026-03-28 12:12:51 | node_22 | INFO ] 🗣️ Gossiping aggregated model.
[ 2026-03-28 12:12:51 | node_23 | INFO ] 🧠 Aggregation complete. Setting new model.
[ 2026-03-28 12:12:51 | node_23 | INFO ] 🗣️ Gossiping aggregated model.
[ 2026-03-28 12:12:51 | node_24 | INFO ] 🧩 Model added for round 145 (2/2) from ['node']
[ 2026-03-28 12:12:51 | node_25 | INFO ] 🧩 Model added for round 145 (2/2) from ['node']
[ 2026-03-28 12:12:51 | node_24 | INFO ] 🧠 Aggregation complete. Setting new model.
[ 2026-03-28 12:12:51 | node_24 | INFO ] 🗣️ Gossiping aggregated model.
[ 2026-03-28 12:12:51 | node_26 | INFO ] 🧩 Model added for round 145 (2/2) from ['node']
[ 2026-03-28 12:12:51 | node_25 | INFO ] 🧠 Aggregation complete. Setting new model.
[ 2026-03-28 12:12:51 | node_25 | INFO ] 🗣️ Gossiping aggregated model.
[ 2026-03-28 12:12:51 | node_26 | INFO ] 🧠 Aggregation complete. Setting new model.
[ 2026-03-28 12:12:51 | node_27 | INFO ] 🧩 Model added for round 145 (2/2) from ['node']
[ 2026-03-28 12:12:51 | node_26 | INFO ] 🗣️ Gossiping aggregated model.
[ 2026-03-28 12:12:51 | node_27 | INFO ] 🧠 Aggregation complete. Setting new model.
[ 2026-03-28 12:12:51 | node_28 | INFO ] 🧩 Model added for round 145 (2/2) from ['node']
[ 2026-03-28 12:12:51 | node_27 | INFO ] 🗣️ Gossiping aggregated model.
[ 2026-03-28 12:12:51 | node_29 | INFO ] 🧩 Model added for round 145 (2/2) from ['node']
[ 2026-03-28 12:12:51 | node_28 | INFO ] 🧠 Aggregation complete. Setting new model.
[ 2026-03-28 12:12:51 | node_28 | INFO ] 🗣️ Gossiping aggregated model.
[ 2026-03-28 12:12:51 | node_30 | INFO ] 🧩 Model added for round 145 (2/2) from ['node']
[ 2026-03-28 12:12:51 | node_29 | INFO ] 🧠 Aggregation complete. Setting new model.
[ 2026-03-28 12:12:51 | node_29 | INFO ] 🗣️ Gossiping aggregated model.
[ 2026-03-28 12:12:51 | node_31 | INFO ] 🧩 Model added for round 145 (2/2) from ['node']
[ 2026-03-28 12:12:51 | node_30 | INFO ] 🧠 Aggregation complete. Setting new model.
[ 2026-03-28 12:12:51 | node_30 | INFO ] 🗣️ Gossiping aggregated model.
[ 2026-03-28 12:12:51 | node_31 | INFO ] 🧠 Aggregation complete. Setting new model.
[ 2026-03-28 12:12:51 | node_32 | INFO ] 🧩 Model added for round 145 (2/2) from ['node']
[ 2026-03-28 12:12:51 | node_31 | INFO ] 🗣️ Gossiping aggregated model.
[ 2026-03-28 12:12:51 | node_32 | INFO ] 🧠 Aggregation complete. Setting new model.
[ 2026-03-28 12:12:51 | node_33 | INFO ] 🧩 Model added for round 145 (2/2) from ['node']
[ 2026-03-28 12:12:51 | node_32 | INFO ] 🗣️ Gossiping aggregated model.
[ 2026-03-28 12:12:51 | node_33 | INFO ] 🧠 Aggregation complete. Setting new model.
[ 2026-03-28 12:12:51 | node_34 | INFO ] 🧩 Model added for round 145 (2/2) from ['node']
[ 2026-03-28 12:12:51 | node_33 | INFO ] 🗣️ Gossiping aggregated model.
[ 2026-03-28 12:12:51 | node_34 | INFO ] 🧠 Aggregation complete. Setting new model.
[ 2026-03-28 12:12:51 | node_34 | INFO ] 🗣️ Gossiping aggregated model.
[ 2026-03-28 12:12:51 | node_35 | INFO ] 🧩 Model added for round 145 (2/2) from ['node']
[ 2026-03-28 12:12:51 | node_36 | INFO ] 🧩 Model added for round 145 (2/2) from ['node']
[ 2026-03-28 12:12:51 | node_35 | INFO ] 🧠 Aggregation complete. Setting new model.
[ 2026-03-28 12:12:51 | node_35 | INFO ] 🗣️ Gossiping aggregated model.
[ 2026-03-28 12:12:52 | node_36 | INFO ] 🧠 Aggregation complete. Setting new model.
[ 2026-03-28 12:12:52 | node_37 | INFO ] 🧩 Model added for round 145 (2/2) from ['node']
[ 2026-03-28 12:12:52 | node_36 | INFO ] 🗣️ Gossiping aggregated model.
[ 2026-03-28 12:12:52 | node_38 | INFO ] 🧩 Model added for round 145 (2/2) from ['node']
[ 2026-03-28 12:12:52 | node_37 | INFO ] 🧠 Aggregation complete. Setting new model.
[ 2026-03-28 12:12:52 | node_37 | INFO ] 🗣️ Gossiping aggregated model.
[ 2026-03-28 12:12:52 | node_38 | INFO ] 🧠 Aggregation complete. Setting new model.
[ 2026-03-28 12:12:52 | node_39 | INFO ] 🧩 Model added for round 145 (2/2) from ['node']
[ 2026-03-28 12:12:52 | node_38 | INFO ] 🗣️ Gossiping aggregated model.
[ 2026-03-28 12:12:52 | node_40 | INFO ] 🧩 Model added for round 145 (2/2) from ['node']
[ 2026-03-28 12:12:52 | node_39 | INFO ] 🧠 Aggregation complete. Setting new model.
[ 2026-03-28 12:12:52 | node_39 | INFO ] 🗣️ Gossiping aggregated model.
[ 2026-03-28 12:12:52 | node_40 | INFO ] 🧠 Aggregation complete. Setting new model.
[ 2026-03-28 12:12:52 | node_41 | INFO ] 🧩 Model added for round 145 (2/2) from ['node']
[ 2026-03-28 12:12:52 | node_40 | INFO ] 🗣️ Gossiping aggregated model.
[ 2026-03-28 12:12:52 | node_41 | INFO ] 🧠 Aggregation complete. Setting new model.
[ 2026-03-28 12:12:52 | node_42 | INFO ] 🧩 Model added for round 145 (2/2) from ['node']
[ 2026-03-28 12:12:52 | node_41 | INFO ] 🗣️ Gossiping aggregated model.
[ 2026-03-28 12:12:52 | node_43 | INFO ] 🧩 Model added for round 145 (2/2) from ['node']
[ 2026-03-28 12:12:52 | node_42 | INFO ] 🧠 Aggregation complete. Setting new model.
[ 2026-03-28 12:12:52 | node_42 | INFO ] 🗣️ Gossiping aggregated model.
[ 2026-03-28 12:12:52 | node_43 | INFO ] 🧠 Aggregation complete. Setting new model.
[ 2026-03-28 12:12:52 | node_44 | INFO ] 🧩 Model added for round 145 (2/2) from ['node']
[ 2026-03-28 12:12:52 | node_43 | INFO ] 🗣️ Gossiping aggregated model.
[ 2026-03-28 12:12:52 | node_44 | INFO ] 🧠 Aggregation complete. Setting new model.
[ 2026-03-28 12:12:52 | node_45 | INFO ] 🧩 Model added for round 145 (2/2) from ['node']
[ 2026-03-28 12:12:52 | node_44 | INFO ] 🗣️ Gossiping aggregated model.
[ 2026-03-28 12:12:52 | node_45 | INFO ] 🧠 Aggregation complete. Setting new model.
[ 2026-03-28 12:12:52 | node_46 | INFO ] 🧩 Model added for round 145 (2/2) from ['node']
[ 2026-03-28 12:12:52 | node_45 | INFO ] 🗣️ Gossiping aggregated model.
[ 2026-03-28 12:12:52 | node_46 | INFO ] 🧠 Aggregation complete. Setting new model.
[ 2026-03-28 12:12:52 | node_47 | INFO ] 🧩 Model added for round 145 (2/2) from ['node']
[ 2026-03-28 12:12:52 | node_46 | INFO ] 🗣️ Gossiping aggregated model.
[ 2026-03-28 12:12:52 | node_47 | INFO ] 🧠 Aggregation complete. Setting new model.
[ 2026-03-28 12:12:52 | node_47 | INFO ] 🗣️ Gossiping aggregated model.
[ 2026-03-28 12:12:52 | node_48 | INFO ] 🧩 Model added for round 145 (2/2) from ['node']
[ 2026-03-28 12:12:52 | node_49 | INFO ] 🧩 Model added for round 145 (2/2) from ['node']
[ 2026-03-28 12:12:52 | node_48 | INFO ] 🧠 Aggregation complete. Setting new model.
[ 2026-03-28 12:12:52 | node_48 | INFO ] 🗣️ Gossiping aggregated model.
[ 2026-03-28 12:12:52 | node_49 | INFO ] 🧠 Aggregation complete. Setting new model.
[ 2026-03-28 12:12:53 | node_49 | INFO ] 🗣️ Gossiping aggregated model.
[ 2026-03-28 12:12:53 | node | INFO ] 🧠 Aggregation complete. Setting new model.
[ 2026-03-28 12:12:53 | node_2 | INFO ] 🤫 Gossip finished.
[ 2026-03-28 12:12:53 | node_2 | INFO ] 🔬 Evaluating...
[ 2026-03-28 12:12:53 | node_4 | INFO ] 🤫 Gossip finished.
[ 2026-03-28 12:12:53 | node_4 | INFO ] 🔬 Evaluating...
[ 2026-03-28 12:12:53 | node_5 | INFO ] 🤫 Gossip finished.
[ 2026-03-28 12:12:53 | node_6 | INFO ] 🤫 Gossip finished.
[ 2026-03-28 12:12:53 | node_23 | INFO ] 🤫 Gossip finished.
[ 2026-03-28 12:12:53 | node_5 | INFO ] 🔬 Evaluating...
[ 2026-03-28 12:12:53 | node_23 | INFO ] 🔬 Evaluating...
[ 2026-03-28 12:12:53 | node_7 | INFO ] 🤫 Gossip finished.
[ 2026-03-28 12:12:53 | node_24 | INFO ] 🤫 Gossip finished.
[ 2026-03-28 12:12:53 | node_6 | INFO ] 🔬 Evaluating...
[ 2026-03-28 12:12:53 | node_7 | INFO ] 🔬 Evaluating...
[ 2026-03-28 12:12:53 | node_24 | INFO ] 🔬 Evaluating...
[ 2026-03-28 12:12:53 | node_8 | INFO ] 🤫 Gossip finished.
[ 2026-03-28 12:12:53 | node_25 | INFO ] 🤫 Gossip finished.
[ 2026-03-28 12:12:53 | node_8 | INFO ] 🔬 Evaluating...
[ 2026-03-28 12:12:53 | node_9 | INFO ] 🤫 Gossip finished.
[ 2026-03-28 12:12:53 | node_25 | INFO ] 🔬 Evaluating...
[ 2026-03-28 12:12:53 | node_9 | INFO ] 🔬 Evaluating...
[ 2026-03-28 12:12:53 | node_26 | INFO ] 🤫 Gossip finished.
[ 2026-03-28 12:12:53 | node_1 | INFO ] 🤫 Gossip finished.
[ 2026-03-28 12:12:53 | node_26 | INFO ] 🔬 Evaluating...
[ 2026-03-28 12:12:53 | node_1 | INFO ] 🔬 Evaluating...
[ 2026-03-28 12:12:53 | node_10 | INFO ] 🤫 Gossip finished.
[ 2026-03-28 12:12:53 | node_10 | INFO ] 🔬 Evaluating...
[ 2026-03-28 12:12:53 | node_27 | INFO ] 🤫 Gossip finished.
[ 2026-03-28 12:12:53 | node_27 | INFO ] 🔬 Evaluating...
[ 2026-03-28 12:12:53 | node_11 | INFO ] 🤫 Gossip finished.
[ 2026-03-28 12:12:53 | node_28 | INFO ] 🤫 Gossip finished.
[ 2026-03-28 12:12:53 | node_12 | INFO ] 🤫 Gossip finished.
[ 2026-03-28 12:12:53 | node_28 | INFO ] 🔬 Evaluating...
[ 2026-03-28 12:12:53 | node_11 | INFO ] 🔬 Evaluating...
[ 2026-03-28 12:12:53 | node_12 | INFO ] 🔬 Evaluating...
[ 2026-03-28 12:12:53 | node_13 | INFO ] 🤫 Gossip finished.
[ 2026-03-28 12:12:53 | node_13 | INFO ] 🔬 Evaluating...
[ 2026-03-28 12:12:53 | node_29 | INFO ] 🤫 Gossip finished.
[ 2026-03-28 12:12:53 | node_14 | INFO ] 🤫 Gossip finished.
[ 2026-03-28 12:12:53 | node_29 | INFO ] 🔬 Evaluating...
[ 2026-03-28 12:12:53 | node_30 | INFO ] 🤫 Gossip finished.
[ 2026-03-28 12:12:53 | node_14 | INFO ] 🔬 Evaluating...
[ 2026-03-28 12:12:53 | node_15 | INFO ] 🤫 Gossip finished.
[ 2026-03-28 12:12:53 | node_31 | INFO ] 🤫 Gossip finished.
[ 2026-03-28 12:12:53 | node_30 | INFO ] 🔬 Evaluating...
[ 2026-03-28 12:12:53 | node_16 | INFO ] 🤫 Gossip finished.
[ 2026-03-28 12:12:53 | node_31 | INFO ] 🔬 Evaluating...
[ 2026-03-28 12:12:53 | node_15 | INFO ] 🔬 Evaluating...
[ 2026-03-28 12:12:53 | node_16 | INFO ] 🔬 Evaluating...
[ 2026-03-28 12:12:53 | node_46 | INFO ] 🤫 Gossip finished.
[ 2026-03-28 12:12:53 | node_32 | INFO ] 🤫 Gossip finished.
[ 2026-03-28 12:12:53 | node_18 | INFO ] 🤫 Gossip finished.
[ 2026-03-28 12:12:53 | node_17 | INFO ] 🤫 Gossip finished.
[ 2026-03-28 12:12:53 | node_46 | INFO ] 🔬 Evaluating...
[ 2026-03-28 12:12:53 | node_33 | INFO ] 🤫 Gossip finished.
[ 2026-03-28 12:12:54 | node_32 | INFO ] 🔬 Evaluating...
[ 2026-03-28 12:12:54 | node_19 | INFO ] 🤫 Gossip finished.
[ 2026-03-28 12:12:54 | node_34 | INFO ] 🤫 Gossip finished.
[ 2026-03-28 12:12:54 | node_18 | INFO ] 🔬 Evaluating...
[ 2026-03-28 12:12:54 | node_17 | INFO ] 🔬 Evaluating...
[ 2026-03-28 12:12:54 | node_20 | INFO ] 🤫 Gossip finished.
[ 2026-03-28 12:12:54 | node_33 | INFO ] 🔬 Evaluating...
[ 2026-03-28 12:12:54 | node_35 | INFO ] 🤫 Gossip finished.
[ 2026-03-28 12:12:54 | node_21 | INFO ] 🤫 Gossip finished.
[ 2026-03-28 12:12:54 | node_3 | INFO ] 🤫 Gossip finished.
[ 2026-03-28 12:12:54 | node_19 | INFO ] 🔬 Evaluating...
[ 2026-03-28 12:12:54 | node_34 | INFO ] 🔬 Evaluating...
[ 2026-03-28 12:12:54 | node_36 | INFO ] 🤫 Gossip finished.
[ 2026-03-28 12:12:54 | node_22 | INFO ] 🤫 Gossip finished.
[ 2026-03-28 12:12:54 | node_35 | INFO ] 🔬 Evaluating...
[ 2026-03-28 12:12:54 | node_20 | INFO ] 🔬 Evaluating...
[ 2026-03-28 12:12:54 | node_21 | INFO ] 🔬 Evaluating...
[ 2026-03-28 12:12:54 | node_3 | INFO ] 🔬 Evaluating...
[ 2026-03-28 12:12:54 | node_36 | INFO ] 🔬 Evaluating...
[ 2026-03-28 12:12:54 | node_22 | INFO ] 🔬 Evaluating...
[ 2026-03-28 12:12:54 | node_37 | INFO ] 🤫 Gossip finished.
[ 2026-03-28 12:12:54 | node | INFO ] 🗣️ Gossiping aggregated model.
[ 2026-03-28 12:12:54 | node_40 | INFO ] 🤫 Gossip finished.
[ 2026-03-28 12:12:54 | node_39 | INFO ] 🤫 Gossip finished.
[ 2026-03-28 12:12:54 | node_38 | INFO ] 🤫 Gossip finished.
[ 2026-03-28 12:12:54 | node_37 | INFO ] 🔬 Evaluating...
[ 2026-03-28 12:12:54 | node | INFO ] 🤫 Gossip finished.
[ 2026-03-28 12:12:54 | node_39 | INFO ] 🔬 Evaluating...
[ 2026-03-28 12:12:54 | node_40 | INFO ] 🔬 Evaluating...
[ 2026-03-28 12:12:54 | node_38 | INFO ] 🔬 Evaluating...
[ 2026-03-28 12:12:54 | node | INFO ] 🔬 Evaluating...
[ 2026-03-28 12:12:54 | node_41 | INFO ] 🤫 Gossip finished.
[ 2026-03-28 12:12:54 | node_41 | INFO ] 🔬 Evaluating...
[ 2026-03-28 12:12:54 | node_42 | INFO ] 🤫 Gossip finished.
[ 2026-03-28 12:12:54 | node_42 | INFO ] 🔬 Evaluating...
[ 2026-03-28 12:12:54 | node_43 | INFO ] 🤫 Gossip finished.
[ 2026-03-28 12:12:54 | node_43 | INFO ] 🔬 Evaluating...
[ 2026-03-28 12:12:54 | node_44 | INFO ] 🤫 Gossip finished.
[ 2026-03-28 12:12:54 | node_44 | INFO ] 🔬 Evaluating...
[ 2026-03-28 12:12:55 | node_45 | INFO ] 🤫 Gossip finished.
[ 2026-03-28 12:12:55 | node_45 | INFO ] 🔬 Evaluating...
[ 2026-03-28 12:12:55 | node_47 | INFO ] 🤫 Gossip finished.
[ 2026-03-28 12:12:55 | node_47 | INFO ] 🔬 Evaluating...
[ 2026-03-28 12:12:55 | node_48 | INFO ] 🤫 Gossip finished.
[ 2026-03-28 12:12:55 | node_49 | INFO ] 🤫 Gossip finished.
[ 2026-03-28 12:12:55 | node_48 | INFO ] 🔬 Evaluating...
[ 2026-03-28 12:12:55 | node_49 | INFO ] 🔬 Evaluating...
[ 2026-03-28 12:12:56 | node_2 | INFO ] 📈 Evaluated. Results: {'test_loss': 0.004614084027707577, 'test_accuracy': 0.9935222864151001, 'test_precision': 0.32629069685935974, 'test_recall': 0.5623890161514282, 'test_f1': 0.40200597047805786, 'communication_cost': 182472}
[ 2026-03-28 12:12:56 | node_2 | INFO ] 📢 Broadcasting metrics.
[ 2026-03-28 12:12:56 | node_2 | INFO ] 🎉 Round 146 of 150 finished.
[ 2026-03-28 12:12:56 | node_2 | INFO ] 🗳️ [DETERMINISTIC] Train set assigned (No Voting). Size: 50
[ 2026-03-28 12:12:56 | node_2 | INFO ] 🏋️‍♀️ Preparing training...
[ 2026-03-28 12:12:57 | node_8 | INFO ] 📈 Evaluated. Results: {'test_loss': 0.004028687719255686, 'test_accuracy': 0.9944219589233398, 'test_precision': 0.3385823369026184, 'test_recall': 0.5671457648277283, 'test_f1': 0.4213642179965973, 'communication_cost': 182472}
[ 2026-03-28 12:12:57 | node_8 | INFO ] 📢 Broadcasting metrics.
[ 2026-03-28 12:12:57 | node_23 | INFO ] 📈 Evaluated. Results: {'test_loss': 0.004633599426597357, 'test_accuracy': 0.9927119016647339, 'test_precision': 0.3360041379928589, 'test_recall': 0.5727253556251526, 'test_f1': 0.402356892824173, 'communication_cost': 182472}
[ 2026-03-28 12:12:57 | node_23 | INFO ] 📢 Broadcasting metrics.
[ 2026-03-28 12:12:57 | node_12 | INFO ] 📈 Evaluated. Results: {'test_loss': 0.0036201304756104946, 'test_accuracy': 0.9949617385864258, 'test_precision': 0.4006882607936859, 'test_recall': 0.6705584526062012, 'test_f1': 0.4838208258152008, 'communication_cost': 182472}
[ 2026-03-28 12:12:57 | node_12 | INFO ] 📢 Broadcasting metrics.
[ 2026-03-28 12:12:57 | node_8 | INFO ] 🎉 Round 146 of 150 finished.
[ 2026-03-28 12:12:57 | node_8 | INFO ] 🗳️ [DETERMINISTIC] Train set assigned (No Voting). Size: 50
[ 2026-03-28 12:12:57 | node_23 | INFO ] 🎉 Round 146 of 150 finished.
[ 2026-03-28 12:12:57 | node_4 | INFO ] 📈 Evaluated. Results: {'test_loss': 0.0036141760647296906, 'test_accuracy': 0.9931623935699463, 'test_precision': 0.27864959836006165, 'test_recall': 0.5141968131065369, 'test_f1': 0.3592562675476074, 'communication_cost': 182472}
[ 2026-03-28 12:12:57 | node_23 | INFO ] 🗳️ [DETERMINISTIC] Train set assigned (No Voting). Size: 50
[ 2026-03-28 12:12:57 | node_4 | INFO ] 📢 Broadcasting metrics.
[ 2026-03-28 12:12:57 | node_8 | INFO ] 🏋️‍♀️ Preparing training...
[ 2026-03-28 12:12:57 | node_23 | INFO ] 🏋️‍♀️ Preparing training...
[ 2026-03-28 12:12:57 | node_12 | INFO ] 🎉 Round 146 of 150 finished.
[ 2026-03-28 12:12:58 | node_12 | INFO ] 🗳️ [DETERMINISTIC] Train set assigned (No Voting). Size: 50
[ 2026-03-28 12:12:58 | node_4 | INFO ] 🎉 Round 146 of 150 finished.
[ 2026-03-28 12:12:58 | node_12 | INFO ] 🏋️‍♀️ Preparing training...
[ 2026-03-28 12:12:58 | node_5 | INFO ] 📈 Evaluated. Results: {'test_loss': 0.00715299928560853, 'test_accuracy': 0.991093099117279, 'test_precision': 0.21299751102924347, 'test_recall': 0.3820559084415436, 'test_f1': 0.26292797923088074, 'communication_cost': 182472}
[ 2026-03-28 12:12:58 | node_4 | INFO ] 🗳️ [DETERMINISTIC] Train set assigned (No Voting). Size: 50
[ 2026-03-28 12:12:58 | node_5 | INFO ] 📢 Broadcasting metrics.
[ 2026-03-28 12:12:58 | node_4 | INFO ] 🏋️‍♀️ Preparing training...
[ 2026-03-28 12:12:58 | node_7 | INFO ] 📈 Evaluated. Results: {'test_loss': 0.005509776994585991, 'test_accuracy': 0.9935222864151001, 'test_precision': 0.35879796743392944, 'test_recall': 0.5268014669418335, 'test_f1': 0.4169585406780243, 'communication_cost': 182472}
[ 2026-03-28 12:12:58 | node_7 | INFO ] 📢 Broadcasting metrics.
[ 2026-03-28 12:12:58 | node_6 | INFO ] 📈 Evaluated. Results: {'test_loss': 0.003698822343721986, 'test_accuracy': 0.9941520690917969, 'test_precision': 0.238345667719841, 'test_recall': 0.47906431555747986, 'test_f1': 0.31674906611442566, 'communication_cost': 182472}
[ 2026-03-28 12:12:58 | node_24 | INFO ] 📈 Evaluated. Results: {'test_loss': 0.003674190491437912, 'test_accuracy': 0.9953212141990662, 'test_precision': 0.33947744965553284, 'test_recall': 0.5084019899368286, 'test_f1': 0.4016062319278717, 'communication_cost': 182472}
[ 2026-03-28 12:12:58 | node_6 | INFO ] 📢 Broadcasting metrics.
[ 2026-03-28 12:12:58 | node_5 | INFO ] 🎉 Round 146 of 150 finished.
[ 2026-03-28 12:12:58 | node_24 | INFO ] 📢 Broadcasting metrics.
[ 2026-03-28 12:12:58 | node_5 | INFO ] 🗳️ [DETERMINISTIC] Train set assigned (No Voting). Size: 50
[ 2026-03-28 12:12:58 | node_5 | INFO ] 🏋️‍♀️ Preparing training...
[ 2026-03-28 12:12:58 | node_7 | INFO ] 🎉 Round 146 of 150 finished.
[ 2026-03-28 12:12:58 | node_7 | INFO ] 🗳️ [DETERMINISTIC] Train set assigned (No Voting). Size: 50
[ 2026-03-28 12:12:58 | node_6 | INFO ] 🎉 Round 146 of 150 finished.
[ 2026-03-28 12:12:58 | node_24 | INFO ] 🎉 Round 146 of 150 finished.
[ 2026-03-28 12:12:58 | node_6 | INFO ] 🗳️ [DETERMINISTIC] Train set assigned (No Voting). Size: 50
[ 2026-03-28 12:12:58 | node_7 | INFO ] 🏋️‍♀️ Preparing training...
[ 2026-03-28 12:12:58 | node_24 | INFO ] 🗳️ [DETERMINISTIC] Train set assigned (No Voting). Size: 50
[ 2026-03-28 12:12:58 | node_6 | INFO ] 🏋️‍♀️ Preparing training...
[ 2026-03-28 12:12:58 | node_24 | INFO ] 🏋️‍♀️ Preparing training...
[ 2026-03-28 12:12:58 | node_28 | INFO ] 📈 Evaluated. Results: {'test_loss': 0.005406894255429506, 'test_accuracy': 0.9918121099472046, 'test_precision': 0.277290940284729, 'test_recall': 0.49292781949043274, 'test_f1': 0.3494565784931183, 'communication_cost': 182472}
[ 2026-03-28 12:12:58 | node_28 | INFO ] 📢 Broadcasting metrics.
[ 2026-03-28 12:12:59 | node_28 | INFO ] 🎉 Round 146 of 150 finished.
[ 2026-03-28 12:12:59 | node_28 | INFO ] 🗳️ [DETERMINISTIC] Train set assigned (No Voting). Size: 50
[ 2026-03-28 12:12:59 | node_28 | INFO ] 🏋️‍♀️ Preparing training...
[ 2026-03-28 12:12:59 | node_44 | INFO ] 📈 Evaluated. Results: {'test_loss': 0.005370046477764845, 'test_accuracy': 0.9918121099472046, 'test_precision': 0.2669924795627594, 'test_recall': 0.5278204083442688, 'test_f1': 0.34636473655700684, 'communication_cost': 182472}
[ 2026-03-28 12:12:59 | node_44 | INFO ] 📢 Broadcasting metrics.
[ 2026-03-28 12:12:59 | node_33 | INFO ] 📈 Evaluated. Results: {'test_loss': 0.00494820810854435, 'test_accuracy': 0.9949613213539124, 'test_precision': 0.40596890449523926, 'test_recall': 0.5057543516159058, 'test_f1': 0.42874476313591003, 'communication_cost': 182472}
[ 2026-03-28 12:12:59 | node_33 | INFO ] 📢 Broadcasting metrics.
[ 2026-03-28 12:12:59 | node_35 | INFO ] 📈 Evaluated. Results: {'test_loss': 0.0038183622527867556, 'test_accuracy': 0.9922620058059692, 'test_precision': 0.34437447786331177, 'test_recall': 0.6976941823959351, 'test_f1': 0.45691266655921936, 'communication_cost': 182472}
[ 2026-03-28 12:12:59 | node_44 | INFO ] 🎉 Round 146 of 150 finished.
[ 2026-03-28 12:12:59 | node_35 | INFO ] 📢 Broadcasting metrics.
[ 2026-03-28 12:12:59 | node_25 | INFO ] 📈 Evaluated. Results: {'test_loss': 0.003978516440838575, 'test_accuracy': 0.99424147605896, 'test_precision': 0.3355697989463806, 'test_recall': 0.6065414547920227, 'test_f1': 0.4302974343299866, 'communication_cost': 182472}
[ 2026-03-28 12:12:59 | node_44 | INFO ] 🗳️ [DETERMINISTIC] Train set assigned (No Voting). Size: 50
[ 2026-03-28 12:12:59 | node_25 | INFO ] 📢 Broadcasting metrics.
[ 2026-03-28 12:12:59 | node_44 | INFO ] 🏋️‍♀️ Preparing training...
[ 2026-03-28 12:12:59 | node_33 | INFO ] 🎉 Round 146 of 150 finished.
[ 2026-03-28 12:12:59 | node_35 | INFO ] 🎉 Round 146 of 150 finished.
[ 2026-03-28 12:12:59 | node_33 | INFO ] 🗳️ [DETERMINISTIC] Train set assigned (No Voting). Size: 50
[ 2026-03-28 12:12:59 | node_35 | INFO ] 🗳️ [DETERMINISTIC] Train set assigned (No Voting). Size: 50
[ 2026-03-28 12:12:59 | node_25 | INFO ] 🎉 Round 146 of 150 finished.
[ 2026-03-28 12:12:59 | node_33 | INFO ] 🏋️‍♀️ Preparing training...
[ 2026-03-28 12:12:59 | node_35 | INFO ] 🏋️‍♀️ Preparing training...
[ 2026-03-28 12:12:59 | node_25 | INFO ] 🗳️ [DETERMINISTIC] Train set assigned (No Voting). Size: 50
[ 2026-03-28 12:12:59 | node_30 | INFO ] 📈 Evaluated. Results: {'test_loss': 0.004393685609102249, 'test_accuracy': 0.99424147605896, 'test_precision': 0.27035143971443176, 'test_recall': 0.40049588680267334, 'test_f1': 0.31008821725845337, 'communication_cost': 182472}
[ 2026-03-28 12:12:59 | node_30 | INFO ] 📢 Broadcasting metrics.
[ 2026-03-28 12:12:59 | node_25 | INFO ] 🏋️‍♀️ Preparing training...
[ 2026-03-28 12:12:59 | node_10 | INFO ] 📈 Evaluated. Results: {'test_loss': 0.0036701762583106756, 'test_accuracy': 0.9932523369789124, 'test_precision': 0.2572433352470398, 'test_recall': 0.5398730635643005, 'test_f1': 0.33865708112716675, 'communication_cost': 182472}
[ 2026-03-28 12:12:59 | node_10 | INFO ] 📢 Broadcasting metrics.
[ 2026-03-28 12:12:59 | node_18 | INFO ] 📈 Evaluated. Results: {'test_loss': 0.004444250836968422, 'test_accuracy': 0.9944219589233398, 'test_precision': 0.3541129529476166, 'test_recall': 0.6443310379981995, 'test_f1': 0.4430162012577057, 'communication_cost': 182472}
[ 2026-03-28 12:12:59 | node_18 | INFO ] 📢 Broadcasting metrics.
[ 2026-03-28 12:12:59 | node_46 | INFO ] 📈 Evaluated. Results: {'test_loss': 0.0040658204816281796, 'test_accuracy': 0.9944214224815369, 'test_precision': 0.3555455803871155, 'test_recall': 0.6376978754997253, 'test_f1': 0.45185387134552, 'communication_cost': 182472}
[ 2026-03-28 12:12:59 | node_46 | INFO ] 📢 Broadcasting metrics.
[ 2026-03-28 12:12:59 | node | INFO ] 📈 Evaluated. Results: {'test_loss': 0.0043558040633797646, 'test_accuracy': 0.9935222864151001, 'test_precision': 0.3239481747150421, 'test_recall': 0.5687709450721741, 'test_f1': 0.4068187475204468, 'communication_cost': 8941128}
[ 2026-03-28 12:12:59 | node_30 | INFO ] 🎉 Round 146 of 150 finished.
[ 2026-03-28 12:12:59 | node | INFO ] 📢 Broadcasting metrics.
[ 2026-03-28 12:12:59 | node_14 | INFO ] 📈 Evaluated. Results: {'test_loss': 0.0030147316865622997, 'test_accuracy': 0.994331955909729, 'test_precision': 0.2978120744228363, 'test_recall': 0.651053249835968, 'test_f1': 0.3712880611419678, 'communication_cost': 182472}
[ 2026-03-28 12:12:59 | node_29 | INFO ] 📈 Evaluated. Results: {'test_loss': 0.004743319004774094, 'test_accuracy': 0.9924419522285461, 'test_precision': 0.2516497075557709, 'test_recall': 0.5571885704994202, 'test_f1': 0.33781400322914124, 'communication_cost': 182472}
[ 2026-03-28 12:12:59 | node_30 | INFO ] 🗳️ [DETERMINISTIC] Train set assigned (No Voting). Size: 50
[ 2026-03-28 12:12:59 | node_14 | INFO ] 📢 Broadcasting metrics.
[ 2026-03-28 12:12:59 | node_29 | INFO ] 📢 Broadcasting metrics.
[ 2026-03-28 12:13:00 | node_30 | INFO ] 🏋️‍♀️ Preparing training...
[ 2026-03-28 12:13:00 | node_10 | INFO ] 🎉 Round 146 of 150 finished.
[ 2026-03-28 12:13:00 | node_26 | INFO ] 📈 Evaluated. Results: {'test_loss': 0.003970053046941757, 'test_accuracy': 0.9905524849891663, 'test_precision': 0.1613890528678894, 'test_recall': 0.4939497709274292, 'test_f1': 0.23755939304828644, 'communication_cost': 182472}
[ 2026-03-28 12:13:00 | node_26 | INFO ] 📢 Broadcasting metrics.
[ 2026-03-28 12:13:00 | node_10 | INFO ] 🗳️ [DETERMINISTIC] Train set assigned (No Voting). Size: 50
[ 2026-03-28 12:13:00 | node_19 | INFO ] 📈 Evaluated. Results: {'test_loss': 0.002332336036488414, 'test_accuracy': 0.9949613213539124, 'test_precision': 0.26597630977630615, 'test_recall': 0.5700318217277527, 'test_f1': 0.3511938154697418, 'communication_cost': 182472}
[ 2026-03-28 12:13:00 | node_18 | INFO ] 🎉 Round 146 of 150 finished.
[ 2026-03-28 12:13:00 | node_19 | INFO ] 📢 Broadcasting metrics.
[ 2026-03-28 12:13:00 | node_11 | INFO ] 📈 Evaluated. Results: {'test_loss': 0.005836618598550558, 'test_accuracy': 0.9942420125007629, 'test_precision': 0.36206427216529846, 'test_recall': 0.4915691316127777, 'test_f1': 0.40870898962020874, 'communication_cost': 182472}
[ 2026-03-28 12:13:00 | node_10 | INFO ] 🏋️‍♀️ Preparing training...
[ 2026-03-28 12:13:00 | node_46 | INFO ] 🎉 Round 146 of 150 finished.
[ 2026-03-28 12:13:00 | node_11 | INFO ] 📢 Broadcasting metrics.
[ 2026-03-28 12:13:00 | node_9 | INFO ] 📈 Evaluated. Results: {'test_loss': 0.005810135509818792, 'test_accuracy': 0.9921727180480957, 'test_precision': 0.2788017690181732, 'test_recall': 0.4083632528781891, 'test_f1': 0.3207390606403351, 'communication_cost': 182472}
[ 2026-03-28 12:13:00 | node_18 | INFO ] 🗳️ [DETERMINISTIC] Train set assigned (No Voting). Size: 50
[ 2026-03-28 12:13:00 | node_46 | INFO ] 🗳️ [DETERMINISTIC] Train set assigned (No Voting). Size: 50
[ 2026-03-28 12:13:00 | node_9 | INFO ] 📢 Broadcasting metrics.
[ 2026-03-28 12:13:00 | node_1 | INFO ] 📈 Evaluated. Results: {'test_loss': 0.004757666029036045, 'test_accuracy': 0.9935222864151001, 'test_precision': 0.21370695531368256, 'test_recall': 0.34694141149520874, 'test_f1': 0.2528005838394165, 'communication_cost': 182472}
[ 2026-03-28 12:13:01 | node_14 | INFO ] 🎉 Round 146 of 150 finished.
[ 2026-03-28 12:13:01 | node_31 | INFO ] 📈 Evaluated. Results: {'test_loss': 0.0029868665151298046, 'test_accuracy': 0.9950512647628784, 'test_precision': 0.36845582723617554, 'test_recall': 0.617527425289154, 'test_f1': 0.4552397131919861, 'communication_cost': 182472}
[ 2026-03-28 12:13:01 | node_16 | INFO ] 📈 Evaluated. Results: {'test_loss': 0.00454296451061964, 'test_accuracy': 0.9933423399925232, 'test_precision': 0.33185842633247375, 'test_recall': 0.5534811615943909, 'test_f1': 0.4000304341316223, 'communication_cost': 182472}
[ 2026-03-28 12:13:01 | node_15 | INFO ] 📈 Evaluated. Results: {'test_loss': 0.0035211045760661364, 'test_accuracy': 0.9918128848075867, 'test_precision': 0.2183828055858612, 'test_recall': 0.5975505113601685, 'test_f1': 0.3097304701805115, 'communication_cost': 182472}
[ 2026-03-28 12:13:01 | node_29 | INFO ] 🎉 Round 146 of 150 finished.
[ 2026-03-28 12:13:01 | node_1 | INFO ] 📢 Broadcasting metrics.
[ 2026-03-28 12:13:01 | node_31 | INFO ] 📢 Broadcasting metrics.
[ 2026-03-28 12:13:01 | node_15 | INFO ] 📢 Broadcasting metrics.
[ 2026-03-28 12:13:01 | node_18 | INFO ] 🏋️‍♀️ Preparing training...
[ 2026-03-28 12:13:01 | node_16 | INFO ] 📢 Broadcasting metrics.
[ 2026-03-28 12:13:01 | node_14 | INFO ] 🗳️ [DETERMINISTIC] Train set assigned (No Voting). Size: 50
[ 2026-03-28 12:13:01 | node_34 | INFO ] 📈 Evaluated. Results: {'test_loss': 0.005361550487577915, 'test_accuracy': 0.9928018450737, 'test_precision': 0.24196846783161163, 'test_recall': 0.5926470160484314, 'test_f1': 0.3287695646286011, 'communication_cost': 182472}
[ 2026-03-28 12:13:01 | node_41 | INFO ] 📈 Evaluated. Results: {'test_loss': 0.004869848024100065, 'test_accuracy': 0.9932517409324646, 'test_precision': 0.3009974956512451, 'test_recall': 0.5267459154129028, 'test_f1': 0.3822338581085205, 'communication_cost': 182472}
[ 2026-03-28 12:13:01 | node_17 | INFO ] 📈 Evaluated. Results: {'test_loss': 0.004347691312432289, 'test_accuracy': 0.9916329383850098, 'test_precision': 0.2600698471069336, 'test_recall': 0.5508489608764648, 'test_f1': 0.35055455565452576, 'communication_cost': 182472}
[ 2026-03-28 12:13:01 | node_13 | INFO ] 📈 Evaluated. Results: {'test_loss': 0.005217353813350201, 'test_accuracy': 0.9942420125007629, 'test_precision': 0.3527038097381592, 'test_recall': 0.5376878380775452, 'test_f1': 0.406822144985199, 'communication_cost': 182472}
[ 2026-03-28 12:13:01 | node_27 | INFO ] 📈 Evaluated. Results: {'test_loss': 0.003777937265112996, 'test_accuracy': 0.992621898651123, 'test_precision': 0.2817641496658325, 'test_recall': 0.5776936411857605, 'test_f1': 0.37790152430534363, 'communication_cost': 182472}
[ 2026-03-28 12:13:01 | node_22 | INFO ] 📈 Evaluated. Results: {'test_loss': 0.003432429628446698, 'test_accuracy': 0.9915422201156616, 'test_precision': 0.2699074149131775, 'test_recall': 0.6320616602897644, 'test_f1': 0.3699253797531128, 'communication_cost': 182472}
[ 2026-03-28 12:13:01 | node_46 | INFO ] 🏋️‍♀️ Preparing training...
[ 2026-03-28 12:13:01 | node_29 | INFO ] 🗳️ [DETERMINISTIC] Train set assigned (No Voting). Size: 50
[ 2026-03-28 12:13:01 | node_20 | INFO ] 📈 Evaluated. Results: {'test_loss': 0.0036328164860606194, 'test_accuracy': 0.99424147605896, 'test_precision': 0.3466958701610565, 'test_recall': 0.649929940700531, 'test_f1': 0.4464638829231262, 'communication_cost': 182472}
[ 2026-03-28 12:13:01 | node_34 | INFO ] 📢 Broadcasting metrics.
[ 2026-03-28 12:13:01 | node_17 | INFO ] 📢 Broadcasting metrics.
[ 2026-03-28 12:13:01 | node_41 | INFO ] 📢 Broadcasting metrics.
[ 2026-03-28 12:13:01 | node_13 | INFO ] 📢 Broadcasting metrics.
[ 2026-03-28 12:13:01 | node_26 | INFO ] 🎉 Round 146 of 150 finished.
[ 2026-03-28 12:13:01 | node_27 | INFO ] 📢 Broadcasting metrics.
[ 2026-03-28 12:13:01 | node_22 | INFO ] 📢 Broadcasting metrics.
[ 2026-03-28 12:13:01 | node_39 | INFO ] 📈 Evaluated. Results: {'test_loss': 0.005184859503060579, 'test_accuracy': 0.9937916398048401, 'test_precision': 0.33983704447746277, 'test_recall': 0.5549263954162598, 'test_f1': 0.41384977102279663, 'communication_cost': 182472}
[ 2026-03-28 12:13:01 | node_20 | INFO ] 📢 Broadcasting metrics.
[ 2026-03-28 12:13:01 | node_39 | INFO ] 📢 Broadcasting metrics.
[ 2026-03-28 12:13:01 | node_32 | INFO ] 📈 Evaluated. Results: {'test_loss': 0.005033970344811678, 'test_accuracy': 0.9922620058059692, 'test_precision': 0.3089925944805145, 'test_recall': 0.6072743535041809, 'test_f1': 0.39659154415130615, 'communication_cost': 182472}
[ 2026-03-28 12:13:01 | node_40 | INFO ] 📈 Evaluated. Results: {'test_loss': 0.004526381380856037, 'test_accuracy': 0.9918121099472046, 'test_precision': 0.21206049621105194, 'test_recall': 0.4111383557319641, 'test_f1': 0.2776572108268738, 'communication_cost': 182472}
[ 2026-03-28 12:13:01 | node_14 | INFO ] 🏋️‍♀️ Preparing training...
[ 2026-03-28 12:13:01 | node_26 | INFO ] 🗳️ [DETERMINISTIC] Train set assigned (No Voting). Size: 50
[ 2026-03-28 12:13:01 | node_38 | INFO ] 📈 Evaluated. Results: {'test_loss': 0.0031793874222785234, 'test_accuracy': 0.9932517409324646, 'test_precision': 0.2583513855934143, 'test_recall': 0.5328221917152405, 'test_f1': 0.3311842978000641, 'communication_cost': 182472}
[ 2026-03-28 12:13:01 | node_29 | INFO ] 🏋️‍♀️ Preparing training...
[ 2026-03-28 12:13:01 | node_32 | INFO ] 📢 Broadcasting metrics.
[ 2026-03-28 12:13:01 | node_49 | INFO ] 📈 Evaluated. Results: {'test_loss': 0.004972364753484726, 'test_accuracy': 0.9938815832138062, 'test_precision': 0.4029325544834137, 'test_recall': 0.538080096244812, 'test_f1': 0.449263334274292, 'communication_cost': 182472}
[ 2026-03-28 12:13:01 | node_47 | INFO ] 📈 Evaluated. Results: {'test_loss': 0.0038466749247163534, 'test_accuracy': 0.9927119016647339, 'test_precision': 0.2965230643749237, 'test_recall': 0.5185360908508301, 'test_f1': 0.35689759254455566, 'communication_cost': 182472}
[ 2026-03-28 12:13:01 | node_37 | INFO ] 📈 Evaluated. Results: {'test_loss': 0.00579861318692565, 'test_accuracy': 0.9946014285087585, 'test_precision': 0.30988654494285583, 'test_recall': 0.36179593205451965, 'test_f1': 0.3232063949108124, 'communication_cost': 182472}
[ 2026-03-28 12:13:01 | node_40 | INFO ] 📢 Broadcasting metrics.
[ 2026-03-28 12:13:01 | node_38 | INFO ] 📢 Broadcasting metrics.
[ 2026-03-28 12:13:01 | node_21 | INFO ] 📈 Evaluated. Results: {'test_loss': 0.00605052663013339, 'test_accuracy': 0.9909123778343201, 'test_precision': 0.18295222520828247, 'test_recall': 0.44168058037757874, 'test_f1': 0.25201526284217834, 'communication_cost': 182472}
[ 2026-03-28 12:13:01 | node_19 | INFO ] 🎉 Round 146 of 150 finished.
[ 2026-03-28 12:13:01 | node_3 | INFO ] 📈 Evaluated. Results: {'test_loss': 0.005055604036897421, 'test_accuracy': 0.9920827746391296, 'test_precision': 0.2813601791858673, 'test_recall': 0.5552062392234802, 'test_f1': 0.36239275336265564, 'communication_cost': 182472}
[ 2026-03-28 12:13:01 | node_49 | INFO ] 📢 Broadcasting metrics.
[ 2026-03-28 12:13:01 | node_47 | INFO ] 📢 Broadcasting metrics.
[ 2026-03-28 12:13:01 | node_45 | INFO ] 📈 Evaluated. Results: {'test_loss': 0.004976686555892229, 'test_accuracy': 0.9937016367912292, 'test_precision': 0.24306367337703705, 'test_recall': 0.3674473166465759, 'test_f1': 0.2853824198246002, 'communication_cost': 182472}
[ 2026-03-28 12:13:01 | node_37 | INFO ] 📢 Broadcasting metrics.
[ 2026-03-28 12:13:01 | node_21 | INFO ] 📢 Broadcasting metrics.
[ 2026-03-28 12:13:01 | node_3 | INFO ] 📢 Broadcasting metrics.
[ 2026-03-28 12:13:01 | node_43 | INFO ] 📈 Evaluated. Results: {'test_loss': 0.004353042226284742, 'test_accuracy': 0.9945114254951477, 'test_precision': 0.3176814019680023, 'test_recall': 0.4438965916633606, 'test_f1': 0.3409837782382965, 'communication_cost': 182472}
[ 2026-03-28 12:13:01 | node_26 | INFO ] 🏋️‍♀️ Preparing training...
[ 2026-03-28 12:13:01 | node_11 | INFO ] 🎉 Round 146 of 150 finished.
[ 2026-03-28 12:13:01 | node_45 | INFO ] 📢 Broadcasting metrics.
[ 2026-03-28 12:13:01 | node_42 | INFO ] 📈 Evaluated. Results: {'test_loss': 0.004208840429782867, 'test_accuracy': 0.9948713183403015, 'test_precision': 0.45792219042778015, 'test_recall': 0.6281319856643677, 'test_f1': 0.5177323222160339, 'communication_cost': 182472}
[ 2026-03-28 12:13:01 | node_19 | INFO ] 🗳️ [DETERMINISTIC] Train set assigned (No Voting). Size: 50
[ 2026-03-28 12:13:01 | node_43 | INFO ] 📢 Broadcasting metrics.
[ 2026-03-28 12:13:01 | node_42 | INFO ] 📢 Broadcasting metrics.
[ 2026-03-28 12:13:01 | node_9 | INFO ] 🎉 Round 146 of 150 finished.
[ 2026-03-28 12:13:01 | node_11 | INFO ] 🗳️ [DETERMINISTIC] Train set assigned (No Voting). Size: 50
[ 2026-03-28 12:13:01 | node_1 | INFO ] 🎉 Round 146 of 150 finished.
[ 2026-03-28 12:13:01 | node_19 | INFO ] 🏋️‍♀️ Preparing training...
[ 2026-03-28 12:13:01 | node_31 | INFO ] 🎉 Round 146 of 150 finished.
[ 2026-03-28 12:13:01 | node_15 | INFO ] 🎉 Round 146 of 150 finished.
[ 2026-03-28 12:13:01 | node_16 | INFO ] 🎉 Round 146 of 150 finished.
[ 2026-03-28 12:13:01 | node_9 | INFO ] 🗳️ [DETERMINISTIC] Train set assigned (No Voting). Size: 50
[ 2026-03-28 12:13:01 | node_48 | INFO ] 📈 Evaluated. Results: {'test_loss': 0.004727804102003574, 'test_accuracy': 0.9950512647628784, 'test_precision': 0.43894946575164795, 'test_recall': 0.5773963928222656, 'test_f1': 0.4884757995605469, 'communication_cost': 182472}
[ 2026-03-28 12:13:01 | node_1 | INFO ] 🗳️ [DETERMINISTIC] Train set assigned (No Voting). Size: 50
[ 2026-03-28 12:13:01 | node_13 | INFO ] 🎉 Round 146 of 150 finished.
[ 2026-03-28 12:13:01 | node_41 | INFO ] 🎉 Round 146 of 150 finished.
[ 2026-03-28 12:13:01 | node_48 | INFO ] 📢 Broadcasting metrics.
[ 2026-03-28 12:13:01 | node_11 | INFO ] 🏋️‍♀️ Preparing training...
[ 2026-03-28 12:13:01 | node_34 | INFO ] 🎉 Round 146 of 150 finished.
[ 2026-03-28 12:13:01 | node_27 | INFO ] 🎉 Round 146 of 150 finished.
[ 2026-03-28 12:13:01 | node_22 | INFO ] 🎉 Round 146 of 150 finished.
[ 2026-03-28 12:13:01 | node_17 | INFO ] 🎉 Round 146 of 150 finished.
[ 2026-03-28 12:13:01 | node_31 | INFO ] 🗳️ [DETERMINISTIC] Train set assigned (No Voting). Size: 50
[ 2026-03-28 12:13:01 | node_16 | INFO ] 🗳️ [DETERMINISTIC] Train set assigned (No Voting). Size: 50
[ 2026-03-28 12:13:01 | node_15 | INFO ] 🗳️ [DETERMINISTIC] Train set assigned (No Voting). Size: 50
[ 2026-03-28 12:13:01 | node_20 | INFO ] 🎉 Round 146 of 150 finished.
[ 2026-03-28 12:13:01 | node_39 | INFO ] 🎉 Round 146 of 150 finished.
[ 2026-03-28 12:13:01 | node_9 | INFO ] 🏋️‍♀️ Preparing training...
[ 2026-03-28 12:13:01 | node_36 | INFO ] 📈 Evaluated. Results: {'test_loss': 0.004415471106767654, 'test_accuracy': 0.9918121099472046, 'test_precision': 0.23744139075279236, 'test_recall': 0.5577470064163208, 'test_f1': 0.3175213932991028, 'communication_cost': 182472}
[ 2026-03-28 12:13:01 | node_27 | INFO ] 🗳️ [DETERMINISTIC] Train set assigned (No Voting). Size: 50
[ 2026-03-28 12:13:01 | node_13 | INFO ] 🗳️ [DETERMINISTIC] Train set assigned (No Voting). Size: 50
[ 2026-03-28 12:13:02 | node_41 | INFO ] 🗳️ [DETERMINISTIC] Train set assigned (No Voting). Size: 50
[ 2026-03-28 12:13:02 | node_22 | INFO ] 🗳️ [DETERMINISTIC] Train set assigned (No Voting). Size: 50
[ 2026-03-28 12:13:02 | node_34 | INFO ] 🗳️ [DETERMINISTIC] Train set assigned (No Voting). Size: 50
[ 2026-03-28 12:13:02 | node_32 | INFO ] 🎉 Round 146 of 150 finished.
[ 2026-03-28 12:13:02 | node_17 | INFO ] 🗳️ [DETERMINISTIC] Train set assigned (No Voting). Size: 50
[ 2026-03-28 12:13:02 | node_1 | INFO ] 🏋️‍♀️ Preparing training...
[ 2026-03-28 12:13:02 | node_16 | INFO ] 🏋️‍♀️ Preparing training...
[ 2026-03-28 12:13:02 | node_21 | INFO ] 🎉 Round 146 of 150 finished.
[ 2026-03-28 12:13:02 | node_49 | INFO ] 🎉 Round 146 of 150 finished.
[ 2026-03-28 12:13:02 | node_31 | INFO ] 🏋️‍♀️ Preparing training...
[ 2026-03-28 12:13:02 | node_39 | INFO ] 🗳️ [DETERMINISTIC] Train set assigned (No Voting). Size: 50
[ 2026-03-28 12:13:02 | node_38 | INFO ] 🎉 Round 146 of 150 finished.
[ 2026-03-28 12:13:02 | node_40 | INFO ] 🎉 Round 146 of 150 finished.
[ 2026-03-28 12:13:02 | node_20 | INFO ] 🗳️ [DETERMINISTIC] Train set assigned (No Voting). Size: 50
[ 2026-03-28 12:13:02 | node_27 | INFO ] 🏋️‍♀️ Preparing training...
[ 2026-03-28 12:13:02 | node_47 | INFO ] 🎉 Round 146 of 150 finished.
[ 2026-03-28 12:13:02 | node_15 | INFO ] 🏋️‍♀️ Preparing training...
[ 2026-03-28 12:13:02 | node_34 | INFO ] 🏋️‍♀️ Preparing training...
[ 2026-03-28 12:13:02 | node_13 | INFO ] 🏋️‍♀️ Preparing training...
[ 2026-03-28 12:13:02 | node_49 | INFO ] 🗳️ [DETERMINISTIC] Train set assigned (No Voting). Size: 50
[ 2026-03-28 12:13:02 | node_32 | INFO ] 🗳️ [DETERMINISTIC] Train set assigned (No Voting). Size: 50
[ 2026-03-28 12:13:02 | node_21 | INFO ] 🗳️ [DETERMINISTIC] Train set assigned (No Voting). Size: 50
[ 2026-03-28 12:13:02 | node_41 | INFO ] 🏋️‍♀️ Preparing training...
[ 2026-03-28 12:13:02 | node_3 | INFO ] 🎉 Round 146 of 150 finished.
[ 2026-03-28 12:13:02 | node_38 | INFO ] 🗳️ [DETERMINISTIC] Train set assigned (No Voting). Size: 50
[ 2026-03-28 12:13:02 | node_17 | INFO ] 🏋️‍♀️ Preparing training...
[ 2026-03-28 12:13:02 | node_22 | INFO ] 🏋️‍♀️ Preparing training...
[ 2026-03-28 12:13:02 | node_37 | INFO ] 🎉 Round 146 of 150 finished.
[ 2026-03-28 12:13:02 | node_40 | INFO ] 🗳️ [DETERMINISTIC] Train set assigned (No Voting). Size: 50
[ 2026-03-28 12:13:02 | node_47 | INFO ] 🗳️ [DETERMINISTIC] Train set assigned (No Voting). Size: 50
[ 2026-03-28 12:13:02 | node_20 | INFO ] 🏋️‍♀️ Preparing training...
[ 2026-03-28 12:13:02 | node_45 | INFO ] 🎉 Round 146 of 150 finished.
[ 2026-03-28 12:13:02 | node_21 | INFO ] 🏋️‍♀️ Preparing training...
[ 2026-03-28 12:13:02 | node_37 | INFO ] 🗳️ [DETERMINISTIC] Train set assigned (No Voting). Size: 50
[ 2026-03-28 12:13:02 | node_42 | INFO ] 🎉 Round 146 of 150 finished.
[ 2026-03-28 12:13:02 | node_3 | INFO ] 🗳️ [DETERMINISTIC] Train set assigned (No Voting). Size: 50
[ 2026-03-28 12:13:02 | node_49 | INFO ] 🏋️‍♀️ Preparing training...
[ 2026-03-28 12:13:02 | node_39 | INFO ] 🏋️‍♀️ Preparing training...
[ 2026-03-28 12:13:02 | node_36 | INFO ] 📢 Broadcasting metrics.
[ 2026-03-28 12:13:02 | node_38 | INFO ] 🏋️‍♀️ Preparing training...
[ 2026-03-28 12:13:02 | node_43 | INFO ] 🎉 Round 146 of 150 finished.
[ 2026-03-28 12:13:02 | node_32 | INFO ] 🏋️‍♀️ Preparing training...
[ 2026-03-28 12:13:02 | node_45 | INFO ] 🗳️ [DETERMINISTIC] Train set assigned (No Voting). Size: 50
[ 2026-03-28 12:13:02 | node_42 | INFO ] 🗳️ [DETERMINISTIC] Train set assigned (No Voting). Size: 50
[ 2026-03-28 12:13:02 | node_43 | INFO ] 🗳️ [DETERMINISTIC] Train set assigned (No Voting). Size: 50
[ 2026-03-28 12:13:02 | node_47 | INFO ] 🏋️‍♀️ Preparing training...
[ 2026-03-28 12:13:02 | node_37 | INFO ] 🏋️‍♀️ Preparing training...
[ 2026-03-28 12:13:02 | node_40 | INFO ] 🏋️‍♀️ Preparing training...
[ 2026-03-28 12:13:02 | node_3 | INFO ] 🏋️‍♀️ Preparing training...
[ 2026-03-28 12:13:02 | node_43 | INFO ] 🏋️‍♀️ Preparing training...
[ 2026-03-28 12:13:02 | node_48 | INFO ] 🎉 Round 146 of 150 finished.
[ 2026-03-28 12:13:02 | node_45 | INFO ] 🏋️‍♀️ Preparing training...
[ 2026-03-28 12:13:02 | node_42 | INFO ] 🏋️‍♀️ Preparing training...
[ 2026-03-28 12:13:02 | node_48 | INFO ] 🗳️ [DETERMINISTIC] Train set assigned (No Voting). Size: 50
[ 2026-03-28 12:13:02 | node_36 | INFO ] 🎉 Round 146 of 150 finished.
[ 2026-03-28 12:13:02 | node_48 | INFO ] 🏋️‍♀️ Preparing training...
[ 2026-03-28 12:13:02 | node_36 | INFO ] 🗳️ [DETERMINISTIC] Train set assigned (No Voting). Size: 50
[ 2026-03-28 12:13:02 | node_36 | INFO ] 🏋️‍♀️ Preparing training...
[ 2026-03-28 12:13:05 | node_24 | INFO ] 🎓 Training step done.
[ 2026-03-28 12:13:05 | node_24 | INFO ] 🛠️ Calling force_add_local_model...
[ 2026-03-28 12:13:05 | node_24 | INFO ] ✅ [FORCE] Local model added for round 146. (1/2)
[ 2026-03-28 12:13:08 | node | INFO ] 🎉 Round 146 of 150 finished.
[ 2026-03-28 12:13:08 | node | INFO ] 🗳️ [DETERMINISTIC] Train set assigned (No Voting). Size: 50
[ 2026-03-28 12:13:08 | node | INFO ] 🏋️‍♀️ Preparing training...
[ 2026-03-28 12:13:08 | node_6 | INFO ] 🎓 Training step done.
[ 2026-03-28 12:13:08 | node_6 | INFO ] 🛠️ Calling force_add_local_model...
[ 2026-03-28 12:13:08 | node_6 | INFO ] ✅ [FORCE] Local model added for round 146. (1/2)
[ 2026-03-28 12:13:08 | node_8 | INFO ] 🎓 Training step done.
[ 2026-03-28 12:13:08 | node_8 | INFO ] 🛠️ Calling force_add_local_model...
[ 2026-03-28 12:13:09 | node_8 | INFO ] ✅ [FORCE] Local model added for round 146. (1/2)
[ 2026-03-28 12:13:09 | node_23 | INFO ] 🎓 Training step done.
[ 2026-03-28 12:13:09 | node_23 | INFO ] 🛠️ Calling force_add_local_model...
[ 2026-03-28 12:13:09 | node_23 | INFO ] ✅ [FORCE] Local model added for round 146. (1/2)
[ 2026-03-28 12:13:09 | node_28 | INFO ] 🎓 Training step done.
[ 2026-03-28 12:13:09 | node_28 | INFO ] 🛠️ Calling force_add_local_model...
[ 2026-03-28 12:13:09 | node_28 | INFO ] ✅ [FORCE] Local model added for round 146. (1/2)
[ 2026-03-28 12:13:10 | node_4 | INFO ] 🎓 Training step done.
[ 2026-03-28 12:13:10 | node_2 | INFO ] 🎓 Training step done.
[ 2026-03-28 12:13:10 | node_4 | INFO ] 🛠️ Calling force_add_local_model...
[ 2026-03-28 12:13:10 | node_2 | INFO ] 🛠️ Calling force_add_local_model...
[ 2026-03-28 12:13:10 | node_4 | INFO ] ✅ [FORCE] Local model added for round 146. (1/2)
[ 2026-03-28 12:13:10 | node_2 | INFO ] ✅ [FORCE] Local model added for round 146. (1/2)
[ 2026-03-28 12:13:10 | node_35 | INFO ] 🎓 Training step done.
[ 2026-03-28 12:13:10 | node_35 | INFO ] 🛠️ Calling force_add_local_model...
[ 2026-03-28 12:13:10 | node_35 | INFO ] ✅ [FORCE] Local model added for round 146. (1/2)
[ 2026-03-28 12:13:10 | node_5 | INFO ] 🎓 Training step done.
[ 2026-03-28 12:13:10 | node_5 | INFO ] 🛠️ Calling force_add_local_model...
[ 2026-03-28 12:13:10 | node_5 | INFO ] ✅ [FORCE] Local model added for round 146. (1/2)
[ 2026-03-28 12:13:10 | node_7 | INFO ] 🎓 Training step done.
[ 2026-03-28 12:13:10 | node_7 | INFO ] 🛠️ Calling force_add_local_model...
[ 2026-03-28 12:13:10 | node_7 | INFO ] ✅ [FORCE] Local model added for round 146. (1/2)
[ 2026-03-28 12:13:11 | node_24 | INFO ] 📤 Sending model to 1 direct neighbors: ['node']
[ 2026-03-28 12:13:11 | node | INFO ] 🧩 Model added for round 146 (1/50) from ['node_24']
[ 2026-03-28 12:13:11 | node_12 | INFO ] 🎓 Training step done.
[ 2026-03-28 12:13:11 | node_12 | INFO ] 🛠️ Calling force_add_local_model...
[ 2026-03-28 12:13:11 | node_12 | INFO ] ✅ [FORCE] Local model added for round 146. (1/2)
[ 2026-03-28 12:13:12 | node_30 | INFO ] 🎓 Training step done.
[ 2026-03-28 12:13:12 | node_30 | INFO ] 🛠️ Calling force_add_local_model...
[ 2026-03-28 12:13:12 | node_30 | INFO ] ✅ [FORCE] Local model added for round 146. (1/2)
[ 2026-03-28 12:13:13 | node_29 | INFO ] 🎓 Training step done.
[ 2026-03-28 12:13:13 | node_29 | INFO ] 🛠️ Calling force_add_local_model...
[ 2026-03-28 12:13:13 | node_29 | INFO ] ✅ [FORCE] Local model added for round 146. (1/2)
[ 2026-03-28 12:13:13 | node_6 | INFO ] 📤 Sending model to 1 direct neighbors: ['node']
[ 2026-03-28 12:13:13 | node | INFO ] 🧩 Model added for round 146 (2/50) from ['node_6']
[ 2026-03-28 12:13:14 | node_8 | INFO ] 📤 Sending model to 1 direct neighbors: ['node']
[ 2026-03-28 12:13:14 | node_10 | INFO ] 🎓 Training step done.
[ 2026-03-28 12:13:14 | node_10 | INFO ] 🛠️ Calling force_add_local_model...
[ 2026-03-28 12:13:14 | node | INFO ] 🧩 Model added for round 146 (3/50) from ['node_8']
[ 2026-03-28 12:13:14 | node_10 | INFO ] ✅ [FORCE] Local model added for round 146. (1/2)
[ 2026-03-28 12:13:14 | node_25 | INFO ] 🎓 Training step done.
[ 2026-03-28 12:13:14 | node_44 | INFO ] 🎓 Training step done.
[ 2026-03-28 12:13:14 | node_25 | INFO ] 🛠️ Calling force_add_local_model...
[ 2026-03-28 12:13:14 | node_44 | INFO ] 🛠️ Calling force_add_local_model...
[ 2026-03-28 12:13:14 | node_25 | INFO ] ✅ [FORCE] Local model added for round 146. (1/2)
[ 2026-03-28 12:13:14 | node_44 | INFO ] ✅ [FORCE] Local model added for round 146. (1/2)
[ 2026-03-28 12:13:14 | node_23 | INFO ] 📤 Sending model to 1 direct neighbors: ['node']
[ 2026-03-28 12:13:14 | node | INFO ] 🧩 Model added for round 146 (4/50) from ['node_23']
[ 2026-03-28 12:13:15 | node_37 | INFO ] 🎓 Training step done.
[ 2026-03-28 12:13:15 | node_28 | INFO ] 📤 Sending model to 1 direct neighbors: ['node']
[ 2026-03-28 12:13:15 | node_19 | INFO ] 🎓 Training step done.
[ 2026-03-28 12:13:15 | node_45 | INFO ] 🎓 Training step done.
[ 2026-03-28 12:13:15 | node_37 | INFO ] 🛠️ Calling force_add_local_model...
[ 2026-03-28 12:13:15 | node_19 | INFO ] 🛠️ Calling force_add_local_model...
[ 2026-03-28 12:13:15 | node_45 | INFO ] 🛠️ Calling force_add_local_model...
[ 2026-03-28 12:13:15 | node_22 | INFO ] 🎓 Training step done.
[ 2026-03-28 12:13:15 | node_37 | INFO ] ✅ [FORCE] Local model added for round 146. (1/2)
[ 2026-03-28 12:13:15 | node_19 | INFO ] ✅ [FORCE] Local model added for round 146. (1/2)
[ 2026-03-28 12:13:15 | node_45 | INFO ] ✅ [FORCE] Local model added for round 146. (1/2)
[ 2026-03-28 12:13:15 | node_22 | INFO ] 🛠️ Calling force_add_local_model...
[ 2026-03-28 12:13:15 | node_21 | INFO ] 🎓 Training step done.
[ 2026-03-28 12:13:15 | node_22 | INFO ] ✅ [FORCE] Local model added for round 146. (1/2)
[ 2026-03-28 12:13:15 | node | INFO ] 🧩 Model added for round 146 (5/50) from ['node_28']
[ 2026-03-28 12:13:15 | node_21 | INFO ] 🛠️ Calling force_add_local_model...
[ 2026-03-28 12:13:15 | node_31 | INFO ] 🎓 Training step done.
[ 2026-03-28 12:13:15 | node_21 | INFO ] ✅ [FORCE] Local model added for round 146. (1/2)
[ 2026-03-28 12:13:15 | node_31 | INFO ] 🛠️ Calling force_add_local_model...
[ 2026-03-28 12:13:15 | node_31 | INFO ] ✅ [FORCE] Local model added for round 146. (1/2)
[ 2026-03-28 12:13:15 | node_49 | INFO ] 🎓 Training step done.
[ 2026-03-28 12:13:15 | node_4 | INFO ] 📤 Sending model to 1 direct neighbors: ['node']
[ 2026-03-28 12:13:15 | node_49 | INFO ] 🛠️ Calling force_add_local_model...
[ 2026-03-28 12:13:15 | node_2 | INFO ] 📤 Sending model to 1 direct neighbors: ['node']
[ 2026-03-28 12:13:15 | node_49 | INFO ] ✅ [FORCE] Local model added for round 146. (1/2)
[ 2026-03-28 12:13:15 | node_41 | INFO ] 🎓 Training step done.
[ 2026-03-28 12:13:15 | node_1 | INFO ] 🎓 Training step done.
[ 2026-03-28 12:13:15 | node_41 | INFO ] 🛠️ Calling force_add_local_model...
[ 2026-03-28 12:13:15 | node_35 | INFO ] 📤 Sending model to 1 direct neighbors: ['node']
[ 2026-03-28 12:13:15 | node_11 | INFO ] 🎓 Training step done.
[ 2026-03-28 12:13:15 | node_48 | INFO ] 🎓 Training step done.
[ 2026-03-28 12:13:15 | node_1 | INFO ] 🛠️ Calling force_add_local_model...
[ 2026-03-28 12:13:15 | node_41 | INFO ] ✅ [FORCE] Local model added for round 146. (1/2)
[ 2026-03-28 12:13:15 | node_11 | INFO ] 🛠️ Calling force_add_local_model...
[ 2026-03-28 12:13:15 | node_48 | INFO ] 🛠️ Calling force_add_local_model...
[ 2026-03-28 12:13:15 | node_5 | INFO ] 📤 Sending model to 1 direct neighbors: ['node']
[ 2026-03-28 12:13:15 | node_1 | INFO ] ✅ [FORCE] Local model added for round 146. (1/2)
[ 2026-03-28 12:13:15 | node | INFO ] 🧩 Model added for round 146 (6/50) from ['node_4']
[ 2026-03-28 12:13:15 | node_11 | INFO ] ✅ [FORCE] Local model added for round 146. (1/2)
[ 2026-03-28 12:13:15 | node_48 | INFO ] ✅ [FORCE] Local model added for round 146. (1/2)
[ 2026-03-28 12:13:15 | node | INFO ] 🧩 Model added for round 146 (7/50) from ['node_2']
[ 2026-03-28 12:13:15 | node_38 | INFO ] 🎓 Training step done.
[ 2026-03-28 12:13:15 | node | INFO ] 🧩 Model added for round 146 (8/50) from ['node_35']
[ 2026-03-28 12:13:15 | node_15 | INFO ] 🎓 Training step done.
[ 2026-03-28 12:13:15 | node_38 | INFO ] 🛠️ Calling force_add_local_model...
[ 2026-03-28 12:13:15 | node_18 | INFO ] 🎓 Training step done.
[ 2026-03-28 12:13:15 | node_15 | INFO ] 🛠️ Calling force_add_local_model...
[ 2026-03-28 12:13:15 | node | INFO ] 🧩 Model added for round 146 (9/50) from ['node_5']
[ 2026-03-28 12:13:15 | node_13 | INFO ] 🎓 Training step done.
[ 2026-03-28 12:13:15 | node_18 | INFO ] 🛠️ Calling force_add_local_model...
[ 2026-03-28 12:13:15 | node_38 | INFO ] ✅ [FORCE] Local model added for round 146. (1/2)
[ 2026-03-28 12:13:15 | node_17 | INFO ] 🎓 Training step done.
[ 2026-03-28 12:13:15 | node_7 | INFO ] 📤 Sending model to 1 direct neighbors: ['node']
[ 2026-03-28 12:13:15 | node_15 | INFO ] ✅ [FORCE] Local model added for round 146. (1/2)
[ 2026-03-28 12:13:15 | node_13 | INFO ] 🛠️ Calling force_add_local_model...
[ 2026-03-28 12:13:15 | node_18 | INFO ] ✅ [FORCE] Local model added for round 146. (1/2)
[ 2026-03-28 12:13:15 | node_20 | INFO ] 🎓 Training step done.
[ 2026-03-28 12:13:15 | node_17 | INFO ] 🛠️ Calling force_add_local_model...
[ 2026-03-28 12:13:15 | node_36 | INFO ] 🎓 Training step done.
[ 2026-03-28 12:13:15 | node_13 | INFO ] ✅ [FORCE] Local model added for round 146. (1/2)
[ 2026-03-28 12:13:15 | node_20 | INFO ] 🛠️ Calling force_add_local_model...
[ 2026-03-28 12:13:15 | node_17 | INFO ] ✅ [FORCE] Local model added for round 146. (1/2)
[ 2026-03-28 12:13:16 | node_36 | INFO ] 🛠️ Calling force_add_local_model...
[ 2026-03-28 12:13:16 | node_3 | INFO ] 🎓 Training step done.
[ 2026-03-28 12:13:16 | node_26 | INFO ] 🎓 Training step done.
[ 2026-03-28 12:13:16 | node_20 | INFO ] ✅ [FORCE] Local model added for round 146. (1/2)
[ 2026-03-28 12:13:16 | node_32 | INFO ] 🎓 Training step done.
[ 2026-03-28 12:13:16 | node_36 | INFO ] ✅ [FORCE] Local model added for round 146. (1/2)
[ 2026-03-28 12:13:16 | node_3 | INFO ] 🛠️ Calling force_add_local_model...
[ 2026-03-28 12:13:16 | node_26 | INFO ] 🛠️ Calling force_add_local_model...
[ 2026-03-28 12:13:16 | node_32 | INFO ] 🛠️ Calling force_add_local_model...
[ 2026-03-28 12:13:16 | node_3 | INFO ] ✅ [FORCE] Local model added for round 146. (1/2)
[ 2026-03-28 12:13:16 | node_27 | INFO ] 🎓 Training step done.
[ 2026-03-28 12:13:16 | node | INFO ] 🧩 Model added for round 146 (10/50) from ['node_7']
[ 2026-03-28 12:13:16 | node_26 | INFO ] ✅ [FORCE] Local model added for round 146. (1/2)
[ 2026-03-28 12:13:16 | node_32 | INFO ] ✅ [FORCE] Local model added for round 146. (1/2)
[ 2026-03-28 12:13:16 | node_27 | INFO ] 🛠️ Calling force_add_local_model...
[ 2026-03-28 12:13:16 | node_16 | INFO ] 🎓 Training step done.
[ 2026-03-28 12:13:16 | node_27 | INFO ] ✅ [FORCE] Local model added for round 146. (1/2)
[ 2026-03-28 12:13:16 | node_16 | INFO ] 🛠️ Calling force_add_local_model...
[ 2026-03-28 12:13:16 | node_33 | INFO ] 🎓 Training step done.
[ 2026-03-28 12:13:16 | node_33 | INFO ] 🛠️ Calling force_add_local_model...
[ 2026-03-28 12:13:16 | node_46 | INFO ] 🎓 Training step done.
[ 2026-03-28 12:13:16 | node_16 | INFO ] ✅ [FORCE] Local model added for round 146. (1/2)
[ 2026-03-28 12:13:16 | node_33 | INFO ] ✅ [FORCE] Local model added for round 146. (1/2)
[ 2026-03-28 12:13:16 | node_46 | INFO ] 🛠️ Calling force_add_local_model...
[ 2026-03-28 12:13:16 | node_46 | INFO ] ✅ [FORCE] Local model added for round 146. (1/2)
[ 2026-03-28 12:13:16 | node_43 | INFO ] 🎓 Training step done.
[ 2026-03-28 12:13:16 | node_43 | INFO ] 🛠️ Calling force_add_local_model...
[ 2026-03-28 12:13:16 | node_34 | INFO ] 🎓 Training step done.
[ 2026-03-28 12:13:16 | node_39 | INFO ] 🎓 Training step done.
[ 2026-03-28 12:13:16 | node_43 | INFO ] ✅ [FORCE] Local model added for round 146. (1/2)
[ 2026-03-28 12:13:16 | node_9 | INFO ] 🎓 Training step done.
[ 2026-03-28 12:13:16 | node_39 | INFO ] 🛠️ Calling force_add_local_model...
[ 2026-03-28 12:13:16 | node_9 | INFO ] 🛠️ Calling force_add_local_model...
[ 2026-03-28 12:13:16 | node_34 | INFO ] 🛠️ Calling force_add_local_model...
[ 2026-03-28 12:13:16 | node_14 | INFO ] 🎓 Training step done.
[ 2026-03-28 12:13:16 | node_39 | INFO ] ✅ [FORCE] Local model added for round 146. (1/2)
[ 2026-03-28 12:13:16 | node_14 | INFO ] 🛠️ Calling force_add_local_model...
[ 2026-03-28 12:13:16 | node_34 | INFO ] ✅ [FORCE] Local model added for round 146. (1/2)
[ 2026-03-28 12:13:16 | node_14 | INFO ] ✅ [FORCE] Local model added for round 146. (1/2)
[ 2026-03-28 12:13:16 | node_9 | INFO ] ✅ [FORCE] Local model added for round 146. (1/2)
[ 2026-03-28 12:13:16 | node_40 | INFO ] 🎓 Training step done.
[ 2026-03-28 12:13:16 | node_40 | INFO ] 🛠️ Calling force_add_local_model...
[ 2026-03-28 12:13:16 | node_47 | INFO ] 🎓 Training step done.
[ 2026-03-28 12:13:16 | node_47 | INFO ] 🛠️ Calling force_add_local_model...
[ 2026-03-28 12:13:16 | node_40 | INFO ] ✅ [FORCE] Local model added for round 146. (1/2)
[ 2026-03-28 12:13:16 | node_47 | INFO ] ✅ [FORCE] Local model added for round 146. (1/2)
[ 2026-03-28 12:13:16 | node_12 | INFO ] 📤 Sending model to 1 direct neighbors: ['node']
[ 2026-03-28 12:13:16 | node_42 | INFO ] 🎓 Training step done.
[ 2026-03-28 12:13:16 | node_42 | INFO ] 🛠️ Calling force_add_local_model...
[ 2026-03-28 12:13:16 | node_42 | INFO ] ✅ [FORCE] Local model added for round 146. (1/2)
[ 2026-03-28 12:13:16 | node | INFO ] 🧩 Model added for round 146 (11/50) from ['node_12']
[ 2026-03-28 12:13:16 | node | INFO ] 🎓 Training step done.
[ 2026-03-28 12:13:16 | node | INFO ] 🛠️ Calling force_add_local_model...
[ 2026-03-28 12:13:16 | node | INFO ] ✅ [FORCE] Local model added for round 146. (12/50)
[ 2026-03-28 12:13:17 | node_30 | INFO ] 📤 Sending model to 1 direct neighbors: ['node']
[ 2026-03-28 12:13:17 | node | INFO ] 🧩 Model added for round 146 (13/50) from ['node_30']
[ 2026-03-28 12:13:18 | node_29 | INFO ] 📤 Sending model to 1 direct neighbors: ['node']
[ 2026-03-28 12:13:18 | node | INFO ] 🧩 Model added for round 146 (14/50) from ['node_29']
[ 2026-03-28 12:13:19 | node_10 | INFO ] 📤 Sending model to 1 direct neighbors: ['node']
[ 2026-03-28 12:13:19 | node | INFO ] 🧩 Model added for round 146 (15/50) from ['node_10']
[ 2026-03-28 12:13:19 | node_25 | INFO ] 📤 Sending model to 1 direct neighbors: ['node']
[ 2026-03-28 12:13:19 | node_44 | INFO ] 📤 Sending model to 1 direct neighbors: ['node']
[ 2026-03-28 12:13:19 | node | INFO ] 🧩 Model added for round 146 (16/50) from ['node_25']
[ 2026-03-28 12:13:19 | node | INFO ] 🧩 Model added for round 146 (17/50) from ['node_44']
[ 2026-03-28 12:13:20 | node_37 | INFO ] 📤 Sending model to 1 direct neighbors: ['node']
[ 2026-03-28 12:13:20 | node_19 | INFO ] 📤 Sending model to 1 direct neighbors: ['node']
[ 2026-03-28 12:13:20 | node | INFO ] 🧩 Model added for round 146 (18/50) from ['node_37']
[ 2026-03-28 12:13:20 | node_45 | INFO ] 📤 Sending model to 1 direct neighbors: ['node']
[ 2026-03-28 12:13:20 | node | INFO ] 🧩 Model added for round 146 (19/50) from ['node_19']
[ 2026-03-28 12:13:20 | node | INFO ] 🧩 Model added for round 146 (20/50) from ['node_45']
[ 2026-03-28 12:13:20 | node_22 | INFO ] 📤 Sending model to 1 direct neighbors: ['node']
[ 2026-03-28 12:13:20 | node_21 | INFO ] 📤 Sending model to 1 direct neighbors: ['node']
[ 2026-03-28 12:13:20 | node | INFO ] 🧩 Model added for round 146 (21/50) from ['node_22']
[ 2026-03-28 12:13:20 | node_31 | INFO ] 📤 Sending model to 1 direct neighbors: ['node']
[ 2026-03-28 12:13:20 | node_49 | INFO ] 📤 Sending model to 1 direct neighbors: ['node']
[ 2026-03-28 12:13:20 | node | INFO ] 🧩 Model added for round 146 (22/50) from ['node_21']
[ 2026-03-28 12:13:20 | node | INFO ] 🧩 Model added for round 146 (23/50) from ['node_31']
[ 2026-03-28 12:13:20 | node | INFO ] 🧩 Model added for round 146 (24/50) from ['node_49']
[ 2026-03-28 12:13:20 | node_41 | INFO ] 📤 Sending model to 1 direct neighbors: ['node']
[ 2026-03-28 12:13:20 | node_1 | INFO ] 📤 Sending model to 1 direct neighbors: ['node']
[ 2026-03-28 12:13:20 | node_11 | INFO ] 📤 Sending model to 1 direct neighbors: ['node']
[ 2026-03-28 12:13:20 | node_48 | INFO ] 📤 Sending model to 1 direct neighbors: ['node']
[ 2026-03-28 12:13:20 | node_38 | INFO ] 📤 Sending model to 1 direct neighbors: ['node']
[ 2026-03-28 12:13:20 | node_15 | INFO ] 📤 Sending model to 1 direct neighbors: ['node']
[ 2026-03-28 12:13:20 | node | INFO ] 🧩 Model added for round 146 (25/50) from ['node_1']
[ 2026-03-28 12:13:20 | node | INFO ] 🧩 Model added for round 146 (26/50) from ['node_48']
[ 2026-03-28 12:13:20 | node_18 | INFO ] 📤 Sending model to 1 direct neighbors: ['node']
[ 2026-03-28 12:13:20 | node_13 | INFO ] 📤 Sending model to 1 direct neighbors: ['node']
[ 2026-03-28 12:13:21 | node_17 | INFO ] 📤 Sending model to 1 direct neighbors: ['node']
[ 2026-03-28 12:13:21 | node | INFO ] 🧩 Model added for round 146 (27/50) from ['node_41']
[ 2026-03-28 12:13:21 | node | INFO ] 🧩 Model added for round 146 (28/50) from ['node_11']
[ 2026-03-28 12:13:21 | node_20 | INFO ] 📤 Sending model to 1 direct neighbors: ['node']
[ 2026-03-28 12:13:21 | node_36 | INFO ] 📤 Sending model to 1 direct neighbors: ['node']
[ 2026-03-28 12:13:21 | node_3 | INFO ] 📤 Sending model to 1 direct neighbors: ['node']
[ 2026-03-28 12:13:21 | node_26 | INFO ] 📤 Sending model to 1 direct neighbors: ['node']
[ 2026-03-28 12:13:21 | node_32 | INFO ] 📤 Sending model to 1 direct neighbors: ['node']
[ 2026-03-28 12:13:21 | node | INFO ] 🧩 Model added for round 146 (29/50) from ['node_15']
[ 2026-03-28 12:13:21 | node_27 | INFO ] 📤 Sending model to 1 direct neighbors: ['node']
[ 2026-03-28 12:13:21 | node | INFO ] 🧩 Model added for round 146 (30/50) from ['node_38']
[ 2026-03-28 12:13:21 | node_33 | INFO ] 📤 Sending model to 1 direct neighbors: ['node']
[ 2026-03-28 12:13:21 | node_16 | INFO ] 📤 Sending model to 1 direct neighbors: ['node']
[ 2026-03-28 12:13:21 | node | INFO ] 🧩 Model added for round 146 (31/50) from ['node_18']
[ 2026-03-28 12:13:21 | node_46 | INFO ] 📤 Sending model to 1 direct neighbors: ['node']
[ 2026-03-28 12:13:21 | node_43 | INFO ] 📤 Sending model to 1 direct neighbors: ['node']
[ 2026-03-28 12:13:21 | node_39 | INFO ] 📤 Sending model to 1 direct neighbors: ['node']
[ 2026-03-28 12:13:21 | node_34 | INFO ] 📤 Sending model to 1 direct neighbors: ['node']
[ 2026-03-28 12:13:21 | node_14 | INFO ] 📤 Sending model to 1 direct neighbors: ['node']
[ 2026-03-28 12:13:21 | node_9 | INFO ] 📤 Sending model to 1 direct neighbors: ['node']
[ 2026-03-28 12:13:21 | node | INFO ] 🧩 Model added for round 146 (32/50) from ['node_13']
[ 2026-03-28 12:13:21 | node | INFO ] 🧩 Model added for round 146 (33/50) from ['node_3']
[ 2026-03-28 12:13:21 | node | INFO ] 🧩 Model added for round 146 (34/50) from ['node_36']
[ 2026-03-28 12:13:21 | node_40 | INFO ] 📤 Sending model to 1 direct neighbors: ['node']
[ 2026-03-28 12:13:21 | node | INFO ] 🧩 Model added for round 146 (35/50) from ['node_17']
[ 2026-03-28 12:13:21 | node_47 | INFO ] 📤 Sending model to 1 direct neighbors: ['node']
[ 2026-03-28 12:13:21 | node | INFO ] 🧩 Model added for round 146 (36/50) from ['node_26']
[ 2026-03-28 12:13:21 | node | INFO ] 🧩 Model added for round 146 (37/50) from ['node_20']
[ 2026-03-28 12:13:21 | node | INFO ] 🧩 Model added for round 146 (38/50) from ['node_16']
[ 2026-03-28 12:13:21 | node | INFO ] 🧩 Model added for round 146 (39/50) from ['node_27']
[ 2026-03-28 12:13:21 | node_42 | INFO ] 📤 Sending model to 1 direct neighbors: ['node']
[ 2026-03-28 12:13:21 | node | INFO ] 🧩 Model added for round 146 (40/50) from ['node_32']
[ 2026-03-28 12:13:21 | node | INFO ] 📤 Sending model to 49 direct neighbors: ['node_1', 'node_2', 'node_3', 'node_4', 'node_5', 'node_6', 'node_7', 'node_8', 'node_9', 'node_10', 'node_11', 'node_12', 'node_13', 'node_14', 'node_15', 'node_16', 'node_17', 'node_18', 'node_19', 'node_20', 'node_21', 'node_22', 'node_23', 'node_24', 'node_25', 'node_26', 'node_27', 'node_28', 'node_29', 'node_30', 'node_31', 'node_32', 'node_33', 'node_34', 'node_35', 'node_36', 'node_37', 'node_38', 'node_39', 'node_40', 'node_41', 'node_42', 'node_43', 'node_44', 'node_45', 'node_46', 'node_47', 'node_48', 'node_49']
[ 2026-03-28 12:13:21 | node | INFO ] 🧩 Model added for round 146 (41/50) from ['node_39']
[ 2026-03-28 12:13:21 | node | INFO ] 🧩 Model added for round 146 (42/50) from ['node_33']
[ 2026-03-28 12:13:21 | node | INFO ] 🧩 Model added for round 146 (43/50) from ['node_46']
[ 2026-03-28 12:13:22 | node | INFO ] 🧩 Model added for round 146 (44/50) from ['node_43']
[ 2026-03-28 12:13:22 | node | INFO ] 🧩 Model added for round 146 (45/50) from ['node_34']
[ 2026-03-28 12:13:22 | node | INFO ] 🧩 Model added for round 146 (46/50) from ['node_14']
[ 2026-03-28 12:13:22 | node | INFO ] 🧩 Model added for round 146 (47/50) from ['node_9']
[ 2026-03-28 12:13:22 | node | INFO ] 🧩 Model added for round 146 (48/50) from ['node_47']
[ 2026-03-28 12:13:22 | node | INFO ] 🧩 Model added for round 146 (49/50) from ['node_42']
[ 2026-03-28 12:13:22 | node | INFO ] 🧩 Model added for round 146 (50/50) from ['node_40']
[ 2026-03-28 12:13:22 | node_1 | INFO ] 🧩 Model added for round 146 (2/2) from ['node']
[ 2026-03-28 12:13:23 | node_2 | INFO ] 🧩 Model added for round 146 (2/2) from ['node']
[ 2026-03-28 12:13:23 | node_3 | INFO ] 🧩 Model added for round 146 (2/2) from ['node']
[ 2026-03-28 12:13:23 | node_1 | INFO ] 🧠 Aggregation complete. Setting new model.
[ 2026-03-28 12:13:23 | node_1 | INFO ] 🗣️ Gossiping aggregated model.
[ 2026-03-28 12:13:23 | node_2 | INFO ] 🧠 Aggregation complete. Setting new model.
[ 2026-03-28 12:13:24 | node_2 | INFO ] 🗣️ Gossiping aggregated model.
[ 2026-03-28 12:13:24 | node_4 | INFO ] 🧩 Model added for round 146 (2/2) from ['node']
[ 2026-03-28 12:13:24 | node_3 | INFO ] 🧠 Aggregation complete. Setting new model.
[ 2026-03-28 12:13:24 | node_3 | INFO ] 🗣️ Gossiping aggregated model.
[ 2026-03-28 12:13:24 | node_5 | INFO ] 🧩 Model added for round 146 (2/2) from ['node']
[ 2026-03-28 12:13:24 | node_4 | INFO ] 🧠 Aggregation complete. Setting new model.
[ 2026-03-28 12:13:24 | node_4 | INFO ] 🗣️ Gossiping aggregated model.
[ 2026-03-28 12:13:24 | node_5 | INFO ] 🧠 Aggregation complete. Setting new model.
[ 2026-03-28 12:13:24 | node_6 | INFO ] 🧩 Model added for round 146 (2/2) from ['node']
[ 2026-03-28 12:13:24 | node_5 | INFO ] 🗣️ Gossiping aggregated model.
[ 2026-03-28 12:13:24 | node_6 | INFO ] 🧠 Aggregation complete. Setting new model.
[ 2026-03-28 12:13:24 | node_7 | INFO ] 🧩 Model added for round 146 (2/2) from ['node']
[ 2026-03-28 12:13:24 | node_6 | INFO ] 🗣️ Gossiping aggregated model.
[ 2026-03-28 12:13:24 | node_7 | INFO ] 🧠 Aggregation complete. Setting new model.
[ 2026-03-28 12:13:24 | node_8 | INFO ] 🧩 Model added for round 146 (2/2) from ['node']
[ 2026-03-28 12:13:24 | node_7 | INFO ] 🗣️ Gossiping aggregated model.
[ 2026-03-28 12:13:24 | node_8 | INFO ] 🧠 Aggregation complete. Setting new model.
[ 2026-03-28 12:13:24 | node_9 | INFO ] 🧩 Model added for round 146 (2/2) from ['node']
[ 2026-03-28 12:13:24 | node_8 | INFO ] 🗣️ Gossiping aggregated model.
[ 2026-03-28 12:13:24 | node_9 | INFO ] 🧠 Aggregation complete. Setting new model.
[ 2026-03-28 12:13:24 | node_10 | INFO ] 🧩 Model added for round 146 (2/2) from ['node']
[ 2026-03-28 12:13:24 | node_9 | INFO ] 🗣️ Gossiping aggregated model.
[ 2026-03-28 12:13:24 | node_10 | INFO ] 🧠 Aggregation complete. Setting new model.
[ 2026-03-28 12:13:24 | node_10 | INFO ] 🗣️ Gossiping aggregated model.
[ 2026-03-28 12:13:24 | node_11 | INFO ] 🧩 Model added for round 146 (2/2) from ['node']
[ 2026-03-28 12:13:24 | node_11 | INFO ] 🧠 Aggregation complete. Setting new model.
[ 2026-03-28 12:13:24 | node_12 | INFO ] 🧩 Model added for round 146 (2/2) from ['node']
[ 2026-03-28 12:13:24 | node_11 | INFO ] 🗣️ Gossiping aggregated model.
[ 2026-03-28 12:13:24 | node_12 | INFO ] 🧠 Aggregation complete. Setting new model.
[ 2026-03-28 12:13:24 | node_13 | INFO ] 🧩 Model added for round 146 (2/2) from ['node']
[ 2026-03-28 12:13:24 | node_12 | INFO ] 🗣️ Gossiping aggregated model.
[ 2026-03-28 12:13:24 | node_14 | INFO ] 🧩 Model added for round 146 (2/2) from ['node']
[ 2026-03-28 12:13:24 | node_13 | INFO ] 🧠 Aggregation complete. Setting new model.
[ 2026-03-28 12:13:24 | node_13 | INFO ] 🗣️ Gossiping aggregated model.
[ 2026-03-28 12:13:24 | node_14 | INFO ] 🧠 Aggregation complete. Setting new model.
[ 2026-03-28 12:13:24 | node_15 | INFO ] 🧩 Model added for round 146 (2/2) from ['node']
[ 2026-03-28 12:13:24 | node_14 | INFO ] 🗣️ Gossiping aggregated model.
[ 2026-03-28 12:13:24 | node_15 | INFO ] 🧠 Aggregation complete. Setting new model.
[ 2026-03-28 12:13:24 | node_16 | INFO ] 🧩 Model added for round 146 (2/2) from ['node']
[ 2026-03-28 12:13:24 | node_15 | INFO ] 🗣️ Gossiping aggregated model.
[ 2026-03-28 12:13:25 | node_16 | INFO ] 🧠 Aggregation complete. Setting new model.
[ 2026-03-28 12:13:25 | node_17 | INFO ] 🧩 Model added for round 146 (2/2) from ['node']
[ 2026-03-28 12:13:25 | node_16 | INFO ] 🗣️ Gossiping aggregated model.
[ 2026-03-28 12:13:25 | node_17 | INFO ] 🧠 Aggregation complete. Setting new model.
[ 2026-03-28 12:13:25 | node_18 | INFO ] 🧩 Model added for round 146 (2/2) from ['node']
[ 2026-03-28 12:13:25 | node_17 | INFO ] 🗣️ Gossiping aggregated model.
[ 2026-03-28 12:13:25 | node_18 | INFO ] 🧠 Aggregation complete. Setting new model.
[ 2026-03-28 12:13:25 | node_19 | INFO ] 🧩 Model added for round 146 (2/2) from ['node']
[ 2026-03-28 12:13:25 | node_18 | INFO ] 🗣️ Gossiping aggregated model.
[ 2026-03-28 12:13:25 | node_20 | INFO ] 🧩 Model added for round 146 (2/2) from ['node']
[ 2026-03-28 12:13:25 | node_19 | INFO ] 🧠 Aggregation complete. Setting new model.
[ 2026-03-28 12:13:25 | node_19 | INFO ] 🗣️ Gossiping aggregated model.
[ 2026-03-28 12:13:25 | node_21 | INFO ] 🧩 Model added for round 146 (2/2) from ['node']
[ 2026-03-28 12:13:25 | node_20 | INFO ] 🧠 Aggregation complete. Setting new model.
[ 2026-03-28 12:13:25 | node_22 | INFO ] 🧩 Model added for round 146 (2/2) from ['node']
[ 2026-03-28 12:13:25 | node_21 | INFO ] 🧠 Aggregation complete. Setting new model.
[ 2026-03-28 12:13:25 | node_20 | INFO ] 🗣️ Gossiping aggregated model.
[ 2026-03-28 12:13:25 | node_21 | INFO ] 🗣️ Gossiping aggregated model.
[ 2026-03-28 12:13:25 | node_23 | INFO ] 🧩 Model added for round 146 (2/2) from ['node']
[ 2026-03-28 12:13:25 | node_22 | INFO ] 🧠 Aggregation complete. Setting new model.
[ 2026-03-28 12:13:25 | node_22 | INFO ] 🗣️ Gossiping aggregated model.
[ 2026-03-28 12:13:25 | node_24 | INFO ] 🧩 Model added for round 146 (2/2) from ['node']
[ 2026-03-28 12:13:25 | node_23 | INFO ] 🧠 Aggregation complete. Setting new model.
[ 2026-03-28 12:13:25 | node_23 | INFO ] 🗣️ Gossiping aggregated model.
[ 2026-03-28 12:13:25 | node_25 | INFO ] 🧩 Model added for round 146 (2/2) from ['node']
[ 2026-03-28 12:13:25 | node_24 | INFO ] 🧠 Aggregation complete. Setting new model.
[ 2026-03-28 12:13:25 | node_24 | INFO ] 🗣️ Gossiping aggregated model.
[ 2026-03-28 12:13:25 | node_25 | INFO ] 🧠 Aggregation complete. Setting new model.
[ 2026-03-28 12:13:25 | node_26 | INFO ] 🧩 Model added for round 146 (2/2) from ['node']
[ 2026-03-28 12:13:25 | node_25 | INFO ] 🗣️ Gossiping aggregated model.
[ 2026-03-28 12:13:25 | node_27 | INFO ] 🧩 Model added for round 146 (2/2) from ['node']
[ 2026-03-28 12:13:25 | node_26 | INFO ] 🧠 Aggregation complete. Setting new model.
[ 2026-03-28 12:13:25 | node_26 | INFO ] 🗣️ Gossiping aggregated model.
[ 2026-03-28 12:13:25 | node_28 | INFO ] 🧩 Model added for round 146 (2/2) from ['node']
[ 2026-03-28 12:13:25 | node_27 | INFO ] 🧠 Aggregation complete. Setting new model.
[ 2026-03-28 12:13:25 | node_27 | INFO ] 🗣️ Gossiping aggregated model.
[ 2026-03-28 12:13:25 | node_29 | INFO ] 🧩 Model added for round 146 (2/2) from ['node']
[ 2026-03-28 12:13:25 | node_28 | INFO ] 🧠 Aggregation complete. Setting new model.
[ 2026-03-28 12:13:25 | node_28 | INFO ] 🗣️ Gossiping aggregated model.
[ 2026-03-28 12:13:25 | node_30 | INFO ] 🧩 Model added for round 146 (2/2) from ['node']
[ 2026-03-28 12:13:25 | node_29 | INFO ] 🧠 Aggregation complete. Setting new model.
[ 2026-03-28 12:13:25 | node_29 | INFO ] 🗣️ Gossiping aggregated model.
[ 2026-03-28 12:13:25 | node_30 | INFO ] 🧠 Aggregation complete. Setting new model.
[ 2026-03-28 12:13:25 | node_30 | INFO ] 🗣️ Gossiping aggregated model.
[ 2026-03-28 12:13:25 | node_31 | INFO ] 🧩 Model added for round 146 (2/2) from ['node']
[ 2026-03-28 12:13:26 | node_32 | INFO ] 🧩 Model added for round 146 (2/2) from ['node']
[ 2026-03-28 12:13:26 | node_31 | INFO ] 🧠 Aggregation complete. Setting new model.
[ 2026-03-28 12:13:26 | node_31 | INFO ] 🗣️ Gossiping aggregated model.
[ 2026-03-28 12:13:26 | node_32 | INFO ] 🧠 Aggregation complete. Setting new model.
[ 2026-03-28 12:13:26 | node_33 | INFO ] 🧩 Model added for round 146 (2/2) from ['node']
[ 2026-03-28 12:13:26 | node_32 | INFO ] 🗣️ Gossiping aggregated model.
[ 2026-03-28 12:13:26 | node_34 | INFO ] 🧩 Model added for round 146 (2/2) from ['node']
[ 2026-03-28 12:13:26 | node_33 | INFO ] 🧠 Aggregation complete. Setting new model.
[ 2026-03-28 12:13:26 | node_33 | INFO ] 🗣️ Gossiping aggregated model.
[ 2026-03-28 12:13:26 | node_34 | INFO ] 🧠 Aggregation complete. Setting new model.
[ 2026-03-28 12:13:26 | node_34 | INFO ] 🗣️ Gossiping aggregated model.
[ 2026-03-28 12:13:26 | node_35 | INFO ] 🧩 Model added for round 146 (2/2) from ['node']
[ 2026-03-28 12:13:26 | node_35 | INFO ] 🧠 Aggregation complete. Setting new model.
[ 2026-03-28 12:13:26 | node_36 | INFO ] 🧩 Model added for round 146 (2/2) from ['node']
[ 2026-03-28 12:13:26 | node_35 | INFO ] 🗣️ Gossiping aggregated model.
[ 2026-03-28 12:13:26 | node_36 | INFO ] 🧠 Aggregation complete. Setting new model.
[ 2026-03-28 12:13:26 | node_37 | INFO ] 🧩 Model added for round 146 (2/2) from ['node']
[ 2026-03-28 12:13:26 | node_36 | INFO ] 🗣️ Gossiping aggregated model.
[ 2026-03-28 12:13:26 | node_37 | INFO ] 🧠 Aggregation complete. Setting new model.
[ 2026-03-28 12:13:26 | node_37 | INFO ] 🗣️ Gossiping aggregated model.
[ 2026-03-28 12:13:26 | node_38 | INFO ] 🧩 Model added for round 146 (2/2) from ['node']
[ 2026-03-28 12:13:26 | node_38 | INFO ] 🧠 Aggregation complete. Setting new model.
[ 2026-03-28 12:13:26 | node_39 | INFO ] 🧩 Model added for round 146 (2/2) from ['node']
[ 2026-03-28 12:13:26 | node_38 | INFO ] 🗣️ Gossiping aggregated model.
[ 2026-03-28 12:13:26 | node_40 | INFO ] 🧩 Model added for round 146 (2/2) from ['node']
[ 2026-03-28 12:13:26 | node_39 | INFO ] 🧠 Aggregation complete. Setting new model.
[ 2026-03-28 12:13:26 | node_40 | INFO ] 🧠 Aggregation complete. Setting new model.
[ 2026-03-28 12:13:26 | node_39 | INFO ] 🗣️ Gossiping aggregated model.
[ 2026-03-28 12:13:26 | node_40 | INFO ] 🗣️ Gossiping aggregated model.
[ 2026-03-28 12:13:26 | node_41 | INFO ] 🧩 Model added for round 146 (2/2) from ['node']
[ 2026-03-28 12:13:26 | node_42 | INFO ] 🧩 Model added for round 146 (2/2) from ['node']
[ 2026-03-28 12:13:26 | node_41 | INFO ] 🧠 Aggregation complete. Setting new model.
[ 2026-03-28 12:13:26 | node_41 | INFO ] 🗣️ Gossiping aggregated model.
[ 2026-03-28 12:13:26 | node_43 | INFO ] 🧩 Model added for round 146 (2/2) from ['node']
[ 2026-03-28 12:13:26 | node_42 | INFO ] 🧠 Aggregation complete. Setting new model.
[ 2026-03-28 12:13:26 | node_42 | INFO ] 🗣️ Gossiping aggregated model.
[ 2026-03-28 12:13:26 | node_44 | INFO ] 🧩 Model added for round 146 (2/2) from ['node']
[ 2026-03-28 12:13:26 | node_43 | INFO ] 🧠 Aggregation complete. Setting new model.
[ 2026-03-28 12:13:26 | node_43 | INFO ] 🗣️ Gossiping aggregated model.
[ 2026-03-28 12:13:27 | node_45 | INFO ] 🧩 Model added for round 146 (2/2) from ['node']
[ 2026-03-28 12:13:27 | node_44 | INFO ] 🧠 Aggregation complete. Setting new model.
[ 2026-03-28 12:13:27 | node_44 | INFO ] 🗣️ Gossiping aggregated model.
[ 2026-03-28 12:13:27 | node_46 | INFO ] 🧩 Model added for round 146 (2/2) from ['node']
[ 2026-03-28 12:13:27 | node_45 | INFO ] 🧠 Aggregation complete. Setting new model.
[ 2026-03-28 12:13:27 | node_45 | INFO ] 🗣️ Gossiping aggregated model.
[ 2026-03-28 12:13:27 | node_47 | INFO ] 🧩 Model added for round 146 (2/2) from ['node']
[ 2026-03-28 12:13:27 | node_46 | INFO ] 🧠 Aggregation complete. Setting new model.
[ 2026-03-28 12:13:27 | node_46 | INFO ] 🗣️ Gossiping aggregated model.
[ 2026-03-28 12:13:27 | node_48 | INFO ] 🧩 Model added for round 146 (2/2) from ['node']
[ 2026-03-28 12:13:27 | node_47 | INFO ] 🧠 Aggregation complete. Setting new model.
[ 2026-03-28 12:13:27 | node_47 | INFO ] 🗣️ Gossiping aggregated model.
[ 2026-03-28 12:13:27 | node_49 | INFO ] 🧩 Model added for round 146 (2/2) from ['node']
[ 2026-03-28 12:13:27 | node_48 | INFO ] 🧠 Aggregation complete. Setting new model.
[ 2026-03-28 12:13:27 | node_48 | INFO ] 🗣️ Gossiping aggregated model.
[ 2026-03-28 12:13:27 | node_49 | INFO ] 🧠 Aggregation complete. Setting new model.
[ 2026-03-28 12:13:27 | node_49 | INFO ] 🗣️ Gossiping aggregated model.
[ 2026-03-28 12:13:27 | node | INFO ] 🧠 Aggregation complete. Setting new model.
[ 2026-03-28 12:13:27 | node_2 | INFO ] 🤫 Gossip finished.
[ 2026-03-28 12:13:27 | node_3 | INFO ] 🤫 Gossip finished.
[ 2026-03-28 12:13:27 | node_2 | INFO ] 🔬 Evaluating...
[ 2026-03-28 12:13:27 | node_3 | INFO ] 🔬 Evaluating...
[ 2026-03-28 12:13:27 | node_4 | INFO ] 🤫 Gossip finished.
[ 2026-03-28 12:13:27 | node_5 | INFO ] 🤫 Gossip finished.
[ 2026-03-28 12:13:27 | node_4 | INFO ] 🔬 Evaluating...
[ 2026-03-28 12:13:27 | node_5 | INFO ] 🔬 Evaluating...
[ 2026-03-28 12:13:27 | node_6 | INFO ] 🤫 Gossip finished.
[ 2026-03-28 12:13:27 | node_6 | INFO ] 🔬 Evaluating...
[ 2026-03-28 12:13:27 | node_1 | INFO ] 🤫 Gossip finished.
[ 2026-03-28 12:13:27 | node_1 | INFO ] 🔬 Evaluating...
[ 2026-03-28 12:13:27 | node_7 | INFO ] 🤫 Gossip finished.
[ 2026-03-28 12:13:27 | node_7 | INFO ] 🔬 Evaluating...
[ 2026-03-28 12:13:27 | node_25 | INFO ] 🤫 Gossip finished.
[ 2026-03-28 12:13:27 | node_24 | INFO ] 🤫 Gossip finished.
[ 2026-03-28 12:13:27 | node_8 | INFO ] 🤫 Gossip finished.
[ 2026-03-28 12:13:27 | node_25 | INFO ] 🔬 Evaluating...
[ 2026-03-28 12:13:27 | node_24 | INFO ] 🔬 Evaluating...
[ 2026-03-28 12:13:27 | node_8 | INFO ] 🔬 Evaluating...
[ 2026-03-28 12:13:27 | node_9 | INFO ] 🤫 Gossip finished.
[ 2026-03-28 12:13:27 | node_9 | INFO ] 🔬 Evaluating...
[ 2026-03-28 12:13:27 | node_26 | INFO ] 🤫 Gossip finished.
[ 2026-03-28 12:13:27 | node_10 | INFO ] 🤫 Gossip finished.
[ 2026-03-28 12:13:27 | node_26 | INFO ] 🔬 Evaluating...
[ 2026-03-28 12:13:27 | node_10 | INFO ] 🔬 Evaluating...
[ 2026-03-28 12:13:27 | node_11 | INFO ] 🤫 Gossip finished.
[ 2026-03-28 12:13:27 | node_27 | INFO ] 🤫 Gossip finished.
[ 2026-03-28 12:13:27 | node_11 | INFO ] 🔬 Evaluating...
[ 2026-03-28 12:13:27 | node_27 | INFO ] 🔬 Evaluating...
[ 2026-03-28 12:13:27 | node_28 | INFO ] 🤫 Gossip finished.
[ 2026-03-28 12:13:27 | node_28 | INFO ] 🔬 Evaluating...
[ 2026-03-28 12:13:27 | node_12 | INFO ] 🤫 Gossip finished.
[ 2026-03-28 12:13:28 | node_12 | INFO ] 🔬 Evaluating...
[ 2026-03-28 12:13:28 | node_13 | INFO ] 🤫 Gossip finished.
[ 2026-03-28 12:13:28 | node_13 | INFO ] 🔬 Evaluating...
[ 2026-03-28 12:13:28 | node_29 | INFO ] 🤫 Gossip finished.
[ 2026-03-28 12:13:28 | node_29 | INFO ] 🔬 Evaluating...
[ 2026-03-28 12:13:28 | node_30 | INFO ] 🤫 Gossip finished.
[ 2026-03-28 12:13:28 | node_14 | INFO ] 🤫 Gossip finished.
[ 2026-03-28 12:13:28 | node_30 | INFO ] 🔬 Evaluating...
[ 2026-03-28 12:13:28 | node_14 | INFO ] 🔬 Evaluating...
[ 2026-03-28 12:13:28 | node_15 | INFO ] 🤫 Gossip finished.
[ 2026-03-28 12:13:28 | node_15 | INFO ] 🔬 Evaluating...
[ 2026-03-28 12:13:28 | node_31 | INFO ] 🤫 Gossip finished.
[ 2026-03-28 12:13:28 | node_45 | INFO ] 🤫 Gossip finished.
[ 2026-03-28 12:13:28 | node_32 | INFO ] 🤫 Gossip finished.
[ 2026-03-28 12:13:28 | node_31 | INFO ] 🔬 Evaluating...
[ 2026-03-28 12:13:28 | node_16 | INFO ] 🤫 Gossip finished.
[ 2026-03-28 12:13:28 | node_17 | INFO ] 🤫 Gossip finished.
[ 2026-03-28 12:13:28 | node_32 | INFO ] 🔬 Evaluating...
[ 2026-03-28 12:13:28 | node_45 | INFO ] 🔬 Evaluating...
[ 2026-03-28 12:13:28 | node_46 | INFO ] 🤫 Gossip finished.
[ 2026-03-28 12:13:28 | node_16 | INFO ] 🔬 Evaluating...
[ 2026-03-28 12:13:28 | node_17 | INFO ] 🔬 Evaluating...
[ 2026-03-28 12:13:28 | node_47 | INFO ] 🤫 Gossip finished.
[ 2026-03-28 12:13:28 | node_18 | INFO ] 🤫 Gossip finished.
[ 2026-03-28 12:13:28 | node_46 | INFO ] 🔬 Evaluating...
[ 2026-03-28 12:13:28 | node_19 | INFO ] 🤫 Gossip finished.
[ 2026-03-28 12:13:28 | node_35 | INFO ] 🤫 Gossip finished.
[ 2026-03-28 12:13:28 | node_48 | INFO ] 🤫 Gossip finished.
[ 2026-03-28 12:13:28 | node_33 | INFO ] 🤫 Gossip finished.
[ 2026-03-28 12:13:28 | node_34 | INFO ] 🤫 Gossip finished.
[ 2026-03-28 12:13:28 | node_47 | INFO ] 🔬 Evaluating...
[ 2026-03-28 12:13:28 | node_19 | INFO ] 🔬 Evaluating...
[ 2026-03-28 12:13:28 | node | INFO ] 🗣️ Gossiping aggregated model.
[ 2026-03-28 12:13:28 | node_35 | INFO ] 🔬 Evaluating...
[ 2026-03-28 12:13:28 | node_18 | INFO ] 🔬 Evaluating...
[ 2026-03-28 12:13:28 | node_33 | INFO ] 🔬 Evaluating...
[ 2026-03-28 12:13:28 | node | INFO ] 🤫 Gossip finished.
[ 2026-03-28 12:13:28 | node_49 | INFO ] 🤫 Gossip finished.
[ 2026-03-28 12:13:28 | node_34 | INFO ] 🔬 Evaluating...
[ 2026-03-28 12:13:28 | node_48 | INFO ] 🔬 Evaluating...
[ 2026-03-28 12:13:28 | node_20 | INFO ] 🤫 Gossip finished.
[ 2026-03-28 12:13:28 | node_49 | INFO ] 🔬 Evaluating...
[ 2026-03-28 12:13:28 | node | INFO ] 🔬 Evaluating...
[ 2026-03-28 12:13:28 | node_36 | INFO ] 🤫 Gossip finished.
[ 2026-03-28 12:13:28 | node_37 | INFO ] 🤫 Gossip finished.
[ 2026-03-28 12:13:28 | node_20 | INFO ] 🔬 Evaluating...
[ 2026-03-28 12:13:28 | node_22 | INFO ] 🤫 Gossip finished.
[ 2026-03-28 12:13:28 | node_21 | INFO ] 🤫 Gossip finished.
[ 2026-03-28 12:13:28 | node_38 | INFO ] 🤫 Gossip finished.
[ 2026-03-28 12:13:28 | node_23 | INFO ] 🤫 Gossip finished.
[ 2026-03-28 12:13:28 | node_36 | INFO ] 🔬 Evaluating...
[ 2026-03-28 12:13:28 | node_37 | INFO ] 🔬 Evaluating...
[ 2026-03-28 12:13:28 | node_21 | INFO ] 🔬 Evaluating...
[ 2026-03-28 12:13:28 | node_38 | INFO ] 🔬 Evaluating...
[ 2026-03-28 12:13:28 | node_22 | INFO ] 🔬 Evaluating...
[ 2026-03-28 12:13:28 | node_23 | INFO ] 🔬 Evaluating...
[ 2026-03-28 12:13:28 | node_39 | INFO ] 🤫 Gossip finished.
[ 2026-03-28 12:13:28 | node_39 | INFO ] 🔬 Evaluating...
[ 2026-03-28 12:13:28 | node_40 | INFO ] 🤫 Gossip finished.
[ 2026-03-28 12:13:29 | node_41 | INFO ] 🤫 Gossip finished.
[ 2026-03-28 12:13:29 | node_40 | INFO ] 🔬 Evaluating...
[ 2026-03-28 12:13:29 | node_41 | INFO ] 🔬 Evaluating...
[ 2026-03-28 12:13:29 | node_42 | INFO ] 🤫 Gossip finished.
[ 2026-03-28 12:13:29 | node_43 | INFO ] 🤫 Gossip finished.
[ 2026-03-28 12:13:29 | node_42 | INFO ] 🔬 Evaluating...
[ 2026-03-28 12:13:29 | node_43 | INFO ] 🔬 Evaluating...
[ 2026-03-28 12:13:29 | node_44 | INFO ] 🤫 Gossip finished.
[ 2026-03-28 12:13:29 | node_44 | INFO ] 🔬 Evaluating...
[ 2026-03-28 12:13:31 | node_3 | INFO ] 📈 Evaluated. Results: {'test_loss': 0.005248436704277992, 'test_accuracy': 0.9916329383850098, 'test_precision': 0.2607020437717438, 'test_recall': 0.4937877357006073, 'test_f1': 0.3343510925769806, 'communication_cost': 182472}
[ 2026-03-28 12:13:31 | node_3 | INFO ] 📢 Broadcasting metrics.
[ 2026-03-28 12:13:31 | node_3 | INFO ] 🎉 Round 147 of 150 finished.
[ 2026-03-28 12:13:31 | node_3 | INFO ] 🗳️ [DETERMINISTIC] Train set assigned (No Voting). Size: 50
[ 2026-03-28 12:13:31 | node_3 | INFO ] 🏋️‍♀️ Preparing training...
[ 2026-03-28 12:13:31 | node_24 | INFO ] 📈 Evaluated. Results: {'test_loss': 0.003696977160871029, 'test_accuracy': 0.9946913719177246, 'test_precision': 0.30744075775146484, 'test_recall': 0.482077419757843, 'test_f1': 0.3699738383293152, 'communication_cost': 182472}
[ 2026-03-28 12:13:31 | node_24 | INFO ] 📢 Broadcasting metrics.
[ 2026-03-28 12:13:31 | node_24 | INFO ] 🎉 Round 147 of 150 finished.
[ 2026-03-28 12:13:31 | node_24 | INFO ] 🗳️ [DETERMINISTIC] Train set assigned (No Voting). Size: 50
[ 2026-03-28 12:13:31 | node_24 | INFO ] 🏋️‍♀️ Preparing training...
[ 2026-03-28 12:13:31 | node_2 | INFO ] 📈 Evaluated. Results: {'test_loss': 0.004603319801390171, 'test_accuracy': 0.99397212266922, 'test_precision': 0.35232552886009216, 'test_recall': 0.5623890161514282, 'test_f1': 0.42182210087776184, 'communication_cost': 182472}
[ 2026-03-28 12:13:31 | node_2 | INFO ] 📢 Broadcasting metrics.
[ 2026-03-28 12:13:31 | node_2 | INFO ] 🎉 Round 147 of 150 finished.
[ 2026-03-28 12:13:31 | node_2 | INFO ] 🗳️ [DETERMINISTIC] Train set assigned (No Voting). Size: 50
[ 2026-03-28 12:13:31 | node_2 | INFO ] 🏋️‍♀️ Preparing training...
[ 2026-03-28 12:13:31 | node_6 | INFO ] 📈 Evaluated. Results: {'test_loss': 0.003679456654936075, 'test_accuracy': 0.9946019053459167, 'test_precision': 0.25488677620887756, 'test_recall': 0.47906431555747986, 'test_f1': 0.33059999346733093, 'communication_cost': 182472}
[ 2026-03-28 12:13:31 | node_6 | INFO ] 📢 Broadcasting metrics.
[ 2026-03-28 12:13:31 | node_6 | INFO ] 🎉 Round 147 of 150 finished.
[ 2026-03-28 12:13:31 | node_6 | INFO ] 🗳️ [DETERMINISTIC] Train set assigned (No Voting). Size: 50
[ 2026-03-28 12:13:31 | node_6 | INFO ] 🏋️‍♀️ Preparing training...
[ 2026-03-28 12:13:31 | node | INFO ] 📈 Evaluated. Results: {'test_loss': 0.004291920457035303, 'test_accuracy': 0.9937921762466431, 'test_precision': 0.33602508902549744, 'test_recall': 0.5687709450721741, 'test_f1': 0.4168156683444977, 'communication_cost': 8941128}
[ 2026-03-28 12:13:31 | node | INFO ] 📢 Broadcasting metrics.
[ 2026-03-28 12:13:32 | node_4 | INFO ] 📈 Evaluated. Results: {'test_loss': 0.003657078370451927, 'test_accuracy': 0.9938821196556091, 'test_precision': 0.3063078820705414, 'test_recall': 0.5372287631034851, 'test_f1': 0.3880580961704254, 'communication_cost': 182472}
[ 2026-03-28 12:13:32 | node_8 | INFO ] 📈 Evaluated. Results: {'test_loss': 0.004112543072551489, 'test_accuracy': 0.9941520690917969, 'test_precision': 0.325786828994751, 'test_recall': 0.5671457648277283, 'test_f1': 0.41109371185302734, 'communication_cost': 182472}
[ 2026-03-28 12:13:32 | node_1 | INFO ] 📈 Evaluated. Results: {'test_loss': 0.0047927782870829105, 'test_accuracy': 0.9933423399925232, 'test_precision': 0.2236199676990509, 'test_recall': 0.39373648166656494, 'test_f1': 0.27538254857063293, 'communication_cost': 182472}
[ 2026-03-28 12:13:32 | node_23 | INFO ] 📈 Evaluated. Results: {'test_loss': 0.00468115508556366, 'test_accuracy': 0.9927119016647339, 'test_precision': 0.3516409695148468, 'test_recall': 0.5496913194656372, 'test_f1': 0.3922317624092102, 'communication_cost': 182472}
[ 2026-03-28 12:13:32 | node_4 | INFO ] 📢 Broadcasting metrics.
[ 2026-03-28 12:13:32 | node_8 | INFO ] 📢 Broadcasting metrics.
[ 2026-03-28 12:13:32 | node_1 | INFO ] 📢 Broadcasting metrics.
[ 2026-03-28 12:13:32 | node_23 | INFO ] 📢 Broadcasting metrics.
[ 2026-03-28 12:13:32 | node_7 | INFO ] 📈 Evaluated. Results: {'test_loss': 0.0055307662114501, 'test_accuracy': 0.994062066078186, 'test_precision': 0.3730928301811218, 'test_recall': 0.5268014669418335, 'test_f1': 0.43078315258026123, 'communication_cost': 182472}
[ 2026-03-28 12:13:32 | node_49 | INFO ] 📈 Evaluated. Results: {'test_loss': 0.005277031566947699, 'test_accuracy': 0.9944214224815369, 'test_precision': 0.4447183907032013, 'test_recall': 0.538080096244812, 'test_f1': 0.47232332825660706, 'communication_cost': 182472}
[ 2026-03-28 12:13:32 | node_7 | INFO ] 📢 Broadcasting metrics.
[ 2026-03-28 12:13:32 | node_49 | INFO ] 📢 Broadcasting metrics.
[ 2026-03-28 12:13:32 | node_9 | INFO ] 📈 Evaluated. Results: {'test_loss': 0.006033204961568117, 'test_accuracy': 0.9926225543022156, 'test_precision': 0.3043029010295868, 'test_recall': 0.4083632528781891, 'test_f1': 0.33642733097076416, 'communication_cost': 182472}
[ 2026-03-28 12:13:32 | node_9 | INFO ] 📢 Broadcasting metrics.
[ 2026-03-28 12:13:33 | node_8 | INFO ] 🎉 Round 147 of 150 finished.
[ 2026-03-28 12:13:33 | node_1 | INFO ] 🎉 Round 147 of 150 finished.
[ 2026-03-28 12:13:33 | node_23 | INFO ] 🎉 Round 147 of 150 finished.
[ 2026-03-28 12:13:33 | node_4 | INFO ] 🎉 Round 147 of 150 finished.
[ 2026-03-28 12:13:33 | node_8 | INFO ] 🗳️ [DETERMINISTIC] Train set assigned (No Voting). Size: 50
[ 2026-03-28 12:13:33 | node_1 | INFO ] 🗳️ [DETERMINISTIC] Train set assigned (No Voting). Size: 50
[ 2026-03-28 12:13:33 | node_23 | INFO ] 🗳️ [DETERMINISTIC] Train set assigned (No Voting). Size: 50
[ 2026-03-28 12:13:33 | node_4 | INFO ] 🗳️ [DETERMINISTIC] Train set assigned (No Voting). Size: 50
[ 2026-03-28 12:13:33 | node_12 | INFO ] 📈 Evaluated. Results: {'test_loss': 0.0038982019759714603, 'test_accuracy': 0.9955915212631226, 'test_precision': 0.4543394446372986, 'test_recall': 0.6291009187698364, 'test_f1': 0.504109799861908, 'communication_cost': 182472}
[ 2026-03-28 12:13:33 | node_7 | INFO ] 🎉 Round 147 of 150 finished.
[ 2026-03-28 12:13:33 | node_8 | INFO ] 🏋️‍♀️ Preparing training...
[ 2026-03-28 12:13:33 | node_12 | INFO ] 📢 Broadcasting metrics.
[ 2026-03-28 12:13:33 | node_49 | INFO ] 🎉 Round 147 of 150 finished.
[ 2026-03-28 12:13:33 | node_1 | INFO ] 🏋️‍♀️ Preparing training...
[ 2026-03-28 12:13:33 | node_7 | INFO ] 🗳️ [DETERMINISTIC] Train set assigned (No Voting). Size: 50
[ 2026-03-28 12:13:33 | node_23 | INFO ] 🏋️‍♀️ Preparing training...
[ 2026-03-28 12:13:33 | node_4 | INFO ] 🏋️‍♀️ Preparing training...
[ 2026-03-28 12:13:33 | node_49 | INFO ] 🗳️ [DETERMINISTIC] Train set assigned (No Voting). Size: 50
[ 2026-03-28 12:13:33 | node_5 | INFO ] 📈 Evaluated. Results: {'test_loss': 0.0071954019367694855, 'test_accuracy': 0.9906432628631592, 'test_precision': 0.2055739015340805, 'test_recall': 0.3820559084415436, 'test_f1': 0.25508591532707214, 'communication_cost': 182472}
[ 2026-03-28 12:13:33 | node_22 | INFO ] 📈 Evaluated. Results: {'test_loss': 0.0036660702899098396, 'test_accuracy': 0.992531955242157, 'test_precision': 0.2990598976612091, 'test_recall': 0.6197769045829773, 'test_f1': 0.3951205015182495, 'communication_cost': 182472}
[ 2026-03-28 12:13:33 | node_10 | INFO ] 📈 Evaluated. Results: {'test_loss': 0.003674824722111225, 'test_accuracy': 0.9928025007247925, 'test_precision': 0.24114438891410828, 'test_recall': 0.5398730635643005, 'test_f1': 0.323442280292511, 'communication_cost': 182472}
[ 2026-03-28 12:13:33 | node_9 | INFO ] 🎉 Round 147 of 150 finished.
[ 2026-03-28 12:13:33 | node_5 | INFO ] 📢 Broadcasting metrics.
[ 2026-03-28 12:13:33 | node_22 | INFO ] 📢 Broadcasting metrics.
[ 2026-03-28 12:13:33 | node_10 | INFO ] 📢 Broadcasting metrics.
[ 2026-03-28 12:13:33 | node_7 | INFO ] 🏋️‍♀️ Preparing training...
[ 2026-03-28 12:13:33 | node_49 | INFO ] 🏋️‍♀️ Preparing training...
[ 2026-03-28 12:13:33 | node_9 | INFO ] 🗳️ [DETERMINISTIC] Train set assigned (No Voting). Size: 50
[ 2026-03-28 12:13:33 | node_47 | INFO ] 📈 Evaluated. Results: {'test_loss': 0.003935907036066055, 'test_accuracy': 0.9934316873550415, 'test_precision': 0.3187572658061981, 'test_recall': 0.5185360908508301, 'test_f1': 0.3734292685985565, 'communication_cost': 182472}
[ 2026-03-28 12:13:33 | node_14 | INFO ] 📈 Evaluated. Results: {'test_loss': 0.0031179653014987707, 'test_accuracy': 0.9947818517684937, 'test_precision': 0.31789731979370117, 'test_recall': 0.651053249835968, 'test_f1': 0.3882445693016052, 'communication_cost': 182472}
[ 2026-03-28 12:13:33 | node_35 | INFO ] 📈 Evaluated. Results: {'test_loss': 0.003955524414777756, 'test_accuracy': 0.9928918480873108, 'test_precision': 0.3632722795009613, 'test_recall': 0.6772195100784302, 'test_f1': 0.4683684706687927, 'communication_cost': 182472}
[ 2026-03-28 12:13:33 | node_9 | INFO ] 🏋️‍♀️ Preparing training...
[ 2026-03-28 12:13:33 | node_47 | INFO ] 📢 Broadcasting metrics.
[ 2026-03-28 12:13:33 | node_14 | INFO ] 📢 Broadcasting metrics.
[ 2026-03-28 12:13:33 | node_35 | INFO ] 📢 Broadcasting metrics.
[ 2026-03-28 12:13:34 | node_12 | INFO ] 🎉 Round 147 of 150 finished.
[ 2026-03-28 12:13:34 | node_25 | INFO ] 📈 Evaluated. Results: {'test_loss': 0.0041198269464075565, 'test_accuracy': 0.9941515326499939, 'test_precision': 0.32638630270957947, 'test_recall': 0.6065414547920227, 'test_f1': 0.42252153158187866, 'communication_cost': 182472}
[ 2026-03-28 12:13:34 | node_46 | INFO ] 📈 Evaluated. Results: {'test_loss': 0.004109598230570555, 'test_accuracy': 0.9945114254951477, 'test_precision': 0.36015236377716064, 'test_recall': 0.6376978754997253, 'test_f1': 0.45457708835601807, 'communication_cost': 182472}
[ 2026-03-28 12:13:34 | node_30 | INFO ] 📈 Evaluated. Results: {'test_loss': 0.004371503368020058, 'test_accuracy': 0.9940615296363831, 'test_precision': 0.2617338299751282, 'test_recall': 0.40049588680267334, 'test_f1': 0.3028288185596466, 'communication_cost': 182472}
[ 2026-03-28 12:13:34 | node_25 | INFO ] 📢 Broadcasting metrics.
[ 2026-03-28 12:13:34 | node_12 | INFO ] 🗳️ [DETERMINISTIC] Train set assigned (No Voting). Size: 50
[ 2026-03-28 12:13:34 | node_46 | INFO ] 📢 Broadcasting metrics.
[ 2026-03-28 12:13:34 | node_30 | INFO ] 📢 Broadcasting metrics.
[ 2026-03-28 12:13:34 | node_19 | INFO ] 📈 Evaluated. Results: {'test_loss': 0.0023467247374355793, 'test_accuracy': 0.99424147605896, 'test_precision': 0.23684026300907135, 'test_recall': 0.5700318217277527, 'test_f1': 0.3252009153366089, 'communication_cost': 182472}
[ 2026-03-28 12:13:34 | node_10 | INFO ] 🎉 Round 147 of 150 finished.
[ 2026-03-28 12:13:34 | node_5 | INFO ] 🎉 Round 147 of 150 finished.
[ 2026-03-28 12:13:34 | node_22 | INFO ] 🎉 Round 147 of 150 finished.
[ 2026-03-28 12:13:34 | node_29 | INFO ] 📈 Evaluated. Results: {'test_loss': 0.0047753434628248215, 'test_accuracy': 0.992531955242157, 'test_precision': 0.25569963455200195, 'test_recall': 0.5571885704994202, 'test_f1': 0.34212443232536316, 'communication_cost': 182472}
[ 2026-03-28 12:13:34 | node_19 | INFO ] 📢 Broadcasting metrics.
[ 2026-03-28 12:13:34 | node_12 | INFO ] 🏋️‍♀️ Preparing training...
[ 2026-03-28 12:13:34 | node_13 | INFO ] 📈 Evaluated. Results: {'test_loss': 0.005277893040329218, 'test_accuracy': 0.9945119023323059, 'test_precision': 0.3683876395225525, 'test_recall': 0.5172150135040283, 'test_f1': 0.4025824964046478, 'communication_cost': 182472}
[ 2026-03-28 12:13:34 | node_29 | INFO ] 📢 Broadcasting metrics.
[ 2026-03-28 12:13:34 | node_5 | INFO ] 🗳️ [DETERMINISTIC] Train set assigned (No Voting). Size: 50
[ 2026-03-28 12:13:34 | node_10 | INFO ] 🗳️ [DETERMINISTIC] Train set assigned (No Voting). Size: 50
[ 2026-03-28 12:13:34 | node_22 | INFO ] 🗳️ [DETERMINISTIC] Train set assigned (No Voting). Size: 50
[ 2026-03-28 12:13:34 | node_13 | INFO ] 📢 Broadcasting metrics.
[ 2026-03-28 12:13:34 | node_14 | INFO ] 🎉 Round 147 of 150 finished.
[ 2026-03-28 12:13:34 | node_5 | INFO ] 🏋️‍♀️ Preparing training...
[ 2026-03-28 12:13:34 | node_10 | INFO ] 🏋️‍♀️ Preparing training...
[ 2026-03-28 12:13:34 | node_22 | INFO ] 🏋️‍♀️ Preparing training...
[ 2026-03-28 12:13:34 | node_35 | INFO ] 🎉 Round 147 of 150 finished.
[ 2026-03-28 12:13:34 | node_47 | INFO ] 🎉 Round 147 of 150 finished.
[ 2026-03-28 12:13:34 | node_39 | INFO ] 📈 Evaluated. Results: {'test_loss': 0.005161241162568331, 'test_accuracy': 0.9941515326499939, 'test_precision': 0.3603891432285309, 'test_recall': 0.5549263954162598, 'test_f1': 0.4288996756076813, 'communication_cost': 182472}
[ 2026-03-28 12:13:34 | node_14 | INFO ] 🗳️ [DETERMINISTIC] Train set assigned (No Voting). Size: 50
[ 2026-03-28 12:13:34 | node_39 | INFO ] 📢 Broadcasting metrics.
[ 2026-03-28 12:13:34 | node_25 | INFO ] 🎉 Round 147 of 150 finished.
[ 2026-03-28 12:13:34 | node_48 | INFO ] 📈 Evaluated. Results: {'test_loss': 0.004866902716457844, 'test_accuracy': 0.9945114254951477, 'test_precision': 0.4014003574848175, 'test_recall': 0.5958235859870911, 'test_f1': 0.47115358710289, 'communication_cost': 182472}
[ 2026-03-28 12:13:34 | node_35 | INFO ] 🗳️ [DETERMINISTIC] Train set assigned (No Voting). Size: 50
[ 2026-03-28 12:13:34 | node_47 | INFO ] 🗳️ [DETERMINISTIC] Train set assigned (No Voting). Size: 50
[ 2026-03-28 12:13:34 | node_46 | INFO ] 🎉 Round 147 of 150 finished.
[ 2026-03-28 12:13:34 | node_30 | INFO ] 🎉 Round 147 of 150 finished.
[ 2026-03-28 12:13:34 | node_48 | INFO ] 📢 Broadcasting metrics.
[ 2026-03-28 12:13:34 | node_11 | INFO ] 📈 Evaluated. Results: {'test_loss': 0.006023842375725508, 'test_accuracy': 0.994331955909729, 'test_precision': 0.3691107928752899, 'test_recall': 0.4653283357620239, 'test_f1': 0.4032443165779114, 'communication_cost': 182472}
[ 2026-03-28 12:13:34 | node_43 | INFO ] 📈 Evaluated. Results: {'test_loss': 0.004392641130834818, 'test_accuracy': 0.9951412677764893, 'test_precision': 0.35504767298698425, 'test_recall': 0.4438965916633606, 'test_f1': 0.3679986894130707, 'communication_cost': 182472}
[ 2026-03-28 12:13:34 | node_25 | INFO ] 🗳️ [DETERMINISTIC] Train set assigned (No Voting). Size: 50
[ 2026-03-28 12:13:34 | node_11 | INFO ] 📢 Broadcasting metrics.
[ 2026-03-28 12:13:35 | node_43 | INFO ] 📢 Broadcasting metrics.
[ 2026-03-28 12:13:35 | node_46 | INFO ] 🗳️ [DETERMINISTIC] Train set assigned (No Voting). Size: 50
[ 2026-03-28 12:13:35 | node_14 | INFO ] 🏋️‍♀️ Preparing training...
[ 2026-03-28 12:13:35 | node_30 | INFO ] 🗳️ [DETERMINISTIC] Train set assigned (No Voting). Size: 50
[ 2026-03-28 12:13:35 | node_35 | INFO ] 🏋️‍♀️ Preparing training...
[ 2026-03-28 12:13:35 | node_18 | INFO ] 📈 Evaluated. Results: {'test_loss': 0.004377407021820545, 'test_accuracy': 0.9944219589233398, 'test_precision': 0.3616694211959839, 'test_recall': 0.6443310379981995, 'test_f1': 0.4520721733570099, 'communication_cost': 182472}
[ 2026-03-28 12:13:35 | node_21 | INFO ] 📈 Evaluated. Results: {'test_loss': 0.006192389875650406, 'test_accuracy': 0.9928018450737, 'test_precision': 0.2391216903924942, 'test_recall': 0.44168058037757874, 'test_f1': 0.29496386647224426, 'communication_cost': 182472}
[ 2026-03-28 12:13:35 | node_47 | INFO ] 🏋️‍♀️ Preparing training...
[ 2026-03-28 12:13:35 | node_19 | INFO ] 🎉 Round 147 of 150 finished.
[ 2026-03-28 12:13:35 | node_40 | INFO ] 📈 Evaluated. Results: {'test_loss': 0.004709096625447273, 'test_accuracy': 0.9923520088195801, 'test_precision': 0.22651652991771698, 'test_recall': 0.4111383557319641, 'test_f1': 0.2889978289604187, 'communication_cost': 182472}
[ 2026-03-28 12:13:35 | node_18 | INFO ] 📢 Broadcasting metrics.
[ 2026-03-28 12:13:35 | node_21 | INFO ] 📢 Broadcasting metrics.
[ 2026-03-28 12:13:35 | node_15 | INFO ] 📈 Evaluated. Results: {'test_loss': 0.0035157990641891956, 'test_accuracy': 0.9921727180480957, 'test_precision': 0.2229083925485611, 'test_recall': 0.5975505113601685, 'test_f1': 0.31554993987083435, 'communication_cost': 182472}
[ 2026-03-28 12:13:35 | node_13 | INFO ] 🎉 Round 147 of 150 finished.
[ 2026-03-28 12:13:35 | node_40 | INFO ] 📢 Broadcasting metrics.
[ 2026-03-28 12:13:35 | node_25 | INFO ] 🏋️‍♀️ Preparing training...
[ 2026-03-28 12:13:35 | node_17 | INFO ] 📈 Evaluated. Results: {'test_loss': 0.004224168602377176, 'test_accuracy': 0.9913630485534668, 'test_precision': 0.24922595918178558, 'test_recall': 0.5324233770370483, 'test_f1': 0.33754873275756836, 'communication_cost': 182472}
[ 2026-03-28 12:13:35 | node_29 | INFO ] 🎉 Round 147 of 150 finished.
[ 2026-03-28 12:13:35 | node_46 | INFO ] 🏋️‍♀️ Preparing training...
[ 2026-03-28 12:13:35 | node_15 | INFO ] 📢 Broadcasting metrics.
[ 2026-03-28 12:13:35 | node_19 | INFO ] 🗳️ [DETERMINISTIC] Train set assigned (No Voting). Size: 50
[ 2026-03-28 12:13:35 | node_30 | INFO ] 🏋️‍♀️ Preparing training...
[ 2026-03-28 12:13:35 | node_17 | INFO ] 📢 Broadcasting metrics.
[ 2026-03-28 12:13:35 | node_27 | INFO ] 📈 Evaluated. Results: {'test_loss': 0.003844453254714608, 'test_accuracy': 0.9930717945098877, 'test_precision': 0.301202654838562, 'test_recall': 0.5944456458091736, 'test_f1': 0.3983830511569977, 'communication_cost': 182472}
[ 2026-03-28 12:13:35 | node_13 | INFO ] 🗳️ [DETERMINISTIC] Train set assigned (No Voting). Size: 50
[ 2026-03-28 12:13:35 | node_29 | INFO ] 🗳️ [DETERMINISTIC] Train set assigned (No Voting). Size: 50
[ 2026-03-28 12:13:35 | node_27 | INFO ] 📢 Broadcasting metrics.
[ 2026-03-28 12:13:35 | node_38 | INFO ] 📈 Evaluated. Results: {'test_loss': 0.003196463454514742, 'test_accuracy': 0.993971586227417, 'test_precision': 0.2815897762775421, 'test_recall': 0.5328221917152405, 'test_f1': 0.3483559191226959, 'communication_cost': 182472}
[ 2026-03-28 12:13:35 | node_16 | INFO ] 📈 Evaluated. Results: {'test_loss': 0.00468097859993577, 'test_accuracy': 0.9941520690917969, 'test_precision': 0.3723771572113037, 'test_recall': 0.5534811615943909, 'test_f1': 0.42896538972854614, 'communication_cost': 182472}
[ 2026-03-28 12:13:35 | node_19 | INFO ] 🏋️‍♀️ Preparing training...
[ 2026-03-28 12:13:35 | node_31 | INFO ] 📈 Evaluated. Results: {'test_loss': 0.003082540351897478, 'test_accuracy': 0.99568110704422, 'test_precision': 0.42132845520973206, 'test_recall': 0.617527425289154, 'test_f1': 0.49428054690361023, 'communication_cost': 182472}
[ 2026-03-28 12:13:35 | node_28 | INFO ] 📈 Evaluated. Results: {'test_loss': 0.0056102885864675045, 'test_accuracy': 0.9930717945098877, 'test_precision': 0.3234313428401947, 'test_recall': 0.4745006263256073, 'test_f1': 0.37944653630256653, 'communication_cost': 182472}
[ 2026-03-28 12:13:35 | node_38 | INFO ] 📢 Broadcasting metrics.
[ 2026-03-28 12:13:35 | node_16 | INFO ] 📢 Broadcasting metrics.
[ 2026-03-28 12:13:35 | node_26 | INFO ] 📈 Evaluated. Results: {'test_loss': 0.004062282387167215, 'test_accuracy': 0.9915422201156616, 'test_precision': 0.18075864017009735, 'test_recall': 0.4939497709274292, 'test_f1': 0.2571353018283844, 'communication_cost': 182472}
[ 2026-03-28 12:13:35 | node_34 | INFO ] 📈 Evaluated. Results: {'test_loss': 0.0053457701578736305, 'test_accuracy': 0.9937916398048401, 'test_precision': 0.264674574136734, 'test_recall': 0.5465789437294006, 'test_f1': 0.3361004889011383, 'communication_cost': 182472}
[ 2026-03-28 12:13:35 | node_32 | INFO ] 📈 Evaluated. Results: {'test_loss': 0.005005997139960527, 'test_accuracy': 0.9919021129608154, 'test_precision': 0.3075737953186035, 'test_recall': 0.624026358127594, 'test_f1': 0.39529842138290405, 'communication_cost': 182472}
[ 2026-03-28 12:13:35 | node_39 | INFO ] 🎉 Round 147 of 150 finished.
[ 2026-03-28 12:13:35 | node_44 | INFO ] 📈 Evaluated. Results: {'test_loss': 0.005435077473521233, 'test_accuracy': 0.992531955242157, 'test_precision': 0.28638899326324463, 'test_recall': 0.5047863721847534, 'test_f1': 0.360735684633255, 'communication_cost': 182472}
[ 2026-03-28 12:13:35 | node_13 | INFO ] 🏋️‍♀️ Preparing training...
[ 2026-03-28 12:13:35 | node_36 | INFO ] 📈 Evaluated. Results: {'test_loss': 0.004386585205793381, 'test_accuracy': 0.9910023212432861, 'test_precision': 0.214358851313591, 'test_recall': 0.5577470064163208, 'test_f1': 0.2963014245033264, 'communication_cost': 182472}
[ 2026-03-28 12:13:35 | node_31 | INFO ] 📢 Broadcasting metrics.
[ 2026-03-28 12:13:35 | node_29 | INFO ] 🏋️‍♀️ Preparing training...
[ 2026-03-28 12:13:35 | node_28 | INFO ] 📢 Broadcasting metrics.
[ 2026-03-28 12:13:35 | node_32 | INFO ] 📢 Broadcasting metrics.
[ 2026-03-28 12:13:35 | node_34 | INFO ] 📢 Broadcasting metrics.
[ 2026-03-28 12:13:35 | node_45 | INFO ] 📈 Evaluated. Results: {'test_loss': 0.005180310923606157, 'test_accuracy': 0.9947813749313354, 'test_precision': 0.2914266586303711, 'test_recall': 0.3904813230037689, 'test_f1': 0.323994904756546, 'communication_cost': 182472}
[ 2026-03-28 12:13:35 | node_26 | INFO ] 📢 Broadcasting metrics.
[ 2026-03-28 12:13:35 | node_44 | INFO ] 📢 Broadcasting metrics.
[ 2026-03-28 12:13:35 | node_36 | INFO ] 📢 Broadcasting metrics.
[ 2026-03-28 12:13:35 | node_48 | INFO ] 🎉 Round 147 of 150 finished.
[ 2026-03-28 12:13:35 | node_39 | INFO ] 🗳️ [DETERMINISTIC] Train set assigned (No Voting). Size: 50
[ 2026-03-28 12:13:35 | node_45 | INFO ] 📢 Broadcasting metrics.
[ 2026-03-28 12:13:35 | node_33 | INFO ] 📈 Evaluated. Results: {'test_loss': 0.005022102035582066, 'test_accuracy': 0.9951412677764893, 'test_precision': 0.410981148481369, 'test_recall': 0.5057543516159058, 'test_f1': 0.43594083189964294, 'communication_cost': 182472}
[ 2026-03-28 12:13:35 | node_11 | INFO ] 🎉 Round 147 of 150 finished.
[ 2026-03-28 12:13:35 | node_43 | INFO ] 🎉 Round 147 of 150 finished.
[ 2026-03-28 12:13:36 | node_33 | INFO ] 📢 Broadcasting metrics.
[ 2026-03-28 12:13:36 | node_48 | INFO ] 🗳️ [DETERMINISTIC] Train set assigned (No Voting). Size: 50
[ 2026-03-28 12:13:36 | node_18 | INFO ] 🎉 Round 147 of 150 finished.
[ 2026-03-28 12:13:36 | node_21 | INFO ] 🎉 Round 147 of 150 finished.
[ 2026-03-28 12:13:36 | node_39 | INFO ] 🏋️‍♀️ Preparing training...
[ 2026-03-28 12:13:36 | node_11 | INFO ] 🗳️ [DETERMINISTIC] Train set assigned (No Voting). Size: 50
[ 2026-03-28 12:13:36 | node_43 | INFO ] 🗳️ [DETERMINISTIC] Train set assigned (No Voting). Size: 50
[ 2026-03-28 12:13:36 | node_40 | INFO ] 🎉 Round 147 of 150 finished.
[ 2026-03-28 12:13:36 | node_15 | INFO ] 🎉 Round 147 of 150 finished.
[ 2026-03-28 12:13:36 | node_18 | INFO ] 🗳️ [DETERMINISTIC] Train set assigned (No Voting). Size: 50
[ 2026-03-28 12:13:36 | node_21 | INFO ] 🗳️ [DETERMINISTIC] Train set assigned (No Voting). Size: 50
[ 2026-03-28 12:13:36 | node_17 | INFO ] 🎉 Round 147 of 150 finished.
[ 2026-03-28 12:13:36 | node_48 | INFO ] 🏋️‍♀️ Preparing training...
[ 2026-03-28 12:13:36 | node_40 | INFO ] 🗳️ [DETERMINISTIC] Train set assigned (No Voting). Size: 50
[ 2026-03-28 12:13:36 | node_11 | INFO ] 🏋️‍♀️ Preparing training...
[ 2026-03-28 12:13:36 | node_15 | INFO ] 🗳️ [DETERMINISTIC] Train set assigned (No Voting). Size: 50
[ 2026-03-28 12:13:36 | node_43 | INFO ] 🏋️‍♀️ Preparing training...
[ 2026-03-28 12:13:36 | node_27 | INFO ] 🎉 Round 147 of 150 finished.
[ 2026-03-28 12:13:36 | node_37 | INFO ] 📈 Evaluated. Results: {'test_loss': 0.005880179814994335, 'test_accuracy': 0.9946913719177246, 'test_precision': 0.3287126123905182, 'test_recall': 0.36179593205451965, 'test_f1': 0.32950785756111145, 'communication_cost': 182472}
[ 2026-03-28 12:13:36 | node_17 | INFO ] 🗳️ [DETERMINISTIC] Train set assigned (No Voting). Size: 50
[ 2026-03-28 12:13:36 | node_38 | INFO ] 🎉 Round 147 of 150 finished.
[ 2026-03-28 12:13:36 | node_21 | INFO ] 🏋️‍♀️ Preparing training...
[ 2026-03-28 12:13:36 | node_16 | INFO ] 🎉 Round 147 of 150 finished.
[ 2026-03-28 12:13:36 | node_20 | INFO ] 📈 Evaluated. Results: {'test_loss': 0.00364485546015203, 'test_accuracy': 0.9943314790725708, 'test_precision': 0.3494509160518646, 'test_recall': 0.649929940700531, 'test_f1': 0.4482363760471344, 'communication_cost': 182472}
[ 2026-03-28 12:13:36 | node_42 | INFO ] 📈 Evaluated. Results: {'test_loss': 0.0042743561789393425, 'test_accuracy': 0.9953212141990662, 'test_precision': 0.493730366230011, 'test_recall': 0.6281319856643677, 'test_f1': 0.5386660099029541, 'communication_cost': 182472}
[ 2026-03-28 12:13:36 | node_40 | INFO ] 🏋️‍♀️ Preparing training...
[ 2026-03-28 12:13:36 | node_27 | INFO ] 🗳️ [DETERMINISTIC] Train set assigned (No Voting). Size: 50
[ 2026-03-28 12:13:36 | node_26 | INFO ] 🎉 Round 147 of 150 finished.
[ 2026-03-28 12:13:36 | node_18 | INFO ] 🏋️‍♀️ Preparing training...
[ 2026-03-28 12:13:36 | node_31 | INFO ] 🎉 Round 147 of 150 finished.
[ 2026-03-28 12:13:36 | node_41 | INFO ] 📈 Evaluated. Results: {'test_loss': 0.0049951341934502125, 'test_accuracy': 0.9929818511009216, 'test_precision': 0.28270578384399414, 'test_recall': 0.506271243095398, 'test_f1': 0.3624877333641052, 'communication_cost': 182472}
[ 2026-03-28 12:13:36 | node_37 | INFO ] 📢 Broadcasting metrics.
[ 2026-03-28 12:13:36 | node_28 | INFO ] 🎉 Round 147 of 150 finished.
[ 2026-03-28 12:13:36 | node_15 | INFO ] 🏋️‍♀️ Preparing training...
[ 2026-03-28 12:13:36 | node_42 | INFO ] 📢 Broadcasting metrics.
[ 2026-03-28 12:13:36 | node_20 | INFO ] 📢 Broadcasting metrics.
[ 2026-03-28 12:13:36 | node_38 | INFO ] 🗳️ [DETERMINISTIC] Train set assigned (No Voting). Size: 50
[ 2026-03-28 12:13:36 | node_34 | INFO ] 🎉 Round 147 of 150 finished.
[ 2026-03-28 12:13:36 | node_44 | INFO ] 🎉 Round 147 of 150 finished.
[ 2026-03-28 12:13:36 | node_32 | INFO ] 🎉 Round 147 of 150 finished.
[ 2026-03-28 12:13:36 | node_16 | INFO ] 🗳️ [DETERMINISTIC] Train set assigned (No Voting). Size: 50
[ 2026-03-28 12:13:36 | node_41 | INFO ] 📢 Broadcasting metrics.
[ 2026-03-28 12:13:36 | node_17 | INFO ] 🏋️‍♀️ Preparing training...
[ 2026-03-28 12:13:36 | node_36 | INFO ] 🎉 Round 147 of 150 finished.
[ 2026-03-28 12:13:36 | node_45 | INFO ] 🎉 Round 147 of 150 finished.
[ 2026-03-28 12:13:36 | node_26 | INFO ] 🗳️ [DETERMINISTIC] Train set assigned (No Voting). Size: 50
[ 2026-03-28 12:13:36 | node_28 | INFO ] 🗳️ [DETERMINISTIC] Train set assigned (No Voting). Size: 50
[ 2026-03-28 12:13:36 | node_31 | INFO ] 🗳️ [DETERMINISTIC] Train set assigned (No Voting). Size: 50
[ 2026-03-28 12:13:36 | node_27 | INFO ] 🏋️‍♀️ Preparing training...
[ 2026-03-28 12:13:36 | node_44 | INFO ] 🗳️ [DETERMINISTIC] Train set assigned (No Voting). Size: 50
[ 2026-03-28 12:13:36 | node_32 | INFO ] 🗳️ [DETERMINISTIC] Train set assigned (No Voting). Size: 50
[ 2026-03-28 12:13:36 | node_45 | INFO ] 🗳️ [DETERMINISTIC] Train set assigned (No Voting). Size: 50
[ 2026-03-28 12:13:36 | node_36 | INFO ] 🗳️ [DETERMINISTIC] Train set assigned (No Voting). Size: 50
[ 2026-03-28 12:13:36 | node_28 | INFO ] 🏋️‍♀️ Preparing training...
[ 2026-03-28 12:13:36 | node_33 | INFO ] 🎉 Round 147 of 150 finished.
[ 2026-03-28 12:13:36 | node_34 | INFO ] 🗳️ [DETERMINISTIC] Train set assigned (No Voting). Size: 50
[ 2026-03-28 12:13:36 | node_16 | INFO ] 🏋️‍♀️ Preparing training...
[ 2026-03-28 12:13:36 | node_38 | INFO ] 🏋️‍♀️ Preparing training...
[ 2026-03-28 12:13:36 | node_26 | INFO ] 🏋️‍♀️ Preparing training...
[ 2026-03-28 12:13:36 | node_44 | INFO ] 🏋️‍♀️ Preparing training...
[ 2026-03-28 12:13:36 | node_33 | INFO ] 🗳️ [DETERMINISTIC] Train set assigned (No Voting). Size: 50
[ 2026-03-28 12:13:36 | node_45 | INFO ] 🏋️‍♀️ Preparing training...
[ 2026-03-28 12:13:36 | node_32 | INFO ] 🏋️‍♀️ Preparing training...
[ 2026-03-28 12:13:36 | node_31 | INFO ] 🏋️‍♀️ Preparing training...
[ 2026-03-28 12:13:36 | node_34 | INFO ] 🏋️‍♀️ Preparing training...
[ 2026-03-28 12:13:36 | node_36 | INFO ] 🏋️‍♀️ Preparing training...
[ 2026-03-28 12:13:36 | node_33 | INFO ] 🏋️‍♀️ Preparing training...
[ 2026-03-28 12:13:36 | node_20 | INFO ] 🎉 Round 147 of 150 finished.
[ 2026-03-28 12:13:36 | node_20 | INFO ] 🗳️ [DETERMINISTIC] Train set assigned (No Voting). Size: 50
[ 2026-03-28 12:13:36 | node_42 | INFO ] 🎉 Round 147 of 150 finished.
[ 2026-03-28 12:13:36 | node_37 | INFO ] 🎉 Round 147 of 150 finished.
[ 2026-03-28 12:13:36 | node_41 | INFO ] 🎉 Round 147 of 150 finished.
[ 2026-03-28 12:13:36 | node_42 | INFO ] 🗳️ [DETERMINISTIC] Train set assigned (No Voting). Size: 50
[ 2026-03-28 12:13:36 | node_37 | INFO ] 🗳️ [DETERMINISTIC] Train set assigned (No Voting). Size: 50
[ 2026-03-28 12:13:36 | node_20 | INFO ] 🏋️‍♀️ Preparing training...
[ 2026-03-28 12:13:36 | node_41 | INFO ] 🗳️ [DETERMINISTIC] Train set assigned (No Voting). Size: 50
[ 2026-03-28 12:13:36 | node_42 | INFO ] 🏋️‍♀️ Preparing training...
[ 2026-03-28 12:13:36 | node_37 | INFO ] 🏋️‍♀️ Preparing training...
[ 2026-03-28 12:13:37 | node_41 | INFO ] 🏋️‍♀️ Preparing training...
[ 2026-03-28 12:13:41 | node | INFO ] 🎉 Round 147 of 150 finished.
[ 2026-03-28 12:13:41 | node | INFO ] 🗳️ [DETERMINISTIC] Train set assigned (No Voting). Size: 50
[ 2026-03-28 12:13:41 | node | INFO ] 🏋️‍♀️ Preparing training...
[ 2026-03-28 12:13:45 | node_9 | INFO ] 🎓 Training step done.
[ 2026-03-28 12:13:45 | node_9 | INFO ] 🛠️ Calling force_add_local_model...
[ 2026-03-28 12:13:45 | node_9 | INFO ] ✅ [FORCE] Local model added for round 147. (1/2)
[ 2026-03-28 12:13:46 | node_2 | INFO ] 🎓 Training step done.
[ 2026-03-28 12:13:46 | node_2 | INFO ] 🛠️ Calling force_add_local_model...
[ 2026-03-28 12:13:46 | node_2 | INFO ] ✅ [FORCE] Local model added for round 147. (1/2)
[ 2026-03-28 12:13:48 | node_22 | INFO ] 🎓 Training step done.
[ 2026-03-28 12:13:48 | node_22 | INFO ] 🛠️ Calling force_add_local_model...
[ 2026-03-28 12:13:49 | node_22 | INFO ] ✅ [FORCE] Local model added for round 147. (1/2)
[ 2026-03-28 12:13:49 | node_10 | INFO ] 🎓 Training step done.
[ 2026-03-28 12:13:49 | node_10 | INFO ] 🛠️ Calling force_add_local_model...
[ 2026-03-28 12:13:49 | node_10 | INFO ] ✅ [FORCE] Local model added for round 147. (1/2)
[ 2026-03-28 12:13:49 | node_34 | INFO ] 🎓 Training step done.
[ 2026-03-28 12:13:49 | node_34 | INFO ] 🛠️ Calling force_add_local_model...
[ 2026-03-28 12:13:49 | node_34 | INFO ] ✅ [FORCE] Local model added for round 147. (1/2)
[ 2026-03-28 12:13:50 | node_5 | INFO ] 🎓 Training step done.
[ 2026-03-28 12:13:50 | node_5 | INFO ] 🛠️ Calling force_add_local_model...
[ 2026-03-28 12:13:50 | node_5 | INFO ] ✅ [FORCE] Local model added for round 147. (1/2)
[ 2026-03-28 12:13:50 | node_8 | INFO ] 🎓 Training step done.
[ 2026-03-28 12:13:50 | node_8 | INFO ] 🛠️ Calling force_add_local_model...
[ 2026-03-28 12:13:50 | node_8 | INFO ] ✅ [FORCE] Local model added for round 147. (1/2)
[ 2026-03-28 12:13:50 | node_38 | INFO ] 🎓 Training step done.
[ 2026-03-28 12:13:50 | node_9 | INFO ] 📤 Sending model to 1 direct neighbors: ['node']
[ 2026-03-28 12:13:50 | node_38 | INFO ] 🛠️ Calling force_add_local_model...
[ 2026-03-28 12:13:50 | node_38 | INFO ] ✅ [FORCE] Local model added for round 147. (1/2)
[ 2026-03-28 12:13:50 | node | INFO ] 🧩 Model added for round 147 (1/50) from ['node_9']
[ 2026-03-28 12:13:51 | node_4 | INFO ] 🎓 Training step done.
[ 2026-03-28 12:13:51 | node_26 | INFO ] 🎓 Training step done.
[ 2026-03-28 12:13:51 | node_4 | INFO ] 🛠️ Calling force_add_local_model...
[ 2026-03-28 12:13:51 | node_26 | INFO ] 🛠️ Calling force_add_local_model...
[ 2026-03-28 12:13:51 | node_4 | INFO ] ✅ [FORCE] Local model added for round 147. (1/2)
[ 2026-03-28 12:13:51 | node_26 | INFO ] ✅ [FORCE] Local model added for round 147. (1/2)
[ 2026-03-28 12:13:51 | node_24 | INFO ] 🎓 Training step done.
[ 2026-03-28 12:13:51 | node_24 | INFO ] 🛠️ Calling force_add_local_model...
[ 2026-03-28 12:13:51 | node_24 | INFO ] ✅ [FORCE] Local model added for round 147. (1/2)
[ 2026-03-28 12:13:51 | node_21 | INFO ] 🎓 Training step done.
[ 2026-03-28 12:13:51 | node_21 | INFO ] 🛠️ Calling force_add_local_model...
[ 2026-03-28 12:13:51 | node_21 | INFO ] ✅ [FORCE] Local model added for round 147. (1/2)
[ 2026-03-28 12:13:51 | node_2 | INFO ] 📤 Sending model to 1 direct neighbors: ['node']
[ 2026-03-28 12:13:51 | node_29 | INFO ] 🎓 Training step done.
[ 2026-03-28 12:13:51 | node_29 | INFO ] 🛠️ Calling force_add_local_model...
[ 2026-03-28 12:13:51 | node_29 | INFO ] ✅ [FORCE] Local model added for round 147. (1/2)
[ 2026-03-28 12:13:51 | node_12 | INFO ] 🎓 Training step done.
[ 2026-03-28 12:13:52 | node_6 | INFO ] 🎓 Training step done.
[ 2026-03-28 12:13:52 | node_12 | INFO ] 🛠️ Calling force_add_local_model...
[ 2026-03-28 12:13:52 | node | INFO ] 🧩 Model added for round 147 (2/50) from ['node_2']
[ 2026-03-28 12:13:52 | node_6 | INFO ] 🛠️ Calling force_add_local_model...
[ 2026-03-28 12:13:52 | node_12 | INFO ] ✅ [FORCE] Local model added for round 147. (1/2)
[ 2026-03-28 12:13:52 | node_17 | INFO ] 🎓 Training step done.
[ 2026-03-28 12:13:52 | node_6 | INFO ] ✅ [FORCE] Local model added for round 147. (1/2)
[ 2026-03-28 12:13:52 | node_17 | INFO ] 🛠️ Calling force_add_local_model...
[ 2026-03-28 12:13:52 | node_17 | INFO ] ✅ [FORCE] Local model added for round 147. (1/2)
[ 2026-03-28 12:13:52 | node_37 | INFO ] 🎓 Training step done.
[ 2026-03-28 12:13:52 | node_37 | INFO ] 🛠️ Calling force_add_local_model...
[ 2026-03-28 12:13:52 | node_20 | INFO ] 🎓 Training step done.
[ 2026-03-28 12:13:52 | node_43 | INFO ] 🎓 Training step done.
[ 2026-03-28 12:13:52 | node_37 | INFO ] ✅ [FORCE] Local model added for round 147. (1/2)
[ 2026-03-28 12:13:52 | node_20 | INFO ] 🛠️ Calling force_add_local_model...
[ 2026-03-28 12:13:52 | node_43 | INFO ] 🛠️ Calling force_add_local_model...
[ 2026-03-28 12:13:52 | node_23 | INFO ] 🎓 Training step done.
[ 2026-03-28 12:13:52 | node_20 | INFO ] ✅ [FORCE] Local model added for round 147. (1/2)
[ 2026-03-28 12:13:52 | node_43 | INFO ] ✅ [FORCE] Local model added for round 147. (1/2)
[ 2026-03-28 12:13:52 | node_23 | INFO ] 🛠️ Calling force_add_local_model...
[ 2026-03-28 12:13:52 | node_23 | INFO ] ✅ [FORCE] Local model added for round 147. (1/2)
[ 2026-03-28 12:13:52 | node_46 | INFO ] 🎓 Training step done.
[ 2026-03-28 12:13:52 | node_46 | INFO ] 🛠️ Calling force_add_local_model...
[ 2026-03-28 12:13:52 | node_46 | INFO ] ✅ [FORCE] Local model added for round 147. (1/2)
[ 2026-03-28 12:13:52 | node_30 | INFO ] 🎓 Training step done.
[ 2026-03-28 12:13:52 | node_30 | INFO ] 🛠️ Calling force_add_local_model...
[ 2026-03-28 12:13:52 | node_30 | INFO ] ✅ [FORCE] Local model added for round 147. (1/2)
[ 2026-03-28 12:13:53 | node_45 | INFO ] 🎓 Training step done.
[ 2026-03-28 12:13:53 | node_45 | INFO ] 🛠️ Calling force_add_local_model...
[ 2026-03-28 12:13:53 | node_45 | INFO ] ✅ [FORCE] Local model added for round 147. (1/2)
[ 2026-03-28 12:13:53 | node_40 | INFO ] 🎓 Training step done.
[ 2026-03-28 12:13:53 | node_40 | INFO ] 🛠️ Calling force_add_local_model...
[ 2026-03-28 12:13:53 | node_40 | INFO ] ✅ [FORCE] Local model added for round 147. (1/2)
[ 2026-03-28 12:13:53 | node_31 | INFO ] 🎓 Training step done.
[ 2026-03-28 12:13:53 | node_31 | INFO ] 🛠️ Calling force_add_local_model...
[ 2026-03-28 12:13:53 | node_31 | INFO ] ✅ [FORCE] Local model added for round 147. (1/2)
[ 2026-03-28 12:13:53 | node_44 | INFO ] 🎓 Training step done.
[ 2026-03-28 12:13:53 | node_44 | INFO ] 🛠️ Calling force_add_local_model...
[ 2026-03-28 12:13:53 | node_44 | INFO ] ✅ [FORCE] Local model added for round 147. (1/2)
[ 2026-03-28 12:13:53 | node_19 | INFO ] 🎓 Training step done.
[ 2026-03-28 12:13:53 | node_19 | INFO ] 🛠️ Calling force_add_local_model...
[ 2026-03-28 12:13:53 | node_3 | INFO ] 🎓 Training step done.
[ 2026-03-28 12:13:53 | node_19 | INFO ] ✅ [FORCE] Local model added for round 147. (1/2)
[ 2026-03-28 12:13:53 | node_3 | INFO ] 🛠️ Calling force_add_local_model...
[ 2026-03-28 12:13:53 | node_3 | INFO ] ✅ [FORCE] Local model added for round 147. (1/2)
[ 2026-03-28 12:13:53 | node_16 | INFO ] 🎓 Training step done.
[ 2026-03-28 12:13:53 | node_16 | INFO ] 🛠️ Calling force_add_local_model...
[ 2026-03-28 12:13:53 | node_16 | INFO ] ✅ [FORCE] Local model added for round 147. (1/2)
[ 2026-03-28 12:13:53 | node_14 | INFO ] 🎓 Training step done.
[ 2026-03-28 12:13:53 | node_14 | INFO ] 🛠️ Calling force_add_local_model...
[ 2026-03-28 12:13:53 | node_14 | INFO ] ✅ [FORCE] Local model added for round 147. (1/2)
[ 2026-03-28 12:13:53 | node_7 | INFO ] 🎓 Training step done.
[ 2026-03-28 12:13:53 | node_7 | INFO ] 🛠️ Calling force_add_local_model...
[ 2026-03-28 12:13:53 | node_7 | INFO ] ✅ [FORCE] Local model added for round 147. (1/2)
[ 2026-03-28 12:13:53 | node_39 | INFO ] 🎓 Training step done.
[ 2026-03-28 12:13:53 | node_39 | INFO ] 🛠️ Calling force_add_local_model...
[ 2026-03-28 12:13:53 | node_36 | INFO ] 🎓 Training step done.
[ 2026-03-28 12:13:53 | node_39 | INFO ] ✅ [FORCE] Local model added for round 147. (1/2)
[ 2026-03-28 12:13:53 | node_36 | INFO ] 🛠️ Calling force_add_local_model...
[ 2026-03-28 12:13:53 | node_36 | INFO ] ✅ [FORCE] Local model added for round 147. (1/2)
[ 2026-03-28 12:13:54 | node_22 | INFO ] 📤 Sending model to 1 direct neighbors: ['node']
[ 2026-03-28 12:13:54 | node_1 | INFO ] 🎓 Training step done.
[ 2026-03-28 12:13:54 | node_1 | INFO ] 🛠️ Calling force_add_local_model...
[ 2026-03-28 12:13:54 | node | INFO ] 🧩 Model added for round 147 (3/50) from ['node_22']
[ 2026-03-28 12:13:54 | node_1 | INFO ] ✅ [FORCE] Local model added for round 147. (1/2)
[ 2026-03-28 12:13:54 | node_49 | INFO ] 🎓 Training step done.
[ 2026-03-28 12:13:54 | node_49 | INFO ] 🛠️ Calling force_add_local_model...
[ 2026-03-28 12:13:54 | node_49 | INFO ] ✅ [FORCE] Local model added for round 147. (1/2)
[ 2026-03-28 12:13:54 | node_35 | INFO ] 🎓 Training step done.
[ 2026-03-28 12:13:54 | node_35 | INFO ] 🛠️ Calling force_add_local_model...
[ 2026-03-28 12:13:54 | node_35 | INFO ] ✅ [FORCE] Local model added for round 147. (1/2)
[ 2026-03-28 12:13:54 | node_25 | INFO ] 🎓 Training step done.
[ 2026-03-28 12:13:54 | node_25 | INFO ] 🛠️ Calling force_add_local_model...
[ 2026-03-28 12:13:54 | node_25 | INFO ] ✅ [FORCE] Local model added for round 147. (1/2)
[ 2026-03-28 12:13:54 | node_15 | INFO ] 🎓 Training step done.
[ 2026-03-28 12:13:54 | node_15 | INFO ] 🛠️ Calling force_add_local_model...
[ 2026-03-28 12:13:54 | node_15 | INFO ] ✅ [FORCE] Local model added for round 147. (1/2)
[ 2026-03-28 12:13:54 | node_32 | INFO ] 🎓 Training step done.
[ 2026-03-28 12:13:54 | node_32 | INFO ] 🛠️ Calling force_add_local_model...
[ 2026-03-28 12:13:54 | node_47 | INFO ] 🎓 Training step done.
[ 2026-03-28 12:13:54 | node_32 | INFO ] ✅ [FORCE] Local model added for round 147. (1/2)
[ 2026-03-28 12:13:54 | node_47 | INFO ] 🛠️ Calling force_add_local_model...
[ 2026-03-28 12:13:54 | node_47 | INFO ] ✅ [FORCE] Local model added for round 147. (1/2)
[ 2026-03-28 12:13:54 | node_10 | INFO ] 📤 Sending model to 1 direct neighbors: ['node']
[ 2026-03-28 12:13:54 | node_28 | INFO ] 🎓 Training step done.
[ 2026-03-28 12:13:54 | node_28 | INFO ] 🛠️ Calling force_add_local_model...
[ 2026-03-28 12:13:54 | node_28 | INFO ] ✅ [FORCE] Local model added for round 147. (1/2)
[ 2026-03-28 12:13:54 | node | INFO ] 🧩 Model added for round 147 (4/50) from ['node_10']
[ 2026-03-28 12:13:54 | node_11 | INFO ] 🎓 Training step done.
[ 2026-03-28 12:13:54 | node_11 | INFO ] 🛠️ Calling force_add_local_model...
[ 2026-03-28 12:13:54 | node_11 | INFO ] ✅ [FORCE] Local model added for round 147. (1/2)
[ 2026-03-28 12:13:54 | node_27 | INFO ] 🎓 Training step done.
[ 2026-03-28 12:13:54 | node_27 | INFO ] 🛠️ Calling force_add_local_model...
[ 2026-03-28 12:13:54 | node_27 | INFO ] ✅ [FORCE] Local model added for round 147. (1/2)
[ 2026-03-28 12:13:54 | node_42 | INFO ] 🎓 Training step done.
[ 2026-03-28 12:13:54 | node_42 | INFO ] 🛠️ Calling force_add_local_model...
[ 2026-03-28 12:13:54 | node_42 | INFO ] ✅ [FORCE] Local model added for round 147. (1/2)
[ 2026-03-28 12:13:54 | node_34 | INFO ] 📤 Sending model to 1 direct neighbors: ['node']
[ 2026-03-28 12:13:54 | node | INFO ] 🎓 Training step done.
[ 2026-03-28 12:13:54 | node | INFO ] 🛠️ Calling force_add_local_model...
[ 2026-03-28 12:13:55 | node | INFO ] ✅ [FORCE] Local model added for round 147. (5/50)
[ 2026-03-28 12:13:55 | node | INFO ] 🧩 Model added for round 147 (6/50) from ['node_34']
[ 2026-03-28 12:13:55 | node_18 | INFO ] 🎓 Training step done.
[ 2026-03-28 12:13:55 | node_18 | INFO ] 🛠️ Calling force_add_local_model...
[ 2026-03-28 12:13:55 | node_18 | INFO ] ✅ [FORCE] Local model added for round 147. (1/2)
[ 2026-03-28 12:13:55 | node_13 | INFO ] 🎓 Training step done.
[ 2026-03-28 12:13:55 | node_13 | INFO ] 🛠️ Calling force_add_local_model...
[ 2026-03-28 12:13:55 | node_13 | INFO ] ✅ [FORCE] Local model added for round 147. (1/2)
[ 2026-03-28 12:13:55 | node_48 | INFO ] 🎓 Training step done.
[ 2026-03-28 12:13:55 | node_48 | INFO ] 🛠️ Calling force_add_local_model...
[ 2026-03-28 12:13:55 | node_33 | INFO ] 🎓 Training step done.
[ 2026-03-28 12:13:55 | node_33 | INFO ] 🛠️ Calling force_add_local_model...
[ 2026-03-28 12:13:55 | node_48 | INFO ] ✅ [FORCE] Local model added for round 147. (1/2)
[ 2026-03-28 12:13:55 | node_33 | INFO ] ✅ [FORCE] Local model added for round 147. (1/2)
[ 2026-03-28 12:13:55 | node_41 | INFO ] 🎓 Training step done.
[ 2026-03-28 12:13:55 | node_41 | INFO ] 🛠️ Calling force_add_local_model...
[ 2026-03-28 12:13:55 | node_41 | INFO ] ✅ [FORCE] Local model added for round 147. (1/2)
[ 2026-03-28 12:13:55 | node_5 | INFO ] 📤 Sending model to 1 direct neighbors: ['node']
[ 2026-03-28 12:13:55 | node | INFO ] 🧩 Model added for round 147 (7/50) from ['node_5']
[ 2026-03-28 12:13:55 | node_8 | INFO ] 📤 Sending model to 1 direct neighbors: ['node']
[ 2026-03-28 12:13:55 | node | INFO ] 🧩 Model added for round 147 (8/50) from ['node_8']
[ 2026-03-28 12:13:55 | node_38 | INFO ] 📤 Sending model to 1 direct neighbors: ['node']
[ 2026-03-28 12:13:55 | node | INFO ] 🧩 Model added for round 147 (9/50) from ['node_38']
[ 2026-03-28 12:13:56 | node_4 | INFO ] 📤 Sending model to 1 direct neighbors: ['node']
[ 2026-03-28 12:13:56 | node_26 | INFO ] 📤 Sending model to 1 direct neighbors: ['node']
[ 2026-03-28 12:13:56 | node | INFO ] 🧩 Model added for round 147 (10/50) from ['node_4']
[ 2026-03-28 12:13:56 | node | INFO ] 🧩 Model added for round 147 (11/50) from ['node_26']
[ 2026-03-28 12:13:56 | node_24 | INFO ] 📤 Sending model to 1 direct neighbors: ['node']
[ 2026-03-28 12:13:56 | node | INFO ] 🧩 Model added for round 147 (12/50) from ['node_24']
[ 2026-03-28 12:13:56 | node_21 | INFO ] 📤 Sending model to 1 direct neighbors: ['node']
[ 2026-03-28 12:13:56 | node | INFO ] 🧩 Model added for round 147 (13/50) from ['node_21']
[ 2026-03-28 12:13:56 | node_29 | INFO ] 📤 Sending model to 1 direct neighbors: ['node']
[ 2026-03-28 12:13:56 | node | INFO ] 🧩 Model added for round 147 (14/50) from ['node_29']
[ 2026-03-28 12:13:57 | node_12 | INFO ] 📤 Sending model to 1 direct neighbors: ['node']
[ 2026-03-28 12:13:57 | node | INFO ] 🧩 Model added for round 147 (15/50) from ['node_12']
[ 2026-03-28 12:13:57 | node_6 | INFO ] 📤 Sending model to 1 direct neighbors: ['node']
[ 2026-03-28 12:13:57 | node_17 | INFO ] 📤 Sending model to 1 direct neighbors: ['node']
[ 2026-03-28 12:13:57 | node | INFO ] 🧩 Model added for round 147 (16/50) from ['node_6']
[ 2026-03-28 12:13:57 | node | INFO ] 🧩 Model added for round 147 (17/50) from ['node_17']
[ 2026-03-28 12:13:57 | node_37 | INFO ] 📤 Sending model to 1 direct neighbors: ['node']
[ 2026-03-28 12:13:57 | node_20 | INFO ] 📤 Sending model to 1 direct neighbors: ['node']
[ 2026-03-28 12:13:57 | node_43 | INFO ] 📤 Sending model to 1 direct neighbors: ['node']
[ 2026-03-28 12:13:57 | node_23 | INFO ] 📤 Sending model to 1 direct neighbors: ['node']
[ 2026-03-28 12:13:57 | node | INFO ] 🧩 Model added for round 147 (18/50) from ['node_37']
[ 2026-03-28 12:13:57 | node | INFO ] 🧩 Model added for round 147 (19/50) from ['node_43']
[ 2026-03-28 12:13:57 | node | INFO ] 🧩 Model added for round 147 (20/50) from ['node_20']
[ 2026-03-28 12:13:57 | node_46 | INFO ] 📤 Sending model to 1 direct neighbors: ['node']
[ 2026-03-28 12:13:57 | node | INFO ] 🧩 Model added for round 147 (21/50) from ['node_23']
[ 2026-03-28 12:13:57 | node | INFO ] 🧩 Model added for round 147 (22/50) from ['node_46']
[ 2026-03-28 12:13:57 | node_30 | INFO ] 📤 Sending model to 1 direct neighbors: ['node']
[ 2026-03-28 12:13:58 | node | INFO ] 🧩 Model added for round 147 (23/50) from ['node_30']
[ 2026-03-28 12:13:58 | node_45 | INFO ] 📤 Sending model to 1 direct neighbors: ['node']
[ 2026-03-28 12:13:58 | node | INFO ] 🧩 Model added for round 147 (24/50) from ['node_45']
[ 2026-03-28 12:13:58 | node_40 | INFO ] 📤 Sending model to 1 direct neighbors: ['node']
[ 2026-03-28 12:13:58 | node | INFO ] 🧩 Model added for round 147 (25/50) from ['node_40']
[ 2026-03-28 12:13:58 | node_31 | INFO ] 📤 Sending model to 1 direct neighbors: ['node']
[ 2026-03-28 12:13:58 | node_44 | INFO ] 📤 Sending model to 1 direct neighbors: ['node']
[ 2026-03-28 12:13:58 | node_19 | INFO ] 📤 Sending model to 1 direct neighbors: ['node']
[ 2026-03-28 12:13:58 | node_3 | INFO ] 📤 Sending model to 1 direct neighbors: ['node']
[ 2026-03-28 12:13:58 | node | INFO ] 🧩 Model added for round 147 (26/50) from ['node_31']
[ 2026-03-28 12:13:58 | node | INFO ] 🧩 Model added for round 147 (27/50) from ['node_44']
[ 2026-03-28 12:13:58 | node_16 | INFO ] 📤 Sending model to 1 direct neighbors: ['node']
[ 2026-03-28 12:13:58 | node | INFO ] 🧩 Model added for round 147 (28/50) from ['node_19']
[ 2026-03-28 12:13:58 | node | INFO ] 🧩 Model added for round 147 (29/50) from ['node_3']
[ 2026-03-28 12:13:58 | node_14 | INFO ] 📤 Sending model to 1 direct neighbors: ['node']
[ 2026-03-28 12:13:58 | node | INFO ] 🧩 Model added for round 147 (30/50) from ['node_16']
[ 2026-03-28 12:13:58 | node_7 | INFO ] 📤 Sending model to 1 direct neighbors: ['node']
[ 2026-03-28 12:13:58 | node_36 | INFO ] 📤 Sending model to 1 direct neighbors: ['node']
[ 2026-03-28 12:13:58 | node_39 | INFO ] 📤 Sending model to 1 direct neighbors: ['node']
[ 2026-03-28 12:13:59 | node_1 | INFO ] 📤 Sending model to 1 direct neighbors: ['node']
[ 2026-03-28 12:13:59 | node | INFO ] 🧩 Model added for round 147 (31/50) from ['node_14']
[ 2026-03-28 12:13:59 | node_49 | INFO ] 📤 Sending model to 1 direct neighbors: ['node']
[ 2026-03-28 12:13:59 | node | INFO ] 🧩 Model added for round 147 (32/50) from ['node_7']
[ 2026-03-28 12:13:59 | node | INFO ] 🧩 Model added for round 147 (33/50) from ['node_36']
[ 2026-03-28 12:13:59 | node_35 | INFO ] 📤 Sending model to 1 direct neighbors: ['node']
[ 2026-03-28 12:13:59 | node | INFO ] 🧩 Model added for round 147 (34/50) from ['node_39']
[ 2026-03-28 12:13:59 | node | INFO ] 🧩 Model added for round 147 (35/50) from ['node_1']
[ 2026-03-28 12:13:59 | node_25 | INFO ] 📤 Sending model to 1 direct neighbors: ['node']
[ 2026-03-28 12:13:59 | node | INFO ] 🧩 Model added for round 147 (36/50) from ['node_49']
[ 2026-03-28 12:13:59 | node_15 | INFO ] 📤 Sending model to 1 direct neighbors: ['node']
[ 2026-03-28 12:13:59 | node | INFO ] 🧩 Model added for round 147 (37/50) from ['node_35']
[ 2026-03-28 12:13:59 | node_32 | INFO ] 📤 Sending model to 1 direct neighbors: ['node']
[ 2026-03-28 12:13:59 | node_47 | INFO ] 📤 Sending model to 1 direct neighbors: ['node']
[ 2026-03-28 12:13:59 | node_28 | INFO ] 📤 Sending model to 1 direct neighbors: ['node']
[ 2026-03-28 12:13:59 | node | INFO ] 🧩 Model added for round 147 (38/50) from ['node_25']
[ 2026-03-28 12:13:59 | node_11 | INFO ] 📤 Sending model to 1 direct neighbors: ['node']
[ 2026-03-28 12:13:59 | node | INFO ] 🧩 Model added for round 147 (39/50) from ['node_15']
[ 2026-03-28 12:13:59 | node_27 | INFO ] 📤 Sending model to 1 direct neighbors: ['node']
[ 2026-03-28 12:13:59 | node_42 | INFO ] 📤 Sending model to 1 direct neighbors: ['node']
[ 2026-03-28 12:13:59 | node | INFO ] 🧩 Model added for round 147 (40/50) from ['node_47']
[ 2026-03-28 12:13:59 | node | INFO ] 🧩 Model added for round 147 (41/50) from ['node_32']
[ 2026-03-28 12:14:00 | node | INFO ] 🧩 Model added for round 147 (42/50) from ['node_28']
[ 2026-03-28 12:14:00 | node | INFO ] 📤 Sending model to 49 direct neighbors: ['node_1', 'node_2', 'node_3', 'node_4', 'node_5', 'node_6', 'node_7', 'node_8', 'node_9', 'node_10', 'node_11', 'node_12', 'node_13', 'node_14', 'node_15', 'node_16', 'node_17', 'node_18', 'node_19', 'node_20', 'node_21', 'node_22', 'node_23', 'node_24', 'node_25', 'node_26', 'node_27', 'node_28', 'node_29', 'node_30', 'node_31', 'node_32', 'node_33', 'node_34', 'node_35', 'node_36', 'node_37', 'node_38', 'node_39', 'node_40', 'node_41', 'node_42', 'node_43', 'node_44', 'node_45', 'node_46', 'node_47', 'node_48', 'node_49']
[ 2026-03-28 12:14:00 | node_18 | INFO ] 📤 Sending model to 1 direct neighbors: ['node']
[ 2026-03-28 12:14:00 | node | INFO ] 🧩 Model added for round 147 (43/50) from ['node_11']
[ 2026-03-28 12:14:00 | node_13 | INFO ] 📤 Sending model to 1 direct neighbors: ['node']
[ 2026-03-28 12:14:00 | node_48 | INFO ] 📤 Sending model to 1 direct neighbors: ['node']
[ 2026-03-28 12:14:00 | node_33 | INFO ] 📤 Sending model to 1 direct neighbors: ['node']
[ 2026-03-28 12:14:00 | node_41 | INFO ] 📤 Sending model to 1 direct neighbors: ['node']
[ 2026-03-28 12:14:00 | node | INFO ] 🧩 Model added for round 147 (44/50) from ['node_42']
[ 2026-03-28 12:14:00 | node | INFO ] 🧩 Model added for round 147 (45/50) from ['node_27']
[ 2026-03-28 12:14:00 | node | INFO ] 🧩 Model added for round 147 (46/50) from ['node_13']
[ 2026-03-28 12:14:00 | node | INFO ] 🧩 Model added for round 147 (47/50) from ['node_18']
[ 2026-03-28 12:14:00 | node | INFO ] 🧩 Model added for round 147 (48/50) from ['node_33']
[ 2026-03-28 12:14:00 | node_1 | INFO ] 🧩 Model added for round 147 (2/2) from ['node']
[ 2026-03-28 12:14:00 | node | INFO ] 🧩 Model added for round 147 (49/50) from ['node_48']
[ 2026-03-28 12:14:00 | node | INFO ] 🧩 Model added for round 147 (50/50) from ['node_41']
[ 2026-03-28 12:14:01 | node_2 | INFO ] 🧩 Model added for round 147 (2/2) from ['node']
[ 2026-03-28 12:14:01 | node_1 | INFO ] 🧠 Aggregation complete. Setting new model.
[ 2026-03-28 12:14:01 | node_1 | INFO ] 🗣️ Gossiping aggregated model.
[ 2026-03-28 12:14:01 | node_3 | INFO ] 🧩 Model added for round 147 (2/2) from ['node']
[ 2026-03-28 12:14:01 | node_2 | INFO ] 🧠 Aggregation complete. Setting new model.
[ 2026-03-28 12:14:01 | node_2 | INFO ] 🗣️ Gossiping aggregated model.
[ 2026-03-28 12:14:01 | node_4 | INFO ] 🧩 Model added for round 147 (2/2) from ['node']
[ 2026-03-28 12:14:01 | node_3 | INFO ] 🧠 Aggregation complete. Setting new model.
[ 2026-03-28 12:14:01 | node_3 | INFO ] 🗣️ Gossiping aggregated model.
[ 2026-03-28 12:14:01 | node_5 | INFO ] 🧩 Model added for round 147 (2/2) from ['node']
[ 2026-03-28 12:14:01 | node_4 | INFO ] 🧠 Aggregation complete. Setting new model.
[ 2026-03-28 12:14:01 | node_4 | INFO ] 🗣️ Gossiping aggregated model.
[ 2026-03-28 12:14:01 | node_6 | INFO ] 🧩 Model added for round 147 (2/2) from ['node']
[ 2026-03-28 12:14:01 | node_5 | INFO ] 🧠 Aggregation complete. Setting new model.
[ 2026-03-28 12:14:02 | node_5 | INFO ] 🗣️ Gossiping aggregated model.
[ 2026-03-28 12:14:02 | node_7 | INFO ] 🧩 Model added for round 147 (2/2) from ['node']
[ 2026-03-28 12:14:02 | node_6 | INFO ] 🧠 Aggregation complete. Setting new model.
[ 2026-03-28 12:14:02 | node_6 | INFO ] 🗣️ Gossiping aggregated model.
[ 2026-03-28 12:14:02 | node_7 | INFO ] 🧠 Aggregation complete. Setting new model.
[ 2026-03-28 12:14:02 | node_8 | INFO ] 🧩 Model added for round 147 (2/2) from ['node']
[ 2026-03-28 12:14:02 | node_7 | INFO ] 🗣️ Gossiping aggregated model.
[ 2026-03-28 12:14:02 | node_8 | INFO ] 🧠 Aggregation complete. Setting new model.
[ 2026-03-28 12:14:02 | node_9 | INFO ] 🧩 Model added for round 147 (2/2) from ['node']
[ 2026-03-28 12:14:02 | node_8 | INFO ] 🗣️ Gossiping aggregated model.
[ 2026-03-28 12:14:02 | node_9 | INFO ] 🧠 Aggregation complete. Setting new model.
[ 2026-03-28 12:14:02 | node_9 | INFO ] 🗣️ Gossiping aggregated model.
[ 2026-03-28 12:14:02 | node_10 | INFO ] 🧩 Model added for round 147 (2/2) from ['node']
[ 2026-03-28 12:14:02 | node_11 | INFO ] 🧩 Model added for round 147 (2/2) from ['node']
[ 2026-03-28 12:14:02 | node_10 | INFO ] 🧠 Aggregation complete. Setting new model.
[ 2026-03-28 12:14:02 | node_10 | INFO ] 🗣️ Gossiping aggregated model.
[ 2026-03-28 12:14:02 | node_12 | INFO ] 🧩 Model added for round 147 (2/2) from ['node']
[ 2026-03-28 12:14:02 | node_11 | INFO ] 🧠 Aggregation complete. Setting new model.
[ 2026-03-28 12:14:02 | node_11 | INFO ] 🗣️ Gossiping aggregated model.
[ 2026-03-28 12:14:02 | node_12 | INFO ] 🧠 Aggregation complete. Setting new model.
[ 2026-03-28 12:14:02 | node_13 | INFO ] 🧩 Model added for round 147 (2/2) from ['node']
[ 2026-03-28 12:14:02 | node_12 | INFO ] 🗣️ Gossiping aggregated model.
[ 2026-03-28 12:14:02 | node_14 | INFO ] 🧩 Model added for round 147 (2/2) from ['node']
[ 2026-03-28 12:14:02 | node_13 | INFO ] 🧠 Aggregation complete. Setting new model.
[ 2026-03-28 12:14:02 | node_13 | INFO ] 🗣️ Gossiping aggregated model.
[ 2026-03-28 12:14:02 | node_15 | INFO ] 🧩 Model added for round 147 (2/2) from ['node']
[ 2026-03-28 12:14:02 | node_14 | INFO ] 🧠 Aggregation complete. Setting new model.
[ 2026-03-28 12:14:02 | node_14 | INFO ] 🗣️ Gossiping aggregated model.
[ 2026-03-28 12:14:02 | node_15 | INFO ] 🧠 Aggregation complete. Setting new model.
[ 2026-03-28 12:14:02 | node_16 | INFO ] 🧩 Model added for round 147 (2/2) from ['node']
[ 2026-03-28 12:14:02 | node_15 | INFO ] 🗣️ Gossiping aggregated model.
[ 2026-03-28 12:14:02 | node_17 | INFO ] 🧩 Model added for round 147 (2/2) from ['node']
[ 2026-03-28 12:14:02 | node_16 | INFO ] 🧠 Aggregation complete. Setting new model.
[ 2026-03-28 12:14:02 | node_16 | INFO ] 🗣️ Gossiping aggregated model.
[ 2026-03-28 12:14:02 | node_18 | INFO ] 🧩 Model added for round 147 (2/2) from ['node']
[ 2026-03-28 12:14:02 | node_17 | INFO ] 🧠 Aggregation complete. Setting new model.
[ 2026-03-28 12:14:02 | node_17 | INFO ] 🗣️ Gossiping aggregated model.
[ 2026-03-28 12:14:02 | node_18 | INFO ] 🧠 Aggregation complete. Setting new model.
[ 2026-03-28 12:14:02 | node_19 | INFO ] 🧩 Model added for round 147 (2/2) from ['node']
[ 2026-03-28 12:14:02 | node_18 | INFO ] 🗣️ Gossiping aggregated model.
[ 2026-03-28 12:14:02 | node_20 | INFO ] 🧩 Model added for round 147 (2/2) from ['node']
[ 2026-03-28 12:14:02 | node_19 | INFO ] 🧠 Aggregation complete. Setting new model.
[ 2026-03-28 12:14:02 | node_19 | INFO ] 🗣️ Gossiping aggregated model.
[ 2026-03-28 12:14:02 | node_20 | INFO ] 🧠 Aggregation complete. Setting new model.
[ 2026-03-28 12:14:02 | node_21 | INFO ] 🧩 Model added for round 147 (2/2) from ['node']
[ 2026-03-28 12:14:02 | node_20 | INFO ] 🗣️ Gossiping aggregated model.
[ 2026-03-28 12:14:02 | node_21 | INFO ] 🧠 Aggregation complete. Setting new model.
[ 2026-03-28 12:14:02 | node_22 | INFO ] 🧩 Model added for round 147 (2/2) from ['node']
[ 2026-03-28 12:14:02 | node_21 | INFO ] 🗣️ Gossiping aggregated model.
[ 2026-03-28 12:14:02 | node_23 | INFO ] 🧩 Model added for round 147 (2/2) from ['node']
[ 2026-03-28 12:14:02 | node_22 | INFO ] 🧠 Aggregation complete. Setting new model.
[ 2026-03-28 12:14:02 | node_22 | INFO ] 🗣️ Gossiping aggregated model.
[ 2026-03-28 12:14:03 | node_24 | INFO ] 🧩 Model added for round 147 (2/2) from ['node']
[ 2026-03-28 12:14:03 | node_23 | INFO ] 🧠 Aggregation complete. Setting new model.
[ 2026-03-28 12:14:03 | node_23 | INFO ] 🗣️ Gossiping aggregated model.
[ 2026-03-28 12:14:03 | node_25 | INFO ] 🧩 Model added for round 147 (2/2) from ['node']
[ 2026-03-28 12:14:03 | node_24 | INFO ] 🧠 Aggregation complete. Setting new model.
[ 2026-03-28 12:14:03 | node_24 | INFO ] 🗣️ Gossiping aggregated model.
[ 2026-03-28 12:14:03 | node_26 | INFO ] 🧩 Model added for round 147 (2/2) from ['node']
[ 2026-03-28 12:14:03 | node_25 | INFO ] 🧠 Aggregation complete. Setting new model.
[ 2026-03-28 12:14:03 | node_25 | INFO ] 🗣️ Gossiping aggregated model.
[ 2026-03-28 12:14:03 | node_27 | INFO ] 🧩 Model added for round 147 (2/2) from ['node']
[ 2026-03-28 12:14:03 | node_26 | INFO ] 🧠 Aggregation complete. Setting new model.
[ 2026-03-28 12:14:03 | node_26 | INFO ] 🗣️ Gossiping aggregated model.
[ 2026-03-28 12:14:03 | node_28 | INFO ] 🧩 Model added for round 147 (2/2) from ['node']
[ 2026-03-28 12:14:03 | node_27 | INFO ] 🧠 Aggregation complete. Setting new model.
[ 2026-03-28 12:14:03 | node_27 | INFO ] 🗣️ Gossiping aggregated model.
[ 2026-03-28 12:14:03 | node_28 | INFO ] 🧠 Aggregation complete. Setting new model.
[ 2026-03-28 12:14:03 | node_28 | INFO ] 🗣️ Gossiping aggregated model.
[ 2026-03-28 12:14:03 | node_29 | INFO ] 🧩 Model added for round 147 (2/2) from ['node']
[ 2026-03-28 12:14:03 | node_29 | INFO ] 🧠 Aggregation complete. Setting new model.
[ 2026-03-28 12:14:03 | node_30 | INFO ] 🧩 Model added for round 147 (2/2) from ['node']
[ 2026-03-28 12:14:03 | node_29 | INFO ] 🗣️ Gossiping aggregated model.
[ 2026-03-28 12:14:03 | node_30 | INFO ] 🧠 Aggregation complete. Setting new model.
[ 2026-03-28 12:14:03 | node_31 | INFO ] 🧩 Model added for round 147 (2/2) from ['node']
[ 2026-03-28 12:14:03 | node_30 | INFO ] 🗣️ Gossiping aggregated model.
[ 2026-03-28 12:14:03 | node_31 | INFO ] 🧠 Aggregation complete. Setting new model.
[ 2026-03-28 12:14:03 | node_32 | INFO ] 🧩 Model added for round 147 (2/2) from ['node']
[ 2026-03-28 12:14:03 | node_31 | INFO ] 🗣️ Gossiping aggregated model.
[ 2026-03-28 12:14:03 | node_33 | INFO ] 🧩 Model added for round 147 (2/2) from ['node']
[ 2026-03-28 12:14:03 | node_32 | INFO ] 🧠 Aggregation complete. Setting new model.
[ 2026-03-28 12:14:03 | node_32 | INFO ] 🗣️ Gossiping aggregated model.
[ 2026-03-28 12:14:03 | node_33 | INFO ] 🧠 Aggregation complete. Setting new model.
[ 2026-03-28 12:14:03 | node_34 | INFO ] 🧩 Model added for round 147 (2/2) from ['node']
[ 2026-03-28 12:14:03 | node_33 | INFO ] 🗣️ Gossiping aggregated model.
[ 2026-03-28 12:14:03 | node_35 | INFO ] 🧩 Model added for round 147 (2/2) from ['node']
[ 2026-03-28 12:14:03 | node_34 | INFO ] 🧠 Aggregation complete. Setting new model.
[ 2026-03-28 12:14:03 | node_34 | INFO ] 🗣️ Gossiping aggregated model.
[ 2026-03-28 12:14:03 | node_36 | INFO ] 🧩 Model added for round 147 (2/2) from ['node']
[ 2026-03-28 12:14:03 | node_35 | INFO ] 🧠 Aggregation complete. Setting new model.
[ 2026-03-28 12:14:03 | node_35 | INFO ] 🗣️ Gossiping aggregated model.
[ 2026-03-28 12:14:03 | node_36 | INFO ] 🧠 Aggregation complete. Setting new model.
[ 2026-03-28 12:14:03 | node_37 | INFO ] 🧩 Model added for round 147 (2/2) from ['node']
[ 2026-03-28 12:14:03 | node_36 | INFO ] 🗣️ Gossiping aggregated model.
[ 2026-03-28 12:14:04 | node_38 | INFO ] 🧩 Model added for round 147 (2/2) from ['node']
[ 2026-03-28 12:14:04 | node_37 | INFO ] 🧠 Aggregation complete. Setting new model.
[ 2026-03-28 12:14:04 | node_37 | INFO ] 🗣️ Gossiping aggregated model.
[ 2026-03-28 12:14:04 | node_39 | INFO ] 🧩 Model added for round 147 (2/2) from ['node']
[ 2026-03-28 12:14:04 | node_38 | INFO ] 🧠 Aggregation complete. Setting new model.
[ 2026-03-28 12:14:04 | node_38 | INFO ] 🗣️ Gossiping aggregated model.
[ 2026-03-28 12:14:04 | node_40 | INFO ] 🧩 Model added for round 147 (2/2) from ['node']
[ 2026-03-28 12:14:04 | node_39 | INFO ] 🧠 Aggregation complete. Setting new model.
[ 2026-03-28 12:14:04 | node_39 | INFO ] 🗣️ Gossiping aggregated model.
[ 2026-03-28 12:14:04 | node_41 | INFO ] 🧩 Model added for round 147 (2/2) from ['node']
[ 2026-03-28 12:14:04 | node_40 | INFO ] 🧠 Aggregation complete. Setting new model.
[ 2026-03-28 12:14:04 | node_40 | INFO ] 🗣️ Gossiping aggregated model.
[ 2026-03-28 12:14:04 | node_41 | INFO ] 🧠 Aggregation complete. Setting new model.
[ 2026-03-28 12:14:04 | node_42 | INFO ] 🧩 Model added for round 147 (2/2) from ['node']
[ 2026-03-28 12:14:04 | node_41 | INFO ] 🗣️ Gossiping aggregated model.
[ 2026-03-28 12:14:04 | node_43 | INFO ] 🧩 Model added for round 147 (2/2) from ['node']
[ 2026-03-28 12:14:04 | node_42 | INFO ] 🧠 Aggregation complete. Setting new model.
[ 2026-03-28 12:14:04 | node_42 | INFO ] 🗣️ Gossiping aggregated model.
[ 2026-03-28 12:14:04 | node_43 | INFO ] 🧠 Aggregation complete. Setting new model.
[ 2026-03-28 12:14:04 | node_44 | INFO ] 🧩 Model added for round 147 (2/2) from ['node']
[ 2026-03-28 12:14:04 | node_43 | INFO ] 🗣️ Gossiping aggregated model.
[ 2026-03-28 12:14:04 | node_44 | INFO ] 🧠 Aggregation complete. Setting new model.
[ 2026-03-28 12:14:04 | node_45 | INFO ] 🧩 Model added for round 147 (2/2) from ['node']
[ 2026-03-28 12:14:04 | node_44 | INFO ] 🗣️ Gossiping aggregated model.
[ 2026-03-28 12:14:04 | node_45 | INFO ] 🧠 Aggregation complete. Setting new model.
[ 2026-03-28 12:14:04 | node_46 | INFO ] 🧩 Model added for round 147 (2/2) from ['node']
[ 2026-03-28 12:14:04 | node_45 | INFO ] 🗣️ Gossiping aggregated model.
[ 2026-03-28 12:14:04 | node_47 | INFO ] 🧩 Model added for round 147 (2/2) from ['node']
[ 2026-03-28 12:14:05 | node_46 | INFO ] 🧠 Aggregation complete. Setting new model.
[ 2026-03-28 12:14:05 | node_47 | INFO ] 🧠 Aggregation complete. Setting new model.
[ 2026-03-28 12:14:05 | node_48 | INFO ] 🧩 Model added for round 147 (2/2) from ['node']
[ 2026-03-28 12:14:05 | node_46 | INFO ] 🗣️ Gossiping aggregated model.
[ 2026-03-28 12:14:05 | node_47 | INFO ] 🗣️ Gossiping aggregated model.
[ 2026-03-28 12:14:05 | node_49 | INFO ] 🧩 Model added for round 147 (2/2) from ['node']
[ 2026-03-28 12:14:05 | node_48 | INFO ] 🧠 Aggregation complete. Setting new model.
[ 2026-03-28 12:14:05 | node_48 | INFO ] 🗣️ Gossiping aggregated model.
[ 2026-03-28 12:14:05 | node_49 | INFO ] 🧠 Aggregation complete. Setting new model.
[ 2026-03-28 12:14:05 | node_49 | INFO ] 🗣️ Gossiping aggregated model.
[ 2026-03-28 12:14:06 | node | INFO ] 🧠 Aggregation complete. Setting new model.
[ 2026-03-28 12:14:06 | node | INFO ] 🗣️ Gossiping aggregated model.
[ 2026-03-28 12:14:06 | node_1 | INFO ] 🤫 Gossip finished.
[ 2026-03-28 12:14:06 | node_1 | INFO ] 🔬 Evaluating...
[ 2026-03-28 12:14:06 | node_32 | INFO ] 🤫 Gossip finished.
[ 2026-03-28 12:14:06 | node_32 | INFO ] 🔬 Evaluating...
[ 2026-03-28 12:14:06 | node_23 | INFO ] 🤫 Gossip finished.
[ 2026-03-28 12:14:06 | node_23 | INFO ] 🔬 Evaluating...
[ 2026-03-28 12:14:06 | node_25 | INFO ] 🤫 Gossip finished.
[ 2026-03-28 12:14:06 | node_25 | INFO ] 🔬 Evaluating...
[ 2026-03-28 12:14:06 | node_10 | INFO ] 🤫 Gossip finished.
[ 2026-03-28 12:14:06 | node_10 | INFO ] 🔬 Evaluating...
[ 2026-03-28 12:14:06 | node_29 | INFO ] 🤫 Gossip finished.
[ 2026-03-28 12:14:06 | node_43 | INFO ] 🤫 Gossip finished.
[ 2026-03-28 12:14:06 | node_40 | INFO ] 🤫 Gossip finished.
[ 2026-03-28 12:14:06 | node_45 | INFO ] 🤫 Gossip finished.
[ 2026-03-28 12:14:06 | node_30 | INFO ] 🤫 Gossip finished.
[ 2026-03-28 12:14:06 | node_29 | INFO ] 🔬 Evaluating...
[ 2026-03-28 12:14:06 | node_46 | INFO ] 🤫 Gossip finished.
[ 2026-03-28 12:14:06 | node_20 | INFO ] 🤫 Gossip finished.
[ 2026-03-28 12:14:06 | node_34 | INFO ] 🤫 Gossip finished.
[ 2026-03-28 12:14:06 | node_31 | INFO ] 🤫 Gossip finished.
[ 2026-03-28 12:14:06 | node_33 | INFO ] 🤫 Gossip finished.
[ 2026-03-28 12:14:06 | node_17 | INFO ] 🤫 Gossip finished.
[ 2026-03-28 12:14:06 | node_15 | INFO ] 🤫 Gossip finished.
[ 2026-03-28 12:14:06 | node_45 | INFO ] 🔬 Evaluating...
[ 2026-03-28 12:14:06 | node_28 | INFO ] 🤫 Gossip finished.
[ 2026-03-28 12:14:06 | node_42 | INFO ] 🤫 Gossip finished.
[ 2026-03-28 12:14:06 | node_33 | INFO ] 🔬 Evaluating...
[ 2026-03-28 12:14:06 | node_40 | INFO ] 🔬 Evaluating...
[ 2026-03-28 12:14:06 | node_24 | INFO ] 🤫 Gossip finished.
[ 2026-03-28 12:14:06 | node_11 | INFO ] 🤫 Gossip finished.
[ 2026-03-28 12:14:06 | node_20 | INFO ] 🔬 Evaluating...
[ 2026-03-28 12:14:06 | node_44 | INFO ] 🤫 Gossip finished.
[ 2026-03-28 12:14:06 | node_34 | INFO ] 🔬 Evaluating...
[ 2026-03-28 12:14:06 | node_31 | INFO ] 🔬 Evaluating...
[ 2026-03-28 12:14:06 | node_37 | INFO ] 🤫 Gossip finished.
[ 2026-03-28 12:14:06 | node_46 | INFO ] 🔬 Evaluating...
[ 2026-03-28 12:14:06 | node_14 | INFO ] 🤫 Gossip finished.
[ 2026-03-28 12:14:06 | node_15 | INFO ] 🔬 Evaluating...
[ 2026-03-28 12:14:06 | node_26 | INFO ] 🤫 Gossip finished.
[ 2026-03-28 12:14:06 | node_19 | INFO ] 🤫 Gossip finished.
[ 2026-03-28 12:14:06 | node_13 | INFO ] 🤫 Gossip finished.
[ 2026-03-28 12:14:06 | node_9 | INFO ] 🤫 Gossip finished.
[ 2026-03-28 12:14:06 | node_21 | INFO ] 🤫 Gossip finished.
[ 2026-03-28 12:14:06 | node_47 | INFO ] 🤫 Gossip finished.
[ 2026-03-28 12:14:06 | node_16 | INFO ] 🤫 Gossip finished.
[ 2026-03-28 12:14:06 | node_11 | INFO ] 🔬 Evaluating...
[ 2026-03-28 12:14:06 | node_30 | INFO ] 🔬 Evaluating...
[ 2026-03-28 12:14:06 | node_42 | INFO ] 🔬 Evaluating...
[ 2026-03-28 12:14:06 | node_22 | INFO ] 🤫 Gossip finished.
[ 2026-03-28 12:14:06 | node_43 | INFO ] 🔬 Evaluating...
[ 2026-03-28 12:14:06 | node_6 | INFO ] 🤫 Gossip finished.
[ 2026-03-28 12:14:06 | node_18 | INFO ] 🤫 Gossip finished.
[ 2026-03-28 12:14:06 | node_27 | INFO ] 🤫 Gossip finished.
[ 2026-03-28 12:14:06 | node_14 | INFO ] 🔬 Evaluating...
[ 2026-03-28 12:14:06 | node_17 | INFO ] 🔬 Evaluating...
[ 2026-03-28 12:14:06 | node_8 | INFO ] 🤫 Gossip finished.
[ 2026-03-28 12:14:06 | node_4 | INFO ] 🤫 Gossip finished.
[ 2026-03-28 12:14:06 | node_47 | INFO ] 🔬 Evaluating...
[ 2026-03-28 12:14:06 | node_44 | INFO ] 🔬 Evaluating...
[ 2026-03-28 12:14:06 | node_3 | INFO ] 🤫 Gossip finished.
[ 2026-03-28 12:14:06 | node_24 | INFO ] 🔬 Evaluating...
[ 2026-03-28 12:14:06 | node_35 | INFO ] 🤫 Gossip finished.
[ 2026-03-28 12:14:06 | node_36 | INFO ] 🤫 Gossip finished.
[ 2026-03-28 12:14:06 | node_28 | INFO ] 🔬 Evaluating...
[ 2026-03-28 12:14:06 | node_12 | INFO ] 🤫 Gossip finished.
[ 2026-03-28 12:14:06 | node_48 | INFO ] 🤫 Gossip finished.
[ 2026-03-28 12:14:06 | node_38 | INFO ] 🤫 Gossip finished.
[ 2026-03-28 12:14:06 | node_27 | INFO ] 🔬 Evaluating...
[ 2026-03-28 12:14:06 | node_4 | INFO ] 🔬 Evaluating...
[ 2026-03-28 12:14:06 | node_5 | INFO ] 🤫 Gossip finished.
[ 2026-03-28 12:14:06 | node_2 | INFO ] 🤫 Gossip finished.
[ 2026-03-28 12:14:06 | node_7 | INFO ] 🤫 Gossip finished.
[ 2026-03-28 12:14:06 | node_36 | INFO ] 🔬 Evaluating...
[ 2026-03-28 12:14:06 | node_21 | INFO ] 🔬 Evaluating...
[ 2026-03-28 12:14:06 | node_16 | INFO ] 🔬 Evaluating...
[ 2026-03-28 12:14:06 | node_39 | INFO ] 🤫 Gossip finished.
[ 2026-03-28 12:14:06 | node_41 | INFO ] 🤫 Gossip finished.
[ 2026-03-28 12:14:06 | node_19 | INFO ] 🔬 Evaluating...
[ 2026-03-28 12:14:06 | node_37 | INFO ] 🔬 Evaluating...
[ 2026-03-28 12:14:06 | node_6 | INFO ] 🔬 Evaluating...
[ 2026-03-28 12:14:07 | node_26 | INFO ] 🔬 Evaluating...
[ 2026-03-28 12:14:07 | node_22 | INFO ] 🔬 Evaluating...
[ 2026-03-28 12:14:07 | node_13 | INFO ] 🔬 Evaluating...
[ 2026-03-28 12:14:07 | node_2 | INFO ] 🔬 Evaluating...
[ 2026-03-28 12:14:07 | node_39 | INFO ] 🔬 Evaluating...
[ 2026-03-28 12:14:07 | node_49 | INFO ] 🤫 Gossip finished.
[ 2026-03-28 12:14:07 | node_38 | INFO ] 🔬 Evaluating...
[ 2026-03-28 12:14:07 | node_12 | INFO ] 🔬 Evaluating...
[ 2026-03-28 12:14:07 | node_7 | INFO ] 🔬 Evaluating...
[ 2026-03-28 12:14:07 | node_3 | INFO ] 🔬 Evaluating...
[ 2026-03-28 12:14:07 | node_41 | INFO ] 🔬 Evaluating...
[ 2026-03-28 12:14:07 | node_35 | INFO ] 🔬 Evaluating...
[ 2026-03-28 12:14:07 | node_5 | INFO ] 🔬 Evaluating...
[ 2026-03-28 12:14:07 | node_49 | INFO ] 🔬 Evaluating...
[ 2026-03-28 12:14:07 | node_18 | INFO ] 🔬 Evaluating...
[ 2026-03-28 12:14:07 | node_8 | INFO ] 🔬 Evaluating...
[ 2026-03-28 12:14:07 | node_9 | INFO ] 🔬 Evaluating...
[ 2026-03-28 12:14:07 | node_48 | INFO ] 🔬 Evaluating...
[ 2026-03-28 12:14:08 | node_32 | INFO ] 📈 Evaluated. Results: {'test_loss': 0.005014599766582251, 'test_accuracy': 0.9917221665382385, 'test_precision': 0.29888221621513367, 'test_recall': 0.624026358127594, 'test_f1': 0.39061886072158813, 'communication_cost': 182472}
[ 2026-03-28 12:14:08 | node_32 | INFO ] 📢 Broadcasting metrics.
[ 2026-03-28 12:14:09 | node_32 | INFO ] 🎉 Round 148 of 150 finished.
[ 2026-03-28 12:14:09 | node_32 | INFO ] 🗳️ [DETERMINISTIC] Train set assigned (No Voting). Size: 50
[ 2026-03-28 12:14:09 | node_32 | INFO ] 🏋️‍♀️ Preparing training...
[ 2026-03-28 12:14:09 | node_1 | INFO ] 📈 Evaluated. Results: {'test_loss': 0.004819131456315517, 'test_accuracy': 0.9935222864151001, 'test_precision': 0.21047650277614594, 'test_recall': 0.34694141149520874, 'test_f1': 0.2522459626197815, 'communication_cost': 182472}
[ 2026-03-28 12:14:09 | node_1 | INFO ] 📢 Broadcasting metrics.
[ 2026-03-28 12:14:09 | node_1 | INFO ] 🎉 Round 148 of 150 finished.
[ 2026-03-28 12:14:09 | node_1 | INFO ] 🗳️ [DETERMINISTIC] Train set assigned (No Voting). Size: 50
[ 2026-03-28 12:14:09 | node_1 | INFO ] 🏋️‍♀️ Preparing training...
[ 2026-03-28 12:14:09 | node_25 | INFO ] 📈 Evaluated. Results: {'test_loss': 0.004006571602076292, 'test_accuracy': 0.9940615296363831, 'test_precision': 0.3202438950538635, 'test_recall': 0.6065414547920227, 'test_f1': 0.417256623506546, 'communication_cost': 182472}
[ 2026-03-28 12:14:09 | node_25 | INFO ] 📢 Broadcasting metrics.
[ 2026-03-28 12:14:10 | node_25 | INFO ] 🎉 Round 148 of 150 finished.
[ 2026-03-28 12:14:10 | node_25 | INFO ] 🗳️ [DETERMINISTIC] Train set assigned (No Voting). Size: 50
[ 2026-03-28 12:14:10 | node_25 | INFO ] 🏋️‍♀️ Preparing training...
[ 2026-03-28 12:14:10 | node_23 | INFO ] 📈 Evaluated. Results: {'test_loss': 0.0047240792773664, 'test_accuracy': 0.9923520088195801, 'test_precision': 0.3172895312309265, 'test_recall': 0.5727253556251526, 'test_f1': 0.3871394991874695, 'communication_cost': 182472}
[ 2026-03-28 12:14:10 | node_23 | INFO ] 📢 Broadcasting metrics.
[ 2026-03-28 12:14:10 | node_23 | INFO ] 🎉 Round 148 of 150 finished.
[ 2026-03-28 12:14:10 | node_23 | INFO ] 🗳️ [DETERMINISTIC] Train set assigned (No Voting). Size: 50
[ 2026-03-28 12:14:10 | node_23 | INFO ] 🏋️‍♀️ Preparing training...
[ 2026-03-28 12:14:10 | node_48 | INFO ] 📈 Evaluated. Results: {'test_loss': 0.00474464800208807, 'test_accuracy': 0.9947813749313354, 'test_precision': 0.4264996647834778, 'test_recall': 0.6056535243988037, 'test_f1': 0.49068504571914673, 'communication_cost': 182472}
[ 2026-03-28 12:14:10 | node_48 | INFO ] 📢 Broadcasting metrics.
[ 2026-03-28 12:14:11 | node_48 | INFO ] 🎉 Round 148 of 150 finished.
[ 2026-03-28 12:14:11 | node_48 | INFO ] 🗳️ [DETERMINISTIC] Train set assigned (No Voting). Size: 50
[ 2026-03-28 12:14:11 | node_48 | INFO ] 🏋️‍♀️ Preparing training...
[ 2026-03-28 12:14:11 | node_44 | INFO ] 📈 Evaluated. Results: {'test_loss': 0.005373254884034395, 'test_accuracy': 0.9914522171020508, 'test_precision': 0.25712281465530396, 'test_recall': 0.5278204083442688, 'test_f1': 0.3368286192417145, 'communication_cost': 182472}
[ 2026-03-28 12:14:11 | node_44 | INFO ] 📢 Broadcasting metrics.
[ 2026-03-28 12:14:11 | node_10 | INFO ] 📈 Evaluated. Results: {'test_loss': 0.003670461243018508, 'test_accuracy': 0.9929824471473694, 'test_precision': 0.2487543672323227, 'test_recall': 0.5398730635643005, 'test_f1': 0.3299570679664612, 'communication_cost': 182472}
[ 2026-03-28 12:14:11 | node_10 | INFO ] 📢 Broadcasting metrics.
[ 2026-03-28 12:14:11 | node_8 | INFO ] 📈 Evaluated. Results: {'test_loss': 0.004077767953276634, 'test_accuracy': 0.9934322834014893, 'test_precision': 0.30280938744544983, 'test_recall': 0.5737873911857605, 'test_f1': 0.39363744854927063, 'communication_cost': 182472}
[ 2026-03-28 12:14:11 | node_8 | INFO ] 📢 Broadcasting metrics.
[ 2026-03-28 12:14:11 | node_44 | INFO ] 🎉 Round 148 of 150 finished.
[ 2026-03-28 12:14:11 | node_44 | INFO ] 🗳️ [DETERMINISTIC] Train set assigned (No Voting). Size: 50
[ 2026-03-28 12:14:11 | node_6 | INFO ] 📈 Evaluated. Results: {'test_loss': 0.0037009320221841335, 'test_accuracy': 0.993702232837677, 'test_precision': 0.221051886677742, 'test_recall': 0.47906431555747986, 'test_f1': 0.30064380168914795, 'communication_cost': 182472}
[ 2026-03-28 12:14:11 | node_6 | INFO ] 📢 Broadcasting metrics.
[ 2026-03-28 12:14:11 | node_44 | INFO ] 🏋️‍♀️ Preparing training...
[ 2026-03-28 12:14:11 | node_40 | INFO ] 📈 Evaluated. Results: {'test_loss': 0.004488859325647354, 'test_accuracy': 0.9920820593833923, 'test_precision': 0.21396538615226746, 'test_recall': 0.4111383557319641, 'test_f1': 0.2793493866920471, 'communication_cost': 182472}
[ 2026-03-28 12:14:11 | node_10 | INFO ] 🎉 Round 148 of 150 finished.
[ 2026-03-28 12:14:12 | node_40 | INFO ] 📢 Broadcasting metrics.
[ 2026-03-28 12:14:12 | node_10 | INFO ] 🗳️ [DETERMINISTIC] Train set assigned (No Voting). Size: 50
[ 2026-03-28 12:14:12 | node_8 | INFO ] 🎉 Round 148 of 150 finished.
[ 2026-03-28 12:14:12 | node_8 | INFO ] 🗳️ [DETERMINISTIC] Train set assigned (No Voting). Size: 50
[ 2026-03-28 12:14:12 | node_10 | INFO ] 🏋️‍♀️ Preparing training...
[ 2026-03-28 12:14:12 | node_6 | INFO ] 🎉 Round 148 of 150 finished.
[ 2026-03-28 12:14:12 | node_8 | INFO ] 🏋️‍♀️ Preparing training...
[ 2026-03-28 12:14:12 | node_6 | INFO ] 🗳️ [DETERMINISTIC] Train set assigned (No Voting). Size: 50
[ 2026-03-28 12:14:12 | node_40 | INFO ] 🎉 Round 148 of 150 finished.
[ 2026-03-28 12:14:12 | node_6 | INFO ] 🏋️‍♀️ Preparing training...
[ 2026-03-28 12:14:12 | node_40 | INFO ] 🗳️ [DETERMINISTIC] Train set assigned (No Voting). Size: 50
[ 2026-03-28 12:14:12 | node_40 | INFO ] 🏋️‍♀️ Preparing training...
[ 2026-03-28 12:14:12 | node_45 | INFO ] 📈 Evaluated. Results: {'test_loss': 0.0048155756667256355, 'test_accuracy': 0.9930717945098877, 'test_precision': 0.23622852563858032, 'test_recall': 0.3904813230037689, 'test_f1': 0.2827455401420593, 'communication_cost': 182472}
[ 2026-03-28 12:14:12 | node_36 | INFO ] 📈 Evaluated. Results: {'test_loss': 0.0045050643384456635, 'test_accuracy': 0.9917221665382385, 'test_precision': 0.2317771464586258, 'test_recall': 0.5577470064163208, 'test_f1': 0.31260448694229126, 'communication_cost': 182472}
[ 2026-03-28 12:14:12 | node_45 | INFO ] 📢 Broadcasting metrics.
[ 2026-03-28 12:14:12 | node_36 | INFO ] 📢 Broadcasting metrics.
[ 2026-03-28 12:14:12 | node_27 | INFO ] 📈 Evaluated. Results: {'test_loss': 0.003697795793414116, 'test_accuracy': 0.992621898651123, 'test_precision': 0.2904645502567291, 'test_recall': 0.6207702159881592, 'test_f1': 0.3946583867073059, 'communication_cost': 182472}
[ 2026-03-28 12:14:12 | node_27 | INFO ] 📢 Broadcasting metrics.
[ 2026-03-28 12:14:12 | node_45 | INFO ] 🎉 Round 148 of 150 finished.
[ 2026-03-28 12:14:12 | node_36 | INFO ] 🎉 Round 148 of 150 finished.
[ 2026-03-28 12:14:12 | node_45 | INFO ] 🗳️ [DETERMINISTIC] Train set assigned (No Voting). Size: 50
[ 2026-03-28 12:14:12 | node_18 | INFO ] 📈 Evaluated. Results: {'test_loss': 0.004352477379143238, 'test_accuracy': 0.9944219589233398, 'test_precision': 0.36981627345085144, 'test_recall': 0.6443310379981995, 'test_f1': 0.4538460671901703, 'communication_cost': 182472}
[ 2026-03-28 12:14:13 | node_18 | INFO ] 📢 Broadcasting metrics.
[ 2026-03-28 12:14:13 | node_21 | INFO ] 📈 Evaluated. Results: {'test_loss': 0.006217089015990496, 'test_accuracy': 0.9927119016647339, 'test_precision': 0.22820833325386047, 'test_recall': 0.40291866660118103, 'test_f1': 0.27647125720977783, 'communication_cost': 182472}
[ 2026-03-28 12:14:13 | node_27 | INFO ] 🎉 Round 148 of 150 finished.
[ 2026-03-28 12:14:13 | node_36 | INFO ] 🗳️ [DETERMINISTIC] Train set assigned (No Voting). Size: 50
[ 2026-03-28 12:14:13 | node_21 | INFO ] 📢 Broadcasting metrics.
[ 2026-03-28 12:14:13 | node_34 | INFO ] 📈 Evaluated. Results: {'test_loss': 0.005394216161221266, 'test_accuracy': 0.9931617975234985, 'test_precision': 0.23398596048355103, 'test_recall': 0.4851549565792084, 'test_f1': 0.2991301417350769, 'communication_cost': 182472}
[ 2026-03-28 12:14:13 | node_45 | INFO ] 🏋️‍♀️ Preparing training...
[ 2026-03-28 12:14:13 | node_27 | INFO ] 🗳️ [DETERMINISTIC] Train set assigned (No Voting). Size: 50
[ 2026-03-28 12:14:13 | node_34 | INFO ] 📢 Broadcasting metrics.
[ 2026-03-28 12:14:13 | node_36 | INFO ] 🏋️‍♀️ Preparing training...
[ 2026-03-28 12:14:13 | node_43 | INFO ] 📈 Evaluated. Results: {'test_loss': 0.004509834572672844, 'test_accuracy': 0.99424147605896, 'test_precision': 0.27190423011779785, 'test_recall': 0.4438965916633606, 'test_f1': 0.3269146680831909, 'communication_cost': 182472}
[ 2026-03-28 12:14:13 | node_43 | INFO ] 📢 Broadcasting metrics.
[ 2026-03-28 12:14:13 | node_27 | INFO ] 🏋️‍♀️ Preparing training...
[ 2026-03-28 12:14:13 | node_18 | INFO ] 🎉 Round 148 of 150 finished.
[ 2026-03-28 12:14:13 | node_21 | INFO ] 🎉 Round 148 of 150 finished.
[ 2026-03-28 12:14:13 | node_18 | INFO ] 🗳️ [DETERMINISTIC] Train set assigned (No Voting). Size: 50
[ 2026-03-28 12:14:13 | node_34 | INFO ] 🎉 Round 148 of 150 finished.
[ 2026-03-28 12:14:13 | node_21 | INFO ] 🗳️ [DETERMINISTIC] Train set assigned (No Voting). Size: 50
[ 2026-03-28 12:14:13 | node_34 | INFO ] 🗳️ [DETERMINISTIC] Train set assigned (No Voting). Size: 50
[ 2026-03-28 12:14:13 | node_18 | INFO ] 🏋️‍♀️ Preparing training...
[ 2026-03-28 12:14:13 | node_43 | INFO ] 🎉 Round 148 of 150 finished.
[ 2026-03-28 12:14:13 | node_42 | INFO ] 📈 Evaluated. Results: {'test_loss': 0.004220930393785238, 'test_accuracy': 0.9941515326499939, 'test_precision': 0.42154833674430847, 'test_recall': 0.6448840498924255, 'test_f1': 0.4935419261455536, 'communication_cost': 182472}
[ 2026-03-28 12:14:13 | node_21 | INFO ] 🏋️‍♀️ Preparing training...
[ 2026-03-28 12:14:13 | node_43 | INFO ] 🗳️ [DETERMINISTIC] Train set assigned (No Voting). Size: 50
[ 2026-03-28 12:14:13 | node_34 | INFO ] 🏋️‍♀️ Preparing training...
[ 2026-03-28 12:14:13 | node_42 | INFO ] 📢 Broadcasting metrics.
[ 2026-03-28 12:14:13 | node_20 | INFO ] 📈 Evaluated. Results: {'test_loss': 0.0036049310583621264, 'test_accuracy': 0.9938815832138062, 'test_precision': 0.3274920582771301, 'test_recall': 0.649929940700531, 'test_f1': 0.42980995774269104, 'communication_cost': 182472}
[ 2026-03-28 12:14:13 | node_33 | INFO ] 📈 Evaluated. Results: {'test_loss': 0.0050047398544847965, 'test_accuracy': 0.9945114254951477, 'test_precision': 0.3709906339645386, 'test_recall': 0.5057543516159058, 'test_f1': 0.40814459323883057, 'communication_cost': 182472}
[ 2026-03-28 12:14:13 | node_20 | INFO ] 📢 Broadcasting metrics.
[ 2026-03-28 12:14:13 | node_33 | INFO ] 📢 Broadcasting metrics.
[ 2026-03-28 12:14:13 | node_43 | INFO ] 🏋️‍♀️ Preparing training...
[ 2026-03-28 12:14:14 | node_35 | INFO ] 📈 Evaluated. Results: {'test_loss': 0.003768551629036665, 'test_accuracy': 0.9928018450737, 'test_precision': 0.36524051427841187, 'test_recall': 0.6976941823959351, 'test_f1': 0.4741656482219696, 'communication_cost': 182472}
[ 2026-03-28 12:14:14 | node_35 | INFO ] 📢 Broadcasting metrics.
[ 2026-03-28 12:14:14 | node_11 | INFO ] 📈 Evaluated. Results: {'test_loss': 0.006012165918946266, 'test_accuracy': 0.9941520690917969, 'test_precision': 0.3616255819797516, 'test_recall': 0.4915691316127777, 'test_f1': 0.40729662775993347, 'communication_cost': 182472}
[ 2026-03-28 12:14:14 | node_28 | INFO ] 📈 Evaluated. Results: {'test_loss': 0.005528625566512346, 'test_accuracy': 0.992621898651123, 'test_precision': 0.2934839129447937, 'test_recall': 0.46989381313323975, 'test_f1': 0.35662564635276794, 'communication_cost': 182472}
[ 2026-03-28 12:14:14 | node_11 | INFO ] 📢 Broadcasting metrics.
[ 2026-03-28 12:14:14 | node_24 | INFO ] 📈 Evaluated. Results: {'test_loss': 0.0037293261848390102, 'test_accuracy': 0.9955911636352539, 'test_precision': 0.3589830994606018, 'test_recall': 0.5084019899368286, 'test_f1': 0.4151986837387085, 'communication_cost': 182472}
[ 2026-03-28 12:14:14 | node_12 | INFO ] 📈 Evaluated. Results: {'test_loss': 0.003696025349199772, 'test_accuracy': 0.9950517416000366, 'test_precision': 0.4110652804374695, 'test_recall': 0.6521328687667847, 'test_f1': 0.48191338777542114, 'communication_cost': 182472}
[ 2026-03-28 12:14:14 | node_13 | INFO ] 📈 Evaluated. Results: {'test_loss': 0.005160014145076275, 'test_accuracy': 0.994062066078186, 'test_precision': 0.3523172438144684, 'test_recall': 0.5376878380775452, 'test_f1': 0.4002161920070648, 'communication_cost': 182472}
[ 2026-03-28 12:14:14 | node_31 | INFO ] 📈 Evaluated. Results: {'test_loss': 0.0030707272235304117, 'test_accuracy': 0.9955911636352539, 'test_precision': 0.41438427567481995, 'test_recall': 0.617527425289154, 'test_f1': 0.4878435730934143, 'communication_cost': 182472}
[ 2026-03-28 12:14:14 | node_28 | INFO ] 📢 Broadcasting metrics.
[ 2026-03-28 12:14:14 | node_24 | INFO ] 📢 Broadcasting metrics.
[ 2026-03-28 12:14:14 | node_12 | INFO ] 📢 Broadcasting metrics.
[ 2026-03-28 12:14:14 | node_13 | INFO ] 📢 Broadcasting metrics.
[ 2026-03-28 12:14:14 | node_14 | INFO ] 📈 Evaluated. Results: {'test_loss': 0.0030053022783249617, 'test_accuracy': 0.994062066078186, 'test_precision': 0.2905481159687042, 'test_recall': 0.651053249835968, 'test_f1': 0.3633246123790741, 'communication_cost': 182472}
[ 2026-03-28 12:14:14 | node_31 | INFO ] 📢 Broadcasting metrics.
[ 2026-03-28 12:14:14 | node_38 | INFO ] 📈 Evaluated. Results: {'test_loss': 0.0030534996185451746, 'test_accuracy': 0.992531955242157, 'test_precision': 0.22966717183589935, 'test_recall': 0.5459844470024109, 'test_f1': 0.3099691867828369, 'communication_cost': 182472}
[ 2026-03-28 12:14:14 | node_46 | INFO ] 📈 Evaluated. Results: {'test_loss': 0.004091565031558275, 'test_accuracy': 0.9943314790725708, 'test_precision': 0.35148075222969055, 'test_recall': 0.6376978754997253, 'test_f1': 0.44931215047836304, 'communication_cost': 182472}
[ 2026-03-28 12:14:14 | node_14 | INFO ] 📢 Broadcasting metrics.
[ 2026-03-28 12:14:14 | node_38 | INFO ] 📢 Broadcasting metrics.
[ 2026-03-28 12:14:14 | node_46 | INFO ] 📢 Broadcasting metrics.
[ 2026-03-28 12:14:14 | node_26 | INFO ] 📈 Evaluated. Results: {'test_loss': 0.00412691431120038, 'test_accuracy': 0.9910023212432861, 'test_precision': 0.1688716858625412, 'test_recall': 0.4939497709274292, 'test_f1': 0.2459796518087387, 'communication_cost': 182472}
[ 2026-03-28 12:14:14 | node_41 | INFO ] 📈 Evaluated. Results: {'test_loss': 0.005064311437308788, 'test_accuracy': 0.9937016367912292, 'test_precision': 0.31683340668678284, 'test_recall': 0.506271243095398, 'test_f1': 0.38886895775794983, 'communication_cost': 182472}
[ 2026-03-28 12:14:15 | node_42 | INFO ] 🎉 Round 148 of 150 finished.
[ 2026-03-28 12:14:15 | node_39 | INFO ] 📈 Evaluated. Results: {'test_loss': 0.0051262048073112965, 'test_accuracy': 0.9931617975234985, 'test_precision': 0.31278201937675476, 'test_recall': 0.5716784596443176, 'test_f1': 0.3964857757091522, 'communication_cost': 182472}
[ 2026-03-28 12:14:15 | node_29 | INFO ] 📈 Evaluated. Results: {'test_loss': 0.004851171746850014, 'test_accuracy': 0.9921720623970032, 'test_precision': 0.24295346438884735, 'test_recall': 0.5571885704994202, 'test_f1': 0.33111876249313354, 'communication_cost': 182472}
[ 2026-03-28 12:14:15 | node_49 | INFO ] 📈 Evaluated. Results: {'test_loss': 0.005043426062911749, 'test_accuracy': 0.99424147605896, 'test_precision': 0.41718724370002747, 'test_recall': 0.5176054239273071, 'test_f1': 0.45074161887168884, 'communication_cost': 182472}
[ 2026-03-28 12:14:15 | node_26 | INFO ] 📢 Broadcasting metrics.
[ 2026-03-28 12:14:15 | node_37 | INFO ] 📈 Evaluated. Results: {'test_loss': 0.0058193691074848175, 'test_accuracy': 0.9948713183403015, 'test_precision': 0.35916078090667725, 'test_recall': 0.4065477252006531, 'test_f1': 0.3687286674976349, 'communication_cost': 182472}
[ 2026-03-28 12:14:15 | node_41 | INFO ] 📢 Broadcasting metrics.
[ 2026-03-28 12:14:15 | node_39 | INFO ] 📢 Broadcasting metrics.
[ 2026-03-28 12:14:15 | node_16 | INFO ] 📈 Evaluated. Results: {'test_loss': 0.0045634726993739605, 'test_accuracy': 0.9931623935699463, 'test_precision': 0.33044445514678955, 'test_recall': 0.5534811615943909, 'test_f1': 0.3962206542491913, 'communication_cost': 182472}
[ 2026-03-28 12:14:15 | node_20 | INFO ] 🎉 Round 148 of 150 finished.
[ 2026-03-28 12:14:15 | node_29 | INFO ] 📢 Broadcasting metrics.
[ 2026-03-28 12:14:15 | node_17 | INFO ] 📈 Evaluated. Results: {'test_loss': 0.004251967184245586, 'test_accuracy': 0.991003155708313, 'test_precision': 0.2530020475387573, 'test_recall': 0.5925257802009583, 'test_f1': 0.350724458694458, 'communication_cost': 182472}
[ 2026-03-28 12:14:15 | node_49 | INFO ] 📢 Broadcasting metrics.
[ 2026-03-28 12:14:15 | node_33 | INFO ] 🎉 Round 148 of 150 finished.
[ 2026-03-28 12:14:15 | node_37 | INFO ] 📢 Broadcasting metrics.
[ 2026-03-28 12:14:15 | node_42 | INFO ] 🗳️ [DETERMINISTIC] Train set assigned (No Voting). Size: 50
[ 2026-03-28 12:14:15 | node_5 | INFO ] 📈 Evaluated. Results: {'test_loss': 0.007189842406660318, 'test_accuracy': 0.9901934266090393, 'test_precision': 0.21139129996299744, 'test_recall': 0.42183831334114075, 'test_f1': 0.2682946026325226, 'communication_cost': 182472}
[ 2026-03-28 12:14:15 | node_47 | INFO ] 📈 Evaluated. Results: {'test_loss': 0.0038649013731628656, 'test_accuracy': 0.993971586227417, 'test_precision': 0.35188373923301697, 'test_recall': 0.5222588181495667, 'test_f1': 0.3956502079963684, 'communication_cost': 182472}
[ 2026-03-28 12:14:15 | node_7 | INFO ] 📈 Evaluated. Results: {'test_loss': 0.005321401637047529, 'test_accuracy': 0.9932523369789124, 'test_precision': 0.3345630168914795, 'test_recall': 0.56144779920578, 'test_f1': 0.41363832354545593, 'communication_cost': 182472}
[ 2026-03-28 12:14:15 | node_16 | INFO ] 📢 Broadcasting metrics.
[ 2026-03-28 12:14:15 | node_17 | INFO ] 📢 Broadcasting metrics.
[ 2026-03-28 12:14:15 | node_19 | INFO ] 📈 Evaluated. Results: {'test_loss': 0.0023352724965661764, 'test_accuracy': 0.9940615296363831, 'test_precision': 0.22968538105487823, 'test_recall': 0.5700318217277527, 'test_f1': 0.31990161538124084, 'communication_cost': 182472}
[ 2026-03-28 12:14:15 | node_5 | INFO ] 📢 Broadcasting metrics.
[ 2026-03-28 12:14:15 | node_20 | INFO ] 🗳️ [DETERMINISTIC] Train set assigned (No Voting). Size: 50
[ 2026-03-28 12:14:15 | node_47 | INFO ] 📢 Broadcasting metrics.
[ 2026-03-28 12:14:15 | node_33 | INFO ] 🗳️ [DETERMINISTIC] Train set assigned (No Voting). Size: 50
[ 2026-03-28 12:14:15 | node_7 | INFO ] 📢 Broadcasting metrics.
[ 2026-03-28 12:14:15 | node_30 | INFO ] 📈 Evaluated. Results: {'test_loss': 0.004394312389194965, 'test_accuracy': 0.9929818511009216, 'test_precision': 0.21328704059123993, 'test_recall': 0.40049588680267334, 'test_f1': 0.2682488262653351, 'communication_cost': 182472}
[ 2026-03-28 12:14:15 | node_22 | INFO ] 📈 Evaluated. Results: {'test_loss': 0.0034594477619975805, 'test_accuracy': 0.9917221665382385, 'test_precision': 0.27713215351104736, 'test_recall': 0.6320616602897644, 'test_f1': 0.3769116997718811, 'communication_cost': 182472}
[ 2026-03-28 12:14:15 | node_19 | INFO ] 📢 Broadcasting metrics.
[ 2026-03-28 12:14:15 | node_9 | INFO ] 📈 Evaluated. Results: {'test_loss': 0.005848579108715057, 'test_accuracy': 0.9922627210617065, 'test_precision': 0.2880820631980896, 'test_recall': 0.43907251954078674, 'test_f1': 0.337526798248291, 'communication_cost': 182472}
[ 2026-03-28 12:14:15 | node_4 | INFO ] 📈 Evaluated. Results: {'test_loss': 0.003663470968604088, 'test_accuracy': 0.9932523369789124, 'test_precision': 0.2822624742984772, 'test_recall': 0.5372287631034851, 'test_f1': 0.36758777499198914, 'communication_cost': 182472}
[ 2026-03-28 12:14:15 | node_2 | INFO ] 📈 Evaluated. Results: {'test_loss': 0.004705867730081081, 'test_accuracy': 0.994331955909729, 'test_precision': 0.37719404697418213, 'test_recall': 0.5623890161514282, 'test_f1': 0.4406430125236511, 'communication_cost': 182472}
[ 2026-03-28 12:14:15 | node_3 | INFO ] 📈 Evaluated. Results: {'test_loss': 0.004802490118891001, 'test_accuracy': 0.99073326587677, 'test_precision': 0.2499031275510788, 'test_recall': 0.5552062392234802, 'test_f1': 0.33055540919303894, 'communication_cost': 182472}
[ 2026-03-28 12:14:15 | node_35 | INFO ] 🎉 Round 148 of 150 finished.
[ 2026-03-28 12:14:15 | node_30 | INFO ] 📢 Broadcasting metrics.
[ 2026-03-28 12:14:15 | node_22 | INFO ] 📢 Broadcasting metrics.
[ 2026-03-28 12:14:15 | node_42 | INFO ] 🏋️‍♀️ Preparing training...
[ 2026-03-28 12:14:15 | node_9 | INFO ] 📢 Broadcasting metrics.
[ 2026-03-28 12:14:15 | node_4 | INFO ] 📢 Broadcasting metrics.
[ 2026-03-28 12:14:15 | node_2 | INFO ] 📢 Broadcasting metrics.
[ 2026-03-28 12:14:15 | node_3 | INFO ] 📢 Broadcasting metrics.
[ 2026-03-28 12:14:15 | node_15 | INFO ] 📈 Evaluated. Results: {'test_loss': 0.0034770499914884567, 'test_accuracy': 0.9915429353713989, 'test_precision': 0.20442406833171844, 'test_recall': 0.5745185613632202, 'test_f1': 0.2918460965156555, 'communication_cost': 182472}
[ 2026-03-28 12:14:15 | node_20 | INFO ] 🏋️‍♀️ Preparing training...
[ 2026-03-28 12:14:15 | node_11 | INFO ] 🎉 Round 148 of 150 finished.
[ 2026-03-28 12:14:15 | node_33 | INFO ] 🏋️‍♀️ Preparing training...
[ 2026-03-28 12:14:15 | node_35 | INFO ] 🗳️ [DETERMINISTIC] Train set assigned (No Voting). Size: 50
[ 2026-03-28 12:14:15 | node_28 | INFO ] 🎉 Round 148 of 150 finished.
[ 2026-03-28 12:14:15 | node_15 | INFO ] 📢 Broadcasting metrics.
[ 2026-03-28 12:14:15 | node_24 | INFO ] 🎉 Round 148 of 150 finished.
[ 2026-03-28 12:14:15 | node_12 | INFO ] 🎉 Round 148 of 150 finished.
[ 2026-03-28 12:14:15 | node_13 | INFO ] 🎉 Round 148 of 150 finished.
[ 2026-03-28 12:14:15 | node_31 | INFO ] 🎉 Round 148 of 150 finished.
[ 2026-03-28 12:14:15 | node_11 | INFO ] 🗳️ [DETERMINISTIC] Train set assigned (No Voting). Size: 50
[ 2026-03-28 12:14:15 | node_14 | INFO ] 🎉 Round 148 of 150 finished.
[ 2026-03-28 12:14:15 | node_28 | INFO ] 🗳️ [DETERMINISTIC] Train set assigned (No Voting). Size: 50
[ 2026-03-28 12:14:15 | node_38 | INFO ] 🎉 Round 148 of 150 finished.
[ 2026-03-28 12:14:15 | node_24 | INFO ] 🗳️ [DETERMINISTIC] Train set assigned (No Voting). Size: 50
[ 2026-03-28 12:14:15 | node_46 | INFO ] 🎉 Round 148 of 150 finished.
[ 2026-03-28 12:14:15 | node_12 | INFO ] 🗳️ [DETERMINISTIC] Train set assigned (No Voting). Size: 50
[ 2026-03-28 12:14:15 | node_13 | INFO ] 🗳️ [DETERMINISTIC] Train set assigned (No Voting). Size: 50
[ 2026-03-28 12:14:15 | node_35 | INFO ] 🏋️‍♀️ Preparing training...
[ 2026-03-28 12:14:15 | node_31 | INFO ] 🗳️ [DETERMINISTIC] Train set assigned (No Voting). Size: 50
[ 2026-03-28 12:14:15 | node_14 | INFO ] 🗳️ [DETERMINISTIC] Train set assigned (No Voting). Size: 50
[ 2026-03-28 12:14:15 | node_26 | INFO ] 🎉 Round 148 of 150 finished.
[ 2026-03-28 12:14:15 | node_41 | INFO ] 🎉 Round 148 of 150 finished.
[ 2026-03-28 12:14:15 | node_39 | INFO ] 🎉 Round 148 of 150 finished.
[ 2026-03-28 12:14:15 | node_29 | INFO ] 🎉 Round 148 of 150 finished.
[ 2026-03-28 12:14:15 | node_38 | INFO ] 🗳️ [DETERMINISTIC] Train set assigned (No Voting). Size: 50
[ 2026-03-28 12:14:15 | node_46 | INFO ] 🗳️ [DETERMINISTIC] Train set assigned (No Voting). Size: 50
[ 2026-03-28 12:14:15 | node_11 | INFO ] 🏋️‍♀️ Preparing training...
[ 2026-03-28 12:14:15 | node_49 | INFO ] 🎉 Round 148 of 150 finished.
[ 2026-03-28 12:14:15 | node_37 | INFO ] 🎉 Round 148 of 150 finished.
[ 2026-03-28 12:14:15 | node_28 | INFO ] 🏋️‍♀️ Preparing training...
[ 2026-03-28 12:14:15 | node_24 | INFO ] 🏋️‍♀️ Preparing training...
[ 2026-03-28 12:14:15 | node_16 | INFO ] 🎉 Round 148 of 150 finished.
[ 2026-03-28 12:14:15 | node_26 | INFO ] 🗳️ [DETERMINISTIC] Train set assigned (No Voting). Size: 50
[ 2026-03-28 12:14:15 | node_12 | INFO ] 🏋️‍♀️ Preparing training...
[ 2026-03-28 12:14:15 | node_41 | INFO ] 🗳️ [DETERMINISTIC] Train set assigned (No Voting). Size: 50
[ 2026-03-28 12:14:15 | node_17 | INFO ] 🎉 Round 148 of 150 finished.
[ 2026-03-28 12:14:15 | node_5 | INFO ] 🎉 Round 148 of 150 finished.
[ 2026-03-28 12:14:15 | node_13 | INFO ] 🏋️‍♀️ Preparing training...
[ 2026-03-28 12:14:15 | node_39 | INFO ] 🗳️ [DETERMINISTIC] Train set assigned (No Voting). Size: 50
[ 2026-03-28 12:14:15 | node_47 | INFO ] 🎉 Round 148 of 150 finished.
[ 2026-03-28 12:14:15 | node_49 | INFO ] 🗳️ [DETERMINISTIC] Train set assigned (No Voting). Size: 50
[ 2026-03-28 12:14:15 | node_7 | INFO ] 🎉 Round 148 of 150 finished.
[ 2026-03-28 12:14:15 | node_29 | INFO ] 🗳️ [DETERMINISTIC] Train set assigned (No Voting). Size: 50
[ 2026-03-28 12:14:15 | node_37 | INFO ] 🗳️ [DETERMINISTIC] Train set assigned (No Voting). Size: 50
[ 2026-03-28 12:14:15 | node_31 | INFO ] 🏋️‍♀️ Preparing training...
[ 2026-03-28 12:14:15 | node_46 | INFO ] 🏋️‍♀️ Preparing training...
[ 2026-03-28 12:14:15 | node_38 | INFO ] 🏋️‍♀️ Preparing training...
[ 2026-03-28 12:14:15 | node_5 | INFO ] 🗳️ [DETERMINISTIC] Train set assigned (No Voting). Size: 50
[ 2026-03-28 12:14:15 | node_14 | INFO ] 🏋️‍♀️ Preparing training...
[ 2026-03-28 12:14:15 | node_2 | INFO ] 🎉 Round 148 of 150 finished.
[ 2026-03-28 12:14:15 | node_7 | INFO ] 🗳️ [DETERMINISTIC] Train set assigned (No Voting). Size: 50
[ 2026-03-28 12:14:15 | node_47 | INFO ] 🗳️ [DETERMINISTIC] Train set assigned (No Voting). Size: 50
[ 2026-03-28 12:14:15 | node_29 | INFO ] 🏋️‍♀️ Preparing training...
[ 2026-03-28 12:14:15 | node_17 | INFO ] 🗳️ [DETERMINISTIC] Train set assigned (No Voting). Size: 50
[ 2026-03-28 12:14:15 | node_41 | INFO ] 🏋️‍♀️ Preparing training...
[ 2026-03-28 12:14:15 | node_22 | INFO ] 🎉 Round 148 of 150 finished.
[ 2026-03-28 12:14:15 | node_16 | INFO ] 🗳️ [DETERMINISTIC] Train set assigned (No Voting). Size: 50
[ 2026-03-28 12:14:15 | node_19 | INFO ] 🎉 Round 148 of 150 finished.
[ 2026-03-28 12:14:16 | node_37 | INFO ] 🏋️‍♀️ Preparing training...
[ 2026-03-28 12:14:16 | node_4 | INFO ] 🎉 Round 148 of 150 finished.
[ 2026-03-28 12:14:16 | node_5 | INFO ] 🏋️‍♀️ Preparing training...
[ 2026-03-28 12:14:16 | node_2 | INFO ] 🗳️ [DETERMINISTIC] Train set assigned (No Voting). Size: 50
[ 2026-03-28 12:14:16 | node_30 | INFO ] 🎉 Round 148 of 150 finished.
[ 2026-03-28 12:14:16 | node_9 | INFO ] 🎉 Round 148 of 150 finished.
[ 2026-03-28 12:14:16 | node_47 | INFO ] 🏋️‍♀️ Preparing training...
[ 2026-03-28 12:14:16 | node_49 | INFO ] 🏋️‍♀️ Preparing training...
[ 2026-03-28 12:14:16 | node_4 | INFO ] 🗳️ [DETERMINISTIC] Train set assigned (No Voting). Size: 50
[ 2026-03-28 12:14:16 | node_15 | INFO ] 🎉 Round 148 of 150 finished.
[ 2026-03-28 12:14:16 | node_7 | INFO ] 🏋️‍♀️ Preparing training...
[ 2026-03-28 12:14:16 | node_9 | INFO ] 🗳️ [DETERMINISTIC] Train set assigned (No Voting). Size: 50
[ 2026-03-28 12:14:16 | node_16 | INFO ] 🏋️‍♀️ Preparing training...
[ 2026-03-28 12:14:16 | node_39 | INFO ] 🏋️‍♀️ Preparing training...
[ 2026-03-28 12:14:16 | node_26 | INFO ] 🏋️‍♀️ Preparing training...
[ 2026-03-28 12:14:16 | node_17 | INFO ] 🏋️‍♀️ Preparing training...
[ 2026-03-28 12:14:16 | node_30 | INFO ] 🗳️ [DETERMINISTIC] Train set assigned (No Voting). Size: 50
[ 2026-03-28 12:14:16 | node_22 | INFO ] 🗳️ [DETERMINISTIC] Train set assigned (No Voting). Size: 50
[ 2026-03-28 12:14:16 | node_2 | INFO ] 🏋️‍♀️ Preparing training...
[ 2026-03-28 12:14:16 | node_3 | INFO ] 🎉 Round 148 of 150 finished.
[ 2026-03-28 12:14:16 | node_19 | INFO ] 🗳️ [DETERMINISTIC] Train set assigned (No Voting). Size: 50
[ 2026-03-28 12:14:16 | node_4 | INFO ] 🏋️‍♀️ Preparing training...
[ 2026-03-28 12:14:16 | node_15 | INFO ] 🗳️ [DETERMINISTIC] Train set assigned (No Voting). Size: 50
[ 2026-03-28 12:14:16 | node_9 | INFO ] 🏋️‍♀️ Preparing training...
[ 2026-03-28 12:14:16 | node_30 | INFO ] 🏋️‍♀️ Preparing training...
[ 2026-03-28 12:14:16 | node_3 | INFO ] 🗳️ [DETERMINISTIC] Train set assigned (No Voting). Size: 50
[ 2026-03-28 12:14:16 | node_22 | INFO ] 🏋️‍♀️ Preparing training...
[ 2026-03-28 12:14:16 | node_19 | INFO ] 🏋️‍♀️ Preparing training...
[ 2026-03-28 12:14:16 | node_3 | INFO ] 🏋️‍♀️ Preparing training...
[ 2026-03-28 12:14:16 | node_15 | INFO ] 🏋️‍♀️ Preparing training...
[ 2026-03-28 12:14:18 | node_8 | INFO ] 🎓 Training step done.
[ 2026-03-28 12:14:18 | node_8 | INFO ] 🛠️ Calling force_add_local_model...
[ 2026-03-28 12:14:18 | node_8 | INFO ] ✅ [FORCE] Local model added for round 148. (1/2)
[ 2026-03-28 12:14:19 | node_1 | INFO ] 🎓 Training step done.
[ 2026-03-28 12:14:19 | node_1 | INFO ] 🛠️ Calling force_add_local_model...
[ 2026-03-28 12:14:19 | node_1 | INFO ] ✅ [FORCE] Local model added for round 148. (1/2)
[ 2026-03-28 12:14:19 | node_25 | INFO ] 🎓 Training step done.
[ 2026-03-28 12:14:19 | node_25 | INFO ] 🛠️ Calling force_add_local_model...
[ 2026-03-28 12:14:19 | node_25 | INFO ] ✅ [FORCE] Local model added for round 148. (1/2)
[ 2026-03-28 12:14:22 | node | INFO ] ⏹️  Gossiping exited for 10 equal rounds.
[ 2026-03-28 12:14:22 | node | INFO ] 🔬 Evaluating...
[ 2026-03-28 12:14:23 | node_44 | INFO ] 🎓 Training step done.
[ 2026-03-28 12:14:23 | node_44 | INFO ] 🛠️ Calling force_add_local_model...
[ 2026-03-28 12:14:23 | node_44 | INFO ] ✅ [FORCE] Local model added for round 148. (1/2)
[ 2026-03-28 12:14:23 | node_8 | INFO ] 📤 Sending model to 1 direct neighbors: ['node']
[ 2026-03-28 12:14:24 | node_1 | INFO ] 📤 Sending model to 1 direct neighbors: ['node']
[ 2026-03-28 12:14:24 | node_27 | INFO ] 🎓 Training step done.
[ 2026-03-28 12:14:24 | node_27 | INFO ] 🛠️ Calling force_add_local_model...
[ 2026-03-28 12:14:24 | node_27 | INFO ] ✅ [FORCE] Local model added for round 148. (1/2)
[ 2026-03-28 12:14:24 | node_25 | INFO ] 📤 Sending model to 1 direct neighbors: ['node']
[ 2026-03-28 12:14:25 | node_45 | INFO ] 🎓 Training step done.
[ 2026-03-28 12:14:25 | node_45 | INFO ] 🛠️ Calling force_add_local_model...
[ 2026-03-28 12:14:25 | node_34 | INFO ] 🎓 Training step done.
[ 2026-03-28 12:14:25 | node_45 | INFO ] ✅ [FORCE] Local model added for round 148. (1/2)
[ 2026-03-28 12:14:25 | node_34 | INFO ] 🛠️ Calling force_add_local_model...
[ 2026-03-28 12:14:25 | node_34 | INFO ] ✅ [FORCE] Local model added for round 148. (1/2)
[ 2026-03-28 12:14:25 | node_21 | INFO ] 🎓 Training step done.
[ 2026-03-28 12:14:25 | node_21 | INFO ] 🛠️ Calling force_add_local_model...
[ 2026-03-28 12:14:25 | node_21 | INFO ] ✅ [FORCE] Local model added for round 148. (1/2)
[ 2026-03-28 12:14:25 | node_32 | INFO ] 🎓 Training step done.
[ 2026-03-28 12:14:25 | node_32 | INFO ] 🛠️ Calling force_add_local_model...
[ 2026-03-28 12:14:25 | node_32 | INFO ] ✅ [FORCE] Local model added for round 148. (1/2)
[ 2026-03-28 12:14:25 | node_26 | INFO ] 🎓 Training step done.
[ 2026-03-28 12:14:25 | node_26 | INFO ] 🛠️ Calling force_add_local_model...
[ 2026-03-28 12:14:26 | node_26 | INFO ] ✅ [FORCE] Local model added for round 148. (1/2)
[ 2026-03-28 12:14:26 | node_43 | INFO ] 🎓 Training step done.
[ 2026-03-28 12:14:26 | node_43 | INFO ] 🛠️ Calling force_add_local_model...
[ 2026-03-28 12:14:26 | node_43 | INFO ] ✅ [FORCE] Local model added for round 148. (1/2)
[ 2026-03-28 12:14:26 | node_23 | INFO ] 🎓 Training step done.
[ 2026-03-28 12:14:26 | node_23 | INFO ] 🛠️ Calling force_add_local_model...
[ 2026-03-28 12:14:26 | node_23 | INFO ] ✅ [FORCE] Local model added for round 148. (1/2)
[ 2026-03-28 12:14:26 | node_36 | INFO ] 🎓 Training step done.
[ 2026-03-28 12:14:26 | node_36 | INFO ] 🛠️ Calling force_add_local_model...
[ 2026-03-28 12:14:26 | node_36 | INFO ] ✅ [FORCE] Local model added for round 148. (1/2)
[ 2026-03-28 12:14:26 | node_48 | INFO ] 🎓 Training step done.
[ 2026-03-28 12:14:26 | node_7 | INFO ] 🎓 Training step done.
[ 2026-03-28 12:14:26 | node_48 | INFO ] 🛠️ Calling force_add_local_model...
[ 2026-03-28 12:14:26 | node_7 | INFO ] 🛠️ Calling force_add_local_model...
[ 2026-03-28 12:14:26 | node_7 | INFO ] ✅ [FORCE] Local model added for round 148. (1/2)
[ 2026-03-28 12:14:26 | node_48 | INFO ] ✅ [FORCE] Local model added for round 148. (1/2)
[ 2026-03-28 12:14:27 | node_18 | INFO ] 🎓 Training step done.
[ 2026-03-28 12:14:27 | node_18 | INFO ] 🛠️ Calling force_add_local_model...
[ 2026-03-28 12:14:27 | node_46 | INFO ] 🎓 Training step done.
[ 2026-03-28 12:14:27 | node_18 | INFO ] ✅ [FORCE] Local model added for round 148. (1/2)
[ 2026-03-28 12:14:27 | node_46 | INFO ] 🛠️ Calling force_add_local_model...
[ 2026-03-28 12:14:27 | node_46 | INFO ] ✅ [FORCE] Local model added for round 148. (1/2)
[ 2026-03-28 12:14:27 | node | INFO ] 📈 Evaluated. Results: {'test_loss': 0.004303137306123972, 'test_accuracy': 0.9937921762466431, 'test_precision': 0.3358057141304016, 'test_recall': 0.5687709450721741, 'test_f1': 0.4164685010910034, 'communication_cost': 8941128}
[ 2026-03-28 12:14:27 | node | INFO ] 📢 Broadcasting metrics.
[ 2026-03-28 12:14:27 | node_40 | INFO ] 🎓 Training step done.
[ 2026-03-28 12:14:27 | node_40 | INFO ] 🛠️ Calling force_add_local_model...
[ 2026-03-28 12:14:27 | node_40 | INFO ] ✅ [FORCE] Local model added for round 148. (1/2)
[ 2026-03-28 12:14:27 | node_10 | INFO ] 🎓 Training step done.
[ 2026-03-28 12:14:27 | node_10 | INFO ] 🛠️ Calling force_add_local_model...
[ 2026-03-28 12:14:27 | node_10 | INFO ] ✅ [FORCE] Local model added for round 148. (1/2)
[ 2026-03-28 12:14:28 | node_6 | INFO ] 🎓 Training step done.
[ 2026-03-28 12:14:28 | node_19 | INFO ] 🎓 Training step done.
[ 2026-03-28 12:14:28 | node_6 | INFO ] 🛠️ Calling force_add_local_model...
[ 2026-03-28 12:14:28 | node_19 | INFO ] 🛠️ Calling force_add_local_model...
[ 2026-03-28 12:14:28 | node_6 | INFO ] ✅ [FORCE] Local model added for round 148. (1/2)
[ 2026-03-28 12:14:28 | node_44 | INFO ] 📤 Sending model to 1 direct neighbors: ['node']
[ 2026-03-28 12:14:28 | node_19 | INFO ] ✅ [FORCE] Local model added for round 148. (1/2)
[ 2026-03-28 12:14:28 | node_31 | INFO ] 🎓 Training step done.
[ 2026-03-28 12:14:28 | node_31 | INFO ] 🛠️ Calling force_add_local_model...
[ 2026-03-28 12:14:28 | node_31 | INFO ] ✅ [FORCE] Local model added for round 148. (1/2)
[ 2026-03-28 12:14:28 | node_33 | INFO ] 🎓 Training step done.
[ 2026-03-28 12:14:28 | node_33 | INFO ] 🛠️ Calling force_add_local_model...
[ 2026-03-28 12:14:28 | node_33 | INFO ] ✅ [FORCE] Local model added for round 148. (1/2)
[ 2026-03-28 12:14:28 | node_12 | INFO ] 🎓 Training step done.
[ 2026-03-28 12:14:28 | node_12 | INFO ] 🛠️ Calling force_add_local_model...
[ 2026-03-28 12:14:28 | node_12 | INFO ] ✅ [FORCE] Local model added for round 148. (1/2)
[ 2026-03-28 12:14:28 | node_28 | INFO ] 🎓 Training step done.
[ 2026-03-28 12:14:29 | node_28 | INFO ] 🛠️ Calling force_add_local_model...
[ 2026-03-28 12:14:29 | node_28 | INFO ] ✅ [FORCE] Local model added for round 148. (1/2)
[ 2026-03-28 12:14:29 | node_29 | INFO ] 🎓 Training step done.
[ 2026-03-28 12:14:29 | node_29 | INFO ] 🛠️ Calling force_add_local_model...
[ 2026-03-28 12:14:29 | node_29 | INFO ] ✅ [FORCE] Local model added for round 148. (1/2)
[ 2026-03-28 12:14:29 | node_42 | INFO ] 🎓 Training step done.
[ 2026-03-28 12:14:29 | node_42 | INFO ] 🛠️ Calling force_add_local_model...
[ 2026-03-28 12:14:29 | node_16 | INFO ] 🎓 Training step done.
[ 2026-03-28 12:14:29 | node_42 | INFO ] ✅ [FORCE] Local model added for round 148. (1/2)
[ 2026-03-28 12:14:29 | node_14 | INFO ] 🎓 Training step done.
[ 2026-03-28 12:14:29 | node_11 | INFO ] 🎓 Training step done.
[ 2026-03-28 12:14:29 | node_3 | INFO ] 🎓 Training step done.
[ 2026-03-28 12:14:29 | node_16 | INFO ] 🛠️ Calling force_add_local_model...
[ 2026-03-28 12:14:29 | node_14 | INFO ] 🛠️ Calling force_add_local_model...
[ 2026-03-28 12:14:29 | node_11 | INFO ] 🛠️ Calling force_add_local_model...
[ 2026-03-28 12:14:29 | node_3 | INFO ] 🛠️ Calling force_add_local_model...
[ 2026-03-28 12:14:29 | node_16 | INFO ] ✅ [FORCE] Local model added for round 148. (1/2)
[ 2026-03-28 12:14:29 | node_14 | INFO ] ✅ [FORCE] Local model added for round 148. (1/2)
[ 2026-03-28 12:14:29 | node_41 | INFO ] 🎓 Training step done.
[ 2026-03-28 12:14:29 | node_11 | INFO ] ✅ [FORCE] Local model added for round 148. (1/2)
[ 2026-03-28 12:14:29 | node_3 | INFO ] ✅ [FORCE] Local model added for round 148. (1/2)
[ 2026-03-28 12:14:29 | node_41 | INFO ] 🛠️ Calling force_add_local_model...
[ 2026-03-28 12:14:29 | node_5 | INFO ] 🎓 Training step done.
[ 2026-03-28 12:14:29 | node_39 | INFO ] 🎓 Training step done.
[ 2026-03-28 12:14:29 | node_41 | INFO ] ✅ [FORCE] Local model added for round 148. (1/2)
[ 2026-03-28 12:14:29 | node_5 | INFO ] 🛠️ Calling force_add_local_model...
[ 2026-03-28 12:14:29 | node_39 | INFO ] 🛠️ Calling force_add_local_model...
[ 2026-03-28 12:14:29 | node_5 | INFO ] ✅ [FORCE] Local model added for round 148. (1/2)
[ 2026-03-28 12:14:29 | node_39 | INFO ] ✅ [FORCE] Local model added for round 148. (1/2)
[ 2026-03-28 12:14:29 | node_4 | INFO ] 🎓 Training step done.
[ 2026-03-28 12:14:29 | node_4 | INFO ] 🛠️ Calling force_add_local_model...
[ 2026-03-28 12:14:29 | node_4 | INFO ] ✅ [FORCE] Local model added for round 148. (1/2)
[ 2026-03-28 12:14:29 | node_20 | INFO ] 🎓 Training step done.
[ 2026-03-28 12:14:29 | node_20 | INFO ] 🛠️ Calling force_add_local_model...
[ 2026-03-28 12:14:29 | node_20 | INFO ] ✅ [FORCE] Local model added for round 148. (1/2)
[ 2026-03-28 12:14:29 | node_24 | INFO ] 🎓 Training step done.
[ 2026-03-28 12:14:29 | node_24 | INFO ] 🛠️ Calling force_add_local_model...
[ 2026-03-28 12:14:29 | node_24 | INFO ] ✅ [FORCE] Local model added for round 148. (1/2)
[ 2026-03-28 12:14:29 | node_2 | INFO ] 🎓 Training step done.
[ 2026-03-28 12:14:29 | node_2 | INFO ] 🛠️ Calling force_add_local_model...
[ 2026-03-28 12:14:29 | node_2 | INFO ] ✅ [FORCE] Local model added for round 148. (1/2)
[ 2026-03-28 12:14:29 | node_38 | INFO ] 🎓 Training step done.
[ 2026-03-28 12:14:29 | node_38 | INFO ] 🛠️ Calling force_add_local_model...
[ 2026-03-28 12:14:29 | node_37 | INFO ] 🎓 Training step done.
[ 2026-03-28 12:14:29 | node_38 | INFO ] ✅ [FORCE] Local model added for round 148. (1/2)
[ 2026-03-28 12:14:29 | node_37 | INFO ] 🛠️ Calling force_add_local_model...
[ 2026-03-28 12:14:29 | node_47 | INFO ] 🎓 Training step done.
[ 2026-03-28 12:14:29 | node_37 | INFO ] ✅ [FORCE] Local model added for round 148. (1/2)
[ 2026-03-28 12:14:29 | node_47 | INFO ] 🛠️ Calling force_add_local_model...
[ 2026-03-28 12:14:29 | node_47 | INFO ] ✅ [FORCE] Local model added for round 148. (1/2)
[ 2026-03-28 12:14:29 | node_27 | INFO ] 📤 Sending model to 1 direct neighbors: ['node']
[ 2026-03-28 12:14:29 | node_49 | INFO ] 🎓 Training step done.
[ 2026-03-28 12:14:29 | node_49 | INFO ] 🛠️ Calling force_add_local_model...
[ 2026-03-28 12:14:29 | node_49 | INFO ] ✅ [FORCE] Local model added for round 148. (1/2)
[ 2026-03-28 12:14:29 | node_9 | INFO ] 🎓 Training step done.
[ 2026-03-28 12:14:29 | node_9 | INFO ] 🛠️ Calling force_add_local_model...
[ 2026-03-28 12:14:29 | node_9 | INFO ] ✅ [FORCE] Local model added for round 148. (1/2)
[ 2026-03-28 12:14:30 | node_15 | INFO ] 🎓 Training step done.
[ 2026-03-28 12:14:30 | node_15 | INFO ] 🛠️ Calling force_add_local_model...
[ 2026-03-28 12:14:30 | node_15 | INFO ] ✅ [FORCE] Local model added for round 148. (1/2)
[ 2026-03-28 12:14:30 | node_22 | INFO ] 🎓 Training step done.
[ 2026-03-28 12:14:30 | node_22 | INFO ] 🛠️ Calling force_add_local_model...
[ 2026-03-28 12:14:30 | node_22 | INFO ] ✅ [FORCE] Local model added for round 148. (1/2)
[ 2026-03-28 12:14:30 | node_13 | INFO ] 🎓 Training step done.
[ 2026-03-28 12:14:30 | node_35 | INFO ] 🎓 Training step done.
[ 2026-03-28 12:14:30 | node_35 | INFO ] 🛠️ Calling force_add_local_model...
[ 2026-03-28 12:14:30 | node_13 | INFO ] 🛠️ Calling force_add_local_model...
[ 2026-03-28 12:14:30 | node_17 | INFO ] 🎓 Training step done.
[ 2026-03-28 12:14:30 | node_35 | INFO ] ✅ [FORCE] Local model added for round 148. (1/2)
[ 2026-03-28 12:14:30 | node_13 | INFO ] ✅ [FORCE] Local model added for round 148. (1/2)
[ 2026-03-28 12:14:30 | node_17 | INFO ] 🛠️ Calling force_add_local_model...
[ 2026-03-28 12:14:30 | node_17 | INFO ] ✅ [FORCE] Local model added for round 148. (1/2)
[ 2026-03-28 12:14:30 | node_30 | INFO ] 🎓 Training step done.
[ 2026-03-28 12:14:30 | node_30 | INFO ] 🛠️ Calling force_add_local_model...
[ 2026-03-28 12:14:30 | node_30 | INFO ] ✅ [FORCE] Local model added for round 148. (1/2)
[ 2026-03-28 12:14:30 | node | INFO ] 🎉 Round 148 of 150 finished.
[ 2026-03-28 12:14:30 | node | INFO ] 🗳️ [DETERMINISTIC] Train set assigned (No Voting). Size: 50
[ 2026-03-28 12:14:30 | node | INFO ] ♻️ Proactively processing 5 early models for round 148.
[ 2026-03-28 12:14:30 | node | INFO ] 🧩 Model added for round 148 (1/50) from ['node_8']
[ 2026-03-28 12:14:30 | node | INFO ] 🧩 Model added for round 148 (2/50) from ['node_1']
[ 2026-03-28 12:14:30 | node | INFO ] 🧩 Model added for round 148 (3/50) from ['node_25']
[ 2026-03-28 12:14:30 | node | INFO ] 🧩 Model added for round 148 (4/50) from ['node_44']
[ 2026-03-28 12:14:30 | node | INFO ] 🧩 Model added for round 148 (5/50) from ['node_27']
[ 2026-03-28 12:14:30 | node | INFO ] 🏋️‍♀️ Preparing training...
[ 2026-03-28 12:14:30 | node_45 | INFO ] 📤 Sending model to 1 direct neighbors: ['node']
[ 2026-03-28 12:14:30 | node_34 | INFO ] 📤 Sending model to 1 direct neighbors: ['node']
[ 2026-03-28 12:14:30 | node | INFO ] 🧩 Model added for round 148 (6/50) from ['node_45']
[ 2026-03-28 12:14:30 | node | INFO ] 🧩 Model added for round 148 (7/50) from ['node_34']
[ 2026-03-28 12:14:30 | node_21 | INFO ] 📤 Sending model to 1 direct neighbors: ['node']
[ 2026-03-28 12:14:30 | node | INFO ] 🧩 Model added for round 148 (8/50) from ['node_21']
[ 2026-03-28 12:14:30 | node_32 | INFO ] 📤 Sending model to 1 direct neighbors: ['node']
[ 2026-03-28 12:14:30 | node | INFO ] 🧩 Model added for round 148 (9/50) from ['node_32']
[ 2026-03-28 12:14:31 | node_26 | INFO ] 📤 Sending model to 1 direct neighbors: ['node']
[ 2026-03-28 12:14:31 | node | INFO ] 🧩 Model added for round 148 (10/50) from ['node_26']
[ 2026-03-28 12:14:31 | node_43 | INFO ] 📤 Sending model to 1 direct neighbors: ['node']
[ 2026-03-28 12:14:31 | node_23 | INFO ] 📤 Sending model to 1 direct neighbors: ['node']
[ 2026-03-28 12:14:31 | node | INFO ] 🧩 Model added for round 148 (11/50) from ['node_43']
[ 2026-03-28 12:14:31 | node | INFO ] 🧩 Model added for round 148 (12/50) from ['node_23']
[ 2026-03-28 12:14:31 | node_36 | INFO ] 📤 Sending model to 1 direct neighbors: ['node']
[ 2026-03-28 12:14:31 | node | INFO ] 🧩 Model added for round 148 (13/50) from ['node_36']
[ 2026-03-28 12:14:31 | node_7 | INFO ] 📤 Sending model to 1 direct neighbors: ['node']
[ 2026-03-28 12:14:31 | node_48 | INFO ] 📤 Sending model to 1 direct neighbors: ['node']
[ 2026-03-28 12:14:31 | node | INFO ] 🧩 Model added for round 148 (14/50) from ['node_48']
[ 2026-03-28 12:14:31 | node | INFO ] 🧩 Model added for round 148 (15/50) from ['node_7']
[ 2026-03-28 12:14:31 | node | INFO ] 🎓 Training step done.
[ 2026-03-28 12:14:31 | node | INFO ] 🛠️ Calling force_add_local_model...
[ 2026-03-28 12:14:31 | node | INFO ] ✅ [FORCE] Local model added for round 148. (16/50)
[ 2026-03-28 12:14:32 | node_18 | INFO ] 📤 Sending model to 1 direct neighbors: ['node']
[ 2026-03-28 12:14:32 | node_46 | INFO ] 📤 Sending model to 1 direct neighbors: ['node']
[ 2026-03-28 12:14:32 | node | INFO ] 🧩 Model added for round 148 (17/50) from ['node_18']
[ 2026-03-28 12:14:32 | node | INFO ] 🧩 Model added for round 148 (18/50) from ['node_46']
[ 2026-03-28 12:14:32 | node_40 | INFO ] 📤 Sending model to 1 direct neighbors: ['node']
[ 2026-03-28 12:14:32 | node | INFO ] 🧩 Model added for round 148 (19/50) from ['node_40']
[ 2026-03-28 12:14:32 | node_10 | INFO ] 📤 Sending model to 1 direct neighbors: ['node']
[ 2026-03-28 12:14:32 | node | INFO ] 🧩 Model added for round 148 (20/50) from ['node_10']
[ 2026-03-28 12:14:33 | node_6 | INFO ] 📤 Sending model to 1 direct neighbors: ['node']
[ 2026-03-28 12:14:33 | node_19 | INFO ] 📤 Sending model to 1 direct neighbors: ['node']
[ 2026-03-28 12:14:33 | node | INFO ] 🧩 Model added for round 148 (21/50) from ['node_6']
[ 2026-03-28 12:14:33 | node | INFO ] 🧩 Model added for round 148 (22/50) from ['node_19']
[ 2026-03-28 12:14:33 | node_31 | INFO ] 📤 Sending model to 1 direct neighbors: ['node']
[ 2026-03-28 12:14:33 | node_33 | INFO ] 📤 Sending model to 1 direct neighbors: ['node']
[ 2026-03-28 12:14:33 | node | INFO ] 🧩 Model added for round 148 (23/50) from ['node_31']
[ 2026-03-28 12:14:33 | node | INFO ] 🧩 Model added for round 148 (24/50) from ['node_33']
[ 2026-03-28 12:14:33 | node_12 | INFO ] 📤 Sending model to 1 direct neighbors: ['node']
[ 2026-03-28 12:14:33 | node | INFO ] 🧩 Model added for round 148 (25/50) from ['node_12']
[ 2026-03-28 12:14:34 | node_28 | INFO ] 📤 Sending model to 1 direct neighbors: ['node']
[ 2026-03-28 12:14:34 | node | INFO ] 🧩 Model added for round 148 (26/50) from ['node_28']
[ 2026-03-28 12:14:34 | node_29 | INFO ] 📤 Sending model to 1 direct neighbors: ['node']
[ 2026-03-28 12:14:34 | node | INFO ] 🧩 Model added for round 148 (27/50) from ['node_29']
[ 2026-03-28 12:14:34 | node_42 | INFO ] 📤 Sending model to 1 direct neighbors: ['node']
[ 2026-03-28 12:14:34 | node_16 | INFO ] 📤 Sending model to 1 direct neighbors: ['node']
[ 2026-03-28 12:14:34 | node_3 | INFO ] 📤 Sending model to 1 direct neighbors: ['node']
[ 2026-03-28 12:14:34 | node_11 | INFO ] 📤 Sending model to 1 direct neighbors: ['node']
[ 2026-03-28 12:14:34 | node_14 | INFO ] 📤 Sending model to 1 direct neighbors: ['node']
[ 2026-03-28 12:14:34 | node_41 | INFO ] 📤 Sending model to 1 direct neighbors: ['node']
[ 2026-03-28 12:14:34 | node_5 | INFO ] 📤 Sending model to 1 direct neighbors: ['node']
[ 2026-03-28 12:14:34 | node_39 | INFO ] 📤 Sending model to 1 direct neighbors: ['node']
[ 2026-03-28 12:14:34 | node_4 | INFO ] 📤 Sending model to 1 direct neighbors: ['node']
[ 2026-03-28 12:14:34 | node | INFO ] 🧩 Model added for round 148 (28/50) from ['node_42']
[ 2026-03-28 12:14:34 | node_20 | INFO ] 📤 Sending model to 1 direct neighbors: ['node']
[ 2026-03-28 12:14:34 | node | INFO ] 🧩 Model added for round 148 (29/50) from ['node_11']
[ 2026-03-28 12:14:34 | node | INFO ] 🧩 Model added for round 148 (30/50) from ['node_16']
[ 2026-03-28 12:14:34 | node | INFO ] 🧩 Model added for round 148 (31/50) from ['node_14']
[ 2026-03-28 12:14:34 | node | INFO ] 🧩 Model added for round 148 (32/50) from ['node_3']
[ 2026-03-28 12:14:34 | node | INFO ] 🧩 Model added for round 148 (33/50) from ['node_39']
[ 2026-03-28 12:14:34 | node | INFO ] 🧩 Model added for round 148 (34/50) from ['node_5']
[ 2026-03-28 12:14:34 | node | INFO ] 🧩 Model added for round 148 (35/50) from ['node_41']
[ 2026-03-28 12:14:34 | node | INFO ] 🧩 Model added for round 148 (36/50) from ['node_4']
[ 2026-03-28 12:14:34 | node_24 | INFO ] 📤 Sending model to 1 direct neighbors: ['node']
[ 2026-03-28 12:14:34 | node_2 | INFO ] 📤 Sending model to 1 direct neighbors: ['node']
[ 2026-03-28 12:14:34 | node_38 | INFO ] 📤 Sending model to 1 direct neighbors: ['node']
[ 2026-03-28 12:14:34 | node_37 | INFO ] 📤 Sending model to 1 direct neighbors: ['node']
[ 2026-03-28 12:14:34 | node_47 | INFO ] 📤 Sending model to 1 direct neighbors: ['node']
[ 2026-03-28 12:14:34 | node | INFO ] 🧩 Model added for round 148 (37/50) from ['node_20']
[ 2026-03-28 12:14:34 | node_49 | INFO ] 📤 Sending model to 1 direct neighbors: ['node']
[ 2026-03-28 12:14:34 | node_9 | INFO ] 📤 Sending model to 1 direct neighbors: ['node']
[ 2026-03-28 12:14:34 | node | INFO ] 🧩 Model added for round 148 (38/50) from ['node_24']
[ 2026-03-28 12:14:35 | node | INFO ] 🧩 Model added for round 148 (39/50) from ['node_2']
[ 2026-03-28 12:14:35 | node_15 | INFO ] 📤 Sending model to 1 direct neighbors: ['node']
[ 2026-03-28 12:14:35 | node_22 | INFO ] 📤 Sending model to 1 direct neighbors: ['node']
[ 2026-03-28 12:14:35 | node_35 | INFO ] 📤 Sending model to 1 direct neighbors: ['node']
[ 2026-03-28 12:14:35 | node_13 | INFO ] 📤 Sending model to 1 direct neighbors: ['node']
[ 2026-03-28 12:14:35 | node_17 | INFO ] 📤 Sending model to 1 direct neighbors: ['node']
[ 2026-03-28 12:14:35 | node_30 | INFO ] 📤 Sending model to 1 direct neighbors: ['node']
[ 2026-03-28 12:14:35 | node | INFO ] 🧩 Model added for round 148 (40/50) from ['node_9']
[ 2026-03-28 12:14:35 | node | INFO ] 🧩 Model added for round 148 (41/50) from ['node_38']
[ 2026-03-28 12:14:35 | node | INFO ] 🧩 Model added for round 148 (42/50) from ['node_49']
[ 2026-03-28 12:14:35 | node | INFO ] 🧩 Model added for round 148 (43/50) from ['node_47']
[ 2026-03-28 12:14:35 | node | INFO ] 🧩 Model added for round 148 (44/50) from ['node_37']
[ 2026-03-28 12:14:35 | node | INFO ] 🧩 Model added for round 148 (45/50) from ['node_35']
[ 2026-03-28 12:14:35 | node | INFO ] 🧩 Model added for round 148 (46/50) from ['node_17']
[ 2026-03-28 12:14:35 | node | INFO ] 🧩 Model added for round 148 (47/50) from ['node_13']
[ 2026-03-28 12:14:35 | node | INFO ] 🧩 Model added for round 148 (48/50) from ['node_30']
[ 2026-03-28 12:14:35 | node | INFO ] 🧩 Model added for round 148 (49/50) from ['node_22']
[ 2026-03-28 12:14:35 | node | INFO ] 🧩 Model added for round 148 (50/50) from ['node_15']
[ 2026-03-28 12:14:36 | node | INFO ] 📤 Sending model to 49 direct neighbors: ['node_1', 'node_2', 'node_3', 'node_4', 'node_5', 'node_6', 'node_7', 'node_8', 'node_9', 'node_10', 'node_11', 'node_12', 'node_13', 'node_14', 'node_15', 'node_16', 'node_17', 'node_18', 'node_19', 'node_20', 'node_21', 'node_22', 'node_23', 'node_24', 'node_25', 'node_26', 'node_27', 'node_28', 'node_29', 'node_30', 'node_31', 'node_32', 'node_33', 'node_34', 'node_35', 'node_36', 'node_37', 'node_38', 'node_39', 'node_40', 'node_41', 'node_42', 'node_43', 'node_44', 'node_45', 'node_46', 'node_47', 'node_48', 'node_49']
[ 2026-03-28 12:14:37 | node_1 | INFO ] 🧩 Model added for round 148 (2/2) from ['node']
[ 2026-03-28 12:14:37 | node_1 | INFO ] 🧠 Aggregation complete. Setting new model.
[ 2026-03-28 12:14:37 | node_1 | INFO ] 🗣️ Gossiping aggregated model.
[ 2026-03-28 12:14:37 | node_2 | INFO ] 🧩 Model added for round 148 (2/2) from ['node']
[ 2026-03-28 12:14:37 | node_3 | INFO ] 🧩 Model added for round 148 (2/2) from ['node']
[ 2026-03-28 12:14:37 | node_2 | INFO ] 🧠 Aggregation complete. Setting new model.
[ 2026-03-28 12:14:37 | node_2 | INFO ] 🗣️ Gossiping aggregated model.
[ 2026-03-28 12:14:37 | node_3 | INFO ] 🧠 Aggregation complete. Setting new model.
[ 2026-03-28 12:14:37 | node_4 | INFO ] 🧩 Model added for round 148 (2/2) from ['node']
[ 2026-03-28 12:14:37 | node_3 | INFO ] 🗣️ Gossiping aggregated model.
[ 2026-03-28 12:14:37 | node_5 | INFO ] 🧩 Model added for round 148 (2/2) from ['node']
[ 2026-03-28 12:14:37 | node_4 | INFO ] 🧠 Aggregation complete. Setting new model.
[ 2026-03-28 12:14:37 | node_4 | INFO ] 🗣️ Gossiping aggregated model.
[ 2026-03-28 12:14:37 | node_5 | INFO ] 🧠 Aggregation complete. Setting new model.
[ 2026-03-28 12:14:37 | node_6 | INFO ] 🧩 Model added for round 148 (2/2) from ['node']
[ 2026-03-28 12:14:37 | node_5 | INFO ] 🗣️ Gossiping aggregated model.
[ 2026-03-28 12:14:37 | node_7 | INFO ] 🧩 Model added for round 148 (2/2) from ['node']
[ 2026-03-28 12:14:37 | node_6 | INFO ] 🧠 Aggregation complete. Setting new model.
[ 2026-03-28 12:14:37 | node_6 | INFO ] 🗣️ Gossiping aggregated model.
[ 2026-03-28 12:14:37 | node_8 | INFO ] 🧩 Model added for round 148 (2/2) from ['node']
[ 2026-03-28 12:14:37 | node_7 | INFO ] 🧠 Aggregation complete. Setting new model.
[ 2026-03-28 12:14:37 | node_7 | INFO ] 🗣️ Gossiping aggregated model.
[ 2026-03-28 12:14:37 | node_8 | INFO ] 🧠 Aggregation complete. Setting new model.
[ 2026-03-28 12:14:37 | node_9 | INFO ] 🧩 Model added for round 148 (2/2) from ['node']
[ 2026-03-28 12:14:37 | node_8 | INFO ] 🗣️ Gossiping aggregated model.
[ 2026-03-28 12:14:37 | node_10 | INFO ] 🧩 Model added for round 148 (2/2) from ['node']
[ 2026-03-28 12:14:37 | node_9 | INFO ] 🧠 Aggregation complete. Setting new model.
[ 2026-03-28 12:14:37 | node_9 | INFO ] 🗣️ Gossiping aggregated model.
[ 2026-03-28 12:14:37 | node_11 | INFO ] 🧩 Model added for round 148 (2/2) from ['node']
[ 2026-03-28 12:14:37 | node_10 | INFO ] 🧠 Aggregation complete. Setting new model.
[ 2026-03-28 12:14:37 | node_10 | INFO ] 🗣️ Gossiping aggregated model.
[ 2026-03-28 12:14:37 | node_11 | INFO ] 🧠 Aggregation complete. Setting new model.
[ 2026-03-28 12:14:37 | node_12 | INFO ] 🧩 Model added for round 148 (2/2) from ['node']
[ 2026-03-28 12:14:37 | node_11 | INFO ] 🗣️ Gossiping aggregated model.
[ 2026-03-28 12:14:37 | node_12 | INFO ] 🧠 Aggregation complete. Setting new model.
[ 2026-03-28 12:14:37 | node_13 | INFO ] 🧩 Model added for round 148 (2/2) from ['node']
[ 2026-03-28 12:14:37 | node_12 | INFO ] 🗣️ Gossiping aggregated model.
[ 2026-03-28 12:14:37 | node_14 | INFO ] 🧩 Model added for round 148 (2/2) from ['node']
[ 2026-03-28 12:14:37 | node_13 | INFO ] 🧠 Aggregation complete. Setting new model.
[ 2026-03-28 12:14:37 | node_13 | INFO ] 🗣️ Gossiping aggregated model.
[ 2026-03-28 12:14:37 | node_14 | INFO ] 🧠 Aggregation complete. Setting new model.
[ 2026-03-28 12:14:37 | node_15 | INFO ] 🧩 Model added for round 148 (2/2) from ['node']
[ 2026-03-28 12:14:37 | node_14 | INFO ] 🗣️ Gossiping aggregated model.
[ 2026-03-28 12:14:37 | node_15 | INFO ] 🧠 Aggregation complete. Setting new model.
[ 2026-03-28 12:14:37 | node_16 | INFO ] 🧩 Model added for round 148 (2/2) from ['node']
[ 2026-03-28 12:14:37 | node_15 | INFO ] 🗣️ Gossiping aggregated model.
[ 2026-03-28 12:14:37 | node_17 | INFO ] 🧩 Model added for round 148 (2/2) from ['node']
[ 2026-03-28 12:14:37 | node_16 | INFO ] 🧠 Aggregation complete. Setting new model.
[ 2026-03-28 12:14:38 | node_16 | INFO ] 🗣️ Gossiping aggregated model.
[ 2026-03-28 12:14:38 | node_17 | INFO ] 🧠 Aggregation complete. Setting new model.
[ 2026-03-28 12:14:38 | node_18 | INFO ] 🧩 Model added for round 148 (2/2) from ['node']
[ 2026-03-28 12:14:38 | node_17 | INFO ] 🗣️ Gossiping aggregated model.
[ 2026-03-28 12:14:38 | node_19 | INFO ] 🧩 Model added for round 148 (2/2) from ['node']
[ 2026-03-28 12:14:38 | node_18 | INFO ] 🧠 Aggregation complete. Setting new model.
[ 2026-03-28 12:14:38 | node_18 | INFO ] 🗣️ Gossiping aggregated model.
[ 2026-03-28 12:14:38 | node_20 | INFO ] 🧩 Model added for round 148 (2/2) from ['node']
[ 2026-03-28 12:14:38 | node_19 | INFO ] 🧠 Aggregation complete. Setting new model.
[ 2026-03-28 12:14:38 | node_19 | INFO ] 🗣️ Gossiping aggregated model.
[ 2026-03-28 12:14:38 | node_21 | INFO ] 🧩 Model added for round 148 (2/2) from ['node']
[ 2026-03-28 12:14:38 | node_20 | INFO ] 🧠 Aggregation complete. Setting new model.
[ 2026-03-28 12:14:38 | node_20 | INFO ] 🗣️ Gossiping aggregated model.
[ 2026-03-28 12:14:38 | node_22 | INFO ] 🧩 Model added for round 148 (2/2) from ['node']
[ 2026-03-28 12:14:38 | node_21 | INFO ] 🧠 Aggregation complete. Setting new model.
[ 2026-03-28 12:14:38 | node_21 | INFO ] 🗣️ Gossiping aggregated model.
[ 2026-03-28 12:14:38 | node_23 | INFO ] 🧩 Model added for round 148 (2/2) from ['node']
[ 2026-03-28 12:14:38 | node_22 | INFO ] 🧠 Aggregation complete. Setting new model.
[ 2026-03-28 12:14:38 | node_22 | INFO ] 🗣️ Gossiping aggregated model.
[ 2026-03-28 12:14:38 | node_24 | INFO ] 🧩 Model added for round 148 (2/2) from ['node']
[ 2026-03-28 12:14:38 | node_23 | INFO ] 🧠 Aggregation complete. Setting new model.
[ 2026-03-28 12:14:38 | node_23 | INFO ] 🗣️ Gossiping aggregated model.
[ 2026-03-28 12:14:38 | node_25 | INFO ] 🧩 Model added for round 148 (2/2) from ['node']
[ 2026-03-28 12:14:38 | node_24 | INFO ] 🧠 Aggregation complete. Setting new model.
[ 2026-03-28 12:14:38 | node_24 | INFO ] 🗣️ Gossiping aggregated model.
[ 2026-03-28 12:14:38 | node_25 | INFO ] 🧠 Aggregation complete. Setting new model.
[ 2026-03-28 12:14:38 | node_26 | INFO ] 🧩 Model added for round 148 (2/2) from ['node']
[ 2026-03-28 12:14:38 | node_25 | INFO ] 🗣️ Gossiping aggregated model.
[ 2026-03-28 12:14:38 | node_27 | INFO ] 🧩 Model added for round 148 (2/2) from ['node']
[ 2026-03-28 12:14:38 | node_26 | INFO ] 🧠 Aggregation complete. Setting new model.
[ 2026-03-28 12:14:38 | node_26 | INFO ] 🗣️ Gossiping aggregated model.
[ 2026-03-28 12:14:38 | node_27 | INFO ] 🧠 Aggregation complete. Setting new model.
[ 2026-03-28 12:14:38 | node_28 | INFO ] 🧩 Model added for round 148 (2/2) from ['node']
[ 2026-03-28 12:14:38 | node_27 | INFO ] 🗣️ Gossiping aggregated model.
[ 2026-03-28 12:14:38 | node_29 | INFO ] 🧩 Model added for round 148 (2/2) from ['node']
[ 2026-03-28 12:14:38 | node_28 | INFO ] 🧠 Aggregation complete. Setting new model.
[ 2026-03-28 12:14:38 | node_28 | INFO ] 🗣️ Gossiping aggregated model.
[ 2026-03-28 12:14:38 | node_29 | INFO ] 🧠 Aggregation complete. Setting new model.
[ 2026-03-28 12:14:38 | node_29 | INFO ] 🗣️ Gossiping aggregated model.
[ 2026-03-28 12:14:38 | node_30 | INFO ] 🧩 Model added for round 148 (2/2) from ['node']
[ 2026-03-28 12:14:38 | node_30 | INFO ] 🧠 Aggregation complete. Setting new model.
[ 2026-03-28 12:14:38 | node_31 | INFO ] 🧩 Model added for round 148 (2/2) from ['node']
[ 2026-03-28 12:14:38 | node_30 | INFO ] 🗣️ Gossiping aggregated model.
[ 2026-03-28 12:14:38 | node_32 | INFO ] 🧩 Model added for round 148 (2/2) from ['node']
[ 2026-03-28 12:14:38 | node_31 | INFO ] 🧠 Aggregation complete. Setting new model.
[ 2026-03-28 12:14:38 | node_31 | INFO ] 🗣️ Gossiping aggregated model.
[ 2026-03-28 12:14:39 | node_33 | INFO ] 🧩 Model added for round 148 (2/2) from ['node']
[ 2026-03-28 12:14:39 | node_32 | INFO ] 🧠 Aggregation complete. Setting new model.
[ 2026-03-28 12:14:39 | node_32 | INFO ] 🗣️ Gossiping aggregated model.
[ 2026-03-28 12:14:39 | node_34 | INFO ] 🧩 Model added for round 148 (2/2) from ['node']
[ 2026-03-28 12:14:39 | node_33 | INFO ] 🧠 Aggregation complete. Setting new model.
[ 2026-03-28 12:14:39 | node_33 | INFO ] 🗣️ Gossiping aggregated model.
[ 2026-03-28 12:14:39 | node_35 | INFO ] 🧩 Model added for round 148 (2/2) from ['node']
[ 2026-03-28 12:14:39 | node_34 | INFO ] 🧠 Aggregation complete. Setting new model.
[ 2026-03-28 12:14:39 | node_34 | INFO ] 🗣️ Gossiping aggregated model.
[ 2026-03-28 12:14:39 | node_36 | INFO ] 🧩 Model added for round 148 (2/2) from ['node']
[ 2026-03-28 12:14:39 | node_35 | INFO ] 🧠 Aggregation complete. Setting new model.
[ 2026-03-28 12:14:39 | node_35 | INFO ] 🗣️ Gossiping aggregated model.
[ 2026-03-28 12:14:39 | node_37 | INFO ] 🧩 Model added for round 148 (2/2) from ['node']
[ 2026-03-28 12:14:39 | node_36 | INFO ] 🧠 Aggregation complete. Setting new model.
[ 2026-03-28 12:14:39 | node_36 | INFO ] 🗣️ Gossiping aggregated model.
[ 2026-03-28 12:14:39 | node_37 | INFO ] 🧠 Aggregation complete. Setting new model.
[ 2026-03-28 12:14:39 | node_38 | INFO ] 🧩 Model added for round 148 (2/2) from ['node']
[ 2026-03-28 12:14:39 | node_37 | INFO ] 🗣️ Gossiping aggregated model.
[ 2026-03-28 12:14:39 | node_38 | INFO ] 🧠 Aggregation complete. Setting new model.
[ 2026-03-28 12:14:39 | node_39 | INFO ] 🧩 Model added for round 148 (2/2) from ['node']
[ 2026-03-28 12:14:39 | node_38 | INFO ] 🗣️ Gossiping aggregated model.
[ 2026-03-28 12:14:39 | node_39 | INFO ] 🧠 Aggregation complete. Setting new model.
[ 2026-03-28 12:14:39 | node_40 | INFO ] 🧩 Model added for round 148 (2/2) from ['node']
[ 2026-03-28 12:14:39 | node_39 | INFO ] 🗣️ Gossiping aggregated model.
[ 2026-03-28 12:14:39 | node_40 | INFO ] 🧠 Aggregation complete. Setting new model.
[ 2026-03-28 12:14:39 | node_41 | INFO ] 🧩 Model added for round 148 (2/2) from ['node']
[ 2026-03-28 12:14:39 | node_40 | INFO ] 🗣️ Gossiping aggregated model.
[ 2026-03-28 12:14:39 | node_41 | INFO ] 🧠 Aggregation complete. Setting new model.
[ 2026-03-28 12:14:39 | node_41 | INFO ] 🗣️ Gossiping aggregated model.
[ 2026-03-28 12:14:39 | node_42 | INFO ] 🧩 Model added for round 148 (2/2) from ['node']
[ 2026-03-28 12:14:39 | node_42 | INFO ] 🧠 Aggregation complete. Setting new model.
[ 2026-03-28 12:14:39 | node_42 | INFO ] 🗣️ Gossiping aggregated model.
[ 2026-03-28 12:14:39 | node_43 | INFO ] 🧩 Model added for round 148 (2/2) from ['node']
[ 2026-03-28 12:14:39 | node_43 | INFO ] 🧠 Aggregation complete. Setting new model.
[ 2026-03-28 12:14:39 | node_44 | INFO ] 🧩 Model added for round 148 (2/2) from ['node']
[ 2026-03-28 12:14:39 | node_43 | INFO ] 🗣️ Gossiping aggregated model.
[ 2026-03-28 12:14:39 | node_45 | INFO ] 🧩 Model added for round 148 (2/2) from ['node']
[ 2026-03-28 12:14:39 | node_44 | INFO ] 🧠 Aggregation complete. Setting new model.
[ 2026-03-28 12:14:39 | node_44 | INFO ] 🗣️ Gossiping aggregated model.
[ 2026-03-28 12:14:39 | node_45 | INFO ] 🧠 Aggregation complete. Setting new model.
[ 2026-03-28 12:14:39 | node_46 | INFO ] 🧩 Model added for round 148 (2/2) from ['node']
[ 2026-03-28 12:14:39 | node_45 | INFO ] 🗣️ Gossiping aggregated model.
[ 2026-03-28 12:14:40 | node_47 | INFO ] 🧩 Model added for round 148 (2/2) from ['node']
[ 2026-03-28 12:14:40 | node_46 | INFO ] 🧠 Aggregation complete. Setting new model.
[ 2026-03-28 12:14:40 | node_46 | INFO ] 🗣️ Gossiping aggregated model.
[ 2026-03-28 12:14:40 | node_47 | INFO ] 🧠 Aggregation complete. Setting new model.
[ 2026-03-28 12:14:40 | node_48 | INFO ] 🧩 Model added for round 148 (2/2) from ['node']
[ 2026-03-28 12:14:40 | node_47 | INFO ] 🗣️ Gossiping aggregated model.
[ 2026-03-28 12:14:40 | node_48 | INFO ] 🧠 Aggregation complete. Setting new model.
[ 2026-03-28 12:14:40 | node_49 | INFO ] 🧩 Model added for round 148 (2/2) from ['node']
[ 2026-03-28 12:14:40 | node_48 | INFO ] 🗣️ Gossiping aggregated model.
[ 2026-03-28 12:14:40 | node_49 | INFO ] 🧠 Aggregation complete. Setting new model.
[ 2026-03-28 12:14:40 | node_49 | INFO ] 🗣️ Gossiping aggregated model.
[ 2026-03-28 12:14:40 | node | INFO ] 🧠 Aggregation complete. Setting new model.
[ 2026-03-28 12:14:40 | node_2 | INFO ] 🤫 Gossip finished.
[ 2026-03-28 12:14:40 | node_1 | INFO ] 🤫 Gossip finished.
[ 2026-03-28 12:14:40 | node_1 | INFO ] 🔬 Evaluating...
[ 2026-03-28 12:14:40 | node_2 | INFO ] 🔬 Evaluating...
[ 2026-03-28 12:14:40 | node_3 | INFO ] 🤫 Gossip finished.
[ 2026-03-28 12:14:40 | node_3 | INFO ] 🔬 Evaluating...
[ 2026-03-28 12:14:40 | node_5 | INFO ] 🤫 Gossip finished.
[ 2026-03-28 12:14:40 | node_5 | INFO ] 🔬 Evaluating...
[ 2026-03-28 12:14:40 | node_4 | INFO ] 🤫 Gossip finished.
[ 2026-03-28 12:14:40 | node_6 | INFO ] 🤫 Gossip finished.
[ 2026-03-28 12:14:40 | node_4 | INFO ] 🔬 Evaluating...
[ 2026-03-28 12:14:40 | node_6 | INFO ] 🔬 Evaluating...
[ 2026-03-28 12:14:40 | node_8 | INFO ] 🤫 Gossip finished.
[ 2026-03-28 12:14:40 | node_23 | INFO ] 🤫 Gossip finished.
[ 2026-03-28 12:14:40 | node_8 | INFO ] 🔬 Evaluating...
[ 2026-03-28 12:14:40 | node_23 | INFO ] 🔬 Evaluating...
[ 2026-03-28 12:14:40 | node_24 | INFO ] 🤫 Gossip finished.
[ 2026-03-28 12:14:40 | node_7 | INFO ] 🤫 Gossip finished.
[ 2026-03-28 12:14:40 | node_24 | INFO ] 🔬 Evaluating...
[ 2026-03-28 12:14:40 | node_7 | INFO ] 🔬 Evaluating...
[ 2026-03-28 12:14:40 | node_9 | INFO ] 🤫 Gossip finished.
[ 2026-03-28 12:14:40 | node_25 | INFO ] 🤫 Gossip finished.
[ 2026-03-28 12:14:40 | node_9 | INFO ] 🔬 Evaluating...
[ 2026-03-28 12:14:40 | node_25 | INFO ] 🔬 Evaluating...
[ 2026-03-28 12:14:40 | node_26 | INFO ] 🤫 Gossip finished.
[ 2026-03-28 12:14:40 | node_27 | INFO ] 🤫 Gossip finished.
[ 2026-03-28 12:14:40 | node_10 | INFO ] 🤫 Gossip finished.
[ 2026-03-28 12:14:40 | node_26 | INFO ] 🔬 Evaluating...
[ 2026-03-28 12:14:40 | node_27 | INFO ] 🔬 Evaluating...
[ 2026-03-28 12:14:40 | node_10 | INFO ] 🔬 Evaluating...
[ 2026-03-28 12:14:40 | node_11 | INFO ] 🤫 Gossip finished.
[ 2026-03-28 12:14:40 | node_11 | INFO ] 🔬 Evaluating...
[ 2026-03-28 12:14:40 | node_28 | INFO ] 🤫 Gossip finished.
[ 2026-03-28 12:14:40 | node_28 | INFO ] 🔬 Evaluating...
[ 2026-03-28 12:14:40 | node_12 | INFO ] 🤫 Gossip finished.
[ 2026-03-28 12:14:40 | node_29 | INFO ] 🤫 Gossip finished.
[ 2026-03-28 12:14:40 | node_12 | INFO ] 🔬 Evaluating...
[ 2026-03-28 12:14:41 | node_29 | INFO ] 🔬 Evaluating...
[ 2026-03-28 12:14:41 | node_30 | INFO ] 🤫 Gossip finished.
[ 2026-03-28 12:14:41 | node_13 | INFO ] 🤫 Gossip finished.
[ 2026-03-28 12:14:41 | node_30 | INFO ] 🔬 Evaluating...
[ 2026-03-28 12:14:41 | node_31 | INFO ] 🤫 Gossip finished.
[ 2026-03-28 12:14:41 | node_15 | INFO ] 🤫 Gossip finished.
[ 2026-03-28 12:14:41 | node_14 | INFO ] 🤫 Gossip finished.
[ 2026-03-28 12:14:41 | node_13 | INFO ] 🔬 Evaluating...
[ 2026-03-28 12:14:41 | node_32 | INFO ] 🤫 Gossip finished.
[ 2026-03-28 12:14:41 | node_16 | INFO ] 🤫 Gossip finished.
[ 2026-03-28 12:14:41 | node_31 | INFO ] 🔬 Evaluating...
[ 2026-03-28 12:14:41 | node_17 | INFO ] 🤫 Gossip finished.
[ 2026-03-28 12:14:41 | node_33 | INFO ] 🤫 Gossip finished.
[ 2026-03-28 12:14:41 | node_14 | INFO ] 🔬 Evaluating...
[ 2026-03-28 12:14:41 | node_15 | INFO ] 🔬 Evaluating...
[ 2026-03-28 12:14:41 | node_32 | INFO ] 🔬 Evaluating...
[ 2026-03-28 12:14:41 | node_34 | INFO ] 🤫 Gossip finished.
[ 2026-03-28 12:14:41 | node_16 | INFO ] 🔬 Evaluating...
[ 2026-03-28 12:14:41 | node_33 | INFO ] 🔬 Evaluating...
[ 2026-03-28 12:14:41 | node_18 | INFO ] 🤫 Gossip finished.
[ 2026-03-28 12:14:41 | node_17 | INFO ] 🔬 Evaluating...
[ 2026-03-28 12:14:41 | node_18 | INFO ] 🔬 Evaluating...
[ 2026-03-28 12:14:41 | node_34 | INFO ] 🔬 Evaluating...
[ 2026-03-28 12:14:41 | node_35 | INFO ] 🤫 Gossip finished.
[ 2026-03-28 12:14:41 | node_19 | INFO ] 🤫 Gossip finished.
[ 2026-03-28 12:14:41 | node_35 | INFO ] 🔬 Evaluating...
[ 2026-03-28 12:14:41 | node_36 | INFO ] 🤫 Gossip finished.
[ 2026-03-28 12:14:41 | node_21 | INFO ] 🤫 Gossip finished.
[ 2026-03-28 12:14:41 | node_37 | INFO ] 🤫 Gossip finished.
[ 2026-03-28 12:14:41 | node_19 | INFO ] 🔬 Evaluating...
[ 2026-03-28 12:14:41 | node_20 | INFO ] 🤫 Gossip finished.
[ 2026-03-28 12:14:41 | node_38 | INFO ] 🤫 Gossip finished.
[ 2026-03-28 12:14:41 | node_22 | INFO ] 🤫 Gossip finished.
[ 2026-03-28 12:14:41 | node_21 | INFO ] 🔬 Evaluating...
[ 2026-03-28 12:14:41 | node_36 | INFO ] 🔬 Evaluating...
[ 2026-03-28 12:14:41 | node_37 | INFO ] 🔬 Evaluating...
[ 2026-03-28 12:14:41 | node_20 | INFO ] 🔬 Evaluating...
[ 2026-03-28 12:14:41 | node_39 | INFO ] 🤫 Gossip finished.
[ 2026-03-28 12:14:41 | node_38 | INFO ] 🔬 Evaluating...
[ 2026-03-28 12:14:41 | node_22 | INFO ] 🔬 Evaluating...
[ 2026-03-28 12:14:41 | node | INFO ] 🗣️ Gossiping aggregated model.
[ 2026-03-28 12:14:41 | node_40 | INFO ] 🤫 Gossip finished.
[ 2026-03-28 12:14:41 | node_39 | INFO ] 🔬 Evaluating...
[ 2026-03-28 12:14:41 | node_41 | INFO ] 🤫 Gossip finished.
[ 2026-03-28 12:14:41 | node | INFO ] 🤫 Gossip finished.
[ 2026-03-28 12:14:41 | node_42 | INFO ] 🤫 Gossip finished.
[ 2026-03-28 12:14:42 | node_40 | INFO ] 🔬 Evaluating...
[ 2026-03-28 12:14:42 | node_41 | INFO ] 🔬 Evaluating...
[ 2026-03-28 12:14:42 | node_43 | INFO ] 🤫 Gossip finished.
[ 2026-03-28 12:14:42 | node_42 | INFO ] 🔬 Evaluating...
[ 2026-03-28 12:14:42 | node | INFO ] 🔬 Evaluating...
[ 2026-03-28 12:14:42 | node_43 | INFO ] 🔬 Evaluating...
[ 2026-03-28 12:14:42 | node_44 | INFO ] 🤫 Gossip finished.
[ 2026-03-28 12:14:42 | node_45 | INFO ] 🤫 Gossip finished.
[ 2026-03-28 12:14:42 | node_44 | INFO ] 🔬 Evaluating...
[ 2026-03-28 12:14:42 | node_45 | INFO ] 🔬 Evaluating...
[ 2026-03-28 12:14:42 | node_46 | INFO ] 🤫 Gossip finished.
[ 2026-03-28 12:14:42 | node_3 | INFO ] 📈 Evaluated. Results: {'test_loss': 0.00501856068149209, 'test_accuracy': 0.9918128848075867, 'test_precision': 0.27694088220596313, 'test_recall': 0.5552062392234802, 'test_f1': 0.3563770353794098, 'communication_cost': 182472}
[ 2026-03-28 12:14:42 | node_46 | INFO ] 🔬 Evaluating...
[ 2026-03-28 12:14:42 | node_3 | INFO ] 📢 Broadcasting metrics.
[ 2026-03-28 12:14:42 | node_3 | INFO ] 🎉 Round 149 of 150 finished.
[ 2026-03-28 12:14:42 | node_3 | INFO ] 🗳️ [DETERMINISTIC] Train set assigned (No Voting). Size: 50
[ 2026-03-28 12:14:42 | node_3 | INFO ] 🏋️‍♀️ Preparing training...
[ 2026-03-28 12:14:43 | node_48 | INFO ] 🤫 Gossip finished.
[ 2026-03-28 12:14:43 | node_49 | INFO ] 🤫 Gossip finished.
[ 2026-03-28 12:14:43 | node_48 | INFO ] 🔬 Evaluating...
[ 2026-03-28 12:14:43 | node_47 | INFO ] 🤫 Gossip finished.
[ 2026-03-28 12:14:43 | node_49 | INFO ] 🔬 Evaluating...
[ 2026-03-28 12:14:43 | node_47 | INFO ] 🔬 Evaluating...
[ 2026-03-28 12:14:43 | node_26 | INFO ] 📈 Evaluated. Results: {'test_loss': 0.004214660730212927, 'test_accuracy': 0.9921720623970032, 'test_precision': 0.19628183543682098, 'test_recall': 0.4939497709274292, 'test_f1': 0.27145516872406006, 'communication_cost': 182472}
[ 2026-03-28 12:14:43 | node_26 | INFO ] 📢 Broadcasting metrics.
[ 2026-03-28 12:14:43 | node_26 | INFO ] 🎉 Round 149 of 150 finished.
[ 2026-03-28 12:14:44 | node_26 | INFO ] 🗳️ [DETERMINISTIC] Train set assigned (No Voting). Size: 50
[ 2026-03-28 12:14:44 | node_26 | INFO ] 🏋️‍♀️ Preparing training...
[ 2026-03-28 12:14:44 | node_25 | INFO ] 📈 Evaluated. Results: {'test_loss': 0.004048732575029135, 'test_accuracy': 0.99424147605896, 'test_precision': 0.33060169219970703, 'test_recall': 0.6065414547920227, 'test_f1': 0.4264904856681824, 'communication_cost': 182472}
[ 2026-03-28 12:14:44 | node_25 | INFO ] 📢 Broadcasting metrics.
[ 2026-03-28 12:14:44 | node_6 | INFO ] 📈 Evaluated. Results: {'test_loss': 0.003718713065609336, 'test_accuracy': 0.9949617385864258, 'test_precision': 0.2786864638328552, 'test_recall': 0.47906431555747986, 'test_f1': 0.34893810749053955, 'communication_cost': 182472}
[ 2026-03-28 12:14:44 | node_6 | INFO ] 📢 Broadcasting metrics.
[ 2026-03-28 12:14:44 | node_25 | INFO ] 🎉 Round 149 of 150 finished.
[ 2026-03-28 12:14:44 | node_25 | INFO ] 🗳️ [DETERMINISTIC] Train set assigned (No Voting). Size: 50
[ 2026-03-28 12:14:44 | node_25 | INFO ] 🏋️‍♀️ Preparing training...
[ 2026-03-28 12:14:44 | node_6 | INFO ] 🎉 Round 149 of 150 finished.
[ 2026-03-28 12:14:44 | node_6 | INFO ] 🗳️ [DETERMINISTIC] Train set assigned (No Voting). Size: 50
[ 2026-03-28 12:14:44 | node_2 | INFO ] 📈 Evaluated. Results: {'test_loss': 0.004699465818703175, 'test_accuracy': 0.9949617385864258, 'test_precision': 0.41858425736427307, 'test_recall': 0.5623890161514282, 'test_f1': 0.4705648422241211, 'communication_cost': 182472}
[ 2026-03-28 12:14:44 | node_6 | INFO ] 🏋️‍♀️ Preparing training...
[ 2026-03-28 12:14:44 | node_2 | INFO ] 📢 Broadcasting metrics.
[ 2026-03-28 12:14:44 | node_8 | INFO ] 📈 Evaluated. Results: {'test_loss': 0.004039814695715904, 'test_accuracy': 0.9942420125007629, 'test_precision': 0.3280506134033203, 'test_recall': 0.5671457648277283, 'test_f1': 0.41138067841529846, 'communication_cost': 182472}
[ 2026-03-28 12:14:44 | node_8 | INFO ] 📢 Broadcasting metrics.
[ 2026-03-28 12:14:44 | node_1 | INFO ] 📈 Evaluated. Results: {'test_loss': 0.004707389511168003, 'test_accuracy': 0.993702232837677, 'test_precision': 0.2329424023628235, 'test_recall': 0.34694141149520874, 'test_f1': 0.26501545310020447, 'communication_cost': 182472}
[ 2026-03-28 12:14:44 | node_1 | INFO ] 📢 Broadcasting metrics.
[ 2026-03-28 12:14:44 | node_4 | INFO ] 📈 Evaluated. Results: {'test_loss': 0.0036345652770251036, 'test_accuracy': 0.9945119023323059, 'test_precision': 0.33608317375183105, 'test_recall': 0.5109065175056458, 'test_f1': 0.40189504623413086, 'communication_cost': 182472}
[ 2026-03-28 12:14:44 | node_2 | INFO ] 🎉 Round 149 of 150 finished.
[ 2026-03-28 12:14:45 | node_4 | INFO ] 📢 Broadcasting metrics.
[ 2026-03-28 12:14:45 | node_5 | INFO ] 📈 Evaluated. Results: {'test_loss': 0.0071006594225764275, 'test_accuracy': 0.9913630485534668, 'test_precision': 0.22281910479068756, 'test_recall': 0.3820559084415436, 'test_f1': 0.2689672112464905, 'communication_cost': 182472}
[ 2026-03-28 12:14:45 | node_14 | INFO ] 📈 Evaluated. Results: {'test_loss': 0.003078471403568983, 'test_accuracy': 0.9953216314315796, 'test_precision': 0.36264508962631226, 'test_recall': 0.651053249835968, 'test_f1': 0.4204806685447693, 'communication_cost': 182472}
[ 2026-03-28 12:14:45 | node_2 | INFO ] 🗳️ [DETERMINISTIC] Train set assigned (No Voting). Size: 50
[ 2026-03-28 12:14:45 | node_5 | INFO ] 📢 Broadcasting metrics.
[ 2026-03-28 12:14:45 | node_8 | INFO ] 🎉 Round 149 of 150 finished.
[ 2026-03-28 12:14:45 | node_14 | INFO ] 📢 Broadcasting metrics.
[ 2026-03-28 12:14:45 | node_1 | INFO ] 🎉 Round 149 of 150 finished.
[ 2026-03-28 12:14:45 | node_8 | INFO ] 🗳️ [DETERMINISTIC] Train set assigned (No Voting). Size: 50
[ 2026-03-28 12:14:45 | node_2 | INFO ] 🏋️‍♀️ Preparing training...
[ 2026-03-28 12:14:45 | node_1 | INFO ] 🗳️ [DETERMINISTIC] Train set assigned (No Voting). Size: 50
[ 2026-03-28 12:14:45 | node_8 | INFO ] 🏋️‍♀️ Preparing training...
[ 2026-03-28 12:14:45 | node_1 | INFO ] 🏋️‍♀️ Preparing training...
[ 2026-03-28 12:14:45 | node_4 | INFO ] 🎉 Round 149 of 150 finished.
[ 2026-03-28 12:14:45 | node_4 | INFO ] 🗳️ [DETERMINISTIC] Train set assigned (No Voting). Size: 50
[ 2026-03-28 12:14:45 | node_5 | INFO ] 🎉 Round 149 of 150 finished.
[ 2026-03-28 12:14:45 | node_14 | INFO ] 🎉 Round 149 of 150 finished.
[ 2026-03-28 12:14:45 | node_5 | INFO ] 🗳️ [DETERMINISTIC] Train set assigned (No Voting). Size: 50
[ 2026-03-28 12:14:45 | node_14 | INFO ] 🗳️ [DETERMINISTIC] Train set assigned (No Voting). Size: 50
[ 2026-03-28 12:14:45 | node_4 | INFO ] 🏋️‍♀️ Preparing training...
[ 2026-03-28 12:14:45 | node_5 | INFO ] 🏋️‍♀️ Preparing training...
[ 2026-03-28 12:14:45 | node_14 | INFO ] 🏋️‍♀️ Preparing training...
[ 2026-03-28 12:14:45 | node_10 | INFO ] 📈 Evaluated. Results: {'test_loss': 0.003650227328762412, 'test_accuracy': 0.99397212266922, 'test_precision': 0.2785360813140869, 'test_recall': 0.521447479724884, 'test_f1': 0.35140255093574524, 'communication_cost': 182472}
[ 2026-03-28 12:14:45 | node_10 | INFO ] 📢 Broadcasting metrics.
[ 2026-03-28 12:14:45 | node_10 | INFO ] 🎉 Round 149 of 150 finished.
[ 2026-03-28 12:14:45 | node_10 | INFO ] 🗳️ [DETERMINISTIC] Train set assigned (No Voting). Size: 50
[ 2026-03-28 12:14:45 | node_10 | INFO ] 🏋️‍♀️ Preparing training...
[ 2026-03-28 12:14:45 | node_28 | INFO ] 📈 Evaluated. Results: {'test_loss': 0.005483810789883137, 'test_accuracy': 0.9927119016647339, 'test_precision': 0.2989037036895752, 'test_recall': 0.46989381313323975, 'test_f1': 0.3597958981990814, 'communication_cost': 182472}
[ 2026-03-28 12:14:45 | node_28 | INFO ] 📢 Broadcasting metrics.
[ 2026-03-28 12:14:46 | node_28 | INFO ] 🎉 Round 149 of 150 finished.
[ 2026-03-28 12:14:46 | node_28 | INFO ] 🗳️ [DETERMINISTIC] Train set assigned (No Voting). Size: 50
[ 2026-03-28 12:14:46 | node_28 | INFO ] 🏋️‍♀️ Preparing training...
[ 2026-03-28 12:14:46 | node_16 | INFO ] 📈 Evaluated. Results: {'test_loss': 0.004626652225852013, 'test_accuracy': 0.994331955909729, 'test_precision': 0.3768838047981262, 'test_recall': 0.5534811615943909, 'test_f1': 0.4339231252670288, 'communication_cost': 182472}
[ 2026-03-28 12:14:46 | node_16 | INFO ] 📢 Broadcasting metrics.
[ 2026-03-28 12:14:46 | node_16 | INFO ] 🎉 Round 149 of 150 finished.
[ 2026-03-28 12:14:46 | node_16 | INFO ] 🗳️ [DETERMINISTIC] Train set assigned (No Voting). Size: 50
[ 2026-03-28 12:14:46 | node_16 | INFO ] 🏋️‍♀️ Preparing training...
[ 2026-03-28 12:14:46 | node_23 | INFO ] 📈 Evaluated. Results: {'test_loss': 0.004711529240012169, 'test_accuracy': 0.9935216903686523, 'test_precision': 0.36758702993392944, 'test_recall': 0.5496913194656372, 'test_f1': 0.42164626717567444, 'communication_cost': 182472}
[ 2026-03-28 12:14:46 | node_7 | INFO ] 📈 Evaluated. Results: {'test_loss': 0.005398027133196592, 'test_accuracy': 0.9945119023323059, 'test_precision': 0.3949272036552429, 'test_recall': 0.5146527290344238, 'test_f1': 0.43917393684387207, 'communication_cost': 182472}
[ 2026-03-28 12:14:46 | node_23 | INFO ] 📢 Broadcasting metrics.
[ 2026-03-28 12:14:46 | node_7 | INFO ] 📢 Broadcasting metrics.
[ 2026-03-28 12:14:46 | node_35 | INFO ] 📈 Evaluated. Results: {'test_loss': 0.003866795217618346, 'test_accuracy': 0.9936116337776184, 'test_precision': 0.4095129370689392, 'test_recall': 0.6976941823959351, 'test_f1': 0.5048593282699585, 'communication_cost': 182472}
[ 2026-03-28 12:14:46 | node_35 | INFO ] 📢 Broadcasting metrics.
[ 2026-03-28 12:14:46 | node_13 | INFO ] 📈 Evaluated. Results: {'test_loss': 0.005146091338247061, 'test_accuracy': 0.9938821196556091, 'test_precision': 0.34315553307533264, 'test_recall': 0.558160662651062, 'test_f1': 0.40623414516448975, 'communication_cost': 182472}
[ 2026-03-28 12:14:46 | node_13 | INFO ] 📢 Broadcasting metrics.
[ 2026-03-28 12:14:46 | node_23 | INFO ] 🎉 Round 149 of 150 finished.
[ 2026-03-28 12:14:46 | node_7 | INFO ] 🎉 Round 149 of 150 finished.
[ 2026-03-28 12:14:47 | node_23 | INFO ] 🗳️ [DETERMINISTIC] Train set assigned (No Voting). Size: 50
[ 2026-03-28 12:14:47 | node_7 | INFO ] 🗳️ [DETERMINISTIC] Train set assigned (No Voting). Size: 50
[ 2026-03-28 12:14:47 | node_35 | INFO ] 🎉 Round 149 of 150 finished.
[ 2026-03-28 12:14:47 | node_23 | INFO ] 🏋️‍♀️ Preparing training...
[ 2026-03-28 12:14:47 | node_7 | INFO ] 🏋️‍♀️ Preparing training...
[ 2026-03-28 12:14:47 | node_35 | INFO ] 🗳️ [DETERMINISTIC] Train set assigned (No Voting). Size: 50
[ 2026-03-28 12:14:47 | node_13 | INFO ] 🎉 Round 149 of 150 finished.
[ 2026-03-28 12:14:47 | node_35 | INFO ] 🏋️‍♀️ Preparing training...
[ 2026-03-28 12:14:47 | node | INFO ] 📈 Evaluated. Results: {'test_loss': 0.004329712130129337, 'test_accuracy': 0.99397212266922, 'test_precision': 0.34113067388534546, 'test_recall': 0.5482981204986572, 'test_f1': 0.41503825783729553, 'communication_cost': 8941128}
[ 2026-03-28 12:14:47 | node_38 | INFO ] 📈 Evaluated. Results: {'test_loss': 0.0031721866689622402, 'test_accuracy': 0.9935216903686523, 'test_precision': 0.26821646094322205, 'test_recall': 0.5328221917152405, 'test_f1': 0.3395158648490906, 'communication_cost': 182472}
[ 2026-03-28 12:14:47 | node_13 | INFO ] 🗳️ [DETERMINISTIC] Train set assigned (No Voting). Size: 50
[ 2026-03-28 12:14:47 | node_12 | INFO ] 📈 Evaluated. Results: {'test_loss': 0.003838667878881097, 'test_accuracy': 0.9955915212631226, 'test_precision': 0.4524782598018646, 'test_recall': 0.6521328687667847, 'test_f1': 0.5120960474014282, 'communication_cost': 182472}
[ 2026-03-28 12:14:47 | node | INFO ] 📢 Broadcasting metrics.
[ 2026-03-28 12:14:47 | node_29 | INFO ] 📈 Evaluated. Results: {'test_loss': 0.004765855148434639, 'test_accuracy': 0.9933417439460754, 'test_precision': 0.28342390060424805, 'test_recall': 0.5571885704994202, 'test_f1': 0.3659204840660095, 'communication_cost': 182472}
[ 2026-03-28 12:14:47 | node_38 | INFO ] 📢 Broadcasting metrics.
[ 2026-03-28 12:14:47 | node_9 | INFO ] 📈 Evaluated. Results: {'test_loss': 0.005863892380148172, 'test_accuracy': 0.9925326108932495, 'test_precision': 0.304720014333725, 'test_recall': 0.4653133153915405, 'test_f1': 0.3567306399345398, 'communication_cost': 182472}
[ 2026-03-28 12:14:47 | node_12 | INFO ] 📢 Broadcasting metrics.
[ 2026-03-28 12:14:47 | node_29 | INFO ] 📢 Broadcasting metrics.
[ 2026-03-28 12:14:47 | node_9 | INFO ] 📢 Broadcasting metrics.
[ 2026-03-28 12:14:47 | node_13 | INFO ] 🏋️‍♀️ Preparing training...
[ 2026-03-28 12:14:47 | node_24 | INFO ] 📈 Evaluated. Results: {'test_loss': 0.0037404843606054783, 'test_accuracy': 0.9957711100578308, 'test_precision': 0.37905561923980713, 'test_recall': 0.5084019899368286, 'test_f1': 0.42535844445228577, 'communication_cost': 182472}
[ 2026-03-28 12:14:47 | node_24 | INFO ] 📢 Broadcasting metrics.
[ 2026-03-28 12:14:47 | node_17 | INFO ] 📈 Evaluated. Results: {'test_loss': 0.004246830008924007, 'test_accuracy': 0.9914529919624329, 'test_precision': 0.25408411026000977, 'test_recall': 0.5324233770370483, 'test_f1': 0.3412356972694397, 'communication_cost': 182472}
[ 2026-03-28 12:14:47 | node_17 | INFO ] 📢 Broadcasting metrics.
[ 2026-03-28 12:14:47 | node_27 | INFO ] 📈 Evaluated. Results: {'test_loss': 0.0037691923789680004, 'test_accuracy': 0.9934316873550415, 'test_precision': 0.3148774206638336, 'test_recall': 0.5776936411857605, 'test_f1': 0.404731422662735, 'communication_cost': 182472}
[ 2026-03-28 12:14:47 | node_27 | INFO ] 📢 Broadcasting metrics.
[ 2026-03-28 12:14:47 | node_12 | INFO ] 🎉 Round 149 of 150 finished.
[ 2026-03-28 12:14:47 | node_38 | INFO ] 🎉 Round 149 of 150 finished.
[ 2026-03-28 12:14:47 | node_29 | INFO ] 🎉 Round 149 of 150 finished.
[ 2026-03-28 12:14:47 | node_49 | INFO ] 📈 Evaluated. Results: {'test_loss': 0.005074353888630867, 'test_accuracy': 0.9945114254951477, 'test_precision': 0.4446626305580139, 'test_recall': 0.538080096244812, 'test_f1': 0.47186970710754395, 'communication_cost': 182472}
[ 2026-03-28 12:14:47 | node_11 | INFO ] 📈 Evaluated. Results: {'test_loss': 0.005787321832031012, 'test_accuracy': 0.99397212266922, 'test_precision': 0.3436315655708313, 'test_recall': 0.4915691316127777, 'test_f1': 0.3993765413761139, 'communication_cost': 182472}
[ 2026-03-28 12:14:47 | node_30 | INFO ] 📈 Evaluated. Results: {'test_loss': 0.004210544750094414, 'test_accuracy': 0.9945114254951477, 'test_precision': 0.2758425772190094, 'test_recall': 0.40049588680267334, 'test_f1': 0.31439778208732605, 'communication_cost': 182472}
[ 2026-03-28 12:14:47 | node_12 | INFO ] 🗳️ [DETERMINISTIC] Train set assigned (No Voting). Size: 50
[ 2026-03-28 12:14:47 | node_49 | INFO ] 📢 Broadcasting metrics.
[ 2026-03-28 12:14:47 | node_9 | INFO ] 🎉 Round 149 of 150 finished.
[ 2026-03-28 12:14:47 | node_11 | INFO ] 📢 Broadcasting metrics.
[ 2026-03-28 12:14:47 | node_29 | INFO ] 🗳️ [DETERMINISTIC] Train set assigned (No Voting). Size: 50
[ 2026-03-28 12:14:47 | node_36 | INFO ] 📈 Evaluated. Results: {'test_loss': 0.0044052801094949245, 'test_accuracy': 0.9931617975234985, 'test_precision': 0.2701757848262787, 'test_recall': 0.5393197536468506, 'test_f1': 0.34214165806770325, 'communication_cost': 182472}
[ 2026-03-28 12:14:47 | node_38 | INFO ] 🗳️ [DETERMINISTIC] Train set assigned (No Voting). Size: 50
[ 2026-03-28 12:14:47 | node_30 | INFO ] 📢 Broadcasting metrics.
[ 2026-03-28 12:14:47 | node_24 | INFO ] 🎉 Round 149 of 150 finished.
[ 2026-03-28 12:14:47 | node_36 | INFO ] 📢 Broadcasting metrics.
[ 2026-03-28 12:14:47 | node_9 | INFO ] 🗳️ [DETERMINISTIC] Train set assigned (No Voting). Size: 50
[ 2026-03-28 12:14:48 | node_32 | INFO ] 📈 Evaluated. Results: {'test_loss': 0.005109378136694431, 'test_accuracy': 0.9928018450737, 'test_precision': 0.3360788822174072, 'test_recall': 0.5779582858085632, 'test_f1': 0.40927475690841675, 'communication_cost': 182472}
[ 2026-03-28 12:14:48 | node_12 | INFO ] 🏋️‍♀️ Preparing training...
[ 2026-03-28 12:14:48 | node_24 | INFO ] 🗳️ [DETERMINISTIC] Train set assigned (No Voting). Size: 50
[ 2026-03-28 12:14:48 | node_29 | INFO ] 🏋️‍♀️ Preparing training...
[ 2026-03-28 12:14:48 | node_38 | INFO ] 🏋️‍♀️ Preparing training...
[ 2026-03-28 12:14:48 | node_32 | INFO ] 📢 Broadcasting metrics.
[ 2026-03-28 12:14:48 | node_17 | INFO ] 🎉 Round 149 of 150 finished.
[ 2026-03-28 12:14:48 | node_9 | INFO ] 🏋️‍♀️ Preparing training...
[ 2026-03-28 12:14:48 | node_21 | INFO ] 📈 Evaluated. Results: {'test_loss': 0.00610083993524313, 'test_accuracy': 0.9933417439460754, 'test_precision': 0.24886851012706757, 'test_recall': 0.40291866660118103, 'test_f1': 0.29056864976882935, 'communication_cost': 182472}
[ 2026-03-28 12:14:48 | node_27 | INFO ] 🎉 Round 149 of 150 finished.
[ 2026-03-28 12:14:48 | node_24 | INFO ] 🏋️‍♀️ Preparing training...
[ 2026-03-28 12:14:48 | node_47 | INFO ] 📈 Evaluated. Results: {'test_loss': 0.0037653231993317604, 'test_accuracy': 0.9937916398048401, 'test_precision': 0.33953145146369934, 'test_recall': 0.5185360908508301, 'test_f1': 0.38606274127960205, 'communication_cost': 182472}
[ 2026-03-28 12:14:48 | node_17 | INFO ] 🗳️ [DETERMINISTIC] Train set assigned (No Voting). Size: 50
[ 2026-03-28 12:14:48 | node_21 | INFO ] 📢 Broadcasting metrics.
[ 2026-03-28 12:14:48 | node_47 | INFO ] 📢 Broadcasting metrics.
[ 2026-03-28 12:14:48 | node_27 | INFO ] 🗳️ [DETERMINISTIC] Train set assigned (No Voting). Size: 50
[ 2026-03-28 12:14:48 | node_42 | INFO ] 📈 Evaluated. Results: {'test_loss': 0.004185270518064499, 'test_accuracy': 0.9950512647628784, 'test_precision': 0.4823399782180786, 'test_recall': 0.6486067175865173, 'test_f1': 0.533959150314331, 'communication_cost': 182472}
[ 2026-03-28 12:14:48 | node_17 | INFO ] 🏋️‍♀️ Preparing training...
[ 2026-03-28 12:14:48 | node_49 | INFO ] 🎉 Round 149 of 150 finished.
[ 2026-03-28 12:14:48 | node_37 | INFO ] 📈 Evaluated. Results: {'test_loss': 0.005921695847064257, 'test_accuracy': 0.9943314790725708, 'test_precision': 0.2721433937549591, 'test_recall': 0.36179593205451965, 'test_f1': 0.3048470914363861, 'communication_cost': 182472}
[ 2026-03-28 12:14:48 | node_18 | INFO ] 📈 Evaluated. Results: {'test_loss': 0.004468287341296673, 'test_accuracy': 0.9953216314315796, 'test_precision': 0.4237852096557617, 'test_recall': 0.6443310379981995, 'test_f1': 0.4935981333255768, 'communication_cost': 182472}
[ 2026-03-28 12:14:48 | node_39 | INFO ] 📈 Evaluated. Results: {'test_loss': 0.005122089292854071, 'test_accuracy': 0.99424147605896, 'test_precision': 0.36747655272483826, 'test_recall': 0.5549263954162598, 'test_f1': 0.43319934606552124, 'communication_cost': 182472}
[ 2026-03-28 12:14:48 | node_11 | INFO ] 🎉 Round 149 of 150 finished.
[ 2026-03-28 12:14:48 | node_42 | INFO ] 📢 Broadcasting metrics.
[ 2026-03-28 12:14:48 | node_30 | INFO ] 🎉 Round 149 of 150 finished.
[ 2026-03-28 12:14:48 | node_27 | INFO ] 🏋️‍♀️ Preparing training...
[ 2026-03-28 12:14:48 | node_37 | INFO ] 📢 Broadcasting metrics.
[ 2026-03-28 12:14:48 | node_39 | INFO ] 📢 Broadcasting metrics.
[ 2026-03-28 12:14:48 | node_33 | INFO ] 📈 Evaluated. Results: {'test_loss': 0.004926369525492191, 'test_accuracy': 0.9949613213539124, 'test_precision': 0.40365755558013916, 'test_recall': 0.5057543516159058, 'test_f1': 0.4286615252494812, 'communication_cost': 182472}
[ 2026-03-28 12:14:48 | node_18 | INFO ] 📢 Broadcasting metrics.
[ 2026-03-28 12:14:48 | node_36 | INFO ] 🎉 Round 149 of 150 finished.
[ 2026-03-28 12:14:48 | node_31 | INFO ] 📈 Evaluated. Results: {'test_loss': 0.0030634445138275623, 'test_accuracy': 0.9959510564804077, 'test_precision': 0.44151169061660767, 'test_recall': 0.617527425289154, 'test_f1': 0.5087192058563232, 'communication_cost': 182472}
[ 2026-03-28 12:14:48 | node_15 | INFO ] 📈 Evaluated. Results: {'test_loss': 0.0034861527383327484, 'test_accuracy': 0.9928025007247925, 'test_precision': 0.23457664251327515, 'test_recall': 0.5712282657623291, 'test_f1': 0.3232007622718811, 'communication_cost': 182472}
[ 2026-03-28 12:14:48 | node_49 | INFO ] 🗳️ [DETERMINISTIC] Train set assigned (No Voting). Size: 50
[ 2026-03-28 12:14:48 | node_11 | INFO ] 🗳️ [DETERMINISTIC] Train set assigned (No Voting). Size: 50
[ 2026-03-28 12:14:48 | node_20 | INFO ] 📈 Evaluated. Results: {'test_loss': 0.0035992818884551525, 'test_accuracy': 0.9949613213539124, 'test_precision': 0.36817091703414917, 'test_recall': 0.603861927986145, 'test_f1': 0.45281293988227844, 'communication_cost': 182472}
[ 2026-03-28 12:14:48 | node_30 | INFO ] 🗳️ [DETERMINISTIC] Train set assigned (No Voting). Size: 50
[ 2026-03-28 12:14:48 | node_33 | INFO ] 📢 Broadcasting metrics.
[ 2026-03-28 12:14:48 | node_31 | INFO ] 📢 Broadcasting metrics.
[ 2026-03-28 12:14:48 | node_15 | INFO ] 📢 Broadcasting metrics.
[ 2026-03-28 12:14:48 | node_34 | INFO ] 📈 Evaluated. Results: {'test_loss': 0.0053512114100158215, 'test_accuracy': 0.9937016367912292, 'test_precision': 0.2543276250362396, 'test_recall': 0.4851549565792084, 'test_f1': 0.3139388859272003, 'communication_cost': 182472}
[ 2026-03-28 12:14:48 | node_22 | INFO ] 📈 Evaluated. Results: {'test_loss': 0.003539192723110318, 'test_accuracy': 0.9929818511009216, 'test_precision': 0.3189496695995331, 'test_recall': 0.6197769045829773, 'test_f1': 0.4096199572086334, 'communication_cost': 182472}
[ 2026-03-28 12:14:48 | node_20 | INFO ] 📢 Broadcasting metrics.
[ 2026-03-28 12:14:48 | node_32 | INFO ] 🎉 Round 149 of 150 finished.
[ 2026-03-28 12:14:48 | node_36 | INFO ] 🗳️ [DETERMINISTIC] Train set assigned (No Voting). Size: 50
[ 2026-03-28 12:14:48 | node_34 | INFO ] 📢 Broadcasting metrics.
[ 2026-03-28 12:14:48 | node_22 | INFO ] 📢 Broadcasting metrics.
[ 2026-03-28 12:14:48 | node_11 | INFO ] 🏋️‍♀️ Preparing training...
[ 2026-03-28 12:14:48 | node_49 | INFO ] 🏋️‍♀️ Preparing training...
[ 2026-03-28 12:14:48 | node_30 | INFO ] 🏋️‍♀️ Preparing training...
[ 2026-03-28 12:14:48 | node_32 | INFO ] 🗳️ [DETERMINISTIC] Train set assigned (No Voting). Size: 50
[ 2026-03-28 12:14:49 | node_21 | INFO ] 🎉 Round 149 of 150 finished.
[ 2026-03-28 12:14:49 | node_36 | INFO ] 🏋️‍♀️ Preparing training...
[ 2026-03-28 12:14:49 | node_47 | INFO ] 🎉 Round 149 of 150 finished.
[ 2026-03-28 12:14:49 | node_32 | INFO ] 🏋️‍♀️ Preparing training...
[ 2026-03-28 12:14:49 | node_21 | INFO ] 🗳️ [DETERMINISTIC] Train set assigned (No Voting). Size: 50
[ 2026-03-28 12:14:49 | node_47 | INFO ] 🗳️ [DETERMINISTIC] Train set assigned (No Voting). Size: 50
[ 2026-03-28 12:14:49 | node_40 | INFO ] 📈 Evaluated. Results: {'test_loss': 0.00462961895391345, 'test_accuracy': 0.9930717945098877, 'test_precision': 0.2386493980884552, 'test_recall': 0.4111383557319641, 'test_f1': 0.30034807324409485, 'communication_cost': 182472}
[ 2026-03-28 12:14:49 | node_45 | INFO ] 📈 Evaluated. Results: {'test_loss': 0.004870137665420771, 'test_accuracy': 0.9941515326499939, 'test_precision': 0.26119840145111084, 'test_recall': 0.3904813230037689, 'test_f1': 0.30628079175949097, 'communication_cost': 182472}
[ 2026-03-28 12:14:49 | node_40 | INFO ] 📢 Broadcasting metrics.
[ 2026-03-28 12:14:49 | node_42 | INFO ] 🎉 Round 149 of 150 finished.
[ 2026-03-28 12:14:49 | node_39 | INFO ] 🎉 Round 149 of 150 finished.
[ 2026-03-28 12:14:49 | node_45 | INFO ] 📢 Broadcasting metrics.
[ 2026-03-28 12:14:49 | node_37 | INFO ] 🎉 Round 149 of 150 finished.
[ 2026-03-28 12:14:49 | node_18 | INFO ] 🎉 Round 149 of 150 finished.
[ 2026-03-28 12:14:49 | node_21 | INFO ] 🏋️‍♀️ Preparing training...
[ 2026-03-28 12:14:49 | node_47 | INFO ] 🏋️‍♀️ Preparing training...
[ 2026-03-28 12:14:49 | node_42 | INFO ] 🗳️ [DETERMINISTIC] Train set assigned (No Voting). Size: 50
[ 2026-03-28 12:14:49 | node_33 | INFO ] 🎉 Round 149 of 150 finished.
[ 2026-03-28 12:14:49 | node_39 | INFO ] 🗳️ [DETERMINISTIC] Train set assigned (No Voting). Size: 50
[ 2026-03-28 12:14:49 | node_19 | INFO ] 📈 Evaluated. Results: {'test_loss': 0.002344694919884205, 'test_accuracy': 0.9943314790725708, 'test_precision': 0.2440948635339737, 'test_recall': 0.533177375793457, 'test_f1': 0.322956383228302, 'communication_cost': 182472}
[ 2026-03-28 12:14:49 | node_46 | INFO ] 📈 Evaluated. Results: {'test_loss': 0.00409651268273592, 'test_accuracy': 0.9946014285087585, 'test_precision': 0.3636623024940491, 'test_recall': 0.6376978754997253, 'test_f1': 0.45776793360710144, 'communication_cost': 182472}
[ 2026-03-28 12:14:49 | node_43 | INFO ] 📈 Evaluated. Results: {'test_loss': 0.0042844004929065704, 'test_accuracy': 0.9957711100578308, 'test_precision': 0.4011944532394409, 'test_recall': 0.4438965916633606, 'test_f1': 0.39660021662712097, 'communication_cost': 182472}
[ 2026-03-28 12:14:49 | node_15 | INFO ] 🎉 Round 149 of 150 finished.
[ 2026-03-28 12:14:49 | node_41 | INFO ] 📈 Evaluated. Results: {'test_loss': 0.004881402477622032, 'test_accuracy': 0.9932517409324646, 'test_precision': 0.2983893156051636, 'test_recall': 0.506271243095398, 'test_f1': 0.3741767704486847, 'communication_cost': 182472}
[ 2026-03-28 12:14:49 | node_31 | INFO ] 🎉 Round 149 of 150 finished.
[ 2026-03-28 12:14:49 | node_20 | INFO ] 🎉 Round 149 of 150 finished.
[ 2026-03-28 12:14:49 | node_37 | INFO ] 🗳️ [DETERMINISTIC] Train set assigned (No Voting). Size: 50
[ 2026-03-28 12:14:49 | node_18 | INFO ] 🗳️ [DETERMINISTIC] Train set assigned (No Voting). Size: 50
[ 2026-03-28 12:14:49 | node_19 | INFO ] 📢 Broadcasting metrics.
[ 2026-03-28 12:14:49 | node_46 | INFO ] 📢 Broadcasting metrics.
[ 2026-03-28 12:14:49 | node_43 | INFO ] 📢 Broadcasting metrics.
[ 2026-03-28 12:14:49 | node_34 | INFO ] 🎉 Round 149 of 150 finished.
[ 2026-03-28 12:14:49 | node_41 | INFO ] 📢 Broadcasting metrics.
[ 2026-03-28 12:14:49 | node_22 | INFO ] 🎉 Round 149 of 150 finished.
[ 2026-03-28 12:14:49 | node_33 | INFO ] 🗳️ [DETERMINISTIC] Train set assigned (No Voting). Size: 50
[ 2026-03-28 12:14:49 | node_15 | INFO ] 🗳️ [DETERMINISTIC] Train set assigned (No Voting). Size: 50
[ 2026-03-28 12:14:49 | node_31 | INFO ] 🗳️ [DETERMINISTIC] Train set assigned (No Voting). Size: 50
[ 2026-03-28 12:14:49 | node_20 | INFO ] 🗳️ [DETERMINISTIC] Train set assigned (No Voting). Size: 50
[ 2026-03-28 12:14:49 | node_42 | INFO ] 🏋️‍♀️ Preparing training...
[ 2026-03-28 12:14:49 | node_39 | INFO ] 🏋️‍♀️ Preparing training...
[ 2026-03-28 12:14:49 | node_48 | INFO ] 📈 Evaluated. Results: {'test_loss': 0.004817903507500887, 'test_accuracy': 0.9952312111854553, 'test_precision': 0.4334898889064789, 'test_recall': 0.5826195478439331, 'test_f1': 0.49145451188087463, 'communication_cost': 182472}
[ 2026-03-28 12:14:49 | node_34 | INFO ] 🗳️ [DETERMINISTIC] Train set assigned (No Voting). Size: 50
[ 2026-03-28 12:14:49 | node_18 | INFO ] 🏋️‍♀️ Preparing training...
[ 2026-03-28 12:14:49 | node_22 | INFO ] 🗳️ [DETERMINISTIC] Train set assigned (No Voting). Size: 50
[ 2026-03-28 12:14:49 | node_37 | INFO ] 🏋️‍♀️ Preparing training...
[ 2026-03-28 12:14:49 | node_48 | INFO ] 📢 Broadcasting metrics.
[ 2026-03-28 12:14:49 | node_33 | INFO ] 🏋️‍♀️ Preparing training...
[ 2026-03-28 12:14:49 | node_31 | INFO ] 🏋️‍♀️ Preparing training...
[ 2026-03-28 12:14:49 | node_15 | INFO ] 🏋️‍♀️ Preparing training...
[ 2026-03-28 12:14:49 | node_20 | INFO ] 🏋️‍♀️ Preparing training...
[ 2026-03-28 12:14:50 | node_34 | INFO ] 🏋️‍♀️ Preparing training...
[ 2026-03-28 12:14:50 | node_22 | INFO ] 🏋️‍♀️ Preparing training...
[ 2026-03-28 12:14:50 | node_40 | INFO ] 🎉 Round 149 of 150 finished.
[ 2026-03-28 12:14:50 | node_45 | INFO ] 🎉 Round 149 of 150 finished.
[ 2026-03-28 12:14:50 | node_40 | INFO ] 🗳️ [DETERMINISTIC] Train set assigned (No Voting). Size: 50
[ 2026-03-28 12:14:50 | node_45 | INFO ] 🗳️ [DETERMINISTIC] Train set assigned (No Voting). Size: 50
[ 2026-03-28 12:14:50 | node_44 | INFO ] 📈 Evaluated. Results: {'test_loss': 0.005269491113722324, 'test_accuracy': 0.9923520088195801, 'test_precision': 0.28856754302978516, 'test_recall': 0.5278204083442688, 'test_f1': 0.3651809096336365, 'communication_cost': 182472}
[ 2026-03-28 12:14:50 | node_46 | INFO ] 🎉 Round 149 of 150 finished.
[ 2026-03-28 12:14:50 | node_43 | INFO ] 🎉 Round 149 of 150 finished.
[ 2026-03-28 12:14:50 | node_19 | INFO ] 🎉 Round 149 of 150 finished.
[ 2026-03-28 12:14:50 | node_44 | INFO ] 📢 Broadcasting metrics.
[ 2026-03-28 12:14:50 | node_41 | INFO ] 🎉 Round 149 of 150 finished.
[ 2026-03-28 12:14:50 | node_40 | INFO ] 🏋️‍♀️ Preparing training...
[ 2026-03-28 12:14:50 | node_46 | INFO ] 🗳️ [DETERMINISTIC] Train set assigned (No Voting). Size: 50
[ 2026-03-28 12:14:50 | node_45 | INFO ] 🏋️‍♀️ Preparing training...
[ 2026-03-28 12:14:50 | node_43 | INFO ] 🗳️ [DETERMINISTIC] Train set assigned (No Voting). Size: 50
[ 2026-03-28 12:14:50 | node_19 | INFO ] 🗳️ [DETERMINISTIC] Train set assigned (No Voting). Size: 50
[ 2026-03-28 12:14:50 | node_41 | INFO ] 🗳️ [DETERMINISTIC] Train set assigned (No Voting). Size: 50
[ 2026-03-28 12:14:50 | node_48 | INFO ] 🎉 Round 149 of 150 finished.
[ 2026-03-28 12:14:50 | node_48 | INFO ] 🗳️ [DETERMINISTIC] Train set assigned (No Voting). Size: 50
[ 2026-03-28 12:14:50 | node_46 | INFO ] 🏋️‍♀️ Preparing training...
[ 2026-03-28 12:14:50 | node_43 | INFO ] 🏋️‍♀️ Preparing training...
[ 2026-03-28 12:14:50 | node_19 | INFO ] 🏋️‍♀️ Preparing training...
[ 2026-03-28 12:14:50 | node_41 | INFO ] 🏋️‍♀️ Preparing training...
[ 2026-03-28 12:14:50 | node_48 | INFO ] 🏋️‍♀️ Preparing training...
[ 2026-03-28 12:14:50 | node_44 | INFO ] 🎉 Round 149 of 150 finished.
[ 2026-03-28 12:14:50 | node_44 | INFO ] 🗳️ [DETERMINISTIC] Train set assigned (No Voting). Size: 50
[ 2026-03-28 12:14:50 | node_44 | INFO ] 🏋️‍♀️ Preparing training...
[ 2026-03-28 12:14:53 | node_3 | INFO ] 🎓 Training step done.
[ 2026-03-28 12:14:53 | node_3 | INFO ] 🛠️ Calling force_add_local_model...
[ 2026-03-28 12:14:53 | node_3 | INFO ] ✅ [FORCE] Local model added for round 149. (1/2)
[ 2026-03-28 12:14:54 | node | INFO ] 🎉 Round 149 of 150 finished.
[ 2026-03-28 12:14:54 | node | INFO ] 🗳️ [DETERMINISTIC] Train set assigned (No Voting). Size: 50
[ 2026-03-28 12:14:54 | node | INFO ] 🏋️‍♀️ Preparing training...
[ 2026-03-28 12:14:56 | node_10 | INFO ] 🎓 Training step done.
[ 2026-03-28 12:14:56 | node_10 | INFO ] 🛠️ Calling force_add_local_model...
[ 2026-03-28 12:14:56 | node_10 | INFO ] ✅ [FORCE] Local model added for round 149. (1/2)
[ 2026-03-28 12:14:58 | node_28 | INFO ] 🎓 Training step done.
[ 2026-03-28 12:14:58 | node_28 | INFO ] 🛠️ Calling force_add_local_model...
[ 2026-03-28 12:14:58 | node_28 | INFO ] ✅ [FORCE] Local model added for round 149. (1/2)
[ 2026-03-28 12:14:58 | node_26 | INFO ] 🎓 Training step done.
[ 2026-03-28 12:14:58 | node_26 | INFO ] 🛠️ Calling force_add_local_model...
[ 2026-03-28 12:14:58 | node_26 | INFO ] ✅ [FORCE] Local model added for round 149. (1/2)
[ 2026-03-28 12:14:58 | node_5 | INFO ] 🎓 Training step done.
[ 2026-03-28 12:14:58 | node_5 | INFO ] 🛠️ Calling force_add_local_model...
[ 2026-03-28 12:14:58 | node_5 | INFO ] ✅ [FORCE] Local model added for round 149. (1/2)
[ 2026-03-28 12:14:58 | node_3 | INFO ] 📤 Sending model to 1 direct neighbors: ['node']
[ 2026-03-28 12:14:58 | node_1 | INFO ] 🎓 Training step done.
[ 2026-03-28 12:14:58 | node_1 | INFO ] 🛠️ Calling force_add_local_model...
[ 2026-03-28 12:14:58 | node | INFO ] 🧩 Model added for round 149 (1/50) from ['node_3']
[ 2026-03-28 12:14:58 | node_1 | INFO ] ✅ [FORCE] Local model added for round 149. (1/2)
[ 2026-03-28 12:14:59 | node_24 | INFO ] 🎓 Training step done.
[ 2026-03-28 12:14:59 | node_24 | INFO ] 🛠️ Calling force_add_local_model...
[ 2026-03-28 12:14:59 | node_24 | INFO ] ✅ [FORCE] Local model added for round 149. (1/2)
[ 2026-03-28 12:14:59 | node_6 | INFO ] 🎓 Training step done.
[ 2026-03-28 12:14:59 | node_6 | INFO ] 🛠️ Calling force_add_local_model...
[ 2026-03-28 12:15:00 | node_16 | INFO ] 🎓 Training step done.
[ 2026-03-28 12:15:00 | node_6 | INFO ] ✅ [FORCE] Local model added for round 149. (1/2)
[ 2026-03-28 12:15:00 | node_16 | INFO ] 🛠️ Calling force_add_local_model...
[ 2026-03-28 12:15:00 | node_23 | INFO ] 🎓 Training step done.
[ 2026-03-28 12:15:00 | node_16 | INFO ] ✅ [FORCE] Local model added for round 149. (1/2)
[ 2026-03-28 12:15:00 | node_23 | INFO ] 🛠️ Calling force_add_local_model...
[ 2026-03-28 12:15:00 | node_2 | INFO ] 🎓 Training step done.
[ 2026-03-28 12:15:00 | node_23 | INFO ] ✅ [FORCE] Local model added for round 149. (1/2)
[ 2026-03-28 12:15:00 | node_49 | INFO ] 🎓 Training step done.
[ 2026-03-28 12:15:00 | node_2 | INFO ] 🛠️ Calling force_add_local_model...
[ 2026-03-28 12:15:00 | node_49 | INFO ] 🛠️ Calling force_add_local_model...
[ 2026-03-28 12:15:00 | node_2 | INFO ] ✅ [FORCE] Local model added for round 149. (1/2)
[ 2026-03-28 12:15:00 | node_49 | INFO ] ✅ [FORCE] Local model added for round 149. (1/2)
[ 2026-03-28 12:15:00 | node_7 | INFO ] 🎓 Training step done.
[ 2026-03-28 12:15:00 | node_7 | INFO ] 🛠️ Calling force_add_local_model...
[ 2026-03-28 12:15:00 | node_7 | INFO ] ✅ [FORCE] Local model added for round 149. (1/2)
[ 2026-03-28 12:15:00 | node_35 | INFO ] 🎓 Training step done.
[ 2026-03-28 12:15:00 | node_35 | INFO ] 🛠️ Calling force_add_local_model...
[ 2026-03-28 12:15:00 | node_4 | INFO ] 🎓 Training step done.
[ 2026-03-28 12:15:00 | node_35 | INFO ] ✅ [FORCE] Local model added for round 149. (1/2)
[ 2026-03-28 12:15:00 | node_4 | INFO ] 🛠️ Calling force_add_local_model...
[ 2026-03-28 12:15:00 | node_29 | INFO ] 🎓 Training step done.
[ 2026-03-28 12:15:00 | node_4 | INFO ] ✅ [FORCE] Local model added for round 149. (1/2)
[ 2026-03-28 12:15:00 | node_29 | INFO ] 🛠️ Calling force_add_local_model...
[ 2026-03-28 12:15:00 | node_29 | INFO ] ✅ [FORCE] Local model added for round 149. (1/2)
[ 2026-03-28 12:15:00 | node_13 | INFO ] 🎓 Training step done.
[ 2026-03-28 12:15:00 | node_13 | INFO ] 🛠️ Calling force_add_local_model...
[ 2026-03-28 12:15:00 | node_13 | INFO ] ✅ [FORCE] Local model added for round 149. (1/2)
[ 2026-03-28 12:15:01 | node_25 | INFO ] 🎓 Training step done.
[ 2026-03-28 12:15:01 | node_25 | INFO ] 🛠️ Calling force_add_local_model...
[ 2026-03-28 12:15:01 | node_25 | INFO ] ✅ [FORCE] Local model added for round 149. (1/2)
[ 2026-03-28 12:15:01 | node_30 | INFO ] 🎓 Training step done.
[ 2026-03-28 12:15:01 | node_27 | INFO ] 🎓 Training step done.
[ 2026-03-28 12:15:01 | node_30 | INFO ] 🛠️ Calling force_add_local_model...
[ 2026-03-28 12:15:01 | node_27 | INFO ] 🛠️ Calling force_add_local_model...
[ 2026-03-28 12:15:01 | node_30 | INFO ] ✅ [FORCE] Local model added for round 149. (1/2)
[ 2026-03-28 12:15:01 | node_27 | INFO ] ✅ [FORCE] Local model added for round 149. (1/2)
[ 2026-03-28 12:15:01 | node_10 | INFO ] 📤 Sending model to 1 direct neighbors: ['node']
[ 2026-03-28 12:15:01 | node | INFO ] 🧩 Model added for round 149 (2/50) from ['node_10']
[ 2026-03-28 12:15:01 | node_41 | INFO ] 🎓 Training step done.
[ 2026-03-28 12:15:01 | node_41 | INFO ] 🛠️ Calling force_add_local_model...
[ 2026-03-28 12:15:01 | node_41 | INFO ] ✅ [FORCE] Local model added for round 149. (1/2)
[ 2026-03-28 12:15:01 | node_9 | INFO ] 🎓 Training step done.
[ 2026-03-28 12:15:01 | node_9 | INFO ] 🛠️ Calling force_add_local_model...
[ 2026-03-28 12:15:01 | node_9 | INFO ] ✅ [FORCE] Local model added for round 149. (1/2)
[ 2026-03-28 12:15:01 | node_42 | INFO ] 🎓 Training step done.
[ 2026-03-28 12:15:01 | node_8 | INFO ] 🎓 Training step done.
[ 2026-03-28 12:15:01 | node_42 | INFO ] 🛠️ Calling force_add_local_model...
[ 2026-03-28 12:15:01 | node_8 | INFO ] 🛠️ Calling force_add_local_model...
[ 2026-03-28 12:15:01 | node_42 | INFO ] ✅ [FORCE] Local model added for round 149. (1/2)
[ 2026-03-28 12:15:01 | node_8 | INFO ] ✅ [FORCE] Local model added for round 149. (1/2)
[ 2026-03-28 12:15:02 | node_17 | INFO ] 🎓 Training step done.
[ 2026-03-28 12:15:02 | node_17 | INFO ] 🛠️ Calling force_add_local_model...
[ 2026-03-28 12:15:02 | node_12 | INFO ] 🎓 Training step done.
[ 2026-03-28 12:15:02 | node_17 | INFO ] ✅ [FORCE] Local model added for round 149. (1/2)
[ 2026-03-28 12:15:02 | node_12 | INFO ] 🛠️ Calling force_add_local_model...
[ 2026-03-28 12:15:02 | node_12 | INFO ] ✅ [FORCE] Local model added for round 149. (1/2)
[ 2026-03-28 12:15:02 | node_32 | INFO ] 🎓 Training step done.
[ 2026-03-28 12:15:02 | node_32 | INFO ] 🛠️ Calling force_add_local_model...
[ 2026-03-28 12:15:02 | node_32 | INFO ] ✅ [FORCE] Local model added for round 149. (1/2)
[ 2026-03-28 12:15:02 | node_19 | INFO ] 🎓 Training step done.
[ 2026-03-28 12:15:02 | node_19 | INFO ] 🛠️ Calling force_add_local_model...
[ 2026-03-28 12:15:02 | node_19 | INFO ] ✅ [FORCE] Local model added for round 149. (1/2)
[ 2026-03-28 12:15:02 | node_47 | INFO ] 🎓 Training step done.
[ 2026-03-28 12:15:02 | node_47 | INFO ] 🛠️ Calling force_add_local_model...
[ 2026-03-28 12:15:02 | node_47 | INFO ] ✅ [FORCE] Local model added for round 149. (1/2)
[ 2026-03-28 12:15:02 | node_20 | INFO ] 🎓 Training step done.
[ 2026-03-28 12:15:02 | node_20 | INFO ] 🛠️ Calling force_add_local_model...
[ 2026-03-28 12:15:02 | node_20 | INFO ] ✅ [FORCE] Local model added for round 149. (1/2)
[ 2026-03-28 12:15:02 | node_31 | INFO ] 🎓 Training step done.
[ 2026-03-28 12:15:02 | node_31 | INFO ] 🛠️ Calling force_add_local_model...
[ 2026-03-28 12:15:02 | node_31 | INFO ] ✅ [FORCE] Local model added for round 149. (1/2)
[ 2026-03-28 12:15:02 | node_48 | INFO ] 🎓 Training step done.
[ 2026-03-28 12:15:02 | node_48 | INFO ] 🛠️ Calling force_add_local_model...
[ 2026-03-28 12:15:02 | node_48 | INFO ] ✅ [FORCE] Local model added for round 149. (1/2)
[ 2026-03-28 12:15:02 | node_43 | INFO ] 🎓 Training step done.
[ 2026-03-28 12:15:02 | node_43 | INFO ] 🛠️ Calling force_add_local_model...
[ 2026-03-28 12:15:02 | node_43 | INFO ] ✅ [FORCE] Local model added for round 149. (1/2)
[ 2026-03-28 12:15:02 | node_14 | INFO ] 🎓 Training step done.
[ 2026-03-28 12:15:02 | node_14 | INFO ] 🛠️ Calling force_add_local_model...
[ 2026-03-28 12:15:03 | node_14 | INFO ] ✅ [FORCE] Local model added for round 149. (1/2)
[ 2026-03-28 12:15:03 | node_38 | INFO ] 🎓 Training step done.
[ 2026-03-28 12:15:03 | node_39 | INFO ] 🎓 Training step done.
[ 2026-03-28 12:15:03 | node_33 | INFO ] 🎓 Training step done.
[ 2026-03-28 12:15:03 | node_38 | INFO ] 🛠️ Calling force_add_local_model...
[ 2026-03-28 12:15:03 | node_39 | INFO ] 🛠️ Calling force_add_local_model...
[ 2026-03-28 12:15:03 | node_33 | INFO ] 🛠️ Calling force_add_local_model...
[ 2026-03-28 12:15:03 | node_38 | INFO ] ✅ [FORCE] Local model added for round 149. (1/2)
[ 2026-03-28 12:15:03 | node_39 | INFO ] ✅ [FORCE] Local model added for round 149. (1/2)
[ 2026-03-28 12:15:03 | node_33 | INFO ] ✅ [FORCE] Local model added for round 149. (1/2)
[ 2026-03-28 12:15:03 | node_37 | INFO ] 🎓 Training step done.
[ 2026-03-28 12:15:03 | node_37 | INFO ] 🛠️ Calling force_add_local_model...
[ 2026-03-28 12:15:03 | node_37 | INFO ] ✅ [FORCE] Local model added for round 149. (1/2)
[ 2026-03-28 12:15:03 | node_28 | INFO ] 📤 Sending model to 1 direct neighbors: ['node']
[ 2026-03-28 12:15:03 | node | INFO ] 🧩 Model added for round 149 (3/50) from ['node_28']
[ 2026-03-28 12:15:03 | node_26 | INFO ] 📤 Sending model to 1 direct neighbors: ['node']
[ 2026-03-28 12:15:03 | node | INFO ] 🧩 Model added for round 149 (4/50) from ['node_26']
[ 2026-03-28 12:15:03 | node_11 | INFO ] 🎓 Training step done.
[ 2026-03-28 12:15:03 | node_11 | INFO ] 🛠️ Calling force_add_local_model...
[ 2026-03-28 12:15:03 | node_11 | INFO ] ✅ [FORCE] Local model added for round 149. (1/2)
[ 2026-03-28 12:15:03 | node_46 | INFO ] 🎓 Training step done.
[ 2026-03-28 12:15:03 | node_40 | INFO ] 🎓 Training step done.
[ 2026-03-28 12:15:03 | node_46 | INFO ] 🛠️ Calling force_add_local_model...
[ 2026-03-28 12:15:03 | node_40 | INFO ] 🛠️ Calling force_add_local_model...
[ 2026-03-28 12:15:03 | node_46 | INFO ] ✅ [FORCE] Local model added for round 149. (1/2)
[ 2026-03-28 12:15:03 | node_40 | INFO ] ✅ [FORCE] Local model added for round 149. (1/2)
[ 2026-03-28 12:15:03 | node_36 | INFO ] 🎓 Training step done.
[ 2026-03-28 12:15:03 | node_36 | INFO ] 🛠️ Calling force_add_local_model...
[ 2026-03-28 12:15:03 | node_34 | INFO ] 🎓 Training step done.
[ 2026-03-28 12:15:03 | node_36 | INFO ] ✅ [FORCE] Local model added for round 149. (1/2)
[ 2026-03-28 12:15:03 | node_34 | INFO ] 🛠️ Calling force_add_local_model...
[ 2026-03-28 12:15:03 | node_34 | INFO ] ✅ [FORCE] Local model added for round 149. (1/2)
[ 2026-03-28 12:15:03 | node_5 | INFO ] 📤 Sending model to 1 direct neighbors: ['node']
[ 2026-03-28 12:15:03 | node_21 | INFO ] 🎓 Training step done.
[ 2026-03-28 12:15:03 | node_21 | INFO ] 🛠️ Calling force_add_local_model...
[ 2026-03-28 12:15:03 | node_21 | INFO ] ✅ [FORCE] Local model added for round 149. (1/2)
[ 2026-03-28 12:15:03 | node | INFO ] 🧩 Model added for round 149 (5/50) from ['node_5']
[ 2026-03-28 12:15:03 | node_15 | INFO ] 🎓 Training step done.
[ 2026-03-28 12:15:03 | node_15 | INFO ] 🛠️ Calling force_add_local_model...
[ 2026-03-28 12:15:03 | node_18 | INFO ] 🎓 Training step done.
[ 2026-03-28 12:15:03 | node_15 | INFO ] ✅ [FORCE] Local model added for round 149. (1/2)
[ 2026-03-28 12:15:03 | node_18 | INFO ] 🛠️ Calling force_add_local_model...
[ 2026-03-28 12:15:03 | node_22 | INFO ] 🎓 Training step done.
[ 2026-03-28 12:15:03 | node_18 | INFO ] ✅ [FORCE] Local model added for round 149. (1/2)
[ 2026-03-28 12:15:03 | node_22 | INFO ] 🛠️ Calling force_add_local_model...
[ 2026-03-28 12:15:03 | node_44 | INFO ] 🎓 Training step done.
[ 2026-03-28 12:15:03 | node_44 | INFO ] 🛠️ Calling force_add_local_model...
[ 2026-03-28 12:15:03 | node_22 | INFO ] ✅ [FORCE] Local model added for round 149. (1/2)
[ 2026-03-28 12:15:03 | node_44 | INFO ] ✅ [FORCE] Local model added for round 149. (1/2)
[ 2026-03-28 12:15:03 | node_45 | INFO ] 🎓 Training step done.
[ 2026-03-28 12:15:03 | node_45 | INFO ] 🛠️ Calling force_add_local_model...
[ 2026-03-28 12:15:03 | node_45 | INFO ] ✅ [FORCE] Local model added for round 149. (1/2)
[ 2026-03-28 12:15:03 | node_1 | INFO ] 📤 Sending model to 1 direct neighbors: ['node']
[ 2026-03-28 12:15:04 | node | INFO ] 🧩 Model added for round 149 (6/50) from ['node_1']
[ 2026-03-28 12:15:04 | node | INFO ] 🎓 Training step done.
[ 2026-03-28 12:15:04 | node | INFO ] 🛠️ Calling force_add_local_model...
[ 2026-03-28 12:15:04 | node | INFO ] ✅ [FORCE] Local model added for round 149. (7/50)
[ 2026-03-28 12:15:04 | node_24 | INFO ] 📤 Sending model to 1 direct neighbors: ['node']
[ 2026-03-28 12:15:04 | node | INFO ] 🧩 Model added for round 149 (8/50) from ['node_24']
[ 2026-03-28 12:15:05 | node_6 | INFO ] 📤 Sending model to 1 direct neighbors: ['node']
[ 2026-03-28 12:15:05 | node | INFO ] 🧩 Model added for round 149 (9/50) from ['node_6']
[ 2026-03-28 12:15:05 | node_16 | INFO ] 📤 Sending model to 1 direct neighbors: ['node']
[ 2026-03-28 12:15:05 | node | INFO ] 🧩 Model added for round 149 (10/50) from ['node_16']
[ 2026-03-28 12:15:05 | node_23 | INFO ] 📤 Sending model to 1 direct neighbors: ['node']
[ 2026-03-28 12:15:05 | node_2 | INFO ] 📤 Sending model to 1 direct neighbors: ['node']
[ 2026-03-28 12:15:05 | node_49 | INFO ] 📤 Sending model to 1 direct neighbors: ['node']
[ 2026-03-28 12:15:05 | node | INFO ] 🧩 Model added for round 149 (11/50) from ['node_23']
[ 2026-03-28 12:15:05 | node_7 | INFO ] 📤 Sending model to 1 direct neighbors: ['node']
[ 2026-03-28 12:15:05 | node | INFO ] 🧩 Model added for round 149 (12/50) from ['node_49']
[ 2026-03-28 12:15:05 | node | INFO ] 🧩 Model added for round 149 (13/50) from ['node_2']
[ 2026-03-28 12:15:05 | node | INFO ] 🧩 Model added for round 149 (14/50) from ['node_7']
[ 2026-03-28 12:15:05 | node_35 | INFO ] 📤 Sending model to 1 direct neighbors: ['node']
[ 2026-03-28 12:15:05 | node_4 | INFO ] 📤 Sending model to 1 direct neighbors: ['node']
[ 2026-03-28 12:15:05 | node_29 | INFO ] 📤 Sending model to 1 direct neighbors: ['node']
[ 2026-03-28 12:15:05 | node | INFO ] 🧩 Model added for round 149 (15/50) from ['node_35']
[ 2026-03-28 12:15:05 | node | INFO ] 🧩 Model added for round 149 (16/50) from ['node_4']
[ 2026-03-28 12:15:05 | node | INFO ] 🧩 Model added for round 149 (17/50) from ['node_29']
[ 2026-03-28 12:15:05 | node_13 | INFO ] 📤 Sending model to 1 direct neighbors: ['node']
[ 2026-03-28 12:15:06 | node | INFO ] 🧩 Model added for round 149 (18/50) from ['node_13']
[ 2026-03-28 12:15:06 | node_25 | INFO ] 📤 Sending model to 1 direct neighbors: ['node']
[ 2026-03-28 12:15:06 | node | INFO ] 🧩 Model added for round 149 (19/50) from ['node_25']
[ 2026-03-28 12:15:06 | node_30 | INFO ] 📤 Sending model to 1 direct neighbors: ['node']
[ 2026-03-28 12:15:06 | node_27 | INFO ] 📤 Sending model to 1 direct neighbors: ['node']
[ 2026-03-28 12:15:06 | node | INFO ] 🧩 Model added for round 149 (20/50) from ['node_27']
[ 2026-03-28 12:15:06 | node | INFO ] 🧩 Model added for round 149 (21/50) from ['node_30']
[ 2026-03-28 12:15:06 | node_41 | INFO ] 📤 Sending model to 1 direct neighbors: ['node']
[ 2026-03-28 12:15:06 | node | INFO ] 🧩 Model added for round 149 (22/50) from ['node_41']
[ 2026-03-28 12:15:06 | node_9 | INFO ] 📤 Sending model to 1 direct neighbors: ['node']
[ 2026-03-28 12:15:06 | node_42 | INFO ] 📤 Sending model to 1 direct neighbors: ['node']
[ 2026-03-28 12:15:06 | node_8 | INFO ] 📤 Sending model to 1 direct neighbors: ['node']
[ 2026-03-28 12:15:06 | node | INFO ] 🧩 Model added for round 149 (23/50) from ['node_9']
[ 2026-03-28 12:15:06 | node | INFO ] 🧩 Model added for round 149 (24/50) from ['node_42']
[ 2026-03-28 12:15:07 | node | INFO ] 🧩 Model added for round 149 (25/50) from ['node_8']
[ 2026-03-28 12:15:07 | node_17 | INFO ] 📤 Sending model to 1 direct neighbors: ['node']
[ 2026-03-28 12:15:07 | node_12 | INFO ] 📤 Sending model to 1 direct neighbors: ['node']
[ 2026-03-28 12:15:07 | node_32 | INFO ] 📤 Sending model to 1 direct neighbors: ['node']
[ 2026-03-28 12:15:07 | node_19 | INFO ] 📤 Sending model to 1 direct neighbors: ['node']
[ 2026-03-28 12:15:07 | node | INFO ] 🧩 Model added for round 149 (26/50) from ['node_17']
[ 2026-03-28 12:15:07 | node | INFO ] 🧩 Model added for round 149 (27/50) from ['node_12']
[ 2026-03-28 12:15:07 | node | INFO ] 🧩 Model added for round 149 (28/50) from ['node_32']
[ 2026-03-28 12:15:07 | node_47 | INFO ] 📤 Sending model to 1 direct neighbors: ['node']
[ 2026-03-28 12:15:07 | node | INFO ] 🧩 Model added for round 149 (29/50) from ['node_19']
[ 2026-03-28 12:15:07 | node_20 | INFO ] 📤 Sending model to 1 direct neighbors: ['node']
[ 2026-03-28 12:15:07 | node_31 | INFO ] 📤 Sending model to 1 direct neighbors: ['node']
[ 2026-03-28 12:15:07 | node | INFO ] 🧩 Model added for round 149 (30/50) from ['node_47']
[ 2026-03-28 12:15:07 | node_48 | INFO ] 📤 Sending model to 1 direct neighbors: ['node']
[ 2026-03-28 12:15:07 | node | INFO ] 🧩 Model added for round 149 (31/50) from ['node_20']
[ 2026-03-28 12:15:07 | node_43 | INFO ] 📤 Sending model to 1 direct neighbors: ['node']
[ 2026-03-28 12:15:07 | node | INFO ] 🧩 Model added for round 149 (32/50) from ['node_31']
[ 2026-03-28 12:15:07 | node | INFO ] 🧩 Model added for round 149 (33/50) from ['node_48']
[ 2026-03-28 12:15:08 | node_14 | INFO ] 📤 Sending model to 1 direct neighbors: ['node']
[ 2026-03-28 12:15:08 | node | INFO ] 🧩 Model added for round 149 (34/50) from ['node_43']
[ 2026-03-28 12:15:08 | node_38 | INFO ] 📤 Sending model to 1 direct neighbors: ['node']
[ 2026-03-28 12:15:08 | node_33 | INFO ] 📤 Sending model to 1 direct neighbors: ['node']
[ 2026-03-28 12:15:08 | node_39 | INFO ] 📤 Sending model to 1 direct neighbors: ['node']
[ 2026-03-28 12:15:08 | node_37 | INFO ] 📤 Sending model to 1 direct neighbors: ['node']
[ 2026-03-28 12:15:08 | node | INFO ] 🧩 Model added for round 149 (35/50) from ['node_14']
[ 2026-03-28 12:15:08 | node | INFO ] 🧩 Model added for round 149 (36/50) from ['node_33']
[ 2026-03-28 12:15:08 | node | INFO ] 🧩 Model added for round 149 (37/50) from ['node_38']
[ 2026-03-28 12:15:08 | node_11 | INFO ] 📤 Sending model to 1 direct neighbors: ['node']
[ 2026-03-28 12:15:08 | node | INFO ] 🧩 Model added for round 149 (38/50) from ['node_39']
[ 2026-03-28 12:15:08 | node | INFO ] 🧩 Model added for round 149 (39/50) from ['node_37']
[ 2026-03-28 12:15:08 | node_46 | INFO ] 📤 Sending model to 1 direct neighbors: ['node']
[ 2026-03-28 12:15:08 | node_40 | INFO ] 📤 Sending model to 1 direct neighbors: ['node']
[ 2026-03-28 12:15:08 | node_36 | INFO ] 📤 Sending model to 1 direct neighbors: ['node']
[ 2026-03-28 12:15:08 | node_34 | INFO ] 📤 Sending model to 1 direct neighbors: ['node']
[ 2026-03-28 12:15:08 | node_21 | INFO ] 📤 Sending model to 1 direct neighbors: ['node']
[ 2026-03-28 12:15:08 | node_15 | INFO ] 📤 Sending model to 1 direct neighbors: ['node']
[ 2026-03-28 12:15:08 | node_18 | INFO ] 📤 Sending model to 1 direct neighbors: ['node']
[ 2026-03-28 12:15:08 | node_22 | INFO ] 📤 Sending model to 1 direct neighbors: ['node']
[ 2026-03-28 12:15:08 | node_44 | INFO ] 📤 Sending model to 1 direct neighbors: ['node']
[ 2026-03-28 12:15:08 | node | INFO ] 🧩 Model added for round 149 (40/50) from ['node_11']
[ 2026-03-28 12:15:08 | node_45 | INFO ] 📤 Sending model to 1 direct neighbors: ['node']
[ 2026-03-28 12:15:09 | node | INFO ] 🧩 Model added for round 149 (41/50) from ['node_40']
[ 2026-03-28 12:15:09 | node | INFO ] 🧩 Model added for round 149 (42/50) from ['node_21']
[ 2026-03-28 12:15:09 | node | INFO ] 🧩 Model added for round 149 (43/50) from ['node_36']
[ 2026-03-28 12:15:09 | node | INFO ] 🧩 Model added for round 149 (44/50) from ['node_46']
[ 2026-03-28 12:15:09 | node | INFO ] 🧩 Model added for round 149 (45/50) from ['node_34']
[ 2026-03-28 12:15:09 | node | INFO ] 📤 Sending model to 49 direct neighbors: ['node_1', 'node_2', 'node_3', 'node_4', 'node_5', 'node_6', 'node_7', 'node_8', 'node_9', 'node_10', 'node_11', 'node_12', 'node_13', 'node_14', 'node_15', 'node_16', 'node_17', 'node_18', 'node_19', 'node_20', 'node_21', 'node_22', 'node_23', 'node_24', 'node_25', 'node_26', 'node_27', 'node_28', 'node_29', 'node_30', 'node_31', 'node_32', 'node_33', 'node_34', 'node_35', 'node_36', 'node_37', 'node_38', 'node_39', 'node_40', 'node_41', 'node_42', 'node_43', 'node_44', 'node_45', 'node_46', 'node_47', 'node_48', 'node_49']
[ 2026-03-28 12:15:09 | node | INFO ] 🧩 Model added for round 149 (46/50) from ['node_18']
[ 2026-03-28 12:15:09 | node | INFO ] 🧩 Model added for round 149 (47/50) from ['node_15']
[ 2026-03-28 12:15:09 | node | INFO ] 🧩 Model added for round 149 (48/50) from ['node_22']
[ 2026-03-28 12:15:09 | node | INFO ] 🧩 Model added for round 149 (49/50) from ['node_45']
[ 2026-03-28 12:15:09 | node | INFO ] 🧩 Model added for round 149 (50/50) from ['node_44']
[ 2026-03-28 12:15:09 | node_1 | INFO ] 🧩 Model added for round 149 (2/2) from ['node']
[ 2026-03-28 12:15:10 | node_2 | INFO ] 🧩 Model added for round 149 (2/2) from ['node']
[ 2026-03-28 12:15:10 | node_1 | INFO ] 🧠 Aggregation complete. Setting new model.
[ 2026-03-28 12:15:10 | node_1 | INFO ] 🗣️ Gossiping aggregated model.
[ 2026-03-28 12:15:10 | node_3 | INFO ] 🧩 Model added for round 149 (2/2) from ['node']
[ 2026-03-28 12:15:10 | node_2 | INFO ] 🧠 Aggregation complete. Setting new model.
[ 2026-03-28 12:15:10 | node_2 | INFO ] 🗣️ Gossiping aggregated model.
[ 2026-03-28 12:15:10 | node_4 | INFO ] 🧩 Model added for round 149 (2/2) from ['node']
[ 2026-03-28 12:15:10 | node_3 | INFO ] 🧠 Aggregation complete. Setting new model.
[ 2026-03-28 12:15:10 | node_3 | INFO ] 🗣️ Gossiping aggregated model.
[ 2026-03-28 12:15:10 | node_4 | INFO ] 🧠 Aggregation complete. Setting new model.
[ 2026-03-28 12:15:10 | node_5 | INFO ] 🧩 Model added for round 149 (2/2) from ['node']
[ 2026-03-28 12:15:10 | node_4 | INFO ] 🗣️ Gossiping aggregated model.
[ 2026-03-28 12:15:10 | node_5 | INFO ] 🧠 Aggregation complete. Setting new model.
[ 2026-03-28 12:15:10 | node_6 | INFO ] 🧩 Model added for round 149 (2/2) from ['node']
[ 2026-03-28 12:15:10 | node_5 | INFO ] 🗣️ Gossiping aggregated model.
[ 2026-03-28 12:15:10 | node_6 | INFO ] 🧠 Aggregation complete. Setting new model.
[ 2026-03-28 12:15:10 | node_7 | INFO ] 🧩 Model added for round 149 (2/2) from ['node']
[ 2026-03-28 12:15:10 | node_6 | INFO ] 🗣️ Gossiping aggregated model.
[ 2026-03-28 12:15:10 | node_8 | INFO ] 🧩 Model added for round 149 (2/2) from ['node']
[ 2026-03-28 12:15:10 | node_7 | INFO ] 🧠 Aggregation complete. Setting new model.
[ 2026-03-28 12:15:10 | node_7 | INFO ] 🗣️ Gossiping aggregated model.
[ 2026-03-28 12:15:10 | node_8 | INFO ] 🧠 Aggregation complete. Setting new model.
[ 2026-03-28 12:15:10 | node_9 | INFO ] 🧩 Model added for round 149 (2/2) from ['node']
[ 2026-03-28 12:15:10 | node_8 | INFO ] 🗣️ Gossiping aggregated model.
[ 2026-03-28 12:15:10 | node_9 | INFO ] 🧠 Aggregation complete. Setting new model.
[ 2026-03-28 12:15:10 | node_10 | INFO ] 🧩 Model added for round 149 (2/2) from ['node']
[ 2026-03-28 12:15:10 | node_9 | INFO ] 🗣️ Gossiping aggregated model.
[ 2026-03-28 12:15:11 | node_11 | INFO ] 🧩 Model added for round 149 (2/2) from ['node']
[ 2026-03-28 12:15:11 | node_10 | INFO ] 🧠 Aggregation complete. Setting new model.
[ 2026-03-28 12:15:11 | node_10 | INFO ] 🗣️ Gossiping aggregated model.
[ 2026-03-28 12:15:11 | node_11 | INFO ] 🧠 Aggregation complete. Setting new model.
[ 2026-03-28 12:15:11 | node_12 | INFO ] 🧩 Model added for round 149 (2/2) from ['node']
[ 2026-03-28 12:15:11 | node_11 | INFO ] 🗣️ Gossiping aggregated model.
[ 2026-03-28 12:15:11 | node_12 | INFO ] 🧠 Aggregation complete. Setting new model.
[ 2026-03-28 12:15:11 | node_12 | INFO ] 🗣️ Gossiping aggregated model.
[ 2026-03-28 12:15:11 | node_13 | INFO ] 🧩 Model added for round 149 (2/2) from ['node']
[ 2026-03-28 12:15:11 | node_14 | INFO ] 🧩 Model added for round 149 (2/2) from ['node']
[ 2026-03-28 12:15:11 | node_13 | INFO ] 🧠 Aggregation complete. Setting new model.
[ 2026-03-28 12:15:11 | node_13 | INFO ] 🗣️ Gossiping aggregated model.
[ 2026-03-28 12:15:11 | node_15 | INFO ] 🧩 Model added for round 149 (2/2) from ['node']
[ 2026-03-28 12:15:11 | node_14 | INFO ] 🧠 Aggregation complete. Setting new model.
[ 2026-03-28 12:15:11 | node_14 | INFO ] 🗣️ Gossiping aggregated model.
[ 2026-03-28 12:15:11 | node_15 | INFO ] 🧠 Aggregation complete. Setting new model.
[ 2026-03-28 12:15:11 | node_16 | INFO ] 🧩 Model added for round 149 (2/2) from ['node']
[ 2026-03-28 12:15:11 | node_15 | INFO ] 🗣️ Gossiping aggregated model.
[ 2026-03-28 12:15:11 | node_16 | INFO ] 🧠 Aggregation complete. Setting new model.
[ 2026-03-28 12:15:11 | node_17 | INFO ] 🧩 Model added for round 149 (2/2) from ['node']
[ 2026-03-28 12:15:11 | node_16 | INFO ] 🗣️ Gossiping aggregated model.
[ 2026-03-28 12:15:11 | node_18 | INFO ] 🧩 Model added for round 149 (2/2) from ['node']
[ 2026-03-28 12:15:11 | node_17 | INFO ] 🧠 Aggregation complete. Setting new model.
[ 2026-03-28 12:15:11 | node_17 | INFO ] 🗣️ Gossiping aggregated model.
[ 2026-03-28 12:15:11 | node_19 | INFO ] 🧩 Model added for round 149 (2/2) from ['node']
[ 2026-03-28 12:15:11 | node_18 | INFO ] 🧠 Aggregation complete. Setting new model.
[ 2026-03-28 12:15:11 | node_18 | INFO ] 🗣️ Gossiping aggregated model.
[ 2026-03-28 12:15:11 | node_20 | INFO ] 🧩 Model added for round 149 (2/2) from ['node']
[ 2026-03-28 12:15:11 | node_19 | INFO ] 🧠 Aggregation complete. Setting new model.
[ 2026-03-28 12:15:11 | node_19 | INFO ] 🗣️ Gossiping aggregated model.
[ 2026-03-28 12:15:11 | node_21 | INFO ] 🧩 Model added for round 149 (2/2) from ['node']
[ 2026-03-28 12:15:11 | node_20 | INFO ] 🧠 Aggregation complete. Setting new model.
[ 2026-03-28 12:15:11 | node_20 | INFO ] 🗣️ Gossiping aggregated model.
[ 2026-03-28 12:15:11 | node_22 | INFO ] 🧩 Model added for round 149 (2/2) from ['node']
[ 2026-03-28 12:15:11 | node_21 | INFO ] 🧠 Aggregation complete. Setting new model.
[ 2026-03-28 12:15:11 | node_21 | INFO ] 🗣️ Gossiping aggregated model.
[ 2026-03-28 12:15:11 | node_23 | INFO ] 🧩 Model added for round 149 (2/2) from ['node']
[ 2026-03-28 12:15:11 | node_22 | INFO ] 🧠 Aggregation complete. Setting new model.
[ 2026-03-28 12:15:11 | node_22 | INFO ] 🗣️ Gossiping aggregated model.
[ 2026-03-28 12:15:11 | node_24 | INFO ] 🧩 Model added for round 149 (2/2) from ['node']
[ 2026-03-28 12:15:11 | node_23 | INFO ] 🧠 Aggregation complete. Setting new model.
[ 2026-03-28 12:15:11 | node_23 | INFO ] 🗣️ Gossiping aggregated model.
[ 2026-03-28 12:15:11 | node_25 | INFO ] 🧩 Model added for round 149 (2/2) from ['node']
[ 2026-03-28 12:15:11 | node_24 | INFO ] 🧠 Aggregation complete. Setting new model.
[ 2026-03-28 12:15:12 | node_24 | INFO ] 🗣️ Gossiping aggregated model.
[ 2026-03-28 12:15:12 | node_26 | INFO ] 🧩 Model added for round 149 (2/2) from ['node']
[ 2026-03-28 12:15:12 | node_25 | INFO ] 🧠 Aggregation complete. Setting new model.
[ 2026-03-28 12:15:12 | node_25 | INFO ] 🗣️ Gossiping aggregated model.
[ 2026-03-28 12:15:12 | node_27 | INFO ] 🧩 Model added for round 149 (2/2) from ['node']
[ 2026-03-28 12:15:12 | node_26 | INFO ] 🧠 Aggregation complete. Setting new model.
[ 2026-03-28 12:15:12 | node_26 | INFO ] 🗣️ Gossiping aggregated model.
[ 2026-03-28 12:15:12 | node_28 | INFO ] 🧩 Model added for round 149 (2/2) from ['node']
[ 2026-03-28 12:15:12 | node_27 | INFO ] 🧠 Aggregation complete. Setting new model.
[ 2026-03-28 12:15:12 | node_27 | INFO ] 🗣️ Gossiping aggregated model.
[ 2026-03-28 12:15:12 | node_29 | INFO ] 🧩 Model added for round 149 (2/2) from ['node']
[ 2026-03-28 12:15:12 | node_28 | INFO ] 🧠 Aggregation complete. Setting new model.
[ 2026-03-28 12:15:12 | node_28 | INFO ] 🗣️ Gossiping aggregated model.
[ 2026-03-28 12:15:12 | node_29 | INFO ] 🧠 Aggregation complete. Setting new model.
[ 2026-03-28 12:15:12 | node_30 | INFO ] 🧩 Model added for round 149 (2/2) from ['node']
[ 2026-03-28 12:15:12 | node_29 | INFO ] 🗣️ Gossiping aggregated model.
[ 2026-03-28 12:15:12 | node_30 | INFO ] 🧠 Aggregation complete. Setting new model.
[ 2026-03-28 12:15:12 | node_31 | INFO ] 🧩 Model added for round 149 (2/2) from ['node']
[ 2026-03-28 12:15:12 | node_30 | INFO ] 🗣️ Gossiping aggregated model.
[ 2026-03-28 12:15:12 | node_32 | INFO ] 🧩 Model added for round 149 (2/2) from ['node']
[ 2026-03-28 12:15:12 | node_31 | INFO ] 🧠 Aggregation complete. Setting new model.
[ 2026-03-28 12:15:12 | node_31 | INFO ] 🗣️ Gossiping aggregated model.
[ 2026-03-28 12:15:12 | node_32 | INFO ] 🧠 Aggregation complete. Setting new model.
[ 2026-03-28 12:15:12 | node_33 | INFO ] 🧩 Model added for round 149 (2/2) from ['node']
[ 2026-03-28 12:15:12 | node_32 | INFO ] 🗣️ Gossiping aggregated model.
[ 2026-03-28 12:15:12 | node_34 | INFO ] 🧩 Model added for round 149 (2/2) from ['node']
[ 2026-03-28 12:15:12 | node_33 | INFO ] 🧠 Aggregation complete. Setting new model.
[ 2026-03-28 12:15:12 | node_33 | INFO ] 🗣️ Gossiping aggregated model.
[ 2026-03-28 12:15:12 | node_34 | INFO ] 🧠 Aggregation complete. Setting new model.
[ 2026-03-28 12:15:12 | node_34 | INFO ] 🗣️ Gossiping aggregated model.
[ 2026-03-28 12:15:12 | node_35 | INFO ] 🧩 Model added for round 149 (2/2) from ['node']
[ 2026-03-28 12:15:12 | node_35 | INFO ] 🧠 Aggregation complete. Setting new model.
[ 2026-03-28 12:15:12 | node_36 | INFO ] 🧩 Model added for round 149 (2/2) from ['node']
[ 2026-03-28 12:15:12 | node_35 | INFO ] 🗣️ Gossiping aggregated model.
[ 2026-03-28 12:15:12 | node_36 | INFO ] 🧠 Aggregation complete. Setting new model.
[ 2026-03-28 12:15:12 | node_37 | INFO ] 🧩 Model added for round 149 (2/2) from ['node']
[ 2026-03-28 12:15:12 | node_36 | INFO ] 🗣️ Gossiping aggregated model.
[ 2026-03-28 12:15:12 | node_37 | INFO ] 🧠 Aggregation complete. Setting new model.
[ 2026-03-28 12:15:12 | node_38 | INFO ] 🧩 Model added for round 149 (2/2) from ['node']
[ 2026-03-28 12:15:12 | node_37 | INFO ] 🗣️ Gossiping aggregated model.
[ 2026-03-28 12:15:12 | node_39 | INFO ] 🧩 Model added for round 149 (2/2) from ['node']
[ 2026-03-28 12:15:12 | node_38 | INFO ] 🧠 Aggregation complete. Setting new model.
[ 2026-03-28 12:15:12 | node_39 | INFO ] 🧠 Aggregation complete. Setting new model.
[ 2026-03-28 12:15:12 | node_38 | INFO ] 🗣️ Gossiping aggregated model.
[ 2026-03-28 12:15:12 | node_40 | INFO ] 🧩 Model added for round 149 (2/2) from ['node']
[ 2026-03-28 12:15:12 | node_39 | INFO ] 🗣️ Gossiping aggregated model.
[ 2026-03-28 12:15:13 | node_41 | INFO ] 🧩 Model added for round 149 (2/2) from ['node']
[ 2026-03-28 12:15:13 | node_40 | INFO ] 🧠 Aggregation complete. Setting new model.
[ 2026-03-28 12:15:13 | node_40 | INFO ] 🗣️ Gossiping aggregated model.
[ 2026-03-28 12:15:13 | node_42 | INFO ] 🧩 Model added for round 149 (2/2) from ['node']
[ 2026-03-28 12:15:13 | node_41 | INFO ] 🧠 Aggregation complete. Setting new model.
[ 2026-03-28 12:15:13 | node_41 | INFO ] 🗣️ Gossiping aggregated model.
[ 2026-03-28 12:15:13 | node_42 | INFO ] 🧠 Aggregation complete. Setting new model.
[ 2026-03-28 12:15:13 | node_43 | INFO ] 🧩 Model added for round 149 (2/2) from ['node']
[ 2026-03-28 12:15:13 | node_42 | INFO ] 🗣️ Gossiping aggregated model.
[ 2026-03-28 12:15:13 | node_43 | INFO ] 🧠 Aggregation complete. Setting new model.
[ 2026-03-28 12:15:13 | node_43 | INFO ] 🗣️ Gossiping aggregated model.
[ 2026-03-28 12:15:13 | node_44 | INFO ] 🧩 Model added for round 149 (2/2) from ['node']
[ 2026-03-28 12:15:13 | node_45 | INFO ] 🧩 Model added for round 149 (2/2) from ['node']
[ 2026-03-28 12:15:13 | node_44 | INFO ] 🧠 Aggregation complete. Setting new model.
[ 2026-03-28 12:15:13 | node_44 | INFO ] 🗣️ Gossiping aggregated model.
[ 2026-03-28 12:15:13 | node_45 | INFO ] 🧠 Aggregation complete. Setting new model.
[ 2026-03-28 12:15:13 | node_46 | INFO ] 🧩 Model added for round 149 (2/2) from ['node']
[ 2026-03-28 12:15:13 | node_45 | INFO ] 🗣️ Gossiping aggregated model.
[ 2026-03-28 12:15:13 | node_46 | INFO ] 🧠 Aggregation complete. Setting new model.
[ 2026-03-28 12:15:13 | node_47 | INFO ] 🧩 Model added for round 149 (2/2) from ['node']
[ 2026-03-28 12:15:13 | node_46 | INFO ] 🗣️ Gossiping aggregated model.
[ 2026-03-28 12:15:13 | node_48 | INFO ] 🧩 Model added for round 149 (2/2) from ['node']
[ 2026-03-28 12:15:13 | node_47 | INFO ] 🧠 Aggregation complete. Setting new model.
[ 2026-03-28 12:15:13 | node_47 | INFO ] 🗣️ Gossiping aggregated model.
[ 2026-03-28 12:15:13 | node_49 | INFO ] 🧩 Model added for round 149 (2/2) from ['node']
[ 2026-03-28 12:15:13 | node_48 | INFO ] 🧠 Aggregation complete. Setting new model.
[ 2026-03-28 12:15:13 | node_48 | INFO ] 🗣️ Gossiping aggregated model.
[ 2026-03-28 12:15:13 | node_49 | INFO ] 🧠 Aggregation complete. Setting new model.
[ 2026-03-28 12:15:13 | node_49 | INFO ] 🗣️ Gossiping aggregated model.
[ 2026-03-28 12:15:13 | node | INFO ] 🧠 Aggregation complete. Setting new model.
[ 2026-03-28 12:15:13 | node_2 | INFO ] 🤫 Gossip finished.
[ 2026-03-28 12:15:13 | node_3 | INFO ] 🤫 Gossip finished.
[ 2026-03-28 12:15:13 | node_2 | INFO ] 🔬 Evaluating...
[ 2026-03-28 12:15:13 | node_3 | INFO ] 🔬 Evaluating...
[ 2026-03-28 12:15:13 | node_4 | INFO ] 🤫 Gossip finished.
[ 2026-03-28 12:15:13 | node_4 | INFO ] 🔬 Evaluating...
[ 2026-03-28 12:15:13 | node_5 | INFO ] 🤫 Gossip finished.
[ 2026-03-28 12:15:13 | node_5 | INFO ] 🔬 Evaluating...
[ 2026-03-28 12:15:13 | node_1 | INFO ] 🤫 Gossip finished.
[ 2026-03-28 12:15:13 | node_1 | INFO ] 🔬 Evaluating...
[ 2026-03-28 12:15:13 | node_6 | INFO ] 🤫 Gossip finished.
[ 2026-03-28 12:15:13 | node_6 | INFO ] 🔬 Evaluating...
[ 2026-03-28 12:15:14 | node_7 | INFO ] 🤫 Gossip finished.
[ 2026-03-28 12:15:14 | node_7 | INFO ] 🔬 Evaluating...
[ 2026-03-28 12:15:14 | node_8 | INFO ] 🤫 Gossip finished.
[ 2026-03-28 12:15:14 | node_8 | INFO ] 🔬 Evaluating...
[ 2026-03-28 12:15:14 | node_9 | INFO ] 🤫 Gossip finished.
[ 2026-03-28 12:15:14 | node_25 | INFO ] 🤫 Gossip finished.
[ 2026-03-28 12:15:14 | node_9 | INFO ] 🔬 Evaluating...
[ 2026-03-28 12:15:14 | node_24 | INFO ] 🤫 Gossip finished.
[ 2026-03-28 12:15:14 | node_25 | INFO ] 🔬 Evaluating...
[ 2026-03-28 12:15:14 | node_24 | INFO ] 🔬 Evaluating...
[ 2026-03-28 12:15:14 | node_11 | INFO ] 🤫 Gossip finished.
[ 2026-03-28 12:15:14 | node_26 | INFO ] 🤫 Gossip finished.
[ 2026-03-28 12:15:14 | node_10 | INFO ] 🤫 Gossip finished.
[ 2026-03-28 12:15:14 | node_11 | INFO ] 🔬 Evaluating...
[ 2026-03-28 12:15:14 | node_26 | INFO ] 🔬 Evaluating...
[ 2026-03-28 12:15:14 | node_10 | INFO ] 🔬 Evaluating...
[ 2026-03-28 12:15:14 | node_12 | INFO ] 🤫 Gossip finished.
[ 2026-03-28 12:15:14 | node_27 | INFO ] 🤫 Gossip finished.
[ 2026-03-28 12:15:14 | node_12 | INFO ] 🔬 Evaluating...
[ 2026-03-28 12:15:14 | node_28 | INFO ] 🤫 Gossip finished.
[ 2026-03-28 12:15:14 | node_27 | INFO ] 🔬 Evaluating...
[ 2026-03-28 12:15:14 | node_29 | INFO ] 🤫 Gossip finished.
[ 2026-03-28 12:15:14 | node_13 | INFO ] 🤫 Gossip finished.
[ 2026-03-28 12:15:14 | node_14 | INFO ] 🤫 Gossip finished.
[ 2026-03-28 12:15:14 | node_28 | INFO ] 🔬 Evaluating...
[ 2026-03-28 12:15:14 | node_15 | INFO ] 🤫 Gossip finished.
[ 2026-03-28 12:15:14 | node_29 | INFO ] 🔬 Evaluating...
[ 2026-03-28 12:15:14 | node_13 | INFO ] 🔬 Evaluating...
[ 2026-03-28 12:15:14 | node_14 | INFO ] 🔬 Evaluating...
[ 2026-03-28 12:15:14 | node_30 | INFO ] 🤫 Gossip finished.
[ 2026-03-28 12:15:14 | node_15 | INFO ] 🔬 Evaluating...
[ 2026-03-28 12:15:14 | node_31 | INFO ] 🤫 Gossip finished.
[ 2026-03-28 12:15:14 | node_16 | INFO ] 🤫 Gossip finished.
[ 2026-03-28 12:15:14 | node_30 | INFO ] 🔬 Evaluating...
[ 2026-03-28 12:15:14 | node_32 | INFO ] 🤫 Gossip finished.
[ 2026-03-28 12:15:14 | node_17 | INFO ] 🤫 Gossip finished.
[ 2026-03-28 12:15:14 | node_31 | INFO ] 🔬 Evaluating...
[ 2026-03-28 12:15:14 | node_32 | INFO ] 🔬 Evaluating...
[ 2026-03-28 12:15:14 | node_34 | INFO ] 🤫 Gossip finished.
[ 2026-03-28 12:15:14 | node_33 | INFO ] 🤫 Gossip finished.
[ 2026-03-28 12:15:14 | node_19 | INFO ] 🤫 Gossip finished.
[ 2026-03-28 12:15:14 | node_18 | INFO ] 🤫 Gossip finished.
[ 2026-03-28 12:15:14 | node_35 | INFO ] 🤫 Gossip finished.
[ 2026-03-28 12:15:14 | node_16 | INFO ] 🔬 Evaluating...
[ 2026-03-28 12:15:14 | node_17 | INFO ] 🔬 Evaluating...
[ 2026-03-28 12:15:14 | node_36 | INFO ] 🤫 Gossip finished.
[ 2026-03-28 12:15:14 | node_35 | INFO ] 🔬 Evaluating...
[ 2026-03-28 12:15:14 | node_33 | INFO ] 🔬 Evaluating...
[ 2026-03-28 12:15:14 | node_34 | INFO ] 🔬 Evaluating...
[ 2026-03-28 12:15:14 | node_19 | INFO ] 🔬 Evaluating...
[ 2026-03-28 12:15:15 | node_18 | INFO ] 🔬 Evaluating...
[ 2026-03-28 12:15:15 | node_22 | INFO ] 🤫 Gossip finished.
[ 2026-03-28 12:15:15 | node_37 | INFO ] 🤫 Gossip finished.
[ 2026-03-28 12:15:15 | node_21 | INFO ] 🤫 Gossip finished.
[ 2026-03-28 12:15:15 | node_36 | INFO ] 🔬 Evaluating...
[ 2026-03-28 12:15:15 | node_20 | INFO ] 🤫 Gossip finished.
[ 2026-03-28 12:15:15 | node_38 | INFO ] 🤫 Gossip finished.
[ 2026-03-28 12:15:15 | node_39 | INFO ] 🤫 Gossip finished.
[ 2026-03-28 12:15:15 | node_37 | INFO ] 🔬 Evaluating...
[ 2026-03-28 12:15:15 | node_23 | INFO ] 🤫 Gossip finished.
[ 2026-03-28 12:15:15 | node_22 | INFO ] 🔬 Evaluating...
[ 2026-03-28 12:15:15 | node_20 | INFO ] 🔬 Evaluating...
[ 2026-03-28 12:15:15 | node_38 | INFO ] 🔬 Evaluating...
[ 2026-03-28 12:15:15 | node_21 | INFO ] 🔬 Evaluating...
[ 2026-03-28 12:15:15 | node_39 | INFO ] 🔬 Evaluating...
[ 2026-03-28 12:15:15 | node_3 | INFO ] 📈 Evaluated. Results: {'test_loss': 0.005172358360141516, 'test_accuracy': 0.9919928312301636, 'test_precision': 0.27181193232536316, 'test_recall': 0.4937877357006073, 'test_f1': 0.34427398443222046, 'communication_cost': 182472}
[ 2026-03-28 12:15:15 | node_23 | INFO ] 🔬 Evaluating...
[ 2026-03-28 12:15:15 | node_40 | INFO ] 🤫 Gossip finished.
[ 2026-03-28 12:15:15 | node_3 | INFO ] 📢 Broadcasting metrics.
[ 2026-03-28 12:15:15 | node_40 | INFO ] 🔬 Evaluating...
[ 2026-03-28 12:15:15 | node_42 | INFO ] 🤫 Gossip finished.
[ 2026-03-28 12:15:15 | node_3 | INFO ] 🎉 Round 150 of 150 finished.
[ 2026-03-28 12:15:15 | node_42 | INFO ] 🔬 Evaluating...
[ 2026-03-28 12:15:15 | node_3 | INFO ] 😋 Training finished!!
[ 2026-03-28 12:15:15 | node_41 | INFO ] 🤫 Gossip finished.
[ 2026-03-28 12:15:15 | node | INFO ] 🗣️ Gossiping aggregated model.
[ 2026-03-28 12:15:15 | node_41 | INFO ] 🔬 Evaluating...
[ 2026-03-28 12:15:15 | node_5 | INFO ] 📈 Evaluated. Results: {'test_loss': 0.007235086057335138, 'test_accuracy': 0.991003155708313, 'test_precision': 0.21110957860946655, 'test_recall': 0.3820559084415436, 'test_f1': 0.2611656188964844, 'communication_cost': 182472}
[ 2026-03-28 12:15:15 | node_43 | INFO ] 🤫 Gossip finished.
[ 2026-03-28 12:15:15 | node_5 | INFO ] 📢 Broadcasting metrics.
[ 2026-03-28 12:15:15 | node_43 | INFO ] 🔬 Evaluating...
[ 2026-03-28 12:15:15 | node_5 | INFO ] 🎉 Round 150 of 150 finished.
[ 2026-03-28 12:15:15 | node_5 | INFO ] 😋 Training finished!!
[ 2026-03-28 12:15:15 | node_45 | INFO ] 🤫 Gossip finished.
[ 2026-03-28 12:15:15 | node_45 | INFO ] 🔬 Evaluating...
[ 2026-03-28 12:15:15 | node_44 | INFO ] 🤫 Gossip finished.
[ 2026-03-28 12:15:15 | node_44 | INFO ] 🔬 Evaluating...
[ 2026-03-28 12:15:16 | node_46 | INFO ] 🤫 Gossip finished.
[ 2026-03-28 12:15:16 | node_46 | INFO ] 🔬 Evaluating...
[ 2026-03-28 12:15:16 | node_47 | INFO ] 🤫 Gossip finished.
[ 2026-03-28 12:15:16 | node_7 | INFO ] 📈 Evaluated. Results: {'test_loss': 0.0057148863561451435, 'test_accuracy': 0.9944219589233398, 'test_precision': 0.39418190717697144, 'test_recall': 0.48630577325820923, 'test_f1': 0.4245379865169525, 'communication_cost': 182472}
[ 2026-03-28 12:15:16 | node_47 | INFO ] 🔬 Evaluating...
[ 2026-03-28 12:15:16 | node_7 | INFO ] 📢 Broadcasting metrics.
[ 2026-03-28 12:15:16 | node_49 | INFO ] 🤫 Gossip finished.
[ 2026-03-28 12:15:16 | node_49 | INFO ] 🔬 Evaluating...
[ 2026-03-28 12:15:16 | node_48 | INFO ] 🤫 Gossip finished.
[ 2026-03-28 12:15:16 | node_48 | INFO ] 🔬 Evaluating...
[ 2026-03-28 12:15:16 | node_7 | INFO ] 🎉 Round 150 of 150 finished.
[ 2026-03-28 12:15:16 | node_7 | INFO ] 😋 Training finished!!
[ 2026-03-28 12:15:16 | node_1 | INFO ] 📈 Evaluated. Results: {'test_loss': 0.0049290526658296585, 'test_accuracy': 0.994062066078186, 'test_precision': 0.2233400046825409, 'test_recall': 0.3264685869216919, 'test_f1': 0.2558026909828186, 'communication_cost': 182472}
[ 2026-03-28 12:15:16 | node_1 | INFO ] 📢 Broadcasting metrics.
[ 2026-03-28 12:15:17 | node_1 | INFO ] 🎉 Round 150 of 150 finished.
[ 2026-03-28 12:15:17 | node_1 | INFO ] 😋 Training finished!!
[ 2026-03-28 12:15:17 | node_4 | INFO ] 📈 Evaluated. Results: {'test_loss': 0.003692615544423461, 'test_accuracy': 0.994062066078186, 'test_precision': 0.30969345569610596, 'test_recall': 0.4878745973110199, 'test_f1': 0.37531647086143494, 'communication_cost': 182472}
[ 2026-03-28 12:15:17 | node_4 | INFO ] 📢 Broadcasting metrics.
[ 2026-03-28 12:15:17 | node_4 | INFO ] 🎉 Round 150 of 150 finished.
[ 2026-03-28 12:15:17 | node_4 | INFO ] 😋 Training finished!!
[ 2026-03-28 12:15:17 | node_2 | INFO ] 📈 Evaluated. Results: {'test_loss': 0.00473709125071764, 'test_accuracy': 0.9945119023323059, 'test_precision': 0.38206198811531067, 'test_recall': 0.5456385016441345, 'test_f1': 0.43925637006759644, 'communication_cost': 182472}
[ 2026-03-28 12:15:17 | node_2 | INFO ] 📢 Broadcasting metrics.
[ 2026-03-28 12:15:17 | node_2 | INFO ] 🎉 Round 150 of 150 finished.
[ 2026-03-28 12:15:17 | node_2 | INFO ] 😋 Training finished!!
[ 2026-03-28 12:15:18 | node_9 | INFO ] 📈 Evaluated. Results: {'test_loss': 0.006009972188621759, 'test_accuracy': 0.9923526644706726, 'test_precision': 0.2856786251068115, 'test_recall': 0.4083632528781891, 'test_f1': 0.32572293281555176, 'communication_cost': 182472}
[ 2026-03-28 12:15:18 | node_25 | INFO ] 📈 Evaluated. Results: {'test_loss': 0.004160951357334852, 'test_accuracy': 0.9945114254951477, 'test_precision': 0.3528937101364136, 'test_recall': 0.6065414547920227, 'test_f1': 0.44395244121551514, 'communication_cost': 182472}
[ 2026-03-28 12:15:18 | node_9 | INFO ] 📢 Broadcasting metrics.
[ 2026-03-28 12:15:18 | node_25 | INFO ] 📢 Broadcasting metrics.
[ 2026-03-28 12:15:18 | node_9 | INFO ] 🎉 Round 150 of 150 finished.
[ 2026-03-28 12:15:18 | node_9 | INFO ] 😋 Training finished!!
[ 2026-03-28 12:15:18 | node_25 | INFO ] 🎉 Round 150 of 150 finished.
[ 2026-03-28 12:15:18 | node_25 | INFO ] 😋 Training finished!!
[ 2026-03-28 12:15:18 | node_24 | INFO ] 📈 Evaluated. Results: {'test_loss': 0.003732278011739254, 'test_accuracy': 0.99568110704422, 'test_precision': 0.3737907111644745, 'test_recall': 0.49422723054885864, 'test_f1': 0.4160960614681244, 'communication_cost': 182472}
[ 2026-03-28 12:15:18 | node_24 | INFO ] 📢 Broadcasting metrics.
[ 2026-03-28 12:15:19 | node_28 | INFO ] 📈 Evaluated. Results: {'test_loss': 0.005566298495978117, 'test_accuracy': 0.9921720623970032, 'test_precision': 0.27782437205314636, 'test_recall': 0.46989381313323975, 'test_f1': 0.3448772430419922, 'communication_cost': 182472}
[ 2026-03-28 12:15:19 | node_28 | INFO ] 📢 Broadcasting metrics.
[ 2026-03-28 12:15:19 | node_16 | INFO ] 📈 Evaluated. Results: {'test_loss': 0.004675753880292177, 'test_accuracy': 0.9947818517684937, 'test_precision': 0.4154932498931885, 'test_recall': 0.5534811615943909, 'test_f1': 0.4528248608112335, 'communication_cost': 182472}
[ 2026-03-28 12:15:19 | node_24 | INFO ] 🎉 Round 150 of 150 finished.
[ 2026-03-28 12:15:19 | node_16 | INFO ] 📢 Broadcasting metrics.
[ 2026-03-28 12:15:19 | node_24 | INFO ] 😋 Training finished!!
[ 2026-03-28 12:15:19 | node_6 | INFO ] 📈 Evaluated. Results: {'test_loss': 0.003734463592991233, 'test_accuracy': 0.9941520690917969, 'test_precision': 0.23519672453403473, 'test_recall': 0.47906431555747986, 'test_f1': 0.3133642077445984, 'communication_cost': 182472}
[ 2026-03-28 12:15:19 | node_6 | INFO ] 📢 Broadcasting metrics.
[ 2026-03-28 12:15:19 | node_28 | INFO ] 🎉 Round 150 of 150 finished.
[ 2026-03-28 12:15:19 | node_30 | INFO ] 📈 Evaluated. Results: {'test_loss': 0.004581014160066843, 'test_accuracy': 0.9945114254951477, 'test_precision': 0.2812190651893616, 'test_recall': 0.40049588680267334, 'test_f1': 0.31886330246925354, 'communication_cost': 182472}
[ 2026-03-28 12:15:19 | node_28 | INFO ] 😋 Training finished!!
[ 2026-03-28 12:15:19 | node_30 | INFO ] 📢 Broadcasting metrics.
[ 2026-03-28 12:15:19 | node_16 | INFO ] 🎉 Round 150 of 150 finished.
[ 2026-03-28 12:15:19 | node_16 | INFO ] 😋 Training finished!!
[ 2026-03-28 12:15:19 | node_6 | INFO ] 🎉 Round 150 of 150 finished.
[ 2026-03-28 12:15:19 | node_6 | INFO ] 😋 Training finished!!
[ 2026-03-28 12:15:19 | node_30 | INFO ] 🎉 Round 150 of 150 finished.
[ 2026-03-28 12:15:19 | node_30 | INFO ] 😋 Training finished!!
[ 2026-03-28 12:15:19 | node_14 | INFO ] 📈 Evaluated. Results: {'test_loss': 0.003106018528342247, 'test_accuracy': 0.9947818517684937, 'test_precision': 0.31789731979370117, 'test_recall': 0.651053249835968, 'test_f1': 0.3882445693016052, 'communication_cost': 182472}
[ 2026-03-28 12:15:19 | node_14 | INFO ] 📢 Broadcasting metrics.
[ 2026-03-28 12:15:19 | node_14 | INFO ] 🎉 Round 150 of 150 finished.
[ 2026-03-28 12:15:19 | node_14 | INFO ] 😋 Training finished!!
[ 2026-03-28 12:15:19 | node_11 | INFO ] 📈 Evaluated. Results: {'test_loss': 0.0059312479570508, 'test_accuracy': 0.9941520690917969, 'test_precision': 0.3689078092575073, 'test_recall': 0.4915691316127777, 'test_f1': 0.41115802526474, 'communication_cost': 182472}
[ 2026-03-28 12:15:19 | node_8 | INFO ] 📈 Evaluated. Results: {'test_loss': 0.00408692192286253, 'test_accuracy': 0.9941520690917969, 'test_precision': 0.3212902843952179, 'test_recall': 0.5533145666122437, 'test_f1': 0.4022822082042694, 'communication_cost': 182472}
[ 2026-03-28 12:15:19 | node_11 | INFO ] 📢 Broadcasting metrics.
[ 2026-03-28 12:15:19 | node_8 | INFO ] 📢 Broadcasting metrics.
[ 2026-03-28 12:15:19 | node_12 | INFO ] 📈 Evaluated. Results: {'test_loss': 0.0038813368882983923, 'test_accuracy': 0.9955015778541565, 'test_precision': 0.44410303235054016, 'test_recall': 0.6291009187698364, 'test_f1': 0.4980883300304413, 'communication_cost': 182472}
[ 2026-03-28 12:15:19 | node_12 | INFO ] 📢 Broadcasting metrics.
[ 2026-03-28 12:15:19 | node_11 | INFO ] 🎉 Round 150 of 150 finished.
[ 2026-03-28 12:15:19 | node_8 | INFO ] 🎉 Round 150 of 150 finished.
[ 2026-03-28 12:15:19 | node_8 | INFO ] 😋 Training finished!!
[ 2026-03-28 12:15:19 | node_11 | INFO ] 😋 Training finished!!
[ 2026-03-28 12:15:19 | node_10 | INFO ] 📈 Evaluated. Results: {'test_loss': 0.003797625657171011, 'test_accuracy': 0.9935222864151001, 'test_precision': 0.2610146403312683, 'test_recall': 0.5398730635643005, 'test_f1': 0.3418339192867279, 'communication_cost': 182472}
[ 2026-03-28 12:15:19 | node_33 | INFO ] 📈 Evaluated. Results: {'test_loss': 0.005074764136224985, 'test_accuracy': 0.9950512647628784, 'test_precision': 0.4123592674732208, 'test_recall': 0.5057543516159058, 'test_f1': 0.43416595458984375, 'communication_cost': 182472}
[ 2026-03-28 12:15:19 | node_10 | INFO ] 📢 Broadcasting metrics.
[ 2026-03-28 12:15:19 | node_33 | INFO ] 📢 Broadcasting metrics.
[ 2026-03-28 12:15:19 | node_29 | INFO ] 📈 Evaluated. Results: {'test_loss': 0.005012829322367907, 'test_accuracy': 0.9931617975234985, 'test_precision': 0.27438798546791077, 'test_recall': 0.5418326258659363, 'test_f1': 0.3548106253147125, 'communication_cost': 182472}
[ 2026-03-28 12:15:19 | node_29 | INFO ] 📢 Broadcasting metrics.
[ 2026-03-28 12:15:20 | node_12 | INFO ] 🎉 Round 150 of 150 finished.
[ 2026-03-28 12:15:20 | node_12 | INFO ] 😋 Training finished!!
[ 2026-03-28 12:15:20 | node_10 | INFO ] 🎉 Round 150 of 150 finished.
[ 2026-03-28 12:15:20 | node_33 | INFO ] 🎉 Round 150 of 150 finished.
[ 2026-03-28 12:15:20 | node_10 | INFO ] 😋 Training finished!!
[ 2026-03-28 12:15:20 | node_33 | INFO ] 😋 Training finished!!
[ 2026-03-28 12:15:20 | node_29 | INFO ] 🎉 Round 150 of 150 finished.
[ 2026-03-28 12:15:20 | node_15 | INFO ] 📈 Evaluated. Results: {'test_loss': 0.0035084541887044907, 'test_accuracy': 0.9931623935699463, 'test_precision': 0.23768244683742523, 'test_recall': 0.5251643657684326, 'test_f1': 0.31818851828575134, 'communication_cost': 182472}
[ 2026-03-28 12:15:20 | node_29 | INFO ] 😋 Training finished!!
[ 2026-03-28 12:15:20 | node_37 | INFO ] 📈 Evaluated. Results: {'test_loss': 0.005911238491535187, 'test_accuracy': 0.9955011606216431, 'test_precision': 0.3956255614757538, 'test_recall': 0.38812050223350525, 'test_f1': 0.37863245606422424, 'communication_cost': 182472}
[ 2026-03-28 12:15:20 | node_15 | INFO ] 📢 Broadcasting metrics.
[ 2026-03-28 12:15:20 | node_36 | INFO ] 📈 Evaluated. Results: {'test_loss': 0.004546795506030321, 'test_accuracy': 0.992621898651123, 'test_precision': 0.2491173893213272, 'test_recall': 0.5393197536468506, 'test_f1': 0.3257167637348175, 'communication_cost': 182472}
[ 2026-03-28 12:15:20 | node_48 | INFO ] 📈 Evaluated. Results: {'test_loss': 0.0049248021095991135, 'test_accuracy': 0.9955011606216431, 'test_precision': 0.4655204117298126, 'test_recall': 0.554362416267395, 'test_f1': 0.49834904074668884, 'communication_cost': 182472}
[ 2026-03-28 12:15:20 | node_20 | INFO ] 📈 Evaluated. Results: {'test_loss': 0.0037402852904051542, 'test_accuracy': 0.9943314790725708, 'test_precision': 0.3449060320854187, 'test_recall': 0.6192179322242737, 'test_f1': 0.4388897120952606, 'communication_cost': 182472}
[ 2026-03-28 12:15:20 | node_26 | INFO ] 📈 Evaluated. Results: {'test_loss': 0.004171582404524088, 'test_accuracy': 0.9929818511009216, 'test_precision': 0.2195858359336853, 'test_recall': 0.4939497709274292, 'test_f1': 0.2930128872394562, 'communication_cost': 182472}
[ 2026-03-28 12:15:20 | node_37 | INFO ] 📢 Broadcasting metrics.
[ 2026-03-28 12:15:20 | node_17 | INFO ] 📈 Evaluated. Results: {'test_loss': 0.0045388066209852695, 'test_accuracy': 0.9920827746391296, 'test_precision': 0.27823325991630554, 'test_recall': 0.5508489608764648, 'test_f1': 0.3665747344493866, 'communication_cost': 182472}
[ 2026-03-28 12:15:20 | node_18 | INFO ] 📈 Evaluated. Results: {'test_loss': 0.004616949707269669, 'test_accuracy': 0.9951416850090027, 'test_precision': 0.427077054977417, 'test_recall': 0.5866348147392273, 'test_f1': 0.4605756998062134, 'communication_cost': 182472}
[ 2026-03-28 12:15:20 | node_36 | INFO ] 📢 Broadcasting metrics.
[ 2026-03-28 12:15:20 | node_20 | INFO ] 📢 Broadcasting metrics.
[ 2026-03-28 12:15:20 | node_32 | INFO ] 📈 Evaluated. Results: {'test_loss': 0.005253639072179794, 'test_accuracy': 0.9928018450737, 'test_precision': 0.34576326608657837, 'test_recall': 0.5919182896614075, 'test_f1': 0.4123552143573761, 'communication_cost': 182472}
[ 2026-03-28 12:15:20 | node_39 | INFO ] 📈 Evaluated. Results: {'test_loss': 0.005155285820364952, 'test_accuracy': 0.9938815832138062, 'test_precision': 0.34626781940460205, 'test_recall': 0.5716784596443176, 'test_f1': 0.42375972867012024, 'communication_cost': 182472}
[ 2026-03-28 12:15:20 | node_17 | INFO ] 📢 Broadcasting metrics.
[ 2026-03-28 12:15:20 | node_26 | INFO ] 📢 Broadcasting metrics.
[ 2026-03-28 12:15:20 | node_48 | INFO ] 📢 Broadcasting metrics.
[ 2026-03-28 12:15:20 | node_38 | INFO ] 📈 Evaluated. Results: {'test_loss': 0.0032595829106867313, 'test_accuracy': 0.9940615296363831, 'test_precision': 0.28363722562789917, 'test_recall': 0.5328221917152405, 'test_f1': 0.35114791989326477, 'communication_cost': 182472}
[ 2026-03-28 12:15:20 | node_32 | INFO ] 📢 Broadcasting metrics.
[ 2026-03-28 12:15:20 | node_18 | INFO ] 📢 Broadcasting metrics.
[ 2026-03-28 12:15:20 | node_39 | INFO ] 📢 Broadcasting metrics.
[ 2026-03-28 12:15:20 | node_13 | INFO ] 📈 Evaluated. Results: {'test_loss': 0.005370742175728083, 'test_accuracy': 0.9949617385864258, 'test_precision': 0.40410372614860535, 'test_recall': 0.5376878380775452, 'test_f1': 0.43825414776802063, 'communication_cost': 182472}
[ 2026-03-28 12:15:20 | node_38 | INFO ] 📢 Broadcasting metrics.
[ 2026-03-28 12:15:20 | node_13 | INFO ] 📢 Broadcasting metrics.
[ 2026-03-28 12:15:20 | node_15 | INFO ] 🎉 Round 150 of 150 finished.
[ 2026-03-28 12:15:20 | node_37 | INFO ] 🎉 Round 150 of 150 finished.
[ 2026-03-28 12:15:20 | node_15 | INFO ] 😋 Training finished!!
[ 2026-03-28 12:15:20 | node_37 | INFO ] 😋 Training finished!!
[ 2026-03-28 12:15:20 | node_44 | INFO ] 📈 Evaluated. Results: {'test_loss': 0.005408815573900938, 'test_accuracy': 0.9920820593833923, 'test_precision': 0.27455446124076843, 'test_recall': 0.5278204083442688, 'test_f1': 0.35361745953559875, 'communication_cost': 182472}
[ 2026-03-28 12:15:20 | node_20 | INFO ] 🎉 Round 150 of 150 finished.
[ 2026-03-28 12:15:20 | node_36 | INFO ] 🎉 Round 150 of 150 finished.
[ 2026-03-28 12:15:20 | node_17 | INFO ] 🎉 Round 150 of 150 finished.
[ 2026-03-28 12:15:20 | node_41 | INFO ] 📈 Evaluated. Results: {'test_loss': 0.005029052961617708, 'test_accuracy': 0.9937016367912292, 'test_precision': 0.3266616463661194, 'test_recall': 0.506271243095398, 'test_f1': 0.39384886622428894, 'communication_cost': 182472}
[ 2026-03-28 12:15:20 | node_20 | INFO ] 😋 Training finished!!
[ 2026-03-28 12:15:20 | node_36 | INFO ] 😋 Training finished!!
[ 2026-03-28 12:15:20 | node_44 | INFO ] 📢 Broadcasting metrics.
[ 2026-03-28 12:15:20 | node_26 | INFO ] 🎉 Round 150 of 150 finished.
[ 2026-03-28 12:15:20 | node_48 | INFO ] 🎉 Round 150 of 150 finished.
[ 2026-03-28 12:15:20 | node_17 | INFO ] 😋 Training finished!!
[ 2026-03-28 12:15:20 | node_41 | INFO ] 📢 Broadcasting metrics.
[ 2026-03-28 12:15:20 | node_26 | INFO ] 😋 Training finished!!
[ 2026-03-28 12:15:20 | node_48 | INFO ] 😋 Training finished!!
[ 2026-03-28 12:15:20 | node_32 | INFO ] 🎉 Round 150 of 150 finished.
[ 2026-03-28 12:15:20 | node_32 | INFO ] 😋 Training finished!!
[ 2026-03-28 12:15:20 | node_38 | INFO ] 🎉 Round 150 of 150 finished.
[ 2026-03-28 12:15:20 | node_18 | INFO ] 🎉 Round 150 of 150 finished.
[ 2026-03-28 12:15:20 | node_31 | INFO ] 📈 Evaluated. Results: {'test_loss': 0.003113924525678158, 'test_accuracy': 0.9957711100578308, 'test_precision': 0.42795053124427795, 'test_recall': 0.617527425289154, 'test_f1': 0.49960678815841675, 'communication_cost': 182472}
[ 2026-03-28 12:15:20 | node_39 | INFO ] 🎉 Round 150 of 150 finished.
[ 2026-03-28 12:15:20 | node_38 | INFO ] 😋 Training finished!!
[ 2026-03-28 12:15:20 | node_18 | INFO ] 😋 Training finished!!
[ 2026-03-28 12:15:20 | node_39 | INFO ] 😋 Training finished!!
[ 2026-03-28 12:15:20 | node_31 | INFO ] 📢 Broadcasting metrics.
[ 2026-03-28 12:15:20 | node_13 | INFO ] 🎉 Round 150 of 150 finished.
[ 2026-03-28 12:15:20 | node_35 | INFO ] 📈 Evaluated. Results: {'test_loss': 0.003921723458915949, 'test_accuracy': 0.9935216903686523, 'test_precision': 0.39445701241493225, 'test_recall': 0.6772195100784302, 'test_f1': 0.4937710464000702, 'communication_cost': 182472}
[ 2026-03-28 12:15:20 | node_13 | INFO ] 😋 Training finished!!
[ 2026-03-28 12:15:20 | node_34 | INFO ] 📈 Evaluated. Results: {'test_loss': 0.00555223086848855, 'test_accuracy': 0.9944214224815369, 'test_precision': 0.28967607021331787, 'test_recall': 0.4851549565792084, 'test_f1': 0.3449624478816986, 'communication_cost': 182472}
[ 2026-03-28 12:15:20 | node_35 | INFO ] 📢 Broadcasting metrics.
[ 2026-03-28 12:15:20 | node_42 | INFO ] 📈 Evaluated. Results: {'test_loss': 0.00436817342415452, 'test_accuracy': 0.9949613213539124, 'test_precision': 0.4746619760990143, 'test_recall': 0.6281319856643677, 'test_f1': 0.5222885608673096, 'communication_cost': 182472}
[ 2026-03-28 12:15:20 | node_34 | INFO ] 📢 Broadcasting metrics.
[ 2026-03-28 12:15:20 | node_41 | INFO ] 🎉 Round 150 of 150 finished.
[ 2026-03-28 12:15:20 | node_23 | INFO ] 📈 Evaluated. Results: {'test_loss': 0.0047638146206736565, 'test_accuracy': 0.9930717945098877, 'test_precision': 0.3832304775714874, 'test_recall': 0.5496913194656372, 'test_f1': 0.4124721884727478, 'communication_cost': 182472}
[ 2026-03-28 12:15:20 | node_42 | INFO ] 📢 Broadcasting metrics.
[ 2026-03-28 12:15:20 | node_44 | INFO ] 🎉 Round 150 of 150 finished.
[ 2026-03-28 12:15:20 | node_41 | INFO ] 😋 Training finished!!
[ 2026-03-28 12:15:20 | node_45 | INFO ] 📈 Evaluated. Results: {'test_loss': 0.005126024596393108, 'test_accuracy': 0.9946014285087585, 'test_precision': 0.26543956995010376, 'test_recall': 0.3367353081703186, 'test_f1': 0.28714048862457275, 'communication_cost': 182472}
[ 2026-03-28 12:15:20 | node_44 | INFO ] 😋 Training finished!!
[ 2026-03-28 12:15:20 | node_23 | INFO ] 📢 Broadcasting metrics.
[ 2026-03-28 12:15:20 | node_19 | INFO ] 📈 Evaluated. Results: {'test_loss': 0.002360597485676408, 'test_accuracy': 0.9943314790725708, 'test_precision': 0.24258661270141602, 'test_recall': 0.5700318217277527, 'test_f1': 0.3307367265224457, 'communication_cost': 182472}
[ 2026-03-28 12:15:20 | node_45 | INFO ] 📢 Broadcasting metrics.
[ 2026-03-28 12:15:20 | node_31 | INFO ] 🎉 Round 150 of 150 finished.
[ 2026-03-28 12:15:20 | node_19 | INFO ] 📢 Broadcasting metrics.
[ 2026-03-28 12:15:20 | node_31 | INFO ] 😋 Training finished!!
[ 2026-03-28 12:15:20 | node_49 | INFO ] 📈 Evaluated. Results: {'test_loss': 0.005212402902543545, 'test_accuracy': 0.9945114254951477, 'test_precision': 0.4289236068725586, 'test_recall': 0.5150460600852966, 'test_f1': 0.4570818245410919, 'communication_cost': 182472}
[ 2026-03-28 12:15:20 | node_35 | INFO ] 🎉 Round 150 of 150 finished.
[ 2026-03-28 12:15:20 | node_49 | INFO ] 📢 Broadcasting metrics.
[ 2026-03-28 12:15:20 | node_35 | INFO ] 😋 Training finished!!
[ 2026-03-28 12:15:20 | node_34 | INFO ] 🎉 Round 150 of 150 finished.
[ 2026-03-28 12:15:20 | node_40 | INFO ] 📈 Evaluated. Results: {'test_loss': 0.004656293895095587, 'test_accuracy': 0.9935216903686523, 'test_precision': 0.25562185049057007, 'test_recall': 0.4111383557319641, 'test_f1': 0.31246235966682434, 'communication_cost': 182472}
[ 2026-03-28 12:15:20 | node_27 | INFO ] 📈 Evaluated. Results: {'test_loss': 0.00395213533192873, 'test_accuracy': 0.9930717945098877, 'test_precision': 0.29961881041526794, 'test_recall': 0.5944456458091736, 'test_f1': 0.3975437581539154, 'communication_cost': 182472}
[ 2026-03-28 12:15:20 | node_21 | INFO ] 📈 Evaluated. Results: {'test_loss': 0.006250717677175999, 'test_accuracy': 0.9933417439460754, 'test_precision': 0.24526993930339813, 'test_recall': 0.3572225570678711, 'test_f1': 0.2772532105445862, 'communication_cost': 182472}
[ 2026-03-28 12:15:20 | node_34 | INFO ] 😋 Training finished!!
[ 2026-03-28 12:15:20 | node_42 | INFO ] 🎉 Round 150 of 150 finished.
[ 2026-03-28 12:15:20 | node_42 | INFO ] 😋 Training finished!!
[ 2026-03-28 12:15:20 | node_43 | INFO ] 📈 Evaluated. Results: {'test_loss': 0.004536883439868689, 'test_accuracy': 0.9955911636352539, 'test_precision': 0.3926522731781006, 'test_recall': 0.4438965916633606, 'test_f1': 0.39019322395324707, 'communication_cost': 182472}
[ 2026-03-28 12:15:20 | node_23 | INFO ] 🎉 Round 150 of 150 finished.
[ 2026-03-28 12:15:20 | node_45 | INFO ] 🎉 Round 150 of 150 finished.
[ 2026-03-28 12:15:20 | node_23 | INFO ] 😋 Training finished!!
[ 2026-03-28 12:15:20 | node_40 | INFO ] 📢 Broadcasting metrics.
[ 2026-03-28 12:15:20 | node_27 | INFO ] 📢 Broadcasting metrics.
[ 2026-03-28 12:15:20 | node_45 | INFO ] 😋 Training finished!!
[ 2026-03-28 12:15:20 | node_19 | INFO ] 🎉 Round 150 of 150 finished.
[ 2026-03-28 12:15:20 | node_21 | INFO ] 📢 Broadcasting metrics.
[ 2026-03-28 12:15:20 | node_19 | INFO ] 😋 Training finished!!
[ 2026-03-28 12:15:20 | node_49 | INFO ] 🎉 Round 150 of 150 finished.
[ 2026-03-28 12:15:20 | node_49 | INFO ] 😋 Training finished!!
[ 2026-03-28 12:15:20 | node_22 | INFO ] 📈 Evaluated. Results: {'test_loss': 0.003682512091472745, 'test_accuracy': 0.9930717945098877, 'test_precision': 0.3233492374420166, 'test_recall': 0.6197769045829773, 'test_f1': 0.41550928354263306, 'communication_cost': 182472}
[ 2026-03-28 12:15:20 | node_43 | INFO ] 📢 Broadcasting metrics.
[ 2026-03-28 12:15:20 | node_27 | INFO ] 🎉 Round 150 of 150 finished.
[ 2026-03-28 12:15:20 | node_27 | INFO ] 😋 Training finished!!
[ 2026-03-28 12:15:20 | node_40 | INFO ] 🎉 Round 150 of 150 finished.
[ 2026-03-28 12:15:20 | node_21 | INFO ] 🎉 Round 150 of 150 finished.
[ 2026-03-28 12:15:20 | node_22 | INFO ] 📢 Broadcasting metrics.
[ 2026-03-28 12:15:20 | node_40 | INFO ] 😋 Training finished!!
[ 2026-03-28 12:15:20 | node_21 | INFO ] 😋 Training finished!!
[ 2026-03-28 12:15:20 | node_43 | INFO ] 🎉 Round 150 of 150 finished.
[ 2026-03-28 12:15:20 | node_43 | INFO ] 😋 Training finished!!
[ 2026-03-28 12:15:20 | node_46 | INFO ] 📈 Evaluated. Results: {'test_loss': 0.004250535275787115, 'test_accuracy': 0.9946913719177246, 'test_precision': 0.36180609464645386, 'test_recall': 0.597198486328125, 'test_f1': 0.44290897250175476, 'communication_cost': 182472}
[ 2026-03-28 12:15:20 | node_47 | INFO ] 📈 Evaluated. Results: {'test_loss': 0.004076694138348103, 'test_accuracy': 0.9941515326499939, 'test_precision': 0.35100623965263367, 'test_recall': 0.501784086227417, 'test_f1': 0.38769596815109253, 'communication_cost': 182472}
[ 2026-03-28 12:15:20 | node_22 | INFO ] 🎉 Round 150 of 150 finished.
[ 2026-03-28 12:15:20 | node_22 | INFO ] 😋 Training finished!!
[ 2026-03-28 12:15:20 | node_46 | INFO ] 📢 Broadcasting metrics.
[ 2026-03-28 12:15:20 | node_47 | INFO ] 📢 Broadcasting metrics.
[ 2026-03-28 12:15:20 | node_46 | INFO ] 🎉 Round 150 of 150 finished.
[ 2026-03-28 12:15:20 | node_46 | INFO ] 😋 Training finished!!
[ 2026-03-28 12:15:20 | node_47 | INFO ] 🎉 Round 150 of 150 finished.
[ 2026-03-28 12:15:20 | node_47 | INFO ] 😋 Training finished!!
[ 2026-03-28 12:15:28 | node | INFO ] ⏹️  Gossiping exited for 10 equal rounds.
[ 2026-03-28 12:15:28 | node | INFO ] 🔬 Evaluating...
[ 2026-03-28 12:15:29 | node | INFO ] 📈 Evaluated. Results: {'test_loss': 0.004315801430493593, 'test_accuracy': 0.9937921762466431, 'test_precision': 0.33602508902549744, 'test_recall': 0.5687709450721741, 'test_f1': 0.4168156683444977, 'communication_cost': 8941128}
[ 2026-03-28 12:15:29 | node | INFO ] 📢 Broadcasting metrics.
[ 2026-03-28 12:15:30 | node | INFO ] 🎉 Round 150 of 150 finished.
[ 2026-03-28 12:15:30 | node | INFO ] 😋 Training finished!!
[ 2026-03-28 12:15:30 | None | INFO ] 🏁 All nodes finished training. Waiting 10s for final synchronization...
[ 2026-03-28 12:15:42 | node | INFO ] Stopping node...
[ 2026-03-28 12:15:42 | node | INFO ] 🛑 Stopping gossiper...
[ 2026-03-28 12:15:42 | node | INFO ] InMemoryServer stopped at node
[ 2026-03-28 12:15:42 | node_1 | INFO ] Stopping node...
[ 2026-03-28 12:15:42 | node_1 | INFO ] 🛑 Stopping gossiper...
[ 2026-03-28 12:15:42 | node_1 | INFO ] InMemoryServer stopped at node_1
[ 2026-03-28 12:15:42 | node_2 | INFO ] Stopping node...
[ 2026-03-28 12:15:42 | node_2 | INFO ] 🛑 Stopping gossiper...
[ 2026-03-28 12:15:42 | node_2 | INFO ] InMemoryServer stopped at node_2
[ 2026-03-28 12:15:42 | node_3 | INFO ] Stopping node...
[ 2026-03-28 12:15:42 | node_3 | INFO ] 🛑 Stopping gossiper...
[ 2026-03-28 12:15:42 | node_3 | INFO ] InMemoryServer stopped at node_3
[ 2026-03-28 12:15:42 | node_4 | INFO ] Stopping node...
[ 2026-03-28 12:15:42 | node_4 | INFO ] 🛑 Stopping gossiper...
[ 2026-03-28 12:15:42 | node_4 | INFO ] InMemoryServer stopped at node_4
[ 2026-03-28 12:15:42 | node_5 | INFO ] Stopping node...
[ 2026-03-28 12:15:42 | node_5 | INFO ] 🛑 Stopping gossiper...
[ 2026-03-28 12:15:42 | node_5 | INFO ] InMemoryServer stopped at node_5
[ 2026-03-28 12:15:42 | node_6 | INFO ] Stopping node...
[ 2026-03-28 12:15:42 | node_6 | INFO ] 🛑 Stopping gossiper...
[ 2026-03-28 12:15:42 | node_6 | INFO ] InMemoryServer stopped at node_6
[ 2026-03-28 12:15:42 | node_7 | INFO ] Stopping node...
[ 2026-03-28 12:15:42 | node_7 | INFO ] 🛑 Stopping gossiper...
[ 2026-03-28 12:15:42 | node_7 | INFO ] InMemoryServer stopped at node_7
[ 2026-03-28 12:15:42 | node_8 | INFO ] Stopping node...
[ 2026-03-28 12:15:42 | node_8 | INFO ] 🛑 Stopping gossiper...
[ 2026-03-28 12:15:42 | node_8 | INFO ] InMemoryServer stopped at node_8
[ 2026-03-28 12:15:42 | node_9 | INFO ] Stopping node...
[ 2026-03-28 12:15:42 | node_9 | INFO ] 🛑 Stopping gossiper...
[ 2026-03-28 12:15:42 | node_9 | INFO ] InMemoryServer stopped at node_9
[ 2026-03-28 12:15:42 | node_10 | INFO ] Stopping node...
[ 2026-03-28 12:15:42 | node_10 | INFO ] 🛑 Stopping gossiper...
[ 2026-03-28 12:15:42 | node_10 | INFO ] InMemoryServer stopped at node_10
[ 2026-03-28 12:15:42 | node_11 | INFO ] Stopping node...
[ 2026-03-28 12:15:42 | node_11 | INFO ] 🛑 Stopping gossiper...
[ 2026-03-28 12:15:42 | node_11 | INFO ] InMemoryServer stopped at node_11
[ 2026-03-28 12:15:42 | node_12 | INFO ] Stopping node...
[ 2026-03-28 12:15:42 | node_12 | INFO ] 🛑 Stopping gossiper...
[ 2026-03-28 12:15:42 | node_12 | INFO ] InMemoryServer stopped at node_12
[ 2026-03-28 12:15:42 | node_13 | INFO ] Stopping node...
[ 2026-03-28 12:15:42 | node_13 | INFO ] 🛑 Stopping gossiper...
[ 2026-03-28 12:15:42 | node_13 | INFO ] InMemoryServer stopped at node_13
[ 2026-03-28 12:15:42 | node_14 | INFO ] Stopping node...
[ 2026-03-28 12:15:42 | node_14 | INFO ] 🛑 Stopping gossiper...
[ 2026-03-28 12:15:42 | node_14 | INFO ] InMemoryServer stopped at node_14
[ 2026-03-28 12:15:42 | node_15 | INFO ] Stopping node...
[ 2026-03-28 12:15:42 | node_15 | INFO ] 🛑 Stopping gossiper...
[ 2026-03-28 12:15:42 | node_15 | INFO ] InMemoryServer stopped at node_15
[ 2026-03-28 12:15:42 | node_16 | INFO ] Stopping node...
[ 2026-03-28 12:15:42 | node_16 | INFO ] 🛑 Stopping gossiper...
[ 2026-03-28 12:15:42 | node_16 | INFO ] InMemoryServer stopped at node_16
[ 2026-03-28 12:15:42 | node_17 | INFO ] Stopping node...
[ 2026-03-28 12:15:42 | node_17 | INFO ] 🛑 Stopping gossiper...
[ 2026-03-28 12:15:42 | node_17 | INFO ] InMemoryServer stopped at node_17
[ 2026-03-28 12:15:42 | node_18 | INFO ] Stopping node...
[ 2026-03-28 12:15:42 | node_18 | INFO ] 🛑 Stopping gossiper...
[ 2026-03-28 12:15:42 | node_18 | INFO ] InMemoryServer stopped at node_18
[ 2026-03-28 12:15:42 | node_19 | INFO ] Stopping node...
[ 2026-03-28 12:15:42 | node_19 | INFO ] 🛑 Stopping gossiper...
[ 2026-03-28 12:15:42 | node_19 | INFO ] InMemoryServer stopped at node_19
[ 2026-03-28 12:15:42 | node_20 | INFO ] Stopping node...
[ 2026-03-28 12:15:42 | node_20 | INFO ] 🛑 Stopping gossiper...
[ 2026-03-28 12:15:42 | node_20 | INFO ] InMemoryServer stopped at node_20
[ 2026-03-28 12:15:42 | node_21 | INFO ] Stopping node...
[ 2026-03-28 12:15:42 | node_21 | INFO ] 🛑 Stopping gossiper...
[ 2026-03-28 12:15:42 | node_21 | INFO ] InMemoryServer stopped at node_21
[ 2026-03-28 12:15:42 | node_22 | INFO ] Stopping node...
[ 2026-03-28 12:15:42 | node_22 | INFO ] 🛑 Stopping gossiper...
[ 2026-03-28 12:15:42 | node_22 | INFO ] InMemoryServer stopped at node_22
[ 2026-03-28 12:15:42 | node_23 | INFO ] Stopping node...
[ 2026-03-28 12:15:42 | node_23 | INFO ] 🛑 Stopping gossiper...
[ 2026-03-28 12:15:42 | node_23 | INFO ] InMemoryServer stopped at node_23
[ 2026-03-28 12:15:42 | node_24 | INFO ] Stopping node...
[ 2026-03-28 12:15:42 | node_24 | INFO ] 🛑 Stopping gossiper...
[ 2026-03-28 12:15:42 | node_24 | INFO ] InMemoryServer stopped at node_24
[ 2026-03-28 12:15:42 | node_25 | INFO ] Stopping node...
[ 2026-03-28 12:15:42 | node_25 | INFO ] 🛑 Stopping gossiper...
[ 2026-03-28 12:15:42 | node_25 | INFO ] InMemoryServer stopped at node_25
[ 2026-03-28 12:15:42 | node_26 | INFO ] Stopping node...
[ 2026-03-28 12:15:42 | node_26 | INFO ] 🛑 Stopping gossiper...
[ 2026-03-28 12:15:42 | node_26 | INFO ] InMemoryServer stopped at node_26
[ 2026-03-28 12:15:42 | node_27 | INFO ] Stopping node...
[ 2026-03-28 12:15:42 | node_27 | INFO ] 🛑 Stopping gossiper...
[ 2026-03-28 12:15:42 | node_27 | INFO ] InMemoryServer stopped at node_27
[ 2026-03-28 12:15:42 | node_28 | INFO ] Stopping node...
[ 2026-03-28 12:15:42 | node_28 | INFO ] 🛑 Stopping gossiper...
[ 2026-03-28 12:15:42 | node_28 | INFO ] InMemoryServer stopped at node_28
[ 2026-03-28 12:15:42 | node_29 | INFO ] Stopping node...
[ 2026-03-28 12:15:42 | node_29 | INFO ] 🛑 Stopping gossiper...
[ 2026-03-28 12:15:42 | node_29 | INFO ] InMemoryServer stopped at node_29
[ 2026-03-28 12:15:42 | node_30 | INFO ] Stopping node...
[ 2026-03-28 12:15:42 | node_30 | INFO ] 🛑 Stopping gossiper...
[ 2026-03-28 12:15:42 | node_30 | INFO ] InMemoryServer stopped at node_30
[ 2026-03-28 12:15:42 | node_31 | INFO ] Stopping node...
[ 2026-03-28 12:15:42 | node_31 | INFO ] 🛑 Stopping gossiper...
[ 2026-03-28 12:15:42 | node_31 | INFO ] InMemoryServer stopped at node_31
[ 2026-03-28 12:15:42 | node_32 | INFO ] Stopping node...
[ 2026-03-28 12:15:42 | node_32 | INFO ] 🛑 Stopping gossiper...
[ 2026-03-28 12:15:42 | node_32 | INFO ] InMemoryServer stopped at node_32
[ 2026-03-28 12:15:42 | node_33 | INFO ] Stopping node...
[ 2026-03-28 12:15:42 | node_33 | INFO ] 🛑 Stopping gossiper...
[ 2026-03-28 12:15:42 | node_33 | INFO ] InMemoryServer stopped at node_33
[ 2026-03-28 12:15:42 | node_34 | INFO ] Stopping node...
[ 2026-03-28 12:15:42 | node_34 | INFO ] 🛑 Stopping gossiper...
[ 2026-03-28 12:15:42 | node_34 | INFO ] InMemoryServer stopped at node_34
[ 2026-03-28 12:15:42 | node_35 | INFO ] Stopping node...
[ 2026-03-28 12:15:42 | node_35 | INFO ] 🛑 Stopping gossiper...
[ 2026-03-28 12:15:42 | node_35 | INFO ] InMemoryServer stopped at node_35
[ 2026-03-28 12:15:42 | node_36 | INFO ] Stopping node...
[ 2026-03-28 12:15:42 | node_36 | INFO ] 🛑 Stopping gossiper...
[ 2026-03-28 12:15:42 | node_36 | INFO ] InMemoryServer stopped at node_36
[ 2026-03-28 12:15:42 | node_37 | INFO ] Stopping node...
[ 2026-03-28 12:15:42 | node_37 | INFO ] 🛑 Stopping gossiper...
[ 2026-03-28 12:15:42 | node_37 | INFO ] InMemoryServer stopped at node_37
[ 2026-03-28 12:15:42 | node_38 | INFO ] Stopping node...
[ 2026-03-28 12:15:42 | node_38 | INFO ] 🛑 Stopping gossiper...
[ 2026-03-28 12:15:42 | node_38 | INFO ] InMemoryServer stopped at node_38
[ 2026-03-28 12:15:42 | node_39 | INFO ] Stopping node...
[ 2026-03-28 12:15:42 | node_39 | INFO ] 🛑 Stopping gossiper...
[ 2026-03-28 12:15:42 | node_39 | INFO ] InMemoryServer stopped at node_39
[ 2026-03-28 12:15:42 | node_40 | INFO ] Stopping node...
[ 2026-03-28 12:15:42 | node_40 | INFO ] 🛑 Stopping gossiper...
[ 2026-03-28 12:15:42 | node_40 | INFO ] InMemoryServer stopped at node_40
[ 2026-03-28 12:15:42 | node_41 | INFO ] Stopping node...
[ 2026-03-28 12:15:42 | node_41 | INFO ] 🛑 Stopping gossiper...
[ 2026-03-28 12:15:42 | node_41 | INFO ] InMemoryServer stopped at node_41
[ 2026-03-28 12:15:42 | node_42 | INFO ] Stopping node...
[ 2026-03-28 12:15:42 | node_42 | INFO ] 🛑 Stopping gossiper...
[ 2026-03-28 12:15:42 | node_42 | INFO ] InMemoryServer stopped at node_42
[ 2026-03-28 12:15:42 | node_43 | INFO ] Stopping node...
[ 2026-03-28 12:15:42 | node_43 | INFO ] 🛑 Stopping gossiper...
[ 2026-03-28 12:15:42 | node_43 | INFO ] InMemoryServer stopped at node_43
[ 2026-03-28 12:15:42 | node_44 | INFO ] Stopping node...
[ 2026-03-28 12:15:42 | node_44 | INFO ] 🛑 Stopping gossiper...
[ 2026-03-28 12:15:42 | node_44 | INFO ] InMemoryServer stopped at node_44
[ 2026-03-28 12:15:42 | node_45 | INFO ] Stopping node...
[ 2026-03-28 12:15:42 | node_45 | INFO ] 🛑 Stopping gossiper...
[ 2026-03-28 12:15:42 | node_45 | INFO ] InMemoryServer stopped at node_45
[ 2026-03-28 12:15:42 | node_46 | INFO ] Stopping node...
[ 2026-03-28 12:15:42 | node_46 | INFO ] 🛑 Stopping gossiper...
[ 2026-03-28 12:15:42 | node_46 | INFO ] InMemoryServer stopped at node_46
[ 2026-03-28 12:15:42 | node_47 | INFO ] Stopping node...
[ 2026-03-28 12:15:42 | node_47 | INFO ] 🛑 Stopping gossiper...
[ 2026-03-28 12:15:42 | node_47 | INFO ] InMemoryServer stopped at node_47
[ 2026-03-28 12:15:42 | node_48 | INFO ] Stopping node...
[ 2026-03-28 12:15:42 | node_48 | INFO ] 🛑 Stopping gossiper...
[ 2026-03-28 12:15:42 | node_48 | INFO ] InMemoryServer stopped at node_48
[ 2026-03-28 12:15:42 | node_49 | INFO ] Stopping node...
[ 2026-03-28 12:15:42 | node_49 | INFO ] 🛑 Stopping gossiper...
[ 2026-03-28 12:15:42 | node_49 | INFO ] InMemoryServer stopped at node_49
