[ 2026-05-13 06:00:38 | node_16 | INFO ] 🧩 Model added for round 46 (10/10) from ['node_33']
[ 2026-05-13 06:00:38 | node | INFO ] 🧩 Model added for round 46 (13/15) from ['node_30']
[ 2026-05-13 06:00:38 | node_6 | INFO ] 🧩 Model added for round 46 (8/9) from ['node_25']
[ 2026-05-13 06:00:39 | node_37 | INFO ] 🧩 Model added for round 46 (7/10) from ['node_8']
[ 2026-05-13 06:00:39 | node_17 | INFO ] 🧩 Model added for round 46 (9/10) from ['node_33']
[ 2026-05-13 06:00:39 | node_48 | INFO ] 🧩 Model added for round 46 (6/6) from ['node_34']
[ 2026-05-13 06:00:40 | node_10 | INFO ] 🧩 Model added for round 46 (7/9) from ['node_25']
[ 2026-05-13 06:00:40 | node_48 | INFO ] 🧠 Aggregation complete. Setting new model.
[ 2026-05-13 06:00:40 | node_16 | INFO ] 🧠 Aggregation complete. Setting new model.
[ 2026-05-13 06:00:40 | node_10 | INFO ] 🧩 Model added for round 46 (8/9) from ['node_30']
[ 2026-05-13 06:00:40 | node_48 | INFO ] 🗣️ Gossiping aggregated model.
[ 2026-05-13 06:00:41 | node_37 | INFO ] 🧩 Model added for round 46 (8/10) from ['node_33']
[ 2026-05-13 06:00:41 | node_45 | INFO ] 🧩 Model added for round 46 (7/7) from ['node_8']
[ 2026-05-13 06:00:41 | node_16 | INFO ] 🗣️ Gossiping aggregated model.
[ 2026-05-13 06:00:41 | node_12 | INFO ] 🧩 Model added for round 46 (7/7) from ['node_25']
[ 2026-05-13 06:00:41 | node_43 | INFO ] 📤 Sending model to 11 direct neighbors: ['node_4', 'node_7', 'node_15', 'node_22', 'node_25', 'node_30', 'node_33', 'node_34', 'node_37', 'node_39', 'node_46']
[ 2026-05-13 06:00:41 | node_39 | INFO ] 📤 Sending model to 13 direct neighbors: ['node', 'node_1', 'node_3', 'node_4', 'node_7', 'node_22', 'node_23', 'node_25', 'node_27', 'node_32', 'node_42', 'node_43', 'node_49']
[ 2026-05-13 06:00:42 | node_47 | INFO ] 🧩 Model added for round 46 (12/12) from ['node_8']
[ 2026-05-13 06:00:42 | node_4 | INFO ] 🧩 Model added for round 46 (8/10) from ['node_43']
[ 2026-05-13 06:00:42 | node_11 | INFO ] 🧩 Model added for round 46 (9/10) from ['node_30']
[ 2026-05-13 06:00:42 | node_38 | INFO ] 🧩 Model added for round 46 (7/8) from ['node_33']
[ 2026-05-13 06:00:42 | node | INFO ] 🧩 Model added for round 46 (14/15) from ['node_39']
[ 2026-05-13 06:00:42 | node_21 | INFO ] 🧩 Model added for round 46 (9/9) from ['node_25']
[ 2026-05-13 06:00:42 | node_45 | INFO ] 🧠 Aggregation complete. Setting new model.
[ 2026-05-13 06:00:42 | node_12 | INFO ] 🧠 Aggregation complete. Setting new model.
[ 2026-05-13 06:00:43 | node_45 | INFO ] 🗣️ Gossiping aggregated model.
[ 2026-05-13 06:00:43 | node_12 | INFO ] 🗣️ Gossiping aggregated model.
[ 2026-05-13 06:00:44 | node_7 | INFO ] 🧩 Model added for round 46 (6/7) from ['node_43']
[ 2026-05-13 06:00:44 | node_43 | INFO ] 🧩 Model added for round 46 (8/12) from ['node_33']
[ 2026-05-13 06:00:44 | node_1 | INFO ] 🧩 Model added for round 46 (8/9) from ['node_39']
[ 2026-05-13 06:00:44 | node_17 | INFO ] 🧩 Model added for round 46 (10/10) from ['node_30']
[ 2026-05-13 06:00:44 | node_21 | INFO ] 🧠 Aggregation complete. Setting new model.
[ 2026-05-13 06:00:44 | node_24 | INFO ] 🧩 Model added for round 46 (4/4) from ['node_25']
[ 2026-05-13 06:00:45 | node_21 | INFO ] 🗣️ Gossiping aggregated model.
[ 2026-05-13 06:00:45 | node_15 | INFO ] 🧩 Model added for round 46 (7/7) from ['node_43']
[ 2026-05-13 06:00:45 | node_20 | INFO ] 🧩 Model added for round 46 (6/6) from ['node_30']
[ 2026-05-13 06:00:46 | node_34 | INFO ] 🧩 Model added for round 46 (8/11) from ['node_25']
[ 2026-05-13 06:00:46 | node_3 | INFO ] 🧩 Model added for round 46 (8/8) from ['node_39']
[ 2026-05-13 06:00:46 | node_47 | INFO ] 🧠 Aggregation complete. Setting new model.
[ 2026-05-13 06:00:46 | node_24 | INFO ] 🧠 Aggregation complete. Setting new model.
[ 2026-05-13 06:00:46 | node_15 | INFO ] 🧠 Aggregation complete. Setting new model.
[ 2026-05-13 06:00:46 | node_3 | INFO ] 🧠 Aggregation complete. Setting new model.
[ 2026-05-13 06:00:46 | node_17 | INFO ] 🧠 Aggregation complete. Setting new model.
[ 2026-05-13 06:00:46 | node_20 | INFO ] 🧠 Aggregation complete. Setting new model.
[ 2026-05-13 06:00:46 | node_24 | INFO ] 🗣️ Gossiping aggregated model.
[ 2026-05-13 06:00:47 | node_20 | INFO ] 🗣️ Gossiping aggregated model.
[ 2026-05-13 06:00:47 | node_3 | INFO ] 🗣️ Gossiping aggregated model.
[ 2026-05-13 06:00:47 | node_15 | INFO ] 🗣️ Gossiping aggregated model.
[ 2026-05-13 06:00:47 | node_47 | INFO ] 🗣️ Gossiping aggregated model.
[ 2026-05-13 06:00:47 | node_25 | INFO ] 🧩 Model added for round 46 (11/13) from ['node_43']
[ 2026-05-13 06:00:47 | node_17 | INFO ] 🗣️ Gossiping aggregated model.
[ 2026-05-13 06:00:47 | node_4 | INFO ] 🧩 Model added for round 46 (9/10) from ['node_39']
[ 2026-05-13 06:00:48 | node_39 | INFO ] 🧩 Model added for round 46 (12/14) from ['node_25']
[ 2026-05-13 06:00:48 | node_28 | INFO ] 🧩 Model added for round 46 (9/9) from ['node_30']
[ 2026-05-13 06:00:49 | node_7 | INFO ] 🧩 Model added for round 46 (7/7) from ['node_39']
[ 2026-05-13 06:00:49 | node_32 | INFO ] 🧩 Model added for round 46 (10/11) from ['node_30']
[ 2026-05-13 06:00:49 | node_28 | INFO ] 🧠 Aggregation complete. Setting new model.
[ 2026-05-13 06:00:49 | node_7 | INFO ] 🧠 Aggregation complete. Setting new model.
[ 2026-05-13 06:00:49 | node_30 | INFO ] 🧩 Model added for round 46 (14/15) from ['node_43']
[ 2026-05-13 06:00:50 | node_28 | INFO ] 🗣️ Gossiping aggregated model.
[ 2026-05-13 06:00:50 | node_7 | INFO ] 🗣️ Gossiping aggregated model.
[ 2026-05-13 06:00:50 | node_43 | INFO ] 🧩 Model added for round 46 (9/12) from ['node_25']
[ 2026-05-13 06:00:50 | node_34 | INFO ] 🧩 Model added for round 46 (9/11) from ['node_30']
[ 2026-05-13 06:00:50 | node_23 | INFO ] 🧩 Model added for round 46 (8/8) from ['node_39']
[ 2026-05-13 06:00:51 | node_23 | INFO ] 🧠 Aggregation complete. Setting new model.
[ 2026-05-13 06:00:51 | node_33 | INFO ] 🧩 Model added for round 46 (7/7) from ['node_43']
[ 2026-05-13 06:00:52 | node_25 | INFO ] 🧩 Model added for round 46 (12/13) from ['node_39']
[ 2026-05-13 06:00:52 | node_37 | INFO ] 🧩 Model added for round 46 (9/10) from ['node_30']
[ 2026-05-13 06:00:52 | node_33 | INFO ] 🧠 Aggregation complete. Setting new model.
[ 2026-05-13 06:00:52 | node_44 | INFO ] 🧩 Model added for round 46 (8/9) from ['node_25']
[ 2026-05-13 06:00:52 | node_23 | INFO ] 🗣️ Gossiping aggregated model.
[ 2026-05-13 06:00:53 | node_34 | INFO ] 🧩 Model added for round 46 (10/11) from ['node_43']
[ 2026-05-13 06:00:53 | node_33 | INFO ] 🗣️ Gossiping aggregated model.
[ 2026-05-13 06:00:53 | node_38 | INFO ] 🧩 Model added for round 46 (8/8) from ['node_30']
[ 2026-05-13 06:00:54 | node_27 | INFO ] 🧩 Model added for round 46 (7/7) from ['node_39']
[ 2026-05-13 06:00:54 | node_38 | INFO ] 🧠 Aggregation complete. Setting new model.
[ 2026-05-13 06:00:54 | node_27 | INFO ] 🧠 Aggregation complete. Setting new model.
[ 2026-05-13 06:00:55 | node_27 | INFO ] 🗣️ Gossiping aggregated model.
[ 2026-05-13 06:00:55 | node_37 | INFO ] 🧩 Model added for round 46 (10/10) from ['node_43']
[ 2026-05-13 06:00:55 | node_38 | INFO ] 🗣️ Gossiping aggregated model.
[ 2026-05-13 06:00:55 | node_40 | INFO ] 🧩 Model added for round 46 (8/8) from ['node_30']
[ 2026-05-13 06:00:55 | node_32 | INFO ] 🧩 Model added for round 46 (11/11) from ['node_39']
[ 2026-05-13 06:00:56 | node_39 | INFO ] 🧩 Model added for round 46 (13/14) from ['node_43']
[ 2026-05-13 06:00:57 | node_43 | INFO ] 🧩 Model added for round 46 (10/12) from ['node_30']
[ 2026-05-13 06:00:57 | node_42 | INFO ] 🧩 Model added for round 46 (7/7) from ['node_39']
[ 2026-05-13 06:00:57 | node_40 | INFO ] 🧠 Aggregation complete. Setting new model.
[ 2026-05-13 06:00:57 | node_37 | INFO ] 🧠 Aggregation complete. Setting new model.
[ 2026-05-13 06:00:57 | node_32 | INFO ] 🧠 Aggregation complete. Setting new model.
[ 2026-05-13 06:00:57 | node_42 | INFO ] 🧠 Aggregation complete. Setting new model.
[ 2026-05-13 06:00:58 | node_40 | INFO ] 🗣️ Gossiping aggregated model.
[ 2026-05-13 06:00:58 | node_42 | INFO ] 🗣️ Gossiping aggregated model.
[ 2026-05-13 06:00:58 | node_37 | INFO ] 🗣️ Gossiping aggregated model.
[ 2026-05-13 06:00:58 | node_32 | INFO ] 🗣️ Gossiping aggregated model.
[ 2026-05-13 06:00:58 | node_46 | INFO ] 🧩 Model added for round 46 (8/8) from ['node_43']
[ 2026-05-13 06:00:58 | node_43 | INFO ] 🧩 Model added for round 46 (11/12) from ['node_39']
[ 2026-05-13 06:00:59 | node_44 | INFO ] 🧩 Model added for round 46 (9/9) from ['node_30']
[ 2026-05-13 06:01:00 | node_49 | INFO ] 🧩 Model added for round 46 (10/10) from ['node_39']
[ 2026-05-13 06:01:00 | node_46 | INFO ] 🧠 Aggregation complete. Setting new model.
[ 2026-05-13 06:01:00 | node_44 | INFO ] 🧠 Aggregation complete. Setting new model.
[ 2026-05-13 06:01:00 | node_49 | INFO ] 🧠 Aggregation complete. Setting new model.
[ 2026-05-13 06:01:01 | node_46 | INFO ] 🗣️ Gossiping aggregated model.
[ 2026-05-13 06:01:01 | node_49 | INFO ] 🗣️ Gossiping aggregated model.
[ 2026-05-13 06:01:01 | node_44 | INFO ] 🗣️ Gossiping aggregated model.
[ 2026-05-13 06:01:54 | node_29 | INFO ] ⏹️  Gossiping exited for 50 equal rounds.
[ 2026-05-13 06:01:54 | node_29 | INFO ] 🔬 Evaluating...
[ 2026-05-13 06:01:55 | node_29 | INFO ] 📈 Evaluated. Results: {'test_loss': 0.2231644243001938, 'test_acc': 0.9700000286102295, 'test_precision': 0.9695693254470825, 'test_recall': 0.9636569023132324, 'test_f1': 0.9661918878555298, 'communication_cost': 30107168}
[ 2026-05-13 06:01:55 | node_29 | INFO ] 📢 Broadcasting metrics.
[ 2026-05-13 06:01:57 | node_36 | INFO ] ⏹️  Gossiping exited for 50 equal rounds.
[ 2026-05-13 06:01:58 | node_36 | INFO ] 🔬 Evaluating...
[ 2026-05-13 06:01:58 | node_36 | INFO ] 📈 Evaluated. Results: {'test_loss': 0.18296624720096588, 'test_acc': 0.9700000286102295, 'test_precision': 0.9745123982429504, 'test_recall': 0.9733822345733643, 'test_f1': 0.9733026623725891, 'communication_cost': 26343772}
[ 2026-05-13 06:01:58 | node_29 | INFO ] 🎉 Round 47 of 50 finished.
[ 2026-05-13 06:01:58 | node_36 | INFO ] 📢 Broadcasting metrics.
[ 2026-05-13 06:01:58 | node_29 | INFO ] 🗳️ [DETERMINISTIC] Train set assigned (No Voting). Size: 50
[ 2026-05-13 06:01:59 | node_29 | INFO ] 🏋️‍♀️ Preparing training...
[ 2026-05-13 06:01:59 | node_29 | INFO ] 🎓 Training step done.
[ 2026-05-13 06:01:59 | node_29 | INFO ] 🛠️ Calling force_add_local_model...
[ 2026-05-13 06:01:59 | node_29 | INFO ] ✅ [FORCE] Local model added for round 47. (1/9)
[ 2026-05-13 06:02:01 | node_36 | INFO ] 🎉 Round 47 of 50 finished.
[ 2026-05-13 06:02:01 | node_36 | INFO ] 🗳️ [DETERMINISTIC] Train set assigned (No Voting). Size: 50
[ 2026-05-13 06:02:02 | node_36 | INFO ] 🏋️‍♀️ Preparing training...
[ 2026-05-13 06:02:02 | node_36 | INFO ] 🎓 Training step done.
[ 2026-05-13 06:02:02 | node_36 | INFO ] 🛠️ Calling force_add_local_model...
[ 2026-05-13 06:02:02 | node_36 | INFO ] ✅ [FORCE] Local model added for round 47. (1/8)
[ 2026-05-13 06:02:04 | node_29 | INFO ] 📤 Sending model to 8 direct neighbors: ['node', 'node_5', 'node_7', 'node_21', 'node_27', 'node_40', 'node_44', 'node_46']
[ 2026-05-13 06:02:07 | node_36 | INFO ] 📤 Sending model to 7 direct neighbors: ['node_3', 'node_20', 'node_21', 'node_28', 'node_37', 'node_38', 'node_40']
[ 2026-05-13 06:02:29 | node_24 | INFO ] ⏹️  Gossiping exited for 50 equal rounds.
[ 2026-05-13 06:02:29 | node_22 | INFO ] ⏹️  Gossiping exited for 50 equal rounds.
[ 2026-05-13 06:02:29 | node_24 | INFO ] 🔬 Evaluating...
[ 2026-05-13 06:02:29 | node_9 | INFO ] ⏹️  Gossiping exited for 50 equal rounds.
[ 2026-05-13 06:02:29 | node_22 | INFO ] 🔬 Evaluating...
[ 2026-05-13 06:02:29 | node_9 | INFO ] 🔬 Evaluating...
[ 2026-05-13 06:02:30 | node_24 | INFO ] 📈 Evaluated. Results: {'test_loss': 0.39949625730514526, 'test_acc': 0.9549999833106995, 'test_precision': 0.9567936062812805, 'test_recall': 0.9567041993141174, 'test_f1': 0.9553054571151733, 'communication_cost': 11290188}
[ 2026-05-13 06:02:30 | node_24 | INFO ] 📢 Broadcasting metrics.
[ 2026-05-13 06:02:30 | node_22 | INFO ] 📈 Evaluated. Results: {'test_loss': 0.2563686668872833, 'test_acc': 0.949999988079071, 'test_precision': 0.9496932029724121, 'test_recall': 0.9513250589370728, 'test_f1': 0.9495419859886169, 'communication_cost': 41397356}
[ 2026-05-13 06:02:30 | node_9 | INFO ] 📈 Evaluated. Results: {'test_loss': 0.06546599417924881, 'test_acc': 0.9850000143051147, 'test_precision': 0.9819445013999939, 'test_recall': 0.9859962463378906, 'test_f1': 0.9833005666732788, 'communication_cost': 41397356}
[ 2026-05-13 06:02:30 | node_22 | INFO ] 📢 Broadcasting metrics.
[ 2026-05-13 06:02:30 | node_9 | INFO ] 📢 Broadcasting metrics.
[ 2026-05-13 06:02:31 | node_24 | INFO ] 🎉 Round 47 of 50 finished.
[ 2026-05-13 06:02:31 | node_24 | INFO ] 🗳️ [DETERMINISTIC] Train set assigned (No Voting). Size: 50
[ 2026-05-13 06:02:31 | node_24 | INFO ] 🏋️‍♀️ Preparing training...
[ 2026-05-13 06:02:32 | node_24 | INFO ] 🎓 Training step done.
[ 2026-05-13 06:02:32 | node_24 | INFO ] 🛠️ Calling force_add_local_model...
[ 2026-05-13 06:02:32 | node_24 | INFO ] ✅ [FORCE] Local model added for round 47. (1/4)
[ 2026-05-13 06:02:32 | node_7 | INFO ] ⏹️  Gossiping exited for 50 equal rounds.
[ 2026-05-13 06:02:32 | node_7 | INFO ] 🔬 Evaluating...
[ 2026-05-13 06:02:32 | node_7 | INFO ] 📈 Evaluated. Results: {'test_loss': 0.14123934507369995, 'test_acc': 0.9599999785423279, 'test_precision': 0.9552644491195679, 'test_recall': 0.9629735350608826, 'test_f1': 0.9578715562820435, 'communication_cost': 22580376}
[ 2026-05-13 06:02:33 | node_7 | INFO ] 📢 Broadcasting metrics.
[ 2026-05-13 06:02:34 | node_9 | INFO ] 🎉 Round 46 of 50 finished.
[ 2026-05-13 06:02:34 | node_9 | INFO ] 🗳️ [DETERMINISTIC] Train set assigned (No Voting). Size: 50
[ 2026-05-13 06:02:35 | node_9 | INFO ] ♻️ Proactively processing 10 early models for round 46.
[ 2026-05-13 06:02:35 | node_9 | INFO ] 🧩 Model added for round 46 (1/12) from ['node_18']
[ 2026-05-13 06:02:35 | node_9 | INFO ] 🧩 Model added for round 46 (2/12) from ['node_4']
[ 2026-05-13 06:02:35 | node_22 | INFO ] 🎉 Round 46 of 50 finished.
[ 2026-05-13 06:02:35 | node_9 | INFO ] 🧩 Model added for round 46 (3/12) from ['node_6']
[ 2026-05-13 06:02:35 | node_9 | INFO ] 🧩 Model added for round 46 (4/12) from ['node']
[ 2026-05-13 06:02:35 | node_22 | INFO ] 🗳️ [DETERMINISTIC] Train set assigned (No Voting). Size: 50
[ 2026-05-13 06:02:35 | node_9 | INFO ] 🧩 Model added for round 46 (5/12) from ['node_5']
[ 2026-05-13 06:02:35 | node_9 | INFO ] 🧩 Model added for round 46 (6/12) from ['node_26']
[ 2026-05-13 06:02:35 | node_9 | INFO ] 🧩 Model added for round 46 (7/12) from ['node_13']
[ 2026-05-13 06:02:35 | node_22 | INFO ] ♻️ Proactively processing 10 early models for round 46.
[ 2026-05-13 06:02:35 | node_9 | INFO ] 🧩 Model added for round 46 (8/12) from ['node_2']
[ 2026-05-13 06:02:35 | node_22 | INFO ] 🧩 Model added for round 46 (1/12) from ['node_19']
[ 2026-05-13 06:02:35 | node_9 | INFO ] 🧩 Model added for round 46 (9/12) from ['node_34']
[ 2026-05-13 06:02:35 | node_22 | INFO ] 🧩 Model added for round 46 (2/12) from ['node_10']
[ 2026-05-13 06:02:35 | node_9 | INFO ] 🧩 Model added for round 46 (10/12) from ['node_8']
[ 2026-05-13 06:02:35 | node_22 | INFO ] 🧩 Model added for round 46 (3/12) from ['node_35']
[ 2026-05-13 06:02:35 | node_9 | INFO ] 🏋️‍♀️ Preparing training...
[ 2026-05-13 06:02:35 | node_22 | INFO ] 🧩 Model added for round 46 (4/12) from ['node_11']
[ 2026-05-13 06:02:35 | node_22 | INFO ] 🧩 Model added for round 46 (5/12) from ['node_1']
[ 2026-05-13 06:02:35 | node_22 | INFO ] 🧩 Model added for round 46 (6/12) from ['node_8']
[ 2026-05-13 06:02:35 | node_22 | INFO ] 🧩 Model added for round 46 (7/12) from ['node_25']
[ 2026-05-13 06:02:35 | node_22 | INFO ] 🧩 Model added for round 46 (8/12) from ['node_43']
[ 2026-05-13 06:02:35 | node_22 | INFO ] 🧩 Model added for round 46 (9/12) from ['node_30']
[ 2026-05-13 06:02:35 | node_7 | INFO ] 🎉 Round 47 of 50 finished.
[ 2026-05-13 06:02:35 | node_22 | INFO ] 🧩 Model added for round 46 (10/12) from ['node_39']
[ 2026-05-13 06:02:35 | node_22 | INFO ] 🏋️‍♀️ Preparing training...
[ 2026-05-13 06:02:35 | node_7 | INFO ] 🗳️ [DETERMINISTIC] Train set assigned (No Voting). Size: 50
[ 2026-05-13 06:02:35 | node_7 | INFO ] ♻️ Proactively processing 1 early models for round 47.
[ 2026-05-13 06:02:35 | node_9 | INFO ] 🎓 Training step done.
[ 2026-05-13 06:02:35 | node_7 | INFO ] 🧩 Model added for round 47 (1/7) from ['node_29']
[ 2026-05-13 06:02:35 | node_7 | INFO ] 🏋️‍♀️ Preparing training...
[ 2026-05-13 06:02:35 | node_9 | INFO ] 🛠️ Calling force_add_local_model...
[ 2026-05-13 06:02:35 | node_9 | INFO ] ✅ [FORCE] Local model added for round 46. (11/12)
[ 2026-05-13 06:02:36 | node_22 | INFO ] 🎓 Training step done.
[ 2026-05-13 06:02:36 | node_22 | INFO ] 🛠️ Calling force_add_local_model...
[ 2026-05-13 06:02:36 | node_22 | INFO ] ✅ [FORCE] Local model added for round 46. (11/12)
[ 2026-05-13 06:02:36 | node_7 | INFO ] 🎓 Training step done.
[ 2026-05-13 06:02:36 | node_41 | INFO ] ⏹️  Gossiping exited for 50 equal rounds.
[ 2026-05-13 06:02:36 | node_7 | INFO ] 🛠️ Calling force_add_local_model...
[ 2026-05-13 06:02:36 | node_7 | INFO ] ✅ [FORCE] Local model added for round 47. (2/7)
[ 2026-05-13 06:02:36 | node_41 | INFO ] 🔬 Evaluating...
[ 2026-05-13 06:02:36 | node_48 | INFO ] ⏹️  Gossiping exited for 50 equal rounds.
[ 2026-05-13 06:02:36 | node_48 | INFO ] 🔬 Evaluating...
[ 2026-05-13 06:02:36 | node_41 | INFO ] 📈 Evaluated. Results: {'test_loss': 0.08589430898427963, 'test_acc': 0.9800000190734863, 'test_precision': 0.9825757741928101, 'test_recall': 0.9805701971054077, 'test_f1': 0.9809779524803162, 'communication_cost': 18816980}
[ 2026-05-13 06:02:36 | node_41 | INFO ] 📢 Broadcasting metrics.
[ 2026-05-13 06:02:37 | node_48 | INFO ] 📈 Evaluated. Results: {'test_loss': 0.12466489523649216, 'test_acc': 0.9800000190734863, 'test_precision': 0.981601893901825, 'test_recall': 0.9815821647644043, 'test_f1': 0.9811475872993469, 'communication_cost': 18816980}
[ 2026-05-13 06:02:37 | node_48 | INFO ] 📢 Broadcasting metrics.
[ 2026-05-13 06:02:37 | node_24 | INFO ] 📤 Sending model to 3 direct neighbors: ['node_15', 'node_25', 'node_34']
[ 2026-05-13 06:02:39 | node_41 | INFO ] 🎉 Round 47 of 50 finished.
[ 2026-05-13 06:02:39 | node_41 | INFO ] 🗳️ [DETERMINISTIC] Train set assigned (No Voting). Size: 50
[ 2026-05-13 06:02:39 | node_41 | INFO ] 🏋️‍♀️ Preparing training...
[ 2026-05-13 06:02:39 | node_48 | INFO ] 🎉 Round 47 of 50 finished.
[ 2026-05-13 06:02:39 | node_48 | INFO ] 🗳️ [DETERMINISTIC] Train set assigned (No Voting). Size: 50
[ 2026-05-13 06:02:39 | node_48 | INFO ] 🏋️‍♀️ Preparing training...
[ 2026-05-13 06:02:40 | node_41 | INFO ] 🎓 Training step done.
[ 2026-05-13 06:02:40 | node_41 | INFO ] 🛠️ Calling force_add_local_model...
[ 2026-05-13 06:02:40 | node_41 | INFO ] ✅ [FORCE] Local model added for round 47. (1/6)
[ 2026-05-13 06:02:40 | node_48 | INFO ] 🎓 Training step done.
[ 2026-05-13 06:02:40 | node_48 | INFO ] 🛠️ Calling force_add_local_model...
[ 2026-05-13 06:02:40 | node_48 | INFO ] ✅ [FORCE] Local model added for round 47. (1/6)
[ 2026-05-13 06:02:41 | node_9 | INFO ] 📤 Sending model to 11 direct neighbors: ['node', 'node_2', 'node_4', 'node_5', 'node_6', 'node_8', 'node_13', 'node_18', 'node_22', 'node_26', 'node_34']
[ 2026-05-13 06:02:41 | node_22 | INFO ] 📤 Sending model to 11 direct neighbors: ['node_1', 'node_8', 'node_9', 'node_10', 'node_11', 'node_19', 'node_25', 'node_30', 'node_35', 'node_39', 'node_43']
[ 2026-05-13 06:02:41 | node_7 | INFO ] 📤 Sending model to 6 direct neighbors: ['node_29', 'node_31', 'node_32', 'node_39', 'node_43', 'node_45']
[ 2026-05-13 06:02:41 | node | INFO ] 🧩 Model added for round 46 (15/15) from ['node_9']
[ 2026-05-13 06:02:41 | node_42 | INFO ] ⏹️  Gossiping exited for 50 equal rounds.
[ 2026-05-13 06:02:41 | node_1 | INFO ] 🧩 Model added for round 46 (9/9) from ['node_22']
[ 2026-05-13 06:02:41 | node_42 | INFO ] 🔬 Evaluating...
[ 2026-05-13 06:02:41 | node_29 | INFO ] 🧩 Model added for round 47 (2/9) from ['node_7']
[ 2026-05-13 06:02:41 | node_42 | INFO ] 📈 Evaluated. Results: {'test_loss': 0.13850907981395721, 'test_acc': 0.9700000286102295, 'test_precision': 0.9727544188499451, 'test_recall': 0.9719967842102051, 'test_f1': 0.9708672165870667, 'communication_cost': 22580376}
[ 2026-05-13 06:02:42 | node_42 | INFO ] 📢 Broadcasting metrics.
[ 2026-05-13 06:02:42 | node_1 | INFO ] 🧠 Aggregation complete. Setting new model.
[ 2026-05-13 06:02:42 | node | INFO ] 🧠 Aggregation complete. Setting new model.
[ 2026-05-13 06:02:42 | node_33 | INFO ] ⏹️  Gossiping exited for 50 equal rounds.
[ 2026-05-13 06:02:42 | node_33 | INFO ] 🔬 Evaluating...
[ 2026-05-13 06:02:42 | node_33 | INFO ] 📈 Evaluated. Results: {'test_loss': 0.25432413816452026, 'test_acc': 0.9750000238418579, 'test_precision': 0.9755314588546753, 'test_recall': 0.9717105627059937, 'test_f1': 0.9730028510093689, 'communication_cost': 22580376}
[ 2026-05-13 06:02:43 | node_1 | INFO ] 🗣️ Gossiping aggregated model.
[ 2026-05-13 06:02:43 | node_8 | INFO ] 🧩 Model added for round 46 (11/12) from ['node_22']
[ 2026-05-13 06:02:43 | node_33 | INFO ] 📢 Broadcasting metrics.
[ 2026-05-13 06:02:43 | node | INFO ] 🗣️ Gossiping aggregated model.
[ 2026-05-13 06:02:43 | node_2 | INFO ] 🧩 Model added for round 46 (13/13) from ['node_9']
[ 2026-05-13 06:02:44 | node_42 | INFO ] 🎉 Round 47 of 50 finished.
[ 2026-05-13 06:02:44 | node_42 | INFO ] 🗳️ [DETERMINISTIC] Train set assigned (No Voting). Size: 50
[ 2026-05-13 06:02:44 | node_42 | INFO ] 🏋️‍♀️ Preparing training...
[ 2026-05-13 06:02:45 | node_9 | INFO ] 🧩 Model added for round 46 (12/12) from ['node_22']
[ 2026-05-13 06:02:45 | node_41 | INFO ] 📤 Sending model to 5 direct neighbors: ['node_1', 'node_2', 'node_28', 'node_32', 'node_47']
[ 2026-05-13 06:02:45 | node_42 | INFO ] 🎓 Training step done.
[ 2026-05-13 06:02:45 | node_4 | INFO ] 🧩 Model added for round 46 (10/10) from ['node_9']
[ 2026-05-13 06:02:45 | node_42 | INFO ] 🛠️ Calling force_add_local_model...
[ 2026-05-13 06:02:45 | node_42 | INFO ] ✅ [FORCE] Local model added for round 47. (1/7)
[ 2026-05-13 06:02:45 | node_48 | INFO ] 📤 Sending model to 5 direct neighbors: ['node_14', 'node_21', 'node_26', 'node_34', 'node_40']
[ 2026-05-13 06:02:46 | node_2 | INFO ] 🧠 Aggregation complete. Setting new model.
[ 2026-05-13 06:02:46 | node_4 | INFO ] 🧠 Aggregation complete. Setting new model.
[ 2026-05-13 06:02:46 | node_33 | INFO ] 🎉 Round 47 of 50 finished.
[ 2026-05-13 06:02:46 | node_33 | INFO ] 🗳️ [DETERMINISTIC] Train set assigned (No Voting). Size: 50
[ 2026-05-13 06:02:46 | node_33 | INFO ] 🏋️‍♀️ Preparing training...
[ 2026-05-13 06:02:47 | node_10 | INFO ] 🧩 Model added for round 46 (9/9) from ['node_22']
[ 2026-05-13 06:02:47 | node_5 | INFO ] 🧩 Model added for round 46 (12/12) from ['node_9']
[ 2026-05-13 06:02:47 | node_33 | INFO ] 🎓 Training step done.
[ 2026-05-13 06:02:47 | node_33 | INFO ] 🛠️ Calling force_add_local_model...
[ 2026-05-13 06:02:47 | node_33 | INFO ] ✅ [FORCE] Local model added for round 47. (1/7)
[ 2026-05-13 06:02:47 | node_4 | INFO ] 🗣️ Gossiping aggregated model.
[ 2026-05-13 06:02:47 | node_2 | INFO ] 🗣️ Gossiping aggregated model.
[ 2026-05-13 06:02:48 | node_10 | INFO ] 🧠 Aggregation complete. Setting new model.
[ 2026-05-13 06:02:48 | node_5 | INFO ] 🧠 Aggregation complete. Setting new model.
[ 2026-05-13 06:02:49 | node_10 | INFO ] 🗣️ Gossiping aggregated model.
[ 2026-05-13 06:02:49 | node_5 | INFO ] 🗣️ Gossiping aggregated model.
[ 2026-05-13 06:02:49 | node_6 | INFO ] 🧩 Model added for round 46 (9/9) from ['node_9']
[ 2026-05-13 06:02:49 | node_11 | INFO ] 🧩 Model added for round 46 (10/10) from ['node_22']
[ 2026-05-13 06:02:50 | node_18 | INFO ] ⏳ Dynamic Patience (iteration 1): Missing nodes still active. Waiting 150s more...
[ 2026-05-13 06:02:50 | node_42 | INFO ] 📤 Sending model to 6 direct neighbors: ['node_3', 'node_14', 'node_17', 'node_34', 'node_39', 'node_44']
[ 2026-05-13 06:02:50 | node_8 | INFO ] 🧩 Model added for round 46 (12/12) from ['node_9']
[ 2026-05-13 06:02:51 | node_19 | INFO ] 🧩 Model added for round 46 (4/4) from ['node_22']
[ 2026-05-13 06:02:52 | node_25 | INFO ] 🧩 Model added for round 46 (13/13) from ['node_22']
[ 2026-05-13 06:02:52 | node_11 | INFO ] 🧠 Aggregation complete. Setting new model.
[ 2026-05-13 06:02:52 | node_8 | INFO ] 🧠 Aggregation complete. Setting new model.
[ 2026-05-13 06:02:52 | node_19 | INFO ] 🧠 Aggregation complete. Setting new model.
[ 2026-05-13 06:02:52 | node_6 | INFO ] 🧠 Aggregation complete. Setting new model.
[ 2026-05-13 06:02:52 | node_33 | INFO ] 📤 Sending model to 6 direct neighbors: ['node_15', 'node_16', 'node_17', 'node_37', 'node_38', 'node_43']
[ 2026-05-13 06:02:52 | node_19 | INFO ] 🗣️ Gossiping aggregated model.
[ 2026-05-13 06:02:53 | node_13 | INFO ] 🧩 Model added for round 46 (7/7) from ['node_9']
[ 2026-05-13 06:02:53 | node_6 | INFO ] 🗣️ Gossiping aggregated model.
[ 2026-05-13 06:02:53 | node_11 | INFO ] 🗣️ Gossiping aggregated model.
[ 2026-05-13 06:02:53 | node_13 | INFO ] 🧠 Aggregation complete. Setting new model.
[ 2026-05-13 06:02:53 | node_25 | INFO ] 🧠 Aggregation complete. Setting new model.
[ 2026-05-13 06:02:53 | node_20 | INFO ] ⏹️  Gossiping exited for 50 equal rounds.
[ 2026-05-13 06:02:54 | node_8 | INFO ] 🗣️ Gossiping aggregated model.
[ 2026-05-13 06:02:54 | node_20 | INFO ] 🔬 Evaluating...
[ 2026-05-13 06:02:54 | node_20 | INFO ] 📈 Evaluated. Results: {'test_loss': 0.32671603560447693, 'test_acc': 0.9649999737739563, 'test_precision': 0.9694290161132812, 'test_recall': 0.9639767408370972, 'test_f1': 0.9657203555107117, 'communication_cost': 18816980}
[ 2026-05-13 06:02:54 | node_18 | INFO ] 🧩 Model added for round 46 (5/5) from ['node_9']
[ 2026-05-13 06:02:54 | node_13 | INFO ] 🗣️ Gossiping aggregated model.
[ 2026-05-13 06:02:55 | node_30 | INFO ] 🧩 Model added for round 46 (15/15) from ['node_22']
[ 2026-05-13 06:02:55 | node_20 | INFO ] 📢 Broadcasting metrics.
[ 2026-05-13 06:02:55 | node_25 | INFO ] 🗣️ Gossiping aggregated model.
[ 2026-05-13 06:02:56 | node_22 | INFO ] 🧩 Model added for round 46 (12/12) from ['node_9']
[ 2026-05-13 06:02:56 | node_18 | INFO ] 🧠 Aggregation complete. Setting new model.
[ 2026-05-13 06:02:56 | node_30 | INFO ] 🧠 Aggregation complete. Setting new model.
[ 2026-05-13 06:02:56 | node_18 | INFO ] 🗣️ Gossiping aggregated model.
[ 2026-05-13 06:02:57 | node_20 | INFO ] 🎉 Round 47 of 50 finished.
[ 2026-05-13 06:02:57 | node_20 | INFO ] 🗳️ [DETERMINISTIC] Train set assigned (No Voting). Size: 50
[ 2026-05-13 06:02:57 | node_20 | INFO ] ♻️ Proactively processing 1 early models for round 47.
[ 2026-05-13 06:02:57 | node_20 | INFO ] 🧩 Model added for round 47 (1/6) from ['node_36']
[ 2026-05-13 06:02:57 | node_20 | INFO ] 🏋️‍♀️ Preparing training...
[ 2026-05-13 06:02:57 | node_35 | INFO ] 🧩 Model added for round 46 (5/5) from ['node_22']
[ 2026-05-13 06:02:57 | node_20 | INFO ] 🎓 Training step done.
[ 2026-05-13 06:02:57 | node_26 | INFO ] 🧩 Model added for round 46 (8/8) from ['node_9']
[ 2026-05-13 06:02:58 | node_20 | INFO ] 🛠️ Calling force_add_local_model...
[ 2026-05-13 06:02:58 | node_20 | INFO ] ✅ [FORCE] Local model added for round 47. (2/6)
[ 2026-05-13 06:02:58 | node_30 | INFO ] 🗣️ Gossiping aggregated model.
[ 2026-05-13 06:02:58 | node_35 | INFO ] 🧠 Aggregation complete. Setting new model.
[ 2026-05-13 06:02:58 | node_26 | INFO ] 🧠 Aggregation complete. Setting new model.
[ 2026-05-13 06:02:58 | node_35 | INFO ] 🗣️ Gossiping aggregated model.
[ 2026-05-13 06:02:59 | node_26 | INFO ] 🗣️ Gossiping aggregated model.
[ 2026-05-13 06:03:00 | node_39 | INFO ] 🧩 Model added for round 46 (14/14) from ['node_22']
[ 2026-05-13 06:03:00 | node_34 | INFO ] 🧩 Model added for round 46 (11/11) from ['node_9']
[ 2026-05-13 06:03:01 | node_43 | INFO ] 🧩 Model added for round 46 (12/12) from ['node_22']
[ 2026-05-13 06:03:03 | node_20 | INFO ] 📤 Sending model to 5 direct neighbors: ['node_4', 'node_26', 'node_30', 'node_36', 'node_45']
[ 2026-05-13 06:03:03 | node_31 | INFO ] ⏹️  Gossiping exited for 50 equal rounds.
[ 2026-05-13 06:03:03 | node_31 | INFO ] 🔬 Evaluating...
[ 2026-05-13 06:03:04 | node_31 | INFO ] 📈 Evaluated. Results: {'test_loss': 0.44673454761505127, 'test_acc': 0.9449999928474426, 'test_precision': 0.9429513812065125, 'test_recall': 0.9463470578193665, 'test_f1': 0.9436956644058228, 'communication_cost': 22580376}
[ 2026-05-13 06:03:04 | node_31 | INFO ] 📢 Broadcasting metrics.
[ 2026-05-13 06:03:05 | node_34 | INFO ] 🧠 Aggregation complete. Setting new model.
[ 2026-05-13 06:03:05 | node_9 | INFO ] 🧠 Aggregation complete. Setting new model.
[ 2026-05-13 06:03:05 | node_39 | INFO ] 🧠 Aggregation complete. Setting new model.
[ 2026-05-13 06:03:05 | node_43 | INFO ] 🧠 Aggregation complete. Setting new model.
[ 2026-05-13 06:03:05 | node_22 | INFO ] 🧠 Aggregation complete. Setting new model.
[ 2026-05-13 06:03:05 | node_5 | INFO ] 🤫 Gossip finished.
[ 2026-05-13 06:03:05 | node_23 | INFO ] ⏹️  Gossiping exited for 50 equal rounds.
[ 2026-05-13 06:03:05 | node_5 | INFO ] 🔬 Evaluating...
[ 2026-05-13 06:03:06 | node_23 | INFO ] 🔬 Evaluating...
[ 2026-05-13 06:03:06 | node_5 | INFO ] 📈 Evaluated. Results: {'test_loss': 0.24388980865478516, 'test_acc': 0.9599999785423279, 'test_precision': 0.9600963592529297, 'test_recall': 0.9629936218261719, 'test_f1': 0.9601985812187195, 'communication_cost': 41397356}
[ 2026-05-13 06:03:06 | node_10 | INFO ] 🤫 Gossip finished.
[ 2026-05-13 06:03:06 | node_23 | INFO ] 📈 Evaluated. Results: {'test_loss': 0.22314363718032837, 'test_acc': 0.9750000238418579, 'test_precision': 0.9756460785865784, 'test_recall': 0.9749301671981812, 'test_f1': 0.9744520783424377, 'communication_cost': 26343772}
[ 2026-05-13 06:03:06 | node_22 | INFO ] 🗣️ Gossiping aggregated model.
[ 2026-05-13 06:03:06 | node_10 | INFO ] 🔬 Evaluating...
[ 2026-05-13 06:03:06 | node_34 | INFO ] 🗣️ Gossiping aggregated model.
[ 2026-05-13 06:03:06 | node_19 | INFO ] 🤫 Gossip finished.
[ 2026-05-13 06:03:06 | node_43 | INFO ] 🗣️ Gossiping aggregated model.
[ 2026-05-13 06:03:06 | node_19 | INFO ] 🔬 Evaluating...
[ 2026-05-13 06:03:06 | node_5 | INFO ] 📢 Broadcasting metrics.
[ 2026-05-13 06:03:06 | node_9 | INFO ] 🗣️ Gossiping aggregated model.
[ 2026-05-13 06:03:07 | node_9 | INFO ] 🤫 Gossip finished.
[ 2026-05-13 06:03:07 | node_39 | INFO ] 🗣️ Gossiping aggregated model.
[ 2026-05-13 06:03:07 | node_9 | INFO ] 🔬 Evaluating...
[ 2026-05-13 06:03:07 | node_36 | INFO ] 🧩 Model added for round 47 (2/8) from ['node_20']
[ 2026-05-13 06:03:07 | node_31 | INFO ] 🎉 Round 47 of 50 finished.
[ 2026-05-13 06:03:07 | node_31 | INFO ] 🗳️ [DETERMINISTIC] Train set assigned (No Voting). Size: 50
[ 2026-05-13 06:03:07 | node_10 | INFO ] 📈 Evaluated. Results: {'test_loss': 0.10722902417182922, 'test_acc': 0.9700000286102295, 'test_precision': 0.9698545336723328, 'test_recall': 0.9688364267349243, 'test_f1': 0.9680662751197815, 'communication_cost': 30107168}
[ 2026-05-13 06:03:07 | node_23 | INFO ] 📢 Broadcasting metrics.
[ 2026-05-13 06:03:07 | node_19 | INFO ] 📈 Evaluated. Results: {'test_loss': 0.25751790404319763, 'test_acc': 0.9599999785423279, 'test_precision': 0.9563586711883545, 'test_recall': 0.9594289660453796, 'test_f1': 0.9562037587165833, 'communication_cost': 11290188}
[ 2026-05-13 06:03:07 | node_31 | INFO ] ♻️ Proactively processing 1 early models for round 47.
[ 2026-05-13 06:03:07 | node_31 | INFO ] 🧩 Model added for round 47 (1/7) from ['node_7']
[ 2026-05-13 06:03:07 | node_18 | INFO ] 🤫 Gossip finished.
[ 2026-05-13 06:03:07 | node_31 | INFO ] 🏋️‍♀️ Preparing training...
[ 2026-05-13 06:03:07 | node_35 | INFO ] 🤫 Gossip finished.
[ 2026-05-13 06:03:07 | node_18 | INFO ] 🔬 Evaluating...
[ 2026-05-13 06:03:07 | node_35 | INFO ] 🔬 Evaluating...
[ 2026-05-13 06:03:07 | node_9 | INFO ] 📈 Evaluated. Results: {'test_loss': 0.05910372734069824, 'test_acc': 0.9900000095367432, 'test_precision': 0.9877778887748718, 'test_recall': 0.9915517568588257, 'test_f1': 0.9893761277198792, 'communication_cost': 41397356}
[ 2026-05-13 06:03:07 | node_10 | INFO ] 📢 Broadcasting metrics.
[ 2026-05-13 06:03:07 | node_19 | INFO ] 📢 Broadcasting metrics.
[ 2026-05-13 06:03:08 | node_35 | INFO ] 📈 Evaluated. Results: {'test_loss': 0.12607154250144958, 'test_acc': 0.9750000238418579, 'test_precision': 0.9800442457199097, 'test_recall': 0.9715551137924194, 'test_f1': 0.974829912185669, 'communication_cost': 15053584}
[ 2026-05-13 06:03:08 | node_31 | INFO ] 🎓 Training step done.
[ 2026-05-13 06:03:08 | node_9 | INFO ] 📢 Broadcasting metrics.
[ 2026-05-13 06:03:08 | node_31 | INFO ] 🛠️ Calling force_add_local_model...
[ 2026-05-13 06:03:08 | node_18 | INFO ] 📈 Evaluated. Results: {'test_loss': 0.29097825288772583, 'test_acc': 0.9700000286102295, 'test_precision': 0.9691641330718994, 'test_recall': 0.9723954796791077, 'test_f1': 0.9699352383613586, 'communication_cost': 15053584}
[ 2026-05-13 06:03:08 | node_35 | INFO ] 📢 Broadcasting metrics.
[ 2026-05-13 06:03:08 | node_31 | INFO ] ✅ [FORCE] Local model added for round 47. (2/7)
[ 2026-05-13 06:03:08 | node_18 | INFO ] 📢 Broadcasting metrics.
[ 2026-05-13 06:03:08 | node_26 | INFO ] 🤫 Gossip finished.
[ 2026-05-13 06:03:08 | node_26 | INFO ] 🔬 Evaluating...
[ 2026-05-13 06:03:08 | node_26 | INFO ] 📈 Evaluated. Results: {'test_loss': 0.12324019521474838, 'test_acc': 0.9750000238418579, 'test_precision': 0.9764877557754517, 'test_recall': 0.979108452796936, 'test_f1': 0.9769744277000427, 'communication_cost': 26343772}
[ 2026-05-13 06:03:09 | node_26 | INFO ] 📢 Broadcasting metrics.
[ 2026-05-13 06:03:09 | node_19 | INFO ] 🎉 Round 47 of 50 finished.
[ 2026-05-13 06:03:09 | node_14 | INFO ] ⏹️  Gossiping exited for 50 equal rounds.
[ 2026-05-13 06:03:09 | node_19 | INFO ] 🗳️ [DETERMINISTIC] Train set assigned (No Voting). Size: 50
[ 2026-05-13 06:03:09 | node_14 | INFO ] 🔬 Evaluating...
[ 2026-05-13 06:03:09 | node_19 | INFO ] 🏋️‍♀️ Preparing training...
[ 2026-05-13 06:03:10 | node_14 | INFO ] 📈 Evaluated. Results: {'test_loss': 0.078805111348629, 'test_acc': 0.9700000286102295, 'test_precision': 0.9734979271888733, 'test_recall': 0.960757315158844, 'test_f1': 0.965766429901123, 'communication_cost': 26343772}
[ 2026-05-13 06:03:10 | node_14 | INFO ] 📢 Broadcasting metrics.
[ 2026-05-13 06:03:10 | node_19 | INFO ] 🎓 Training step done.
[ 2026-05-13 06:03:10 | node_27 | INFO ] ⏹️  Gossiping exited for 50 equal rounds.
[ 2026-05-13 06:03:10 | node_19 | INFO ] 🛠️ Calling force_add_local_model...
[ 2026-05-13 06:03:10 | node_35 | INFO ] 🎉 Round 47 of 50 finished.
[ 2026-05-13 06:03:10 | node_19 | INFO ] ✅ [FORCE] Local model added for round 47. (1/4)
[ 2026-05-13 06:03:10 | node_18 | INFO ] 🎉 Round 47 of 50 finished.
[ 2026-05-13 06:03:10 | node_35 | INFO ] 🗳️ [DETERMINISTIC] Train set assigned (No Voting). Size: 50
[ 2026-05-13 06:03:10 | node_27 | INFO ] 🔬 Evaluating...
[ 2026-05-13 06:03:10 | node_18 | INFO ] 🗳️ [DETERMINISTIC] Train set assigned (No Voting). Size: 50
[ 2026-05-13 06:03:10 | node_35 | INFO ] 🏋️‍♀️ Preparing training...
[ 2026-05-13 06:03:10 | node_18 | INFO ] 🏋️‍♀️ Preparing training...
[ 2026-05-13 06:03:10 | node_27 | INFO ] 📈 Evaluated. Results: {'test_loss': 0.19654807448387146, 'test_acc': 0.9649999737739563, 'test_precision': 0.966370701789856, 'test_recall': 0.969115138053894, 'test_f1': 0.9671189785003662, 'communication_cost': 22580376}
[ 2026-05-13 06:03:11 | node_23 | INFO ] 🎉 Round 47 of 50 finished.
[ 2026-05-13 06:03:11 | node_27 | INFO ] 📢 Broadcasting metrics.
[ 2026-05-13 06:03:11 | node_23 | INFO ] 🗳️ [DETERMINISTIC] Train set assigned (No Voting). Size: 50
[ 2026-05-13 06:03:11 | node_23 | INFO ] 🏋️‍♀️ Preparing training...
[ 2026-05-13 06:03:11 | node_35 | INFO ] 🎓 Training step done.
[ 2026-05-13 06:03:11 | node_18 | INFO ] 🎓 Training step done.
[ 2026-05-13 06:03:11 | node_35 | INFO ] 🛠️ Calling force_add_local_model...
[ 2026-05-13 06:03:11 | node_18 | INFO ] 🛠️ Calling force_add_local_model...
[ 2026-05-13 06:03:11 | node_35 | INFO ] ✅ [FORCE] Local model added for round 47. (1/5)
[ 2026-05-13 06:03:11 | node_18 | INFO ] ✅ [FORCE] Local model added for round 47. (1/5)
[ 2026-05-13 06:03:11 | node_23 | INFO ] 🎓 Training step done.
[ 2026-05-13 06:03:11 | node_10 | INFO ] 🎉 Round 47 of 50 finished.
[ 2026-05-13 06:03:11 | node_23 | INFO ] 🛠️ Calling force_add_local_model...
[ 2026-05-13 06:03:11 | node_10 | INFO ] 🗳️ [DETERMINISTIC] Train set assigned (No Voting). Size: 50
[ 2026-05-13 06:03:11 | node_23 | INFO ] ✅ [FORCE] Local model added for round 47. (1/8)
[ 2026-05-13 06:03:12 | node_5 | INFO ] 🎉 Round 47 of 50 finished.
[ 2026-05-13 06:03:12 | node_10 | INFO ] 🏋️‍♀️ Preparing training...
[ 2026-05-13 06:03:12 | node_5 | INFO ] 🗳️ [DETERMINISTIC] Train set assigned (No Voting). Size: 50
[ 2026-05-13 06:03:12 | node_5 | INFO ] ♻️ Proactively processing 1 early models for round 47.
[ 2026-05-13 06:03:12 | node_5 | INFO ] 🧩 Model added for round 47 (1/12) from ['node_29']
[ 2026-05-13 06:03:12 | node_5 | INFO ] 🏋️‍♀️ Preparing training...
[ 2026-05-13 06:03:12 | node_10 | INFO ] 🎓 Training step done.
[ 2026-05-13 06:03:12 | node_10 | INFO ] 🛠️ Calling force_add_local_model...
[ 2026-05-13 06:03:12 | node_10 | INFO ] ✅ [FORCE] Local model added for round 47. (1/9)
[ 2026-05-13 06:03:12 | node_26 | INFO ] 🎉 Round 47 of 50 finished.
[ 2026-05-13 06:03:13 | node_26 | INFO ] 🗳️ [DETERMINISTIC] Train set assigned (No Voting). Size: 50
[ 2026-05-13 06:03:13 | node_5 | INFO ] 🎓 Training step done.
[ 2026-05-13 06:03:13 | node_5 | INFO ] 🛠️ Calling force_add_local_model...
[ 2026-05-13 06:03:13 | node_5 | INFO ] ✅ [FORCE] Local model added for round 47. (2/12)
[ 2026-05-13 06:03:13 | node_26 | INFO ] ♻️ Proactively processing 2 early models for round 47.
[ 2026-05-13 06:03:13 | node_26 | INFO ] 🧩 Model added for round 47 (1/8) from ['node_48']
[ 2026-05-13 06:03:13 | node_31 | INFO ] 📤 Sending model to 6 direct neighbors: ['node_4', 'node_6', 'node_7', 'node_8', 'node_44', 'node_49']
[ 2026-05-13 06:03:13 | node_26 | INFO ] 🧩 Model added for round 47 (2/8) from ['node_20']
[ 2026-05-13 06:03:13 | node_26 | INFO ] 🏋️‍♀️ Preparing training...
[ 2026-05-13 06:03:13 | node_26 | INFO ] 🎓 Training step done.
[ 2026-05-13 06:03:14 | node_26 | INFO ] 🛠️ Calling force_add_local_model...
[ 2026-05-13 06:03:14 | node_26 | INFO ] ✅ [FORCE] Local model added for round 47. (3/8)
[ 2026-05-13 06:03:14 | node_9 | INFO ] 🎉 Round 47 of 50 finished.
[ 2026-05-13 06:03:14 | node_14 | INFO ] 🎉 Round 47 of 50 finished.
[ 2026-05-13 06:03:14 | node_9 | INFO ] 🗳️ [DETERMINISTIC] Train set assigned (No Voting). Size: 50
[ 2026-05-13 06:03:14 | node_14 | INFO ] 🗳️ [DETERMINISTIC] Train set assigned (No Voting). Size: 50
[ 2026-05-13 06:03:14 | node_45 | INFO ] ⏹️  Gossiping exited for 50 equal rounds.
[ 2026-05-13 06:03:14 | node_27 | INFO ] 🎉 Round 47 of 50 finished.
[ 2026-05-13 06:03:14 | node_7 | INFO ] 🧩 Model added for round 47 (3/7) from ['node_31']
[ 2026-05-13 06:03:14 | node_9 | INFO ] 🏋️‍♀️ Preparing training...
[ 2026-05-13 06:03:14 | node_14 | INFO ] ♻️ Proactively processing 2 early models for round 47.
[ 2026-05-13 06:03:14 | node_27 | INFO ] 🗳️ [DETERMINISTIC] Train set assigned (No Voting). Size: 50
[ 2026-05-13 06:03:14 | node_14 | INFO ] 🧩 Model added for round 47 (1/8) from ['node_48']
[ 2026-05-13 06:03:14 | node_45 | INFO ] 🔬 Evaluating...
[ 2026-05-13 06:03:14 | node_14 | INFO ] 🧩 Model added for round 47 (2/8) from ['node_42']
[ 2026-05-13 06:03:14 | node_14 | INFO ] 🏋️‍♀️ Preparing training...
[ 2026-05-13 06:03:14 | node_27 | INFO ] ♻️ Proactively processing 1 early models for round 47.
[ 2026-05-13 06:03:14 | node_27 | INFO ] 🧩 Model added for round 47 (1/7) from ['node_29']
[ 2026-05-13 06:03:14 | node_45 | INFO ] 📈 Evaluated. Results: {'test_loss': 0.09887875616550446, 'test_acc': 0.9700000286102295, 'test_precision': 0.9732601642608643, 'test_recall': 0.9700248837471008, 'test_f1': 0.9699491262435913, 'communication_cost': 22580376}
[ 2026-05-13 06:03:14 | node_27 | INFO ] 🏋️‍♀️ Preparing training...
[ 2026-05-13 06:03:14 | node_9 | INFO ] 🎓 Training step done.
[ 2026-05-13 06:03:15 | node_45 | INFO ] 📢 Broadcasting metrics.
[ 2026-05-13 06:03:15 | node_9 | INFO ] 🛠️ Calling force_add_local_model...
[ 2026-05-13 06:03:15 | node_9 | INFO ] ✅ [FORCE] Local model added for round 47. (1/12)
[ 2026-05-13 06:03:15 | node_21 | INFO ] ⏹️  Gossiping exited for 50 equal rounds.
[ 2026-05-13 06:03:15 | node_14 | INFO ] 🎓 Training step done.
[ 2026-05-13 06:03:15 | node_12 | INFO ] ⏹️  Gossiping exited for 50 equal rounds.
[ 2026-05-13 06:03:15 | node_14 | INFO ] 🛠️ Calling force_add_local_model...
[ 2026-05-13 06:03:15 | node_14 | INFO ] ✅ [FORCE] Local model added for round 47. (3/8)
[ 2026-05-13 06:03:15 | node_21 | INFO ] 🔬 Evaluating...
[ 2026-05-13 06:03:15 | node_27 | INFO ] 🎓 Training step done.
[ 2026-05-13 06:03:15 | node_15 | INFO ] ⏹️  Gossiping exited for 50 equal rounds.
[ 2026-05-13 06:03:15 | node_12 | INFO ] 🔬 Evaluating...
[ 2026-05-13 06:03:15 | node_27 | INFO ] 🛠️ Calling force_add_local_model...
[ 2026-05-13 06:03:15 | node_27 | INFO ] ✅ [FORCE] Local model added for round 47. (2/7)
[ 2026-05-13 06:03:15 | node_15 | INFO ] 🔬 Evaluating...
[ 2026-05-13 06:03:15 | node_19 | INFO ] 📤 Sending model to 3 direct neighbors: ['node_14', 'node_16', 'node_22']
[ 2026-05-13 06:03:15 | node_21 | INFO ] 📈 Evaluated. Results: {'test_loss': 0.23681475222110748, 'test_acc': 0.9649999737739563, 'test_precision': 0.9656926989555359, 'test_recall': 0.9603164196014404, 'test_f1': 0.961895227432251, 'communication_cost': 30107168}
[ 2026-05-13 06:03:15 | node_12 | INFO ] 📈 Evaluated. Results: {'test_loss': 0.19887475669384003, 'test_acc': 0.9649999737739563, 'test_precision': 0.961825430393219, 'test_recall': 0.9658522009849548, 'test_f1': 0.9623659253120422, 'communication_cost': 22580376}
[ 2026-05-13 06:03:15 | node_21 | INFO ] 📢 Broadcasting metrics.
[ 2026-05-13 06:03:15 | node_12 | INFO ] 📢 Broadcasting metrics.
[ 2026-05-13 06:03:16 | node_15 | INFO ] 📈 Evaluated. Results: {'test_loss': 0.0389312207698822, 'test_acc': 0.9900000095367432, 'test_precision': 0.9900000691413879, 'test_recall': 0.9885094165802002, 'test_f1': 0.9888109564781189, 'communication_cost': 22580376}
[ 2026-05-13 06:03:16 | node_16 | INFO ] ⏹️  Gossiping exited for 50 equal rounds.
[ 2026-05-13 06:03:16 | node_14 | INFO ] 🧩 Model added for round 47 (4/8) from ['node_19']
[ 2026-05-13 06:03:16 | node_15 | INFO ] 📢 Broadcasting metrics.
[ 2026-05-13 06:03:16 | node_16 | INFO ] 🔬 Evaluating...
[ 2026-05-13 06:03:16 | node_35 | INFO ] 📤 Sending model to 4 direct neighbors: ['node_1', 'node_5', 'node_22', 'node_47']
[ 2026-05-13 06:03:16 | node_16 | INFO ] 📈 Evaluated. Results: {'test_loss': 0.17016766965389252, 'test_acc': 0.9800000190734863, 'test_precision': 0.9810388684272766, 'test_recall': 0.9782633781433105, 'test_f1': 0.9791419506072998, 'communication_cost': 33870564}
[ 2026-05-13 06:03:16 | node_18 | INFO ] 📤 Sending model to 4 direct neighbors: ['node', 'node_9', 'node_26', 'node_47']
[ 2026-05-13 06:03:16 | node_16 | INFO ] 📢 Broadcasting metrics.
[ 2026-05-13 06:03:17 | node_23 | INFO ] 📤 Sending model to 7 direct neighbors: ['node_2', 'node_3', 'node_11', 'node_14', 'node_39', 'node_47', 'node_49']
[ 2026-05-13 06:03:17 | node_5 | INFO ] 🧩 Model added for round 47 (3/12) from ['node_35']
[ 2026-05-13 06:03:17 | node_9 | INFO ] 🧩 Model added for round 47 (2/12) from ['node_18']
[ 2026-05-13 06:03:17 | node_38 | INFO ] ⏹️  Gossiping exited for 50 equal rounds.
[ 2026-05-13 06:03:17 | node_10 | INFO ] 📤 Sending model to 8 direct neighbors: ['node_3', 'node_17', 'node_22', 'node_25', 'node_26', 'node_30', 'node_45', 'node_46']
[ 2026-05-13 06:03:18 | node_38 | INFO ] 🔬 Evaluating...
[ 2026-05-13 06:03:18 | node_5 | INFO ] 📤 Sending model to 11 direct neighbors: ['node', 'node_2', 'node_9', 'node_12', 'node_13', 'node_17', 'node_25', 'node_29', 'node_34', 'node_35', 'node_37']
[ 2026-05-13 06:03:18 | node_38 | INFO ] 📈 Evaluated. Results: {'test_loss': 0.4558529555797577, 'test_acc': 0.9750000238418579, 'test_precision': 0.9767503142356873, 'test_recall': 0.9751666784286499, 'test_f1': 0.9753711223602295, 'communication_cost': 26343772}
[ 2026-05-13 06:03:18 | node_14 | INFO ] 🧩 Model added for round 47 (5/8) from ['node_23']
[ 2026-05-13 06:03:18 | node_38 | INFO ] 📢 Broadcasting metrics.
[ 2026-05-13 06:03:18 | node_44 | INFO ] ⏹️  Gossiping exited for 50 equal rounds.
[ 2026-05-13 06:03:18 | node_45 | INFO ] 🎉 Round 47 of 50 finished.
[ 2026-05-13 06:03:18 | node_45 | INFO ] 🗳️ [DETERMINISTIC] Train set assigned (No Voting). Size: 50
[ 2026-05-13 06:03:18 | node_44 | INFO ] 🔬 Evaluating...
[ 2026-05-13 06:03:19 | node_45 | INFO ] ♻️ Proactively processing 2 early models for round 47.
[ 2026-05-13 06:03:19 | node_45 | INFO ] 🧩 Model added for round 47 (1/7) from ['node_7']
[ 2026-05-13 06:03:19 | node_26 | INFO ] 📤 Sending model to 7 direct neighbors: ['node_9', 'node_10', 'node_11', 'node_18', 'node_20', 'node_47', 'node_48']
[ 2026-05-13 06:03:19 | node_45 | INFO ] 🧩 Model added for round 47 (2/7) from ['node_20']
[ 2026-05-13 06:03:19 | node_44 | INFO ] 📈 Evaluated. Results: {'test_loss': 0.22996786236763, 'test_acc': 0.9750000238418579, 'test_precision': 0.9778756499290466, 'test_recall': 0.9691194295883179, 'test_f1': 0.972959041595459, 'communication_cost': 30107168}
[ 2026-05-13 06:03:19 | node_45 | INFO ] 🏋️‍♀️ Preparing training...
[ 2026-05-13 06:03:19 | node_44 | INFO ] 📢 Broadcasting metrics.
[ 2026-05-13 06:03:19 | node_9 | INFO ] 🧩 Model added for round 47 (3/12) from ['node_5']
[ 2026-05-13 06:03:19 | node_3 | INFO ] ⏹️  Gossiping exited for 50 equal rounds.
[ 2026-05-13 06:03:19 | node_26 | INFO ] 🧩 Model added for round 47 (4/8) from ['node_18']
[ 2026-05-13 06:03:19 | node_9 | INFO ] 🧩 Model added for round 47 (4/12) from ['node_26']
[ 2026-05-13 06:03:19 | node_12 | INFO ] 🎉 Round 47 of 50 finished.
[ 2026-05-13 06:03:19 | node_3 | INFO ] 🔬 Evaluating...
[ 2026-05-13 06:03:19 | node_45 | INFO ] 🎓 Training step done.
[ 2026-05-13 06:03:19 | node_26 | INFO ] 🧩 Model added for round 47 (5/8) from ['node_10']
[ 2026-05-13 06:03:19 | node_12 | INFO ] 🗳️ [DETERMINISTIC] Train set assigned (No Voting). Size: 50
[ 2026-05-13 06:03:19 | node_45 | INFO ] 🛠️ Calling force_add_local_model...
[ 2026-05-13 06:03:20 | node_45 | INFO ] ✅ [FORCE] Local model added for round 47. (3/7)
[ 2026-05-13 06:03:20 | node_15 | INFO ] 🎉 Round 47 of 50 finished.
[ 2026-05-13 06:03:20 | node_9 | INFO ] 📤 Sending model to 11 direct neighbors: ['node', 'node_2', 'node_4', 'node_5', 'node_6', 'node_8', 'node_13', 'node_18', 'node_22', 'node_26', 'node_34']
[ 2026-05-13 06:03:20 | node_12 | INFO ] 🏋️‍♀️ Preparing training...
[ 2026-05-13 06:03:20 | node_3 | INFO ] 📈 Evaluated. Results: {'test_loss': 0.13922399282455444, 'test_acc': 0.9750000238418579, 'test_precision': 0.9765657186508179, 'test_recall': 0.9684868454933167, 'test_f1': 0.9716309309005737, 'communication_cost': 26343772}
[ 2026-05-13 06:03:20 | node_15 | INFO ] 🗳️ [DETERMINISTIC] Train set assigned (No Voting). Size: 50
[ 2026-05-13 06:03:20 | node_3 | INFO ] 📢 Broadcasting metrics.
[ 2026-05-13 06:03:20 | node_14 | INFO ] 📤 Sending model to 7 direct neighbors: ['node_8', 'node_19', 'node_23', 'node_37', 'node_42', 'node_46', 'node_48']
[ 2026-05-13 06:03:20 | node_15 | INFO ] ♻️ Proactively processing 2 early models for round 47.
[ 2026-05-13 06:03:20 | node_15 | INFO ] 🧩 Model added for round 47 (1/7) from ['node_24']
[ 2026-05-13 06:03:20 | node_27 | INFO ] 📤 Sending model to 6 direct neighbors: ['node_2', 'node_21', 'node_29', 'node_32', 'node_39', 'node_44']
[ 2026-05-13 06:03:20 | node_15 | INFO ] 🧩 Model added for round 47 (2/7) from ['node_33']
[ 2026-05-13 06:03:20 | node_12 | INFO ] 🎓 Training step done.
[ 2026-05-13 06:03:20 | node_15 | INFO ] 🏋️‍♀️ Preparing training...
[ 2026-05-13 06:03:20 | node_12 | INFO ] 🛠️ Calling force_add_local_model...
[ 2026-05-13 06:03:20 | node_12 | INFO ] ✅ [FORCE] Local model added for round 47. (1/7)
[ 2026-05-13 06:03:21 | node_21 | INFO ] 🎉 Round 47 of 50 finished.
[ 2026-05-13 06:03:21 | node_19 | INFO ] 🧩 Model added for round 47 (2/4) from ['node_14']
[ 2026-05-13 06:03:21 | node_21 | INFO ] 🗳️ [DETERMINISTIC] Train set assigned (No Voting). Size: 50
[ 2026-05-13 06:03:21 | node_15 | INFO ] 🎓 Training step done.
[ 2026-05-13 06:03:21 | node_15 | INFO ] 🛠️ Calling force_add_local_model...
[ 2026-05-13 06:03:21 | node_21 | INFO ] ♻️ Proactively processing 4 early models for round 47.
[ 2026-05-13 06:03:21 | node_15 | INFO ] ✅ [FORCE] Local model added for round 47. (3/7)
[ 2026-05-13 06:03:21 | node_21 | INFO ] 🧩 Model added for round 47 (1/9) from ['node_29']
[ 2026-05-13 06:03:21 | node_21 | INFO ] 🧩 Model added for round 47 (2/9) from ['node_36']
[ 2026-05-13 06:03:21 | node_21 | INFO ] 🧩 Model added for round 47 (3/9) from ['node_48']
[ 2026-05-13 06:03:21 | node_21 | INFO ] 🧩 Model added for round 47 (4/9) from ['node_27']
[ 2026-05-13 06:03:21 | node_29 | INFO ] 🧩 Model added for round 47 (3/9) from ['node_27']
[ 2026-05-13 06:03:21 | node_21 | INFO ] 🏋️‍♀️ Preparing training...
[ 2026-05-13 06:03:21 | node_49 | INFO ] ⏹️  Gossiping exited for 50 equal rounds.
[ 2026-05-13 06:03:21 | node_5 | INFO ] 🧩 Model added for round 47 (4/12) from ['node_9']
[ 2026-05-13 06:03:21 | node_12 | INFO ] 🧩 Model added for round 47 (2/7) from ['node_5']
[ 2026-05-13 06:03:22 | node_45 | INFO ] 🧩 Model added for round 47 (4/7) from ['node_10']
[ 2026-05-13 06:03:22 | node_10 | INFO ] 🧩 Model added for round 47 (2/9) from ['node_26']
[ 2026-05-13 06:03:22 | node_49 | INFO ] 🔬 Evaluating...
[ 2026-05-13 06:03:22 | node_23 | INFO ] 🧩 Model added for round 47 (2/8) from ['node_14']
[ 2026-05-13 06:03:22 | node_21 | INFO ] 🎓 Training step done.
[ 2026-05-13 06:03:22 | node_49 | INFO ] 📈 Evaluated. Results: {'test_loss': 0.27224597334861755, 'test_acc': 0.9700000286102295, 'test_precision': 0.9668802618980408, 'test_recall': 0.9693071246147156, 'test_f1': 0.967540442943573, 'communication_cost': 33870564}
[ 2026-05-13 06:03:22 | node_21 | INFO ] 🛠️ Calling force_add_local_model...
[ 2026-05-13 06:03:22 | node_21 | INFO ] ✅ [FORCE] Local model added for round 47. (5/9)
[ 2026-05-13 06:03:22 | node_49 | INFO ] 📢 Broadcasting metrics.
[ 2026-05-13 06:03:22 | node_46 | INFO ] ⏹️  Gossiping exited for 50 equal rounds.
[ 2026-05-13 06:03:22 | node_16 | INFO ] 🎉 Round 47 of 50 finished.
[ 2026-05-13 06:03:23 | node_16 | INFO ] 🗳️ [DETERMINISTIC] Train set assigned (No Voting). Size: 50
[ 2026-05-13 06:03:23 | node_46 | INFO ] 🔬 Evaluating...
[ 2026-05-13 06:03:23 | node_38 | INFO ] 🎉 Round 47 of 50 finished.
[ 2026-05-13 06:03:23 | node_16 | INFO ] ♻️ Proactively processing 2 early models for round 47.
[ 2026-05-13 06:03:23 | node_46 | INFO ] 📈 Evaluated. Results: {'test_loss': 0.19975975155830383, 'test_acc': 0.9750000238418579, 'test_precision': 0.9738778471946716, 'test_recall': 0.9780994653701782, 'test_f1': 0.9750790596008301, 'communication_cost': 26343772}
[ 2026-05-13 06:03:23 | node_16 | INFO ] 🧩 Model added for round 47 (1/10) from ['node_33']
[ 2026-05-13 06:03:23 | node_46 | INFO ] 📢 Broadcasting metrics.
[ 2026-05-13 06:03:23 | node_38 | INFO ] 🗳️ [DETERMINISTIC] Train set assigned (No Voting). Size: 50
[ 2026-05-13 06:03:23 | node_16 | INFO ] 🧩 Model added for round 47 (2/10) from ['node_19']
[ 2026-05-13 06:03:23 | node_16 | INFO ] 🏋️‍♀️ Preparing training...
[ 2026-05-13 06:03:24 | node_38 | INFO ] ♻️ Proactively processing 2 early models for round 47.
[ 2026-05-13 06:03:24 | node_38 | INFO ] 🧩 Model added for round 47 (1/8) from ['node_36']
[ 2026-05-13 06:03:24 | node_38 | INFO ] 🧩 Model added for round 47 (2/8) from ['node_33']
[ 2026-05-13 06:03:24 | node_38 | INFO ] 🏋️‍♀️ Preparing training...
[ 2026-05-13 06:03:24 | node_16 | INFO ] 🎓 Training step done.
[ 2026-05-13 06:03:24 | node_16 | INFO ] 🛠️ Calling force_add_local_model...
[ 2026-05-13 06:03:24 | node_42 | INFO ] 🧩 Model added for round 47 (2/7) from ['node_14']
[ 2026-05-13 06:03:24 | node_18 | INFO ] 🧩 Model added for round 47 (2/5) from ['node_26']
[ 2026-05-13 06:03:24 | node_16 | INFO ] ✅ [FORCE] Local model added for round 47. (3/10)
[ 2026-05-13 06:03:24 | node_38 | INFO ] 🎓 Training step done.
[ 2026-05-13 06:03:24 | node_38 | INFO ] 🛠️ Calling force_add_local_model...
[ 2026-05-13 06:03:25 | node_44 | INFO ] 🎉 Round 47 of 50 finished.
[ 2026-05-13 06:03:25 | node_38 | INFO ] ✅ [FORCE] Local model added for round 47. (3/8)
[ 2026-05-13 06:03:25 | node_45 | INFO ] 📤 Sending model to 6 direct neighbors: ['node_6', 'node_7', 'node_8', 'node_10', 'node_20', 'node_28']
[ 2026-05-13 06:03:25 | node_44 | INFO ] 🗳️ [DETERMINISTIC] Train set assigned (No Voting). Size: 50
[ 2026-05-13 06:03:25 | node_29 | INFO ] 🧩 Model added for round 47 (4/9) from ['node_5']
[ 2026-05-13 06:03:25 | node_3 | INFO ] 🎉 Round 47 of 50 finished.
[ 2026-05-13 06:03:25 | node_44 | INFO ] ♻️ Proactively processing 4 early models for round 47.
[ 2026-05-13 06:03:25 | node_3 | INFO ] 🗳️ [DETERMINISTIC] Train set assigned (No Voting). Size: 50
[ 2026-05-13 06:03:25 | node_44 | INFO ] 🧩 Model added for round 47 (1/9) from ['node_29']
[ 2026-05-13 06:03:25 | node_44 | INFO ] 🧩 Model added for round 47 (2/9) from ['node_42']
[ 2026-05-13 06:03:25 | node_3 | INFO ] ♻️ Proactively processing 4 early models for round 47.
[ 2026-05-13 06:03:25 | node_44 | INFO ] 🧩 Model added for round 47 (3/9) from ['node_31']
[ 2026-05-13 06:03:25 | node_3 | INFO ] 🧩 Model added for round 47 (1/8) from ['node_36']
[ 2026-05-13 06:03:25 | node_44 | INFO ] 🧩 Model added for round 47 (4/9) from ['node_27']
[ 2026-05-13 06:03:25 | node_3 | INFO ] 🧩 Model added for round 47 (2/8) from ['node_42']
[ 2026-05-13 06:03:25 | node_44 | INFO ] 🏋️‍♀️ Preparing training...
[ 2026-05-13 06:03:25 | node_18 | INFO ] 🧩 Model added for round 47 (3/5) from ['node_9']
[ 2026-05-13 06:03:25 | node_3 | INFO ] 🧩 Model added for round 47 (3/8) from ['node_23']
[ 2026-05-13 06:03:25 | node_20 | INFO ] 🧩 Model added for round 47 (3/6) from ['node_26']
[ 2026-05-13 06:03:25 | node_3 | INFO ] 🧩 Model added for round 47 (4/8) from ['node_10']
[ 2026-05-13 06:03:25 | node_3 | INFO ] 🏋️‍♀️ Preparing training...
[ 2026-05-13 06:03:25 | node_7 | INFO ] 🧩 Model added for round 47 (4/7) from ['node_45']
[ 2026-05-13 06:03:25 | node_12 | INFO ] 📤 Sending model to 6 direct neighbors: ['node_5', 'node_6', 'node_8', 'node_13', 'node_25', 'node_28']
[ 2026-05-13 06:03:26 | node_44 | INFO ] 🎓 Training step done.
[ 2026-05-13 06:03:26 | node_44 | INFO ] 🛠️ Calling force_add_local_model...
[ 2026-05-13 06:03:26 | node_48 | INFO ] 🧩 Model added for round 47 (2/6) from ['node_14']
[ 2026-05-13 06:03:26 | node_5 | INFO ] 🧩 Model added for round 47 (5/12) from ['node_12']
[ 2026-05-13 06:03:26 | node_44 | INFO ] ✅ [FORCE] Local model added for round 47. (5/9)
[ 2026-05-13 06:03:26 | node_3 | INFO ] 🎓 Training step done.
[ 2026-05-13 06:03:26 | node_3 | INFO ] 🛠️ Calling force_add_local_model...
[ 2026-05-13 06:03:26 | node_3 | INFO ] ✅ [FORCE] Local model added for round 47. (5/8)
[ 2026-05-13 06:03:26 | node_15 | INFO ] 📤 Sending model to 6 direct neighbors: ['node_6', 'node_24', 'node_33', 'node_38', 'node_43', 'node_46']
[ 2026-05-13 06:03:27 | node_26 | INFO ] 🧩 Model added for round 47 (6/8) from ['node_9']
[ 2026-05-13 06:03:27 | node_35 | INFO ] 🧩 Model added for round 47 (2/5) from ['node_5']
[ 2026-05-13 06:03:27 | node_48 | INFO ] 🧩 Model added for round 47 (3/6) from ['node_26']
[ 2026-05-13 06:03:27 | node_24 | INFO ] 🧩 Model added for round 47 (2/4) from ['node_15']
[ 2026-05-13 06:03:27 | node_21 | INFO ] 📤 Sending model to 8 direct neighbors: ['node', 'node_13', 'node_25', 'node_27', 'node_29', 'node_34', 'node_36', 'node_48']
[ 2026-05-13 06:03:27 | node_10 | INFO ] 🧩 Model added for round 47 (3/9) from ['node_45']
[ 2026-05-13 06:03:28 | node_33 | INFO ] 🧩 Model added for round 47 (2/7) from ['node_15']
[ 2026-05-13 06:03:28 | node_46 | INFO ] 🎉 Round 47 of 50 finished.
[ 2026-05-13 06:03:28 | node_46 | INFO ] 🗳️ [DETERMINISTIC] Train set assigned (No Voting). Size: 50
[ 2026-05-13 06:03:28 | node_49 | INFO ] 🎉 Round 47 of 50 finished.
[ 2026-05-13 06:03:28 | node_46 | INFO ] ♻️ Proactively processing 3 early models for round 47.
[ 2026-05-13 06:03:28 | node_46 | INFO ] 🧩 Model added for round 47 (1/8) from ['node_29']
[ 2026-05-13 06:03:28 | node_49 | INFO ] 🗳️ [DETERMINISTIC] Train set assigned (No Voting). Size: 50
[ 2026-05-13 06:03:28 | node_46 | INFO ] 🧩 Model added for round 47 (2/8) from ['node_10']
[ 2026-05-13 06:03:28 | node_46 | INFO ] 🧩 Model added for round 47 (3/8) from ['node_14']
[ 2026-05-13 06:03:28 | node_46 | INFO ] 🏋️‍♀️ Preparing training...
[ 2026-05-13 06:03:28 | node_49 | INFO ] ♻️ Proactively processing 2 early models for round 47.
[ 2026-05-13 06:03:28 | node_49 | INFO ] 🧩 Model added for round 47 (1/10) from ['node_31']
[ 2026-05-13 06:03:28 | node_27 | INFO ] 🧩 Model added for round 47 (3/7) from ['node_21']
[ 2026-05-13 06:03:28 | node_49 | INFO ] 🧩 Model added for round 47 (2/10) from ['node_23']
[ 2026-05-13 06:03:29 | node_49 | INFO ] 🏋️‍♀️ Preparing training...
[ 2026-05-13 06:03:29 | node_20 | INFO ] 🧩 Model added for round 47 (4/6) from ['node_45']
[ 2026-05-13 06:03:29 | node_46 | INFO ] 🎓 Training step done.
[ 2026-05-13 06:03:29 | node_46 | INFO ] 🛠️ Calling force_add_local_model...
[ 2026-05-13 06:03:29 | node_38 | INFO ] 🧩 Model added for round 47 (4/8) from ['node_15']
[ 2026-05-13 06:03:29 | node_46 | INFO ] ✅ [FORCE] Local model added for round 47. (4/8)
[ 2026-05-13 06:03:29 | node_49 | INFO ] 🎓 Training step done.
[ 2026-05-13 06:03:29 | node_49 | INFO ] 🛠️ Calling force_add_local_model...
[ 2026-05-13 06:03:29 | node_49 | INFO ] ✅ [FORCE] Local model added for round 47. (3/10)
[ 2026-05-13 06:03:29 | node_16 | INFO ] 📤 Sending model to 9 direct neighbors: ['node', 'node_1', 'node_2', 'node_4', 'node_8', 'node_11', 'node_19', 'node_33', 'node_37']
[ 2026-05-13 06:03:30 | node_47 | INFO ] ⏹️  Gossiping exited for 50 equal rounds.
[ 2026-05-13 06:03:30 | node_29 | INFO ] 🧩 Model added for round 47 (5/9) from ['node_21']
[ 2026-05-13 06:03:30 | node_38 | INFO ] 📤 Sending model to 7 direct neighbors: ['node', 'node_2', 'node_13', 'node_15', 'node_30', 'node_33', 'node_36']
[ 2026-05-13 06:03:30 | node_47 | INFO ] 🔬 Evaluating...
[ 2026-05-13 06:03:30 | node_47 | INFO ] 📈 Evaluated. Results: {'test_loss': 0.1362597495317459, 'test_acc': 0.9649999737739563, 'test_precision': 0.962754487991333, 'test_recall': 0.9590332508087158, 'test_f1': 0.9603148698806763, 'communication_cost': 41397356}
[ 2026-05-13 06:03:30 | node_47 | INFO ] 📢 Broadcasting metrics.
[ 2026-05-13 06:03:31 | node_46 | INFO ] 🧩 Model added for round 47 (5/8) from ['node_15']
[ 2026-05-13 06:03:31 | node_44 | INFO ] 📤 Sending model to 8 direct neighbors: ['node_25', 'node_27', 'node_28', 'node_29', 'node_30', 'node_31', 'node_42', 'node_46']
[ 2026-05-13 06:03:31 | node_3 | INFO ] 📤 Sending model to 7 direct neighbors: ['node', 'node_10', 'node_23', 'node_28', 'node_36', 'node_39', 'node_42']
[ 2026-05-13 06:03:31 | node_15 | INFO ] 🧩 Model added for round 47 (4/7) from ['node_38']
[ 2026-05-13 06:03:32 | node_36 | INFO ] 🧩 Model added for round 47 (3/8) from ['node_21']
[ 2026-05-13 06:03:32 | node_27 | INFO ] 🧩 Model added for round 47 (4/7) from ['node_44']
[ 2026-05-13 06:03:32 | node_19 | INFO ] 🧩 Model added for round 47 (3/4) from ['node_16']
[ 2026-05-13 06:03:32 | node_10 | INFO ] 🧩 Model added for round 47 (4/9) from ['node_3']
[ 2026-05-13 06:03:33 | node_28 | INFO ] ⏹️  Gossiping exited for 50 equal rounds.
[ 2026-05-13 06:03:33 | node_33 | INFO ] 🧩 Model added for round 47 (3/7) from ['node_16']
[ 2026-05-13 06:03:33 | node_17 | INFO ] ⏹️  Gossiping exited for 50 equal rounds.
[ 2026-05-13 06:03:33 | node_33 | INFO ] 🧩 Model added for round 47 (4/7) from ['node_38']
[ 2026-05-13 06:03:33 | node_28 | INFO ] 🔬 Evaluating...
[ 2026-05-13 06:03:33 | node_48 | INFO ] 🧩 Model added for round 47 (4/6) from ['node_21']
[ 2026-05-13 06:03:33 | node_17 | INFO ] 🔬 Evaluating...
[ 2026-05-13 06:03:33 | node_28 | INFO ] 📈 Evaluated. Results: {'test_loss': 0.13617393374443054, 'test_acc': 0.9700000286102295, 'test_precision': 0.969697117805481, 'test_recall': 0.9716591835021973, 'test_f1': 0.9699766039848328, 'communication_cost': 30107168}
[ 2026-05-13 06:03:33 | node_17 | INFO ] 📈 Evaluated. Results: {'test_loss': 0.19028043746948242, 'test_acc': 0.9549999833106995, 'test_precision': 0.9526296257972717, 'test_recall': 0.9526878595352173, 'test_f1': 0.9495152235031128, 'communication_cost': 33870564}
[ 2026-05-13 06:03:33 | node_28 | INFO ] 📢 Broadcasting metrics.
[ 2026-05-13 06:03:33 | node_29 | INFO ] 🧩 Model added for round 47 (6/9) from ['node_44']
[ 2026-05-13 06:03:33 | node_17 | INFO ] 📢 Broadcasting metrics.
[ 2026-05-13 06:03:33 | node_23 | INFO ] 🧩 Model added for round 47 (3/8) from ['node_3']
[ 2026-05-13 06:03:34 | node_36 | INFO ] 🧩 Model added for round 47 (4/8) from ['node_38']
[ 2026-05-13 06:03:34 | node_46 | INFO ] 📤 Sending model to 7 direct neighbors: ['node_10', 'node_14', 'node_15', 'node_29', 'node_43', 'node_44', 'node_49']
[ 2026-05-13 06:03:34 | node_49 | INFO ] 📤 Sending model to 9 direct neighbors: ['node', 'node_1', 'node_2', 'node_23', 'node_31', 'node_32', 'node_39', 'node_46', 'node_47']
[ 2026-05-13 06:03:34 | node_10 | INFO ] 🧩 Model added for round 47 (5/9) from ['node_46']
[ 2026-05-13 06:03:35 | node_31 | INFO ] 🧩 Model added for round 47 (3/7) from ['node_44']
[ 2026-05-13 06:03:35 | node_36 | INFO ] 🧩 Model added for round 47 (5/8) from ['node_3']
[ 2026-05-13 06:03:35 | node_23 | INFO ] 🧩 Model added for round 47 (4/8) from ['node_49']
[ 2026-05-13 06:03:36 | node_14 | INFO ] 🧩 Model added for round 47 (6/8) from ['node_46']
[ 2026-05-13 06:03:36 | node_37 | INFO ] ⏹️  Gossiping exited for 50 equal rounds.
[ 2026-05-13 06:03:36 | node_42 | INFO ] 🧩 Model added for round 47 (3/7) from ['node_44']
[ 2026-05-13 06:03:36 | node_47 | INFO ] 🎉 Round 47 of 50 finished.
[ 2026-05-13 06:03:36 | node_37 | INFO ] 🔬 Evaluating...
[ 2026-05-13 06:03:36 | node_47 | INFO ] 🗳️ [DETERMINISTIC] Train set assigned (No Voting). Size: 50
[ 2026-05-13 06:03:36 | node_37 | INFO ] 📈 Evaluated. Results: {'test_loss': 0.24162614345550537, 'test_acc': 0.9649999737739563, 'test_precision': 0.9634842872619629, 'test_recall': 0.9627526998519897, 'test_f1': 0.9627397656440735, 'communication_cost': 33870564}
[ 2026-05-13 06:03:36 | node_47 | INFO ] ♻️ Proactively processing 5 early models for round 47.
[ 2026-05-13 06:03:36 | node_47 | INFO ] 🧩 Model added for round 47 (1/12) from ['node_41']
[ 2026-05-13 06:03:36 | node_37 | INFO ] 📢 Broadcasting metrics.
[ 2026-05-13 06:03:36 | node_47 | INFO ] 🧩 Model added for round 47 (2/12) from ['node_35']
[ 2026-05-13 06:03:37 | node_47 | INFO ] 🧩 Model added for round 47 (3/12) from ['node_23']
[ 2026-05-13 06:03:37 | node_47 | INFO ] 🧩 Model added for round 47 (4/12) from ['node_18']
[ 2026-05-13 06:03:37 | node_47 | INFO ] 🧩 Model added for round 47 (5/12) from ['node_26']
[ 2026-05-13 06:03:37 | node_47 | INFO ] 🏋️‍♀️ Preparing training...
[ 2026-05-13 06:03:37 | node_42 | INFO ] 🧩 Model added for round 47 (4/7) from ['node_3']
[ 2026-05-13 06:03:37 | node_31 | INFO ] 🧩 Model added for round 47 (4/7) from ['node_49']
[ 2026-05-13 06:03:37 | node_15 | INFO ] 🧩 Model added for round 47 (5/7) from ['node_46']
[ 2026-05-13 06:03:37 | node_47 | INFO ] 🎓 Training step done.
[ 2026-05-13 06:03:37 | node_46 | INFO ] 🧩 Model added for round 47 (6/8) from ['node_44']
[ 2026-05-13 06:03:37 | node_47 | INFO ] 🛠️ Calling force_add_local_model...
[ 2026-05-13 06:03:37 | node_47 | INFO ] ✅ [FORCE] Local model added for round 47. (6/12)
[ 2026-05-13 06:03:37 | node_40 | INFO ] ⏹️  Gossiping exited for 50 equal rounds.
[ 2026-05-13 06:03:37 | node_28 | INFO ] 🎉 Round 47 of 50 finished.
[ 2026-05-13 06:03:38 | node_28 | INFO ] 🗳️ [DETERMINISTIC] Train set assigned (No Voting). Size: 50
[ 2026-05-13 06:03:38 | node_40 | INFO ] 🔬 Evaluating...
[ 2026-05-13 06:03:38 | node_28 | INFO ] ♻️ Proactively processing 6 early models for round 47.
[ 2026-05-13 06:03:38 | node_28 | INFO ] 🧩 Model added for round 47 (1/9) from ['node_36']
[ 2026-05-13 06:03:38 | node_28 | INFO ] 🧩 Model added for round 47 (2/9) from ['node_41']
[ 2026-05-13 06:03:38 | node_28 | INFO ] 🧩 Model added for round 47 (3/9) from ['node_12']
[ 2026-05-13 06:03:38 | node_40 | INFO ] 📈 Evaluated. Results: {'test_loss': 0.27181175351142883, 'test_acc': 0.9599999785423279, 'test_precision': 0.9528775215148926, 'test_recall': 0.9529779553413391, 'test_f1': 0.9516492486000061, 'communication_cost': 26343772}
[ 2026-05-13 06:03:38 | node_28 | INFO ] 🧩 Model added for round 47 (4/9) from ['node_45']
[ 2026-05-13 06:03:38 | node_17 | INFO ] 🎉 Round 47 of 50 finished.
[ 2026-05-13 06:03:38 | node_28 | INFO ] 🧩 Model added for round 47 (5/9) from ['node_44']
[ 2026-05-13 06:03:38 | node_40 | INFO ] 📢 Broadcasting metrics.
[ 2026-05-13 06:03:38 | node_28 | INFO ] 🧩 Model added for round 47 (6/9) from ['node_3']
[ 2026-05-13 06:03:38 | node_17 | INFO ] 🗳️ [DETERMINISTIC] Train set assigned (No Voting). Size: 50
[ 2026-05-13 06:03:38 | node_28 | INFO ] 🏋️‍♀️ Preparing training...
[ 2026-05-13 06:03:38 | node_29 | INFO ] 🧩 Model added for round 47 (7/9) from ['node_46']
[ 2026-05-13 06:03:38 | node_17 | INFO ] ♻️ Proactively processing 4 early models for round 47.
[ 2026-05-13 06:03:38 | node_17 | INFO ] 🧩 Model added for round 47 (1/10) from ['node_42']
[ 2026-05-13 06:03:38 | node_17 | INFO ] 🧩 Model added for round 47 (2/10) from ['node_33']
[ 2026-05-13 06:03:38 | node_17 | INFO ] 🧩 Model added for round 47 (3/10) from ['node_10']
[ 2026-05-13 06:03:38 | node_17 | INFO ] 🧩 Model added for round 47 (4/10) from ['node_5']
[ 2026-05-13 06:03:38 | node_17 | INFO ] 🏋️‍♀️ Preparing training...
[ 2026-05-13 06:03:39 | node_28 | INFO ] 🎓 Training step done.
[ 2026-05-13 06:03:39 | node_28 | INFO ] 🛠️ Calling force_add_local_model...
[ 2026-05-13 06:03:39 | node_46 | INFO ] 🧩 Model added for round 47 (7/8) from ['node_49']
[ 2026-05-13 06:03:39 | node_28 | INFO ] ✅ [FORCE] Local model added for round 47. (7/9)
[ 2026-05-13 06:03:39 | node_32 | INFO ] ⏹️  Gossiping exited for 50 equal rounds.
[ 2026-05-13 06:03:39 | node_32 | INFO ] 🔬 Evaluating...
[ 2026-05-13 06:03:39 | node_17 | INFO ] 🎓 Training step done.
[ 2026-05-13 06:03:39 | node_17 | INFO ] 🛠️ Calling force_add_local_model...
[ 2026-05-13 06:03:39 | node_17 | INFO ] ✅ [FORCE] Local model added for round 47. (5/10)
[ 2026-05-13 06:03:39 | node_32 | INFO ] 📈 Evaluated. Results: {'test_loss': 0.18056905269622803, 'test_acc': 0.9750000238418579, 'test_precision': 0.9713545441627502, 'test_recall': 0.9738638401031494, 'test_f1': 0.9722748398780823, 'communication_cost': 37633960}
[ 2026-05-13 06:03:39 | node_32 | INFO ] 📢 Broadcasting metrics.
[ 2026-05-13 06:03:40 | node_47 | INFO ] 🧩 Model added for round 47 (7/12) from ['node_49']
[ 2026-05-13 06:03:40 | node_44 | INFO ] 🧩 Model added for round 47 (6/9) from ['node_46']
[ 2026-05-13 06:03:41 | node_37 | INFO ] 🎉 Round 47 of 50 finished.
[ 2026-05-13 06:03:41 | node_37 | INFO ] 🗳️ [DETERMINISTIC] Train set assigned (No Voting). Size: 50
[ 2026-05-13 06:03:41 | node_49 | INFO ] 🧩 Model added for round 47 (4/10) from ['node_46']
[ 2026-05-13 06:03:41 | node_37 | INFO ] ♻️ Proactively processing 5 early models for round 47.
[ 2026-05-13 06:03:41 | node_37 | INFO ] 🧩 Model added for round 47 (1/10) from ['node_36']
[ 2026-05-13 06:03:41 | node_40 | INFO ] 🎉 Round 47 of 50 finished.
[ 2026-05-13 06:03:41 | node_37 | INFO ] 🧩 Model added for round 47 (2/10) from ['node_33']
[ 2026-05-13 06:03:41 | node_37 | INFO ] 🧩 Model added for round 47 (3/10) from ['node_14']
[ 2026-05-13 06:03:41 | node_40 | INFO ] 🗳️ [DETERMINISTIC] Train set assigned (No Voting). Size: 50
[ 2026-05-13 06:03:41 | node_37 | INFO ] 🧩 Model added for round 47 (4/10) from ['node_5']
[ 2026-05-13 06:03:41 | node_37 | INFO ] 🧩 Model added for round 47 (5/10) from ['node_16']
[ 2026-05-13 06:03:41 | node_37 | INFO ] 🏋️‍♀️ Preparing training...
[ 2026-05-13 06:03:41 | node_40 | INFO ] ♻️ Proactively processing 3 early models for round 47.
[ 2026-05-13 06:03:41 | node_40 | INFO ] 🧩 Model added for round 47 (1/8) from ['node_29']
[ 2026-05-13 06:03:41 | node_40 | INFO ] 🧩 Model added for round 47 (2/8) from ['node_36']
[ 2026-05-13 06:03:41 | node_40 | INFO ] 🧩 Model added for round 47 (3/8) from ['node_48']
[ 2026-05-13 06:03:42 | node_40 | INFO ] 🏋️‍♀️ Preparing training...
[ 2026-05-13 06:03:42 | node_37 | INFO ] 🎓 Training step done.
[ 2026-05-13 06:03:42 | node_37 | INFO ] 🛠️ Calling force_add_local_model...
[ 2026-05-13 06:03:42 | node_37 | INFO ] ✅ [FORCE] Local model added for round 47. (6/10)
[ 2026-05-13 06:03:42 | node_40 | INFO ] 🎓 Training step done.
[ 2026-05-13 06:03:42 | node_40 | INFO ] 🛠️ Calling force_add_local_model...
[ 2026-05-13 06:03:42 | node_40 | INFO ] ✅ [FORCE] Local model added for round 47. (4/8)
[ 2026-05-13 06:03:42 | node_47 | INFO ] 📤 Sending model to 11 direct neighbors: ['node', 'node_1', 'node_2', 'node_8', 'node_11', 'node_18', 'node_23', 'node_26', 'node_35', 'node_41', 'node_49']
[ 2026-05-13 06:03:43 | node_32 | INFO ] 🎉 Round 47 of 50 finished.
[ 2026-05-13 06:03:44 | node_32 | INFO ] 🗳️ [DETERMINISTIC] Train set assigned (No Voting). Size: 50
[ 2026-05-13 06:03:44 | node_28 | INFO ] 📤 Sending model to 8 direct neighbors: ['node_3', 'node_11', 'node_12', 'node_30', 'node_36', 'node_41', 'node_44', 'node_45']
[ 2026-05-13 06:03:44 | node_32 | INFO ] ♻️ Proactively processing 4 early models for round 47.
[ 2026-05-13 06:03:44 | node_32 | INFO ] 🧩 Model added for round 47 (1/11) from ['node_7']
[ 2026-05-13 06:03:44 | node_32 | INFO ] 🧩 Model added for round 47 (2/11) from ['node_41']
[ 2026-05-13 06:03:44 | node_32 | INFO ] 🧩 Model added for round 47 (3/11) from ['node_27']
[ 2026-05-13 06:03:44 | node_32 | INFO ] 🧩 Model added for round 47 (4/11) from ['node_49']
[ 2026-05-13 06:03:44 | node_32 | INFO ] 🏋️‍♀️ Preparing training...
[ 2026-05-13 06:03:44 | node_3 | INFO ] 🧩 Model added for round 47 (6/8) from ['node_28']
[ 2026-05-13 06:03:44 | node_17 | INFO ] 📤 Sending model to 9 direct neighbors: ['node_4', 'node_5', 'node_10', 'node_11', 'node_30', 'node_32', 'node_33', 'node_40', 'node_42']
[ 2026-05-13 06:03:44 | node_18 | INFO ] 🧩 Model added for round 47 (4/5) from ['node_47']
[ 2026-05-13 06:03:45 | node_32 | INFO ] 🎓 Training step done.
[ 2026-05-13 06:03:45 | node_32 | INFO ] 🛠️ Calling force_add_local_model...
[ 2026-05-13 06:03:45 | node_32 | INFO ] ✅ [FORCE] Local model added for round 47. (5/11)
[ 2026-05-13 06:03:45 | node_5 | INFO ] 🧩 Model added for round 47 (6/12) from ['node_17']
[ 2026-05-13 06:03:45 | node_23 | INFO ] 🧩 Model added for round 47 (5/8) from ['node_47']
[ 2026-05-13 06:03:46 | node_12 | INFO ] 🧩 Model added for round 47 (3/7) from ['node_28']
[ 2026-05-13 06:03:46 | node_26 | INFO ] 🧩 Model added for round 47 (7/8) from ['node_47']
[ 2026-05-13 06:03:47 | node_10 | INFO ] 🧩 Model added for round 47 (6/9) from ['node_17']
[ 2026-05-13 06:03:47 | node_37 | INFO ] 📤 Sending model to 9 direct neighbors: ['node_2', 'node_5', 'node_8', 'node_14', 'node_16', 'node_30', 'node_33', 'node_36', 'node_43']
[ 2026-05-13 06:03:47 | node_40 | INFO ] 📤 Sending model to 7 direct neighbors: ['node_6', 'node_17', 'node_29', 'node_30', 'node_32', 'node_36', 'node_48']
[ 2026-05-13 06:03:47 | node_36 | INFO ] 🧩 Model added for round 47 (6/8) from ['node_28']
[ 2026-05-13 06:03:48 | node_5 | INFO ] 🧩 Model added for round 47 (7/12) from ['node_37']
[ 2026-05-13 06:03:48 | node_35 | INFO ] 🧩 Model added for round 47 (3/5) from ['node_47']
[ 2026-05-13 06:03:48 | node_17 | INFO ] 🧩 Model added for round 47 (6/10) from ['node_40']
[ 2026-05-13 06:03:48 | node_41 | INFO ] 🧩 Model added for round 47 (2/6) from ['node_28']
[ 2026-05-13 06:03:49 | node_41 | INFO ] 🧩 Model added for round 47 (3/6) from ['node_47']
[ 2026-05-13 06:03:49 | node_32 | INFO ] 🧩 Model added for round 47 (6/11) from ['node_17']
[ 2026-05-13 06:03:49 | node_29 | INFO ] 🧩 Model added for round 47 (8/9) from ['node_40']
[ 2026-05-13 06:03:49 | node_44 | INFO ] 🧩 Model added for round 47 (7/9) from ['node_28']
[ 2026-05-13 06:03:50 | node_49 | INFO ] 🧩 Model added for round 47 (5/10) from ['node_47']
[ 2026-05-13 06:03:50 | node_14 | INFO ] 🧩 Model added for round 47 (7/8) from ['node_37']
[ 2026-05-13 06:03:50 | node_32 | INFO ] 📤 Sending model to 10 direct neighbors: ['node', 'node_4', 'node_7', 'node_17', 'node_27', 'node_30', 'node_39', 'node_40', 'node_41', 'node_49']
[ 2026-05-13 06:03:51 | node_33 | INFO ] 🧩 Model added for round 47 (5/7) from ['node_17']
[ 2026-05-13 06:03:51 | node_7 | INFO ] 🧩 Model added for round 47 (5/7) from ['node_32']
[ 2026-05-13 06:03:51 | node_45 | INFO ] 🧩 Model added for round 47 (5/7) from ['node_28']
[ 2026-05-13 06:03:51 | node_32 | INFO ] 🧩 Model added for round 47 (7/11) from ['node_40']
[ 2026-05-13 06:03:51 | node_16 | INFO ] 🧩 Model added for round 47 (4/10) from ['node_37']
[ 2026-05-13 06:03:52 | node_40 | INFO ] 🧩 Model added for round 47 (5/8) from ['node_17']
[ 2026-05-13 06:03:52 | node_17 | INFO ] 🧩 Model added for round 47 (7/10) from ['node_32']
[ 2026-05-13 06:03:53 | node_36 | INFO ] 🧩 Model added for round 47 (7/8) from ['node_40']
[ 2026-05-13 06:03:53 | node_42 | INFO ] 🧩 Model added for round 47 (5/7) from ['node_17']
[ 2026-05-13 06:03:53 | node_33 | INFO ] 🧩 Model added for round 47 (6/7) from ['node_37']
[ 2026-05-13 06:03:53 | node_27 | INFO ] 🧩 Model added for round 47 (5/7) from ['node_32']
[ 2026-05-13 06:03:54 | node_48 | INFO ] 🧩 Model added for round 47 (5/6) from ['node_40']
[ 2026-05-13 06:03:54 | node_36 | INFO ] 🧩 Model added for round 47 (8/8) from ['node_37']
[ 2026-05-13 06:03:55 | node_40 | INFO ] 🧩 Model added for round 47 (6/8) from ['node_32']
[ 2026-05-13 06:03:56 | node_41 | INFO ] 🧩 Model added for round 47 (4/6) from ['node_32']
[ 2026-05-13 06:03:57 | node_36 | INFO ] 🧠 Aggregation complete. Setting new model.
[ 2026-05-13 06:03:57 | node_49 | INFO ] 🧩 Model added for round 47 (6/10) from ['node_32']
[ 2026-05-13 06:03:57 | node_36 | INFO ] 🗣️ Gossiping aggregated model.
[ 2026-05-13 06:04:19 | node_6 | INFO ] ⏹️  Gossiping exited for 50 equal rounds.
[ 2026-05-13 06:04:19 | node_6 | INFO ] 🔬 Evaluating...
[ 2026-05-13 06:04:20 | node_6 | INFO ] 📈 Evaluated. Results: {'test_loss': 0.12016496807336807, 'test_acc': 0.9750000238418579, 'test_precision': 0.9777852892875671, 'test_recall': 0.9775132536888123, 'test_f1': 0.9769728183746338, 'communication_cost': 30107168}
[ 2026-05-13 06:04:20 | node_6 | INFO ] 📢 Broadcasting metrics.
[ 2026-05-13 06:04:23 | node_6 | INFO ] 🎉 Round 47 of 50 finished.
[ 2026-05-13 06:04:23 | node_6 | INFO ] 🗳️ [DETERMINISTIC] Train set assigned (No Voting). Size: 50
[ 2026-05-13 06:04:23 | node_6 | INFO ] ♻️ Proactively processing 6 early models for round 47.
[ 2026-05-13 06:04:23 | node_6 | INFO ] 🧩 Model added for round 47 (1/9) from ['node_31']
[ 2026-05-13 06:04:23 | node_6 | INFO ] 🧩 Model added for round 47 (2/9) from ['node_9']
[ 2026-05-13 06:04:23 | node_6 | INFO ] 🧩 Model added for round 47 (3/9) from ['node_45']
[ 2026-05-13 06:04:23 | node_6 | INFO ] 🧩 Model added for round 47 (4/9) from ['node_15']
[ 2026-05-13 06:04:24 | node_6 | INFO ] 🧩 Model added for round 47 (5/9) from ['node_12']
[ 2026-05-13 06:04:24 | node_6 | INFO ] 🧩 Model added for round 47 (6/9) from ['node_40']
[ 2026-05-13 06:04:24 | node_6 | INFO ] 🏋️‍♀️ Preparing training...
[ 2026-05-13 06:04:24 | node_6 | INFO ] 🎓 Training step done.
[ 2026-05-13 06:04:24 | node_6 | INFO ] 🛠️ Calling force_add_local_model...
[ 2026-05-13 06:04:24 | node_6 | INFO ] ✅ [FORCE] Local model added for round 47. (7/9)
[ 2026-05-13 06:04:29 | node_6 | INFO ] 📤 Sending model to 8 direct neighbors: ['node', 'node_9', 'node_12', 'node_15', 'node_25', 'node_31', 'node_40', 'node_45']
[ 2026-05-13 06:04:30 | node_9 | INFO ] 🧩 Model added for round 47 (5/12) from ['node_6']
[ 2026-05-13 06:04:31 | node_12 | INFO ] 🧩 Model added for round 47 (4/7) from ['node_6']
[ 2026-05-13 06:04:32 | node_15 | INFO ] 🧩 Model added for round 47 (6/7) from ['node_6']
[ 2026-05-13 06:04:33 | node_31 | INFO ] 🧩 Model added for round 47 (5/7) from ['node_6']
[ 2026-05-13 06:04:34 | node_40 | INFO ] 🧩 Model added for round 47 (7/8) from ['node_6']
[ 2026-05-13 06:04:35 | node_45 | INFO ] 🧩 Model added for round 47 (6/7) from ['node_6']
[ 2026-05-13 06:04:39 | node_13 | INFO ] ⏹️  Gossiping exited for 50 equal rounds.
[ 2026-05-13 06:04:39 | node_13 | INFO ] 🔬 Evaluating...
[ 2026-05-13 06:04:39 | node_13 | INFO ] 📈 Evaluated. Results: {'test_loss': 0.38224804401397705, 'test_acc': 0.9599999785423279, 'test_precision': 0.9587334990501404, 'test_recall': 0.9570660591125488, 'test_f1': 0.9570670127868652, 'communication_cost': 22580376}
[ 2026-05-13 06:04:39 | node_22 | INFO ] ⏹️  Gossiping exited for 50 equal rounds.
[ 2026-05-13 06:04:39 | node | INFO ] ⏹️  Gossiping exited for 50 equal rounds.
[ 2026-05-13 06:04:39 | node_13 | INFO ] 📢 Broadcasting metrics.
[ 2026-05-13 06:04:39 | node_22 | INFO ] 🔬 Evaluating...
[ 2026-05-13 06:04:39 | node | INFO ] 🔬 Evaluating...
[ 2026-05-13 06:04:40 | node_22 | INFO ] 📈 Evaluated. Results: {'test_loss': 0.25480812788009644, 'test_acc': 0.9449999928474426, 'test_precision': 0.9404128193855286, 'test_recall': 0.9424664974212646, 'test_f1': 0.9409437775611877, 'communication_cost': 41397356}
[ 2026-05-13 06:04:40 | node_22 | INFO ] 📢 Broadcasting metrics.
[ 2026-05-13 06:04:40 | node | INFO ] 📈 Evaluated. Results: {'test_loss': 0.08915437757968903, 'test_acc': 0.9750000238418579, 'test_precision': 0.9735397100448608, 'test_recall': 0.9748241901397705, 'test_f1': 0.9734872579574585, 'communication_cost': 52687544}
[ 2026-05-13 06:04:40 | node | INFO ] 📢 Broadcasting metrics.
[ 2026-05-13 06:04:41 | node_13 | INFO ] 🎉 Round 47 of 50 finished.
[ 2026-05-13 06:04:42 | node_13 | INFO ] 🗳️ [DETERMINISTIC] Train set assigned (No Voting). Size: 50
[ 2026-05-13 06:04:42 | node_13 | INFO ] ♻️ Proactively processing 5 early models for round 47.
[ 2026-05-13 06:04:42 | node_13 | INFO ] 🧩 Model added for round 47 (1/7) from ['node_5']
[ 2026-05-13 06:04:42 | node_13 | INFO ] 🧩 Model added for round 47 (2/7) from ['node_9']
[ 2026-05-13 06:04:42 | node_13 | INFO ] 🧩 Model added for round 47 (3/7) from ['node_21']
[ 2026-05-13 06:04:42 | node_13 | INFO ] 🧩 Model added for round 47 (4/7) from ['node_12']
[ 2026-05-13 06:04:42 | node_13 | INFO ] 🧩 Model added for round 47 (5/7) from ['node_38']
[ 2026-05-13 06:04:42 | node_13 | INFO ] 🏋️‍♀️ Preparing training...
[ 2026-05-13 06:04:42 | node_13 | INFO ] 🎓 Training step done.
[ 2026-05-13 06:04:42 | node_13 | INFO ] 🛠️ Calling force_add_local_model...
[ 2026-05-13 06:04:42 | node_13 | INFO ] ✅ [FORCE] Local model added for round 47. (6/7)
[ 2026-05-13 06:04:43 | node_22 | INFO ] 🎉 Round 47 of 50 finished.
[ 2026-05-13 06:04:44 | node_22 | INFO ] 🗳️ [DETERMINISTIC] Train set assigned (No Voting). Size: 50
[ 2026-05-13 06:04:44 | node_22 | INFO ] ♻️ Proactively processing 4 early models for round 47.
[ 2026-05-13 06:04:44 | node_22 | INFO ] 🧩 Model added for round 47 (1/12) from ['node_19']
[ 2026-05-13 06:04:44 | node_22 | INFO ] 🧩 Model added for round 47 (2/12) from ['node_10']
[ 2026-05-13 06:04:44 | node_22 | INFO ] 🧩 Model added for round 47 (3/12) from ['node_35']
[ 2026-05-13 06:04:44 | node_22 | INFO ] 🧩 Model added for round 47 (4/12) from ['node_9']
[ 2026-05-13 06:04:44 | node_22 | INFO ] 🏋️‍♀️ Preparing training...
[ 2026-05-13 06:04:44 | node | INFO ] 🎉 Round 47 of 50 finished.
[ 2026-05-13 06:04:44 | node | INFO ] 🗳️ [DETERMINISTIC] Train set assigned (No Voting). Size: 50
[ 2026-05-13 06:04:44 | node_22 | INFO ] 🎓 Training step done.
[ 2026-05-13 06:04:44 | node | INFO ] ♻️ Proactively processing 12 early models for round 47.
[ 2026-05-13 06:04:44 | node | INFO ] 🧩 Model added for round 47 (1/15) from ['node_29']
[ 2026-05-13 06:04:44 | node_22 | INFO ] 🛠️ Calling force_add_local_model...
[ 2026-05-13 06:04:44 | node | INFO ] 🧩 Model added for round 47 (2/15) from ['node_18']
[ 2026-05-13 06:04:44 | node_22 | INFO ] ✅ [FORCE] Local model added for round 47. (5/12)
[ 2026-05-13 06:04:44 | node | INFO ] 🧩 Model added for round 47 (3/15) from ['node_5']
[ 2026-05-13 06:04:45 | node | INFO ] 🧩 Model added for round 47 (4/15) from ['node_9']
[ 2026-05-13 06:04:45 | node | INFO ] 🧩 Model added for round 47 (5/15) from ['node_21']
[ 2026-05-13 06:04:45 | node | INFO ] 🧩 Model added for round 47 (6/15) from ['node_16']
[ 2026-05-13 06:04:45 | node | INFO ] 🧩 Model added for round 47 (7/15) from ['node_38']
[ 2026-05-13 06:04:45 | node | INFO ] 🧩 Model added for round 47 (8/15) from ['node_3']
[ 2026-05-13 06:04:45 | node | INFO ] 🧩 Model added for round 47 (9/15) from ['node_49']
[ 2026-05-13 06:04:45 | node | INFO ] 🧩 Model added for round 47 (10/15) from ['node_47']
[ 2026-05-13 06:04:45 | node | INFO ] 🧩 Model added for round 47 (11/15) from ['node_32']
[ 2026-05-13 06:04:45 | node | INFO ] 🧩 Model added for round 47 (12/15) from ['node_6']
[ 2026-05-13 06:04:45 | node | INFO ] 🏋️‍♀️ Preparing training...
[ 2026-05-13 06:04:45 | node | INFO ] 🎓 Training step done.
[ 2026-05-13 06:04:46 | node | INFO ] 🛠️ Calling force_add_local_model...
[ 2026-05-13 06:04:46 | node | INFO ] ✅ [FORCE] Local model added for round 47. (13/15)
[ 2026-05-13 06:04:48 | node_13 | INFO ] 📤 Sending model to 6 direct neighbors: ['node_1', 'node_5', 'node_9', 'node_12', 'node_21', 'node_38']
[ 2026-05-13 06:04:48 | node_5 | INFO ] 🧩 Model added for round 47 (8/12) from ['node_13']
[ 2026-05-13 06:04:49 | node_22 | INFO ] 📤 Sending model to 11 direct neighbors: ['node_1', 'node_8', 'node_9', 'node_10', 'node_11', 'node_19', 'node_25', 'node_30', 'node_35', 'node_39', 'node_43']
[ 2026-05-13 06:04:49 | node_9 | INFO ] 🧩 Model added for round 47 (6/12) from ['node_13']
[ 2026-05-13 06:04:50 | node_9 | INFO ] 🧩 Model added for round 47 (7/12) from ['node_22']
[ 2026-05-13 06:04:51 | node | INFO ] 📤 Sending model to 14 direct neighbors: ['node_3', 'node_5', 'node_6', 'node_9', 'node_16', 'node_18', 'node_21', 'node_29', 'node_30', 'node_32', 'node_38', 'node_39', 'node_47', 'node_49']
[ 2026-05-13 06:04:51 | node_3 | INFO ] 🧩 Model added for round 47 (7/8) from ['node']
[ 2026-05-13 06:04:51 | node_12 | INFO ] 🧩 Model added for round 47 (5/7) from ['node_13']
[ 2026-05-13 06:04:52 | node_10 | INFO ] 🧩 Model added for round 47 (7/9) from ['node_22']
[ 2026-05-13 06:04:52 | node_21 | INFO ] 🧩 Model added for round 47 (6/9) from ['node_13']
[ 2026-05-13 06:04:52 | node_5 | INFO ] 🧩 Model added for round 47 (9/12) from ['node']
[ 2026-05-13 06:04:53 | node_38 | INFO ] 🧩 Model added for round 47 (5/8) from ['node_13']
[ 2026-05-13 06:04:53 | node_19 | INFO ] 🧩 Model added for round 47 (4/4) from ['node_22']
[ 2026-05-13 06:04:53 | node_4 | INFO ] ⏹️  Gossiping exited for 50 equal rounds.
[ 2026-05-13 06:04:54 | node_4 | INFO ] 🔬 Evaluating...
[ 2026-05-13 06:04:54 | node_6 | INFO ] 🧩 Model added for round 47 (8/9) from ['node']
[ 2026-05-13 06:04:54 | node_19 | INFO ] 🧠 Aggregation complete. Setting new model.
[ 2026-05-13 06:04:54 | node_4 | INFO ] 📈 Evaluated. Results: {'test_loss': 0.2705397307872772, 'test_acc': 0.9649999737739563, 'test_precision': 0.96730637550354, 'test_recall': 0.9615342617034912, 'test_f1': 0.9637758135795593, 'communication_cost': 33870564}
[ 2026-05-13 06:04:54 | node_4 | INFO ] 📢 Broadcasting metrics.
[ 2026-05-13 06:04:54 | node_19 | INFO ] 🗣️ Gossiping aggregated model.
[ 2026-05-13 06:04:55 | node_35 | INFO ] 🧩 Model added for round 47 (4/5) from ['node_22']
[ 2026-05-13 06:04:55 | node_9 | INFO ] 🧩 Model added for round 47 (8/12) from ['node']
[ 2026-05-13 06:04:56 | node_16 | INFO ] 🧩 Model added for round 47 (5/10) from ['node']
[ 2026-05-13 06:04:58 | node_4 | INFO ] 🎉 Round 47 of 50 finished.
[ 2026-05-13 06:04:58 | node_4 | INFO ] 🗳️ [DETERMINISTIC] Train set assigned (No Voting). Size: 50
[ 2026-05-13 06:04:58 | node_18 | INFO ] 🧩 Model added for round 47 (5/5) from ['node']
[ 2026-05-13 06:04:58 | node_4 | INFO ] ♻️ Proactively processing 6 early models for round 47.
[ 2026-05-13 06:04:58 | node_4 | INFO ] 🧩 Model added for round 47 (1/10) from ['node_20']
[ 2026-05-13 06:04:58 | node_4 | INFO ] 🧩 Model added for round 47 (2/10) from ['node_31']
[ 2026-05-13 06:04:58 | node_4 | INFO ] 🧩 Model added for round 47 (3/10) from ['node_9']
[ 2026-05-13 06:04:58 | node_4 | INFO ] 🧩 Model added for round 47 (4/10) from ['node_16']
[ 2026-05-13 06:04:58 | node_18 | INFO ] 🧠 Aggregation complete. Setting new model.
[ 2026-05-13 06:04:58 | node_4 | INFO ] 🧩 Model added for round 47 (5/10) from ['node_17']
[ 2026-05-13 06:04:58 | node_4 | INFO ] 🧩 Model added for round 47 (6/10) from ['node_32']
[ 2026-05-13 06:04:58 | node_4 | INFO ] 🏋️‍♀️ Preparing training...
[ 2026-05-13 06:04:58 | node_18 | INFO ] 🗣️ Gossiping aggregated model.
[ 2026-05-13 06:04:59 | node_21 | INFO ] 🧩 Model added for round 47 (7/9) from ['node']
[ 2026-05-13 06:04:59 | node_1 | INFO ] ⏹️  Gossiping exited for 50 equal rounds.
[ 2026-05-13 06:04:59 | node_4 | INFO ] 🎓 Training step done.
[ 2026-05-13 06:04:59 | node_1 | INFO ] 🔬 Evaluating...
[ 2026-05-13 06:04:59 | node_4 | INFO ] 🛠️ Calling force_add_local_model...
[ 2026-05-13 06:04:59 | node_4 | INFO ] ✅ [FORCE] Local model added for round 47. (7/10)
[ 2026-05-13 06:04:59 | node_1 | INFO ] 📈 Evaluated. Results: {'test_loss': 0.14590656757354736, 'test_acc': 0.9750000238418579, 'test_precision': 0.9787065982818604, 'test_recall': 0.9702455997467041, 'test_f1': 0.9736517071723938, 'communication_cost': 30107168}
[ 2026-05-13 06:04:59 | node_1 | INFO ] 📢 Broadcasting metrics.
[ 2026-05-13 06:05:00 | node_29 | INFO ] 🧩 Model added for round 47 (9/9) from ['node']
[ 2026-05-13 06:05:01 | node_29 | INFO ] 🧠 Aggregation complete. Setting new model.
[ 2026-05-13 06:05:01 | node_29 | INFO ] 🗣️ Gossiping aggregated model.
[ 2026-05-13 06:05:02 | node_1 | INFO ] 🎉 Round 47 of 50 finished.
[ 2026-05-13 06:05:02 | node_1 | INFO ] 🗳️ [DETERMINISTIC] Train set assigned (No Voting). Size: 50
[ 2026-05-13 06:05:02 | node_1 | INFO ] ♻️ Proactively processing 7 early models for round 47.
[ 2026-05-13 06:05:02 | node_32 | INFO ] 🧩 Model added for round 47 (8/11) from ['node']
[ 2026-05-13 06:05:02 | node_1 | INFO ] 🧩 Model added for round 47 (1/9) from ['node_41']
[ 2026-05-13 06:05:02 | node_1 | INFO ] 🧩 Model added for round 47 (2/9) from ['node_35']
[ 2026-05-13 06:05:02 | node_1 | INFO ] 🧩 Model added for round 47 (3/9) from ['node_16']
[ 2026-05-13 06:05:02 | node_1 | INFO ] 🧩 Model added for round 47 (4/9) from ['node_49']
[ 2026-05-13 06:05:02 | node_1 | INFO ] 🧩 Model added for round 47 (5/9) from ['node_47']
[ 2026-05-13 06:05:02 | node_1 | INFO ] 🧩 Model added for round 47 (6/9) from ['node_13']
[ 2026-05-13 06:05:02 | node_1 | INFO ] 🧩 Model added for round 47 (7/9) from ['node_22']
[ 2026-05-13 06:05:02 | node_1 | INFO ] 🏋️‍♀️ Preparing training...
[ 2026-05-13 06:05:03 | node_1 | INFO ] 🎓 Training step done.
[ 2026-05-13 06:05:03 | node_1 | INFO ] 🛠️ Calling force_add_local_model...
[ 2026-05-13 06:05:03 | node_1 | INFO ] ✅ [FORCE] Local model added for round 47. (8/9)
[ 2026-05-13 06:05:03 | node_38 | INFO ] 🧩 Model added for round 47 (6/8) from ['node']
[ 2026-05-13 06:05:04 | node_4 | INFO ] 📤 Sending model to 9 direct neighbors: ['node_9', 'node_16', 'node_17', 'node_20', 'node_25', 'node_31', 'node_32', 'node_39', 'node_43']
[ 2026-05-13 06:05:04 | node_9 | INFO ] 🧩 Model added for round 47 (9/12) from ['node_4']
[ 2026-05-13 06:05:04 | node_47 | INFO ] 🧩 Model added for round 47 (8/12) from ['node']
[ 2026-05-13 06:05:05 | node_34 | INFO ] ⏹️  Gossiping exited for 50 equal rounds.
[ 2026-05-13 06:05:05 | node_34 | INFO ] 🔬 Evaluating...
[ 2026-05-13 06:05:06 | node_34 | INFO ] 📈 Evaluated. Results: {'test_loss': 0.21131734549999237, 'test_acc': 0.9549999833106995, 'test_precision': 0.9600233435630798, 'test_recall': 0.9504444599151611, 'test_f1': 0.9527913928031921, 'communication_cost': 37633960}
[ 2026-05-13 06:05:06 | node_34 | INFO ] 📢 Broadcasting metrics.
[ 2026-05-13 06:05:06 | node_16 | INFO ] 🧩 Model added for round 47 (6/10) from ['node_4']
[ 2026-05-13 06:05:06 | node_49 | INFO ] 🧩 Model added for round 47 (7/10) from ['node']
[ 2026-05-13 06:05:07 | node_17 | INFO ] 🧩 Model added for round 47 (8/10) from ['node_4']
[ 2026-05-13 06:05:08 | node_1 | INFO ] 📤 Sending model to 8 direct neighbors: ['node_13', 'node_16', 'node_22', 'node_35', 'node_39', 'node_41', 'node_47', 'node_49']
[ 2026-05-13 06:05:08 | node_20 | INFO ] 🧩 Model added for round 47 (5/6) from ['node_4']
[ 2026-05-13 06:05:08 | node_13 | INFO ] 🧩 Model added for round 47 (7/7) from ['node_1']
[ 2026-05-13 06:05:09 | node_13 | INFO ] 🧠 Aggregation complete. Setting new model.
[ 2026-05-13 06:05:10 | node_16 | INFO ] 🧩 Model added for round 47 (7/10) from ['node_1']
[ 2026-05-13 06:05:10 | node_13 | INFO ] 🗣️ Gossiping aggregated model.
[ 2026-05-13 06:05:10 | node_31 | INFO ] 🧩 Model added for round 47 (6/7) from ['node_4']
[ 2026-05-13 06:05:10 | node_34 | INFO ] 🎉 Round 47 of 50 finished.
[ 2026-05-13 06:05:10 | node_34 | INFO ] 🗳️ [DETERMINISTIC] Train set assigned (No Voting). Size: 50
[ 2026-05-13 06:05:10 | node_34 | INFO ] ♻️ Proactively processing 6 early models for round 47.
[ 2026-05-13 06:05:10 | node_34 | INFO ] 🧩 Model added for round 47 (1/11) from ['node_24']
[ 2026-05-13 06:05:10 | node_34 | INFO ] 🧩 Model added for round 47 (2/11) from ['node_48']
[ 2026-05-13 06:05:11 | node_34 | INFO ] 🧩 Model added for round 47 (3/11) from ['node_42']
[ 2026-05-13 06:05:11 | node_34 | INFO ] 🧩 Model added for round 47 (4/11) from ['node_5']
[ 2026-05-13 06:05:11 | node_34 | INFO ] 🧩 Model added for round 47 (5/11) from ['node_9']
[ 2026-05-13 06:05:11 | node_34 | INFO ] 🧩 Model added for round 47 (6/11) from ['node_21']
[ 2026-05-13 06:05:11 | node_34 | INFO ] 🏋️‍♀️ Preparing training...
[ 2026-05-13 06:05:11 | node_32 | INFO ] 🧩 Model added for round 47 (9/11) from ['node_4']
[ 2026-05-13 06:05:11 | node_22 | INFO ] 🧩 Model added for round 47 (6/12) from ['node_1']
[ 2026-05-13 06:05:11 | node_34 | INFO ] 🎓 Training step done.
[ 2026-05-13 06:05:11 | node_34 | INFO ] 🛠️ Calling force_add_local_model...
[ 2026-05-13 06:05:11 | node_34 | INFO ] ✅ [FORCE] Local model added for round 47. (7/11)
[ 2026-05-13 06:05:12 | node_35 | INFO ] 🧩 Model added for round 47 (5/5) from ['node_1']
[ 2026-05-13 06:05:13 | node_2 | INFO ] ⏹️  Gossiping exited for 50 equal rounds.
[ 2026-05-13 06:05:13 | node_2 | INFO ] 🔬 Evaluating...
[ 2026-05-13 06:05:13 | node_35 | INFO ] 🧠 Aggregation complete. Setting new model.
[ 2026-05-13 06:05:13 | node_35 | INFO ] 🗣️ Gossiping aggregated model.
[ 2026-05-13 06:05:13 | node_2 | INFO ] 📈 Evaluated. Results: {'test_loss': 0.12564057111740112, 'test_acc': 0.9800000190734863, 'test_precision': 0.9829485416412354, 'test_recall': 0.9820662140846252, 'test_f1': 0.9821758270263672, 'communication_cost': 45160752}
[ 2026-05-13 06:05:14 | node_25 | INFO ] ⏹️  Gossiping exited for 50 equal rounds.
[ 2026-05-13 06:05:14 | node_2 | INFO ] 📢 Broadcasting metrics.
[ 2026-05-13 06:05:14 | node_25 | INFO ] 🔬 Evaluating...
[ 2026-05-13 06:05:14 | node_25 | INFO ] 📈 Evaluated. Results: {'test_loss': 0.11330549418926239, 'test_acc': 0.9750000238418579, 'test_precision': 0.9760556221008301, 'test_recall': 0.9729763269424438, 'test_f1': 0.9739525318145752, 'communication_cost': 45160752}
[ 2026-05-13 06:05:14 | node_41 | INFO ] 🧩 Model added for round 47 (5/6) from ['node_1']
[ 2026-05-13 06:05:14 | node_25 | INFO ] 📢 Broadcasting metrics.
[ 2026-05-13 06:05:15 | node_30 | INFO ] ⏹️  Gossiping exited for 50 equal rounds.
[ 2026-05-13 06:05:15 | node_30 | INFO ] 🔬 Evaluating...
[ 2026-05-13 06:05:15 | node_11 | INFO ] ⏹️  Gossiping exited for 50 equal rounds.
[ 2026-05-13 06:05:15 | node_11 | INFO ] 🔬 Evaluating...
[ 2026-05-13 06:05:15 | node_47 | INFO ] 🧩 Model added for round 47 (9/12) from ['node_1']
[ 2026-05-13 06:05:15 | node_8 | INFO ] ⏹️  Gossiping exited for 50 equal rounds.
[ 2026-05-13 06:05:15 | node_8 | INFO ] 🔬 Evaluating...
[ 2026-05-13 06:05:15 | node_30 | INFO ] 📈 Evaluated. Results: {'test_loss': 0.23870332539081573, 'test_acc': 0.9649999737739563, 'test_precision': 0.9628175497055054, 'test_recall': 0.9661666750907898, 'test_f1': 0.9627324938774109, 'communication_cost': 52687544}
[ 2026-05-13 06:05:15 | node_11 | INFO ] 📈 Evaluated. Results: {'test_loss': 0.15637996792793274, 'test_acc': 0.9750000238418579, 'test_precision': 0.9742547869682312, 'test_recall': 0.9780066013336182, 'test_f1': 0.9754853844642639, 'communication_cost': 33870564}
[ 2026-05-13 06:05:16 | node_8 | INFO ] 📈 Evaluated. Results: {'test_loss': 0.24515429139137268, 'test_acc': 0.9800000190734863, 'test_precision': 0.9798583984375, 'test_recall': 0.9800966382026672, 'test_f1': 0.9795823097229004, 'communication_cost': 41397356}
[ 2026-05-13 06:05:16 | node_30 | INFO ] 📢 Broadcasting metrics.
[ 2026-05-13 06:05:16 | node_11 | INFO ] 📢 Broadcasting metrics.
[ 2026-05-13 06:05:16 | node_34 | INFO ] 📤 Sending model to 10 direct neighbors: ['node_5', 'node_8', 'node_9', 'node_21', 'node_24', 'node_25', 'node_30', 'node_42', 'node_43', 'node_48']
[ 2026-05-13 06:05:16 | node_8 | INFO ] 📢 Broadcasting metrics.
[ 2026-05-13 06:05:17 | node_5 | INFO ] 🧩 Model added for round 47 (10/12) from ['node_34']
[ 2026-05-13 06:05:17 | node_49 | INFO ] 🧩 Model added for round 47 (8/10) from ['node_1']
[ 2026-05-13 06:05:18 | node_25 | INFO ] 🎉 Round 47 of 50 finished.
[ 2026-05-13 06:05:18 | node_2 | INFO ] 🎉 Round 47 of 50 finished.
[ 2026-05-13 06:05:18 | node_2 | INFO ] 🗳️ [DETERMINISTIC] Train set assigned (No Voting). Size: 50
[ 2026-05-13 06:05:18 | node_25 | INFO ] 🗳️ [DETERMINISTIC] Train set assigned (No Voting). Size: 50
[ 2026-05-13 06:05:18 | node_2 | INFO ] ♻️ Proactively processing 10 early models for round 47.
[ 2026-05-13 06:05:18 | node_2 | INFO ] 🧩 Model added for round 47 (1/13) from ['node_41']
[ 2026-05-13 06:05:18 | node_25 | INFO ] ♻️ Proactively processing 9 early models for round 47.
[ 2026-05-13 06:05:18 | node_2 | INFO ] 🧩 Model added for round 47 (2/13) from ['node_23']
[ 2026-05-13 06:05:18 | node_2 | INFO ] 🧩 Model added for round 47 (3/13) from ['node_5']
[ 2026-05-13 06:05:18 | node_2 | INFO ] 🧩 Model added for round 47 (4/13) from ['node_27']
[ 2026-05-13 06:05:18 | node_25 | INFO ] 🧩 Model added for round 47 (1/13) from ['node_24']
[ 2026-05-13 06:05:18 | node_2 | INFO ] 🧩 Model added for round 47 (5/13) from ['node_9']
[ 2026-05-13 06:05:18 | node_25 | INFO ] 🧩 Model added for round 47 (2/13) from ['node_10']
[ 2026-05-13 06:05:18 | node_25 | INFO ] 🧩 Model added for round 47 (3/13) from ['node_5']
[ 2026-05-13 06:05:18 | node_25 | INFO ] 🧩 Model added for round 47 (4/13) from ['node_21']
[ 2026-05-13 06:05:18 | node_2 | INFO ] 🧩 Model added for round 47 (6/13) from ['node_16']
[ 2026-05-13 06:05:18 | node_2 | INFO ] 🧩 Model added for round 47 (7/13) from ['node_38']
[ 2026-05-13 06:05:18 | node_25 | INFO ] 🧩 Model added for round 47 (5/13) from ['node_12']
[ 2026-05-13 06:05:18 | node_2 | INFO ] 🧩 Model added for round 47 (8/13) from ['node_49']
[ 2026-05-13 06:05:18 | node_25 | INFO ] 🧩 Model added for round 47 (6/13) from ['node_44']
[ 2026-05-13 06:05:18 | node_2 | INFO ] 🧩 Model added for round 47 (9/13) from ['node_47']
[ 2026-05-13 06:05:18 | node_25 | INFO ] 🧩 Model added for round 47 (7/13) from ['node_6']
[ 2026-05-13 06:05:18 | node_25 | INFO ] 🧩 Model added for round 47 (8/13) from ['node_22']
[ 2026-05-13 06:05:18 | node_2 | INFO ] 🧩 Model added for round 47 (10/13) from ['node_37']
[ 2026-05-13 06:05:18 | node_25 | INFO ] 🧩 Model added for round 47 (9/13) from ['node_4']
[ 2026-05-13 06:05:18 | node_25 | INFO ] 🏋️‍♀️ Preparing training...
[ 2026-05-13 06:05:18 | node_2 | INFO ] 🏋️‍♀️ Preparing training...
[ 2026-05-13 06:05:19 | node_11 | INFO ] 🎉 Round 47 of 50 finished.
[ 2026-05-13 06:05:19 | node_11 | INFO ] 🗳️ [DETERMINISTIC] Train set assigned (No Voting). Size: 50
[ 2026-05-13 06:05:19 | node_2 | INFO ] 🎓 Training step done.
[ 2026-05-13 06:05:19 | node_11 | INFO ] ♻️ Proactively processing 7 early models for round 47.
[ 2026-05-13 06:05:19 | node_9 | INFO ] 🧩 Model added for round 47 (10/12) from ['node_34']
[ 2026-05-13 06:05:19 | node_25 | INFO ] 🎓 Training step done.
[ 2026-05-13 06:05:19 | node_2 | INFO ] 🛠️ Calling force_add_local_model...
[ 2026-05-13 06:05:19 | node_11 | INFO ] 🧩 Model added for round 47 (1/10) from ['node_23']
[ 2026-05-13 06:05:19 | node_25 | INFO ] 🛠️ Calling force_add_local_model...
[ 2026-05-13 06:05:19 | node_2 | INFO ] ✅ [FORCE] Local model added for round 47. (11/13)
[ 2026-05-13 06:05:19 | node_11 | INFO ] 🧩 Model added for round 47 (2/10) from ['node_26']
[ 2026-05-13 06:05:19 | node_25 | INFO ] ✅ [FORCE] Local model added for round 47. (10/13)
[ 2026-05-13 06:05:19 | node_11 | INFO ] 🧩 Model added for round 47 (3/10) from ['node_16']
[ 2026-05-13 06:05:19 | node_11 | INFO ] 🧩 Model added for round 47 (4/10) from ['node_47']
[ 2026-05-13 06:05:19 | node_11 | INFO ] 🧩 Model added for round 47 (5/10) from ['node_28']
[ 2026-05-13 06:05:19 | node_11 | INFO ] 🧩 Model added for round 47 (6/10) from ['node_17']
[ 2026-05-13 06:05:19 | node_11 | INFO ] 🧩 Model added for round 47 (7/10) from ['node_22']
[ 2026-05-13 06:05:19 | node_11 | INFO ] 🏋️‍♀️ Preparing training...
[ 2026-05-13 06:05:20 | node_11 | INFO ] 🎓 Training step done.
[ 2026-05-13 06:05:20 | node_11 | INFO ] 🛠️ Calling force_add_local_model...
[ 2026-05-13 06:05:20 | node_11 | INFO ] ✅ [FORCE] Local model added for round 47. (8/10)
[ 2026-05-13 06:05:20 | node_8 | INFO ] 🎉 Round 47 of 50 finished.
[ 2026-05-13 06:05:20 | node_8 | INFO ] 🗳️ [DETERMINISTIC] Train set assigned (No Voting). Size: 50
[ 2026-05-13 06:05:20 | node_8 | INFO ] ♻️ Proactively processing 10 early models for round 47.
[ 2026-05-13 06:05:20 | node_8 | INFO ] 🧩 Model added for round 47 (1/12) from ['node_31']
[ 2026-05-13 06:05:20 | node_21 | INFO ] 🧩 Model added for round 47 (8/9) from ['node_34']
[ 2026-05-13 06:05:20 | node_8 | INFO ] 🧩 Model added for round 47 (2/12) from ['node_14']
[ 2026-05-13 06:05:20 | node_8 | INFO ] 🧩 Model added for round 47 (3/12) from ['node_9']
[ 2026-05-13 06:05:20 | node_8 | INFO ] 🧩 Model added for round 47 (4/12) from ['node_45']
[ 2026-05-13 06:05:20 | node_8 | INFO ] 🧩 Model added for round 47 (5/12) from ['node_12']
[ 2026-05-13 06:05:20 | node_8 | INFO ] 🧩 Model added for round 47 (6/12) from ['node_16']
[ 2026-05-13 06:05:20 | node_8 | INFO ] 🧩 Model added for round 47 (7/12) from ['node_47']
[ 2026-05-13 06:05:20 | node_8 | INFO ] 🧩 Model added for round 47 (8/12) from ['node_37']
[ 2026-05-13 06:05:20 | node_8 | INFO ] 🧩 Model added for round 47 (9/12) from ['node_22']
[ 2026-05-13 06:05:20 | node_8 | INFO ] 🧩 Model added for round 47 (10/12) from ['node_34']
[ 2026-05-13 06:05:21 | node_8 | INFO ] 🏋️‍♀️ Preparing training...
[ 2026-05-13 06:05:21 | node_30 | INFO ] 🎉 Round 47 of 50 finished.
[ 2026-05-13 06:05:21 | node_30 | INFO ] 🗳️ [DETERMINISTIC] Train set assigned (No Voting). Size: 50
[ 2026-05-13 06:05:21 | node_30 | INFO ] ♻️ Proactively processing 11 early models for round 47.
[ 2026-05-13 06:05:21 | node_30 | INFO ] 🧩 Model added for round 47 (1/15) from ['node_20']
[ 2026-05-13 06:05:21 | node_30 | INFO ] 🧩 Model added for round 47 (2/15) from ['node_10']
[ 2026-05-13 06:05:21 | node_30 | INFO ] 🧩 Model added for round 47 (3/15) from ['node_38']
[ 2026-05-13 06:05:21 | node_8 | INFO ] 🎓 Training step done.
[ 2026-05-13 06:05:21 | node_30 | INFO ] 🧩 Model added for round 47 (4/15) from ['node_44']
[ 2026-05-13 06:05:21 | node_8 | INFO ] 🛠️ Calling force_add_local_model...
[ 2026-05-13 06:05:21 | node_30 | INFO ] 🧩 Model added for round 47 (5/15) from ['node_28']
[ 2026-05-13 06:05:21 | node_8 | INFO ] ✅ [FORCE] Local model added for round 47. (11/12)
[ 2026-05-13 06:05:21 | node_30 | INFO ] 🧩 Model added for round 47 (6/15) from ['node_17']
[ 2026-05-13 06:05:21 | node_30 | INFO ] 🧩 Model added for round 47 (7/15) from ['node_40']
[ 2026-05-13 06:05:21 | node_30 | INFO ] 🧩 Model added for round 47 (8/15) from ['node_37']
[ 2026-05-13 06:05:21 | node_24 | INFO ] 🧩 Model added for round 47 (3/4) from ['node_34']
[ 2026-05-13 06:05:21 | node_30 | INFO ] 🧩 Model added for round 47 (9/15) from ['node_32']
[ 2026-05-13 06:05:21 | node_30 | INFO ] 🧩 Model added for round 47 (10/15) from ['node_22']
[ 2026-05-13 06:05:21 | node_30 | INFO ] 🧩 Model added for round 47 (11/15) from ['node']
[ 2026-05-13 06:05:21 | node_30 | INFO ] 🏋️‍♀️ Preparing training...
[ 2026-05-13 06:05:22 | node_25 | INFO ] 🧩 Model added for round 47 (11/13) from ['node_34']
[ 2026-05-13 06:05:22 | node_30 | INFO ] 🎓 Training step done.
[ 2026-05-13 06:05:22 | node_30 | INFO ] 🛠️ Calling force_add_local_model...
[ 2026-05-13 06:05:22 | node_30 | INFO ] ✅ [FORCE] Local model added for round 47. (12/15)
[ 2026-05-13 06:05:23 | node_30 | INFO ] 🧩 Model added for round 47 (13/15) from ['node_34']
[ 2026-05-13 06:05:24 | node_2 | INFO ] 📤 Sending model to 12 direct neighbors: ['node_5', 'node_8', 'node_9', 'node_11', 'node_16', 'node_23', 'node_27', 'node_37', 'node_38', 'node_41', 'node_47', 'node_49']
[ 2026-05-13 06:05:24 | node_25 | INFO ] 📤 Sending model to 12 direct neighbors: ['node_4', 'node_5', 'node_6', 'node_10', 'node_12', 'node_21', 'node_22', 'node_24', 'node_34', 'node_39', 'node_43', 'node_44']
[ 2026-05-13 06:05:24 | node_5 | INFO ] 🧩 Model added for round 47 (11/12) from ['node_2']
[ 2026-05-13 06:05:24 | node_4 | INFO ] 🧩 Model added for round 47 (8/10) from ['node_25']
[ 2026-05-13 06:05:25 | node_11 | INFO ] 📤 Sending model to 9 direct neighbors: ['node_2', 'node_16', 'node_17', 'node_22', 'node_23', 'node_26', 'node_28', 'node_30', 'node_47']
[ 2026-05-13 06:05:25 | node_2 | INFO ] 🧩 Model added for round 47 (12/13) from ['node_11']
[ 2026-05-13 06:05:25 | node_42 | INFO ] 🧩 Model added for round 47 (6/7) from ['node_34']
[ 2026-05-13 06:05:26 | node_5 | INFO ] 🧩 Model added for round 47 (12/12) from ['node_25']
[ 2026-05-13 06:05:26 | node_8 | INFO ] 🧩 Model added for round 47 (12/12) from ['node_2']
[ 2026-05-13 06:05:26 | node_8 | INFO ] 📤 Sending model to 11 direct neighbors: ['node_2', 'node_9', 'node_12', 'node_14', 'node_16', 'node_22', 'node_31', 'node_34', 'node_37', 'node_45', 'node_47']
[ 2026-05-13 06:05:27 | node_2 | INFO ] 🧩 Model added for round 47 (13/13) from ['node_8']
[ 2026-05-13 06:05:27 | node_48 | INFO ] 🧩 Model added for round 47 (6/6) from ['node_34']
[ 2026-05-13 06:05:27 | node_30 | INFO ] 📤 Sending model to 14 direct neighbors: ['node', 'node_10', 'node_11', 'node_17', 'node_20', 'node_22', 'node_28', 'node_32', 'node_34', 'node_37', 'node_38', 'node_40', 'node_43', 'node_44']
[ 2026-05-13 06:05:27 | node_16 | INFO ] 🧩 Model added for round 47 (8/10) from ['node_11']
[ 2026-05-13 06:05:27 | node_5 | INFO ] 🧠 Aggregation complete. Setting new model.
[ 2026-05-13 06:05:27 | node | INFO ] 🧩 Model added for round 47 (14/15) from ['node_30']
[ 2026-05-13 06:05:27 | node_48 | INFO ] 🧠 Aggregation complete. Setting new model.
[ 2026-05-13 06:05:28 | node_43 | INFO ] ⏹️  Gossiping exited for 50 equal rounds.
[ 2026-05-13 06:05:28 | node_6 | INFO ] 🧩 Model added for round 47 (9/9) from ['node_25']
[ 2026-05-13 06:05:28 | node_9 | INFO ] 🧩 Model added for round 47 (11/12) from ['node_2']
[ 2026-05-13 06:05:28 | node_43 | INFO ] 🔬 Evaluating...
[ 2026-05-13 06:05:28 | node_43 | INFO ] 📈 Evaluated. Results: {'test_loss': 0.051472973078489304, 'test_acc': 0.9750000238418579, 'test_precision': 0.9751023650169373, 'test_recall': 0.9777666330337524, 'test_f1': 0.9757365584373474, 'communication_cost': 41397356}
[ 2026-05-13 06:05:28 | node_43 | INFO ] 📢 Broadcasting metrics.
[ 2026-05-13 06:05:28 | node_48 | INFO ] 🗣️ Gossiping aggregated model.
[ 2026-05-13 06:05:28 | node_9 | INFO ] 🧩 Model added for round 47 (12/12) from ['node_8']
[ 2026-05-13 06:05:28 | node_17 | INFO ] 🧩 Model added for round 47 (9/10) from ['node_11']
[ 2026-05-13 06:05:29 | node_5 | INFO ] 🗣️ Gossiping aggregated model.
[ 2026-05-13 06:05:29 | node_6 | INFO ] 🧠 Aggregation complete. Setting new model.
[ 2026-05-13 06:05:29 | node_10 | INFO ] 🧩 Model added for round 47 (8/9) from ['node_25']
[ 2026-05-13 06:05:29 | node_39 | INFO ] ⏹️  Gossiping exited for 50 equal rounds.
[ 2026-05-13 06:05:29 | node_39 | INFO ] 🔬 Evaluating...
[ 2026-05-13 06:05:30 | node_6 | INFO ] 🗣️ Gossiping aggregated model.
[ 2026-05-13 06:05:30 | node_10 | INFO ] 🧩 Model added for round 47 (9/9) from ['node_30']
[ 2026-05-13 06:05:30 | node_11 | INFO ] 🧩 Model added for round 47 (9/10) from ['node_2']
[ 2026-05-13 06:05:30 | node_39 | INFO ] 📈 Evaluated. Results: {'test_loss': 0.25277748703956604, 'test_acc': 0.949999988079071, 'test_precision': 0.9486190676689148, 'test_recall': 0.9516044855117798, 'test_f1': 0.9493048787117004, 'communication_cost': 48924148}
[ 2026-05-13 06:05:30 | node_22 | INFO ] 🧩 Model added for round 47 (7/12) from ['node_11']
[ 2026-05-13 06:05:30 | node_39 | INFO ] 📢 Broadcasting metrics.
[ 2026-05-13 06:05:30 | node_12 | INFO ] 🧩 Model added for round 47 (6/7) from ['node_25']
[ 2026-05-13 06:05:30 | node_12 | INFO ] 🧩 Model added for round 47 (7/7) from ['node_8']
[ 2026-05-13 06:05:30 | node_9 | INFO ] 🧠 Aggregation complete. Setting new model.
[ 2026-05-13 06:05:31 | node_16 | INFO ] 🧩 Model added for round 47 (9/10) from ['node_2']
[ 2026-05-13 06:05:31 | node_11 | INFO ] 🧩 Model added for round 47 (10/10) from ['node_30']
[ 2026-05-13 06:05:32 | node_21 | INFO ] 🧩 Model added for round 47 (9/9) from ['node_25']
[ 2026-05-13 06:05:32 | node_23 | INFO ] 🧩 Model added for round 47 (6/8) from ['node_11']
[ 2026-05-13 06:05:32 | node_9 | INFO ] 🗣️ Gossiping aggregated model.
[ 2026-05-13 06:05:32 | node_14 | INFO ] 🧩 Model added for round 47 (8/8) from ['node_8']
[ 2026-05-13 06:05:32 | node_12 | INFO ] 🧠 Aggregation complete. Setting new model.
[ 2026-05-13 06:05:32 | node_14 | INFO ] 🧠 Aggregation complete. Setting new model.
[ 2026-05-13 06:05:32 | node_21 | INFO ] 🧠 Aggregation complete. Setting new model.
[ 2026-05-13 06:05:32 | node_10 | INFO ] 🧠 Aggregation complete. Setting new model.
[ 2026-05-13 06:05:32 | node_43 | INFO ] 🎉 Round 47 of 50 finished.
[ 2026-05-13 06:05:32 | node_43 | INFO ] 🗳️ [DETERMINISTIC] Train set assigned (No Voting). Size: 50
[ 2026-05-13 06:05:32 | node_43 | INFO ] ♻️ Proactively processing 8 early models for round 47.
[ 2026-05-13 06:05:32 | node_43 | INFO ] 🧩 Model added for round 47 (1/12) from ['node_7']
[ 2026-05-13 06:05:33 | node_43 | INFO ] 🧩 Model added for round 47 (2/12) from ['node_33']
[ 2026-05-13 06:05:33 | node_43 | INFO ] 🧩 Model added for round 47 (3/12) from ['node_15']
[ 2026-05-13 06:05:33 | node_43 | INFO ] 🧩 Model added for round 47 (4/12) from ['node_46']
[ 2026-05-13 06:05:33 | node_43 | INFO ] 🧩 Model added for round 47 (5/12) from ['node_37']
[ 2026-05-13 06:05:33 | node_43 | INFO ] 🧩 Model added for round 47 (6/12) from ['node_22']
[ 2026-05-13 06:05:33 | node_43 | INFO ] 🧩 Model added for round 47 (7/12) from ['node_4']
[ 2026-05-13 06:05:33 | node_43 | INFO ] 🧩 Model added for round 47 (8/12) from ['node_34']
[ 2026-05-13 06:05:33 | node_43 | INFO ] 🏋️‍♀️ Preparing training...
[ 2026-05-13 06:05:33 | node_12 | INFO ] 🗣️ Gossiping aggregated model.
[ 2026-05-13 06:05:33 | node_23 | INFO ] 🧩 Model added for round 47 (7/8) from ['node_2']
[ 2026-05-13 06:05:33 | node_17 | INFO ] 🧩 Model added for round 47 (10/10) from ['node_30']
[ 2026-05-13 06:05:33 | node_10 | INFO ] 🗣️ Gossiping aggregated model.
[ 2026-05-13 06:05:33 | node_14 | INFO ] 🗣️ Gossiping aggregated model.
[ 2026-05-13 06:05:33 | node_22 | INFO ] 🧩 Model added for round 47 (8/12) from ['node_25']
[ 2026-05-13 06:05:33 | node_26 | INFO ] 🧩 Model added for round 47 (8/8) from ['node_11']
[ 2026-05-13 06:05:33 | node_43 | INFO ] 🎓 Training step done.
[ 2026-05-13 06:05:33 | node_21 | INFO ] 🗣️ Gossiping aggregated model.
[ 2026-05-13 06:05:33 | node_16 | INFO ] 🧩 Model added for round 47 (10/10) from ['node_8']
[ 2026-05-13 06:05:33 | node_43 | INFO ] 🛠️ Calling force_add_local_model...
[ 2026-05-13 06:05:33 | node_43 | INFO ] ✅ [FORCE] Local model added for round 47. (9/12)
[ 2026-05-13 06:05:34 | node_17 | INFO ] 🧠 Aggregation complete. Setting new model.
[ 2026-05-13 06:05:34 | node_16 | INFO ] 🧠 Aggregation complete. Setting new model.
[ 2026-05-13 06:05:34 | node_26 | INFO ] 🧠 Aggregation complete. Setting new model.
[ 2026-05-13 06:05:34 | node_27 | INFO ] 🧩 Model added for round 47 (6/7) from ['node_2']
[ 2026-05-13 06:05:35 | node_26 | INFO ] 🗣️ Gossiping aggregated model.
[ 2026-05-13 06:05:35 | node_17 | INFO ] 🗣️ Gossiping aggregated model.
[ 2026-05-13 06:05:35 | node_16 | INFO ] 🗣️ Gossiping aggregated model.
[ 2026-05-13 06:05:35 | node_20 | INFO ] 🧩 Model added for round 47 (6/6) from ['node_30']
[ 2026-05-13 06:05:35 | node_22 | INFO ] 🧩 Model added for round 47 (9/12) from ['node_8']
[ 2026-05-13 06:05:35 | node_24 | INFO ] 🧩 Model added for round 47 (4/4) from ['node_25']
[ 2026-05-13 06:05:35 | node_28 | INFO ] 🧩 Model added for round 47 (8/9) from ['node_11']
[ 2026-05-13 06:05:36 | node_37 | INFO ] 🧩 Model added for round 47 (7/10) from ['node_2']
[ 2026-05-13 06:05:36 | node_39 | INFO ] 🎉 Round 47 of 50 finished.
[ 2026-05-13 06:05:36 | node_39 | INFO ] 🗳️ [DETERMINISTIC] Train set assigned (No Voting). Size: 50
[ 2026-05-13 06:05:36 | node_39 | INFO ] ♻️ Proactively processing 11 early models for round 47.
[ 2026-05-13 06:05:36 | node_39 | INFO ] 🧩 Model added for round 47 (1/14) from ['node_7']
[ 2026-05-13 06:05:36 | node_39 | INFO ] 🧩 Model added for round 47 (2/14) from ['node_42']
[ 2026-05-13 06:05:36 | node_22 | INFO ] 🧩 Model added for round 47 (10/12) from ['node_30']
[ 2026-05-13 06:05:36 | node_34 | INFO ] 🧩 Model added for round 47 (8/11) from ['node_25']
[ 2026-05-13 06:05:36 | node_30 | INFO ] 🧩 Model added for round 47 (14/15) from ['node_11']
[ 2026-05-13 06:05:36 | node_39 | INFO ] 🧩 Model added for round 47 (3/14) from ['node_23']
[ 2026-05-13 06:05:37 | node_39 | INFO ] 🧩 Model added for round 47 (4/14) from ['node_27']
[ 2026-05-13 06:05:37 | node_20 | INFO ] 🧠 Aggregation complete. Setting new model.
[ 2026-05-13 06:05:37 | node_39 | INFO ] 🧩 Model added for round 47 (5/14) from ['node_3']
[ 2026-05-13 06:05:37 | node_39 | INFO ] 🧩 Model added for round 47 (6/14) from ['node_49']
[ 2026-05-13 06:05:37 | node_39 | INFO ] 🧩 Model added for round 47 (7/14) from ['node_32']
[ 2026-05-13 06:05:37 | node_39 | INFO ] 🧩 Model added for round 47 (8/14) from ['node_22']
[ 2026-05-13 06:05:37 | node_39 | INFO ] 🧩 Model added for round 47 (9/14) from ['node']
[ 2026-05-13 06:05:37 | node_39 | INFO ] 🧩 Model added for round 47 (10/14) from ['node_4']
[ 2026-05-13 06:05:37 | node_39 | INFO ] 🧩 Model added for round 47 (11/14) from ['node_1']
[ 2026-05-13 06:05:37 | node_39 | INFO ] 🏋️‍♀️ Preparing training...
[ 2026-05-13 06:05:37 | node_20 | INFO ] 🗣️ Gossiping aggregated model.
[ 2026-05-13 06:05:37 | node_31 | INFO ] 🧩 Model added for round 47 (7/7) from ['node_8']
[ 2026-05-13 06:05:37 | node_24 | INFO ] 🧠 Aggregation complete. Setting new model.
[ 2026-05-13 06:05:37 | node_38 | INFO ] 🧩 Model added for round 47 (7/8) from ['node_2']
[ 2026-05-13 06:05:37 | node_39 | INFO ] 🎓 Training step done.
[ 2026-05-13 06:05:37 | node_39 | INFO ] 🛠️ Calling force_add_local_model...
[ 2026-05-13 06:05:38 | node_39 | INFO ] ✅ [FORCE] Local model added for round 47. (12/14)
[ 2026-05-13 06:05:38 | node_31 | INFO ] 🧠 Aggregation complete. Setting new model.
[ 2026-05-13 06:05:38 | node_39 | INFO ] 🧩 Model added for round 47 (13/14) from ['node_25']
[ 2026-05-13 06:05:38 | node_24 | INFO ] 🗣️ Gossiping aggregated model.
[ 2026-05-13 06:05:38 | node_28 | INFO ] 🧩 Model added for round 47 (9/9) from ['node_30']
[ 2026-05-13 06:05:39 | node_47 | INFO ] 🧩 Model added for round 47 (10/12) from ['node_11']
[ 2026-05-13 06:05:39 | node_34 | INFO ] 🧩 Model added for round 47 (9/11) from ['node_8']
[ 2026-05-13 06:05:39 | node_43 | INFO ] 📤 Sending model to 11 direct neighbors: ['node_4', 'node_7', 'node_15', 'node_22', 'node_25', 'node_30', 'node_33', 'node_34', 'node_37', 'node_39', 'node_46']
[ 2026-05-13 06:05:39 | node_31 | INFO ] 🗣️ Gossiping aggregated model.
[ 2026-05-13 06:05:39 | node_41 | INFO ] 🧩 Model added for round 47 (6/6) from ['node_2']
[ 2026-05-13 06:05:39 | node_4 | INFO ] 🧩 Model added for round 47 (9/10) from ['node_43']
[ 2026-05-13 06:05:40 | node_43 | INFO ] 🧩 Model added for round 47 (10/12) from ['node_25']
[ 2026-05-13 06:05:40 | node_32 | INFO ] 🧩 Model added for round 47 (10/11) from ['node_30']
[ 2026-05-13 06:05:40 | node_47 | INFO ] 🧩 Model added for round 47 (11/12) from ['node_2']
[ 2026-05-13 06:05:40 | node_37 | INFO ] 🧩 Model added for round 47 (8/10) from ['node_8']
[ 2026-05-13 06:05:41 | node_41 | INFO ] 🧠 Aggregation complete. Setting new model.
[ 2026-05-13 06:05:41 | node_28 | INFO ] 🧠 Aggregation complete. Setting new model.
[ 2026-05-13 06:05:41 | node_11 | INFO ] 🧠 Aggregation complete. Setting new model.
[ 2026-05-13 06:05:41 | node_7 | INFO ] 🧩 Model added for round 47 (6/7) from ['node_43']
[ 2026-05-13 06:05:41 | node_41 | INFO ] 🗣️ Gossiping aggregated model.
[ 2026-05-13 06:05:42 | node_28 | INFO ] 🗣️ Gossiping aggregated model.
[ 2026-05-13 06:05:42 | node_11 | INFO ] 🗣️ Gossiping aggregated model.
[ 2026-05-13 06:05:42 | node_44 | INFO ] 🧩 Model added for round 47 (8/9) from ['node_25']
[ 2026-05-13 06:05:42 | node_45 | INFO ] 🧩 Model added for round 47 (7/7) from ['node_8']
[ 2026-05-13 06:05:42 | node_49 | INFO ] 🧩 Model added for round 47 (9/10) from ['node_2']
[ 2026-05-13 06:05:43 | node_39 | INFO ] 📤 Sending model to 13 direct neighbors: ['node', 'node_1', 'node_3', 'node_4', 'node_7', 'node_22', 'node_23', 'node_25', 'node_27', 'node_32', 'node_42', 'node_43', 'node_49']
[ 2026-05-13 06:05:43 | node_47 | INFO ] 🧩 Model added for round 47 (12/12) from ['node_8']
[ 2026-05-13 06:05:43 | node_15 | INFO ] 🧩 Model added for round 47 (7/7) from ['node_43']
[ 2026-05-13 06:05:43 | node_34 | INFO ] 🧩 Model added for round 47 (10/11) from ['node_30']
[ 2026-05-13 06:05:43 | node | INFO ] 🧩 Model added for round 47 (15/15) from ['node_39']
[ 2026-05-13 06:05:44 | node_45 | INFO ] 🧠 Aggregation complete. Setting new model.
[ 2026-05-13 06:05:44 | node_15 | INFO ] 🧠 Aggregation complete. Setting new model.
[ 2026-05-13 06:05:44 | node_2 | INFO ] 🧠 Aggregation complete. Setting new model.
[ 2026-05-13 06:05:44 | node | INFO ] 🧠 Aggregation complete. Setting new model.
[ 2026-05-13 06:05:44 | node_47 | INFO ] 🧠 Aggregation complete. Setting new model.
[ 2026-05-13 06:05:44 | node_45 | INFO ] 🗣️ Gossiping aggregated model.
[ 2026-05-13 06:05:45 | node_15 | INFO ] 🗣️ Gossiping aggregated model.
[ 2026-05-13 06:05:45 | node_22 | INFO ] 🧩 Model added for round 47 (11/12) from ['node_43']
[ 2026-05-13 06:05:45 | node_47 | INFO ] 🗣️ Gossiping aggregated model.
[ 2026-05-13 06:05:45 | node_37 | INFO ] 🧩 Model added for round 47 (9/10) from ['node_30']
[ 2026-05-13 06:05:45 | node_2 | INFO ] 🗣️ Gossiping aggregated model.
[ 2026-05-13 06:05:46 | node | INFO ] 🗣️ Gossiping aggregated model.
[ 2026-05-13 06:05:46 | node_18 | INFO ] 🤫 Gossip finished.
[ 2026-05-13 06:05:46 | node_18 | INFO ] 🔬 Evaluating...
[ 2026-05-13 06:05:47 | node_1 | INFO ] 🧩 Model added for round 47 (9/9) from ['node_39']
[ 2026-05-13 06:05:47 | node_38 | INFO ] 🧩 Model added for round 47 (8/8) from ['node_30']
[ 2026-05-13 06:05:47 | node_18 | INFO ] 📈 Evaluated. Results: {'test_loss': 0.2376946657896042, 'test_acc': 0.9800000190734863, 'test_precision': 0.979747474193573, 'test_recall': 0.980395495891571, 'test_f1': 0.9796199798583984, 'communication_cost': 15053584}
[ 2026-05-13 06:05:47 | node_25 | INFO ] 🧩 Model added for round 47 (12/13) from ['node_43']
[ 2026-05-13 06:05:47 | node_18 | INFO ] 📢 Broadcasting metrics.
[ 2026-05-13 06:05:47 | node_38 | INFO ] 🧠 Aggregation complete. Setting new model.
[ 2026-05-13 06:05:47 | node_1 | INFO ] 🧠 Aggregation complete. Setting new model.
[ 2026-05-13 06:05:47 | node_8 | INFO ] 🧠 Aggregation complete. Setting new model.
[ 2026-05-13 06:05:48 | node_38 | INFO ] 🗣️ Gossiping aggregated model.
[ 2026-05-13 06:05:48 | node_1 | INFO ] 🗣️ Gossiping aggregated model.
[ 2026-05-13 06:05:48 | node_40 | INFO ] 🧩 Model added for round 47 (8/8) from ['node_30']
[ 2026-05-13 06:05:48 | node_3 | INFO ] 🧩 Model added for round 47 (8/8) from ['node_39']
[ 2026-05-13 06:05:48 | node_13 | INFO ] 🤫 Gossip finished.
[ 2026-05-13 06:05:48 | node_13 | INFO ] 🔬 Evaluating...
[ 2026-05-13 06:05:48 | node_8 | INFO ] 🗣️ Gossiping aggregated model.
[ 2026-05-13 06:05:49 | node_18 | INFO ] 🎉 Round 48 of 50 finished.
[ 2026-05-13 06:05:49 | node_18 | INFO ] 🗳️ [DETERMINISTIC] Train set assigned (No Voting). Size: 50
[ 2026-05-13 06:05:49 | node_13 | INFO ] 📈 Evaluated. Results: {'test_loss': 0.3541127145290375, 'test_acc': 0.9549999833106995, 'test_precision': 0.9588415622711182, 'test_recall': 0.9492561221122742, 'test_f1': 0.9526923894882202, 'communication_cost': 22580376}
[ 2026-05-13 06:05:49 | node_30 | INFO ] 🧩 Model added for round 47 (15/15) from ['node_43']
[ 2026-05-13 06:05:49 | node_13 | INFO ] 📢 Broadcasting metrics.
[ 2026-05-13 06:05:50 | node_43 | INFO ] 🧩 Model added for round 47 (11/12) from ['node_30']
[ 2026-05-13 06:05:50 | node_4 | INFO ] 🧩 Model added for round 47 (10/10) from ['node_39']
[ 2026-05-13 06:05:50 | node_40 | INFO ] 🧠 Aggregation complete. Setting new model.
[ 2026-05-13 06:05:50 | node_3 | INFO ] 🧠 Aggregation complete. Setting new model.
[ 2026-05-13 06:05:50 | node_18 | INFO ] 🏋️‍♀️ Preparing training...
[ 2026-05-13 06:05:51 | node_18 | INFO ] 🎓 Training step done.
[ 2026-05-13 06:05:51 | node_33 | INFO ] 🧩 Model added for round 47 (7/7) from ['node_43']
[ 2026-05-13 06:05:51 | node_18 | INFO ] 🛠️ Calling force_add_local_model...
[ 2026-05-13 06:05:51 | node_18 | INFO ] ✅ [FORCE] Local model added for round 48. (1/5)
[ 2026-05-13 06:05:52 | node_40 | INFO ] 🗣️ Gossiping aggregated model.
[ 2026-05-13 06:05:52 | node_3 | INFO ] 🗣️ Gossiping aggregated model.
[ 2026-05-13 06:05:52 | node_33 | INFO ] 🧠 Aggregation complete. Setting new model.
[ 2026-05-13 06:05:52 | node_4 | INFO ] 🧠 Aggregation complete. Setting new model.
[ 2026-05-13 06:05:52 | node_7 | INFO ] 🧩 Model added for round 47 (7/7) from ['node_39']
[ 2026-05-13 06:05:53 | node_44 | INFO ] 🧩 Model added for round 47 (9/9) from ['node_30']
[ 2026-05-13 06:05:53 | node_13 | INFO ] 🎉 Round 48 of 50 finished.
[ 2026-05-13 06:05:53 | node_34 | INFO ] 🧩 Model added for round 47 (11/11) from ['node_43']
[ 2026-05-13 06:05:53 | node_7 | INFO ] 🧠 Aggregation complete. Setting new model.
[ 2026-05-13 06:05:53 | node_44 | INFO ] 🧠 Aggregation complete. Setting new model.
[ 2026-05-13 06:05:53 | node_13 | INFO ] 🗳️ [DETERMINISTIC] Train set assigned (No Voting). Size: 50
[ 2026-05-13 06:05:53 | node_34 | INFO ] 🧠 Aggregation complete. Setting new model.
[ 2026-05-13 06:05:53 | node_33 | INFO ] 🗣️ Gossiping aggregated model.
[ 2026-05-13 06:05:53 | node_13 | INFO ] 🏋️‍♀️ Preparing training...
[ 2026-05-13 06:05:54 | node_4 | INFO ] 🗣️ Gossiping aggregated model.
[ 2026-05-13 06:05:54 | node_7 | INFO ] 🗣️ Gossiping aggregated model.
[ 2026-05-13 06:05:54 | node_22 | INFO ] 🧩 Model added for round 47 (12/12) from ['node_39']
[ 2026-05-13 06:05:54 | node_13 | INFO ] 🎓 Training step done.
[ 2026-05-13 06:05:54 | node_13 | INFO ] 🛠️ Calling force_add_local_model...
[ 2026-05-13 06:05:54 | node_13 | INFO ] ✅ [FORCE] Local model added for round 48. (1/7)
[ 2026-05-13 06:05:54 | node_44 | INFO ] 🗣️ Gossiping aggregated model.
[ 2026-05-13 06:05:55 | node_34 | INFO ] 🗣️ Gossiping aggregated model.
[ 2026-05-13 06:05:55 | node_37 | INFO ] 🧩 Model added for round 47 (10/10) from ['node_43']
[ 2026-05-13 06:05:55 | node_45 | INFO ] 🤫 Gossip finished.
[ 2026-05-13 06:05:55 | node_30 | INFO ] 🧠 Aggregation complete. Setting new model.
[ 2026-05-13 06:05:55 | node_45 | INFO ] 🔬 Evaluating...
[ 2026-05-13 06:05:56 | node_22 | INFO ] 🧠 Aggregation complete. Setting new model.
[ 2026-05-13 06:05:56 | node_37 | INFO ] 🧠 Aggregation complete. Setting new model.
[ 2026-05-13 06:05:56 | node_45 | INFO ] 📈 Evaluated. Results: {'test_loss': 0.06804073601961136, 'test_acc': 0.9850000143051147, 'test_precision': 0.9854738116264343, 'test_recall': 0.9839181303977966, 'test_f1': 0.9839909076690674, 'communication_cost': 22580376}
[ 2026-05-13 06:05:56 | node_45 | INFO ] 📢 Broadcasting metrics.
[ 2026-05-13 06:05:56 | node_23 | INFO ] 🧩 Model added for round 47 (8/8) from ['node_39']
[ 2026-05-13 06:05:57 | node_18 | INFO ] 📤 Sending model to 4 direct neighbors: ['node', 'node_9', 'node_26', 'node_47']
[ 2026-05-13 06:05:57 | node_20 | INFO ] 🤫 Gossip finished.
[ 2026-05-13 06:05:57 | node_39 | INFO ] 🧩 Model added for round 47 (14/14) from ['node_43']
[ 2026-05-13 06:05:57 | node_23 | INFO ] 🧠 Aggregation complete. Setting new model.
[ 2026-05-13 06:05:57 | node_20 | INFO ] 🔬 Evaluating...
[ 2026-05-13 06:05:57 | node_38 | INFO ] 🤫 Gossip finished.
[ 2026-05-13 06:05:57 | node_20 | INFO ] 📈 Evaluated. Results: {'test_loss': 0.34625473618507385, 'test_acc': 0.9599999785423279, 'test_precision': 0.9610955715179443, 'test_recall': 0.9639768004417419, 'test_f1': 0.9617348313331604, 'communication_cost': 18816980}
[ 2026-05-13 06:05:57 | node_37 | INFO ] 🗣️ Gossiping aggregated model.
[ 2026-05-13 06:05:57 | node_22 | INFO ] 🗣️ Gossiping aggregated model.
[ 2026-05-13 06:05:57 | node_20 | INFO ] 📢 Broadcasting metrics.
[ 2026-05-13 06:05:57 | node_38 | INFO ] 🔬 Evaluating...
[ 2026-05-13 06:05:58 | node_8 | INFO ] 🤫 Gossip finished.
[ 2026-05-13 06:05:58 | node_30 | INFO ] 🗣️ Gossiping aggregated model.
[ 2026-05-13 06:05:58 | node_38 | INFO ] 📈 Evaluated. Results: {'test_loss': 0.44814273715019226, 'test_acc': 0.9750000238418579, 'test_precision': 0.9767503142356873, 'test_recall': 0.9751666784286499, 'test_f1': 0.9753711223602295, 'communication_cost': 26343772}
[ 2026-05-13 06:05:58 | node_8 | INFO ] 🔬 Evaluating...
[ 2026-05-13 06:05:58 | node_25 | INFO ] 🧩 Model added for round 47 (13/13) from ['node_39']
[ 2026-05-13 06:05:58 | node_28 | INFO ] 🤫 Gossip finished.
[ 2026-05-13 06:05:58 | node_38 | INFO ] 📢 Broadcasting metrics.
[ 2026-05-13 06:05:58 | node_23 | INFO ] 🗣️ Gossiping aggregated model.
[ 2026-05-13 06:05:58 | node_28 | INFO ] 🔬 Evaluating...
[ 2026-05-13 06:05:58 | node_19 | INFO ] 🤫 Gossip finished.
[ 2026-05-13 06:05:58 | node_36 | INFO ] 🤫 Gossip finished.
[ 2026-05-13 06:05:58 | node_8 | INFO ] 📈 Evaluated. Results: {'test_loss': 0.22464899718761444, 'test_acc': 0.9850000143051147, 'test_precision': 0.9857408404350281, 'test_recall': 0.9850966930389404, 'test_f1': 0.9851768016815186, 'communication_cost': 41397356}
[ 2026-05-13 06:05:58 | node_19 | INFO ] 🔬 Evaluating...
[ 2026-05-13 06:05:58 | node_8 | INFO ] 📢 Broadcasting metrics.
[ 2026-05-13 06:05:58 | node_36 | INFO ] 🔬 Evaluating...
[ 2026-05-13 06:05:58 | node_28 | INFO ] 📈 Evaluated. Results: {'test_loss': 0.1183694377541542, 'test_acc': 0.9800000190734863, 'test_precision': 0.9800926446914673, 'test_recall': 0.9802046418190002, 'test_f1': 0.9797125458717346, 'communication_cost': 30107168}
[ 2026-05-13 06:05:59 | node_28 | INFO ] 📢 Broadcasting metrics.
[ 2026-05-13 06:05:59 | node_25 | INFO ] 🧠 Aggregation complete. Setting new model.
[ 2026-05-13 06:05:59 | node_19 | INFO ] 📈 Evaluated. Results: {'test_loss': 0.3574085533618927, 'test_acc': 0.949999988079071, 'test_precision': 0.9494109153747559, 'test_recall': 0.9451431035995483, 'test_f1': 0.9449159502983093, 'communication_cost': 11290188}
[ 2026-05-13 06:05:59 | node_36 | INFO ] 📈 Evaluated. Results: {'test_loss': 0.22497297823429108, 'test_acc': 0.9750000238418579, 'test_precision': 0.9785124063491821, 'test_recall': 0.9772284030914307, 'test_f1': 0.9771022796630859, 'communication_cost': 26343772}
[ 2026-05-13 06:05:59 | node_13 | INFO ] 📤 Sending model to 6 direct neighbors: ['node_1', 'node_5', 'node_9', 'node_12', 'node_21', 'node_38']
[ 2026-05-13 06:05:59 | node_19 | INFO ] 📢 Broadcasting metrics.
[ 2026-05-13 06:05:59 | node_45 | INFO ] 🎉 Round 48 of 50 finished.
[ 2026-05-13 06:05:59 | node_45 | INFO ] 🗳️ [DETERMINISTIC] Train set assigned (No Voting). Size: 50
[ 2026-05-13 06:05:59 | node_46 | INFO ] 🧩 Model added for round 47 (8/8) from ['node_43']
[ 2026-05-13 06:06:00 | node_45 | INFO ] 🏋️‍♀️ Preparing training...
[ 2026-05-13 06:06:00 | node_36 | INFO ] 📢 Broadcasting metrics.
[ 2026-05-13 06:06:00 | node_20 | INFO ] 🎉 Round 48 of 50 finished.
[ 2026-05-13 06:06:00 | node_12 | INFO ] 🤫 Gossip finished.
[ 2026-05-13 06:06:00 | node_25 | INFO ] 🗣️ Gossiping aggregated model.
[ 2026-05-13 06:06:00 | node_12 | INFO ] 🔬 Evaluating...
[ 2026-05-13 06:06:00 | node_20 | INFO ] 🗳️ [DETERMINISTIC] Train set assigned (No Voting). Size: 50
[ 2026-05-13 06:06:00 | node_20 | INFO ] 🏋️‍♀️ Preparing training...
[ 2026-05-13 06:06:00 | node_45 | INFO ] 🎓 Training step done.
[ 2026-05-13 06:06:00 | node_27 | INFO ] 🧩 Model added for round 47 (7/7) from ['node_39']
[ 2026-05-13 06:06:00 | node_45 | INFO ] 🛠️ Calling force_add_local_model...
[ 2026-05-13 06:06:00 | node_19 | INFO ] 🎉 Round 48 of 50 finished.
[ 2026-05-13 06:06:00 | node_12 | INFO ] 📈 Evaluated. Results: {'test_loss': 0.1486235111951828, 'test_acc': 0.9599999785423279, 'test_precision': 0.9565079212188721, 'test_recall': 0.9620059728622437, 'test_f1': 0.9574260115623474, 'communication_cost': 22580376}
[ 2026-05-13 06:06:01 | node_45 | INFO ] ✅ [FORCE] Local model added for round 48. (1/7)
[ 2026-05-13 06:06:01 | node_12 | INFO ] 📢 Broadcasting metrics.
[ 2026-05-13 06:06:01 | node_27 | INFO ] 🧠 Aggregation complete. Setting new model.
[ 2026-05-13 06:06:01 | node_46 | INFO ] 🧠 Aggregation complete. Setting new model.
[ 2026-05-13 06:06:01 | node_20 | INFO ] 🎓 Training step done.
[ 2026-05-13 06:06:01 | node_19 | INFO ] 🗳️ [DETERMINISTIC] Train set assigned (No Voting). Size: 50
[ 2026-05-13 06:06:01 | node_20 | INFO ] 🛠️ Calling force_add_local_model...
[ 2026-05-13 06:06:01 | node_20 | INFO ] ✅ [FORCE] Local model added for round 48. (1/6)
[ 2026-05-13 06:06:01 | node_24 | INFO ] 🤫 Gossip finished.
[ 2026-05-13 06:06:01 | node_19 | INFO ] 🏋️‍♀️ Preparing training...
[ 2026-05-13 06:06:01 | node_24 | INFO ] 🔬 Evaluating...
[ 2026-05-13 06:06:02 | node_24 | INFO ] 📈 Evaluated. Results: {'test_loss': 0.3641517162322998, 'test_acc': 0.9599999785423279, 'test_precision': 0.9611284136772156, 'test_recall': 0.9610520005226135, 'test_f1': 0.9592186212539673, 'communication_cost': 11290188}
[ 2026-05-13 06:06:02 | node_19 | INFO ] 🎓 Training step done.
[ 2026-05-13 06:06:02 | node_24 | INFO ] 📢 Broadcasting metrics.
[ 2026-05-13 06:06:02 | node_19 | INFO ] 🛠️ Calling force_add_local_model...
[ 2026-05-13 06:06:02 | node_38 | INFO ] 🎉 Round 48 of 50 finished.
[ 2026-05-13 06:06:02 | node_19 | INFO ] ✅ [FORCE] Local model added for round 48. (1/4)
[ 2026-05-13 06:06:02 | node_38 | INFO ] 🗳️ [DETERMINISTIC] Train set assigned (No Voting). Size: 50
[ 2026-05-13 06:06:02 | node_27 | INFO ] 🗣️ Gossiping aggregated model.
[ 2026-05-13 06:06:02 | node_32 | INFO ] 🧩 Model added for round 47 (11/11) from ['node_39']
[ 2026-05-13 06:06:02 | node_46 | INFO ] 🗣️ Gossiping aggregated model.
[ 2026-05-13 06:06:02 | node_38 | INFO ] 🏋️‍♀️ Preparing training...
[ 2026-05-13 06:06:02 | node_38 | INFO ] 🧩 Model added for round 48 (1/8) from ['node_13']
[ 2026-05-13 06:06:03 | node_10 | INFO ] 🤫 Gossip finished.
[ 2026-05-13 06:06:03 | node_32 | INFO ] 🧠 Aggregation complete. Setting new model.
[ 2026-05-13 06:06:03 | node_28 | INFO ] 🎉 Round 48 of 50 finished.
[ 2026-05-13 06:06:03 | node_10 | INFO ] 🔬 Evaluating...
[ 2026-05-13 06:06:03 | node_38 | INFO ] 🎓 Training step done.
[ 2026-05-13 06:06:03 | node_28 | INFO ] 🗳️ [DETERMINISTIC] Train set assigned (No Voting). Size: 50
[ 2026-05-13 06:06:03 | node_38 | INFO ] 🛠️ Calling force_add_local_model...
[ 2026-05-13 06:06:03 | node_38 | INFO ] ✅ [FORCE] Local model added for round 48. (2/8)
[ 2026-05-13 06:06:03 | node_28 | INFO ] 🏋️‍♀️ Preparing training...
[ 2026-05-13 06:06:03 | node_10 | INFO ] 📈 Evaluated. Results: {'test_loss': 0.06272934377193451, 'test_acc': 0.9850000143051147, 'test_precision': 0.9861915111541748, 'test_recall': 0.9848567843437195, 'test_f1': 0.9852630496025085, 'communication_cost': 30107168}
[ 2026-05-13 06:06:03 | node_10 | INFO ] 📢 Broadcasting metrics.
[ 2026-05-13 06:06:03 | node_29 | INFO ] 🤫 Gossip finished.
[ 2026-05-13 06:06:03 | node_36 | INFO ] 🎉 Round 48 of 50 finished.
[ 2026-05-13 06:06:03 | node_29 | INFO ] 🔬 Evaluating...
[ 2026-05-13 06:06:03 | node_24 | INFO ] 🎉 Round 48 of 50 finished.
[ 2026-05-13 06:06:03 | node_36 | INFO ] 🗳️ [DETERMINISTIC] Train set assigned (No Voting). Size: 50
[ 2026-05-13 06:06:03 | node_24 | INFO ] 🗳️ [DETERMINISTIC] Train set assigned (No Voting). Size: 50
[ 2026-05-13 06:06:03 | node_28 | INFO ] 🎓 Training step done.
[ 2026-05-13 06:06:03 | node_42 | INFO ] 🧩 Model added for round 47 (7/7) from ['node_39']
[ 2026-05-13 06:06:04 | node_28 | INFO ] 🛠️ Calling force_add_local_model...
[ 2026-05-13 06:06:04 | node_36 | INFO ] 🏋️‍♀️ Preparing training...
[ 2026-05-13 06:06:04 | node_29 | INFO ] 📈 Evaluated. Results: {'test_loss': 0.24917930364608765, 'test_acc': 0.9700000286102295, 'test_precision': 0.9722071886062622, 'test_recall': 0.9609646797180176, 'test_f1': 0.9652765393257141, 'communication_cost': 30107168}
[ 2026-05-13 06:06:04 | node_28 | INFO ] ✅ [FORCE] Local model added for round 48. (1/9)
[ 2026-05-13 06:06:04 | node_24 | INFO ] 🏋️‍♀️ Preparing training...
[ 2026-05-13 06:06:04 | node_29 | INFO ] 📢 Broadcasting metrics.
[ 2026-05-13 06:06:04 | node_8 | INFO ] 🎉 Round 48 of 50 finished.
[ 2026-05-13 06:06:04 | node_42 | INFO ] 🧠 Aggregation complete. Setting new model.
[ 2026-05-13 06:06:04 | node_8 | INFO ] 🗳️ [DETERMINISTIC] Train set assigned (No Voting). Size: 50
[ 2026-05-13 06:06:04 | node_36 | INFO ] 🎓 Training step done.
[ 2026-05-13 06:06:04 | node_36 | INFO ] 🛠️ Calling force_add_local_model...
[ 2026-05-13 06:06:04 | node_12 | INFO ] 🎉 Round 48 of 50 finished.
[ 2026-05-13 06:06:04 | node_24 | INFO ] 🎓 Training step done.
[ 2026-05-13 06:06:04 | node_36 | INFO ] ✅ [FORCE] Local model added for round 48. (1/8)
[ 2026-05-13 06:06:04 | node_24 | INFO ] 🛠️ Calling force_add_local_model...
[ 2026-05-13 06:06:04 | node_8 | INFO ] 🏋️‍♀️ Preparing training...
[ 2026-05-13 06:06:04 | node_12 | INFO ] 🗳️ [DETERMINISTIC] Train set assigned (No Voting). Size: 50
[ 2026-05-13 06:06:04 | node_32 | INFO ] 🗣️ Gossiping aggregated model.
[ 2026-05-13 06:06:04 | node_24 | INFO ] ✅ [FORCE] Local model added for round 48. (1/4)
[ 2026-05-13 06:06:05 | node_12 | INFO ] ♻️ Proactively processing 1 early models for round 48.
[ 2026-05-13 06:06:05 | node_41 | INFO ] 🤫 Gossip finished.
[ 2026-05-13 06:06:05 | node_12 | INFO ] 🧩 Model added for round 48 (1/7) from ['node_13']
[ 2026-05-13 06:06:05 | node_12 | INFO ] 🏋️‍♀️ Preparing training...
[ 2026-05-13 06:06:05 | node_41 | INFO ] 🔬 Evaluating...
[ 2026-05-13 06:06:05 | node_8 | INFO ] 🎓 Training step done.
[ 2026-05-13 06:06:05 | node_8 | INFO ] 🛠️ Calling force_add_local_model...
[ 2026-05-13 06:06:05 | node_17 | INFO ] 🤫 Gossip finished.
[ 2026-05-13 06:06:05 | node_8 | INFO ] ✅ [FORCE] Local model added for round 48. (1/12)
[ 2026-05-13 06:06:05 | node_43 | INFO ] 🧩 Model added for round 47 (12/12) from ['node_39']
[ 2026-05-13 06:06:05 | node_41 | INFO ] 📈 Evaluated. Results: {'test_loss': 0.05672195926308632, 'test_acc': 0.9850000143051147, 'test_precision': 0.9867424964904785, 'test_recall': 0.9855701923370361, 'test_f1': 0.9858046770095825, 'communication_cost': 18816980}
[ 2026-05-13 06:06:05 | node_17 | INFO ] 🔬 Evaluating...
[ 2026-05-13 06:06:05 | node_42 | INFO ] 🗣️ Gossiping aggregated model.
[ 2026-05-13 06:06:05 | node_41 | INFO ] 📢 Broadcasting metrics.
[ 2026-05-13 06:06:05 | node_12 | INFO ] 🎓 Training step done.
[ 2026-05-13 06:06:05 | node_12 | INFO ] 🛠️ Calling force_add_local_model...
[ 2026-05-13 06:06:05 | node_12 | INFO ] ✅ [FORCE] Local model added for round 48. (2/7)
[ 2026-05-13 06:06:05 | node_17 | INFO ] 📈 Evaluated. Results: {'test_loss': 0.25382059812545776, 'test_acc': 0.9700000286102295, 'test_precision': 0.9697714447975159, 'test_recall': 0.966570258140564, 'test_f1': 0.966532826423645, 'communication_cost': 33870564}
[ 2026-05-13 06:06:06 | node_44 | INFO ] 🤫 Gossip finished.
[ 2026-05-13 06:06:06 | node_17 | INFO ] 📢 Broadcasting metrics.
[ 2026-05-13 06:06:06 | node_44 | INFO ] 🔬 Evaluating...
[ 2026-05-13 06:06:06 | node_43 | INFO ] 🧠 Aggregation complete. Setting new model.
[ 2026-05-13 06:06:06 | node_45 | INFO ] 📤 Sending model to 6 direct neighbors: ['node_6', 'node_7', 'node_8', 'node_10', 'node_20', 'node_28']
[ 2026-05-13 06:06:06 | node_20 | INFO ] 📤 Sending model to 5 direct neighbors: ['node_4', 'node_26', 'node_30', 'node_36', 'node_45']
[ 2026-05-13 06:06:06 | node_44 | INFO ] 📈 Evaluated. Results: {'test_loss': 0.23400956392288208, 'test_acc': 0.9800000190734863, 'test_precision': 0.9817636609077454, 'test_recall': 0.9717931151390076, 'test_f1': 0.9756616950035095, 'communication_cost': 30107168}
[ 2026-05-13 06:06:06 | node_44 | INFO ] 📢 Broadcasting metrics.
[ 2026-05-13 06:06:07 | node_43 | INFO ] 🗣️ Gossiping aggregated model.
[ 2026-05-13 06:06:07 | node_19 | INFO ] 📤 Sending model to 3 direct neighbors: ['node_14', 'node_16', 'node_22']
[ 2026-05-13 06:06:07 | node_41 | INFO ] 🎉 Round 48 of 50 finished.
[ 2026-05-13 06:06:08 | node_41 | INFO ] 🗳️ [DETERMINISTIC] Train set assigned (No Voting). Size: 50
[ 2026-05-13 06:06:08 | node_29 | INFO ] 🎉 Round 48 of 50 finished.
[ 2026-05-13 06:06:08 | node_49 | INFO ] 🧩 Model added for round 47 (10/10) from ['node_39']
[ 2026-05-13 06:06:08 | node_29 | INFO ] 🗳️ [DETERMINISTIC] Train set assigned (No Voting). Size: 50
[ 2026-05-13 06:06:08 | node_10 | INFO ] 🎉 Round 48 of 50 finished.
[ 2026-05-13 06:06:08 | node_10 | INFO ] 🗳️ [DETERMINISTIC] Train set assigned (No Voting). Size: 50
[ 2026-05-13 06:06:08 | node_29 | INFO ] 🏋️‍♀️ Preparing training...
[ 2026-05-13 06:06:08 | node_41 | INFO ] 🏋️‍♀️ Preparing training...
[ 2026-05-13 06:06:08 | node_10 | INFO ] 🏋️‍♀️ Preparing training...
[ 2026-05-13 06:06:08 | node_33 | INFO ] 🤫 Gossip finished.
[ 2026-05-13 06:06:08 | node_33 | INFO ] 🔬 Evaluating...
[ 2026-05-13 06:06:08 | node_38 | INFO ] 📤 Sending model to 7 direct neighbors: ['node', 'node_2', 'node_13', 'node_15', 'node_30', 'node_33', 'node_36']
[ 2026-05-13 06:06:08 | node_29 | INFO ] 🎓 Training step done.
[ 2026-05-13 06:06:08 | node_8 | INFO ] 🧩 Model added for round 48 (2/12) from ['node_45']
[ 2026-05-13 06:06:08 | node_29 | INFO ] 🛠️ Calling force_add_local_model...
[ 2026-05-13 06:06:08 | node_33 | INFO ] 📈 Evaluated. Results: {'test_loss': 0.3355054557323456, 'test_acc': 0.9750000238418579, 'test_precision': 0.9755314588546753, 'test_recall': 0.9717105627059937, 'test_f1': 0.9730028510093689, 'communication_cost': 22580376}
[ 2026-05-13 06:06:08 | node_10 | INFO ] 🎓 Training step done.
[ 2026-05-13 06:06:08 | node_29 | INFO ] ✅ [FORCE] Local model added for round 48. (1/9)
[ 2026-05-13 06:06:08 | node_41 | INFO ] 🎓 Training step done.
[ 2026-05-13 06:06:09 | node_33 | INFO ] 📢 Broadcasting metrics.
[ 2026-05-13 06:06:09 | node_10 | INFO ] 🛠️ Calling force_add_local_model...
[ 2026-05-13 06:06:09 | node_41 | INFO ] 🛠️ Calling force_add_local_model...
[ 2026-05-13 06:06:09 | node_10 | INFO ] ✅ [FORCE] Local model added for round 48. (1/9)
[ 2026-05-13 06:06:09 | node_49 | INFO ] 🧠 Aggregation complete. Setting new model.
[ 2026-05-13 06:06:09 | node_28 | INFO ] 📤 Sending model to 8 direct neighbors: ['node_3', 'node_11', 'node_12', 'node_30', 'node_36', 'node_41', 'node_44', 'node_45']
[ 2026-05-13 06:06:09 | node_41 | INFO ] ✅ [FORCE] Local model added for round 48. (1/6)
[ 2026-05-13 06:06:09 | node_17 | INFO ] 🎉 Round 48 of 50 finished.
[ 2026-05-13 06:06:09 | node_17 | INFO ] 🗳️ [DETERMINISTIC] Train set assigned (No Voting). Size: 50
[ 2026-05-13 06:06:09 | node_17 | INFO ] 🏋️‍♀️ Preparing training...
[ 2026-05-13 06:06:09 | node_36 | INFO ] 🧩 Model added for round 48 (2/8) from ['node_20']
[ 2026-05-13 06:06:09 | node_36 | INFO ] 📤 Sending model to 7 direct neighbors: ['node_3', 'node_20', 'node_21', 'node_28', 'node_37', 'node_38', 'node_40']
[ 2026-05-13 06:06:10 | node_24 | INFO ] 📤 Sending model to 3 direct neighbors: ['node_15', 'node_25', 'node_34']
[ 2026-05-13 06:06:10 | node_31 | INFO ] 🤫 Gossip finished.
[ 2026-05-13 06:06:10 | node_31 | INFO ] 🔬 Evaluating...
[ 2026-05-13 06:06:10 | node_17 | INFO ] 🎓 Training step done.
[ 2026-05-13 06:06:10 | node_13 | INFO ] 🧩 Model added for round 48 (2/7) from ['node_38']
[ 2026-05-13 06:06:10 | node_2 | INFO ] 🤫 Gossip finished.
[ 2026-05-13 06:06:10 | node_17 | INFO ] 🛠️ Calling force_add_local_model...
[ 2026-05-13 06:06:10 | node_49 | INFO ] 🗣️ Gossiping aggregated model.
[ 2026-05-13 06:06:10 | node_17 | INFO ] ✅ [FORCE] Local model added for round 48. (1/10)
[ 2026-05-13 06:06:10 | node_8 | INFO ] 📤 Sending model to 11 direct neighbors: ['node_2', 'node_9', 'node_12', 'node_14', 'node_16', 'node_22', 'node_31', 'node_34', 'node_37', 'node_45', 'node_47']
[ 2026-05-13 06:06:10 | node_46 | INFO ] 🤫 Gossip finished.
[ 2026-05-13 06:06:10 | node_31 | INFO ] 📈 Evaluated. Results: {'test_loss': 0.4233437478542328, 'test_acc': 0.9399999976158142, 'test_precision': 0.9404383897781372, 'test_recall': 0.9444332122802734, 'test_f1': 0.9412295818328857, 'communication_cost': 22580376}
[ 2026-05-13 06:06:10 | node_2 | INFO ] 🔬 Evaluating...
[ 2026-05-13 06:06:11 | node_31 | INFO ] 📢 Broadcasting metrics.
[ 2026-05-13 06:06:11 | node_12 | INFO ] 🧩 Model added for round 48 (3/7) from ['node_28']
[ 2026-05-13 06:06:11 | node_20 | INFO ] 🧩 Model added for round 48 (2/6) from ['node_36']
[ 2026-05-13 06:06:11 | node_10 | INFO ] 🧩 Model added for round 48 (2/9) from ['node_45']
[ 2026-05-13 06:06:11 | node_39 | INFO ] 🧠 Aggregation complete. Setting new model.
[ 2026-05-13 06:06:11 | node_46 | INFO ] 🔬 Evaluating...
[ 2026-05-13 06:06:11 | node_12 | INFO ] 📤 Sending model to 6 direct neighbors: ['node_5', 'node_6', 'node_8', 'node_13', 'node_25', 'node_28']
[ 2026-05-13 06:06:11 | node_2 | INFO ] 📈 Evaluated. Results: {'test_loss': 0.112608902156353, 'test_acc': 0.9800000190734863, 'test_precision': 0.9829485416412354, 'test_recall': 0.9820662140846252, 'test_f1': 0.9821758270263672, 'communication_cost': 45160752}
[ 2026-05-13 06:06:11 | node_2 | INFO ] 📢 Broadcasting metrics.
[ 2026-05-13 06:06:11 | node_46 | INFO ] 📈 Evaluated. Results: {'test_loss': 0.18170586228370667, 'test_acc': 0.9800000190734863, 'test_precision': 0.9817368984222412, 'test_recall': 0.9822660684585571, 'test_f1': 0.9812048077583313, 'communication_cost': 26343772}
[ 2026-05-13 06:06:11 | node_44 | INFO ] 🎉 Round 48 of 50 finished.
[ 2026-05-13 06:06:11 | node_46 | INFO ] 📢 Broadcasting metrics.
[ 2026-05-13 06:06:11 | node_44 | INFO ] 🗳️ [DETERMINISTIC] Train set assigned (No Voting). Size: 50
[ 2026-05-13 06:06:12 | node_45 | INFO ] 🧩 Model added for round 48 (2/7) from ['node_20']
[ 2026-05-13 06:06:12 | node_44 | INFO ] 🏋️‍♀️ Preparing training...
[ 2026-05-13 06:06:12 | node_12 | INFO ] 🧩 Model added for round 48 (4/7) from ['node_8']
[ 2026-05-13 06:06:12 | node_44 | INFO ] 🎓 Training step done.
[ 2026-05-13 06:06:12 | node_8 | INFO ] 🧩 Model added for round 48 (3/12) from ['node_12']
[ 2026-05-13 06:06:12 | node_33 | INFO ] 🎉 Round 48 of 50 finished.
[ 2026-05-13 06:06:12 | node_44 | INFO ] 🛠️ Calling force_add_local_model...
[ 2026-05-13 06:06:12 | node_33 | INFO ] 🗳️ [DETERMINISTIC] Train set assigned (No Voting). Size: 50
[ 2026-05-13 06:06:12 | node_44 | INFO ] ✅ [FORCE] Local model added for round 48. (1/9)
[ 2026-05-13 06:06:13 | node_28 | INFO ] 🧩 Model added for round 48 (2/9) from ['node_36']
[ 2026-05-13 06:06:13 | node_33 | INFO ] 🏋️‍♀️ Preparing training...
[ 2026-05-13 06:06:13 | node_33 | INFO ] 🧩 Model added for round 48 (1/7) from ['node_38']
[ 2026-05-13 06:06:13 | node_32 | INFO ] 🤫 Gossip finished.
[ 2026-05-13 06:06:13 | node_20 | INFO ] 🧩 Model added for round 48 (3/6) from ['node_45']
[ 2026-05-13 06:06:13 | node_27 | INFO ] 🤫 Gossip finished.
[ 2026-05-13 06:06:13 | node_36 | INFO ] 🧩 Model added for round 48 (3/8) from ['node_28']
[ 2026-05-13 06:06:13 | node_32 | INFO ] 🔬 Evaluating...
[ 2026-05-13 06:06:13 | node_27 | INFO ] 🔬 Evaluating...
[ 2026-05-13 06:06:13 | node | INFO ] 🤫 Gossip finished.
[ 2026-05-13 06:06:13 | node_39 | INFO ] 🗣️ Gossiping aggregated model.
[ 2026-05-13 06:06:13 | node | INFO ] 🔬 Evaluating...
[ 2026-05-13 06:06:13 | node_32 | INFO ] 📈 Evaluated. Results: {'test_loss': 0.1620713770389557, 'test_acc': 0.9800000190734863, 'test_precision': 0.9766813516616821, 'test_recall': 0.9794194102287292, 'test_f1': 0.9777265787124634, 'communication_cost': 37633960}
[ 2026-05-13 06:06:13 | node_33 | INFO ] 🎓 Training step done.
[ 2026-05-13 06:06:13 | node_27 | INFO ] 📈 Evaluated. Results: {'test_loss': 0.13200928270816803, 'test_acc': 0.9649999737739563, 'test_precision': 0.9615957140922546, 'test_recall': 0.96661776304245, 'test_f1': 0.9633778929710388, 'communication_cost': 22580376}
[ 2026-05-13 06:06:13 | node_33 | INFO ] 🛠️ Calling force_add_local_model...
[ 2026-05-13 06:06:13 | node_23 | INFO ] 🤫 Gossip finished.
[ 2026-05-13 06:06:13 | node_32 | INFO ] 📢 Broadcasting metrics.
[ 2026-05-13 06:06:13 | node_33 | INFO ] ✅ [FORCE] Local model added for round 48. (2/7)
[ 2026-05-13 06:06:13 | node_27 | INFO ] 📢 Broadcasting metrics.
[ 2026-05-13 06:06:13 | node_23 | INFO ] 🔬 Evaluating...
[ 2026-05-13 06:06:13 | node | INFO ] 📈 Evaluated. Results: {'test_loss': 0.07871351391077042, 'test_acc': 0.9800000190734863, 'test_precision': 0.9783016443252563, 'test_recall': 0.9810742735862732, 'test_f1': 0.9788272380828857, 'communication_cost': 52687544}
[ 2026-05-13 06:06:13 | node | INFO ] 📢 Broadcasting metrics.
[ 2026-05-13 06:06:14 | node_29 | INFO ] 📤 Sending model to 8 direct neighbors: ['node', 'node_5', 'node_7', 'node_21', 'node_27', 'node_40', 'node_44', 'node_46']
[ 2026-05-13 06:06:14 | node_23 | INFO ] 📈 Evaluated. Results: {'test_loss': 0.20484183728694916, 'test_acc': 0.9700000286102295, 'test_precision': 0.9709091186523438, 'test_recall': 0.9693745970726013, 'test_f1': 0.9689976572990417, 'communication_cost': 26343772}
[ 2026-05-13 06:06:14 | node_28 | INFO ] 🧩 Model added for round 48 (3/9) from ['node_45']
[ 2026-05-13 06:06:14 | node_10 | INFO ] 📤 Sending model to 8 direct neighbors: ['node_3', 'node_17', 'node_22', 'node_25', 'node_26', 'node_30', 'node_45', 'node_46']
[ 2026-05-13 06:06:14 | node_41 | INFO ] 📤 Sending model to 5 direct neighbors: ['node_1', 'node_2', 'node_28', 'node_32', 'node_47']
[ 2026-05-13 06:06:14 | node_23 | INFO ] 📢 Broadcasting metrics.
[ 2026-05-13 06:06:14 | node_36 | INFO ] 🧩 Model added for round 48 (4/8) from ['node_38']
[ 2026-05-13 06:06:14 | node_42 | INFO ] 🤫 Gossip finished.
[ 2026-05-13 06:06:14 | node_42 | INFO ] 🔬 Evaluating...
[ 2026-05-13 06:06:14 | node_41 | INFO ] 🧩 Model added for round 48 (2/6) from ['node_28']
[ 2026-05-13 06:06:14 | node_13 | INFO ] 🧩 Model added for round 48 (3/7) from ['node_12']
[ 2026-05-13 06:06:15 | node_42 | INFO ] 📈 Evaluated. Results: {'test_loss': 0.12077047675848007, 'test_acc': 0.949999988079071, 'test_precision': 0.9582739472389221, 'test_recall': 0.9490736126899719, 'test_f1': 0.9505111575126648, 'communication_cost': 22580376}
[ 2026-05-13 06:06:15 | node_38 | INFO ] 🧩 Model added for round 48 (3/8) from ['node_36']
[ 2026-05-13 06:06:15 | node_42 | INFO ] 📢 Broadcasting metrics.
[ 2026-05-13 06:06:15 | node_31 | INFO ] 🎉 Round 48 of 50 finished.
[ 2026-05-13 06:06:15 | node_17 | INFO ] 🧩 Model added for round 48 (2/10) from ['node_10']
[ 2026-05-13 06:06:15 | node_31 | INFO ] 🗳️ [DETERMINISTIC] Train set assigned (No Voting). Size: 50
[ 2026-05-13 06:06:15 | node_31 | INFO ] ♻️ Proactively processing 1 early models for round 48.
[ 2026-05-13 06:06:15 | node_31 | INFO ] 🧩 Model added for round 48 (1/7) from ['node_8']
[ 2026-05-13 06:06:15 | node_28 | INFO ] 🧩 Model added for round 48 (4/9) from ['node_41']
[ 2026-05-13 06:06:15 | node_17 | INFO ] 📤 Sending model to 9 direct neighbors: ['node_4', 'node_5', 'node_10', 'node_11', 'node_30', 'node_32', 'node_33', 'node_40', 'node_42']
[ 2026-05-13 06:06:15 | node_31 | INFO ] 🏋️‍♀️ Preparing training...
[ 2026-05-13 06:06:16 | node_45 | INFO ] 🧩 Model added for round 48 (3/7) from ['node_8']
[ 2026-05-13 06:06:16 | node_44 | INFO ] 🧩 Model added for round 48 (2/9) from ['node_28']
[ 2026-05-13 06:06:16 | node_31 | INFO ] 🎓 Training step done.
[ 2026-05-13 06:06:16 | node_31 | INFO ] 🛠️ Calling force_add_local_model...
[ 2026-05-13 06:06:16 | node_46 | INFO ] 🎉 Round 48 of 50 finished.
[ 2026-05-13 06:06:16 | node_31 | INFO ] ✅ [FORCE] Local model added for round 48. (2/7)
[ 2026-05-13 06:06:16 | node_46 | INFO ] 🗳️ [DETERMINISTIC] Train set assigned (No Voting). Size: 50
[ 2026-05-13 06:06:16 | node_46 | INFO ] 🏋️‍♀️ Preparing training...
[ 2026-05-13 06:06:16 | node_28 | INFO ] 🧩 Model added for round 48 (5/9) from ['node_12']
[ 2026-05-13 06:06:17 | node_10 | INFO ] 🧩 Model added for round 48 (3/9) from ['node_17']
[ 2026-05-13 06:06:17 | node_44 | INFO ] 🧩 Model added for round 48 (3/9) from ['node_29']
[ 2026-05-13 06:06:17 | node_46 | INFO ] 🎓 Training step done.
[ 2026-05-13 06:06:17 | node_46 | INFO ] 🛠️ Calling force_add_local_model...
[ 2026-05-13 06:06:17 | node_46 | INFO ] ✅ [FORCE] Local model added for round 48. (1/8)
[ 2026-05-13 06:06:17 | node_27 | INFO ] 🎉 Round 48 of 50 finished.
[ 2026-05-13 06:06:18 | node_44 | INFO ] 📤 Sending model to 8 direct neighbors: ['node_25', 'node_27', 'node_28', 'node_29', 'node_30', 'node_31', 'node_42', 'node_46']
[ 2026-05-13 06:06:18 | node_27 | INFO ] 🗳️ [DETERMINISTIC] Train set assigned (No Voting). Size: 50
[ 2026-05-13 06:06:18 | node_45 | INFO ] 🧩 Model added for round 48 (4/7) from ['node_28']
[ 2026-05-13 06:06:18 | node_27 | INFO ] ♻️ Proactively processing 1 early models for round 48.
[ 2026-05-13 06:06:18 | node_27 | INFO ] 🧩 Model added for round 48 (1/7) from ['node_29']
[ 2026-05-13 06:06:18 | node_27 | INFO ] 🏋️‍♀️ Preparing training...
[ 2026-05-13 06:06:18 | node_33 | INFO ] 📤 Sending model to 6 direct neighbors: ['node_15', 'node_16', 'node_17', 'node_37', 'node_38', 'node_43']
[ 2026-05-13 06:06:18 | node_27 | INFO ] 🧩 Model added for round 48 (2/7) from ['node_44']
[ 2026-05-13 06:06:19 | node_27 | INFO ] 🎓 Training step done.
[ 2026-05-13 06:06:19 | node_45 | INFO ] 🧩 Model added for round 48 (5/7) from ['node_10']
[ 2026-05-13 06:06:19 | node_27 | INFO ] 🛠️ Calling force_add_local_model...
[ 2026-05-13 06:06:19 | node_42 | INFO ] 🎉 Round 48 of 50 finished.
[ 2026-05-13 06:06:19 | node_46 | INFO ] 🧩 Model added for round 48 (2/8) from ['node_29']
[ 2026-05-13 06:06:19 | node_27 | INFO ] ✅ [FORCE] Local model added for round 48. (3/7)
[ 2026-05-13 06:06:19 | node_42 | INFO ] 🗳️ [DETERMINISTIC] Train set assigned (No Voting). Size: 50
[ 2026-05-13 06:06:19 | node_23 | INFO ] 🎉 Round 48 of 50 finished.
[ 2026-05-13 06:06:19 | node_23 | INFO ] 🗳️ [DETERMINISTIC] Train set assigned (No Voting). Size: 50
[ 2026-05-13 06:06:19 | node_2 | INFO ] 🎉 Round 48 of 50 finished.
[ 2026-05-13 06:06:19 | node_42 | INFO ] 🏋️‍♀️ Preparing training...
[ 2026-05-13 06:06:19 | node_23 | INFO ] 🏋️‍♀️ Preparing training...
[ 2026-05-13 06:06:19 | node_2 | INFO ] 🗳️ [DETERMINISTIC] Train set assigned (No Voting). Size: 50
[ 2026-05-13 06:06:19 | node_2 | INFO ] ♻️ Proactively processing 3 early models for round 48.
[ 2026-05-13 06:06:19 | node_17 | INFO ] 🧩 Model added for round 48 (3/10) from ['node_33']
[ 2026-05-13 06:06:19 | node_2 | INFO ] 🧩 Model added for round 48 (1/13) from ['node_38']
[ 2026-05-13 06:06:20 | node_2 | INFO ] 🧩 Model added for round 48 (2/13) from ['node_8']
[ 2026-05-13 06:06:20 | node_2 | INFO ] 🧩 Model added for round 48 (3/13) from ['node_41']
[ 2026-05-13 06:06:20 | node_42 | INFO ] 🎓 Training step done.
[ 2026-05-13 06:06:20 | node_2 | INFO ] 🏋️‍♀️ Preparing training...
[ 2026-05-13 06:06:20 | node_42 | INFO ] 🛠️ Calling force_add_local_model...
[ 2026-05-13 06:06:20 | node_33 | INFO ] 🧩 Model added for round 48 (3/7) from ['node_17']
[ 2026-05-13 06:06:20 | node_42 | INFO ] ✅ [FORCE] Local model added for round 48. (1/7)
[ 2026-05-13 06:06:20 | node_23 | INFO ] 🎓 Training step done.
[ 2026-05-13 06:06:20 | node_28 | INFO ] 🧩 Model added for round 48 (6/9) from ['node_44']
[ 2026-05-13 06:06:20 | node_23 | INFO ] 🛠️ Calling force_add_local_model...
[ 2026-05-13 06:06:20 | node_23 | INFO ] ✅ [FORCE] Local model added for round 48. (1/8)
[ 2026-05-13 06:06:20 | node_32 | INFO ] 🎉 Round 48 of 50 finished.
[ 2026-05-13 06:06:20 | node_46 | INFO ] 🧩 Model added for round 48 (3/8) from ['node_10']
[ 2026-05-13 06:06:20 | node_32 | INFO ] 🗳️ [DETERMINISTIC] Train set assigned (No Voting). Size: 50
[ 2026-05-13 06:06:20 | node_2 | INFO ] 🎓 Training step done.
[ 2026-05-13 06:06:20 | node_32 | INFO ] ♻️ Proactively processing 2 early models for round 48.
[ 2026-05-13 06:06:20 | node_2 | INFO ] 🛠️ Calling force_add_local_model...
[ 2026-05-13 06:06:20 | node_32 | INFO ] 🧩 Model added for round 48 (1/11) from ['node_41']
[ 2026-05-13 06:06:20 | node_2 | INFO ] ✅ [FORCE] Local model added for round 48. (4/13)
[ 2026-05-13 06:06:20 | node_32 | INFO ] 🧩 Model added for round 48 (2/11) from ['node_17']
[ 2026-05-13 06:06:20 | node_32 | INFO ] 🏋️‍♀️ Preparing training...
[ 2026-05-13 06:06:21 | node_32 | INFO ] 🎓 Training step done.
[ 2026-05-13 06:06:21 | node_32 | INFO ] 🛠️ Calling force_add_local_model...
[ 2026-05-13 06:06:21 | node_32 | INFO ] ✅ [FORCE] Local model added for round 48. (3/11)
[ 2026-05-13 06:06:21 | node_42 | INFO ] 🧩 Model added for round 48 (2/7) from ['node_17']
[ 2026-05-13 06:06:21 | node_31 | INFO ] 📤 Sending model to 6 direct neighbors: ['node_4', 'node_6', 'node_7', 'node_8', 'node_44', 'node_49']
[ 2026-05-13 06:06:21 | node_29 | INFO ] 🧩 Model added for round 48 (2/9) from ['node_44']
[ 2026-05-13 06:06:21 | node_38 | INFO ] 🧩 Model added for round 48 (4/8) from ['node_33']
[ 2026-05-13 06:06:22 | node | INFO ] 🎉 Round 48 of 50 finished.
[ 2026-05-13 06:06:22 | node | INFO ] 🗳️ [DETERMINISTIC] Train set assigned (No Voting). Size: 50
[ 2026-05-13 06:06:22 | node | INFO ] ♻️ Proactively processing 3 early models for round 48.
[ 2026-05-13 06:06:22 | node | INFO ] 🧩 Model added for round 48 (1/15) from ['node_18']
[ 2026-05-13 06:06:22 | node | INFO ] 🧩 Model added for round 48 (2/15) from ['node_38']
[ 2026-05-13 06:06:22 | node | INFO ] 🧩 Model added for round 48 (3/15) from ['node_29']
[ 2026-05-13 06:06:22 | node | INFO ] 🏋️‍♀️ Preparing training...
[ 2026-05-13 06:06:22 | node_46 | INFO ] 📤 Sending model to 7 direct neighbors: ['node_10', 'node_14', 'node_15', 'node_29', 'node_43', 'node_44', 'node_49']
[ 2026-05-13 06:06:22 | node_8 | INFO ] 🧩 Model added for round 48 (4/12) from ['node_31']
[ 2026-05-13 06:06:22 | node | INFO ] 🎓 Training step done.
[ 2026-05-13 06:06:23 | node_10 | INFO ] 🧩 Model added for round 48 (4/9) from ['node_46']
[ 2026-05-13 06:06:23 | node | INFO ] 🛠️ Calling force_add_local_model...
[ 2026-05-13 06:06:23 | node | INFO ] ✅ [FORCE] Local model added for round 48. (4/15)
[ 2026-05-13 06:06:23 | node_31 | INFO ] 🧩 Model added for round 48 (3/7) from ['node_44']
[ 2026-05-13 06:06:24 | node_42 | INFO ] 🧩 Model added for round 48 (3/7) from ['node_44']
[ 2026-05-13 06:06:24 | node_27 | INFO ] 📤 Sending model to 6 direct neighbors: ['node_2', 'node_21', 'node_29', 'node_32', 'node_39', 'node_44']
[ 2026-05-13 06:06:24 | node_44 | INFO ] 🧩 Model added for round 48 (4/9) from ['node_31']
[ 2026-05-13 06:06:24 | node_2 | INFO ] 🧩 Model added for round 48 (5/13) from ['node_27']
[ 2026-05-13 06:06:24 | node_29 | INFO ] 🧩 Model added for round 48 (3/9) from ['node_46']
[ 2026-05-13 06:06:25 | node_42 | INFO ] 📤 Sending model to 6 direct neighbors: ['node_3', 'node_14', 'node_17', 'node_34', 'node_39', 'node_44']
[ 2026-05-13 06:06:25 | node_46 | INFO ] 🧩 Model added for round 48 (4/8) from ['node_44']
[ 2026-05-13 06:06:25 | node_23 | INFO ] 📤 Sending model to 7 direct neighbors: ['node_2', 'node_3', 'node_11', 'node_14', 'node_39', 'node_47', 'node_49']
[ 2026-05-13 06:06:25 | node_2 | INFO ] 📤 Sending model to 12 direct neighbors: ['node_5', 'node_8', 'node_9', 'node_11', 'node_16', 'node_23', 'node_27', 'node_37', 'node_38', 'node_41', 'node_47', 'node_49']
[ 2026-05-13 06:06:26 | node_2 | INFO ] 🧩 Model added for round 48 (6/13) from ['node_23']
[ 2026-05-13 06:06:26 | node_17 | INFO ] 🧩 Model added for round 48 (4/10) from ['node_42']
[ 2026-05-13 06:06:26 | node_32 | INFO ] 📤 Sending model to 10 direct neighbors: ['node', 'node_4', 'node_7', 'node_17', 'node_27', 'node_30', 'node_39', 'node_40', 'node_41', 'node_49']
[ 2026-05-13 06:06:26 | node_8 | INFO ] 🧩 Model added for round 48 (5/12) from ['node_2']
[ 2026-05-13 06:06:26 | node_44 | INFO ] 🧩 Model added for round 48 (5/9) from ['node_46']
[ 2026-05-13 06:06:26 | node | INFO ] 🧩 Model added for round 48 (5/15) from ['node_32']
[ 2026-05-13 06:06:27 | node_29 | INFO ] 🧩 Model added for round 48 (4/9) from ['node_27']
[ 2026-05-13 06:06:28 | node | INFO ] 📤 Sending model to 14 direct neighbors: ['node_3', 'node_5', 'node_6', 'node_9', 'node_16', 'node_18', 'node_21', 'node_29', 'node_30', 'node_32', 'node_38', 'node_39', 'node_47', 'node_49']
[ 2026-05-13 06:06:28 | node_32 | INFO ] 🧩 Model added for round 48 (4/11) from ['node_27']
[ 2026-05-13 06:06:28 | node_44 | INFO ] 🧩 Model added for round 48 (6/9) from ['node_42']
[ 2026-05-13 06:06:29 | node_23 | INFO ] 🧩 Model added for round 48 (2/8) from ['node_2']
[ 2026-05-13 06:06:30 | node_17 | INFO ] 🧩 Model added for round 48 (5/10) from ['node_32']
[ 2026-05-13 06:06:30 | node_18 | INFO ] 🧩 Model added for round 48 (2/5) from ['node']
[ 2026-05-13 06:06:30 | node_44 | INFO ] 🧩 Model added for round 48 (7/9) from ['node_27']
[ 2026-05-13 06:06:30 | node_27 | INFO ] 🧩 Model added for round 48 (4/7) from ['node_2']
[ 2026-05-13 06:06:31 | node_29 | INFO ] 🧩 Model added for round 48 (5/9) from ['node']
[ 2026-05-13 06:06:31 | node_27 | INFO ] 🧩 Model added for round 48 (5/7) from ['node_32']
[ 2026-05-13 06:06:32 | node_38 | INFO ] 🧩 Model added for round 48 (5/8) from ['node_2']
[ 2026-05-13 06:06:33 | node_32 | INFO ] 🧩 Model added for round 48 (5/11) from ['node']
[ 2026-05-13 06:06:34 | node_41 | INFO ] 🧩 Model added for round 48 (3/6) from ['node_2']
[ 2026-05-13 06:06:34 | node_41 | INFO ] 🧩 Model added for round 48 (4/6) from ['node_32']
[ 2026-05-13 06:06:35 | node_38 | INFO ] 🧩 Model added for round 48 (6/8) from ['node']
[ 2026-05-13 06:06:49 | node_35 | INFO ] ⏹️  Gossiping exited for 50 equal rounds.
[ 2026-05-13 06:06:49 | node_35 | INFO ] 🔬 Evaluating...
[ 2026-05-13 06:06:50 | node_35 | INFO ] 📈 Evaluated. Results: {'test_loss': 0.16827596724033356, 'test_acc': 0.9649999737739563, 'test_precision': 0.9742600917816162, 'test_recall': 0.9624640941619873, 'test_f1': 0.9666318297386169, 'communication_cost': 15053584}
[ 2026-05-13 06:06:50 | node_35 | INFO ] 📢 Broadcasting metrics.
[ 2026-05-13 06:06:52 | node_35 | INFO ] 🎉 Round 48 of 50 finished.
[ 2026-05-13 06:06:52 | node_35 | INFO ] 🗳️ [DETERMINISTIC] Train set assigned (No Voting). Size: 50
[ 2026-05-13 06:06:52 | node_35 | INFO ] 🏋️‍♀️ Preparing training...
[ 2026-05-13 06:06:53 | node_35 | INFO ] 🎓 Training step done.
[ 2026-05-13 06:06:53 | node_35 | INFO ] 🛠️ Calling force_add_local_model...
[ 2026-05-13 06:06:53 | node_35 | INFO ] ✅ [FORCE] Local model added for round 48. (1/5)
[ 2026-05-13 06:06:58 | node_48 | INFO ] ⏹️  Gossiping exited for 50 equal rounds.
[ 2026-05-13 06:06:58 | node_48 | INFO ] 🔬 Evaluating...
[ 2026-05-13 06:06:58 | node_35 | INFO ] 📤 Sending model to 4 direct neighbors: ['node_1', 'node_5', 'node_22', 'node_47']
[ 2026-05-13 06:06:58 | node_48 | INFO ] 📈 Evaluated. Results: {'test_loss': 0.13445797562599182, 'test_acc': 0.9800000190734863, 'test_precision': 0.982194721698761, 'test_recall': 0.9794989228248596, 'test_f1': 0.9799559116363525, 'communication_cost': 18816980}
[ 2026-05-13 06:06:58 | node_48 | INFO ] 📢 Broadcasting metrics.
[ 2026-05-13 06:07:01 | node_48 | INFO ] 🎉 Round 48 of 50 finished.
[ 2026-05-13 06:07:01 | node_48 | INFO ] 🗳️ [DETERMINISTIC] Train set assigned (No Voting). Size: 50
[ 2026-05-13 06:07:01 | node_48 | INFO ] 🏋️‍♀️ Preparing training...
[ 2026-05-13 06:07:02 | node_48 | INFO ] 🎓 Training step done.
[ 2026-05-13 06:07:02 | node_48 | INFO ] 🛠️ Calling force_add_local_model...
[ 2026-05-13 06:07:02 | node_48 | INFO ] ✅ [FORCE] Local model added for round 48. (1/6)
[ 2026-05-13 06:07:07 | node_48 | INFO ] 📤 Sending model to 5 direct neighbors: ['node_14', 'node_21', 'node_26', 'node_34', 'node_40']
[ 2026-05-13 06:07:07 | node_21 | INFO ] ⏹️  Gossiping exited for 50 equal rounds.
[ 2026-05-13 06:07:08 | node_21 | INFO ] 🔬 Evaluating...
[ 2026-05-13 06:07:08 | node_21 | INFO ] 📈 Evaluated. Results: {'test_loss': 0.2404405027627945, 'test_acc': 0.9750000238418579, 'test_precision': 0.9802899360656738, 'test_recall': 0.9755372405052185, 'test_f1': 0.9771926403045654, 'communication_cost': 30107168}
[ 2026-05-13 06:07:08 | node_21 | INFO ] 📢 Broadcasting metrics.
[ 2026-05-13 06:07:08 | node_6 | INFO ] ⏹️  Gossiping exited for 50 equal rounds.
[ 2026-05-13 06:07:08 | node_6 | INFO ] 🔬 Evaluating...
[ 2026-05-13 06:07:09 | node_6 | INFO ] 📈 Evaluated. Results: {'test_loss': 0.138643279671669, 'test_acc': 0.9649999737739563, 'test_precision': 0.9709704518318176, 'test_recall': 0.9664022326469421, 'test_f1': 0.9672571420669556, 'communication_cost': 30107168}
[ 2026-05-13 06:07:09 | node_6 | INFO ] 📢 Broadcasting metrics.
[ 2026-05-13 06:07:12 | node_21 | INFO ] 🎉 Round 48 of 50 finished.
[ 2026-05-13 06:07:12 | node_21 | INFO ] 🗳️ [DETERMINISTIC] Train set assigned (No Voting). Size: 50
[ 2026-05-13 06:07:12 | node_21 | INFO ] ♻️ Proactively processing 6 early models for round 48.
[ 2026-05-13 06:07:12 | node_21 | INFO ] 🧩 Model added for round 48 (1/9) from ['node_13']
[ 2026-05-13 06:07:12 | node_21 | INFO ] 🧩 Model added for round 48 (2/9) from ['node_36']
[ 2026-05-13 06:07:12 | node_21 | INFO ] 🧩 Model added for round 48 (3/9) from ['node_29']
[ 2026-05-13 06:07:12 | node_21 | INFO ] 🧩 Model added for round 48 (4/9) from ['node_27']
[ 2026-05-13 06:07:12 | node_21 | INFO ] 🧩 Model added for round 48 (5/9) from ['node']
[ 2026-05-13 06:07:12 | node_21 | INFO ] 🧩 Model added for round 48 (6/9) from ['node_48']
[ 2026-05-13 06:07:12 | node_21 | INFO ] 🏋️‍♀️ Preparing training...
[ 2026-05-13 06:07:13 | node_6 | INFO ] 🎉 Round 48 of 50 finished.
[ 2026-05-13 06:07:13 | node_21 | INFO ] 🎓 Training step done.
[ 2026-05-13 06:07:13 | node_6 | INFO ] 🗳️ [DETERMINISTIC] Train set assigned (No Voting). Size: 50
[ 2026-05-13 06:07:13 | node_21 | INFO ] 🛠️ Calling force_add_local_model...
[ 2026-05-13 06:07:13 | node_21 | INFO ] ✅ [FORCE] Local model added for round 48. (7/9)
[ 2026-05-13 06:07:13 | node_6 | INFO ] ♻️ Proactively processing 4 early models for round 48.
[ 2026-05-13 06:07:13 | node_6 | INFO ] 🧩 Model added for round 48 (1/9) from ['node_45']
[ 2026-05-13 06:07:13 | node_6 | INFO ] 🧩 Model added for round 48 (2/9) from ['node_12']
[ 2026-05-13 06:07:13 | node_6 | INFO ] 🧩 Model added for round 48 (3/9) from ['node_31']
[ 2026-05-13 06:07:14 | node_6 | INFO ] 🧩 Model added for round 48 (4/9) from ['node']
[ 2026-05-13 06:07:14 | node_6 | INFO ] 🏋️‍♀️ Preparing training...
[ 2026-05-13 06:07:14 | node_6 | INFO ] 🎓 Training step done.
[ 2026-05-13 06:07:14 | node_6 | INFO ] 🛠️ Calling force_add_local_model...
[ 2026-05-13 06:07:14 | node_6 | INFO ] ✅ [FORCE] Local model added for round 48. (5/9)
[ 2026-05-13 06:07:16 | node_40 | INFO ] ⏹️  Gossiping exited for 50 equal rounds.
[ 2026-05-13 06:07:16 | node_40 | INFO ] 🔬 Evaluating...
[ 2026-05-13 06:07:17 | node_40 | INFO ] 📈 Evaluated. Results: {'test_loss': 0.2122582197189331, 'test_acc': 0.9649999737739563, 'test_precision': 0.9583054184913635, 'test_recall': 0.9606702327728271, 'test_f1': 0.9582455158233643, 'communication_cost': 26343772}
[ 2026-05-13 06:07:17 | node_40 | INFO ] 📢 Broadcasting metrics.
[ 2026-05-13 06:07:18 | node_21 | INFO ] 📤 Sending model to 8 direct neighbors: ['node', 'node_13', 'node_25', 'node_27', 'node_29', 'node_34', 'node_36', 'node_48']
[ 2026-05-13 06:07:19 | node | INFO ] 🧩 Model added for round 48 (6/15) from ['node_21']
[ 2026-05-13 06:07:19 | node_6 | INFO ] 📤 Sending model to 8 direct neighbors: ['node', 'node_9', 'node_12', 'node_15', 'node_25', 'node_31', 'node_40', 'node_45']
[ 2026-05-13 06:07:20 | node | INFO ] 🧩 Model added for round 48 (7/15) from ['node_6']
[ 2026-05-13 06:07:20 | node_40 | INFO ] 🎉 Round 48 of 50 finished.
[ 2026-05-13 06:07:20 | node_40 | INFO ] 🗳️ [DETERMINISTIC] Train set assigned (No Voting). Size: 50
[ 2026-05-13 06:07:20 | node_40 | INFO ] ♻️ Proactively processing 5 early models for round 48.
[ 2026-05-13 06:07:20 | node_40 | INFO ] 🧩 Model added for round 48 (1/8) from ['node_36']
[ 2026-05-13 06:07:20 | node_40 | INFO ] 🧩 Model added for round 48 (2/8) from ['node_29']
[ 2026-05-13 06:07:20 | node_40 | INFO ] 🧩 Model added for round 48 (3/8) from ['node_17']
[ 2026-05-13 06:07:20 | node_40 | INFO ] 🧩 Model added for round 48 (4/8) from ['node_32']
[ 2026-05-13 06:07:20 | node_40 | INFO ] 🧩 Model added for round 48 (5/8) from ['node_48']
[ 2026-05-13 06:07:20 | node_13 | INFO ] 🧩 Model added for round 48 (4/7) from ['node_21']
[ 2026-05-13 06:07:21 | node_40 | INFO ] 🏋️‍♀️ Preparing training...
[ 2026-05-13 06:07:21 | node_40 | INFO ] 🎓 Training step done.
[ 2026-05-13 06:07:21 | node_40 | INFO ] 🛠️ Calling force_add_local_model...
[ 2026-05-13 06:07:21 | node_40 | INFO ] ✅ [FORCE] Local model added for round 48. (6/8)
[ 2026-05-13 06:07:22 | node_27 | INFO ] 🧩 Model added for round 48 (6/7) from ['node_21']
[ 2026-05-13 06:07:22 | node_12 | INFO ] 🧩 Model added for round 48 (5/7) from ['node_6']
[ 2026-05-13 06:07:23 | node_29 | INFO ] 🧩 Model added for round 48 (6/9) from ['node_21']
[ 2026-05-13 06:07:24 | node_31 | INFO ] 🧩 Model added for round 48 (4/7) from ['node_6']
[ 2026-05-13 06:07:25 | node_36 | INFO ] 🧩 Model added for round 48 (5/8) from ['node_21']
[ 2026-05-13 06:07:25 | node_40 | INFO ] 🧩 Model added for round 48 (7/8) from ['node_6']
[ 2026-05-13 06:07:25 | node_7 | INFO ] ⏹️  Gossiping exited for 50 equal rounds.
[ 2026-05-13 06:07:25 | node_7 | INFO ] 🔬 Evaluating...
[ 2026-05-13 06:07:25 | node_7 | INFO ] 📈 Evaluated. Results: {'test_loss': 0.13872762024402618, 'test_acc': 0.9549999833106995, 'test_precision': 0.9487058520317078, 'test_recall': 0.9591273665428162, 'test_f1': 0.9514585733413696, 'communication_cost': 22580376}
[ 2026-05-13 06:07:26 | node_7 | INFO ] 📢 Broadcasting metrics.
[ 2026-05-13 06:07:26 | node_48 | INFO ] 🧩 Model added for round 48 (2/6) from ['node_21']
[ 2026-05-13 06:07:26 | node_40 | INFO ] 📤 Sending model to 7 direct neighbors: ['node_6', 'node_17', 'node_29', 'node_30', 'node_32', 'node_36', 'node_48']
[ 2026-05-13 06:07:26 | node_45 | INFO ] 🧩 Model added for round 48 (6/7) from ['node_6']
[ 2026-05-13 06:07:27 | node_6 | INFO ] 🧩 Model added for round 48 (6/9) from ['node_40']
[ 2026-05-13 06:07:28 | node_17 | INFO ] 🧩 Model added for round 48 (6/10) from ['node_40']
[ 2026-05-13 06:07:29 | node_7 | INFO ] 🎉 Round 48 of 50 finished.
[ 2026-05-13 06:07:29 | node_7 | INFO ] 🗳️ [DETERMINISTIC] Train set assigned (No Voting). Size: 50
[ 2026-05-13 06:07:29 | node_7 | INFO ] ♻️ Proactively processing 4 early models for round 48.
[ 2026-05-13 06:07:29 | node_7 | INFO ] 🧩 Model added for round 48 (1/7) from ['node_45']
[ 2026-05-13 06:07:29 | node_7 | INFO ] 🧩 Model added for round 48 (2/7) from ['node_29']
[ 2026-05-13 06:07:29 | node_7 | INFO ] 🧩 Model added for round 48 (3/7) from ['node_31']
[ 2026-05-13 06:07:29 | node_7 | INFO ] 🧩 Model added for round 48 (4/7) from ['node_32']
[ 2026-05-13 06:07:29 | node_7 | INFO ] 🏋️‍♀️ Preparing training...
[ 2026-05-13 06:07:30 | node_29 | INFO ] 🧩 Model added for round 48 (7/9) from ['node_40']
[ 2026-05-13 06:07:30 | node_7 | INFO ] 🎓 Training step done.
[ 2026-05-13 06:07:30 | node_7 | INFO ] 🛠️ Calling force_add_local_model...
[ 2026-05-13 06:07:30 | node_7 | INFO ] ✅ [FORCE] Local model added for round 48. (5/7)
[ 2026-05-13 06:07:31 | node_32 | INFO ] 🧩 Model added for round 48 (6/11) from ['node_40']
[ 2026-05-13 06:07:31 | node_14 | INFO ] ⏹️  Gossiping exited for 50 equal rounds.
[ 2026-05-13 06:07:32 | node_14 | INFO ] 🔬 Evaluating...
[ 2026-05-13 06:07:32 | node_5 | INFO ] ⏹️  Gossiping exited for 50 equal rounds.
[ 2026-05-13 06:07:32 | node_5 | INFO ] 🔬 Evaluating...
[ 2026-05-13 06:07:32 | node_14 | INFO ] 📈 Evaluated. Results: {'test_loss': 0.07526277750730515, 'test_acc': 0.9649999737739563, 'test_precision': 0.9669526815414429, 'test_recall': 0.9567362070083618, 'test_f1': 0.9605089426040649, 'communication_cost': 26343772}
[ 2026-05-13 06:07:32 | node_14 | INFO ] 📢 Broadcasting metrics.
[ 2026-05-13 06:07:32 | node_5 | INFO ] 📈 Evaluated. Results: {'test_loss': 0.22801490128040314, 'test_acc': 0.9700000286102295, 'test_precision': 0.9694579839706421, 'test_recall': 0.9704010486602783, 'test_f1': 0.9687961339950562, 'communication_cost': 41397356}
[ 2026-05-13 06:07:32 | node_5 | INFO ] 📢 Broadcasting metrics.
[ 2026-05-13 06:07:32 | node_36 | INFO ] 🧩 Model added for round 48 (6/8) from ['node_40']
[ 2026-05-13 06:07:33 | node_48 | INFO ] 🧩 Model added for round 48 (3/6) from ['node_40']
[ 2026-05-13 06:07:34 | node_16 | INFO ] ⏹️  Gossiping exited for 50 equal rounds.
[ 2026-05-13 06:07:34 | node_16 | INFO ] 🔬 Evaluating...
[ 2026-05-13 06:07:34 | node_16 | INFO ] 📈 Evaluated. Results: {'test_loss': 0.16968026757240295, 'test_acc': 0.9850000143051147, 'test_precision': 0.9844872951507568, 'test_recall': 0.9854062795639038, 'test_f1': 0.9845393896102905, 'communication_cost': 33870564}
[ 2026-05-13 06:07:34 | node_16 | INFO ] 📢 Broadcasting metrics.
[ 2026-05-13 06:07:34 | node_47 | INFO ] ⏹️  Gossiping exited for 50 equal rounds.
[ 2026-05-13 06:07:34 | node_47 | INFO ] 🔬 Evaluating...
[ 2026-05-13 06:07:35 | node_47 | INFO ] 📈 Evaluated. Results: {'test_loss': 0.21508517861366272, 'test_acc': 0.9549999833106995, 'test_precision': 0.9545814990997314, 'test_recall': 0.9497259259223938, 'test_f1': 0.9513353109359741, 'communication_cost': 41397356}
[ 2026-05-13 06:07:35 | node_47 | INFO ] 📢 Broadcasting metrics.
[ 2026-05-13 06:07:35 | node_7 | INFO ] 📤 Sending model to 6 direct neighbors: ['node_29', 'node_31', 'node_32', 'node_39', 'node_43', 'node_45']
[ 2026-05-13 06:07:35 | node_14 | INFO ] 🎉 Round 48 of 50 finished.
[ 2026-05-13 06:07:35 | node_14 | INFO ] 🗳️ [DETERMINISTIC] Train set assigned (No Voting). Size: 50
[ 2026-05-13 06:07:35 | node_29 | INFO ] 🧩 Model added for round 48 (8/9) from ['node_7']
[ 2026-05-13 06:07:35 | node_14 | INFO ] ♻️ Proactively processing 6 early models for round 48.
[ 2026-05-13 06:07:35 | node_14 | INFO ] 🧩 Model added for round 48 (1/8) from ['node_19']
[ 2026-05-13 06:07:36 | node_14 | INFO ] 🧩 Model added for round 48 (2/8) from ['node_8']
[ 2026-05-13 06:07:36 | node_14 | INFO ] 🧩 Model added for round 48 (3/8) from ['node_46']
[ 2026-05-13 06:07:36 | node_14 | INFO ] 🧩 Model added for round 48 (4/8) from ['node_42']
[ 2026-05-13 06:07:36 | node_14 | INFO ] 🧩 Model added for round 48 (5/8) from ['node_23']
[ 2026-05-13 06:07:36 | node_14 | INFO ] 🧩 Model added for round 48 (6/8) from ['node_48']
[ 2026-05-13 06:07:36 | node_14 | INFO ] 🏋️‍♀️ Preparing training...
[ 2026-05-13 06:07:36 | node_14 | INFO ] 🎓 Training step done.
[ 2026-05-13 06:07:36 | node_14 | INFO ] 🛠️ Calling force_add_local_model...
[ 2026-05-13 06:07:36 | node_14 | INFO ] ✅ [FORCE] Local model added for round 48. (7/8)
[ 2026-05-13 06:07:37 | node_31 | INFO ] 🧩 Model added for round 48 (5/7) from ['node_7']
[ 2026-05-13 06:07:37 | node_5 | INFO ] 🎉 Round 48 of 50 finished.
[ 2026-05-13 06:07:37 | node_5 | INFO ] 🗳️ [DETERMINISTIC] Train set assigned (No Voting). Size: 50
[ 2026-05-13 06:07:37 | node_5 | INFO ] ♻️ Proactively processing 7 early models for round 48.
[ 2026-05-13 06:07:37 | node_5 | INFO ] 🧩 Model added for round 48 (1/12) from ['node_13']
[ 2026-05-13 06:07:37 | node_5 | INFO ] 🧩 Model added for round 48 (2/12) from ['node_12']
[ 2026-05-13 06:07:37 | node_5 | INFO ] 🧩 Model added for round 48 (3/12) from ['node_29']
[ 2026-05-13 06:07:37 | node_5 | INFO ] 🧩 Model added for round 48 (4/12) from ['node_17']
[ 2026-05-13 06:07:37 | node_5 | INFO ] 🧩 Model added for round 48 (5/12) from ['node_2']
[ 2026-05-13 06:07:38 | node_5 | INFO ] 🧩 Model added for round 48 (6/12) from ['node']
[ 2026-05-13 06:07:38 | node_5 | INFO ] 🧩 Model added for round 48 (7/12) from ['node_35']
[ 2026-05-13 06:07:38 | node_5 | INFO ] 🏋️‍♀️ Preparing training...
[ 2026-05-13 06:07:38 | node_32 | INFO ] 🧩 Model added for round 48 (7/11) from ['node_7']
[ 2026-05-13 06:07:38 | node_5 | INFO ] 🎓 Training step done.
[ 2026-05-13 06:07:38 | node_3 | INFO ] ⏹️  Gossiping exited for 50 equal rounds.
[ 2026-05-13 06:07:38 | node_5 | INFO ] 🛠️ Calling force_add_local_model...
[ 2026-05-13 06:07:38 | node_5 | INFO ] ✅ [FORCE] Local model added for round 48. (8/12)
[ 2026-05-13 06:07:38 | node_16 | INFO ] 🎉 Round 48 of 50 finished.
[ 2026-05-13 06:07:38 | node_3 | INFO ] 🔬 Evaluating...
[ 2026-05-13 06:07:38 | node_16 | INFO ] 🗳️ [DETERMINISTIC] Train set assigned (No Voting). Size: 50
[ 2026-05-13 06:07:39 | node_16 | INFO ] ♻️ Proactively processing 5 early models for round 48.
[ 2026-05-13 06:07:39 | node_3 | INFO ] 📈 Evaluated. Results: {'test_loss': 0.09655284881591797, 'test_acc': 0.9800000190734863, 'test_precision': 0.9806258678436279, 'test_recall': 0.9747368693351746, 'test_f1': 0.9769895076751709, 'communication_cost': 26343772}
[ 2026-05-13 06:07:39 | node_16 | INFO ] 🧩 Model added for round 48 (1/10) from ['node_19']
[ 2026-05-13 06:07:39 | node_16 | INFO ] 🧩 Model added for round 48 (2/10) from ['node_8']
[ 2026-05-13 06:07:39 | node_16 | INFO ] 🧩 Model added for round 48 (3/10) from ['node_33']
[ 2026-05-13 06:07:39 | node_3 | INFO ] 📢 Broadcasting metrics.
[ 2026-05-13 06:07:39 | node_16 | INFO ] 🧩 Model added for round 48 (4/10) from ['node_2']
[ 2026-05-13 06:07:39 | node_16 | INFO ] 🧩 Model added for round 48 (5/10) from ['node']
[ 2026-05-13 06:07:39 | node_16 | INFO ] 🏋️‍♀️ Preparing training...
[ 2026-05-13 06:07:39 | node_16 | INFO ] 🎓 Training step done.
[ 2026-05-13 06:07:39 | node_16 | INFO ] 🛠️ Calling force_add_local_model...
[ 2026-05-13 06:07:39 | node_16 | INFO ] ✅ [FORCE] Local model added for round 48. (6/10)
[ 2026-05-13 06:07:40 | node_47 | INFO ] 🎉 Round 48 of 50 finished.
[ 2026-05-13 06:07:40 | node_47 | INFO ] 🗳️ [DETERMINISTIC] Train set assigned (No Voting). Size: 50
[ 2026-05-13 06:07:40 | node_45 | INFO ] 🧩 Model added for round 48 (7/7) from ['node_7']
[ 2026-05-13 06:07:40 | node_47 | INFO ] ♻️ Proactively processing 7 early models for round 48.
[ 2026-05-13 06:07:40 | node_47 | INFO ] 🧩 Model added for round 48 (1/12) from ['node_18']
[ 2026-05-13 06:07:40 | node_47 | INFO ] 🧩 Model added for round 48 (2/12) from ['node_8']
[ 2026-05-13 06:07:40 | node_47 | INFO ] 🧩 Model added for round 48 (3/12) from ['node_41']
[ 2026-05-13 06:07:40 | node_45 | INFO ] 🧠 Aggregation complete. Setting new model.
[ 2026-05-13 06:07:40 | node_47 | INFO ] 🧩 Model added for round 48 (4/12) from ['node_23']
[ 2026-05-13 06:07:40 | node_47 | INFO ] 🧩 Model added for round 48 (5/12) from ['node_2']
[ 2026-05-13 06:07:40 | node_47 | INFO ] 🧩 Model added for round 48 (6/12) from ['node']
[ 2026-05-13 06:07:40 | node_47 | INFO ] 🧩 Model added for round 48 (7/12) from ['node_35']
[ 2026-05-13 06:07:40 | node_47 | INFO ] 🏋️‍♀️ Preparing training...
[ 2026-05-13 06:07:41 | node_45 | INFO ] 🗣️ Gossiping aggregated model.
[ 2026-05-13 06:07:41 | node_47 | INFO ] 🎓 Training step done.
[ 2026-05-13 06:07:41 | node_47 | INFO ] 🛠️ Calling force_add_local_model...
[ 2026-05-13 06:07:41 | node_47 | INFO ] ✅ [FORCE] Local model added for round 48. (8/12)
[ 2026-05-13 06:07:41 | node_14 | INFO ] 📤 Sending model to 7 direct neighbors: ['node_8', 'node_19', 'node_23', 'node_37', 'node_42', 'node_46', 'node_48']
[ 2026-05-13 06:07:42 | node_8 | INFO ] 🧩 Model added for round 48 (6/12) from ['node_14']
[ 2026-05-13 06:07:42 | node_3 | INFO ] 🎉 Round 48 of 50 finished.
[ 2026-05-13 06:07:42 | node_3 | INFO ] 🗳️ [DETERMINISTIC] Train set assigned (No Voting). Size: 50
[ 2026-05-13 06:07:42 | node_3 | INFO ] ♻️ Proactively processing 6 early models for round 48.
[ 2026-05-13 06:07:42 | node_3 | INFO ] 🧩 Model added for round 48 (1/8) from ['node_28']
[ 2026-05-13 06:07:42 | node_3 | INFO ] 🧩 Model added for round 48 (2/8) from ['node_36']
[ 2026-05-13 06:07:42 | node_3 | INFO ] 🧩 Model added for round 48 (3/8) from ['node_10']
[ 2026-05-13 06:07:42 | node_3 | INFO ] 🧩 Model added for round 48 (4/8) from ['node_42']
[ 2026-05-13 06:07:42 | node_3 | INFO ] 🧩 Model added for round 48 (5/8) from ['node_23']
[ 2026-05-13 06:07:42 | node_3 | INFO ] 🧩 Model added for round 48 (6/8) from ['node']
[ 2026-05-13 06:07:42 | node_3 | INFO ] 🏋️‍♀️ Preparing training...
[ 2026-05-13 06:07:43 | node_3 | INFO ] 🎓 Training step done.
[ 2026-05-13 06:07:43 | node_3 | INFO ] 🛠️ Calling force_add_local_model...
[ 2026-05-13 06:07:43 | node_3 | INFO ] ✅ [FORCE] Local model added for round 48. (7/8)
[ 2026-05-13 06:07:43 | node_5 | INFO ] 📤 Sending model to 11 direct neighbors: ['node', 'node_2', 'node_9', 'node_12', 'node_13', 'node_17', 'node_25', 'node_29', 'node_34', 'node_35', 'node_37']
[ 2026-05-13 06:07:43 | node_19 | INFO ] 🧩 Model added for round 48 (2/4) from ['node_14']
[ 2026-05-13 06:07:44 | node | INFO ] 🧩 Model added for round 48 (8/15) from ['node_5']
[ 2026-05-13 06:07:44 | node_23 | INFO ] 🧩 Model added for round 48 (3/8) from ['node_14']
[ 2026-05-13 06:07:44 | node_16 | INFO ] 📤 Sending model to 9 direct neighbors: ['node', 'node_1', 'node_2', 'node_4', 'node_8', 'node_11', 'node_19', 'node_33', 'node_37']
[ 2026-05-13 06:07:45 | node | INFO ] 🧩 Model added for round 48 (9/15) from ['node_16']
[ 2026-05-13 06:07:45 | node_2 | INFO ] 🧩 Model added for round 48 (7/13) from ['node_5']
[ 2026-05-13 06:07:45 | node_42 | INFO ] 🧩 Model added for round 48 (4/7) from ['node_14']
[ 2026-05-13 06:07:45 | node_26 | INFO ] ⏹️  Gossiping exited for 50 equal rounds.
[ 2026-05-13 06:07:45 | node_26 | INFO ] 🔬 Evaluating...
[ 2026-05-13 06:07:46 | node_26 | INFO ] 📈 Evaluated. Results: {'test_loss': 0.14803235232830048, 'test_acc': 0.9800000190734863, 'test_precision': 0.9801914691925049, 'test_recall': 0.9832751750946045, 'test_f1': 0.9811801314353943, 'communication_cost': 26343772}
[ 2026-05-13 06:07:46 | node_26 | INFO ] 📢 Broadcasting metrics.
[ 2026-05-13 06:07:46 | node_47 | INFO ] 📤 Sending model to 11 direct neighbors: ['node', 'node_1', 'node_2', 'node_8', 'node_11', 'node_18', 'node_23', 'node_26', 'node_35', 'node_41', 'node_49']
[ 2026-05-13 06:07:47 | node | INFO ] 🧩 Model added for round 48 (10/15) from ['node_47']
[ 2026-05-13 06:07:47 | node_46 | INFO ] 🧩 Model added for round 48 (5/8) from ['node_14']
[ 2026-05-13 06:07:47 | node_2 | INFO ] 🧩 Model added for round 48 (8/13) from ['node_16']
[ 2026-05-13 06:07:48 | node_12 | INFO ] 🧩 Model added for round 48 (6/7) from ['node_5']
[ 2026-05-13 06:07:48 | node_48 | INFO ] 🧩 Model added for round 48 (4/6) from ['node_14']
[ 2026-05-13 06:07:48 | node_3 | INFO ] 📤 Sending model to 7 direct neighbors: ['node', 'node_10', 'node_23', 'node_28', 'node_36', 'node_39', 'node_42']
[ 2026-05-13 06:07:48 | node_13 | INFO ] 🧩 Model added for round 48 (5/7) from ['node_5']
[ 2026-05-13 06:07:49 | node | INFO ] 🧩 Model added for round 48 (11/15) from ['node_3']
[ 2026-05-13 06:07:49 | node_2 | INFO ] 🧩 Model added for round 48 (9/13) from ['node_47']
[ 2026-05-13 06:07:49 | node_49 | INFO ] ⏹️  Gossiping exited for 50 equal rounds.
[ 2026-05-13 06:07:49 | node_8 | INFO ] 🧩 Model added for round 48 (7/12) from ['node_16']
[ 2026-05-13 06:07:49 | node_49 | INFO ] 🔬 Evaluating...
[ 2026-05-13 06:07:50 | node_26 | INFO ] 🎉 Round 48 of 50 finished.
[ 2026-05-13 06:07:50 | node_26 | INFO ] 🗳️ [DETERMINISTIC] Train set assigned (No Voting). Size: 50
[ 2026-05-13 06:07:50 | node_49 | INFO ] 📈 Evaluated. Results: {'test_loss': 0.23200702667236328, 'test_acc': 0.9649999737739563, 'test_precision': 0.9628802537918091, 'test_recall': 0.9649592041969299, 'test_f1': 0.9634358882904053, 'communication_cost': 33870564}
[ 2026-05-13 06:07:50 | node_26 | INFO ] ♻️ Proactively processing 4 early models for round 48.
[ 2026-05-13 06:07:50 | node_49 | INFO ] 📢 Broadcasting metrics.
[ 2026-05-13 06:07:50 | node_26 | INFO ] 🧩 Model added for round 48 (1/8) from ['node_18']
[ 2026-05-13 06:07:50 | node_17 | INFO ] 🧩 Model added for round 48 (7/10) from ['node_5']
[ 2026-05-13 06:07:50 | node_26 | INFO ] 🧩 Model added for round 48 (2/8) from ['node_20']
[ 2026-05-13 06:07:50 | node_26 | INFO ] 🧩 Model added for round 48 (3/8) from ['node_10']
[ 2026-05-13 06:07:50 | node_26 | INFO ] 🧩 Model added for round 48 (4/8) from ['node_48']
[ 2026-05-13 06:07:50 | node_26 | INFO ] 🏋️‍♀️ Preparing training...
[ 2026-05-13 06:07:51 | node_26 | INFO ] 🎓 Training step done.
[ 2026-05-13 06:07:51 | node_26 | INFO ] 🛠️ Calling force_add_local_model...
[ 2026-05-13 06:07:51 | node_26 | INFO ] ✅ [FORCE] Local model added for round 48. (5/8)
[ 2026-05-13 06:07:51 | node_8 | INFO ] 🧩 Model added for round 48 (8/12) from ['node_47']
[ 2026-05-13 06:07:51 | node_10 | INFO ] 🧩 Model added for round 48 (5/9) from ['node_3']
[ 2026-05-13 06:07:51 | node_19 | INFO ] 🧩 Model added for round 48 (3/4) from ['node_16']
[ 2026-05-13 06:07:52 | node_29 | INFO ] 🧩 Model added for round 48 (9/9) from ['node_5']
[ 2026-05-13 06:07:52 | node_33 | INFO ] 🧩 Model added for round 48 (4/7) from ['node_16']
[ 2026-05-13 06:07:52 | node_29 | INFO ] 🧠 Aggregation complete. Setting new model.
[ 2026-05-13 06:07:53 | node_23 | INFO ] 🧩 Model added for round 48 (4/8) from ['node_3']
[ 2026-05-13 06:07:53 | node_29 | INFO ] 🗣️ Gossiping aggregated model.
[ 2026-05-13 06:07:54 | node_49 | INFO ] 🎉 Round 48 of 50 finished.
[ 2026-05-13 06:07:54 | node_18 | INFO ] 🧩 Model added for round 48 (3/5) from ['node_47']
[ 2026-05-13 06:07:54 | node_49 | INFO ] 🗳️ [DETERMINISTIC] Train set assigned (No Voting). Size: 50
[ 2026-05-13 06:07:54 | node_49 | INFO ] ♻️ Proactively processing 6 early models for round 48.
[ 2026-05-13 06:07:54 | node_49 | INFO ] 🧩 Model added for round 48 (1/10) from ['node_31']
[ 2026-05-13 06:07:54 | node_49 | INFO ] 🧩 Model added for round 48 (2/10) from ['node_46']
[ 2026-05-13 06:07:54 | node_49 | INFO ] 🧩 Model added for round 48 (3/10) from ['node_23']
[ 2026-05-13 06:07:54 | node_49 | INFO ] 🧩 Model added for round 48 (4/10) from ['node_32']
[ 2026-05-13 06:07:54 | node_49 | INFO ] 🧩 Model added for round 48 (5/10) from ['node_2']
[ 2026-05-13 06:07:54 | node_49 | INFO ] 🧩 Model added for round 48 (6/10) from ['node']
[ 2026-05-13 06:07:54 | node_49 | INFO ] 🏋️‍♀️ Preparing training...
[ 2026-05-13 06:07:54 | node_15 | INFO ] ⏹️  Gossiping exited for 50 equal rounds.
[ 2026-05-13 06:07:54 | node_15 | INFO ] 🔬 Evaluating...
[ 2026-05-13 06:07:54 | node_35 | INFO ] 🧩 Model added for round 48 (2/5) from ['node_5']
[ 2026-05-13 06:07:54 | node_1 | INFO ] ⏹️  Gossiping exited for 50 equal rounds.
[ 2026-05-13 06:07:54 | node_49 | INFO ] 🎓 Training step done.
[ 2026-05-13 06:07:54 | node_28 | INFO ] 🧩 Model added for round 48 (7/9) from ['node_3']
[ 2026-05-13 06:07:54 | node_49 | INFO ] 🛠️ Calling force_add_local_model...
[ 2026-05-13 06:07:54 | node_15 | INFO ] 📈 Evaluated. Results: {'test_loss': 0.1596541851758957, 'test_acc': 0.9599999785423279, 'test_precision': 0.9628967046737671, 'test_recall': 0.9536236524581909, 'test_f1': 0.9541860818862915, 'communication_cost': 22580376}
[ 2026-05-13 06:07:54 | node_49 | INFO ] ✅ [FORCE] Local model added for round 48. (7/10)
[ 2026-05-13 06:07:54 | node_15 | INFO ] 📢 Broadcasting metrics.
[ 2026-05-13 06:07:54 | node_1 | INFO ] 🔬 Evaluating...
[ 2026-05-13 06:07:54 | node_23 | INFO ] 🧩 Model added for round 48 (5/8) from ['node_47']
[ 2026-05-13 06:07:55 | node_9 | INFO ] ⏹️  Gossiping exited for 50 equal rounds.
[ 2026-05-13 06:07:55 | node_1 | INFO ] 📈 Evaluated. Results: {'test_loss': 0.09533724188804626, 'test_acc': 0.9750000238418579, 'test_precision': 0.9787065982818604, 'test_recall': 0.9702455997467041, 'test_f1': 0.9736517071723938, 'communication_cost': 30107168}
[ 2026-05-13 06:07:55 | node_9 | INFO ] 🔬 Evaluating...
[ 2026-05-13 06:07:55 | node_1 | INFO ] 📢 Broadcasting metrics.
[ 2026-05-13 06:07:55 | node_9 | INFO ] 📈 Evaluated. Results: {'test_loss': 0.04042121022939682, 'test_acc': 0.9900000095367432, 'test_precision': 0.990444540977478, 'test_recall': 0.9894444942474365, 'test_f1': 0.9896808862686157, 'communication_cost': 41397356}
[ 2026-05-13 06:07:55 | node_9 | INFO ] 📢 Broadcasting metrics.
[ 2026-05-13 06:07:56 | node_26 | INFO ] 🧩 Model added for round 48 (6/8) from ['node_47']
[ 2026-05-13 06:07:56 | node_36 | INFO ] 🧩 Model added for round 48 (7/8) from ['node_3']
[ 2026-05-13 06:07:56 | node_26 | INFO ] 📤 Sending model to 7 direct neighbors: ['node_9', 'node_10', 'node_11', 'node_18', 'node_20', 'node_47', 'node_48']
[ 2026-05-13 06:07:56 | node_10 | INFO ] 🧩 Model added for round 48 (6/9) from ['node_26']
[ 2026-05-13 06:07:57 | node_37 | INFO ] ⏹️  Gossiping exited for 50 equal rounds.
[ 2026-05-13 06:07:57 | node_35 | INFO ] 🧩 Model added for round 48 (3/5) from ['node_47']
[ 2026-05-13 06:07:57 | node_37 | INFO ] 🔬 Evaluating...
[ 2026-05-13 06:07:57 | node_37 | INFO ] 📈 Evaluated. Results: {'test_loss': 0.20968838036060333, 'test_acc': 0.9599999785423279, 'test_precision': 0.9577267169952393, 'test_recall': 0.9544193744659424, 'test_f1': 0.9555937051773071, 'communication_cost': 33870564}
[ 2026-05-13 06:07:57 | node_37 | INFO ] 📢 Broadcasting metrics.
[ 2026-05-13 06:07:57 | node_42 | INFO ] 🧩 Model added for round 48 (5/7) from ['node_3']
[ 2026-05-13 06:07:57 | node_15 | INFO ] 🎉 Round 48 of 50 finished.
[ 2026-05-13 06:07:57 | node_15 | INFO ] 🗳️ [DETERMINISTIC] Train set assigned (No Voting). Size: 50
[ 2026-05-13 06:07:57 | node_41 | INFO ] 🧩 Model added for round 48 (5/6) from ['node_47']
[ 2026-05-13 06:07:57 | node_15 | INFO ] ♻️ Proactively processing 5 early models for round 48.
[ 2026-05-13 06:07:57 | node_34 | INFO ] ⏹️  Gossiping exited for 50 equal rounds.
[ 2026-05-13 06:07:57 | node_15 | INFO ] 🧩 Model added for round 48 (1/7) from ['node_24']
[ 2026-05-13 06:07:57 | node_15 | INFO ] 🧩 Model added for round 48 (2/7) from ['node_38']
[ 2026-05-13 06:07:58 | node_15 | INFO ] 🧩 Model added for round 48 (3/7) from ['node_33']
[ 2026-05-13 06:07:58 | node_34 | INFO ] 🔬 Evaluating...
[ 2026-05-13 06:07:58 | node_15 | INFO ] 🧩 Model added for round 48 (4/7) from ['node_46']
[ 2026-05-13 06:07:58 | node_15 | INFO ] 🧩 Model added for round 48 (5/7) from ['node_6']
[ 2026-05-13 06:07:58 | node_15 | INFO ] 🏋️‍♀️ Preparing training...
[ 2026-05-13 06:07:58 | node_18 | INFO ] 🧩 Model added for round 48 (4/5) from ['node_26']
[ 2026-05-13 06:07:58 | node_34 | INFO ] 📈 Evaluated. Results: {'test_loss': 0.15176299214363098, 'test_acc': 0.9599999785423279, 'test_precision': 0.9632253050804138, 'test_recall': 0.9559999704360962, 'test_f1': 0.9579513072967529, 'communication_cost': 37633960}
[ 2026-05-13 06:07:58 | node_34 | INFO ] 📢 Broadcasting metrics.
[ 2026-05-13 06:07:58 | node_15 | INFO ] 🎓 Training step done.
[ 2026-05-13 06:07:58 | node_15 | INFO ] 🛠️ Calling force_add_local_model...
[ 2026-05-13 06:07:58 | node_49 | INFO ] 🧩 Model added for round 48 (8/10) from ['node_47']
[ 2026-05-13 06:07:58 | node_15 | INFO ] ✅ [FORCE] Local model added for round 48. (6/7)
[ 2026-05-13 06:07:59 | node_1 | INFO ] 🎉 Round 48 of 50 finished.
[ 2026-05-13 06:07:59 | node_20 | INFO ] 🧩 Model added for round 48 (4/6) from ['node_26']
[ 2026-05-13 06:07:59 | node_1 | INFO ] 🗳️ [DETERMINISTIC] Train set assigned (No Voting). Size: 50
[ 2026-05-13 06:07:59 | node_1 | INFO ] ♻️ Proactively processing 5 early models for round 48.
[ 2026-05-13 06:07:59 | node_1 | INFO ] 🧩 Model added for round 48 (1/9) from ['node_13']
[ 2026-05-13 06:07:59 | node_1 | INFO ] 🧩 Model added for round 48 (2/9) from ['node_41']
[ 2026-05-13 06:07:59 | node_1 | INFO ] 🧩 Model added for round 48 (3/9) from ['node_35']
[ 2026-05-13 06:07:59 | node_1 | INFO ] 🧩 Model added for round 48 (4/9) from ['node_16']
[ 2026-05-13 06:07:59 | node_1 | INFO ] 🧩 Model added for round 48 (5/9) from ['node_47']
[ 2026-05-13 06:07:59 | node_1 | INFO ] 🏋️‍♀️ Preparing training...
[ 2026-05-13 06:07:59 | node_49 | INFO ] 📤 Sending model to 9 direct neighbors: ['node', 'node_1', 'node_2', 'node_23', 'node_31', 'node_32', 'node_39', 'node_46', 'node_47']
[ 2026-05-13 06:08:00 | node | INFO ] 🧩 Model added for round 48 (12/15) from ['node_49']
[ 2026-05-13 06:08:00 | node_47 | INFO ] 🧩 Model added for round 48 (9/12) from ['node_26']
[ 2026-05-13 06:08:00 | node_1 | INFO ] 🎓 Training step done.
[ 2026-05-13 06:08:00 | node_1 | INFO ] 🛠️ Calling force_add_local_model...
[ 2026-05-13 06:08:00 | node_9 | INFO ] 🎉 Round 48 of 50 finished.
[ 2026-05-13 06:08:00 | node_1 | INFO ] ✅ [FORCE] Local model added for round 48. (6/9)
[ 2026-05-13 06:08:00 | node_9 | INFO ] 🗳️ [DETERMINISTIC] Train set assigned (No Voting). Size: 50
[ 2026-05-13 06:08:00 | node_9 | INFO ] ♻️ Proactively processing 8 early models for round 48.
[ 2026-05-13 06:08:00 | node_9 | INFO ] 🧩 Model added for round 48 (1/12) from ['node_18']
[ 2026-05-13 06:08:00 | node_9 | INFO ] 🧩 Model added for round 48 (2/12) from ['node_13']
[ 2026-05-13 06:08:00 | node_9 | INFO ] 🧩 Model added for round 48 (3/12) from ['node_8']
[ 2026-05-13 06:08:00 | node_9 | INFO ] 🧩 Model added for round 48 (4/12) from ['node_2']
[ 2026-05-13 06:08:00 | node_9 | INFO ] 🧩 Model added for round 48 (5/12) from ['node']
[ 2026-05-13 06:08:00 | node_9 | INFO ] 🧩 Model added for round 48 (6/12) from ['node_6']
[ 2026-05-13 06:08:00 | node_9 | INFO ] 🧩 Model added for round 48 (7/12) from ['node_5']
[ 2026-05-13 06:08:00 | node_9 | INFO ] 🧩 Model added for round 48 (8/12) from ['node_26']
[ 2026-05-13 06:08:00 | node_11 | INFO ] ⏹️  Gossiping exited for 50 equal rounds.
[ 2026-05-13 06:08:00 | node_9 | INFO ] 🏋️‍♀️ Preparing training...
[ 2026-05-13 06:08:01 | node_11 | INFO ] 🔬 Evaluating...
[ 2026-05-13 06:08:01 | node_11 | INFO ] 📈 Evaluated. Results: {'test_loss': 0.1555665135383606, 'test_acc': 0.9700000286102295, 'test_precision': 0.9683315753936768, 'test_recall': 0.9760185480117798, 'test_f1': 0.9711676836013794, 'communication_cost': 33870564}
[ 2026-05-13 06:08:01 | node_9 | INFO ] 🎓 Training step done.
[ 2026-05-13 06:08:01 | node_9 | INFO ] 🛠️ Calling force_add_local_model...
[ 2026-05-13 06:08:01 | node_11 | INFO ] 📢 Broadcasting metrics.
[ 2026-05-13 06:08:01 | node_9 | INFO ] ✅ [FORCE] Local model added for round 48. (9/12)
[ 2026-05-13 06:08:01 | node_37 | INFO ] 🎉 Round 48 of 50 finished.
[ 2026-05-13 06:08:01 | node_48 | INFO ] 🧩 Model added for round 48 (5/6) from ['node_26']
[ 2026-05-13 06:08:01 | node_37 | INFO ] 🗳️ [DETERMINISTIC] Train set assigned (No Voting). Size: 50
[ 2026-05-13 06:08:01 | node_37 | INFO ] ♻️ Proactively processing 7 early models for round 48.
[ 2026-05-13 06:08:02 | node_1 | INFO ] 🧩 Model added for round 48 (7/9) from ['node_49']
[ 2026-05-13 06:08:02 | node_37 | INFO ] 🧩 Model added for round 48 (1/10) from ['node_36']
[ 2026-05-13 06:08:02 | node_37 | INFO ] 🧩 Model added for round 48 (2/10) from ['node_8']
[ 2026-05-13 06:08:02 | node_37 | INFO ] 🧩 Model added for round 48 (3/10) from ['node_33']
[ 2026-05-13 06:08:02 | node_37 | INFO ] 🧩 Model added for round 48 (4/10) from ['node_2']
[ 2026-05-13 06:08:02 | node_37 | INFO ] 🧩 Model added for round 48 (5/10) from ['node_14']
[ 2026-05-13 06:08:02 | node_37 | INFO ] 🧩 Model added for round 48 (6/10) from ['node_16']
[ 2026-05-13 06:08:02 | node_37 | INFO ] 🧩 Model added for round 48 (7/10) from ['node_5']
[ 2026-05-13 06:08:02 | node_37 | INFO ] 🏋️‍♀️ Preparing training...
[ 2026-05-13 06:08:02 | node_37 | INFO ] 🎓 Training step done.
[ 2026-05-13 06:08:02 | node_37 | INFO ] 🛠️ Calling force_add_local_model...
[ 2026-05-13 06:08:02 | node_37 | INFO ] ✅ [FORCE] Local model added for round 48. (8/10)
[ 2026-05-13 06:08:02 | node_34 | INFO ] 🎉 Round 48 of 50 finished.
[ 2026-05-13 06:08:03 | node_34 | INFO ] 🗳️ [DETERMINISTIC] Train set assigned (No Voting). Size: 50
[ 2026-05-13 06:08:03 | node_2 | INFO ] 🧩 Model added for round 48 (10/13) from ['node_49']
[ 2026-05-13 06:08:03 | node_34 | INFO ] ♻️ Proactively processing 6 early models for round 48.
[ 2026-05-13 06:08:03 | node_34 | INFO ] 🧩 Model added for round 48 (1/11) from ['node_24']
[ 2026-05-13 06:08:03 | node_34 | INFO ] 🧩 Model added for round 48 (2/11) from ['node_8']
[ 2026-05-13 06:08:03 | node_34 | INFO ] 🧩 Model added for round 48 (3/11) from ['node_42']
[ 2026-05-13 06:08:03 | node_34 | INFO ] 🧩 Model added for round 48 (4/11) from ['node_48']
[ 2026-05-13 06:08:03 | node_34 | INFO ] 🧩 Model added for round 48 (5/11) from ['node_21']
[ 2026-05-13 06:08:03 | node_34 | INFO ] 🧩 Model added for round 48 (6/11) from ['node_5']
[ 2026-05-13 06:08:03 | node_34 | INFO ] 🏋️‍♀️ Preparing training...
[ 2026-05-13 06:08:04 | node_15 | INFO ] 📤 Sending model to 6 direct neighbors: ['node_6', 'node_24', 'node_33', 'node_38', 'node_43', 'node_46']
[ 2026-05-13 06:08:04 | node_34 | INFO ] 🎓 Training step done.
[ 2026-05-13 06:08:04 | node_4 | INFO ] ⏹️  Gossiping exited for 50 equal rounds.
[ 2026-05-13 06:08:04 | node_34 | INFO ] 🛠️ Calling force_add_local_model...
[ 2026-05-13 06:08:04 | node_34 | INFO ] ✅ [FORCE] Local model added for round 48. (7/11)
[ 2026-05-13 06:08:04 | node_6 | INFO ] 🧩 Model added for round 48 (7/9) from ['node_15']
[ 2026-05-13 06:08:04 | node_4 | INFO ] 🔬 Evaluating...
[ 2026-05-13 06:08:04 | node_4 | INFO ] 📈 Evaluated. Results: {'test_loss': 0.34193655848503113, 'test_acc': 0.9549999833106995, 'test_precision': 0.9616486430168152, 'test_recall': 0.9518120288848877, 'test_f1': 0.9558674693107605, 'communication_cost': 33870564}
[ 2026-05-13 06:08:04 | node_4 | INFO ] 📢 Broadcasting metrics.
[ 2026-05-13 06:08:04 | node_23 | INFO ] 🧩 Model added for round 48 (6/8) from ['node_49']
[ 2026-05-13 06:08:05 | node_1 | INFO ] 📤 Sending model to 8 direct neighbors: ['node_13', 'node_16', 'node_22', 'node_35', 'node_39', 'node_41', 'node_47', 'node_49']
[ 2026-05-13 06:08:05 | node_11 | INFO ] 🎉 Round 48 of 50 finished.
[ 2026-05-13 06:08:05 | node_24 | INFO ] 🧩 Model added for round 48 (2/4) from ['node_15']
[ 2026-05-13 06:08:05 | node_11 | INFO ] 🗳️ [DETERMINISTIC] Train set assigned (No Voting). Size: 50
[ 2026-05-13 06:08:05 | node_13 | INFO ] 🧩 Model added for round 48 (6/7) from ['node_1']
[ 2026-05-13 06:08:05 | node_11 | INFO ] ♻️ Proactively processing 7 early models for round 48.
[ 2026-05-13 06:08:05 | node_31 | INFO ] 🧩 Model added for round 48 (6/7) from ['node_49']
[ 2026-05-13 06:08:05 | node_11 | INFO ] 🧩 Model added for round 48 (1/10) from ['node_28']
[ 2026-05-13 06:08:05 | node_11 | INFO ] 🧩 Model added for round 48 (2/10) from ['node_17']
[ 2026-05-13 06:08:06 | node_11 | INFO ] 🧩 Model added for round 48 (3/10) from ['node_23']
[ 2026-05-13 06:08:06 | node_11 | INFO ] 🧩 Model added for round 48 (4/10) from ['node_2']
[ 2026-05-13 06:08:06 | node_11 | INFO ] 🧩 Model added for round 48 (5/10) from ['node_16']
[ 2026-05-13 06:08:06 | node_11 | INFO ] 🧩 Model added for round 48 (6/10) from ['node_47']
[ 2026-05-13 06:08:06 | node_11 | INFO ] 🧩 Model added for round 48 (7/10) from ['node_26']
[ 2026-05-13 06:08:06 | node_11 | INFO ] 🏋️‍♀️ Preparing training...
[ 2026-05-13 06:08:06 | node_33 | INFO ] 🧩 Model added for round 48 (5/7) from ['node_15']
[ 2026-05-13 06:08:06 | node_9 | INFO ] 📤 Sending model to 11 direct neighbors: ['node', 'node_2', 'node_4', 'node_5', 'node_6', 'node_8', 'node_13', 'node_18', 'node_22', 'node_26', 'node_34']
[ 2026-05-13 06:08:06 | node_16 | INFO ] 🧩 Model added for round 48 (7/10) from ['node_1']
[ 2026-05-13 06:08:06 | node_11 | INFO ] 🎓 Training step done.
[ 2026-05-13 06:08:06 | node_11 | INFO ] 🛠️ Calling force_add_local_model...
[ 2026-05-13 06:08:06 | node_11 | INFO ] ✅ [FORCE] Local model added for round 48. (8/10)
[ 2026-05-13 06:08:06 | node_32 | INFO ] 🧩 Model added for round 48 (8/11) from ['node_49']
[ 2026-05-13 06:08:06 | node | INFO ] 🧩 Model added for round 48 (13/15) from ['node_9']
[ 2026-05-13 06:08:07 | node_38 | INFO ] 🧩 Model added for round 48 (7/8) from ['node_15']
[ 2026-05-13 06:08:08 | node_37 | INFO ] 📤 Sending model to 9 direct neighbors: ['node_2', 'node_5', 'node_8', 'node_14', 'node_16', 'node_30', 'node_33', 'node_36', 'node_43']
[ 2026-05-13 06:08:08 | node_2 | INFO ] 🧩 Model added for round 48 (11/13) from ['node_37']
[ 2026-05-13 06:08:08 | node_22 | INFO ] ⏹️  Gossiping exited for 50 equal rounds.
[ 2026-05-13 06:08:08 | node_35 | INFO ] 🧩 Model added for round 48 (4/5) from ['node_1']
[ 2026-05-13 06:08:08 | node_22 | INFO ] 🔬 Evaluating...
[ 2026-05-13 06:08:08 | node_46 | INFO ] 🧩 Model added for round 48 (6/8) from ['node_15']
[ 2026-05-13 06:08:08 | node_4 | INFO ] 🎉 Round 48 of 50 finished.
[ 2026-05-13 06:08:08 | node_46 | INFO ] 🧩 Model added for round 48 (7/8) from ['node_49']
[ 2026-05-13 06:08:08 | node_4 | INFO ] 🗳️ [DETERMINISTIC] Train set assigned (No Voting). Size: 50
[ 2026-05-13 06:08:08 | node_2 | INFO ] 🧩 Model added for round 48 (12/13) from ['node_9']
[ 2026-05-13 06:08:08 | node_22 | INFO ] 📈 Evaluated. Results: {'test_loss': 0.24920962750911713, 'test_acc': 0.9599999785423279, 'test_precision': 0.9584683775901794, 'test_recall': 0.9598395824432373, 'test_f1': 0.958565890789032, 'communication_cost': 41397356}
[ 2026-05-13 06:08:08 | node_4 | INFO ] ♻️ Proactively processing 5 early models for round 48.
[ 2026-05-13 06:08:09 | node_22 | INFO ] 📢 Broadcasting metrics.
[ 2026-05-13 06:08:09 | node_4 | INFO ] 🧩 Model added for round 48 (1/10) from ['node_20']
[ 2026-05-13 06:08:09 | node_4 | INFO ] 🧩 Model added for round 48 (2/10) from ['node_17']
[ 2026-05-13 06:08:09 | node_4 | INFO ] 🧩 Model added for round 48 (3/10) from ['node_31']
[ 2026-05-13 06:08:09 | node_4 | INFO ] 🧩 Model added for round 48 (4/10) from ['node_32']
[ 2026-05-13 06:08:09 | node_4 | INFO ] 🧩 Model added for round 48 (5/10) from ['node_16']
[ 2026-05-13 06:08:09 | node_4 | INFO ] 🏋️‍♀️ Preparing training...
[ 2026-05-13 06:08:09 | node_25 | INFO ] ⏹️  Gossiping exited for 50 equal rounds.
[ 2026-05-13 06:08:09 | node_34 | INFO ] 📤 Sending model to 10 direct neighbors: ['node_5', 'node_8', 'node_9', 'node_21', 'node_24', 'node_25', 'node_30', 'node_42', 'node_43', 'node_48']
[ 2026-05-13 06:08:09 | node_25 | INFO ] 🔬 Evaluating...
[ 2026-05-13 06:08:09 | node_41 | INFO ] 🧩 Model added for round 48 (6/6) from ['node_1']
[ 2026-05-13 06:08:09 | node_5 | INFO ] 🧩 Model added for round 48 (9/12) from ['node_34']
[ 2026-05-13 06:08:09 | node_4 | INFO ] 🎓 Training step done.
[ 2026-05-13 06:08:09 | node_25 | INFO ] 📈 Evaluated. Results: {'test_loss': 0.12932807207107544, 'test_acc': 0.9800000190734863, 'test_precision': 0.9795000553131104, 'test_recall': 0.980404794216156, 'test_f1': 0.9797203540802002, 'communication_cost': 45160752}
[ 2026-05-13 06:08:09 | node_4 | INFO ] 🛠️ Calling force_add_local_model...
[ 2026-05-13 06:08:09 | node_4 | INFO ] ✅ [FORCE] Local model added for round 48. (6/10)
[ 2026-05-13 06:08:09 | node_25 | INFO ] 📢 Broadcasting metrics.
[ 2026-05-13 06:08:09 | node_47 | INFO ] 🧩 Model added for round 48 (10/12) from ['node_49']
[ 2026-05-13 06:08:10 | node_5 | INFO ] 🧩 Model added for round 48 (10/12) from ['node_37']
[ 2026-05-13 06:08:10 | node_41 | INFO ] 🧠 Aggregation complete. Setting new model.
[ 2026-05-13 06:08:10 | node_41 | INFO ] 🗣️ Gossiping aggregated model.
[ 2026-05-13 06:08:10 | node_47 | INFO ] 🧩 Model added for round 48 (11/12) from ['node_1']
[ 2026-05-13 06:08:10 | node_4 | INFO ] 🧩 Model added for round 48 (7/10) from ['node_9']
[ 2026-05-13 06:08:11 | node_8 | INFO ] 🧩 Model added for round 48 (9/12) from ['node_34']
[ 2026-05-13 06:08:11 | node_8 | INFO ] 🧩 Model added for round 48 (10/12) from ['node_37']
[ 2026-05-13 06:08:12 | node_11 | INFO ] 📤 Sending model to 9 direct neighbors: ['node_2', 'node_16', 'node_17', 'node_22', 'node_23', 'node_26', 'node_28', 'node_30', 'node_47']
[ 2026-05-13 06:08:12 | node_30 | INFO ] ⏹️  Gossiping exited for 50 equal rounds.
[ 2026-05-13 06:08:12 | node_49 | INFO ] 🧩 Model added for round 48 (9/10) from ['node_1']
[ 2026-05-13 06:08:12 | node_30 | INFO ] 🔬 Evaluating...
[ 2026-05-13 06:08:12 | node_5 | INFO ] 🧩 Model added for round 48 (11/12) from ['node_9']
[ 2026-05-13 06:08:12 | node_30 | INFO ] 📈 Evaluated. Results: {'test_loss': 0.2312946319580078, 'test_acc': 0.9700000286102295, 'test_precision': 0.9678175449371338, 'test_recall': 0.9701666831970215, 'test_f1': 0.9672940969467163, 'communication_cost': 52687544}
[ 2026-05-13 06:08:12 | node_2 | INFO ] 🧩 Model added for round 48 (13/13) from ['node_11']
[ 2026-05-13 06:08:13 | node_22 | INFO ] 🎉 Round 48 of 50 finished.
[ 2026-05-13 06:08:13 | node_22 | INFO ] 🗳️ [DETERMINISTIC] Train set assigned (No Voting). Size: 50
[ 2026-05-13 06:08:13 | node_22 | INFO ] ♻️ Proactively processing 5 early models for round 48.
[ 2026-05-13 06:08:13 | node_22 | INFO ] 🧩 Model added for round 48 (1/12) from ['node_19']
[ 2026-05-13 06:08:13 | node_22 | INFO ] 🧩 Model added for round 48 (2/12) from ['node_8']
[ 2026-05-13 06:08:13 | node_22 | INFO ] 🧩 Model added for round 48 (3/12) from ['node_10']
[ 2026-05-13 06:08:13 | node_22 | INFO ] 🧩 Model added for round 48 (4/12) from ['node_35']
[ 2026-05-13 06:08:13 | node_30 | INFO ] 📢 Broadcasting metrics.
[ 2026-05-13 06:08:13 | node_22 | INFO ] 🧩 Model added for round 48 (5/12) from ['node_1']
[ 2026-05-13 06:08:13 | node_22 | INFO ] 🏋️‍♀️ Preparing training...
[ 2026-05-13 06:08:13 | node_9 | INFO ] 🧩 Model added for round 48 (10/12) from ['node_34']
[ 2026-05-13 06:08:13 | node_14 | INFO ] 🧩 Model added for round 48 (8/8) from ['node_37']
[ 2026-05-13 06:08:13 | node_22 | INFO ] 🎓 Training step done.
[ 2026-05-13 06:08:13 | node_22 | INFO ] 🛠️ Calling force_add_local_model...
[ 2026-05-13 06:08:13 | node_6 | INFO ] 🧩 Model added for round 48 (8/9) from ['node_9']
[ 2026-05-13 06:08:14 | node_22 | INFO ] ✅ [FORCE] Local model added for round 48. (6/12)
[ 2026-05-13 06:08:14 | node_16 | INFO ] 🧩 Model added for round 48 (8/10) from ['node_11']
[ 2026-05-13 06:08:14 | node_25 | INFO ] 🎉 Round 48 of 50 finished.
[ 2026-05-13 06:08:14 | node_25 | INFO ] 🗳️ [DETERMINISTIC] Train set assigned (No Voting). Size: 50
[ 2026-05-13 06:08:14 | node_25 | INFO ] ♻️ Proactively processing 7 early models for round 48.
[ 2026-05-13 06:08:14 | node_25 | INFO ] 🧩 Model added for round 48 (1/13) from ['node_24']
[ 2026-05-13 06:08:14 | node_25 | INFO ] 🧩 Model added for round 48 (2/13) from ['node_12']
[ 2026-05-13 06:08:14 | node_25 | INFO ] 🧩 Model added for round 48 (3/13) from ['node_10']
[ 2026-05-13 06:08:14 | node_25 | INFO ] 🧩 Model added for round 48 (4/13) from ['node_44']
[ 2026-05-13 06:08:14 | node_25 | INFO ] 🧩 Model added for round 48 (5/13) from ['node_21']
[ 2026-05-13 06:08:14 | node_25 | INFO ] 🧩 Model added for round 48 (6/13) from ['node_6']
[ 2026-05-13 06:08:14 | node_25 | INFO ] 🧩 Model added for round 48 (7/13) from ['node_5']
[ 2026-05-13 06:08:14 | node_25 | INFO ] 🏋️‍♀️ Preparing training...
[ 2026-05-13 06:08:14 | node_14 | INFO ] 🧠 Aggregation complete. Setting new model.
[ 2026-05-13 06:08:14 | node_4 | INFO ] 📤 Sending model to 9 direct neighbors: ['node_9', 'node_16', 'node_17', 'node_20', 'node_25', 'node_31', 'node_32', 'node_39', 'node_43']
[ 2026-05-13 06:08:15 | node_16 | INFO ] 🧩 Model added for round 48 (9/10) from ['node_37']
[ 2026-05-13 06:08:15 | node_21 | INFO ] 🧩 Model added for round 48 (8/9) from ['node_34']
[ 2026-05-13 06:08:15 | node_25 | INFO ] 🎓 Training step done.
[ 2026-05-13 06:08:15 | node_8 | INFO ] 🧩 Model added for round 48 (11/12) from ['node_9']
[ 2026-05-13 06:08:15 | node_25 | INFO ] 🛠️ Calling force_add_local_model...
[ 2026-05-13 06:08:15 | node_9 | INFO ] 🧩 Model added for round 48 (11/12) from ['node_4']
[ 2026-05-13 06:08:15 | node_25 | INFO ] ✅ [FORCE] Local model added for round 48. (8/13)
[ 2026-05-13 06:08:15 | node_17 | INFO ] 🧩 Model added for round 48 (8/10) from ['node_11']
[ 2026-05-13 06:08:15 | node_2 | INFO ] 🧠 Aggregation complete. Setting new model.
[ 2026-05-13 06:08:15 | node_14 | INFO ] 🗣️ Gossiping aggregated model.
[ 2026-05-13 06:08:16 | node_24 | INFO ] 🧩 Model added for round 48 (3/4) from ['node_34']
[ 2026-05-13 06:08:17 | node_22 | INFO ] 🧩 Model added for round 48 (7/12) from ['node_11']
[ 2026-05-13 06:08:17 | node_33 | INFO ] 🧩 Model added for round 48 (6/7) from ['node_37']
[ 2026-05-13 06:08:17 | node_16 | INFO ] 🧩 Model added for round 48 (10/10) from ['node_4']
[ 2026-05-13 06:08:17 | node_13 | INFO ] 🧩 Model added for round 48 (7/7) from ['node_9']
[ 2026-05-13 06:08:17 | node_2 | INFO ] 🗣️ Gossiping aggregated model.
[ 2026-05-13 06:08:17 | node_25 | INFO ] 🧩 Model added for round 48 (9/13) from ['node_34']
[ 2026-05-13 06:08:18 | node_13 | INFO ] 🧠 Aggregation complete. Setting new model.
[ 2026-05-13 06:08:18 | node_16 | INFO ] 🧠 Aggregation complete. Setting new model.
[ 2026-05-13 06:08:18 | node_36 | INFO ] 🧩 Model added for round 48 (8/8) from ['node_37']
[ 2026-05-13 06:08:18 | node_13 | INFO ] 🗣️ Gossiping aggregated model.
[ 2026-05-13 06:08:18 | node_30 | INFO ] 🎉 Round 48 of 50 finished.
[ 2026-05-13 06:08:18 | node_30 | INFO ] 🗳️ [DETERMINISTIC] Train set assigned (No Voting). Size: 50
[ 2026-05-13 06:08:18 | node_30 | INFO ] ♻️ Proactively processing 10 early models for round 48.
[ 2026-05-13 06:08:18 | node_30 | INFO ] 🧩 Model added for round 48 (1/15) from ['node_20']
[ 2026-05-13 06:08:18 | node_30 | INFO ] 🧩 Model added for round 48 (2/15) from ['node_38']
[ 2026-05-13 06:08:19 | node_16 | INFO ] 🗣️ Gossiping aggregated model.
[ 2026-05-13 06:08:19 | node_30 | INFO ] 🧩 Model added for round 48 (3/15) from ['node_28']
[ 2026-05-13 06:08:19 | node_23 | INFO ] 🧩 Model added for round 48 (7/8) from ['node_11']
[ 2026-05-13 06:08:19 | node_18 | INFO ] 🧩 Model added for round 48 (5/5) from ['node_9']
[ 2026-05-13 06:08:19 | node_30 | INFO ] 🧩 Model added for round 48 (4/15) from ['node_10']
[ 2026-05-13 06:08:19 | node_17 | INFO ] 🧩 Model added for round 48 (9/10) from ['node_4']
[ 2026-05-13 06:08:19 | node_30 | INFO ] 🧩 Model added for round 48 (5/15) from ['node_17']
[ 2026-05-13 06:08:19 | node_30 | INFO ] 🧩 Model added for round 48 (6/15) from ['node_44']
[ 2026-05-13 06:08:19 | node_30 | INFO ] 🧩 Model added for round 48 (7/15) from ['node_32']
[ 2026-05-13 06:08:19 | node_30 | INFO ] 🧩 Model added for round 48 (8/15) from ['node']
[ 2026-05-13 06:08:19 | node_22 | INFO ] 📤 Sending model to 11 direct neighbors: ['node_1', 'node_8', 'node_9', 'node_10', 'node_11', 'node_19', 'node_25', 'node_30', 'node_35', 'node_39', 'node_43']
[ 2026-05-13 06:08:19 | node_30 | INFO ] 🧩 Model added for round 48 (9/15) from ['node_40']
[ 2026-05-13 06:08:19 | node_43 | INFO ] ⏹️  Gossiping exited for 50 equal rounds.
[ 2026-05-13 06:08:19 | node_30 | INFO ] 🧩 Model added for round 48 (10/15) from ['node_37']
[ 2026-05-13 06:08:19 | node_30 | INFO ] 🏋️‍♀️ Preparing training...
[ 2026-05-13 06:08:19 | node_43 | INFO ] 🔬 Evaluating...
[ 2026-05-13 06:08:19 | node_30 | INFO ] 🧩 Model added for round 48 (11/15) from ['node_34']
[ 2026-05-13 06:08:19 | node_43 | INFO ] 📈 Evaluated. Results: {'test_loss': 0.03680479899048805, 'test_acc': 0.9850000143051147, 'test_precision': 0.9832990169525146, 'test_recall': 0.9864472150802612, 'test_f1': 0.9844667315483093, 'communication_cost': 41397356}
[ 2026-05-13 06:08:19 | node_1 | INFO ] 🧩 Model added for round 48 (8/9) from ['node_22']
[ 2026-05-13 06:08:19 | node_43 | INFO ] 📢 Broadcasting metrics.
[ 2026-05-13 06:08:19 | node_22 | INFO ] 🧩 Model added for round 48 (8/12) from ['node_9']
[ 2026-05-13 06:08:19 | node_30 | INFO ] 🎓 Training step done.
[ 2026-05-13 06:08:19 | node_30 | INFO ] 🛠️ Calling force_add_local_model...
[ 2026-05-13 06:08:20 | node_30 | INFO ] ✅ [FORCE] Local model added for round 48. (12/15)
[ 2026-05-13 06:08:20 | node_36 | INFO ] 🧠 Aggregation complete. Setting new model.
[ 2026-05-13 06:08:20 | node_26 | INFO ] 🧩 Model added for round 48 (7/8) from ['node_11']
[ 2026-05-13 06:08:20 | node_18 | INFO ] 🧠 Aggregation complete. Setting new model.
[ 2026-05-13 06:08:20 | node_20 | INFO ] 🧩 Model added for round 48 (5/6) from ['node_4']
[ 2026-05-13 06:08:20 | node_25 | INFO ] 📤 Sending model to 12 direct neighbors: ['node_4', 'node_5', 'node_6', 'node_10', 'node_12', 'node_21', 'node_22', 'node_24', 'node_34', 'node_39', 'node_43', 'node_44']
[ 2026-05-13 06:08:20 | node_18 | INFO ] 🗣️ Gossiping aggregated model.
[ 2026-05-13 06:08:20 | node_4 | INFO ] 🧩 Model added for round 48 (8/10) from ['node_25']
[ 2026-05-13 06:08:21 | node_36 | INFO ] 🗣️ Gossiping aggregated model.
[ 2026-05-13 06:08:21 | node_8 | INFO ] 🧩 Model added for round 48 (12/12) from ['node_22']
[ 2026-05-13 06:08:21 | node_25 | INFO ] 🧩 Model added for round 48 (10/13) from ['node_4']
[ 2026-05-13 06:08:21 | node_28 | INFO ] 🧩 Model added for round 48 (8/9) from ['node_11']
[ 2026-05-13 06:08:21 | node_26 | INFO ] 🧩 Model added for round 48 (8/8) from ['node_9']
[ 2026-05-13 06:08:21 | node_42 | INFO ] 🧩 Model added for round 48 (6/7) from ['node_34']
[ 2026-05-13 06:08:22 | node_8 | INFO ] 🧠 Aggregation complete. Setting new model.
[ 2026-05-13 06:08:22 | node_5 | INFO ] 🧩 Model added for round 48 (12/12) from ['node_25']
[ 2026-05-13 06:08:22 | node_26 | INFO ] 🧠 Aggregation complete. Setting new model.
[ 2026-05-13 06:08:22 | node_30 | INFO ] 🧩 Model added for round 48 (13/15) from ['node_11']
[ 2026-05-13 06:08:23 | node_34 | INFO ] 🧩 Model added for round 48 (8/11) from ['node_9']
[ 2026-05-13 06:08:23 | node_9 | INFO ] 🧩 Model added for round 48 (12/12) from ['node_22']
[ 2026-05-13 06:08:23 | node_48 | INFO ] 🧩 Model added for round 48 (6/6) from ['node_34']
[ 2026-05-13 06:08:23 | node_31 | INFO ] 🧩 Model added for round 48 (7/7) from ['node_4']
[ 2026-05-13 06:08:23 | node_26 | INFO ] 🗣️ Gossiping aggregated model.
[ 2026-05-13 06:08:23 | node_5 | INFO ] 🧠 Aggregation complete. Setting new model.
[ 2026-05-13 06:08:23 | node_31 | INFO ] 🧠 Aggregation complete. Setting new model.
[ 2026-05-13 06:08:23 | node_48 | INFO ] 🧠 Aggregation complete. Setting new model.
[ 2026-05-13 06:08:24 | node_8 | INFO ] 🗣️ Gossiping aggregated model.
[ 2026-05-13 06:08:24 | node_48 | INFO ] 🗣️ Gossiping aggregated model.
[ 2026-05-13 06:08:24 | node_31 | INFO ] 🗣️ Gossiping aggregated model.
[ 2026-05-13 06:08:24 | node_6 | INFO ] 🧩 Model added for round 48 (9/9) from ['node_25']
[ 2026-05-13 06:08:25 | node_5 | INFO ] 🗣️ Gossiping aggregated model.
[ 2026-05-13 06:08:25 | node_30 | INFO ] 📤 Sending model to 14 direct neighbors: ['node', 'node_10', 'node_11', 'node_17', 'node_20', 'node_22', 'node_28', 'node_32', 'node_34', 'node_37', 'node_38', 'node_40', 'node_43', 'node_44']
[ 2026-05-13 06:08:25 | node_43 | INFO ] 🎉 Round 48 of 50 finished.
[ 2026-05-13 06:08:25 | node_10 | INFO ] 🧩 Model added for round 48 (7/9) from ['node_22']
[ 2026-05-13 06:08:25 | node_43 | INFO ] 🗳️ [DETERMINISTIC] Train set assigned (No Voting). Size: 50
[ 2026-05-13 06:08:25 | node_32 | INFO ] 🧩 Model added for round 48 (9/11) from ['node_4']
[ 2026-05-13 06:08:25 | node_43 | INFO ] ♻️ Proactively processing 6 early models for round 48.
[ 2026-05-13 06:08:25 | node_43 | INFO ] 🧩 Model added for round 48 (1/12) from ['node_33']
[ 2026-05-13 06:08:25 | node_43 | INFO ] 🧩 Model added for round 48 (2/12) from ['node_46']
[ 2026-05-13 06:08:25 | node_43 | INFO ] 🧩 Model added for round 48 (3/12) from ['node_7']
[ 2026-05-13 06:08:25 | node_43 | INFO ] 🧩 Model added for round 48 (4/12) from ['node_15']
[ 2026-05-13 06:08:25 | node_43 | INFO ] 🧩 Model added for round 48 (5/12) from ['node_37']
[ 2026-05-13 06:08:25 | node_43 | INFO ] 🧩 Model added for round 48 (6/12) from ['node_34']
[ 2026-05-13 06:08:25 | node_47 | INFO ] 🧩 Model added for round 48 (12/12) from ['node_11']
[ 2026-05-13 06:08:25 | node_43 | INFO ] 🏋️‍♀️ Preparing training...
[ 2026-05-13 06:08:25 | node | INFO ] 🧩 Model added for round 48 (14/15) from ['node_30']
[ 2026-05-13 06:08:26 | node_10 | INFO ] 🧩 Model added for round 48 (8/9) from ['node_25']
[ 2026-05-13 06:08:26 | node_43 | INFO ] 🎓 Training step done.
[ 2026-05-13 06:08:26 | node_11 | INFO ] 🧩 Model added for round 48 (9/10) from ['node_22']
[ 2026-05-13 06:08:26 | node_43 | INFO ] 🛠️ Calling force_add_local_model...
[ 2026-05-13 06:08:26 | node_43 | INFO ] ✅ [FORCE] Local model added for round 48. (7/12)
[ 2026-05-13 06:08:26 | node_6 | INFO ] 🧠 Aggregation complete. Setting new model.
[ 2026-05-13 06:08:26 | node_9 | INFO ] 🧠 Aggregation complete. Setting new model.
[ 2026-05-13 06:08:26 | node_47 | INFO ] 🧠 Aggregation complete. Setting new model.
[ 2026-05-13 06:08:27 | node_39 | INFO ] ⏹️  Gossiping exited for 50 equal rounds.
[ 2026-05-13 06:08:27 | node_6 | INFO ] 🗣️ Gossiping aggregated model.
[ 2026-05-13 06:08:27 | node_39 | INFO ] 🔬 Evaluating...
[ 2026-05-13 06:08:27 | node_43 | INFO ] 🧩 Model added for round 48 (8/12) from ['node_4']
[ 2026-05-13 06:08:27 | node_9 | INFO ] 🗣️ Gossiping aggregated model.
[ 2026-05-13 06:08:27 | node_39 | INFO ] 📈 Evaluated. Results: {'test_loss': 0.31792086362838745, 'test_acc': 0.9549999833106995, 'test_precision': 0.9556062817573547, 'test_recall': 0.9535682797431946, 'test_f1': 0.9536498188972473, 'communication_cost': 48924148}
[ 2026-05-13 06:08:27 | node_47 | INFO ] 🗣️ Gossiping aggregated model.
[ 2026-05-13 06:08:27 | node_10 | INFO ] 🧩 Model added for round 48 (9/9) from ['node_30']
[ 2026-05-13 06:08:28 | node_12 | INFO ] 🧩 Model added for round 48 (7/7) from ['node_25']
[ 2026-05-13 06:08:28 | node_19 | INFO ] 🧩 Model added for round 48 (4/4) from ['node_22']
[ 2026-05-13 06:08:28 | node_39 | INFO ] 📢 Broadcasting metrics.
[ 2026-05-13 06:08:29 | node_25 | INFO ] 🧩 Model added for round 48 (11/13) from ['node_22']
[ 2026-05-13 06:08:29 | node_21 | INFO ] 🧩 Model added for round 48 (9/9) from ['node_25']
[ 2026-05-13 06:08:29 | node_12 | INFO ] 🧠 Aggregation complete. Setting new model.
[ 2026-05-13 06:08:29 | node_19 | INFO ] 🧠 Aggregation complete. Setting new model.
[ 2026-05-13 06:08:29 | node_10 | INFO ] 🧠 Aggregation complete. Setting new model.
[ 2026-05-13 06:08:29 | node_11 | INFO ] 🧩 Model added for round 48 (10/10) from ['node_30']
[ 2026-05-13 06:08:29 | node_21 | INFO ] 🧠 Aggregation complete. Setting new model.
[ 2026-05-13 06:08:29 | node_11 | INFO ] 🧠 Aggregation complete. Setting new model.
[ 2026-05-13 06:08:29 | node_19 | INFO ] 🗣️ Gossiping aggregated model.
[ 2026-05-13 06:08:30 | node_12 | INFO ] 🗣️ Gossiping aggregated model.
[ 2026-05-13 06:08:30 | node_10 | INFO ] 🗣️ Gossiping aggregated model.
[ 2026-05-13 06:08:30 | node_21 | INFO ] 🗣️ Gossiping aggregated model.
[ 2026-05-13 06:08:30 | node_11 | INFO ] 🗣️ Gossiping aggregated model.
[ 2026-05-13 06:08:31 | node_22 | INFO ] 🧩 Model added for round 48 (9/12) from ['node_25']
[ 2026-05-13 06:08:31 | node_30 | INFO ] 🧩 Model added for round 48 (14/15) from ['node_22']
[ 2026-05-13 06:08:31 | node_17 | INFO ] 🧩 Model added for round 48 (10/10) from ['node_30']
[ 2026-05-13 06:08:31 | node_43 | INFO ] 📤 Sending model to 11 direct neighbors: ['node_4', 'node_7', 'node_15', 'node_22', 'node_25', 'node_30', 'node_33', 'node_34', 'node_37', 'node_39', 'node_46']
[ 2026-05-13 06:08:32 | node_4 | INFO ] 🧩 Model added for round 48 (9/10) from ['node_43']
[ 2026-05-13 06:08:33 | node_24 | INFO ] 🧩 Model added for round 48 (4/4) from ['node_25']
[ 2026-05-13 06:08:33 | node_20 | INFO ] 🧩 Model added for round 48 (6/6) from ['node_30']
[ 2026-05-13 06:08:33 | node_35 | INFO ] 🧩 Model added for round 48 (5/5) from ['node_22']
[ 2026-05-13 06:08:33 | node_24 | INFO ] 🧠 Aggregation complete. Setting new model.
[ 2026-05-13 06:08:33 | node_20 | INFO ] 🧠 Aggregation complete. Setting new model.
[ 2026-05-13 06:08:33 | node_17 | INFO ] 🧠 Aggregation complete. Setting new model.
[ 2026-05-13 06:08:33 | node_26 | INFO ] 🤫 Gossip finished.
[ 2026-05-13 06:08:33 | node_24 | INFO ] 🗣️ Gossiping aggregated model.
[ 2026-05-13 06:08:33 | node_26 | INFO ] 🔬 Evaluating...
[ 2026-05-13 06:08:33 | node_39 | INFO ] 🎉 Round 48 of 50 finished.
[ 2026-05-13 06:08:33 | node_39 | INFO ] 🗳️ [DETERMINISTIC] Train set assigned (No Voting). Size: 50
[ 2026-05-13 06:08:34 | node_39 | INFO ] ♻️ Proactively processing 10 early models for round 48.
[ 2026-05-13 06:08:34 | node_39 | INFO ] 🧩 Model added for round 48 (1/14) from ['node_42']
[ 2026-05-13 06:08:34 | node_39 | INFO ] 🧩 Model added for round 48 (2/14) from ['node_23']
[ 2026-05-13 06:08:34 | node_20 | INFO ] 🗣️ Gossiping aggregated model.
[ 2026-05-13 06:08:34 | node_39 | INFO ] 🧩 Model added for round 48 (3/14) from ['node_27']
[ 2026-05-13 06:08:34 | node_26 | INFO ] 📈 Evaluated. Results: {'test_loss': 0.15070030093193054, 'test_acc': 0.9800000190734863, 'test_precision': 0.9801914691925049, 'test_recall': 0.9832751750946045, 'test_f1': 0.9811801314353943, 'communication_cost': 26343772}
[ 2026-05-13 06:08:34 | node_39 | INFO ] 🧩 Model added for round 48 (4/14) from ['node_32']
[ 2026-05-13 06:08:34 | node_7 | INFO ] 🧩 Model added for round 48 (6/7) from ['node_43']
[ 2026-05-13 06:08:34 | node_39 | INFO ] 🧩 Model added for round 48 (5/14) from ['node']
[ 2026-05-13 06:08:34 | node_39 | INFO ] 🧩 Model added for round 48 (6/14) from ['node_7']
[ 2026-05-13 06:08:34 | node_39 | INFO ] 🧩 Model added for round 48 (7/14) from ['node_3']
[ 2026-05-13 06:08:34 | node_34 | INFO ] 🧩 Model added for round 48 (9/11) from ['node_25']
[ 2026-05-13 06:08:34 | node_17 | INFO ] 🗣️ Gossiping aggregated model.
[ 2026-05-13 06:08:34 | node_26 | INFO ] 📢 Broadcasting metrics.
[ 2026-05-13 06:08:34 | node_39 | INFO ] 🧩 Model added for round 48 (8/14) from ['node_49']
[ 2026-05-13 06:08:34 | node_39 | INFO ] 🧩 Model added for round 48 (9/14) from ['node_1']
[ 2026-05-13 06:08:34 | node_39 | INFO ] 🧩 Model added for round 48 (10/14) from ['node_4']
[ 2026-05-13 06:08:34 | node_39 | INFO ] 🏋️‍♀️ Preparing training...
[ 2026-05-13 06:08:35 | node_22 | INFO ] 🧩 Model added for round 48 (10/12) from ['node_30']
[ 2026-05-13 06:08:35 | node_39 | INFO ] 🧩 Model added for round 48 (11/14) from ['node_22']
[ 2026-05-13 06:08:36 | node_15 | INFO ] 🧩 Model added for round 48 (7/7) from ['node_43']
[ 2026-05-13 06:08:36 | node_39 | INFO ] 🎓 Training step done.
[ 2026-05-13 06:08:36 | node_39 | INFO ] 🛠️ Calling force_add_local_model...
[ 2026-05-13 06:08:36 | node_39 | INFO ] ✅ [FORCE] Local model added for round 48. (12/14)
[ 2026-05-13 06:08:36 | node_35 | INFO ] 🧠 Aggregation complete. Setting new model.
[ 2026-05-13 06:08:36 | node_39 | INFO ] 🧩 Model added for round 48 (13/14) from ['node_25']
[ 2026-05-13 06:08:36 | node_15 | INFO ] 🧠 Aggregation complete. Setting new model.
[ 2026-05-13 06:08:37 | node_35 | INFO ] 🗣️ Gossiping aggregated model.
[ 2026-05-13 06:08:37 | node_28 | INFO ] 🧩 Model added for round 48 (9/9) from ['node_30']
[ 2026-05-13 06:08:37 | node_22 | INFO ] 🧩 Model added for round 48 (11/12) from ['node_43']
[ 2026-05-13 06:08:37 | node_43 | INFO ] 🧩 Model added for round 48 (9/12) from ['node_22']
[ 2026-05-13 06:08:37 | node_15 | INFO ] 🗣️ Gossiping aggregated model.
[ 2026-05-13 06:08:38 | node_28 | INFO ] 🧠 Aggregation complete. Setting new model.
[ 2026-05-13 06:08:38 | node_26 | INFO ] 🎉 Round 49 of 50 finished.
[ 2026-05-13 06:08:38 | node_26 | INFO ] 🗳️ [DETERMINISTIC] Train set assigned (No Voting). Size: 50
[ 2026-05-13 06:08:38 | node_26 | INFO ] 🏋️‍♀️ Preparing training...
[ 2026-05-13 06:08:38 | node_32 | INFO ] 🧩 Model added for round 48 (10/11) from ['node_30']
[ 2026-05-13 06:08:38 | node_43 | INFO ] 🧩 Model added for round 48 (10/12) from ['node_25']
[ 2026-05-13 06:08:38 | node_28 | INFO ] 🗣️ Gossiping aggregated model.
[ 2026-05-13 06:08:39 | node_25 | INFO ] 🧩 Model added for round 48 (12/13) from ['node_43']
[ 2026-05-13 06:08:39 | node_26 | INFO ] 🎓 Training step done.
[ 2026-05-13 06:08:39 | node_26 | INFO ] 🛠️ Calling force_add_local_model...
[ 2026-05-13 06:08:39 | node_26 | INFO ] ✅ [FORCE] Local model added for round 49. (1/8)
[ 2026-05-13 06:08:40 | node_34 | INFO ] 🧩 Model added for round 48 (10/11) from ['node_30']
[ 2026-05-13 06:08:40 | node_44 | INFO ] 🧩 Model added for round 48 (8/9) from ['node_25']
[ 2026-05-13 06:08:41 | node_30 | INFO ] 🧩 Model added for round 48 (15/15) from ['node_43']
[ 2026-05-13 06:08:41 | node_39 | INFO ] 📤 Sending model to 13 direct neighbors: ['node', 'node_1', 'node_3', 'node_4', 'node_7', 'node_22', 'node_23', 'node_25', 'node_27', 'node_32', 'node_42', 'node_43', 'node_49']
[ 2026-05-13 06:08:41 | node | INFO ] 🧩 Model added for round 48 (15/15) from ['node_39']
[ 2026-05-13 06:08:42 | node_37 | INFO ] 🧩 Model added for round 48 (9/10) from ['node_30']
[ 2026-05-13 06:08:43 | node | INFO ] 🧠 Aggregation complete. Setting new model.
[ 2026-05-13 06:08:43 | node_18 | INFO ] 🤫 Gossip finished.
[ 2026-05-13 06:08:43 | node_33 | INFO ] 🧩 Model added for round 48 (7/7) from ['node_43']
[ 2026-05-13 06:08:43 | node_18 | INFO ] 🔬 Evaluating...
[ 2026-05-13 06:08:44 | node_38 | INFO ] 🧩 Model added for round 48 (8/8) from ['node_30']
[ 2026-05-13 06:08:44 | node_18 | INFO ] 📈 Evaluated. Results: {'test_loss': 0.24496673047542572, 'test_acc': 0.9649999737739563, 'test_precision': 0.9649480581283569, 'test_recall': 0.9647031426429749, 'test_f1': 0.9639114141464233, 'communication_cost': 15053584}
[ 2026-05-13 06:08:44 | node | INFO ] 🗣️ Gossiping aggregated model.
[ 2026-05-13 06:08:44 | node_26 | INFO ] 📤 Sending model to 7 direct neighbors: ['node_9', 'node_10', 'node_11', 'node_18', 'node_20', 'node_47', 'node_48']
[ 2026-05-13 06:08:44 | node_1 | INFO ] 🧩 Model added for round 48 (9/9) from ['node_39']
[ 2026-05-13 06:08:44 | node_18 | INFO ] 📢 Broadcasting metrics.
[ 2026-05-13 06:08:45 | node_34 | INFO ] 🧩 Model added for round 48 (11/11) from ['node_43']
[ 2026-05-13 06:08:46 | node_40 | INFO ] 🧩 Model added for round 48 (8/8) from ['node_30']
[ 2026-05-13 06:08:46 | node_3 | INFO ] 🧩 Model added for round 48 (8/8) from ['node_39']
[ 2026-05-13 06:08:46 | node_33 | INFO ] 🧠 Aggregation complete. Setting new model.
[ 2026-05-13 06:08:47 | node_18 | INFO ] 🎉 Round 49 of 50 finished.
[ 2026-05-13 06:08:47 | node_18 | INFO ] 🗳️ [DETERMINISTIC] Train set assigned (No Voting). Size: 50
[ 2026-05-13 06:08:47 | node_18 | INFO ] 🏋️‍♀️ Preparing training...
[ 2026-05-13 06:08:47 | node_43 | INFO ] 🧩 Model added for round 48 (11/12) from ['node_30']
[ 2026-05-13 06:08:47 | node_18 | INFO ] 🧩 Model added for round 49 (1/5) from ['node_26']
[ 2026-05-13 06:08:47 | node_33 | INFO ] 🗣️ Gossiping aggregated model.
[ 2026-05-13 06:08:48 | node_37 | INFO ] 🧩 Model added for round 48 (10/10) from ['node_43']
[ 2026-05-13 06:08:48 | node_18 | INFO ] 🎓 Training step done.
[ 2026-05-13 06:08:48 | node_18 | INFO ] 🛠️ Calling force_add_local_model...
[ 2026-05-13 06:08:48 | node_38 | INFO ] 🧠 Aggregation complete. Setting new model.
[ 2026-05-13 06:08:48 | node_4 | INFO ] 🧩 Model added for round 48 (10/10) from ['node_39']
[ 2026-05-13 06:08:48 | node_1 | INFO ] 🧠 Aggregation complete. Setting new model.
[ 2026-05-13 06:08:48 | node_18 | INFO ] ✅ [FORCE] Local model added for round 49. (2/5)
[ 2026-05-13 06:08:48 | node_3 | INFO ] 🧠 Aggregation complete. Setting new model.
[ 2026-05-13 06:08:48 | node_40 | INFO ] 🧠 Aggregation complete. Setting new model.
[ 2026-05-13 06:08:48 | node_34 | INFO ] 🧠 Aggregation complete. Setting new model.
[ 2026-05-13 06:08:48 | node_37 | INFO ] 🧠 Aggregation complete. Setting new model.
[ 2026-05-13 06:08:48 | node_4 | INFO ] 🧠 Aggregation complete. Setting new model.
[ 2026-05-13 06:08:49 | node_38 | INFO ] 🗣️ Gossiping aggregated model.
[ 2026-05-13 06:08:49 | node_44 | INFO ] 🧩 Model added for round 48 (9/9) from ['node_30']
[ 2026-05-13 06:08:50 | node_1 | INFO ] 🗣️ Gossiping aggregated model.
[ 2026-05-13 06:08:50 | node_3 | INFO ] 🗣️ Gossiping aggregated model.
[ 2026-05-13 06:08:50 | node_40 | INFO ] 🗣️ Gossiping aggregated model.
[ 2026-05-13 06:08:50 | node_39 | INFO ] 🧩 Model added for round 48 (14/14) from ['node_43']
[ 2026-05-13 06:08:50 | node_7 | INFO ] 🧩 Model added for round 48 (7/7) from ['node_39']
[ 2026-05-13 06:08:50 | node_37 | INFO ] 🗣️ Gossiping aggregated model.
[ 2026-05-13 06:08:50 | node_4 | INFO ] 🗣️ Gossiping aggregated model.
[ 2026-05-13 06:08:50 | node_34 | INFO ] 🗣️ Gossiping aggregated model.
[ 2026-05-13 06:08:50 | node_44 | INFO ] 🧠 Aggregation complete. Setting new model.
[ 2026-05-13 06:08:50 | node_7 | INFO ] 🧠 Aggregation complete. Setting new model.
[ 2026-05-13 06:08:50 | node_48 | INFO ] 🤫 Gossip finished.
[ 2026-05-13 06:08:51 | node_48 | INFO ] 🔬 Evaluating...
[ 2026-05-13 06:08:51 | node_48 | INFO ] 📈 Evaluated. Results: {'test_loss': 0.06785669177770615, 'test_acc': 0.9850000143051147, 'test_precision': 0.9861472845077515, 'test_recall': 0.9857488870620728, 'test_f1': 0.9853965044021606, 'communication_cost': 18816980}
[ 2026-05-13 06:08:51 | node_7 | INFO ] 🗣️ Gossiping aggregated model.
[ 2026-05-13 06:08:51 | node_48 | INFO ] 📢 Broadcasting metrics.
[ 2026-05-13 06:08:51 | node_44 | INFO ] 🗣️ Gossiping aggregated model.
[ 2026-05-13 06:08:51 | node_16 | INFO ] 🤫 Gossip finished.
[ 2026-05-13 06:08:51 | node_22 | INFO ] 🧩 Model added for round 48 (12/12) from ['node_39']
[ 2026-05-13 06:08:51 | node_16 | INFO ] 🔬 Evaluating...
[ 2026-05-13 06:08:52 | node_16 | INFO ] 📈 Evaluated. Results: {'test_loss': 0.1292913854122162, 'test_acc': 0.9800000190734863, 'test_precision': 0.9810388684272766, 'test_recall': 0.9782633781433105, 'test_f1': 0.9791419506072998, 'communication_cost': 33870564}
[ 2026-05-13 06:08:52 | node_46 | INFO ] 🧩 Model added for round 48 (8/8) from ['node_43']
[ 2026-05-13 06:08:52 | node_36 | INFO ] 🤫 Gossip finished.
[ 2026-05-13 06:08:52 | node_36 | INFO ] 🔬 Evaluating...
[ 2026-05-13 06:08:52 | node_16 | INFO ] 📢 Broadcasting metrics.
[ 2026-05-13 06:08:53 | node_36 | INFO ] 📈 Evaluated. Results: {'test_loss': 0.2134266048669815, 'test_acc': 0.9800000190734863, 'test_precision': 0.9843117594718933, 'test_recall': 0.9819902777671814, 'test_f1': 0.9827922582626343, 'communication_cost': 26343772}
[ 2026-05-13 06:08:53 | node_18 | INFO ] 📤 Sending model to 4 direct neighbors: ['node', 'node_9', 'node_26', 'node_47']
[ 2026-05-13 06:08:53 | node_36 | INFO ] 📢 Broadcasting metrics.
[ 2026-05-13 06:08:54 | node_23 | INFO ] 🧩 Model added for round 48 (8/8) from ['node_39']
[ 2026-05-13 06:08:54 | node_46 | INFO ] 🧠 Aggregation complete. Setting new model.
[ 2026-05-13 06:08:54 | node_23 | INFO ] 🧠 Aggregation complete. Setting new model.
[ 2026-05-13 06:08:54 | node_22 | INFO ] 🧠 Aggregation complete. Setting new model.
[ 2026-05-13 06:08:54 | node_30 | INFO ] 🧠 Aggregation complete. Setting new model.
[ 2026-05-13 06:08:54 | node_48 | INFO ] 🎉 Round 49 of 50 finished.
[ 2026-05-13 06:08:54 | node_48 | INFO ] 🗳️ [DETERMINISTIC] Train set assigned (No Voting). Size: 50
[ 2026-05-13 06:08:54 | node_48 | INFO ] ♻️ Proactively processing 1 early models for round 49.
[ 2026-05-13 06:08:54 | node_48 | INFO ] 🧩 Model added for round 49 (1/6) from ['node_26']
[ 2026-05-13 06:08:54 | node_48 | INFO ] 🏋️‍♀️ Preparing training...
[ 2026-05-13 06:08:55 | node_9 | INFO ] 🤫 Gossip finished.
[ 2026-05-13 06:08:55 | node_9 | INFO ] 🔬 Evaluating...
[ 2026-05-13 06:08:55 | node_46 | INFO ] 🗣️ Gossiping aggregated model.
[ 2026-05-13 06:08:55 | node_9 | INFO ] 📈 Evaluated. Results: {'test_loss': 0.04731382429599762, 'test_acc': 0.9950000047683716, 'test_precision': 0.9944446086883545, 'test_recall': 0.9950001239776611, 'test_f1': 0.9945788383483887, 'communication_cost': 41397356}
[ 2026-05-13 06:08:55 | node_23 | INFO ] 🗣️ Gossiping aggregated model.
[ 2026-05-13 06:08:55 | node_48 | INFO ] 🎓 Training step done.
[ 2026-05-13 06:08:55 | node_9 | INFO ] 📢 Broadcasting metrics.
[ 2026-05-13 06:08:55 | node_26 | INFO ] 🧩 Model added for round 49 (2/8) from ['node_18']
[ 2026-05-13 06:08:55 | node_25 | INFO ] 🧩 Model added for round 48 (13/13) from ['node_39']
[ 2026-05-13 06:08:55 | node_48 | INFO ] 🛠️ Calling force_add_local_model...
[ 2026-05-13 06:08:55 | node_48 | INFO ] ✅ [FORCE] Local model added for round 49. (2/6)
[ 2026-05-13 06:08:56 | node_22 | INFO ] 🗣️ Gossiping aggregated model.
[ 2026-05-13 06:08:56 | node_8 | INFO ] 🤫 Gossip finished.
[ 2026-05-13 06:08:56 | node_28 | INFO ] 🤫 Gossip finished.
[ 2026-05-13 06:08:56 | node_19 | INFO ] 🤫 Gossip finished.
[ 2026-05-13 06:08:56 | node_8 | INFO ] 🔬 Evaluating...
[ 2026-05-13 06:08:56 | node_28 | INFO ] 🔬 Evaluating...
[ 2026-05-13 06:08:56 | node_19 | INFO ] 🔬 Evaluating...
[ 2026-05-13 06:08:56 | node_20 | INFO ] 🤫 Gossip finished.
[ 2026-05-13 06:08:56 | node_20 | INFO ] 🔬 Evaluating...
[ 2026-05-13 06:08:56 | node_35 | INFO ] 🤫 Gossip finished.
[ 2026-05-13 06:08:56 | node_35 | INFO ] 🔬 Evaluating...
[ 2026-05-13 06:08:56 | node_25 | INFO ] 🧠 Aggregation complete. Setting new model.
[ 2026-05-13 06:08:56 | node_30 | INFO ] 🗣️ Gossiping aggregated model.
[ 2026-05-13 06:08:56 | node_8 | INFO ] 📈 Evaluated. Results: {'test_loss': 0.2272997349500656, 'test_acc': 0.9800000190734863, 'test_precision': 0.9811952710151672, 'test_recall': 0.9795411825180054, 'test_f1': 0.9798259735107422, 'communication_cost': 41397356}
[ 2026-05-13 06:08:56 | node_28 | INFO ] 📈 Evaluated. Results: {'test_loss': 0.10704145580530167, 'test_acc': 0.9750000238418579, 'test_precision': 0.9741057753562927, 'test_recall': 0.9746490716934204, 'test_f1': 0.9740980267524719, 'communication_cost': 30107168}
[ 2026-05-13 06:08:56 | node_20 | INFO ] 📈 Evaluated. Results: {'test_loss': 0.34367701411247253, 'test_acc': 0.9649999737739563, 'test_precision': 0.9657622575759888, 'test_recall': 0.9667545557022095, 'test_f1': 0.9649961590766907, 'communication_cost': 18816980}
[ 2026-05-13 06:08:56 | node_19 | INFO ] 📈 Evaluated. Results: {'test_loss': 0.39172571897506714, 'test_acc': 0.9599999785423279, 'test_precision': 0.9582885503768921, 'test_recall': 0.9572860598564148, 'test_f1': 0.9559956192970276, 'communication_cost': 11290188}
[ 2026-05-13 06:08:56 | node_38 | INFO ] 🤫 Gossip finished.
[ 2026-05-13 06:08:57 | node_35 | INFO ] 📈 Evaluated. Results: {'test_loss': 0.10081253945827484, 'test_acc': 0.9800000190734863, 'test_precision': 0.984805703163147, 'test_recall': 0.9806459546089172, 'test_f1': 0.9821586012840271, 'communication_cost': 15053584}
[ 2026-05-13 06:08:57 | node_38 | INFO ] 🔬 Evaluating...
[ 2026-05-13 06:08:57 | node_16 | INFO ] 🎉 Round 49 of 50 finished.
[ 2026-05-13 06:08:57 | node_16 | INFO ] 🗳️ [DETERMINISTIC] Train set assigned (No Voting). Size: 50
[ 2026-05-13 06:08:57 | node_28 | INFO ] 📢 Broadcasting metrics.
[ 2026-05-13 06:08:57 | node_16 | INFO ] 🏋️‍♀️ Preparing training...
[ 2026-05-13 06:08:57 | node_8 | INFO ] 📢 Broadcasting metrics.
[ 2026-05-13 06:08:57 | node_36 | INFO ] 🎉 Round 49 of 50 finished.
[ 2026-05-13 06:08:57 | node_10 | INFO ] 🤫 Gossip finished.
[ 2026-05-13 06:08:57 | node_6 | INFO ] 🤫 Gossip finished.
[ 2026-05-13 06:08:57 | node_10 | INFO ] 🔬 Evaluating...
[ 2026-05-13 06:08:57 | node_36 | INFO ] 🗳️ [DETERMINISTIC] Train set assigned (No Voting). Size: 50
[ 2026-05-13 06:08:57 | node_36 | INFO ] 🏋️‍♀️ Preparing training...
[ 2026-05-13 06:08:57 | node_6 | INFO ] 🔬 Evaluating...
[ 2026-05-13 06:08:57 | node_20 | INFO ] 📢 Broadcasting metrics.
[ 2026-05-13 06:08:57 | node_27 | INFO ] 🧩 Model added for round 48 (7/7) from ['node_39']
[ 2026-05-13 06:08:58 | node_16 | INFO ] 🎓 Training step done.
[ 2026-05-13 06:08:58 | node_19 | INFO ] 📢 Broadcasting metrics.
[ 2026-05-13 06:08:58 | node_16 | INFO ] 🛠️ Calling force_add_local_model...
[ 2026-05-13 06:08:58 | node_35 | INFO ] 📢 Broadcasting metrics.
[ 2026-05-13 06:08:58 | node_10 | INFO ] 📈 Evaluated. Results: {'test_loss': 0.0969456359744072, 'test_acc': 0.9800000190734863, 'test_precision': 0.9804737567901611, 'test_recall': 0.9805089831352234, 'test_f1': 0.979892909526825, 'communication_cost': 30107168}
[ 2026-05-13 06:08:58 | node_16 | INFO ] ✅ [FORCE] Local model added for round 49. (1/10)
[ 2026-05-13 06:08:58 | node_25 | INFO ] 🗣️ Gossiping aggregated model.
[ 2026-05-13 06:08:58 | node_24 | INFO ] 🤫 Gossip finished.
[ 2026-05-13 06:08:58 | node_6 | INFO ] 📈 Evaluated. Results: {'test_loss': 0.15155379474163055, 'test_acc': 0.9649999737739563, 'test_precision': 0.9657289385795593, 'test_recall': 0.9692641496658325, 'test_f1': 0.966678261756897, 'communication_cost': 30107168}
[ 2026-05-13 06:08:58 | node_10 | INFO ] 📢 Broadcasting metrics.
[ 2026-05-13 06:08:58 | node_38 | INFO ] 📈 Evaluated. Results: {'test_loss': 0.4845029413700104, 'test_acc': 0.9599999785423279, 'test_precision': 0.9617091417312622, 'test_recall': 0.9626667499542236, 'test_f1': 0.9615156054496765, 'communication_cost': 26343772}
[ 2026-05-13 06:08:58 | node_12 | INFO ] 🤫 Gossip finished.
[ 2026-05-13 06:08:58 | node_6 | INFO ] 📢 Broadcasting metrics.
[ 2026-05-13 06:08:58 | node_24 | INFO ] 🔬 Evaluating...
[ 2026-05-13 06:08:58 | node_38 | INFO ] 📢 Broadcasting metrics.
[ 2026-05-13 06:08:58 | node_12 | INFO ] 🔬 Evaluating...
[ 2026-05-13 06:08:58 | node_27 | INFO ] 🧠 Aggregation complete. Setting new model.
[ 2026-05-13 06:08:58 | node_36 | INFO ] 🎓 Training step done.
[ 2026-05-13 06:08:58 | node_36 | INFO ] 🛠️ Calling force_add_local_model...
[ 2026-05-13 06:08:58 | node_36 | INFO ] ✅ [FORCE] Local model added for round 49. (1/8)
[ 2026-05-13 06:08:59 | node_24 | INFO ] 📈 Evaluated. Results: {'test_loss': 0.4183456003665924, 'test_acc': 0.9599999785423279, 'test_precision': 0.9634469747543335, 'test_recall': 0.9610520005226135, 'test_f1': 0.9607314467430115, 'communication_cost': 11290188}
[ 2026-05-13 06:08:59 | node_12 | INFO ] 📈 Evaluated. Results: {'test_loss': 0.16033411026000977, 'test_acc': 0.9750000238418579, 'test_precision': 0.9728320837020874, 'test_recall': 0.9758772253990173, 'test_f1': 0.9735181927680969, 'communication_cost': 22580376}
[ 2026-05-13 06:08:59 | node_27 | INFO ] 🗣️ Gossiping aggregated model.
[ 2026-05-13 06:08:59 | node_24 | INFO ] 📢 Broadcasting metrics.
[ 2026-05-13 06:08:59 | node_32 | INFO ] 🧩 Model added for round 48 (11/11) from ['node_39']
[ 2026-05-13 06:08:59 | node_19 | INFO ] 🎉 Round 49 of 50 finished.
[ 2026-05-13 06:08:59 | node_29 | INFO ] 🤫 Gossip finished.
[ 2026-05-13 06:08:59 | node_29 | INFO ] 🔬 Evaluating...
[ 2026-05-13 06:08:59 | node_19 | INFO ] 🗳️ [DETERMINISTIC] Train set assigned (No Voting). Size: 50
[ 2026-05-13 06:08:59 | node_12 | INFO ] 📢 Broadcasting metrics.
[ 2026-05-13 06:08:59 | node_19 | INFO ] 🏋️‍♀️ Preparing training...
[ 2026-05-13 06:09:00 | node_35 | INFO ] 🎉 Round 49 of 50 finished.
[ 2026-05-13 06:09:00 | node_29 | INFO ] 📈 Evaluated. Results: {'test_loss': 0.25878506898880005, 'test_acc': 0.9700000286102295, 'test_precision': 0.9695693254470825, 'test_recall': 0.9636569023132324, 'test_f1': 0.9661918878555298, 'communication_cost': 30107168}
[ 2026-05-13 06:09:00 | node_35 | INFO ] 🗳️ [DETERMINISTIC] Train set assigned (No Voting). Size: 50
[ 2026-05-13 06:09:00 | node_20 | INFO ] 🎉 Round 49 of 50 finished.
[ 2026-05-13 06:09:00 | node_29 | INFO ] 📢 Broadcasting metrics.
[ 2026-05-13 06:09:00 | node_20 | INFO ] 🗳️ [DETERMINISTIC] Train set assigned (No Voting). Size: 50
[ 2026-05-13 06:09:00 | node_35 | INFO ] 🏋️‍♀️ Preparing training...
[ 2026-05-13 06:09:00 | node_20 | INFO ] ♻️ Proactively processing 1 early models for round 49.
[ 2026-05-13 06:09:00 | node_20 | INFO ] 🧩 Model added for round 49 (1/6) from ['node_26']
[ 2026-05-13 06:09:00 | node_20 | INFO ] 🏋️‍♀️ Preparing training...
[ 2026-05-13 06:09:00 | node_19 | INFO ] 🎓 Training step done.
[ 2026-05-13 06:09:00 | node_28 | INFO ] 🎉 Round 49 of 50 finished.
[ 2026-05-13 06:09:00 | node_19 | INFO ] 🛠️ Calling force_add_local_model...
[ 2026-05-13 06:09:01 | node_9 | INFO ] 🎉 Round 49 of 50 finished.
[ 2026-05-13 06:09:01 | node_19 | INFO ] ✅ [FORCE] Local model added for round 49. (1/4)
[ 2026-05-13 06:09:01 | node_48 | INFO ] 📤 Sending model to 5 direct neighbors: ['node_14', 'node_21', 'node_26', 'node_34', 'node_40']
[ 2026-05-13 06:09:01 | node_28 | INFO ] 🗳️ [DETERMINISTIC] Train set assigned (No Voting). Size: 50
[ 2026-05-13 06:09:01 | node_24 | INFO ] 🎉 Round 49 of 50 finished.
[ 2026-05-13 06:09:01 | node_42 | INFO ] 🧩 Model added for round 48 (7/7) from ['node_39']
[ 2026-05-13 06:09:01 | node_9 | INFO ] 🗳️ [DETERMINISTIC] Train set assigned (No Voting). Size: 50
[ 2026-05-13 06:09:01 | node_24 | INFO ] 🗳️ [DETERMINISTIC] Train set assigned (No Voting). Size: 50
[ 2026-05-13 06:09:01 | node_28 | INFO ] 🏋️‍♀️ Preparing training...
[ 2026-05-13 06:09:01 | node_35 | INFO ] 🎓 Training step done.
[ 2026-05-13 06:09:01 | node_9 | INFO ] ♻️ Proactively processing 2 early models for round 49.
[ 2026-05-13 06:09:01 | node_35 | INFO ] 🛠️ Calling force_add_local_model...
[ 2026-05-13 06:09:01 | node_20 | INFO ] 🎓 Training step done.
[ 2026-05-13 06:09:01 | node_32 | INFO ] 🧠 Aggregation complete. Setting new model.
[ 2026-05-13 06:09:01 | node_9 | INFO ] 🧩 Model added for round 49 (1/12) from ['node_26']
[ 2026-05-13 06:09:01 | node_35 | INFO ] ✅ [FORCE] Local model added for round 49. (1/5)
[ 2026-05-13 06:09:01 | node_20 | INFO ] 🛠️ Calling force_add_local_model...
[ 2026-05-13 06:09:01 | node_24 | INFO ] 🏋️‍♀️ Preparing training...
[ 2026-05-13 06:09:01 | node_9 | INFO ] 🧩 Model added for round 49 (2/12) from ['node_18']
[ 2026-05-13 06:09:01 | node_20 | INFO ] ✅ [FORCE] Local model added for round 49. (2/6)
[ 2026-05-13 06:09:01 | node_9 | INFO ] 🏋️‍♀️ Preparing training...
[ 2026-05-13 06:09:01 | node_38 | INFO ] 🎉 Round 49 of 50 finished.
[ 2026-05-13 06:09:01 | node_38 | INFO ] 🗳️ [DETERMINISTIC] Train set assigned (No Voting). Size: 50
[ 2026-05-13 06:09:01 | node_38 | INFO ] 🏋️‍♀️ Preparing training...
[ 2026-05-13 06:09:01 | node_28 | INFO ] 🎓 Training step done.
[ 2026-05-13 06:09:02 | node_28 | INFO ] 🛠️ Calling force_add_local_model...
[ 2026-05-13 06:09:02 | node_42 | INFO ] 🧠 Aggregation complete. Setting new model.
[ 2026-05-13 06:09:02 | node_28 | INFO ] ✅ [FORCE] Local model added for round 49. (1/9)
[ 2026-05-13 06:09:02 | node_6 | INFO ] 🎉 Round 49 of 50 finished.
[ 2026-05-13 06:09:02 | node_24 | INFO ] 🎓 Training step done.
[ 2026-05-13 06:09:02 | node_9 | INFO ] 🎓 Training step done.
[ 2026-05-13 06:09:02 | node_24 | INFO ] 🛠️ Calling force_add_local_model...
[ 2026-05-13 06:09:02 | node_6 | INFO ] 🗳️ [DETERMINISTIC] Train set assigned (No Voting). Size: 50
[ 2026-05-13 06:09:02 | node_9 | INFO ] 🛠️ Calling force_add_local_model...
[ 2026-05-13 06:09:02 | node_26 | INFO ] 🧩 Model added for round 49 (3/8) from ['node_48']
[ 2026-05-13 06:09:02 | node_38 | INFO ] 🎓 Training step done.
[ 2026-05-13 06:09:02 | node_24 | INFO ] ✅ [FORCE] Local model added for round 49. (1/4)
[ 2026-05-13 06:09:02 | node_9 | INFO ] ✅ [FORCE] Local model added for round 49. (3/12)
[ 2026-05-13 06:09:02 | node_38 | INFO ] 🛠️ Calling force_add_local_model...
[ 2026-05-13 06:09:02 | node_6 | INFO ] 🏋️‍♀️ Preparing training...
[ 2026-05-13 06:09:02 | node_38 | INFO ] ✅ [FORCE] Local model added for round 49. (1/8)
[ 2026-05-13 06:09:02 | node_17 | INFO ] 🤫 Gossip finished.
[ 2026-05-13 06:09:02 | node_43 | INFO ] 🧩 Model added for round 48 (12/12) from ['node_39']
[ 2026-05-13 06:09:02 | node_14 | INFO ] 🤫 Gossip finished.
[ 2026-05-13 06:09:02 | node_10 | INFO ] 🎉 Round 49 of 50 finished.
[ 2026-05-13 06:09:02 | node_8 | INFO ] 🎉 Round 49 of 50 finished.
[ 2026-05-13 06:09:02 | node_17 | INFO ] 🔬 Evaluating...
[ 2026-05-13 06:09:03 | node_14 | INFO ] 🔬 Evaluating...
[ 2026-05-13 06:09:03 | node_10 | INFO ] 🗳️ [DETERMINISTIC] Train set assigned (No Voting). Size: 50
[ 2026-05-13 06:09:03 | node_8 | INFO ] 🗳️ [DETERMINISTIC] Train set assigned (No Voting). Size: 50
[ 2026-05-13 06:09:03 | node_12 | INFO ] 🎉 Round 49 of 50 finished.
[ 2026-05-13 06:09:03 | node_16 | INFO ] 📤 Sending model to 9 direct neighbors: ['node', 'node_1', 'node_2', 'node_4', 'node_8', 'node_11', 'node_19', 'node_33', 'node_37']
[ 2026-05-13 06:09:03 | node_6 | INFO ] 🎓 Training step done.
[ 2026-05-13 06:09:03 | node_10 | INFO ] ♻️ Proactively processing 1 early models for round 49.
[ 2026-05-13 06:09:03 | node_43 | INFO ] 🧠 Aggregation complete. Setting new model.
[ 2026-05-13 06:09:03 | node_32 | INFO ] 🗣️ Gossiping aggregated model.
[ 2026-05-13 06:09:03 | node_8 | INFO ] 🏋️‍♀️ Preparing training...
[ 2026-05-13 06:09:03 | node_12 | INFO ] 🗳️ [DETERMINISTIC] Train set assigned (No Voting). Size: 50
[ 2026-05-13 06:09:03 | node_6 | INFO ] 🛠️ Calling force_add_local_model...
[ 2026-05-13 06:09:03 | node_42 | INFO ] 🗣️ Gossiping aggregated model.
[ 2026-05-13 06:09:03 | node_10 | INFO ] 🧩 Model added for round 49 (1/9) from ['node_26']
[ 2026-05-13 06:09:03 | node_14 | INFO ] 📈 Evaluated. Results: {'test_loss': 0.11613870412111282, 'test_acc': 0.9700000286102295, 'test_precision': 0.973202645778656, 'test_recall': 0.9658271670341492, 'test_f1': 0.9687712788581848, 'communication_cost': 26343772}
[ 2026-05-13 06:09:03 | node_17 | INFO ] 📈 Evaluated. Results: {'test_loss': 0.23695486783981323, 'test_acc': 0.9649999737739563, 'test_precision': 0.9635581970214844, 'test_recall': 0.9631878137588501, 'test_f1': 0.9620754718780518, 'communication_cost': 33870564}
[ 2026-05-13 06:09:03 | node_6 | INFO ] ✅ [FORCE] Local model added for round 49. (1/9)
[ 2026-05-13 06:09:03 | node_10 | INFO ] 🏋️‍♀️ Preparing training...
[ 2026-05-13 06:09:03 | node_12 | INFO ] 🏋️‍♀️ Preparing training...
[ 2026-05-13 06:09:03 | node_36 | INFO ] 📤 Sending model to 7 direct neighbors: ['node_3', 'node_20', 'node_21', 'node_28', 'node_37', 'node_38', 'node_40']
[ 2026-05-13 06:09:03 | node_14 | INFO ] 📢 Broadcasting metrics.
[ 2026-05-13 06:09:04 | node_17 | INFO ] 📢 Broadcasting metrics.
[ 2026-05-13 06:09:04 | node_8 | INFO ] 🎓 Training step done.
[ 2026-05-13 06:09:04 | node_8 | INFO ] 🛠️ Calling force_add_local_model...
[ 2026-05-13 06:09:04 | node_15 | INFO ] 🤫 Gossip finished.
[ 2026-05-13 06:09:04 | node_8 | INFO ] ✅ [FORCE] Local model added for round 49. (1/12)
[ 2026-05-13 06:09:04 | node_10 | INFO ] 🎓 Training step done.
[ 2026-05-13 06:09:04 | node_10 | INFO ] 🛠️ Calling force_add_local_model...
[ 2026-05-13 06:09:04 | node_15 | INFO ] 🔬 Evaluating...
[ 2026-05-13 06:09:04 | node_44 | INFO ] 🤫 Gossip finished.
[ 2026-05-13 06:09:04 | node_10 | INFO ] ✅ [FORCE] Local model added for round 49. (2/9)
[ 2026-05-13 06:09:04 | node_49 | INFO ] 🧩 Model added for round 48 (10/10) from ['node_39']
[ 2026-05-13 06:09:04 | node_12 | INFO ] 🎓 Training step done.
[ 2026-05-13 06:09:04 | node_12 | INFO ] 🛠️ Calling force_add_local_model...
[ 2026-05-13 06:09:04 | node_44 | INFO ] 🔬 Evaluating...
[ 2026-05-13 06:09:04 | node_20 | INFO ] 🧩 Model added for round 49 (3/6) from ['node_36']
[ 2026-05-13 06:09:04 | node_12 | INFO ] ✅ [FORCE] Local model added for round 49. (1/7)
[ 2026-05-13 06:09:04 | node_43 | INFO ] 🗣️ Gossiping aggregated model.
[ 2026-05-13 06:09:04 | node_15 | INFO ] 📈 Evaluated. Results: {'test_loss': 0.10231102257966995, 'test_acc': 0.9800000190734863, 'test_precision': 0.9798990488052368, 'test_recall': 0.9794000387191772, 'test_f1': 0.9789647459983826, 'communication_cost': 22580376}
[ 2026-05-13 06:09:04 | node_44 | INFO ] 📈 Evaluated. Results: {'test_loss': 0.2542325258255005, 'test_acc': 0.9700000286102295, 'test_precision': 0.9712068438529968, 'test_recall': 0.9600284695625305, 'test_f1': 0.9645319581031799, 'communication_cost': 30107168}
[ 2026-05-13 06:09:05 | node_15 | INFO ] 📢 Broadcasting metrics.
[ 2026-05-13 06:09:05 | node_44 | INFO ] 📢 Broadcasting metrics.
[ 2026-05-13 06:09:05 | node_49 | INFO ] 🧠 Aggregation complete. Setting new model.
[ 2026-05-13 06:09:05 | node_29 | INFO ] 🎉 Round 49 of 50 finished.
[ 2026-05-13 06:09:05 | node_29 | INFO ] 🗳️ [DETERMINISTIC] Train set assigned (No Voting). Size: 50
[ 2026-05-13 06:09:05 | node_29 | INFO ] 🏋️‍♀️ Preparing training...
[ 2026-05-13 06:09:05 | node_37 | INFO ] 🤫 Gossip finished.
[ 2026-05-13 06:09:05 | node_37 | INFO ] 🔬 Evaluating...
[ 2026-05-13 06:09:06 | node_31 | INFO ] 🤫 Gossip finished.
[ 2026-05-13 06:09:06 | node_19 | INFO ] 📤 Sending model to 3 direct neighbors: ['node_14', 'node_16', 'node_22']
[ 2026-05-13 06:09:06 | node_31 | INFO ] 🔬 Evaluating...
[ 2026-05-13 06:09:06 | node_49 | INFO ] 🗣️ Gossiping aggregated model.
[ 2026-05-13 06:09:06 | node_46 | INFO ] 🤫 Gossip finished.
[ 2026-05-13 06:09:06 | node_29 | INFO ] 🎓 Training step done.
[ 2026-05-13 06:09:06 | node_8 | INFO ] 🧩 Model added for round 49 (2/12) from ['node_16']
[ 2026-05-13 06:09:06 | node_37 | INFO ] 📈 Evaluated. Results: {'test_loss': 0.221427783370018, 'test_acc': 0.9599999785423279, 'test_precision': 0.9577267169952393, 'test_recall': 0.9544193744659424, 'test_f1': 0.9555937051773071, 'communication_cost': 33870564}
[ 2026-05-13 06:09:06 | node_29 | INFO ] 🛠️ Calling force_add_local_model...
[ 2026-05-13 06:09:06 | node_46 | INFO ] 🔬 Evaluating...
[ 2026-05-13 06:09:06 | node_37 | INFO ] 📢 Broadcasting metrics.
[ 2026-05-13 06:09:06 | node_29 | INFO ] ✅ [FORCE] Local model added for round 49. (1/9)
[ 2026-05-13 06:09:06 | node_31 | INFO ] 📈 Evaluated. Results: {'test_loss': 0.41444605588912964, 'test_acc': 0.9449999928474426, 'test_precision': 0.9436071515083313, 'test_recall': 0.9487810730934143, 'test_f1': 0.9448984265327454, 'communication_cost': 22580376}
[ 2026-05-13 06:09:06 | node_35 | INFO ] 📤 Sending model to 4 direct neighbors: ['node_1', 'node_5', 'node_22', 'node_47']
[ 2026-05-13 06:09:06 | node_20 | INFO ] 📤 Sending model to 5 direct neighbors: ['node_4', 'node_26', 'node_30', 'node_36', 'node_45']
[ 2026-05-13 06:09:06 | node_31 | INFO ] 📢 Broadcasting metrics.
[ 2026-05-13 06:09:06 | node_28 | INFO ] 🧩 Model added for round 49 (2/9) from ['node_36']
[ 2026-05-13 06:09:06 | node_46 | INFO ] 📈 Evaluated. Results: {'test_loss': 0.18375341594219208, 'test_acc': 0.9700000286102295, 'test_precision': 0.9694187641143799, 'test_recall': 0.9725438952445984, 'test_f1': 0.9700985550880432, 'communication_cost': 26343772}
[ 2026-05-13 06:09:06 | node_46 | INFO ] 📢 Broadcasting metrics.
[ 2026-05-13 06:09:07 | node_16 | INFO ] 🧩 Model added for round 49 (2/10) from ['node_19']
[ 2026-05-13 06:09:07 | node_39 | INFO ] 🧠 Aggregation complete. Setting new model.
[ 2026-05-13 06:09:07 | node_28 | INFO ] 📤 Sending model to 8 direct neighbors: ['node_3', 'node_11', 'node_12', 'node_30', 'node_36', 'node_41', 'node_44', 'node_45']
[ 2026-05-13 06:09:07 | node_14 | INFO ] 🎉 Round 49 of 50 finished.
[ 2026-05-13 06:09:07 | node_24 | INFO ] 📤 Sending model to 3 direct neighbors: ['node_15', 'node_25', 'node_34']
[ 2026-05-13 06:09:07 | node_14 | INFO ] 🗳️ [DETERMINISTIC] Train set assigned (No Voting). Size: 50
[ 2026-05-13 06:09:07 | node_9 | INFO ] 📤 Sending model to 11 direct neighbors: ['node', 'node_2', 'node_4', 'node_5', 'node_6', 'node_8', 'node_13', 'node_18', 'node_22', 'node_26', 'node_34']
[ 2026-05-13 06:09:07 | node_15 | INFO ] 🎉 Round 49 of 50 finished.
[ 2026-05-13 06:09:07 | node_14 | INFO ] ♻️ Proactively processing 2 early models for round 49.
[ 2026-05-13 06:09:07 | node_14 | INFO ] 🧩 Model added for round 49 (1/8) from ['node_48']
[ 2026-05-13 06:09:07 | node_15 | INFO ] 🗳️ [DETERMINISTIC] Train set assigned (No Voting). Size: 50
[ 2026-05-13 06:09:07 | node_38 | INFO ] 📤 Sending model to 7 direct neighbors: ['node', 'node_2', 'node_13', 'node_15', 'node_30', 'node_33', 'node_36']
[ 2026-05-13 06:09:07 | node_26 | INFO ] 🧩 Model added for round 49 (4/8) from ['node_20']
[ 2026-05-13 06:09:07 | node_14 | INFO ] 🧩 Model added for round 49 (2/8) from ['node_19']
[ 2026-05-13 06:09:07 | node_15 | INFO ] 🏋️‍♀️ Preparing training...
[ 2026-05-13 06:09:08 | node_14 | INFO ] 🏋️‍♀️ Preparing training...
[ 2026-05-13 06:09:08 | node_17 | INFO ] 🎉 Round 49 of 50 finished.
[ 2026-05-13 06:09:08 | node_17 | INFO ] 🗳️ [DETERMINISTIC] Train set assigned (No Voting). Size: 50
[ 2026-05-13 06:09:08 | node_17 | INFO ] 🏋️‍♀️ Preparing training...
[ 2026-05-13 06:09:08 | node_32 | INFO ] 🤫 Gossip finished.
[ 2026-05-13 06:09:08 | node_42 | INFO ] 🤫 Gossip finished.
[ 2026-05-13 06:09:08 | node_6 | INFO ] 📤 Sending model to 8 direct neighbors: ['node', 'node_9', 'node_12', 'node_15', 'node_25', 'node_31', 'node_40', 'node_45']
[ 2026-05-13 06:09:08 | node_15 | INFO ] 🧩 Model added for round 49 (1/7) from ['node_24']
[ 2026-05-13 06:09:08 | node_14 | INFO ] 🎓 Training step done.
[ 2026-05-13 06:09:08 | node_15 | INFO ] 🎓 Training step done.
[ 2026-05-13 06:09:08 | node_15 | INFO ] 🛠️ Calling force_add_local_model...
[ 2026-05-13 06:09:08 | node_14 | INFO ] 🛠️ Calling force_add_local_model...
[ 2026-05-13 06:09:08 | node_32 | INFO ] 🔬 Evaluating...
[ 2026-05-13 06:09:08 | node_42 | INFO ] 🔬 Evaluating...
[ 2026-05-13 06:09:08 | node_15 | INFO ] ✅ [FORCE] Local model added for round 49. (2/7)
[ 2026-05-13 06:09:08 | node_14 | INFO ] ✅ [FORCE] Local model added for round 49. (3/8)
[ 2026-05-13 06:09:08 | node_39 | INFO ] 🗣️ Gossiping aggregated model.
[ 2026-05-13 06:09:09 | node_44 | INFO ] 🎉 Round 49 of 50 finished.
[ 2026-05-13 06:09:09 | node_39 | INFO ] 🤫 Gossip finished.
[ 2026-05-13 06:09:09 | node_38 | INFO ] 🧩 Model added for round 49 (2/8) from ['node_36']
[ 2026-05-13 06:09:09 | node_19 | INFO ] 🧩 Model added for round 49 (2/4) from ['node_16']
[ 2026-05-13 06:09:09 | node_32 | INFO ] 📈 Evaluated. Results: {'test_loss': 0.19794411957263947, 'test_acc': 0.9800000190734863, 'test_precision': 0.9766813516616821, 'test_recall': 0.9794194102287292, 'test_f1': 0.9777265787124634, 'communication_cost': 37633960}
[ 2026-05-13 06:09:09 | node_17 | INFO ] 🎓 Training step done.
[ 2026-05-13 06:09:09 | node_42 | INFO ] 📈 Evaluated. Results: {'test_loss': 0.13899600505828857, 'test_acc': 0.9750000238418579, 'test_precision': 0.9763258099555969, 'test_recall': 0.9765422344207764, 'test_f1': 0.9753034114837646, 'communication_cost': 22580376}
[ 2026-05-13 06:09:09 | node_12 | INFO ] 🧩 Model added for round 49 (2/7) from ['node_28']
[ 2026-05-13 06:09:09 | node_44 | INFO ] 🗳️ [DETERMINISTIC] Train set assigned (No Voting). Size: 50
[ 2026-05-13 06:09:09 | node_17 | INFO ] 🛠️ Calling force_add_local_model...
[ 2026-05-13 06:09:09 | node_8 | INFO ] 📤 Sending model to 11 direct neighbors: ['node_2', 'node_9', 'node_12', 'node_14', 'node_16', 'node_22', 'node_31', 'node_34', 'node_37', 'node_45', 'node_47']
[ 2026-05-13 06:09:09 | node_39 | INFO ] 🔬 Evaluating...
[ 2026-05-13 06:09:09 | node_32 | INFO ] 📢 Broadcasting metrics.
[ 2026-05-13 06:09:09 | node_42 | INFO ] 📢 Broadcasting metrics.
[ 2026-05-13 06:09:09 | node_17 | INFO ] ✅ [FORCE] Local model added for round 49. (1/10)
[ 2026-05-13 06:09:09 | node_49 | INFO ] 🤫 Gossip finished.
[ 2026-05-13 06:09:09 | node_10 | INFO ] 📤 Sending model to 8 direct neighbors: ['node_3', 'node_17', 'node_22', 'node_25', 'node_26', 'node_30', 'node_45', 'node_46']
[ 2026-05-13 06:09:09 | node_44 | INFO ] 🏋️‍♀️ Preparing training...
[ 2026-05-13 06:09:09 | node_9 | INFO ] 🧩 Model added for round 49 (4/12) from ['node_6']
[ 2026-05-13 06:09:09 | node_12 | INFO ] 📤 Sending model to 6 direct neighbors: ['node_5', 'node_6', 'node_8', 'node_13', 'node_25', 'node_28']
[ 2026-05-13 06:09:09 | node_49 | INFO ] 🔬 Evaluating...
[ 2026-05-13 06:09:09 | node_39 | INFO ] 📈 Evaluated. Results: {'test_loss': 0.34144455194473267, 'test_acc': 0.9549999833106995, 'test_precision': 0.9532967209815979, 'test_recall': 0.9556044936180115, 'test_f1': 0.9537799954414368, 'communication_cost': 48924148}
[ 2026-05-13 06:09:09 | node_39 | INFO ] 📢 Broadcasting metrics.
[ 2026-05-13 06:09:09 | node_36 | INFO ] 🧩 Model added for round 49 (2/8) from ['node_20']
[ 2026-05-13 06:09:10 | node_49 | INFO ] 📈 Evaluated. Results: {'test_loss': 0.21238240599632263, 'test_acc': 0.9800000190734863, 'test_precision': 0.9793651700019836, 'test_recall': 0.9789744019508362, 'test_f1': 0.978077232837677, 'communication_cost': 33870564}
[ 2026-05-13 06:09:10 | node_15 | INFO ] 🧩 Model added for round 49 (3/7) from ['node_38']
[ 2026-05-13 06:09:10 | node_44 | INFO ] 🎓 Training step done.
[ 2026-05-13 06:09:10 | node_44 | INFO ] 🛠️ Calling force_add_local_model...
[ 2026-05-13 06:09:10 | node_31 | INFO ] 🎉 Round 49 of 50 finished.
[ 2026-05-13 06:09:10 | node_49 | INFO ] 📢 Broadcasting metrics.
[ 2026-05-13 06:09:10 | node_9 | INFO ] 🧩 Model added for round 49 (5/12) from ['node_8']
[ 2026-05-13 06:09:10 | node_44 | INFO ] ✅ [FORCE] Local model added for round 49. (1/9)
[ 2026-05-13 06:09:10 | node_31 | INFO ] 🗳️ [DETERMINISTIC] Train set assigned (No Voting). Size: 50
[ 2026-05-13 06:09:10 | node_17 | INFO ] 🧩 Model added for round 49 (2/10) from ['node_10']
[ 2026-05-13 06:09:10 | node_6 | INFO ] 🧩 Model added for round 49 (2/9) from ['node_12']
[ 2026-05-13 06:09:10 | node_6 | INFO ] 🧩 Model added for round 49 (3/9) from ['node_9']
[ 2026-05-13 06:09:10 | node_31 | INFO ] 🏋️‍♀️ Preparing training...
[ 2026-05-13 06:09:11 | node_31 | INFO ] 🎓 Training step done.
[ 2026-05-13 06:09:11 | node_36 | INFO ] 🧩 Model added for round 49 (3/8) from ['node_28']
[ 2026-05-13 06:09:11 | node_31 | INFO ] 🛠️ Calling force_add_local_model...
[ 2026-05-13 06:09:11 | node_46 | INFO ] 🎉 Round 49 of 50 finished.
[ 2026-05-13 06:09:11 | node_31 | INFO ] ✅ [FORCE] Local model added for round 49. (1/7)
[ 2026-05-13 06:09:11 | node_29 | INFO ] 📤 Sending model to 8 direct neighbors: ['node', 'node_5', 'node_7', 'node_21', 'node_27', 'node_40', 'node_44', 'node_46']
[ 2026-05-13 06:09:11 | node_46 | INFO ] 🗳️ [DETERMINISTIC] Train set assigned (No Voting). Size: 50
[ 2026-05-13 06:09:11 | node_37 | INFO ] 🎉 Round 49 of 50 finished.
[ 2026-05-13 06:09:11 | node_46 | INFO ] 🏋️‍♀️ Preparing training...
[ 2026-05-13 06:09:11 | node_37 | INFO ] 🗳️ [DETERMINISTIC] Train set assigned (No Voting). Size: 50
[ 2026-05-13 06:09:12 | node_37 | INFO ] ♻️ Proactively processing 2 early models for round 49.
[ 2026-05-13 06:09:12 | node_12 | INFO ] 🧩 Model added for round 49 (3/7) from ['node_6']
[ 2026-05-13 06:09:12 | node_37 | INFO ] 🧩 Model added for round 49 (1/10) from ['node_36']
[ 2026-05-13 06:09:12 | node_37 | INFO ] 🧩 Model added for round 49 (2/10) from ['node_16']
[ 2026-05-13 06:09:12 | node_37 | INFO ] 🏋️‍♀️ Preparing training...
[ 2026-05-13 06:09:12 | node_46 | INFO ] 🎓 Training step done.
[ 2026-05-13 06:09:12 | node_8 | INFO ] 🧩 Model added for round 49 (3/12) from ['node_12']
[ 2026-05-13 06:09:12 | node_46 | INFO ] 🛠️ Calling force_add_local_model...
[ 2026-05-13 06:09:12 | node_8 | INFO ] 🧩 Model added for round 49 (4/12) from ['node_9']
[ 2026-05-13 06:09:12 | node_46 | INFO ] ✅ [FORCE] Local model added for round 49. (1/8)
[ 2026-05-13 06:09:12 | node_36 | INFO ] 🧩 Model added for round 49 (4/8) from ['node_38']
[ 2026-05-13 06:09:12 | node_12 | INFO ] 🧩 Model added for round 49 (4/7) from ['node_8']
[ 2026-05-13 06:09:12 | node_37 | INFO ] 🎓 Training step done.
[ 2026-05-13 06:09:12 | node_37 | INFO ] 🛠️ Calling force_add_local_model...
[ 2026-05-13 06:09:13 | node_37 | INFO ] ✅ [FORCE] Local model added for round 49. (3/10)
[ 2026-05-13 06:09:13 | node_26 | INFO ] 🧩 Model added for round 49 (5/8) from ['node_10']
[ 2026-05-13 06:09:13 | node_44 | INFO ] 🧩 Model added for round 49 (2/9) from ['node_28']
[ 2026-05-13 06:09:13 | node_42 | INFO ] 🎉 Round 49 of 50 finished.
[ 2026-05-13 06:09:13 | node_15 | INFO ] 🧩 Model added for round 49 (4/7) from ['node_6']
[ 2026-05-13 06:09:13 | node_42 | INFO ] 🗳️ [DETERMINISTIC] Train set assigned (No Voting). Size: 50
[ 2026-05-13 06:09:13 | node_15 | INFO ] 📤 Sending model to 6 direct neighbors: ['node_6', 'node_24', 'node_33', 'node_38', 'node_43', 'node_46']
[ 2026-05-13 06:09:13 | node_42 | INFO ] 🏋️‍♀️ Preparing training...
[ 2026-05-13 06:09:13 | node_14 | INFO ] 📤 Sending model to 7 direct neighbors: ['node_8', 'node_19', 'node_23', 'node_37', 'node_42', 'node_46', 'node_48']
[ 2026-05-13 06:09:14 | node_14 | INFO ] 🧩 Model added for round 49 (4/8) from ['node_8']
[ 2026-05-13 06:09:20 | node_46 | INFO ] 📤 Sending model to 7 direct neighbors: ['node_10', 'node_14', 'node_15', 'node_29', 'node_43', 'node_44', 'node_49']
[ 2026-05-13 06:09:20 | node_17 | INFO ] 📤 Sending model to 9 direct neighbors: ['node_4', 'node_5', 'node_10', 'node_11', 'node_30', 'node_32', 'node_33', 'node_40', 'node_42']
[ 2026-05-13 06:09:20 | node_37 | INFO ] 📤 Sending model to 9 direct neighbors: ['node_2', 'node_5', 'node_8', 'node_14', 'node_16', 'node_30', 'node_33', 'node_36', 'node_43']
[ 2026-05-13 06:09:20 | node_44 | INFO ] 📤 Sending model to 8 direct neighbors: ['node_25', 'node_27', 'node_28', 'node_29', 'node_30', 'node_31', 'node_42', 'node_46']
[ 2026-05-13 06:09:20 | node_31 | INFO ] 📤 Sending model to 6 direct neighbors: ['node_4', 'node_6', 'node_7', 'node_8', 'node_44', 'node_49']
[ 2026-05-13 06:09:20 | node_42 | INFO ] 🎓 Training step done.
[ 2026-05-13 06:09:20 | node_44 | INFO ] 🧩 Model added for round 49 (3/9) from ['node_29']
[ 2026-05-13 06:09:20 | node_6 | INFO ] 🧩 Model added for round 49 (4/9) from ['node_15']
[ 2026-05-13 06:09:21 | node_8 | INFO ] 🧩 Model added for round 49 (5/12) from ['node_14']
[ 2026-05-13 06:09:21 | node_42 | INFO ] 🛠️ Calling force_add_local_model...
[ 2026-05-13 06:09:21 | node_42 | INFO ] ✅ [FORCE] Local model added for round 49. (1/7)
[ 2026-05-13 06:09:21 | node_10 | INFO ] 🧩 Model added for round 49 (3/9) from ['node_46']
[ 2026-05-13 06:09:22 | node_18 | INFO ] 🧩 Model added for round 49 (3/5) from ['node_9']
[ 2026-05-13 06:09:22 | node_6 | INFO ] 🧩 Model added for round 49 (5/9) from ['node_31']
[ 2026-05-13 06:09:22 | node_28 | INFO ] 🧩 Model added for round 49 (3/9) from ['node_12']
[ 2026-05-13 06:09:22 | node_10 | INFO ] 🧩 Model added for round 49 (4/9) from ['node_17']
[ 2026-05-13 06:09:23 | node_8 | INFO ] 🧩 Model added for round 49 (6/12) from ['node_37']
[ 2026-05-13 06:09:23 | node_31 | INFO ] 🧩 Model added for round 49 (2/7) from ['node_6']
[ 2026-05-13 06:09:23 | node_28 | INFO ] 🧩 Model added for round 49 (4/9) from ['node_44']
[ 2026-05-13 06:09:23 | node_46 | INFO ] 🧩 Model added for round 49 (2/8) from ['node_10']
[ 2026-05-13 06:09:23 | node_16 | INFO ] 🧩 Model added for round 49 (3/10) from ['node_8']
[ 2026-05-13 06:09:24 | node_49 | INFO ] 🎉 Round 49 of 50 finished.
[ 2026-05-13 06:09:24 | node_46 | INFO ] 🧩 Model added for round 49 (3/8) from ['node_29']
[ 2026-05-13 06:09:24 | node_24 | INFO ] 🧩 Model added for round 49 (2/4) from ['node_15']
[ 2026-05-13 06:09:24 | node_32 | INFO ] 🎉 Round 49 of 50 finished.
[ 2026-05-13 06:09:24 | node_49 | INFO ] 🗳️ [DETERMINISTIC] Train set assigned (No Voting). Size: 50
[ 2026-05-13 06:09:24 | node_26 | INFO ] 🧩 Model added for round 49 (6/8) from ['node_9']
[ 2026-05-13 06:09:24 | node_32 | INFO ] 🗳️ [DETERMINISTIC] Train set assigned (No Voting). Size: 50
[ 2026-05-13 06:09:24 | node_49 | INFO ] 🏋️‍♀️ Preparing training...
[ 2026-05-13 06:09:24 | node_14 | INFO ] 🧩 Model added for round 49 (5/8) from ['node_46']
[ 2026-05-13 06:09:24 | node_32 | INFO ] 🏋️‍♀️ Preparing training...
[ 2026-05-13 06:09:24 | node_19 | INFO ] 🧩 Model added for round 49 (3/4) from ['node_14']
[ 2026-05-13 06:09:24 | node_49 | INFO ] 🎓 Training step done.
[ 2026-05-13 06:09:25 | node_49 | INFO ] 🛠️ Calling force_add_local_model...
[ 2026-05-13 06:09:25 | node_49 | INFO ] ✅ [FORCE] Local model added for round 49. (1/10)
[ 2026-05-13 06:09:25 | node_32 | INFO ] 🎓 Training step done.
[ 2026-05-13 06:09:25 | node_8 | INFO ] 🧩 Model added for round 49 (7/12) from ['node_31']
[ 2026-05-13 06:09:25 | node_32 | INFO ] 🛠️ Calling force_add_local_model...
[ 2026-05-13 06:09:25 | node_32 | INFO ] ✅ [FORCE] Local model added for round 49. (1/11)
[ 2026-05-13 06:09:25 | node_29 | INFO ] 🧩 Model added for round 49 (2/9) from ['node_44']
[ 2026-05-13 06:09:25 | node_38 | INFO ] 🧩 Model added for round 49 (3/8) from ['node_15']
[ 2026-05-13 06:09:25 | node_14 | INFO ] 🧩 Model added for round 49 (6/8) from ['node_37']
[ 2026-05-13 06:09:25 | node_32 | INFO ] 🧩 Model added for round 49 (2/11) from ['node_17']
[ 2026-05-13 06:09:26 | node_31 | INFO ] 🧩 Model added for round 49 (3/7) from ['node_8']
[ 2026-05-13 06:09:26 | node_15 | INFO ] 🧩 Model added for round 49 (5/7) from ['node_46']
[ 2026-05-13 06:09:26 | node_37 | INFO ] 🧩 Model added for round 49 (4/10) from ['node_14']
[ 2026-05-13 06:09:26 | node_39 | INFO ] 🎉 Round 49 of 50 finished.
[ 2026-05-13 06:09:26 | node_42 | INFO ] 📤 Sending model to 6 direct neighbors: ['node_3', 'node_14', 'node_17', 'node_34', 'node_39', 'node_44']
[ 2026-05-13 06:09:26 | node_39 | INFO ] 🗳️ [DETERMINISTIC] Train set assigned (No Voting). Size: 50
[ 2026-05-13 06:09:26 | node_39 | INFO ] 🏋️‍♀️ Preparing training...
[ 2026-05-13 06:09:27 | node_16 | INFO ] 🧩 Model added for round 49 (4/10) from ['node_37']
[ 2026-05-13 06:09:27 | node_39 | INFO ] 🎓 Training step done.
[ 2026-05-13 06:09:27 | node_14 | INFO ] 🧩 Model added for round 49 (7/8) from ['node_42']
[ 2026-05-13 06:09:27 | node_39 | INFO ] 🛠️ Calling force_add_local_model...
[ 2026-05-13 06:09:27 | node_44 | INFO ] 🧩 Model added for round 49 (4/9) from ['node_31']
[ 2026-05-13 06:09:27 | node_39 | INFO ] ✅ [FORCE] Local model added for round 49. (1/14)
[ 2026-05-13 06:09:27 | node_29 | INFO ] 🧩 Model added for round 49 (3/9) from ['node_46']
[ 2026-05-13 06:09:27 | node_46 | INFO ] 🧩 Model added for round 49 (4/8) from ['node_15']
[ 2026-05-13 06:09:27 | node_31 | INFO ] 🧩 Model added for round 49 (4/7) from ['node_44']
[ 2026-05-13 06:09:27 | node_37 | INFO ] 🧩 Model added for round 49 (5/10) from ['node_8']
[ 2026-05-13 06:09:27 | node_42 | INFO ] 🧩 Model added for round 49 (2/7) from ['node_14']
[ 2026-05-13 06:09:28 | node_42 | INFO ] 🧩 Model added for round 49 (3/7) from ['node_17']
[ 2026-05-13 06:09:28 | node_17 | INFO ] 🧩 Model added for round 49 (3/10) from ['node_42']
[ 2026-05-13 06:09:28 | node_42 | INFO ] 🧩 Model added for round 49 (4/7) from ['node_44']
[ 2026-05-13 06:09:28 | node_49 | INFO ] 🧩 Model added for round 49 (2/10) from ['node_31']
[ 2026-05-13 06:09:28 | node_46 | INFO ] 🧩 Model added for round 49 (5/8) from ['node_14']
[ 2026-05-13 06:09:28 | node_44 | INFO ] 🧩 Model added for round 49 (5/9) from ['node_46']
[ 2026-05-13 06:09:29 | node_36 | INFO ] 🧩 Model added for round 49 (5/8) from ['node_37']
[ 2026-05-13 06:09:29 | node_46 | INFO ] 🧩 Model added for round 49 (6/8) from ['node_44']
[ 2026-05-13 06:09:29 | node_48 | INFO ] 🧩 Model added for round 49 (3/6) from ['node_14']
[ 2026-05-13 06:09:30 | node_49 | INFO ] 🧩 Model added for round 49 (3/10) from ['node_46']
[ 2026-05-13 06:09:30 | node_39 | INFO ] 🧩 Model added for round 49 (2/14) from ['node_42']
[ 2026-05-13 06:09:30 | node_49 | INFO ] 📤 Sending model to 9 direct neighbors: ['node', 'node_1', 'node_2', 'node_23', 'node_31', 'node_32', 'node_39', 'node_46', 'node_47']
[ 2026-05-13 06:09:30 | node_32 | INFO ] 📤 Sending model to 10 direct neighbors: ['node', 'node_4', 'node_7', 'node_17', 'node_27', 'node_30', 'node_39', 'node_40', 'node_41', 'node_49']
[ 2026-05-13 06:09:31 | node_17 | INFO ] 🧩 Model added for round 49 (4/10) from ['node_32']
[ 2026-05-13 06:09:31 | node_31 | INFO ] 🧩 Model added for round 49 (5/7) from ['node_49']
[ 2026-05-13 06:09:32 | node_44 | INFO ] 🧩 Model added for round 49 (6/9) from ['node_42']
[ 2026-05-13 06:09:32 | node_39 | INFO ] 📤 Sending model to 13 direct neighbors: ['node', 'node_1', 'node_3', 'node_4', 'node_7', 'node_22', 'node_23', 'node_25', 'node_27', 'node_32', 'node_42', 'node_43', 'node_49']
[ 2026-05-13 06:09:32 | node_32 | INFO ] 🧩 Model added for round 49 (3/11) from ['node_49']
[ 2026-05-13 06:09:33 | node_39 | INFO ] 🧩 Model added for round 49 (3/14) from ['node_32']
[ 2026-05-13 06:09:34 | node_39 | INFO ] 🧩 Model added for round 49 (4/14) from ['node_49']
[ 2026-05-13 06:09:35 | node_32 | INFO ] 🧩 Model added for round 49 (4/11) from ['node_39']
[ 2026-05-13 06:09:36 | node_45 | INFO ] ⏹️  Gossiping exited for 50 equal rounds.
[ 2026-05-13 06:09:36 | node_49 | INFO ] 🧩 Model added for round 49 (4/10) from ['node_32']
[ 2026-05-13 06:09:36 | node_45 | INFO ] 🔬 Evaluating...
[ 2026-05-13 06:09:36 | node_46 | INFO ] 🧩 Model added for round 49 (7/8) from ['node_49']
[ 2026-05-13 06:09:36 | node_45 | INFO ] 📈 Evaluated. Results: {'test_loss': 0.06943786889314651, 'test_acc': 0.9900000095367432, 'test_precision': 0.9894737005233765, 'test_recall': 0.9891813397407532, 'test_f1': 0.988884687423706, 'communication_cost': 22580376}
[ 2026-05-13 06:09:36 | node_45 | INFO ] 📢 Broadcasting metrics.
[ 2026-05-13 06:09:37 | node_42 | INFO ] 🧩 Model added for round 49 (5/7) from ['node_39']
[ 2026-05-13 06:09:38 | node_49 | INFO ] 🧩 Model added for round 49 (5/10) from ['node_39']
[ 2026-05-13 06:09:39 | node_45 | INFO ] 🎉 Round 49 of 50 finished.
[ 2026-05-13 06:09:39 | node_45 | INFO ] 🗳️ [DETERMINISTIC] Train set assigned (No Voting). Size: 50
[ 2026-05-13 06:09:39 | node_45 | INFO ] ♻️ Proactively processing 5 early models for round 49.
[ 2026-05-13 06:09:39 | node_45 | INFO ] 🧩 Model added for round 49 (1/7) from ['node_20']
[ 2026-05-13 06:09:39 | node_45 | INFO ] 🧩 Model added for round 49 (2/7) from ['node_28']
[ 2026-05-13 06:09:39 | node_45 | INFO ] 🧩 Model added for round 49 (3/7) from ['node_10']
[ 2026-05-13 06:09:39 | node_45 | INFO ] 🧩 Model added for round 49 (4/7) from ['node_6']
[ 2026-05-13 06:09:40 | node_45 | INFO ] 🧩 Model added for round 49 (5/7) from ['node_8']
[ 2026-05-13 06:09:40 | node_45 | INFO ] 🏋️‍♀️ Preparing training...
[ 2026-05-13 06:09:40 | node_45 | INFO ] 🎓 Training step done.
[ 2026-05-13 06:09:40 | node_45 | INFO ] 🛠️ Calling force_add_local_model...
[ 2026-05-13 06:09:40 | node_45 | INFO ] ✅ [FORCE] Local model added for round 49. (6/7)
[ 2026-05-13 06:09:45 | node_45 | INFO ] 📤 Sending model to 6 direct neighbors: ['node_6', 'node_7', 'node_8', 'node_10', 'node_20', 'node_28']
[ 2026-05-13 06:09:46 | node_6 | INFO ] 🧩 Model added for round 49 (6/9) from ['node_45']
[ 2026-05-13 06:09:47 | node_8 | INFO ] 🧩 Model added for round 49 (8/12) from ['node_45']
[ 2026-05-13 06:09:49 | node_10 | INFO ] 🧩 Model added for round 49 (5/9) from ['node_45']
[ 2026-05-13 06:09:50 | node_20 | INFO ] 🧩 Model added for round 49 (4/6) from ['node_45']
[ 2026-05-13 06:09:51 | node_28 | INFO ] 🧩 Model added for round 49 (5/9) from ['node_45']
[ 2026-05-13 06:10:00 | node_13 | INFO ] ⏹️  Gossiping exited for 50 equal rounds.
[ 2026-05-13 06:10:00 | node_13 | INFO ] 🔬 Evaluating...
[ 2026-05-13 06:10:01 | node_13 | INFO ] 📈 Evaluated. Results: {'test_loss': 0.3006553053855896, 'test_acc': 0.9700000286102295, 'test_precision': 0.9711068868637085, 'test_recall': 0.9678361415863037, 'test_f1': 0.9685611724853516, 'communication_cost': 22580376}
[ 2026-05-13 06:10:01 | node_13 | INFO ] 📢 Broadcasting metrics.
[ 2026-05-13 06:10:04 | node_13 | INFO ] 🎉 Round 49 of 50 finished.
[ 2026-05-13 06:10:04 | node_13 | INFO ] 🗳️ [DETERMINISTIC] Train set assigned (No Voting). Size: 50
[ 2026-05-13 06:10:04 | node_13 | INFO ] ♻️ Proactively processing 3 early models for round 49.
[ 2026-05-13 06:10:04 | node_13 | INFO ] 🧩 Model added for round 49 (1/7) from ['node_38']
[ 2026-05-13 06:10:04 | node_13 | INFO ] 🧩 Model added for round 49 (2/7) from ['node_9']
[ 2026-05-13 06:10:04 | node_13 | INFO ] 🧩 Model added for round 49 (3/7) from ['node_12']
[ 2026-05-13 06:10:04 | node_13 | INFO ] 🏋️‍♀️ Preparing training...
[ 2026-05-13 06:10:05 | node_13 | INFO ] 🎓 Training step done.
[ 2026-05-13 06:10:05 | node_13 | INFO ] 🛠️ Calling force_add_local_model...
[ 2026-05-13 06:10:05 | node_13 | INFO ] ✅ [FORCE] Local model added for round 49. (4/7)
[ 2026-05-13 06:10:05 | node_41 | INFO ] ⏹️  Gossiping exited for 50 equal rounds.
[ 2026-05-13 06:10:05 | node_41 | INFO ] 🔬 Evaluating...
[ 2026-05-13 06:10:05 | node_41 | INFO ] 📈 Evaluated. Results: {'test_loss': 0.11906036734580994, 'test_acc': 0.9750000238418579, 'test_precision': 0.9815477132797241, 'test_recall': 0.9729721546173096, 'test_f1': 0.9759641885757446, 'communication_cost': 18816980}
[ 2026-05-13 06:10:06 | node_41 | INFO ] 📢 Broadcasting metrics.
[ 2026-05-13 06:10:08 | node_41 | INFO ] 🎉 Round 49 of 50 finished.
[ 2026-05-13 06:10:08 | node_41 | INFO ] 🗳️ [DETERMINISTIC] Train set assigned (No Voting). Size: 50
[ 2026-05-13 06:10:08 | node_41 | INFO ] ♻️ Proactively processing 2 early models for round 49.
[ 2026-05-13 06:10:08 | node_41 | INFO ] 🧩 Model added for round 49 (1/6) from ['node_28']
[ 2026-05-13 06:10:08 | node_41 | INFO ] 🧩 Model added for round 49 (2/6) from ['node_32']
[ 2026-05-13 06:10:08 | node_41 | INFO ] 🏋️‍♀️ Preparing training...
[ 2026-05-13 06:10:08 | node_5 | INFO ] ⏹️  Gossiping exited for 50 equal rounds.
[ 2026-05-13 06:10:08 | node_5 | INFO ] 🔬 Evaluating...
[ 2026-05-13 06:10:08 | node_41 | INFO ] 🎓 Training step done.
[ 2026-05-13 06:10:09 | node_41 | INFO ] 🛠️ Calling force_add_local_model...
[ 2026-05-13 06:10:09 | node_5 | INFO ] 📈 Evaluated. Results: {'test_loss': 0.23757049441337585, 'test_acc': 0.9700000286102295, 'test_precision': 0.9675543904304504, 'test_recall': 0.9704010486602783, 'test_f1': 0.9681469798088074, 'communication_cost': 41397356}
[ 2026-05-13 06:10:09 | node_41 | INFO ] ✅ [FORCE] Local model added for round 49. (3/6)
[ 2026-05-13 06:10:09 | node_5 | INFO ] 📢 Broadcasting metrics.
[ 2026-05-13 06:10:10 | node_13 | INFO ] 📤 Sending model to 6 direct neighbors: ['node_1', 'node_5', 'node_9', 'node_12', 'node_21', 'node_38']
[ 2026-05-13 06:10:11 | node_9 | INFO ] 🧩 Model added for round 49 (6/12) from ['node_13']
[ 2026-05-13 06:10:12 | node_12 | INFO ] 🧩 Model added for round 49 (5/7) from ['node_13']
[ 2026-05-13 06:10:14 | node_38 | INFO ] 🧩 Model added for round 49 (4/8) from ['node_13']
[ 2026-05-13 06:10:14 | node_5 | INFO ] 🎉 Round 49 of 50 finished.
[ 2026-05-13 06:10:14 | node_41 | INFO ] 📤 Sending model to 5 direct neighbors: ['node_1', 'node_2', 'node_28', 'node_32', 'node_47']
[ 2026-05-13 06:10:14 | node_5 | INFO ] 🗳️ [DETERMINISTIC] Train set assigned (No Voting). Size: 50
[ 2026-05-13 06:10:14 | node_5 | INFO ] ♻️ Proactively processing 7 early models for round 49.
[ 2026-05-13 06:10:14 | node_5 | INFO ] 🧩 Model added for round 49 (1/12) from ['node_35']
[ 2026-05-13 06:10:14 | node_5 | INFO ] 🧩 Model added for round 49 (2/12) from ['node_9']
[ 2026-05-13 06:10:14 | node_5 | INFO ] 🧩 Model added for round 49 (3/12) from ['node_12']
[ 2026-05-13 06:10:14 | node_5 | INFO ] 🧩 Model added for round 49 (4/12) from ['node_29']
[ 2026-05-13 06:10:14 | node_5 | INFO ] 🧩 Model added for round 49 (5/12) from ['node_17']
[ 2026-05-13 06:10:14 | node_5 | INFO ] 🧩 Model added for round 49 (6/12) from ['node_37']
[ 2026-05-13 06:10:14 | node_5 | INFO ] 🧩 Model added for round 49 (7/12) from ['node_13']
[ 2026-05-13 06:10:14 | node_5 | INFO ] 🏋️‍♀️ Preparing training...
[ 2026-05-13 06:10:15 | node_28 | INFO ] 🧩 Model added for round 49 (6/9) from ['node_41']
[ 2026-05-13 06:10:15 | node_5 | INFO ] 🎓 Training step done.
[ 2026-05-13 06:10:15 | node_5 | INFO ] 🛠️ Calling force_add_local_model...
[ 2026-05-13 06:10:15 | node_5 | INFO ] ✅ [FORCE] Local model added for round 49. (8/12)
[ 2026-05-13 06:10:16 | node_32 | INFO ] 🧩 Model added for round 49 (5/11) from ['node_41']
[ 2026-05-13 06:10:20 | node_21 | INFO ] ⏹️  Gossiping exited for 50 equal rounds.
[ 2026-05-13 06:10:20 | node_21 | INFO ] 🔬 Evaluating...
[ 2026-05-13 06:10:20 | node_5 | INFO ] 📤 Sending model to 11 direct neighbors: ['node', 'node_2', 'node_9', 'node_12', 'node_13', 'node_17', 'node_25', 'node_29', 'node_34', 'node_35', 'node_37']
[ 2026-05-13 06:10:20 | node_21 | INFO ] 📈 Evaluated. Results: {'test_loss': 0.2722710371017456, 'test_acc': 0.9549999833106995, 'test_precision': 0.9567263722419739, 'test_recall': 0.9496642351150513, 'test_f1': 0.9513715505599976, 'communication_cost': 30107168}
[ 2026-05-13 06:10:20 | node_21 | INFO ] 📢 Broadcasting metrics.
[ 2026-05-13 06:10:21 | node_9 | INFO ] 🧩 Model added for round 49 (7/12) from ['node_5']
[ 2026-05-13 06:10:23 | node_12 | INFO ] 🧩 Model added for round 49 (6/7) from ['node_5']
[ 2026-05-13 06:10:24 | node_13 | INFO ] 🧩 Model added for round 49 (5/7) from ['node_5']
[ 2026-05-13 06:10:24 | node_7 | INFO ] ⏹️  Gossiping exited for 50 equal rounds.
[ 2026-05-13 06:10:24 | node_7 | INFO ] 🔬 Evaluating...
[ 2026-05-13 06:10:24 | node_21 | INFO ] 🎉 Round 49 of 50 finished.
[ 2026-05-13 06:10:24 | node_21 | INFO ] 🗳️ [DETERMINISTIC] Train set assigned (No Voting). Size: 50
[ 2026-05-13 06:10:24 | node_7 | INFO ] 📈 Evaluated. Results: {'test_loss': 0.17193840444087982, 'test_acc': 0.9599999785423279, 'test_precision': 0.9583871364593506, 'test_recall': 0.9638892412185669, 'test_f1': 0.9604171514511108, 'communication_cost': 22580376}
[ 2026-05-13 06:10:24 | node_21 | INFO ] ♻️ Proactively processing 4 early models for round 49.
[ 2026-05-13 06:10:24 | node_21 | INFO ] 🧩 Model added for round 49 (1/9) from ['node_48']
[ 2026-05-13 06:10:24 | node_7 | INFO ] 📢 Broadcasting metrics.
[ 2026-05-13 06:10:24 | node_21 | INFO ] 🧩 Model added for round 49 (2/9) from ['node_36']
[ 2026-05-13 06:10:25 | node_21 | INFO ] 🧩 Model added for round 49 (3/9) from ['node_29']
[ 2026-05-13 06:10:25 | node_21 | INFO ] 🧩 Model added for round 49 (4/9) from ['node_13']
[ 2026-05-13 06:10:25 | node_21 | INFO ] 🏋️‍♀️ Preparing training...
[ 2026-05-13 06:10:25 | node_17 | INFO ] 🧩 Model added for round 49 (5/10) from ['node_5']
[ 2026-05-13 06:10:25 | node_21 | INFO ] 🎓 Training step done.
[ 2026-05-13 06:10:25 | node_21 | INFO ] 🛠️ Calling force_add_local_model...
[ 2026-05-13 06:10:25 | node_21 | INFO ] ✅ [FORCE] Local model added for round 49. (5/9)
[ 2026-05-13 06:10:26 | node_11 | INFO ] ⏹️  Gossiping exited for 50 equal rounds.
[ 2026-05-13 06:10:26 | node_11 | INFO ] 🔬 Evaluating...
[ 2026-05-13 06:10:26 | node_11 | INFO ] 📈 Evaluated. Results: {'test_loss': 0.13228663802146912, 'test_acc': 0.9750000238418579, 'test_precision': 0.9745815992355347, 'test_recall': 0.9801852703094482, 'test_f1': 0.9765211343765259, 'communication_cost': 33870564}
[ 2026-05-13 06:10:27 | node_11 | INFO ] 📢 Broadcasting metrics.
[ 2026-05-13 06:10:27 | node_29 | INFO ] 🧩 Model added for round 49 (4/9) from ['node_5']
[ 2026-05-13 06:10:27 | node_7 | INFO ] 🎉 Round 49 of 50 finished.
[ 2026-05-13 06:10:27 | node_7 | INFO ] 🗳️ [DETERMINISTIC] Train set assigned (No Voting). Size: 50
[ 2026-05-13 06:10:27 | node_7 | INFO ] ♻️ Proactively processing 5 early models for round 49.
[ 2026-05-13 06:10:27 | node_7 | INFO ] 🧩 Model added for round 49 (1/7) from ['node_29']
[ 2026-05-13 06:10:27 | node_7 | INFO ] 🧩 Model added for round 49 (2/7) from ['node_31']
[ 2026-05-13 06:10:27 | node_7 | INFO ] 🧩 Model added for round 49 (3/7) from ['node_32']
[ 2026-05-13 06:10:27 | node_7 | INFO ] 🧩 Model added for round 49 (4/7) from ['node_39']
[ 2026-05-13 06:10:27 | node_7 | INFO ] 🧩 Model added for round 49 (5/7) from ['node_45']
[ 2026-05-13 06:10:28 | node_7 | INFO ] 🏋️‍♀️ Preparing training...
[ 2026-05-13 06:10:28 | node_35 | INFO ] 🧩 Model added for round 49 (2/5) from ['node_5']
[ 2026-05-13 06:10:28 | node_7 | INFO ] 🎓 Training step done.
[ 2026-05-13 06:10:28 | node_7 | INFO ] 🛠️ Calling force_add_local_model...
[ 2026-05-13 06:10:28 | node_7 | INFO ] ✅ [FORCE] Local model added for round 49. (6/7)
[ 2026-05-13 06:10:29 | node_37 | INFO ] 🧩 Model added for round 49 (6/10) from ['node_5']
[ 2026-05-13 06:10:29 | node_3 | INFO ] ⏹️  Gossiping exited for 50 equal rounds.
[ 2026-05-13 06:10:29 | node_3 | INFO ] 🔬 Evaluating...
[ 2026-05-13 06:10:29 | node_3 | INFO ] 📈 Evaluated. Results: {'test_loss': 0.14427438378334045, 'test_acc': 0.9750000238418579, 'test_precision': 0.9765657186508179, 'test_recall': 0.9684868454933167, 'test_f1': 0.9716309309005737, 'communication_cost': 26343772}
[ 2026-05-13 06:10:29 | node_3 | INFO ] 📢 Broadcasting metrics.
[ 2026-05-13 06:10:30 | node_21 | INFO ] 📤 Sending model to 8 direct neighbors: ['node', 'node_13', 'node_25', 'node_27', 'node_29', 'node_34', 'node_36', 'node_48']
[ 2026-05-13 06:10:30 | node_11 | INFO ] 🎉 Round 49 of 50 finished.
[ 2026-05-13 06:10:30 | node_11 | INFO ] 🗳️ [DETERMINISTIC] Train set assigned (No Voting). Size: 50
[ 2026-05-13 06:10:31 | node_11 | INFO ] ♻️ Proactively processing 4 early models for round 49.
[ 2026-05-13 06:10:31 | node_11 | INFO ] 🧩 Model added for round 49 (1/10) from ['node_26']
[ 2026-05-13 06:10:31 | node_11 | INFO ] 🧩 Model added for round 49 (2/10) from ['node_16']
[ 2026-05-13 06:10:31 | node_11 | INFO ] 🧩 Model added for round 49 (3/10) from ['node_28']
[ 2026-05-13 06:10:31 | node_11 | INFO ] 🧩 Model added for round 49 (4/10) from ['node_17']
[ 2026-05-13 06:10:31 | node_13 | INFO ] 🧩 Model added for round 49 (6/7) from ['node_21']
[ 2026-05-13 06:10:31 | node_11 | INFO ] 🏋️‍♀️ Preparing training...
[ 2026-05-13 06:10:31 | node_11 | INFO ] 🎓 Training step done.
[ 2026-05-13 06:10:31 | node_11 | INFO ] 🛠️ Calling force_add_local_model...
[ 2026-05-13 06:10:31 | node_11 | INFO ] ✅ [FORCE] Local model added for round 49. (5/10)
[ 2026-05-13 06:10:32 | node_3 | INFO ] 🎉 Round 49 of 50 finished.
[ 2026-05-13 06:10:32 | node_3 | INFO ] 🗳️ [DETERMINISTIC] Train set assigned (No Voting). Size: 50
[ 2026-05-13 06:10:32 | node_29 | INFO ] 🧩 Model added for round 49 (5/9) from ['node_21']
[ 2026-05-13 06:10:33 | node_3 | INFO ] ♻️ Proactively processing 5 early models for round 49.
[ 2026-05-13 06:10:33 | node_3 | INFO ] 🧩 Model added for round 49 (1/8) from ['node_36']
[ 2026-05-13 06:10:33 | node_3 | INFO ] 🧩 Model added for round 49 (2/8) from ['node_28']
[ 2026-05-13 06:10:33 | node_3 | INFO ] 🧩 Model added for round 49 (3/8) from ['node_10']
[ 2026-05-13 06:10:33 | node_3 | INFO ] 🧩 Model added for round 49 (4/8) from ['node_42']
[ 2026-05-13 06:10:33 | node_3 | INFO ] 🧩 Model added for round 49 (5/8) from ['node_39']
[ 2026-05-13 06:10:33 | node_3 | INFO ] 🏋️‍♀️ Preparing training...
[ 2026-05-13 06:10:33 | node_7 | INFO ] 📤 Sending model to 6 direct neighbors: ['node_29', 'node_31', 'node_32', 'node_39', 'node_43', 'node_45']
[ 2026-05-13 06:10:33 | node_3 | INFO ] 🎓 Training step done.
[ 2026-05-13 06:10:33 | node_3 | INFO ] 🛠️ Calling force_add_local_model...
[ 2026-05-13 06:10:34 | node_29 | INFO ] 🧩 Model added for round 49 (6/9) from ['node_7']
[ 2026-05-13 06:10:34 | node_3 | INFO ] ✅ [FORCE] Local model added for round 49. (6/8)
[ 2026-05-13 06:10:34 | node_36 | INFO ] 🧩 Model added for round 49 (6/8) from ['node_21']
[ 2026-05-13 06:10:35 | node_31 | INFO ] 🧩 Model added for round 49 (6/7) from ['node_7']
[ 2026-05-13 06:10:35 | node_48 | INFO ] 🧩 Model added for round 49 (4/6) from ['node_21']
[ 2026-05-13 06:10:35 | node_33 | INFO ] ⏹️  Gossiping exited for 50 equal rounds.
[ 2026-05-13 06:10:35 | node_33 | INFO ] 🔬 Evaluating...
[ 2026-05-13 06:10:36 | node_33 | INFO ] 📈 Evaluated. Results: {'test_loss': 0.32837870717048645, 'test_acc': 0.9750000238418579, 'test_precision': 0.9755314588546753, 'test_recall': 0.9717105627059937, 'test_f1': 0.9730028510093689, 'communication_cost': 22580376}
[ 2026-05-13 06:10:36 | node_32 | INFO ] 🧩 Model added for round 49 (6/11) from ['node_7']
[ 2026-05-13 06:10:36 | node_33 | INFO ] 📢 Broadcasting metrics.
[ 2026-05-13 06:10:36 | node_11 | INFO ] 📤 Sending model to 9 direct neighbors: ['node_2', 'node_16', 'node_17', 'node_22', 'node_23', 'node_26', 'node_28', 'node_30', 'node_47']
[ 2026-05-13 06:10:37 | node_16 | INFO ] 🧩 Model added for round 49 (5/10) from ['node_11']
[ 2026-05-13 06:10:37 | node_39 | INFO ] 🧩 Model added for round 49 (5/14) from ['node_7']
[ 2026-05-13 06:10:38 | node_17 | INFO ] 🧩 Model added for round 49 (6/10) from ['node_11']
[ 2026-05-13 06:10:38 | node_33 | INFO ] 🎉 Round 49 of 50 finished.
[ 2026-05-13 06:10:39 | node_3 | INFO ] 📤 Sending model to 7 direct neighbors: ['node', 'node_10', 'node_23', 'node_28', 'node_36', 'node_39', 'node_42']
[ 2026-05-13 06:10:39 | node_33 | INFO ] 🗳️ [DETERMINISTIC] Train set assigned (No Voting). Size: 50
[ 2026-05-13 06:10:39 | node_33 | INFO ] ♻️ Proactively processing 5 early models for round 49.
[ 2026-05-13 06:10:39 | node_33 | INFO ] 🧩 Model added for round 49 (1/7) from ['node_16']
[ 2026-05-13 06:10:39 | node_33 | INFO ] 🧩 Model added for round 49 (2/7) from ['node_38']
[ 2026-05-13 06:10:39 | node_33 | INFO ] 🧩 Model added for round 49 (3/7) from ['node_15']
[ 2026-05-13 06:10:39 | node_33 | INFO ] 🧩 Model added for round 49 (4/7) from ['node_17']
[ 2026-05-13 06:10:39 | node_33 | INFO ] 🧩 Model added for round 49 (5/7) from ['node_37']
[ 2026-05-13 06:10:39 | node_33 | INFO ] 🏋️‍♀️ Preparing training...
[ 2026-05-13 06:10:39 | node_10 | INFO ] 🧩 Model added for round 49 (6/9) from ['node_3']
[ 2026-05-13 06:10:39 | node_45 | INFO ] 🧩 Model added for round 49 (7/7) from ['node_7']
[ 2026-05-13 06:10:39 | node_33 | INFO ] 🎓 Training step done.
[ 2026-05-13 06:10:40 | node_33 | INFO ] 🛠️ Calling force_add_local_model...
[ 2026-05-13 06:10:40 | node_33 | INFO ] ✅ [FORCE] Local model added for round 49. (6/7)
[ 2026-05-13 06:10:40 | node_45 | INFO ] 🧠 Aggregation complete. Setting new model.
[ 2026-05-13 06:10:40 | node_47 | INFO ] ⏹️  Gossiping exited for 50 equal rounds.
[ 2026-05-13 06:10:40 | node_47 | INFO ] 🔬 Evaluating...
[ 2026-05-13 06:10:41 | node_26 | INFO ] 🧩 Model added for round 49 (7/8) from ['node_11']
[ 2026-05-13 06:10:41 | node_45 | INFO ] 🗣️ Gossiping aggregated model.
[ 2026-05-13 06:10:41 | node_47 | INFO ] 📈 Evaluated. Results: {'test_loss': 0.23086759448051453, 'test_acc': 0.9649999737739563, 'test_precision': 0.9711213111877441, 'test_recall': 0.959937334060669, 'test_f1': 0.9642470479011536, 'communication_cost': 41397356}
[ 2026-05-13 06:10:41 | node_47 | INFO ] 📢 Broadcasting metrics.
[ 2026-05-13 06:10:41 | node_28 | INFO ] 🧩 Model added for round 49 (7/9) from ['node_3']
[ 2026-05-13 06:10:42 | node_28 | INFO ] 🧩 Model added for round 49 (8/9) from ['node_11']
[ 2026-05-13 06:10:42 | node_36 | INFO ] 🧩 Model added for round 49 (7/8) from ['node_3']
[ 2026-05-13 06:10:43 | node_2 | INFO ] ⏹️  Gossiping exited for 50 equal rounds.
[ 2026-05-13 06:10:43 | node_39 | INFO ] 🧩 Model added for round 49 (6/14) from ['node_3']
[ 2026-05-13 06:10:44 | node_2 | INFO ] 🔬 Evaluating...
[ 2026-05-13 06:10:44 | node_2 | INFO ] 📈 Evaluated. Results: {'test_loss': 0.09793619811534882, 'test_acc': 0.9900000095367432, 'test_precision': 0.9912964105606079, 'test_recall': 0.9919486045837402, 'test_f1': 0.9915100336074829, 'communication_cost': 45160752}
[ 2026-05-13 06:10:44 | node_2 | INFO ] 📢 Broadcasting metrics.
[ 2026-05-13 06:10:45 | node_47 | INFO ] 🎉 Round 49 of 50 finished.
[ 2026-05-13 06:10:45 | node_47 | INFO ] 🗳️ [DETERMINISTIC] Train set assigned (No Voting). Size: 50
[ 2026-05-13 06:10:45 | node_33 | INFO ] 📤 Sending model to 6 direct neighbors: ['node_15', 'node_16', 'node_17', 'node_37', 'node_38', 'node_43']
[ 2026-05-13 06:10:45 | node_47 | INFO ] ♻️ Proactively processing 7 early models for round 49.
[ 2026-05-13 06:10:45 | node_47 | INFO ] 🧩 Model added for round 49 (1/12) from ['node_26']
[ 2026-05-13 06:10:45 | node_47 | INFO ] 🧩 Model added for round 49 (2/12) from ['node_18']
[ 2026-05-13 06:10:45 | node_47 | INFO ] 🧩 Model added for round 49 (3/12) from ['node_35']
[ 2026-05-13 06:10:45 | node_47 | INFO ] 🧩 Model added for round 49 (4/12) from ['node_8']
[ 2026-05-13 06:10:45 | node_47 | INFO ] 🧩 Model added for round 49 (5/12) from ['node_49']
[ 2026-05-13 06:10:45 | node_47 | INFO ] 🧩 Model added for round 49 (6/12) from ['node_41']
[ 2026-05-13 06:10:45 | node_47 | INFO ] 🧩 Model added for round 49 (7/12) from ['node_11']
[ 2026-05-13 06:10:45 | node_47 | INFO ] 🏋️‍♀️ Preparing training...
[ 2026-05-13 06:10:45 | node_43 | INFO ] ⏹️  Gossiping exited for 50 equal rounds.
[ 2026-05-13 06:10:45 | node_15 | INFO ] 🧩 Model added for round 49 (6/7) from ['node_33']
[ 2026-05-13 06:10:45 | node_43 | INFO ] 🔬 Evaluating...
[ 2026-05-13 06:10:45 | node_42 | INFO ] 🧩 Model added for round 49 (6/7) from ['node_3']
[ 2026-05-13 06:10:45 | node_47 | INFO ] 🎓 Training step done.
[ 2026-05-13 06:10:45 | node_47 | INFO ] 🛠️ Calling force_add_local_model...
[ 2026-05-13 06:10:46 | node_47 | INFO ] ✅ [FORCE] Local model added for round 49. (8/12)
[ 2026-05-13 06:10:46 | node_43 | INFO ] 📈 Evaluated. Results: {'test_loss': 0.05532655864953995, 'test_acc': 0.9800000190734863, 'test_precision': 0.9795913696289062, 'test_recall': 0.9847427606582642, 'test_f1': 0.9814250469207764, 'communication_cost': 41397356}
[ 2026-05-13 06:10:46 | node_43 | INFO ] 📢 Broadcasting metrics.
[ 2026-05-13 06:10:46 | node_16 | INFO ] 🧩 Model added for round 49 (6/10) from ['node_33']
[ 2026-05-13 06:10:47 | node_17 | INFO ] 🧩 Model added for round 49 (7/10) from ['node_33']
[ 2026-05-13 06:10:49 | node_37 | INFO ] 🧩 Model added for round 49 (7/10) from ['node_33']
[ 2026-05-13 06:10:49 | node_27 | INFO ] ⏹️  Gossiping exited for 50 equal rounds.
[ 2026-05-13 06:10:49 | node_2 | INFO ] 🎉 Round 49 of 50 finished.
[ 2026-05-13 06:10:49 | node_27 | INFO ] 🔬 Evaluating...
[ 2026-05-13 06:10:49 | node_2 | INFO ] 🗳️ [DETERMINISTIC] Train set assigned (No Voting). Size: 50
[ 2026-05-13 06:10:49 | node_2 | INFO ] ♻️ Proactively processing 9 early models for round 49.
[ 2026-05-13 06:10:49 | node_2 | INFO ] 🧩 Model added for round 49 (1/13) from ['node_16']
[ 2026-05-13 06:10:49 | node_2 | INFO ] 🧩 Model added for round 49 (2/13) from ['node_38']
[ 2026-05-13 06:10:49 | node_27 | INFO ] 📈 Evaluated. Results: {'test_loss': 0.1573481410741806, 'test_acc': 0.9549999833106995, 'test_precision': 0.9529615044593811, 'test_recall': 0.9521520733833313, 'test_f1': 0.9520984888076782, 'communication_cost': 22580376}
[ 2026-05-13 06:10:49 | node_2 | INFO ] 🧩 Model added for round 49 (3/13) from ['node_9']
[ 2026-05-13 06:10:49 | node_2 | INFO ] 🧩 Model added for round 49 (4/13) from ['node_8']
[ 2026-05-13 06:10:49 | node_27 | INFO ] 📢 Broadcasting metrics.
[ 2026-05-13 06:10:49 | node_2 | INFO ] 🧩 Model added for round 49 (5/13) from ['node_37']
[ 2026-05-13 06:10:49 | node_2 | INFO ] 🧩 Model added for round 49 (6/13) from ['node_49']
[ 2026-05-13 06:10:49 | node_2 | INFO ] 🧩 Model added for round 49 (7/13) from ['node_41']
[ 2026-05-13 06:10:49 | node_2 | INFO ] 🧩 Model added for round 49 (8/13) from ['node_5']
[ 2026-05-13 06:10:49 | node_2 | INFO ] 🧩 Model added for round 49 (9/13) from ['node_11']
[ 2026-05-13 06:10:49 | node_2 | INFO ] 🏋️‍♀️ Preparing training...
[ 2026-05-13 06:10:50 | node_38 | INFO ] 🧩 Model added for round 49 (5/8) from ['node_33']
[ 2026-05-13 06:10:50 | node_2 | INFO ] 🎓 Training step done.
[ 2026-05-13 06:10:50 | node_2 | INFO ] 🛠️ Calling force_add_local_model...
[ 2026-05-13 06:10:50 | node_2 | INFO ] ✅ [FORCE] Local model added for round 49. (10/13)
[ 2026-05-13 06:10:50 | node_40 | INFO ] ⏹️  Gossiping exited for 50 equal rounds.
[ 2026-05-13 06:10:50 | node_43 | INFO ] 🎉 Round 49 of 50 finished.
[ 2026-05-13 06:10:50 | node_40 | INFO ] 🔬 Evaluating...
[ 2026-05-13 06:10:50 | node_43 | INFO ] 🗳️ [DETERMINISTIC] Train set assigned (No Voting). Size: 50
[ 2026-05-13 06:10:50 | node_43 | INFO ] ♻️ Proactively processing 5 early models for round 49.
[ 2026-05-13 06:10:50 | node_43 | INFO ] 🧩 Model added for round 49 (1/12) from ['node_15']
[ 2026-05-13 06:10:50 | node_40 | INFO ] 📈 Evaluated. Results: {'test_loss': 0.23574821650981903, 'test_acc': 0.9649999737739563, 'test_precision': 0.9583054184913635, 'test_recall': 0.9606702327728271, 'test_f1': 0.9582455158233643, 'communication_cost': 26343772}
[ 2026-05-13 06:10:51 | node_43 | INFO ] 🧩 Model added for round 49 (2/12) from ['node_46']
[ 2026-05-13 06:10:51 | node_40 | INFO ] 📢 Broadcasting metrics.
[ 2026-05-13 06:10:51 | node_43 | INFO ] 🧩 Model added for round 49 (3/12) from ['node_37']
[ 2026-05-13 06:10:51 | node_47 | INFO ] 📤 Sending model to 11 direct neighbors: ['node', 'node_1', 'node_2', 'node_8', 'node_11', 'node_18', 'node_23', 'node_26', 'node_35', 'node_41', 'node_49']
[ 2026-05-13 06:10:51 | node_43 | INFO ] 🧩 Model added for round 49 (4/12) from ['node_39']
[ 2026-05-13 06:10:51 | node_43 | INFO ] 🧩 Model added for round 49 (5/12) from ['node_7']
[ 2026-05-13 06:10:51 | node_43 | INFO ] 🏋️‍♀️ Preparing training...
[ 2026-05-13 06:10:51 | node_43 | INFO ] 🧩 Model added for round 49 (6/12) from ['node_33']
[ 2026-05-13 06:10:51 | node_43 | INFO ] 🎓 Training step done.
[ 2026-05-13 06:10:51 | node_43 | INFO ] 🛠️ Calling force_add_local_model...
[ 2026-05-13 06:10:51 | node_43 | INFO ] ✅ [FORCE] Local model added for round 49. (7/12)
[ 2026-05-13 06:10:52 | node_2 | INFO ] 🧩 Model added for round 49 (11/13) from ['node_47']
[ 2026-05-13 06:10:52 | node_27 | INFO ] 🎉 Round 49 of 50 finished.
[ 2026-05-13 06:10:52 | node_27 | INFO ] 🗳️ [DETERMINISTIC] Train set assigned (No Voting). Size: 50
[ 2026-05-13 06:10:52 | node_27 | INFO ] ♻️ Proactively processing 5 early models for round 49.
[ 2026-05-13 06:10:52 | node_27 | INFO ] 🧩 Model added for round 49 (1/7) from ['node_29']
[ 2026-05-13 06:10:52 | node_27 | INFO ] 🧩 Model added for round 49 (2/7) from ['node_44']
[ 2026-05-13 06:10:52 | node_27 | INFO ] 🧩 Model added for round 49 (3/7) from ['node_32']
[ 2026-05-13 06:10:52 | node_27 | INFO ] 🧩 Model added for round 49 (4/7) from ['node_39']
[ 2026-05-13 06:10:52 | node_27 | INFO ] 🧩 Model added for round 49 (5/7) from ['node_21']
[ 2026-05-13 06:10:52 | node_27 | INFO ] 🏋️‍♀️ Preparing training...
[ 2026-05-13 06:10:53 | node_27 | INFO ] 🎓 Training step done.
[ 2026-05-13 06:10:53 | node_27 | INFO ] 🛠️ Calling force_add_local_model...
[ 2026-05-13 06:10:53 | node_27 | INFO ] ✅ [FORCE] Local model added for round 49. (6/7)
[ 2026-05-13 06:10:53 | node_8 | INFO ] 🧩 Model added for round 49 (9/12) from ['node_47']
[ 2026-05-13 06:10:53 | node_40 | INFO ] 🎉 Round 49 of 50 finished.
[ 2026-05-13 06:10:54 | node_40 | INFO ] 🗳️ [DETERMINISTIC] Train set assigned (No Voting). Size: 50
[ 2026-05-13 06:10:54 | node_40 | INFO ] ♻️ Proactively processing 6 early models for round 49.
[ 2026-05-13 06:10:54 | node_40 | INFO ] 🧩 Model added for round 49 (1/8) from ['node_48']
[ 2026-05-13 06:10:54 | node_40 | INFO ] 🧩 Model added for round 49 (2/8) from ['node_36']
[ 2026-05-13 06:10:54 | node_40 | INFO ] 🧩 Model added for round 49 (3/8) from ['node_29']
[ 2026-05-13 06:10:54 | node_40 | INFO ] 🧩 Model added for round 49 (4/8) from ['node_6']
[ 2026-05-13 06:10:54 | node_40 | INFO ] 🧩 Model added for round 49 (5/8) from ['node_17']
[ 2026-05-13 06:10:54 | node_40 | INFO ] 🧩 Model added for round 49 (6/8) from ['node_32']
[ 2026-05-13 06:10:54 | node_40 | INFO ] 🏋️‍♀️ Preparing training...
[ 2026-05-13 06:10:55 | node_40 | INFO ] 🎓 Training step done.
[ 2026-05-13 06:10:55 | node_40 | INFO ] 🛠️ Calling force_add_local_model...
[ 2026-05-13 06:10:55 | node_11 | INFO ] 🧩 Model added for round 49 (6/10) from ['node_47']
[ 2026-05-13 06:10:55 | node_40 | INFO ] ✅ [FORCE] Local model added for round 49. (7/8)
[ 2026-05-13 06:10:55 | node_2 | INFO ] 📤 Sending model to 12 direct neighbors: ['node_5', 'node_8', 'node_9', 'node_11', 'node_16', 'node_23', 'node_27', 'node_37', 'node_38', 'node_41', 'node_47', 'node_49']
[ 2026-05-13 06:10:55 | node_5 | INFO ] 🧩 Model added for round 49 (9/12) from ['node_2']
[ 2026-05-13 06:10:56 | node_18 | INFO ] 🧩 Model added for round 49 (4/5) from ['node_47']
[ 2026-05-13 06:10:56 | node_43 | INFO ] 📤 Sending model to 11 direct neighbors: ['node_4', 'node_7', 'node_15', 'node_22', 'node_25', 'node_30', 'node_33', 'node_34', 'node_37', 'node_39', 'node_46']
[ 2026-05-13 06:10:57 | node_23 | INFO ] ⏹️  Gossiping exited for 50 equal rounds.
[ 2026-05-13 06:10:57 | node_26 | INFO ] 🧩 Model added for round 49 (8/8) from ['node_47']
[ 2026-05-13 06:10:57 | node_7 | INFO ] 🧩 Model added for round 49 (7/7) from ['node_43']
[ 2026-05-13 06:10:57 | node_8 | INFO ] 🧩 Model added for round 49 (10/12) from ['node_2']
[ 2026-05-13 06:10:57 | node_23 | INFO ] 🔬 Evaluating...
[ 2026-05-13 06:10:57 | node_23 | INFO ] 📈 Evaluated. Results: {'test_loss': 0.16436034440994263, 'test_acc': 0.9700000286102295, 'test_precision': 0.9701588153839111, 'test_recall': 0.968722403049469, 'test_f1': 0.968680739402771, 'communication_cost': 26343772}
[ 2026-05-13 06:10:57 | node_23 | INFO ] 📢 Broadcasting metrics.
[ 2026-05-13 06:10:58 | node_7 | INFO ] 🧠 Aggregation complete. Setting new model.
[ 2026-05-13 06:10:58 | node_15 | INFO ] 🧩 Model added for round 49 (7/7) from ['node_43']
[ 2026-05-13 06:10:58 | node_26 | INFO ] 🧠 Aggregation complete. Setting new model.
[ 2026-05-13 06:10:58 | node_35 | INFO ] 🧩 Model added for round 49 (3/5) from ['node_47']
[ 2026-05-13 06:10:58 | node_27 | INFO ] 📤 Sending model to 6 direct neighbors: ['node_2', 'node_21', 'node_29', 'node_32', 'node_39', 'node_44']
[ 2026-05-13 06:10:58 | node_2 | INFO ] 🧩 Model added for round 49 (12/13) from ['node_27']
[ 2026-05-13 06:10:59 | node_9 | INFO ] 🧩 Model added for round 49 (8/12) from ['node_2']
[ 2026-05-13 06:10:59 | node_15 | INFO ] 🧠 Aggregation complete. Setting new model.
[ 2026-05-13 06:10:59 | node_7 | INFO ] 🗣️ Gossiping aggregated model.
[ 2026-05-13 06:10:59 | node_26 | INFO ] 🗣️ Gossiping aggregated model.
[ 2026-05-13 06:10:59 | node_15 | INFO ] 🗣️ Gossiping aggregated model.
[ 2026-05-13 06:11:00 | node_41 | INFO ] 🧩 Model added for round 49 (4/6) from ['node_47']
[ 2026-05-13 06:11:00 | node_40 | INFO ] 📤 Sending model to 7 direct neighbors: ['node_6', 'node_17', 'node_29', 'node_30', 'node_32', 'node_36', 'node_48']
[ 2026-05-13 06:11:00 | node_23 | INFO ] 🎉 Round 49 of 50 finished.
[ 2026-05-13 06:11:00 | node_23 | INFO ] 🗳️ [DETERMINISTIC] Train set assigned (No Voting). Size: 50
[ 2026-05-13 06:11:00 | node_23 | INFO ] ♻️ Proactively processing 6 early models for round 49.
[ 2026-05-13 06:11:00 | node_23 | INFO ] 🧩 Model added for round 49 (1/8) from ['node_14']
[ 2026-05-13 06:11:00 | node_23 | INFO ] 🧩 Model added for round 49 (2/8) from ['node_49']
[ 2026-05-13 06:11:00 | node_23 | INFO ] 🧩 Model added for round 49 (3/8) from ['node_39']
[ 2026-05-13 06:11:00 | node_23 | INFO ] 🧩 Model added for round 49 (4/8) from ['node_11']
[ 2026-05-13 06:11:00 | node_23 | INFO ] 🧩 Model added for round 49 (5/8) from ['node_3']
[ 2026-05-13 06:11:00 | node_6 | INFO ] 🧩 Model added for round 49 (7/9) from ['node_40']
[ 2026-05-13 06:11:00 | node_23 | INFO ] 🧩 Model added for round 49 (6/8) from ['node_47']
[ 2026-05-13 06:11:00 | node_23 | INFO ] 🏋️‍♀️ Preparing training...
[ 2026-05-13 06:11:00 | node_21 | INFO ] 🧩 Model added for round 49 (6/9) from ['node_27']
[ 2026-05-13 06:11:00 | node_11 | INFO ] 🧩 Model added for round 49 (7/10) from ['node_2']
[ 2026-05-13 06:11:01 | node_49 | INFO ] 🧩 Model added for round 49 (6/10) from ['node_47']
[ 2026-05-13 06:11:01 | node_23 | INFO ] 🎓 Training step done.
[ 2026-05-13 06:11:01 | node_23 | INFO ] 🛠️ Calling force_add_local_model...
[ 2026-05-13 06:11:01 | node_23 | INFO ] ✅ [FORCE] Local model added for round 49. (7/8)
[ 2026-05-13 06:11:01 | node_17 | INFO ] 🧩 Model added for round 49 (8/10) from ['node_40']
[ 2026-05-13 06:11:01 | node_33 | INFO ] 🧩 Model added for round 49 (7/7) from ['node_43']
[ 2026-05-13 06:11:02 | node_29 | INFO ] 🧩 Model added for round 49 (7/9) from ['node_27']
[ 2026-05-13 06:11:02 | node_16 | INFO ] 🧩 Model added for round 49 (7/10) from ['node_2']
[ 2026-05-13 06:11:03 | node_33 | INFO ] 🧠 Aggregation complete. Setting new model.
[ 2026-05-13 06:11:03 | node_32 | INFO ] 🧩 Model added for round 49 (7/11) from ['node_27']
[ 2026-05-13 06:11:03 | node_29 | INFO ] 🧩 Model added for round 49 (8/9) from ['node_40']
[ 2026-05-13 06:11:03 | node_33 | INFO ] 🗣️ Gossiping aggregated model.
[ 2026-05-13 06:11:03 | node_37 | INFO ] 🧩 Model added for round 49 (8/10) from ['node_43']
[ 2026-05-13 06:11:04 | node_23 | INFO ] 🧩 Model added for round 49 (8/8) from ['node_2']
[ 2026-05-13 06:11:04 | node_1 | INFO ] ⏹️  Gossiping exited for 50 equal rounds.
[ 2026-05-13 06:11:04 | node_1 | INFO ] 🔬 Evaluating...
[ 2026-05-13 06:11:04 | node_1 | INFO ] 📈 Evaluated. Results: {'test_loss': 0.17374786734580994, 'test_acc': 0.9800000190734863, 'test_precision': 0.9839698076248169, 'test_recall': 0.9755088090896606, 'test_f1': 0.9790571331977844, 'communication_cost': 30107168}
[ 2026-05-13 06:11:05 | node_1 | INFO ] 📢 Broadcasting metrics.
[ 2026-05-13 06:11:05 | node_39 | INFO ] 🧩 Model added for round 49 (7/14) from ['node_27']
[ 2026-05-13 06:11:05 | node_27 | INFO ] 🧩 Model added for round 49 (7/7) from ['node_2']
[ 2026-05-13 06:11:05 | node_39 | INFO ] 🧩 Model added for round 49 (8/14) from ['node_43']
[ 2026-05-13 06:11:05 | node_32 | INFO ] 🧩 Model added for round 49 (8/11) from ['node_40']
[ 2026-05-13 06:11:06 | node_23 | INFO ] 📤 Sending model to 7 direct neighbors: ['node_2', 'node_3', 'node_11', 'node_14', 'node_39', 'node_47', 'node_49']
[ 2026-05-13 06:11:07 | node_37 | INFO ] 🧩 Model added for round 49 (9/10) from ['node_2']
[ 2026-05-13 06:11:07 | node_36 | INFO ] 🧩 Model added for round 49 (8/8) from ['node_40']
[ 2026-05-13 06:11:07 | node_44 | INFO ] 🧩 Model added for round 49 (7/9) from ['node_27']
[ 2026-05-13 06:11:07 | node_46 | INFO ] 🧩 Model added for round 49 (8/8) from ['node_43']
[ 2026-05-13 06:11:07 | node_2 | INFO ] 🧩 Model added for round 49 (13/13) from ['node_23']
[ 2026-05-13 06:11:07 | node_1 | INFO ] 🎉 Round 49 of 50 finished.
[ 2026-05-13 06:11:07 | node_1 | INFO ] 🗳️ [DETERMINISTIC] Train set assigned (No Voting). Size: 50
[ 2026-05-13 06:11:08 | node_1 | INFO ] ♻️ Proactively processing 7 early models for round 49.
[ 2026-05-13 06:11:08 | node_1 | INFO ] 🧩 Model added for round 49 (1/9) from ['node_16']
[ 2026-05-13 06:11:08 | node_1 | INFO ] 🧩 Model added for round 49 (2/9) from ['node_35']
[ 2026-05-13 06:11:08 | node_1 | INFO ] 🧩 Model added for round 49 (3/9) from ['node_49']
[ 2026-05-13 06:11:08 | node_1 | INFO ] 🧩 Model added for round 49 (4/9) from ['node_39']
[ 2026-05-13 06:11:08 | node_1 | INFO ] 🧩 Model added for round 49 (5/9) from ['node_13']
[ 2026-05-13 06:11:08 | node_1 | INFO ] 🧩 Model added for round 49 (6/9) from ['node_41']
[ 2026-05-13 06:11:08 | node_1 | INFO ] 🧩 Model added for round 49 (7/9) from ['node_47']
[ 2026-05-13 06:11:08 | node_1 | INFO ] 🏋️‍♀️ Preparing training...
[ 2026-05-13 06:11:08 | node_38 | INFO ] 🧩 Model added for round 49 (6/8) from ['node_2']
[ 2026-05-13 06:11:08 | node_48 | INFO ] 🧩 Model added for round 49 (5/6) from ['node_40']
[ 2026-05-13 06:11:08 | node_1 | INFO ] 🎓 Training step done.
[ 2026-05-13 06:11:08 | node_3 | INFO ] 🧩 Model added for round 49 (7/8) from ['node_23']
[ 2026-05-13 06:11:09 | node_1 | INFO ] 🛠️ Calling force_add_local_model...
[ 2026-05-13 06:11:09 | node_1 | INFO ] ✅ [FORCE] Local model added for round 49. (8/9)
[ 2026-05-13 06:11:09 | node_41 | INFO ] 🧩 Model added for round 49 (5/6) from ['node_2']
[ 2026-05-13 06:11:09 | node_34 | INFO ] ⏹️  Gossiping exited for 50 equal rounds.
[ 2026-05-13 06:11:09 | node_27 | INFO ] 🧠 Aggregation complete. Setting new model.
[ 2026-05-13 06:11:09 | node_34 | INFO ] 🔬 Evaluating...
[ 2026-05-13 06:11:09 | node_36 | INFO ] 🧠 Aggregation complete. Setting new model.
[ 2026-05-13 06:11:09 | node_46 | INFO ] 🧠 Aggregation complete. Setting new model.
[ 2026-05-13 06:11:09 | node_34 | INFO ] 📈 Evaluated. Results: {'test_loss': 0.10293000191450119, 'test_acc': 0.9700000286102295, 'test_precision': 0.9722503423690796, 'test_recall': 0.9648889303207397, 'test_f1': 0.9668325185775757, 'communication_cost': 37633960}
[ 2026-05-13 06:11:09 | node_34 | INFO ] 📢 Broadcasting metrics.
[ 2026-05-13 06:11:10 | node_11 | INFO ] 🧩 Model added for round 49 (8/10) from ['node_23']
[ 2026-05-13 06:11:10 | node_27 | INFO ] 🗣️ Gossiping aggregated model.
[ 2026-05-13 06:11:10 | node_47 | INFO ] 🧩 Model added for round 49 (9/12) from ['node_2']
[ 2026-05-13 06:11:10 | node_36 | INFO ] 🗣️ Gossiping aggregated model.
[ 2026-05-13 06:11:10 | node_46 | INFO ] 🗣️ Gossiping aggregated model.
[ 2026-05-13 06:11:11 | node_14 | INFO ] 🧩 Model added for round 49 (8/8) from ['node_23']
[ 2026-05-13 06:11:12 | node_49 | INFO ] 🧩 Model added for round 49 (7/10) from ['node_2']
[ 2026-05-13 06:11:12 | node_14 | INFO ] 🧠 Aggregation complete. Setting new model.
[ 2026-05-13 06:11:12 | node_14 | INFO ] 🗣️ Gossiping aggregated model.
[ 2026-05-13 06:11:12 | node_39 | INFO ] 🧩 Model added for round 49 (9/14) from ['node_23']
[ 2026-05-13 06:11:13 | node_34 | INFO ] 🎉 Round 49 of 50 finished.
[ 2026-05-13 06:11:13 | node_34 | INFO ] 🗳️ [DETERMINISTIC] Train set assigned (No Voting). Size: 50
[ 2026-05-13 06:11:14 | node_34 | INFO ] ♻️ Proactively processing 8 early models for round 49.
[ 2026-05-13 06:11:14 | node_34 | INFO ] 🧩 Model added for round 49 (1/11) from ['node_48']
[ 2026-05-13 06:11:14 | node_34 | INFO ] 🧩 Model added for round 49 (2/11) from ['node_24']
[ 2026-05-13 06:11:14 | node_34 | INFO ] 🧩 Model added for round 49 (3/11) from ['node_9']
[ 2026-05-13 06:11:14 | node_34 | INFO ] 🧩 Model added for round 49 (4/11) from ['node_8']
[ 2026-05-13 06:11:14 | node_34 | INFO ] 🧩 Model added for round 49 (5/11) from ['node_42']
[ 2026-05-13 06:11:14 | node_34 | INFO ] 🧩 Model added for round 49 (6/11) from ['node_5']
[ 2026-05-13 06:11:14 | node_34 | INFO ] 🧩 Model added for round 49 (7/11) from ['node_21']
[ 2026-05-13 06:11:14 | node_1 | INFO ] 📤 Sending model to 8 direct neighbors: ['node_13', 'node_16', 'node_22', 'node_35', 'node_39', 'node_41', 'node_47', 'node_49']
[ 2026-05-13 06:11:14 | node_34 | INFO ] 🧩 Model added for round 49 (8/11) from ['node_43']
[ 2026-05-13 06:11:14 | node_34 | INFO ] 🏋️‍♀️ Preparing training...
[ 2026-05-13 06:11:14 | node_47 | INFO ] 🧩 Model added for round 49 (10/12) from ['node_23']
[ 2026-05-13 06:11:14 | node_34 | INFO ] 🎓 Training step done.
[ 2026-05-13 06:11:14 | node_13 | INFO ] 🧩 Model added for round 49 (7/7) from ['node_1']
[ 2026-05-13 06:11:14 | node_34 | INFO ] 🛠️ Calling force_add_local_model...
[ 2026-05-13 06:11:14 | node_2 | INFO ] 🧠 Aggregation complete. Setting new model.
[ 2026-05-13 06:11:14 | node_13 | INFO ] 🧠 Aggregation complete. Setting new model.
[ 2026-05-13 06:11:15 | node_34 | INFO ] ✅ [FORCE] Local model added for round 49. (9/11)
[ 2026-05-13 06:11:15 | node_13 | INFO ] 🗣️ Gossiping aggregated model.
[ 2026-05-13 06:11:15 | node_16 | INFO ] 🧩 Model added for round 49 (8/10) from ['node_1']
[ 2026-05-13 06:11:16 | node_2 | INFO ] 🗣️ Gossiping aggregated model.
[ 2026-05-13 06:11:16 | node_49 | INFO ] 🧩 Model added for round 49 (8/10) from ['node_23']
[ 2026-05-13 06:11:18 | node_35 | INFO ] 🧩 Model added for round 49 (4/5) from ['node_1']
[ 2026-05-13 06:11:18 | node_39 | INFO ] 🧩 Model added for round 49 (10/14) from ['node_1']
[ 2026-05-13 06:11:18 | node_23 | INFO ] 🧠 Aggregation complete. Setting new model.
[ 2026-05-13 06:11:19 | node_23 | INFO ] 🗣️ Gossiping aggregated model.
[ 2026-05-13 06:11:20 | node_34 | INFO ] 📤 Sending model to 10 direct neighbors: ['node_5', 'node_8', 'node_9', 'node_21', 'node_24', 'node_25', 'node_30', 'node_42', 'node_43', 'node_48']
[ 2026-05-13 06:11:20 | node_5 | INFO ] 🧩 Model added for round 49 (10/12) from ['node_34']
[ 2026-05-13 06:11:20 | node | INFO ] ⏹️  Gossiping exited for 50 equal rounds.
[ 2026-05-13 06:11:20 | node | INFO ] 🔬 Evaluating...
[ 2026-05-13 06:11:20 | node_41 | INFO ] 🧩 Model added for round 49 (6/6) from ['node_1']
[ 2026-05-13 06:11:20 | node | INFO ] 📈 Evaluated. Results: {'test_loss': 0.06372446566820145, 'test_acc': 0.9800000190734863, 'test_precision': 0.9821068048477173, 'test_recall': 0.977637529373169, 'test_f1': 0.9794352650642395, 'communication_cost': 52687544}
[ 2026-05-13 06:11:21 | node | INFO ] 📢 Broadcasting metrics.
[ 2026-05-13 06:11:21 | node_47 | INFO ] 🧩 Model added for round 49 (11/12) from ['node_1']
[ 2026-05-13 06:11:21 | node_41 | INFO ] 🧠 Aggregation complete. Setting new model.
[ 2026-05-13 06:11:21 | node_8 | INFO ] 🧩 Model added for round 49 (11/12) from ['node_34']
[ 2026-05-13 06:11:22 | node_41 | INFO ] 🗣️ Gossiping aggregated model.
[ 2026-05-13 06:11:22 | node_22 | INFO ] ⏹️  Gossiping exited for 50 equal rounds.
[ 2026-05-13 06:11:22 | node_22 | INFO ] 🔬 Evaluating...
[ 2026-05-13 06:11:22 | node_22 | INFO ] 📈 Evaluated. Results: {'test_loss': 0.21095213294029236, 'test_acc': 0.949999988079071, 'test_precision': 0.945383608341217, 'test_recall': 0.9468142986297607, 'test_f1': 0.9457184672355652, 'communication_cost': 41397356}
[ 2026-05-13 06:11:23 | node_22 | INFO ] 📢 Broadcasting metrics.
[ 2026-05-13 06:11:23 | node_30 | INFO ] ⏹️  Gossiping exited for 50 equal rounds.
[ 2026-05-13 06:11:23 | node_49 | INFO ] 🧩 Model added for round 49 (9/10) from ['node_1']
[ 2026-05-13 06:11:23 | node_30 | INFO ] 🔬 Evaluating...
[ 2026-05-13 06:11:23 | node_30 | INFO ] 📈 Evaluated. Results: {'test_loss': 0.2977231740951538, 'test_acc': 0.9700000286102295, 'test_precision': 0.966555655002594, 'test_recall': 0.9703333973884583, 'test_f1': 0.9666764736175537, 'communication_cost': 52687544}
[ 2026-05-13 06:11:23 | node_30 | INFO ] 📢 Broadcasting metrics.
[ 2026-05-13 06:11:24 | node_9 | INFO ] 🧩 Model added for round 49 (9/12) from ['node_34']
[ 2026-05-13 06:11:25 | node_21 | INFO ] 🧩 Model added for round 49 (7/9) from ['node_34']
[ 2026-05-13 06:11:26 | node_24 | INFO ] 🧩 Model added for round 49 (3/4) from ['node_34']
[ 2026-05-13 06:11:27 | node | INFO ] 🎉 Round 49 of 50 finished.
[ 2026-05-13 06:11:27 | node | INFO ] 🗳️ [DETERMINISTIC] Train set assigned (No Voting). Size: 50
[ 2026-05-13 06:11:27 | node | INFO ] ♻️ Proactively processing 13 early models for round 49.
[ 2026-05-13 06:11:27 | node | INFO ] 🧩 Model added for round 49 (1/15) from ['node_18']
[ 2026-05-13 06:11:27 | node | INFO ] 🧩 Model added for round 49 (2/15) from ['node_16']
[ 2026-05-13 06:11:27 | node | INFO ] 🧩 Model added for round 49 (3/15) from ['node_38']
[ 2026-05-13 06:11:27 | node | INFO ] 🧩 Model added for round 49 (4/15) from ['node_9']
[ 2026-05-13 06:11:27 | node | INFO ] 🧩 Model added for round 49 (5/15) from ['node_6']
[ 2026-05-13 06:11:27 | node | INFO ] 🧩 Model added for round 49 (6/15) from ['node_29']
[ 2026-05-13 06:11:27 | node | INFO ] 🧩 Model added for round 49 (7/15) from ['node_49']
[ 2026-05-13 06:11:27 | node | INFO ] 🧩 Model added for round 49 (8/15) from ['node_32']
[ 2026-05-13 06:11:27 | node | INFO ] 🧩 Model added for round 49 (9/15) from ['node_39']
[ 2026-05-13 06:11:27 | node | INFO ] 🧩 Model added for round 49 (10/15) from ['node_5']
[ 2026-05-13 06:11:27 | node | INFO ] 🧩 Model added for round 49 (11/15) from ['node_21']
[ 2026-05-13 06:11:27 | node | INFO ] 🧩 Model added for round 49 (12/15) from ['node_3']
[ 2026-05-13 06:11:27 | node | INFO ] 🧩 Model added for round 49 (13/15) from ['node_47']
[ 2026-05-13 06:11:27 | node_22 | INFO ] 🎉 Round 49 of 50 finished.
[ 2026-05-13 06:11:27 | node | INFO ] 🏋️‍♀️ Preparing training...
[ 2026-05-13 06:11:27 | node_42 | INFO ] 🧩 Model added for round 49 (7/7) from ['node_34']
[ 2026-05-13 06:11:27 | node_22 | INFO ] 🗳️ [DETERMINISTIC] Train set assigned (No Voting). Size: 50
[ 2026-05-13 06:11:28 | node_22 | INFO ] ♻️ Proactively processing 9 early models for round 49.
[ 2026-05-13 06:11:28 | node_22 | INFO ] 🧩 Model added for round 49 (1/12) from ['node_35']
[ 2026-05-13 06:11:28 | node_22 | INFO ] 🧩 Model added for round 49 (2/12) from ['node_19']
[ 2026-05-13 06:11:28 | node_22 | INFO ] 🧩 Model added for round 49 (3/12) from ['node_10']
[ 2026-05-13 06:11:28 | node_22 | INFO ] 🧩 Model added for round 49 (4/12) from ['node_9']
[ 2026-05-13 06:11:28 | node_22 | INFO ] 🧩 Model added for round 49 (5/12) from ['node_8']
[ 2026-05-13 06:11:28 | node_25 | INFO ] ⏹️  Gossiping exited for 50 equal rounds.
[ 2026-05-13 06:11:28 | node_22 | INFO ] 🧩 Model added for round 49 (6/12) from ['node_39']
[ 2026-05-13 06:11:28 | node_22 | INFO ] 🧩 Model added for round 49 (7/12) from ['node_11']
[ 2026-05-13 06:11:28 | node_22 | INFO ] 🧩 Model added for round 49 (8/12) from ['node_43']
[ 2026-05-13 06:11:28 | node | INFO ] 🎓 Training step done.
[ 2026-05-13 06:11:28 | node_22 | INFO ] 🧩 Model added for round 49 (9/12) from ['node_1']
[ 2026-05-13 06:11:28 | node | INFO ] 🛠️ Calling force_add_local_model...
[ 2026-05-13 06:11:28 | node_25 | INFO ] 🔬 Evaluating...
[ 2026-05-13 06:11:28 | node_22 | INFO ] 🏋️‍♀️ Preparing training...
[ 2026-05-13 06:11:28 | node | INFO ] ✅ [FORCE] Local model added for round 49. (14/15)
[ 2026-05-13 06:11:28 | node_42 | INFO ] 🧠 Aggregation complete. Setting new model.
[ 2026-05-13 06:11:28 | node_25 | INFO ] 📈 Evaluated. Results: {'test_loss': 0.10251228511333466, 'test_acc': 0.9800000190734863, 'test_precision': 0.9795000553131104, 'test_recall': 0.980404794216156, 'test_f1': 0.9797203540802002, 'communication_cost': 45160752}
[ 2026-05-13 06:11:29 | node_43 | INFO ] 🧩 Model added for round 49 (8/12) from ['node_34']
[ 2026-05-13 06:11:29 | node_25 | INFO ] 📢 Broadcasting metrics.
[ 2026-05-13 06:11:29 | node_22 | INFO ] 🎓 Training step done.
[ 2026-05-13 06:11:29 | node_22 | INFO ] 🛠️ Calling force_add_local_model...
[ 2026-05-13 06:11:29 | node_22 | INFO ] ✅ [FORCE] Local model added for round 49. (10/12)
[ 2026-05-13 06:11:29 | node_42 | INFO ] 🗣️ Gossiping aggregated model.
[ 2026-05-13 06:11:30 | node_30 | INFO ] 🎉 Round 49 of 50 finished.
[ 2026-05-13 06:11:30 | node_30 | INFO ] 🗳️ [DETERMINISTIC] Train set assigned (No Voting). Size: 50
[ 2026-05-13 06:11:30 | node_30 | INFO ] ♻️ Proactively processing 12 early models for round 49.
[ 2026-05-13 06:11:30 | node_30 | INFO ] 🧩 Model added for round 49 (1/15) from ['node_20']
[ 2026-05-13 06:11:30 | node_30 | INFO ] 🧩 Model added for round 49 (2/15) from ['node_28']
[ 2026-05-13 06:11:30 | node_30 | INFO ] 🧩 Model added for round 49 (3/15) from ['node_38']
[ 2026-05-13 06:11:30 | node_48 | INFO ] 🧩 Model added for round 49 (6/6) from ['node_34']
[ 2026-05-13 06:11:30 | node_30 | INFO ] 🧩 Model added for round 49 (4/15) from ['node_10']
[ 2026-05-13 06:11:30 | node_30 | INFO ] 🧩 Model added for round 49 (5/15) from ['node_17']
[ 2026-05-13 06:11:30 | node_30 | INFO ] 🧩 Model added for round 49 (6/15) from ['node_44']
[ 2026-05-13 06:11:30 | node_30 | INFO ] 🧩 Model added for round 49 (7/15) from ['node_37']
[ 2026-05-13 06:11:30 | node_30 | INFO ] 🧩 Model added for round 49 (8/15) from ['node_32']
[ 2026-05-13 06:11:30 | node_30 | INFO ] 🧩 Model added for round 49 (9/15) from ['node_11']
[ 2026-05-13 06:11:30 | node_30 | INFO ] 🧩 Model added for round 49 (10/15) from ['node_43']
[ 2026-05-13 06:11:31 | node_30 | INFO ] 🧩 Model added for round 49 (11/15) from ['node_40']
[ 2026-05-13 06:11:31 | node_48 | INFO ] 🧠 Aggregation complete. Setting new model.
[ 2026-05-13 06:11:31 | node_30 | INFO ] 🧩 Model added for round 49 (12/15) from ['node_34']
[ 2026-05-13 06:11:31 | node_30 | INFO ] 🏋️‍♀️ Preparing training...
[ 2026-05-13 06:11:31 | node_48 | INFO ] 🗣️ Gossiping aggregated model.
[ 2026-05-13 06:11:31 | node_30 | INFO ] 🎓 Training step done.
[ 2026-05-13 06:11:31 | node_30 | INFO ] 🛠️ Calling force_add_local_model...
[ 2026-05-13 06:11:31 | node_30 | INFO ] ✅ [FORCE] Local model added for round 49. (13/15)
[ 2026-05-13 06:11:33 | node | INFO ] 📤 Sending model to 14 direct neighbors: ['node_3', 'node_5', 'node_6', 'node_9', 'node_16', 'node_18', 'node_21', 'node_29', 'node_30', 'node_32', 'node_38', 'node_39', 'node_47', 'node_49']
[ 2026-05-13 06:11:34 | node_3 | INFO ] 🧩 Model added for round 49 (8/8) from ['node']
[ 2026-05-13 06:11:34 | node_25 | INFO ] 🎉 Round 49 of 50 finished.
[ 2026-05-13 06:11:34 | node_22 | INFO ] 📤 Sending model to 11 direct neighbors: ['node_1', 'node_8', 'node_9', 'node_10', 'node_11', 'node_19', 'node_25', 'node_30', 'node_35', 'node_39', 'node_43']
[ 2026-05-13 06:11:34 | node_25 | INFO ] 🗳️ [DETERMINISTIC] Train set assigned (No Voting). Size: 50
[ 2026-05-13 06:11:34 | node_3 | INFO ] 🧠 Aggregation complete. Setting new model.
[ 2026-05-13 06:11:34 | node_25 | INFO ] ♻️ Proactively processing 10 early models for round 49.
[ 2026-05-13 06:11:34 | node_25 | INFO ] 🧩 Model added for round 49 (1/13) from ['node_24']
[ 2026-05-13 06:11:34 | node_25 | INFO ] 🧩 Model added for round 49 (2/13) from ['node_10']
[ 2026-05-13 06:11:34 | node_25 | INFO ] 🧩 Model added for round 49 (3/13) from ['node_44']
[ 2026-05-13 06:11:34 | node_25 | INFO ] 🧩 Model added for round 49 (4/13) from ['node_12']
[ 2026-05-13 06:11:34 | node_25 | INFO ] 🧩 Model added for round 49 (5/13) from ['node_6']
[ 2026-05-13 06:11:34 | node_25 | INFO ] 🧩 Model added for round 49 (6/13) from ['node_39']
[ 2026-05-13 06:11:34 | node_25 | INFO ] 🧩 Model added for round 49 (7/13) from ['node_5']
[ 2026-05-13 06:11:34 | node_25 | INFO ] 🧩 Model added for round 49 (8/13) from ['node_21']
[ 2026-05-13 06:11:34 | node_25 | INFO ] 🧩 Model added for round 49 (9/13) from ['node_43']
[ 2026-05-13 06:11:34 | node_25 | INFO ] 🧩 Model added for round 49 (10/13) from ['node_34']
[ 2026-05-13 06:11:35 | node_25 | INFO ] 🏋️‍♀️ Preparing training...
[ 2026-05-13 06:11:35 | node_1 | INFO ] 🧩 Model added for round 49 (9/9) from ['node_22']
[ 2026-05-13 06:11:35 | node_3 | INFO ] 🗣️ Gossiping aggregated model.
[ 2026-05-13 06:11:35 | node_5 | INFO ] 🧩 Model added for round 49 (11/12) from ['node']
[ 2026-05-13 06:11:35 | node_25 | INFO ] 🎓 Training step done.
[ 2026-05-13 06:11:35 | node_25 | INFO ] 🛠️ Calling force_add_local_model...
[ 2026-05-13 06:11:35 | node_25 | INFO ] ✅ [FORCE] Local model added for round 49. (11/13)
[ 2026-05-13 06:11:36 | node_1 | INFO ] 🧠 Aggregation complete. Setting new model.
[ 2026-05-13 06:11:36 | node_8 | INFO ] 🧩 Model added for round 49 (12/12) from ['node_22']
[ 2026-05-13 06:11:36 | node_30 | INFO ] 📤 Sending model to 14 direct neighbors: ['node', 'node_10', 'node_11', 'node_17', 'node_20', 'node_22', 'node_28', 'node_32', 'node_34', 'node_37', 'node_38', 'node_40', 'node_43', 'node_44']
[ 2026-05-13 06:11:37 | node_1 | INFO ] 🗣️ Gossiping aggregated model.
[ 2026-05-13 06:11:37 | node | INFO ] 🧩 Model added for round 49 (15/15) from ['node_30']
[ 2026-05-13 06:11:37 | node_6 | INFO ] 🧩 Model added for round 49 (8/9) from ['node']
[ 2026-05-13 06:11:37 | node_8 | INFO ] 🧠 Aggregation complete. Setting new model.
[ 2026-05-13 06:11:38 | node_9 | INFO ] 🧩 Model added for round 49 (10/12) from ['node_22']
[ 2026-05-13 06:11:38 | node_8 | INFO ] 🗣️ Gossiping aggregated model.
[ 2026-05-13 06:11:38 | node_9 | INFO ] 🧩 Model added for round 49 (11/12) from ['node']
[ 2026-05-13 06:11:39 | node_10 | INFO ] 🧩 Model added for round 49 (7/9) from ['node_30']
[ 2026-05-13 06:11:39 | node_10 | INFO ] 🧩 Model added for round 49 (8/9) from ['node_22']
[ 2026-05-13 06:11:40 | node_11 | INFO ] 🧩 Model added for round 49 (9/10) from ['node_30']
[ 2026-05-13 06:11:40 | node_16 | INFO ] 🧩 Model added for round 49 (9/10) from ['node']
[ 2026-05-13 06:11:40 | node_25 | INFO ] 📤 Sending model to 12 direct neighbors: ['node_4', 'node_5', 'node_6', 'node_10', 'node_12', 'node_21', 'node_22', 'node_24', 'node_34', 'node_39', 'node_43', 'node_44']
[ 2026-05-13 06:11:41 | node_11 | INFO ] 🧩 Model added for round 49 (10/10) from ['node_22']
[ 2026-05-13 06:11:42 | node_5 | INFO ] 🧩 Model added for round 49 (12/12) from ['node_25']
[ 2026-05-13 06:11:42 | node_17 | INFO ] 🧩 Model added for round 49 (9/10) from ['node_30']
[ 2026-05-13 06:11:42 | node_18 | INFO ] 🧩 Model added for round 49 (5/5) from ['node']
[ 2026-05-13 06:11:43 | node_19 | INFO ] 🧩 Model added for round 49 (4/4) from ['node_22']
[ 2026-05-13 06:11:43 | node_21 | INFO ] 🧩 Model added for round 49 (8/9) from ['node']
[ 2026-05-13 06:11:43 | node_19 | INFO ] 🧠 Aggregation complete. Setting new model.
[ 2026-05-13 06:11:43 | node_18 | INFO ] 🧠 Aggregation complete. Setting new model.
[ 2026-05-13 06:11:43 | node_11 | INFO ] 🧠 Aggregation complete. Setting new model.
[ 2026-05-13 06:11:43 | node_5 | INFO ] 🧠 Aggregation complete. Setting new model.
[ 2026-05-13 06:11:44 | node_19 | INFO ] 🗣️ Gossiping aggregated model.
[ 2026-05-13 06:11:44 | node_18 | INFO ] 🗣️ Gossiping aggregated model.
[ 2026-05-13 06:11:44 | node_20 | INFO ] 🧩 Model added for round 49 (5/6) from ['node_30']
[ 2026-05-13 06:11:44 | node_25 | INFO ] 🧩 Model added for round 49 (12/13) from ['node_22']
[ 2026-05-13 06:11:44 | node_11 | INFO ] 🗣️ Gossiping aggregated model.
[ 2026-05-13 06:11:45 | node_5 | INFO ] 🗣️ Gossiping aggregated model.
[ 2026-05-13 06:11:45 | node_6 | INFO ] 🧩 Model added for round 49 (9/9) from ['node_25']
[ 2026-05-13 06:11:45 | node_29 | INFO ] 🧩 Model added for round 49 (9/9) from ['node']
[ 2026-05-13 06:11:46 | node_22 | INFO ] 🧩 Model added for round 49 (11/12) from ['node_30']
[ 2026-05-13 06:11:46 | node_10 | INFO ] 🧩 Model added for round 49 (9/9) from ['node_25']
[ 2026-05-13 06:11:47 | node_30 | INFO ] 🧩 Model added for round 49 (14/15) from ['node_22']
[ 2026-05-13 06:11:47 | node_30 | INFO ] 🧩 Model added for round 49 (15/15) from ['node']
[ 2026-05-13 06:11:47 | node_28 | INFO ] 🧩 Model added for round 49 (9/9) from ['node_30']
[ 2026-05-13 06:11:47 | node_12 | INFO ] 🧩 Model added for round 49 (7/7) from ['node_25']
[ 2026-05-13 06:11:47 | node_29 | INFO ] 🧠 Aggregation complete. Setting new model.
[ 2026-05-13 06:11:47 | node_6 | INFO ] 🧠 Aggregation complete. Setting new model.
[ 2026-05-13 06:11:47 | node_10 | INFO ] 🧠 Aggregation complete. Setting new model.
[ 2026-05-13 06:11:47 | node_12 | INFO ] 🧠 Aggregation complete. Setting new model.
[ 2026-05-13 06:11:47 | node_28 | INFO ] 🧠 Aggregation complete. Setting new model.
[ 2026-05-13 06:11:48 | node_12 | INFO ] 🗣️ Gossiping aggregated model.
[ 2026-05-13 06:11:48 | node_29 | INFO ] 🗣️ Gossiping aggregated model.
[ 2026-05-13 06:11:48 | node_6 | INFO ] 🗣️ Gossiping aggregated model.
[ 2026-05-13 06:11:48 | node_10 | INFO ] 🗣️ Gossiping aggregated model.
[ 2026-05-13 06:11:48 | node_28 | INFO ] 🗣️ Gossiping aggregated model.
[ 2026-05-13 06:11:49 | node_21 | INFO ] 🧩 Model added for round 49 (9/9) from ['node_25']
[ 2026-05-13 06:11:49 | node_35 | INFO ] 🧩 Model added for round 49 (5/5) from ['node_22']
[ 2026-05-13 06:11:49 | node_32 | INFO ] 🧩 Model added for round 49 (9/11) from ['node_30']
[ 2026-05-13 06:11:49 | node_32 | INFO ] 🧩 Model added for round 49 (10/11) from ['node']
[ 2026-05-13 06:11:50 | node_39 | INFO ] 🧩 Model added for round 49 (11/14) from ['node_22']
[ 2026-05-13 06:11:50 | node_22 | INFO ] 🧩 Model added for round 49 (12/12) from ['node_25']
[ 2026-05-13 06:11:51 | node_21 | INFO ] 🧠 Aggregation complete. Setting new model.
[ 2026-05-13 06:11:51 | node_35 | INFO ] 🧠 Aggregation complete. Setting new model.
[ 2026-05-13 06:11:51 | node_35 | INFO ] 🗣️ Gossiping aggregated model.
[ 2026-05-13 06:11:51 | node_34 | INFO ] 🧩 Model added for round 49 (10/11) from ['node_30']
[ 2026-05-13 06:11:51 | node_21 | INFO ] 🗣️ Gossiping aggregated model.
[ 2026-05-13 06:11:53 | node_24 | INFO ] 🧩 Model added for round 49 (4/4) from ['node_25']
[ 2026-05-13 06:11:53 | node_43 | INFO ] 🧩 Model added for round 49 (9/12) from ['node_22']
[ 2026-05-13 06:11:53 | node_37 | INFO ] 🧩 Model added for round 49 (10/10) from ['node_30']
[ 2026-05-13 06:11:54 | node_34 | INFO ] 🧩 Model added for round 49 (11/11) from ['node_25']
[ 2026-05-13 06:11:54 | node_38 | INFO ] 🧩 Model added for round 49 (7/8) from ['node']
[ 2026-05-13 06:11:54 | node_24 | INFO ] 🧠 Aggregation complete. Setting new model.
[ 2026-05-13 06:11:54 | node_37 | INFO ] 🧠 Aggregation complete. Setting new model.
[ 2026-05-13 06:11:54 | node_34 | INFO ] 🧠 Aggregation complete. Setting new model.
[ 2026-05-13 06:11:54 | node_24 | INFO ] 🗣️ Gossiping aggregated model.
[ 2026-05-13 06:11:55 | node_37 | INFO ] 🗣️ Gossiping aggregated model.
[ 2026-05-13 06:11:55 | node_34 | INFO ] 🗣️ Gossiping aggregated model.
[ 2026-05-13 06:11:55 | node_39 | INFO ] 🧩 Model added for round 49 (12/14) from ['node']
[ 2026-05-13 06:11:55 | node_39 | INFO ] 🧩 Model added for round 49 (13/14) from ['node_25']
[ 2026-05-13 06:11:56 | node_38 | INFO ] 🧩 Model added for round 49 (8/8) from ['node_30']
[ 2026-05-13 06:11:57 | node_40 | INFO ] 🧩 Model added for round 49 (8/8) from ['node_30']
[ 2026-05-13 06:11:57 | node_38 | INFO ] 🧠 Aggregation complete. Setting new model.
[ 2026-05-13 06:11:57 | node_22 | INFO ] 🧠 Aggregation complete. Setting new model.
[ 2026-05-13 06:11:58 | node_38 | INFO ] 🗣️ Gossiping aggregated model.
[ 2026-05-13 06:11:58 | node_47 | INFO ] 🧩 Model added for round 49 (12/12) from ['node']
[ 2026-05-13 06:11:58 | node_43 | INFO ] 🧩 Model added for round 49 (10/12) from ['node_25']
[ 2026-05-13 06:11:58 | node_22 | INFO ] 🗣️ Gossiping aggregated model.
[ 2026-05-13 06:11:58 | node_43 | INFO ] 🧩 Model added for round 49 (11/12) from ['node_30']
[ 2026-05-13 06:12:01 | node_49 | INFO ] 🧩 Model added for round 49 (10/10) from ['node']
[ 2026-05-13 06:12:01 | node_44 | INFO ] 🧩 Model added for round 49 (8/9) from ['node_25']
[ 2026-05-13 06:12:01 | node_40 | INFO ] 🧠 Aggregation complete. Setting new model.
[ 2026-05-13 06:12:01 | node_49 | INFO ] 🧠 Aggregation complete. Setting new model.
[ 2026-05-13 06:12:01 | node_47 | INFO ] 🧠 Aggregation complete. Setting new model.
[ 2026-05-13 06:12:01 | node_40 | INFO ] 🗣️ Gossiping aggregated model.
[ 2026-05-13 06:12:02 | node_44 | INFO ] 🧩 Model added for round 49 (9/9) from ['node_30']
[ 2026-05-13 06:12:02 | node_48 | INFO ] 🤫 Gossip finished.
[ 2026-05-13 06:12:02 | node_48 | INFO ] 🔬 Evaluating...
[ 2026-05-13 06:12:02 | node_49 | INFO ] 🗣️ Gossiping aggregated model.
[ 2026-05-13 06:12:02 | node_48 | INFO ] 📈 Evaluated. Results: {'test_loss': 0.058955512940883636, 'test_acc': 0.9850000143051147, 'test_precision': 0.9861472845077515, 'test_recall': 0.9857488870620728, 'test_f1': 0.9853965044021606, 'communication_cost': 18816980}
[ 2026-05-13 06:12:02 | node_35 | INFO ] 🤫 Gossip finished.
[ 2026-05-13 06:12:02 | node_35 | INFO ] 🔬 Evaluating...
[ 2026-05-13 06:12:02 | node_47 | INFO ] 🗣️ Gossiping aggregated model.
[ 2026-05-13 06:12:02 | node_48 | INFO ] 📢 Broadcasting metrics.
[ 2026-05-13 06:12:03 | node_35 | INFO ] 📈 Evaluated. Results: {'test_loss': 0.11641862243413925, 'test_acc': 0.9800000190734863, 'test_precision': 0.9853074550628662, 'test_recall': 0.9806459546089172, 'test_f1': 0.9822945594787598, 'communication_cost': 15053584}
[ 2026-05-13 06:12:03 | node_35 | INFO ] 📢 Broadcasting metrics.
[ 2026-05-13 06:12:05 | node_44 | INFO ] 🧠 Aggregation complete. Setting new model.
[ 2026-05-13 06:12:05 | node | INFO ] 🧠 Aggregation complete. Setting new model.
[ 2026-05-13 06:12:05 | node_30 | INFO ] 🧠 Aggregation complete. Setting new model.
[ 2026-05-13 06:12:05 | node_48 | INFO ] 🎉 Round 50 of 50 finished.
[ 2026-05-13 06:12:05 | node_48 | INFO ] 😋 Training finished!!
[ 2026-05-13 06:12:05 | node_35 | INFO ] 🎉 Round 50 of 50 finished.
[ 2026-05-13 06:12:05 | node_35 | INFO ] 😋 Training finished!!
[ 2026-05-13 06:12:06 | node_28 | INFO ] 🤫 Gossip finished.
[ 2026-05-13 06:12:06 | node_28 | INFO ] 🔬 Evaluating...
[ 2026-05-13 06:12:06 | node_44 | INFO ] 🗣️ Gossiping aggregated model.
[ 2026-05-13 06:12:06 | node_28 | INFO ] 📈 Evaluated. Results: {'test_loss': 0.10924427956342697, 'test_acc': 0.9700000286102295, 'test_precision': 0.9711270332336426, 'test_recall': 0.9718567728996277, 'test_f1': 0.970905065536499, 'communication_cost': 30107168}
[ 2026-05-13 06:12:06 | node_30 | INFO ] 🗣️ Gossiping aggregated model.
[ 2026-05-13 06:12:06 | node | INFO ] 🗣️ Gossiping aggregated model.
[ 2026-05-13 06:12:07 | node_28 | INFO ] 📢 Broadcasting metrics.
[ 2026-05-13 06:12:09 | node_28 | INFO ] 🎉 Round 50 of 50 finished.
[ 2026-05-13 06:12:09 | node_28 | INFO ] 😋 Training finished!!
[ 2026-05-13 06:12:56 | node_15 | INFO ] ⏹️  Gossiping exited for 50 equal rounds.
[ 2026-05-13 06:12:56 | node_15 | INFO ] 🔬 Evaluating...
[ 2026-05-13 06:12:57 | node_15 | INFO ] 📈 Evaluated. Results: {'test_loss': 0.0703297033905983, 'test_acc': 0.9750000238418579, 'test_precision': 0.9748990535736084, 'test_recall': 0.9736742377281189, 'test_f1': 0.9730755090713501, 'communication_cost': 22580376}
[ 2026-05-13 06:12:57 | node_15 | INFO ] 📢 Broadcasting metrics.
[ 2026-05-13 06:12:59 | node_15 | INFO ] 🎉 Round 50 of 50 finished.
[ 2026-05-13 06:12:59 | node_15 | INFO ] 😋 Training finished!!
[ 2026-05-13 06:13:02 | node_26 | INFO ] ⏹️  Gossiping exited for 50 equal rounds.
[ 2026-05-13 06:13:02 | node_26 | INFO ] 🔬 Evaluating...
[ 2026-05-13 06:13:03 | node_26 | INFO ] 📈 Evaluated. Results: {'test_loss': 0.1807730495929718, 'test_acc': 0.9800000190734863, 'test_precision': 0.9801914691925049, 'test_recall': 0.9832751750946045, 'test_f1': 0.9811801314353943, 'communication_cost': 26343772}
[ 2026-05-13 06:13:03 | node_45 | INFO ] ⏹️  Gossiping exited for 50 equal rounds.
[ 2026-05-13 06:13:03 | node_26 | INFO ] 📢 Broadcasting metrics.
[ 2026-05-13 06:13:03 | node_45 | INFO ] 🔬 Evaluating...
[ 2026-05-13 06:13:04 | node_45 | INFO ] 📈 Evaluated. Results: {'test_loss': 0.08765973150730133, 'test_acc': 0.9850000143051147, 'test_precision': 0.9867522716522217, 'test_recall': 0.9841813445091248, 'test_f1': 0.9850189685821533, 'communication_cost': 22580376}
[ 2026-05-13 06:13:04 | node_45 | INFO ] 📢 Broadcasting metrics.
[ 2026-05-13 06:13:08 | node_26 | INFO ] 🎉 Round 50 of 50 finished.
[ 2026-05-13 06:13:08 | node_26 | INFO ] 😋 Training finished!!
[ 2026-05-13 06:13:08 | node_45 | INFO ] 🎉 Round 50 of 50 finished.
[ 2026-05-13 06:13:08 | node_45 | INFO ] 😋 Training finished!!
[ 2026-05-13 06:13:17 | node_27 | INFO ] ⏹️  Gossiping exited for 50 equal rounds.
[ 2026-05-13 06:13:18 | node_27 | INFO ] 🔬 Evaluating...
[ 2026-05-13 06:13:18 | node_27 | INFO ] 📈 Evaluated. Results: {'test_loss': 0.18692103028297424, 'test_acc': 0.9700000286102295, 'test_precision': 0.9660729765892029, 'test_recall': 0.972105860710144, 'test_f1': 0.9683905243873596, 'communication_cost': 22580376}
[ 2026-05-13 06:13:18 | node_27 | INFO ] 📢 Broadcasting metrics.
[ 2026-05-13 06:13:18 | node_24 | INFO ] ⏹️  Gossiping exited for 50 equal rounds.
[ 2026-05-13 06:13:18 | node_24 | INFO ] 🔬 Evaluating...
[ 2026-05-13 06:13:19 | node_24 | INFO ] 📈 Evaluated. Results: {'test_loss': 0.430419921875, 'test_acc': 0.9449999928474426, 'test_precision': 0.9458720684051514, 'test_recall': 0.943983256816864, 'test_f1': 0.9426622986793518, 'communication_cost': 11290188}
[ 2026-05-13 06:13:19 | node_24 | INFO ] 📢 Broadcasting metrics.
[ 2026-05-13 06:13:20 | node_24 | INFO ] 🎉 Round 50 of 50 finished.
[ 2026-05-13 06:13:20 | node_24 | INFO ] 😋 Training finished!!
[ 2026-05-13 06:13:20 | node_23 | INFO ] ⏹️  Gossiping exited for 50 equal rounds.
[ 2026-05-13 06:13:20 | node_23 | INFO ] 🔬 Evaluating...
[ 2026-05-13 06:13:21 | node_23 | INFO ] 📈 Evaluated. Results: {'test_loss': 0.21252834796905518, 'test_acc': 0.9649999737739563, 'test_precision': 0.9674642086029053, 'test_recall': 0.9650266766548157, 'test_f1': 0.9642587304115295, 'communication_cost': 26343772}
[ 2026-05-13 06:13:21 | node_27 | INFO ] 🎉 Round 50 of 50 finished.
[ 2026-05-13 06:13:21 | node_23 | INFO ] 📢 Broadcasting metrics.
[ 2026-05-13 06:13:21 | node_27 | INFO ] 😋 Training finished!!
[ 2026-05-13 06:13:21 | node_29 | INFO ] ⏹️  Gossiping exited for 50 equal rounds.
[ 2026-05-13 06:13:21 | node_29 | INFO ] 🔬 Evaluating...
[ 2026-05-13 06:13:22 | node_29 | INFO ] 📈 Evaluated. Results: {'test_loss': 0.3006409704685211, 'test_acc': 0.9700000286102295, 'test_precision': 0.9718447923660278, 'test_recall': 0.9609646797180176, 'test_f1': 0.9651800394058228, 'communication_cost': 30107168}
[ 2026-05-13 06:13:22 | node_29 | INFO ] 📢 Broadcasting metrics.
[ 2026-05-13 06:13:22 | node_18 | INFO ] ⏹️  Gossiping exited for 50 equal rounds.
[ 2026-05-13 06:13:23 | node_18 | INFO ] 🔬 Evaluating...
[ 2026-05-13 06:13:23 | node_18 | INFO ] 📈 Evaluated. Results: {'test_loss': 0.2070511430501938, 'test_acc': 0.9750000238418579, 'test_precision': 0.9736269116401672, 'test_recall': 0.9753955006599426, 'test_f1': 0.9742068648338318, 'communication_cost': 15053584}
[ 2026-05-13 06:13:23 | node_18 | INFO ] 📢 Broadcasting metrics.
[ 2026-05-13 06:13:24 | node_36 | INFO ] ⏹️  Gossiping exited for 50 equal rounds.
[ 2026-05-13 06:13:24 | node_36 | INFO ] 🔬 Evaluating...
[ 2026-05-13 06:13:24 | node_36 | INFO ] 📈 Evaluated. Results: {'test_loss': 0.19740447402000427, 'test_acc': 0.9750000238418579, 'test_precision': 0.9758942127227783, 'test_recall': 0.9781440496444702, 'test_f1': 0.976759135723114, 'communication_cost': 26343772}
[ 2026-05-13 06:13:25 | node_36 | INFO ] 📢 Broadcasting metrics.
[ 2026-05-13 06:13:25 | node_23 | INFO ] 🎉 Round 50 of 50 finished.
[ 2026-05-13 06:13:25 | node_23 | INFO ] 😋 Training finished!!
[ 2026-05-13 06:13:25 | node_18 | INFO ] 🎉 Round 50 of 50 finished.
[ 2026-05-13 06:13:25 | node_18 | INFO ] 😋 Training finished!!
[ 2026-05-13 06:13:27 | node_29 | INFO ] 🎉 Round 50 of 50 finished.
[ 2026-05-13 06:13:27 | node_29 | INFO ] 😋 Training finished!!
[ 2026-05-13 06:13:28 | node_36 | INFO ] 🎉 Round 50 of 50 finished.
[ 2026-05-13 06:13:28 | node_36 | INFO ] 😋 Training finished!!
[ 2026-05-13 06:13:29 | node_3 | INFO ] ⏹️  Gossiping exited for 50 equal rounds.
[ 2026-05-13 06:13:29 | node_3 | INFO ] 🔬 Evaluating...
[ 2026-05-13 06:13:30 | node_3 | INFO ] 📈 Evaluated. Results: {'test_loss': 0.13181109726428986, 'test_acc': 0.9800000190734863, 'test_precision': 0.9806258678436279, 'test_recall': 0.9747368693351746, 'test_f1': 0.9769895076751709, 'communication_cost': 26343772}
[ 2026-05-13 06:13:30 | node_14 | INFO ] ⏹️  Gossiping exited for 50 equal rounds.
[ 2026-05-13 06:13:30 | node_3 | INFO ] 📢 Broadcasting metrics.
[ 2026-05-13 06:13:30 | node_14 | INFO ] 🔬 Evaluating...
[ 2026-05-13 06:13:30 | node_14 | INFO ] 📈 Evaluated. Results: {'test_loss': 0.10713811218738556, 'test_acc': 0.9750000238418579, 'test_precision': 0.9738422632217407, 'test_recall': 0.971977949142456, 'test_f1': 0.9724834561347961, 'communication_cost': 26343772}
[ 2026-05-13 06:13:30 | node_14 | INFO ] 📢 Broadcasting metrics.
[ 2026-05-13 06:13:33 | node_13 | INFO ] ⏹️  Gossiping exited for 50 equal rounds.
[ 2026-05-13 06:13:33 | node_3 | INFO ] 🎉 Round 50 of 50 finished.
[ 2026-05-13 06:13:33 | node_3 | INFO ] 😋 Training finished!!
[ 2026-05-13 06:13:33 | node_13 | INFO ] 🔬 Evaluating...
[ 2026-05-13 06:13:33 | node_1 | INFO ] ⏹️  Gossiping exited for 50 equal rounds.
[ 2026-05-13 06:13:33 | node_46 | INFO ] ⏹️  Gossiping exited for 50 equal rounds.
[ 2026-05-13 06:13:33 | node_14 | INFO ] 🎉 Round 50 of 50 finished.
[ 2026-05-13 06:13:33 | node_14 | INFO ] 😋 Training finished!!
[ 2026-05-13 06:13:33 | node_13 | INFO ] 📈 Evaluated. Results: {'test_loss': 0.4253236651420593, 'test_acc': 0.9599999785423279, 'test_precision': 0.9623319506645203, 'test_recall': 0.956821620464325, 'test_f1': 0.9580005407333374, 'communication_cost': 22580376}
[ 2026-05-13 06:13:33 | node_1 | INFO ] 🔬 Evaluating...
[ 2026-05-13 06:13:33 | node_46 | INFO ] 🔬 Evaluating...
[ 2026-05-13 06:13:33 | node_13 | INFO ] 📢 Broadcasting metrics.
[ 2026-05-13 06:13:34 | node_1 | INFO ] 📈 Evaluated. Results: {'test_loss': 0.12174005806446075, 'test_acc': 0.9750000238418579, 'test_precision': 0.9787065982818604, 'test_recall': 0.9702455997467041, 'test_f1': 0.9736517071723938, 'communication_cost': 30107168}
[ 2026-05-13 06:13:34 | node_46 | INFO ] 📈 Evaluated. Results: {'test_loss': 0.1973496675491333, 'test_acc': 0.9800000190734863, 'test_precision': 0.9817368984222412, 'test_recall': 0.9822660684585571, 'test_f1': 0.9812048077583313, 'communication_cost': 26343772}
[ 2026-05-13 06:13:34 | node_1 | INFO ] 📢 Broadcasting metrics.
[ 2026-05-13 06:13:34 | node_46 | INFO ] 📢 Broadcasting metrics.
[ 2026-05-13 06:13:35 | node_19 | INFO ] ⏹️  Gossiping exited for 50 equal rounds.
[ 2026-05-13 06:13:35 | node_47 | INFO ] ⏹️  Gossiping exited for 50 equal rounds.
[ 2026-05-13 06:13:35 | node_19 | INFO ] 🔬 Evaluating...
[ 2026-05-13 06:13:35 | node_47 | INFO ] 🔬 Evaluating...
[ 2026-05-13 06:13:36 | node_47 | INFO ] 📈 Evaluated. Results: {'test_loss': 0.18851640820503235, 'test_acc': 0.9649999737739563, 'test_precision': 0.969663679599762, 'test_recall': 0.9601537585258484, 'test_f1': 0.9642013311386108, 'communication_cost': 41397356}
[ 2026-05-13 06:13:36 | node_19 | INFO ] 📈 Evaluated. Results: {'test_loss': 0.3153727352619171, 'test_acc': 0.949999988079071, 'test_precision': 0.9452873468399048, 'test_recall': 0.9505826830863953, 'test_f1': 0.9458940029144287, 'communication_cost': 11290188}
[ 2026-05-13 06:13:36 | node_19 | INFO ] 📢 Broadcasting metrics.
[ 2026-05-13 06:13:36 | node_47 | INFO ] 📢 Broadcasting metrics.
[ 2026-05-13 06:13:36 | node_13 | INFO ] 🎉 Round 50 of 50 finished.
[ 2026-05-13 06:13:36 | node_13 | INFO ] 😋 Training finished!!
[ 2026-05-13 06:13:36 | node_4 | INFO ] ⏹️  Gossiping exited for 50 equal rounds.
[ 2026-05-13 06:13:37 | node_4 | INFO ] 🔬 Evaluating...
[ 2026-05-13 06:13:37 | node_4 | INFO ] 📈 Evaluated. Results: {'test_loss': 0.3296530246734619, 'test_acc': 0.9599999785423279, 'test_precision': 0.9645601511001587, 'test_recall': 0.9559786915779114, 'test_f1': 0.9592655897140503, 'communication_cost': 33870564}
[ 2026-05-13 06:13:37 | node_4 | INFO ] 📢 Broadcasting metrics.
[ 2026-05-13 06:13:37 | node_46 | INFO ] 🎉 Round 50 of 50 finished.
[ 2026-05-13 06:13:38 | node_46 | INFO ] 😋 Training finished!!
[ 2026-05-13 06:13:38 | node_19 | INFO ] 🎉 Round 50 of 50 finished.
[ 2026-05-13 06:13:38 | node_19 | INFO ] 😋 Training finished!!
[ 2026-05-13 06:13:38 | node_1 | INFO ] 🎉 Round 50 of 50 finished.
[ 2026-05-13 06:13:38 | node_1 | INFO ] 😋 Training finished!!
[ 2026-05-13 06:13:39 | node_2 | INFO ] ⏹️  Gossiping exited for 50 equal rounds.
[ 2026-05-13 06:13:39 | node_2 | INFO ] 🔬 Evaluating...
[ 2026-05-13 06:13:39 | node_2 | INFO ] 📈 Evaluated. Results: {'test_loss': 0.11166496574878693, 'test_acc': 0.9800000190734863, 'test_precision': 0.9829485416412354, 'test_recall': 0.9820662140846252, 'test_f1': 0.9821758270263672, 'communication_cost': 45160752}
[ 2026-05-13 06:13:39 | node_2 | INFO ] 📢 Broadcasting metrics.
[ 2026-05-13 06:13:41 | node_10 | INFO ] ⏹️  Gossiping exited for 50 equal rounds.
[ 2026-05-13 06:13:41 | node_47 | INFO ] 🎉 Round 50 of 50 finished.
[ 2026-05-13 06:13:41 | node_47 | INFO ] 😋 Training finished!!
[ 2026-05-13 06:13:41 | node_10 | INFO ] 🔬 Evaluating...
[ 2026-05-13 06:13:41 | node_4 | INFO ] 🎉 Round 49 of 50 finished.
[ 2026-05-13 06:13:42 | node_4 | INFO ] 🗳️ [DETERMINISTIC] Train set assigned (No Voting). Size: 50
[ 2026-05-13 06:13:42 | node_10 | INFO ] 📈 Evaluated. Results: {'test_loss': 0.07158304005861282, 'test_acc': 0.9750000238418579, 'test_precision': 0.9746782183647156, 'test_recall': 0.9761611223220825, 'test_f1': 0.9747815728187561, 'communication_cost': 30107168}
[ 2026-05-13 06:13:42 | node_4 | INFO ] ♻️ Proactively processing 9 early models for round 49.
[ 2026-05-13 06:13:42 | node_10 | INFO ] 📢 Broadcasting metrics.
[ 2026-05-13 06:13:42 | node_4 | INFO ] 🧩 Model added for round 49 (1/10) from ['node_16']
[ 2026-05-13 06:13:42 | node_4 | INFO ] 🧩 Model added for round 49 (2/10) from ['node_20']
[ 2026-05-13 06:13:42 | node_4 | INFO ] 🧩 Model added for round 49 (3/10) from ['node_9']
[ 2026-05-13 06:13:42 | node_4 | INFO ] 🧩 Model added for round 49 (4/10) from ['node_31']
[ 2026-05-13 06:13:42 | node_4 | INFO ] 🧩 Model added for round 49 (5/10) from ['node_17']
[ 2026-05-13 06:13:42 | node_4 | INFO ] 🧩 Model added for round 49 (6/10) from ['node_32']
[ 2026-05-13 06:13:42 | node_4 | INFO ] 🧩 Model added for round 49 (7/10) from ['node_39']
[ 2026-05-13 06:13:42 | node_4 | INFO ] 🧩 Model added for round 49 (8/10) from ['node_43']
[ 2026-05-13 06:13:42 | node_4 | INFO ] 🧩 Model added for round 49 (9/10) from ['node_25']
[ 2026-05-13 06:13:42 | node_4 | INFO ] 🏋️‍♀️ Preparing training...
[ 2026-05-13 06:13:43 | node_4 | INFO ] 🎓 Training step done.
[ 2026-05-13 06:13:43 | node_4 | INFO ] 🛠️ Calling force_add_local_model...
[ 2026-05-13 06:13:43 | node_4 | INFO ] ✅ [FORCE] Local model added for round 49. (10/10)
[ 2026-05-13 06:13:45 | node_10 | INFO ] 🎉 Round 50 of 50 finished.
[ 2026-05-13 06:13:45 | node_10 | INFO ] 😋 Training finished!!
[ 2026-05-13 06:13:45 | node_2 | INFO ] 🎉 Round 50 of 50 finished.
[ 2026-05-13 06:13:45 | node_2 | INFO ] 😋 Training finished!!
[ 2026-05-13 06:13:46 | node_40 | INFO ] ⏹️  Gossiping exited for 50 equal rounds.
[ 2026-05-13 06:13:46 | node_40 | INFO ] 🔬 Evaluating...
[ 2026-05-13 06:13:47 | node_12 | INFO ] ⏹️  Gossiping exited for 50 equal rounds.
[ 2026-05-13 06:13:47 | node_12 | INFO ] 🔬 Evaluating...
[ 2026-05-13 06:13:47 | node_40 | INFO ] 📈 Evaluated. Results: {'test_loss': 0.194096639752388, 'test_acc': 0.9700000286102295, 'test_precision': 0.9657702445983887, 'test_recall': 0.9635335803031921, 'test_f1': 0.9637729525566101, 'communication_cost': 26343772}
[ 2026-05-13 06:13:47 | node_40 | INFO ] 📢 Broadcasting metrics.
[ 2026-05-13 06:13:47 | node_7 | INFO ] ⏹️  Gossiping exited for 50 equal rounds.
[ 2026-05-13 06:13:47 | node_12 | INFO ] 📈 Evaluated. Results: {'test_loss': 0.1625053435564041, 'test_acc': 0.9649999737739563, 'test_precision': 0.961825430393219, 'test_recall': 0.9658522009849548, 'test_f1': 0.9620612859725952, 'communication_cost': 22580376}
[ 2026-05-13 06:13:47 | node_7 | INFO ] 🔬 Evaluating...
[ 2026-05-13 06:13:47 | node_12 | INFO ] 📢 Broadcasting metrics.
[ 2026-05-13 06:13:47 | node_7 | INFO ] 📈 Evaluated. Results: {'test_loss': 0.2030641883611679, 'test_acc': 0.9599999785423279, 'test_precision': 0.9567667245864868, 'test_recall': 0.9612641334533691, 'test_f1': 0.956796407699585, 'communication_cost': 22580376}
[ 2026-05-13 06:13:48 | node_7 | INFO ] 📢 Broadcasting metrics.
[ 2026-05-13 06:13:48 | node_4 | INFO ] 📤 Sending model to 9 direct neighbors: ['node_9', 'node_16', 'node_17', 'node_20', 'node_25', 'node_31', 'node_32', 'node_39', 'node_43']
[ 2026-05-13 06:13:48 | node_9 | INFO ] 🧩 Model added for round 49 (12/12) from ['node_4']
[ 2026-05-13 06:13:49 | node_9 | INFO ] 🧠 Aggregation complete. Setting new model.
[ 2026-05-13 06:13:49 | node_9 | INFO ] 🗣️ Gossiping aggregated model.
[ 2026-05-13 06:13:50 | node_12 | INFO ] 🎉 Round 50 of 50 finished.
[ 2026-05-13 06:13:50 | node_12 | INFO ] 😋 Training finished!!
[ 2026-05-13 06:13:50 | node_16 | INFO ] 🧩 Model added for round 49 (10/10) from ['node_4']
[ 2026-05-13 06:13:50 | node_7 | INFO ] 🎉 Round 50 of 50 finished.
[ 2026-05-13 06:13:50 | node_40 | INFO ] 🎉 Round 50 of 50 finished.
[ 2026-05-13 06:13:50 | node_40 | INFO ] 😋 Training finished!!
[ 2026-05-13 06:13:50 | node_7 | INFO ] 😋 Training finished!!
[ 2026-05-13 06:13:52 | node_17 | INFO ] 🧩 Model added for round 49 (10/10) from ['node_4']
[ 2026-05-13 06:13:52 | node_16 | INFO ] 🧠 Aggregation complete. Setting new model.
[ 2026-05-13 06:13:52 | node_17 | INFO ] 🧠 Aggregation complete. Setting new model.
[ 2026-05-13 06:13:53 | node_17 | INFO ] 🗣️ Gossiping aggregated model.
[ 2026-05-13 06:13:53 | node_16 | INFO ] 🗣️ Gossiping aggregated model.
[ 2026-05-13 06:13:53 | node_20 | INFO ] 🧩 Model added for round 49 (6/6) from ['node_4']
[ 2026-05-13 06:13:53 | node_41 | INFO ] ⏹️  Gossiping exited for 50 equal rounds.
[ 2026-05-13 06:13:53 | node_41 | INFO ] 🔬 Evaluating...
[ 2026-05-13 06:13:54 | node_41 | INFO ] 📈 Evaluated. Results: {'test_loss': 0.12193142622709274, 'test_acc': 0.9750000238418579, 'test_precision': 0.9787424206733704, 'test_recall': 0.9746878743171692, 'test_f1': 0.9759919047355652, 'communication_cost': 18816980}
[ 2026-05-13 06:13:54 | node_41 | INFO ] 📢 Broadcasting metrics.
[ 2026-05-13 06:13:54 | node_25 | INFO ] 🧩 Model added for round 49 (13/13) from ['node_4']
[ 2026-05-13 06:13:55 | node_20 | INFO ] 🧠 Aggregation complete. Setting new model.
[ 2026-05-13 06:13:55 | node_25 | INFO ] 🧠 Aggregation complete. Setting new model.
[ 2026-05-13 06:13:55 | node_20 | INFO ] 🗣️ Gossiping aggregated model.
[ 2026-05-13 06:13:56 | node_25 | INFO ] 🗣️ Gossiping aggregated model.
[ 2026-05-13 06:13:56 | node_31 | INFO ] 🧩 Model added for round 49 (7/7) from ['node_4']
[ 2026-05-13 06:13:56 | node_41 | INFO ] 🎉 Round 50 of 50 finished.
[ 2026-05-13 06:13:56 | node_41 | INFO ] 😋 Training finished!!
[ 2026-05-13 06:13:57 | node_32 | INFO ] 🧩 Model added for round 49 (11/11) from ['node_4']
[ 2026-05-13 06:13:58 | node_6 | INFO ] ⏹️  Gossiping exited for 50 equal rounds.
[ 2026-05-13 06:13:58 | node_6 | INFO ] 🔬 Evaluating...
[ 2026-05-13 06:13:58 | node_31 | INFO ] 🧠 Aggregation complete. Setting new model.
[ 2026-05-13 06:13:58 | node_32 | INFO ] 🧠 Aggregation complete. Setting new model.
[ 2026-05-13 06:13:58 | node_6 | INFO ] 📈 Evaluated. Results: {'test_loss': 0.09028526395559311, 'test_acc': 0.9750000238418579, 'test_precision': 0.9747373461723328, 'test_recall': 0.976671576499939, 'test_f1': 0.9750144481658936, 'communication_cost': 30107168}
[ 2026-05-13 06:13:59 | node_31 | INFO ] 🗣️ Gossiping aggregated model.
[ 2026-05-13 06:13:59 | node_6 | INFO ] 📢 Broadcasting metrics.
[ 2026-05-13 06:13:59 | node_39 | INFO ] 🧩 Model added for round 49 (14/14) from ['node_4']
[ 2026-05-13 06:13:59 | node_32 | INFO ] 🗣️ Gossiping aggregated model.
[ 2026-05-13 06:14:01 | node_43 | INFO ] 🧩 Model added for round 49 (12/12) from ['node_4']
[ 2026-05-13 06:14:01 | node_6 | INFO ] 🎉 Round 50 of 50 finished.
[ 2026-05-13 06:14:01 | node_6 | INFO ] 😋 Training finished!!
[ 2026-05-13 06:14:04 | node_39 | INFO ] 🧠 Aggregation complete. Setting new model.
[ 2026-05-13 06:14:04 | node_43 | INFO ] 🧠 Aggregation complete. Setting new model.
[ 2026-05-13 06:14:04 | node_4 | INFO ] 🧠 Aggregation complete. Setting new model.
[ 2026-05-13 06:14:05 | node_20 | INFO ] 🤫 Gossip finished.
[ 2026-05-13 06:14:05 | node_20 | INFO ] 🔬 Evaluating...
[ 2026-05-13 06:14:05 | node_20 | INFO ] 📈 Evaluated. Results: {'test_loss': 0.2701756954193115, 'test_acc': 0.9599999785423279, 'test_precision': 0.9625916481018066, 'test_recall': 0.9641579389572144, 'test_f1': 0.9626756906509399, 'communication_cost': 18816980}
[ 2026-05-13 06:14:05 | node_4 | INFO ] 🗣️ Gossiping aggregated model.
[ 2026-05-13 06:14:05 | node_4 | INFO ] 🤫 Gossip finished.
[ 2026-05-13 06:14:05 | node_20 | INFO ] 📢 Broadcasting metrics.
[ 2026-05-13 06:14:05 | node_4 | INFO ] 🔬 Evaluating...
[ 2026-05-13 06:14:05 | node_43 | INFO ] 🗣️ Gossiping aggregated model.
[ 2026-05-13 06:14:05 | node_39 | INFO ] 🗣️ Gossiping aggregated model.
[ 2026-05-13 06:14:06 | node_4 | INFO ] 📈 Evaluated. Results: {'test_loss': 0.3456648588180542, 'test_acc': 0.9649999737739563, 'test_precision': 0.96730637550354, 'test_recall': 0.9615342617034912, 'test_f1': 0.9637758135795593, 'communication_cost': 33870564}
[ 2026-05-13 06:14:06 | node_4 | INFO ] 📢 Broadcasting metrics.
[ 2026-05-13 06:14:07 | node_20 | INFO ] 🎉 Round 50 of 50 finished.
[ 2026-05-13 06:14:07 | node_20 | INFO ] 😋 Training finished!!
[ 2026-05-13 06:14:09 | node_4 | INFO ] 🎉 Round 50 of 50 finished.
[ 2026-05-13 06:14:09 | node_4 | INFO ] 😋 Training finished!!
[ 2026-05-13 06:14:12 | node_21 | INFO ] ⏹️  Gossiping exited for 50 equal rounds.
[ 2026-05-13 06:14:12 | node_21 | INFO ] 🔬 Evaluating...
[ 2026-05-13 06:14:12 | node_21 | INFO ] 📈 Evaluated. Results: {'test_loss': 0.2069840431213379, 'test_acc': 0.9700000286102295, 'test_precision': 0.9731470346450806, 'test_recall': 0.9705373644828796, 'test_f1': 0.9706439971923828, 'communication_cost': 30107168}
[ 2026-05-13 06:14:12 | node_21 | INFO ] 📢 Broadcasting metrics.
[ 2026-05-13 06:14:15 | node_21 | INFO ] 🎉 Round 50 of 50 finished.
[ 2026-05-13 06:14:15 | node_21 | INFO ] 😋 Training finished!!
[ 2026-05-13 06:14:22 | node_44 | INFO ] ⏹️  Gossiping exited for 50 equal rounds.
[ 2026-05-13 06:14:22 | node_44 | INFO ] 🔬 Evaluating...
[ 2026-05-13 06:14:22 | node_44 | INFO ] 📈 Evaluated. Results: {'test_loss': 0.20480886101722717, 'test_acc': 0.9750000238418579, 'test_precision': 0.9782025814056396, 'test_recall': 0.9659107327461243, 'test_f1': 0.9707460999488831, 'communication_cost': 30107168}
[ 2026-05-13 06:14:23 | node_44 | INFO ] 📢 Broadcasting metrics.
[ 2026-05-13 06:14:25 | node_44 | INFO ] 🎉 Round 50 of 50 finished.
[ 2026-05-13 06:14:25 | node_44 | INFO ] 😋 Training finished!!
[ 2026-05-13 06:14:28 | node_8 | INFO ] ⏹️  Gossiping exited for 50 equal rounds.
[ 2026-05-13 06:14:28 | node_8 | INFO ] 🔬 Evaluating...
[ 2026-05-13 06:14:28 | node_8 | INFO ] 📈 Evaluated. Results: {'test_loss': 0.258876234292984, 'test_acc': 0.9800000190734863, 'test_precision': 0.9798583984375, 'test_recall': 0.9800966382026672, 'test_f1': 0.9795823097229004, 'communication_cost': 41397356}
[ 2026-05-13 06:14:29 | node_8 | INFO ] 📢 Broadcasting metrics.
[ 2026-05-13 06:14:30 | node_5 | INFO ] ⏹️  Gossiping exited for 50 equal rounds.
[ 2026-05-13 06:14:30 | node_5 | INFO ] 🔬 Evaluating...
[ 2026-05-13 06:14:30 | node_5 | INFO ] 📈 Evaluated. Results: {'test_loss': 0.23757873475551605, 'test_acc': 0.9700000286102295, 'test_precision': 0.9694579839706421, 'test_recall': 0.9704010486602783, 'test_f1': 0.9687961339950562, 'communication_cost': 41397356}
[ 2026-05-13 06:14:31 | node_5 | INFO ] 📢 Broadcasting metrics.
[ 2026-05-13 06:14:32 | node_8 | INFO ] 🎉 Round 50 of 50 finished.
[ 2026-05-13 06:14:32 | node_8 | INFO ] 😋 Training finished!!
[ 2026-05-13 06:14:32 | node_38 | INFO ] ⏹️  Gossiping exited for 50 equal rounds.
[ 2026-05-13 06:14:32 | node_38 | INFO ] 🔬 Evaluating...
[ 2026-05-13 06:14:33 | node_38 | INFO ] 📈 Evaluated. Results: {'test_loss': 0.4754828214645386, 'test_acc': 0.9700000286102295, 'test_precision': 0.972421407699585, 'test_recall': 0.9684999585151672, 'test_f1': 0.9695998430252075, 'communication_cost': 26343772}
[ 2026-05-13 06:14:33 | node_38 | INFO ] 📢 Broadcasting metrics.
[ 2026-05-13 06:14:33 | node_11 | INFO ] ⏹️  Gossiping exited for 50 equal rounds.
[ 2026-05-13 06:14:33 | node_11 | INFO ] 🔬 Evaluating...
[ 2026-05-13 06:14:34 | node_11 | INFO ] 📈 Evaluated. Results: {'test_loss': 0.09546127915382385, 'test_acc': 0.9800000190734863, 'test_precision': 0.9795815944671631, 'test_recall': 0.9838889837265015, 'test_f1': 0.9810746908187866, 'communication_cost': 33870564}
[ 2026-05-13 06:14:34 | node_11 | INFO ] 📢 Broadcasting metrics.
[ 2026-05-13 06:14:34 | node_5 | INFO ] 🎉 Round 50 of 50 finished.
[ 2026-05-13 06:14:34 | node_5 | INFO ] 😋 Training finished!!
[ 2026-05-13 06:14:36 | node_38 | INFO ] 🎉 Round 50 of 50 finished.
[ 2026-05-13 06:14:36 | node_38 | INFO ] 😋 Training finished!!
[ 2026-05-13 06:14:37 | node_11 | INFO ] 🎉 Round 50 of 50 finished.
[ 2026-05-13 06:14:37 | node_11 | INFO ] 😋 Training finished!!
[ 2026-05-13 06:14:37 | node_34 | INFO ] ⏹️  Gossiping exited for 50 equal rounds.
[ 2026-05-13 06:14:37 | node_34 | INFO ] 🔬 Evaluating...
[ 2026-05-13 06:14:38 | node_34 | INFO ] 📈 Evaluated. Results: {'test_loss': 0.16662773489952087, 'test_acc': 0.9649999737739563, 'test_precision': 0.9679620862007141, 'test_recall': 0.961555540561676, 'test_f1': 0.963467538356781, 'communication_cost': 37633960}
[ 2026-05-13 06:14:38 | node_49 | INFO ] ⏹️  Gossiping exited for 50 equal rounds.
[ 2026-05-13 06:14:38 | node_34 | INFO ] 📢 Broadcasting metrics.
[ 2026-05-13 06:14:38 | node_49 | INFO ] 🔬 Evaluating...
[ 2026-05-13 06:14:39 | node_49 | INFO ] 📈 Evaluated. Results: {'test_loss': 0.2430148720741272, 'test_acc': 0.9750000238418579, 'test_precision': 0.9750701189041138, 'test_recall': 0.9755570888519287, 'test_f1': 0.9748033285140991, 'communication_cost': 33870564}
[ 2026-05-13 06:14:39 | node_49 | INFO ] 📢 Broadcasting metrics.
[ 2026-05-13 06:14:41 | node_34 | INFO ] 🎉 Round 50 of 50 finished.
[ 2026-05-13 06:14:41 | node_34 | INFO ] 😋 Training finished!!
[ 2026-05-13 06:14:42 | node_49 | INFO ] 🎉 Round 50 of 50 finished.
[ 2026-05-13 06:14:42 | node_49 | INFO ] 😋 Training finished!!
[ 2026-05-13 06:14:45 | node_22 | INFO ] ⏹️  Gossiping exited for 50 equal rounds.
[ 2026-05-13 06:14:45 | node_30 | INFO ] ⏹️  Gossiping exited for 50 equal rounds.
[ 2026-05-13 06:14:45 | node_30 | INFO ] 🔬 Evaluating...
[ 2026-05-13 06:14:45 | node_22 | INFO ] 🔬 Evaluating...
[ 2026-05-13 06:14:46 | node_22 | INFO ] 📈 Evaluated. Results: {'test_loss': 0.22122977674007416, 'test_acc': 0.9549999833106995, 'test_precision': 0.9515350461006165, 'test_recall': 0.9525155425071716, 'test_f1': 0.9511497616767883, 'communication_cost': 41397356}
[ 2026-05-13 06:14:46 | node_30 | INFO ] 📈 Evaluated. Results: {'test_loss': 0.23590195178985596, 'test_acc': 0.9649999737739563, 'test_precision': 0.9597223401069641, 'test_recall': 0.9624743461608887, 'test_f1': 0.9596221446990967, 'communication_cost': 52687544}
[ 2026-05-13 06:14:46 | node_22 | INFO ] 📢 Broadcasting metrics.
[ 2026-05-13 06:14:46 | node_30 | INFO ] 📢 Broadcasting metrics.
[ 2026-05-13 06:14:50 | node_22 | INFO ] 🎉 Round 50 of 50 finished.
[ 2026-05-13 06:14:50 | node_22 | INFO ] 😋 Training finished!!
[ 2026-05-13 06:14:51 | node | INFO ] ⏹️  Gossiping exited for 50 equal rounds.
[ 2026-05-13 06:14:51 | node_30 | INFO ] 🎉 Round 50 of 50 finished.
[ 2026-05-13 06:14:52 | node_30 | INFO ] 😋 Training finished!!
[ 2026-05-13 06:14:52 | node | INFO ] 🔬 Evaluating...
[ 2026-05-13 06:14:52 | node | INFO ] 📈 Evaluated. Results: {'test_loss': 0.07024134695529938, 'test_acc': 0.9800000190734863, 'test_precision': 0.9805722832679749, 'test_recall': 0.979539692401886, 'test_f1': 0.979611337184906, 'communication_cost': 52687544}
[ 2026-05-13 06:14:52 | node | INFO ] 📢 Broadcasting metrics.
[ 2026-05-13 06:14:57 | node | INFO ] 🎉 Round 50 of 50 finished.
[ 2026-05-13 06:14:57 | node | INFO ] 😋 Training finished!!
[ 2026-05-13 06:15:27 | node_32 | INFO ] ⏹️  Gossiping exited for 50 equal rounds.
[ 2026-05-13 06:15:27 | node_32 | INFO ] 🔬 Evaluating...
[ 2026-05-13 06:15:27 | node_32 | INFO ] 📈 Evaluated. Results: {'test_loss': 0.2021755427122116, 'test_acc': 0.9800000190734863, 'test_precision': 0.9766813516616821, 'test_recall': 0.9794194102287292, 'test_f1': 0.9777265787124634, 'communication_cost': 37633960}
[ 2026-05-13 06:15:27 | node_32 | INFO ] 📢 Broadcasting metrics.
[ 2026-05-13 06:15:31 | node_17 | INFO ] ⏹️  Gossiping exited for 50 equal rounds.
[ 2026-05-13 06:15:31 | node_17 | INFO ] 🔬 Evaluating...
[ 2026-05-13 06:15:31 | node_32 | INFO ] 🎉 Round 50 of 50 finished.
[ 2026-05-13 06:15:31 | node_32 | INFO ] 😋 Training finished!!
[ 2026-05-13 06:15:31 | node_17 | INFO ] 📈 Evaluated. Results: {'test_loss': 0.2640114724636078, 'test_acc': 0.9700000286102295, 'test_precision': 0.9691364765167236, 'test_recall': 0.9673545360565186, 'test_f1': 0.9668886661529541, 'communication_cost': 33870564}
[ 2026-05-13 06:15:32 | node_17 | INFO ] 📢 Broadcasting metrics.
[ 2026-05-13 06:15:34 | node_31 | INFO ] ⏹️  Gossiping exited for 50 equal rounds.
[ 2026-05-13 06:15:35 | node_31 | INFO ] 🔬 Evaluating...
[ 2026-05-13 06:15:35 | node_31 | INFO ] 📈 Evaluated. Results: {'test_loss': 0.4120480418205261, 'test_acc': 0.9449999928474426, 'test_precision': 0.9449485540390015, 'test_recall': 0.9487810730934143, 'test_f1': 0.9456645846366882, 'communication_cost': 22580376}
[ 2026-05-13 06:15:35 | node_31 | INFO ] 📢 Broadcasting metrics.
[ 2026-05-13 06:15:35 | node_17 | INFO ] 🎉 Round 50 of 50 finished.
[ 2026-05-13 06:15:35 | node_17 | INFO ] 😋 Training finished!!
[ 2026-05-13 06:15:37 | node_42 | INFO ] ⏹️  Gossiping exited for 50 equal rounds.
[ 2026-05-13 06:15:37 | node_31 | INFO ] 🎉 Round 50 of 50 finished.
[ 2026-05-13 06:15:37 | node_42 | INFO ] 🔬 Evaluating...
[ 2026-05-13 06:15:37 | node_31 | INFO ] 😋 Training finished!!
[ 2026-05-13 06:15:38 | node_42 | INFO ] 📈 Evaluated. Results: {'test_loss': 0.18719421327114105, 'test_acc': 0.9649999737739563, 'test_precision': 0.9690877795219421, 'test_recall': 0.9657467603683472, 'test_f1': 0.965391218662262, 'communication_cost': 22580376}
[ 2026-05-13 06:15:38 | node_42 | INFO ] 📢 Broadcasting metrics.
[ 2026-05-13 06:15:40 | node_42 | INFO ] 🎉 Round 50 of 50 finished.
[ 2026-05-13 06:15:40 | node_42 | INFO ] 😋 Training finished!!
[ 2026-05-13 06:15:58 | node_33 | INFO ] ⏹️  Gossiping exited for 50 equal rounds.
[ 2026-05-13 06:15:59 | node_33 | INFO ] 🔬 Evaluating...
[ 2026-05-13 06:15:59 | node_33 | INFO ] 📈 Evaluated. Results: {'test_loss': 0.33410370349884033, 'test_acc': 0.9700000286102295, 'test_precision': 0.9678201079368591, 'test_recall': 0.9664474725723267, 'test_f1': 0.9662346839904785, 'communication_cost': 22580376}
[ 2026-05-13 06:15:59 | node_33 | INFO ] 📢 Broadcasting metrics.
[ 2026-05-13 06:16:01 | node_33 | INFO ] 🎉 Round 50 of 50 finished.
[ 2026-05-13 06:16:02 | node_33 | INFO ] 😋 Training finished!!
[ 2026-05-13 06:16:04 | node_9 | INFO ] ⏹️  Gossiping exited for 50 equal rounds.
[ 2026-05-13 06:16:04 | node_9 | INFO ] 🔬 Evaluating...
[ 2026-05-13 06:16:05 | node_9 | INFO ] 📈 Evaluated. Results: {'test_loss': 0.04898420348763466, 'test_acc': 0.9850000143051147, 'test_precision': 0.9826390147209167, 'test_recall': 0.9852778911590576, 'test_f1': 0.9836697578430176, 'communication_cost': 41397356}
[ 2026-05-13 06:16:05 | node_9 | INFO ] 📢 Broadcasting metrics.
[ 2026-05-13 06:16:05 | node_16 | INFO ] ⏹️  Gossiping exited for 50 equal rounds.
[ 2026-05-13 06:16:06 | node_16 | INFO ] 🔬 Evaluating...
[ 2026-05-13 06:16:06 | node_16 | INFO ] 📈 Evaluated. Results: {'test_loss': 0.19389541447162628, 'test_acc': 0.9800000190734863, 'test_precision': 0.9794872999191284, 'test_recall': 0.9812395572662354, 'test_f1': 0.9798477292060852, 'communication_cost': 33870564}
[ 2026-05-13 06:16:06 | node_16 | INFO ] 📢 Broadcasting metrics.
[ 2026-05-13 06:16:09 | node_9 | INFO ] 🎉 Round 50 of 50 finished.
[ 2026-05-13 06:16:09 | node_9 | INFO ] 😋 Training finished!!
[ 2026-05-13 06:16:09 | node_25 | INFO ] ⏹️  Gossiping exited for 50 equal rounds.
[ 2026-05-13 06:16:10 | node_25 | INFO ] 🔬 Evaluating...
[ 2026-05-13 06:16:10 | node_16 | INFO ] 🎉 Round 50 of 50 finished.
[ 2026-05-13 06:16:10 | node_16 | INFO ] 😋 Training finished!!
[ 2026-05-13 06:16:10 | node_25 | INFO ] 📈 Evaluated. Results: {'test_loss': 0.1000296026468277, 'test_acc': 0.9800000190734863, 'test_precision': 0.9795000553131104, 'test_recall': 0.980404794216156, 'test_f1': 0.9797203540802002, 'communication_cost': 45160752}
[ 2026-05-13 06:16:10 | node_25 | INFO ] 📢 Broadcasting metrics.
[ 2026-05-13 06:16:14 | node_25 | INFO ] 🎉 Round 50 of 50 finished.
[ 2026-05-13 06:16:14 | node_25 | INFO ] 😋 Training finished!!
[ 2026-05-13 06:16:17 | node_43 | INFO ] ⏹️  Gossiping exited for 50 equal rounds.
[ 2026-05-13 06:16:17 | node_39 | INFO ] ⏹️  Gossiping exited for 50 equal rounds.
[ 2026-05-13 06:16:17 | node_43 | INFO ] 🔬 Evaluating...
[ 2026-05-13 06:16:17 | node_39 | INFO ] 🔬 Evaluating...
[ 2026-05-13 06:16:17 | node_43 | INFO ] 📈 Evaluated. Results: {'test_loss': 0.060595832765102386, 'test_acc': 0.9800000190734863, 'test_precision': 0.9783282279968262, 'test_recall': 0.9833223223686218, 'test_f1': 0.9801297783851624, 'communication_cost': 41397356}
[ 2026-05-13 06:16:17 | node_43 | INFO ] 📢 Broadcasting metrics.
[ 2026-05-13 06:16:17 | node_39 | INFO ] 📈 Evaluated. Results: {'test_loss': 0.2983343005180359, 'test_acc': 0.949999988079071, 'test_precision': 0.9486190676689148, 'test_recall': 0.9516044855117798, 'test_f1': 0.9493048787117004, 'communication_cost': 48924148}
[ 2026-05-13 06:16:17 | node_39 | INFO ] 📢 Broadcasting metrics.
[ 2026-05-13 06:16:20 | node_43 | INFO ] 🎉 Round 50 of 50 finished.
[ 2026-05-13 06:16:21 | node_43 | INFO ] 😋 Training finished!!
[ 2026-05-13 06:16:21 | node_39 | INFO ] 🎉 Round 50 of 50 finished.
[ 2026-05-13 06:16:21 | node_39 | INFO ] 😋 Training finished!!
[ 2026-05-13 06:16:45 | node_37 | INFO ] ⏹️  Gossiping exited for 50 equal rounds.
[ 2026-05-13 06:16:45 | node_37 | INFO ] 🔬 Evaluating...
[ 2026-05-13 06:16:46 | node_37 | INFO ] 📈 Evaluated. Results: {'test_loss': 0.21831852197647095, 'test_acc': 0.9549999833106995, 'test_precision': 0.9535536766052246, 'test_recall': 0.9488638043403625, 'test_f1': 0.9507865905761719, 'communication_cost': 33870564}
[ 2026-05-13 06:16:46 | node_37 | INFO ] 📢 Broadcasting metrics.
[ 2026-05-13 06:16:49 | node_37 | INFO ] 🎉 Round 50 of 50 finished.
[ 2026-05-13 06:16:49 | node_37 | INFO ] 😋 Training finished!!
[ 2026-05-13 06:16:49 | None | INFO ] 🏁 All nodes finished training. Waiting 10s for final synchronization...
[ 2026-05-13 06:17:01 | node | INFO ] Stopping node...
[ 2026-05-13 06:17:01 | node | INFO ] 🛑 Stopping gossiper...
[ 2026-05-13 06:17:01 | node | INFO ] InMemoryServer stopped at node
[ 2026-05-13 06:17:01 | node_1 | INFO ] Stopping node...
[ 2026-05-13 06:17:01 | node_1 | INFO ] 🛑 Stopping gossiper...
[ 2026-05-13 06:17:01 | node_1 | INFO ] InMemoryServer stopped at node_1
[ 2026-05-13 06:17:02 | node_2 | INFO ] Stopping node...
[ 2026-05-13 06:17:02 | node_2 | INFO ] 🛑 Stopping gossiper...
[ 2026-05-13 06:17:02 | node_2 | INFO ] InMemoryServer stopped at node_2
[ 2026-05-13 06:17:02 | node_3 | INFO ] Stopping node...
[ 2026-05-13 06:17:02 | node_3 | INFO ] 🛑 Stopping gossiper...
[ 2026-05-13 06:17:02 | node_3 | INFO ] InMemoryServer stopped at node_3
[ 2026-05-13 06:17:02 | node_4 | INFO ] Stopping node...
[ 2026-05-13 06:17:02 | node_4 | INFO ] 🛑 Stopping gossiper...
[ 2026-05-13 06:17:02 | node_4 | INFO ] InMemoryServer stopped at node_4
[ 2026-05-13 06:17:02 | node_5 | INFO ] Stopping node...
[ 2026-05-13 06:17:02 | node_5 | INFO ] 🛑 Stopping gossiper...
[ 2026-05-13 06:17:02 | node_5 | INFO ] InMemoryServer stopped at node_5
[ 2026-05-13 06:17:02 | node_6 | INFO ] Stopping node...
[ 2026-05-13 06:17:02 | node_6 | INFO ] 🛑 Stopping gossiper...
[ 2026-05-13 06:17:02 | node_6 | INFO ] InMemoryServer stopped at node_6
[ 2026-05-13 06:17:03 | node_7 | INFO ] Stopping node...
[ 2026-05-13 06:17:03 | node_7 | INFO ] 🛑 Stopping gossiper...
[ 2026-05-13 06:17:03 | node_7 | INFO ] InMemoryServer stopped at node_7
[ 2026-05-13 06:17:03 | node_8 | INFO ] Stopping node...
[ 2026-05-13 06:17:03 | node_8 | INFO ] 🛑 Stopping gossiper...
[ 2026-05-13 06:17:03 | node_8 | INFO ] InMemoryServer stopped at node_8
[ 2026-05-13 06:17:03 | node_9 | INFO ] Stopping node...
[ 2026-05-13 06:17:03 | node_9 | INFO ] 🛑 Stopping gossiper...
[ 2026-05-13 06:17:04 | node_9 | INFO ] InMemoryServer stopped at node_9
[ 2026-05-13 06:17:04 | node_10 | INFO ] Stopping node...
[ 2026-05-13 06:17:04 | node_10 | INFO ] 🛑 Stopping gossiper...
[ 2026-05-13 06:17:04 | node_10 | INFO ] InMemoryServer stopped at node_10
[ 2026-05-13 06:17:04 | node_11 | INFO ] Stopping node...
[ 2026-05-13 06:17:04 | node_11 | INFO ] 🛑 Stopping gossiper...
[ 2026-05-13 06:17:04 | node_11 | INFO ] InMemoryServer stopped at node_11
[ 2026-05-13 06:17:04 | node_12 | INFO ] Stopping node...
[ 2026-05-13 06:17:04 | node_12 | INFO ] 🛑 Stopping gossiper...
[ 2026-05-13 06:17:05 | node_12 | INFO ] InMemoryServer stopped at node_12
[ 2026-05-13 06:17:05 | node_13 | INFO ] Stopping node...
[ 2026-05-13 06:17:05 | node_13 | INFO ] 🛑 Stopping gossiper...
[ 2026-05-13 06:17:05 | node_13 | INFO ] InMemoryServer stopped at node_13
[ 2026-05-13 06:17:05 | node_14 | INFO ] Stopping node...
[ 2026-05-13 06:17:05 | node_14 | INFO ] 🛑 Stopping gossiper...
[ 2026-05-13 06:17:05 | node_14 | INFO ] InMemoryServer stopped at node_14
[ 2026-05-13 06:17:05 | node_15 | INFO ] Stopping node...
[ 2026-05-13 06:17:05 | node_15 | INFO ] 🛑 Stopping gossiper...
[ 2026-05-13 06:17:05 | node_15 | INFO ] InMemoryServer stopped at node_15
[ 2026-05-13 06:17:05 | node_16 | INFO ] Stopping node...
[ 2026-05-13 06:17:05 | node_16 | INFO ] 🛑 Stopping gossiper...
[ 2026-05-13 06:17:05 | node_16 | INFO ] InMemoryServer stopped at node_16
[ 2026-05-13 06:17:06 | node_17 | INFO ] Stopping node...
[ 2026-05-13 06:17:06 | node_17 | INFO ] 🛑 Stopping gossiper...
[ 2026-05-13 06:17:06 | node_17 | INFO ] InMemoryServer stopped at node_17
[ 2026-05-13 06:17:06 | node_18 | INFO ] Stopping node...
[ 2026-05-13 06:17:06 | node_18 | INFO ] 🛑 Stopping gossiper...
[ 2026-05-13 06:17:06 | node_18 | INFO ] InMemoryServer stopped at node_18
[ 2026-05-13 06:17:06 | node_19 | INFO ] Stopping node...
[ 2026-05-13 06:17:06 | node_19 | INFO ] 🛑 Stopping gossiper...
[ 2026-05-13 06:17:06 | node_19 | INFO ] InMemoryServer stopped at node_19
[ 2026-05-13 06:17:06 | node_20 | INFO ] Stopping node...
[ 2026-05-13 06:17:06 | node_20 | INFO ] 🛑 Stopping gossiper...
[ 2026-05-13 06:17:06 | node_20 | INFO ] InMemoryServer stopped at node_20
[ 2026-05-13 06:17:06 | node_21 | INFO ] Stopping node...
[ 2026-05-13 06:17:06 | node_21 | INFO ] 🛑 Stopping gossiper...
[ 2026-05-13 06:17:07 | node_21 | INFO ] InMemoryServer stopped at node_21
[ 2026-05-13 06:17:07 | node_22 | INFO ] Stopping node...
[ 2026-05-13 06:17:07 | node_22 | INFO ] 🛑 Stopping gossiper...
[ 2026-05-13 06:17:07 | node_22 | INFO ] InMemoryServer stopped at node_22
[ 2026-05-13 06:17:07 | node_23 | INFO ] Stopping node...
[ 2026-05-13 06:17:07 | node_23 | INFO ] 🛑 Stopping gossiper...
[ 2026-05-13 06:17:07 | node_23 | INFO ] InMemoryServer stopped at node_23
[ 2026-05-13 06:17:07 | node_24 | INFO ] Stopping node...
[ 2026-05-13 06:17:07 | node_24 | INFO ] 🛑 Stopping gossiper...
[ 2026-05-13 06:17:07 | node_24 | INFO ] InMemoryServer stopped at node_24
[ 2026-05-13 06:17:07 | node_25 | INFO ] Stopping node...
[ 2026-05-13 06:17:08 | node_25 | INFO ] 🛑 Stopping gossiper...
[ 2026-05-13 06:17:08 | node_25 | INFO ] InMemoryServer stopped at node_25
[ 2026-05-13 06:17:08 | node_26 | INFO ] Stopping node...
[ 2026-05-13 06:17:08 | node_26 | INFO ] 🛑 Stopping gossiper...
[ 2026-05-13 06:17:08 | node_26 | INFO ] InMemoryServer stopped at node_26
[ 2026-05-13 06:17:08 | node_27 | INFO ] Stopping node...
[ 2026-05-13 06:17:08 | node_27 | INFO ] 🛑 Stopping gossiper...
[ 2026-05-13 06:17:08 | node_27 | INFO ] InMemoryServer stopped at node_27
[ 2026-05-13 06:17:08 | node_28 | INFO ] Stopping node...
[ 2026-05-13 06:17:08 | node_28 | INFO ] 🛑 Stopping gossiper...
[ 2026-05-13 06:17:08 | node_28 | INFO ] InMemoryServer stopped at node_28
[ 2026-05-13 06:17:08 | node_29 | INFO ] Stopping node...
[ 2026-05-13 06:17:08 | node_29 | INFO ] 🛑 Stopping gossiper...
[ 2026-05-13 06:17:08 | node_29 | INFO ] InMemoryServer stopped at node_29
[ 2026-05-13 06:17:08 | node_30 | INFO ] Stopping node...
[ 2026-05-13 06:17:08 | node_30 | INFO ] 🛑 Stopping gossiper...
[ 2026-05-13 06:17:08 | node_30 | INFO ] InMemoryServer stopped at node_30
[ 2026-05-13 06:17:09 | node_31 | INFO ] Stopping node...
[ 2026-05-13 06:17:09 | node_31 | INFO ] 🛑 Stopping gossiper...
[ 2026-05-13 06:17:09 | node_31 | INFO ] InMemoryServer stopped at node_31
[ 2026-05-13 06:17:09 | node_32 | INFO ] Stopping node...
[ 2026-05-13 06:17:09 | node_32 | INFO ] 🛑 Stopping gossiper...
[ 2026-05-13 06:17:09 | node_32 | INFO ] InMemoryServer stopped at node_32
[ 2026-05-13 06:17:09 | node_33 | INFO ] Stopping node...
[ 2026-05-13 06:17:09 | node_33 | INFO ] 🛑 Stopping gossiper...
[ 2026-05-13 06:17:09 | node_33 | INFO ] InMemoryServer stopped at node_33
[ 2026-05-13 06:17:09 | node_34 | INFO ] Stopping node...
[ 2026-05-13 06:17:09 | node_34 | INFO ] 🛑 Stopping gossiper...
[ 2026-05-13 06:17:09 | node_34 | INFO ] InMemoryServer stopped at node_34
[ 2026-05-13 06:17:09 | node_35 | INFO ] Stopping node...
[ 2026-05-13 06:17:09 | node_35 | INFO ] 🛑 Stopping gossiper...
[ 2026-05-13 06:17:10 | node_35 | INFO ] InMemoryServer stopped at node_35
[ 2026-05-13 06:17:10 | node_36 | INFO ] Stopping node...
[ 2026-05-13 06:17:10 | node_36 | INFO ] 🛑 Stopping gossiper...
[ 2026-05-13 06:17:10 | node_36 | INFO ] InMemoryServer stopped at node_36
[ 2026-05-13 06:17:10 | node_37 | INFO ] Stopping node...
[ 2026-05-13 06:17:10 | node_37 | INFO ] 🛑 Stopping gossiper...
[ 2026-05-13 06:17:10 | node_37 | INFO ] InMemoryServer stopped at node_37
[ 2026-05-13 06:17:10 | node_38 | INFO ] Stopping node...
[ 2026-05-13 06:17:10 | node_38 | INFO ] 🛑 Stopping gossiper...
[ 2026-05-13 06:17:10 | node_38 | INFO ] InMemoryServer stopped at node_38
[ 2026-05-13 06:17:10 | node_39 | INFO ] Stopping node...
[ 2026-05-13 06:17:10 | node_39 | INFO ] 🛑 Stopping gossiper...
[ 2026-05-13 06:17:10 | node_39 | INFO ] InMemoryServer stopped at node_39
[ 2026-05-13 06:17:10 | node_40 | INFO ] Stopping node...
[ 2026-05-13 06:17:10 | node_40 | INFO ] 🛑 Stopping gossiper...
[ 2026-05-13 06:17:10 | node_40 | INFO ] InMemoryServer stopped at node_40
[ 2026-05-13 06:17:10 | node_41 | INFO ] Stopping node...
[ 2026-05-13 06:17:10 | node_41 | INFO ] 🛑 Stopping gossiper...
[ 2026-05-13 06:17:11 | node_41 | INFO ] InMemoryServer stopped at node_41
[ 2026-05-13 06:17:11 | node_42 | INFO ] Stopping node...
[ 2026-05-13 06:17:11 | node_42 | INFO ] 🛑 Stopping gossiper...
[ 2026-05-13 06:17:11 | node_42 | INFO ] InMemoryServer stopped at node_42
[ 2026-05-13 06:17:11 | node_43 | INFO ] Stopping node...
[ 2026-05-13 06:17:11 | node_43 | INFO ] 🛑 Stopping gossiper...
[ 2026-05-13 06:17:11 | node_43 | INFO ] InMemoryServer stopped at node_43
[ 2026-05-13 06:17:11 | node_44 | INFO ] Stopping node...
[ 2026-05-13 06:17:11 | node_44 | INFO ] 🛑 Stopping gossiper...
[ 2026-05-13 06:17:11 | node_44 | INFO ] InMemoryServer stopped at node_44
[ 2026-05-13 06:17:11 | node_45 | INFO ] Stopping node...
[ 2026-05-13 06:17:11 | node_45 | INFO ] 🛑 Stopping gossiper...
[ 2026-05-13 06:17:11 | node_45 | INFO ] InMemoryServer stopped at node_45
[ 2026-05-13 06:17:11 | node_46 | INFO ] Stopping node...
[ 2026-05-13 06:17:11 | node_46 | INFO ] 🛑 Stopping gossiper...
[ 2026-05-13 06:17:11 | node_46 | INFO ] InMemoryServer stopped at node_46
[ 2026-05-13 06:17:11 | node_47 | INFO ] Stopping node...
[ 2026-05-13 06:17:11 | node_47 | INFO ] 🛑 Stopping gossiper...
[ 2026-05-13 06:17:11 | node_47 | INFO ] InMemoryServer stopped at node_47
[ 2026-05-13 06:17:11 | node_48 | INFO ] Stopping node...
[ 2026-05-13 06:17:11 | node_48 | INFO ] 🛑 Stopping gossiper...
[ 2026-05-13 06:17:11 | node_48 | INFO ] InMemoryServer stopped at node_48
[ 2026-05-13 06:17:11 | node_49 | INFO ] Stopping node...
[ 2026-05-13 06:17:11 | node_49 | INFO ] 🛑 Stopping gossiper...
[ 2026-05-13 06:17:11 | node_49 | INFO ] InMemoryServer stopped at node_49
