[ 2026-05-13 19:21:50 | node_8 | INFO ] ✅ [FORCE] Local model added for round 46. (2/5)
[ 2026-05-13 19:21:50 | node_21 | INFO ] 🧩 Model added for round 46 (5/12) from ['node_31']
[ 2026-05-13 19:21:52 | node_41 | INFO ] 🧩 Model added for round 46 (4/7) from ['node_31']
[ 2026-05-13 19:21:55 | node_8 | INFO ] 📤 Sending model to 4 direct neighbors: ['node_3', 'node_15', 'node_29', 'node_37']
[ 2026-05-13 19:21:55 | node_3 | INFO ] 🧩 Model added for round 46 (2/8) from ['node_8']
[ 2026-05-13 19:22:10 | node_14 | INFO ] ⏹️  Gossiping exited for 50 equal rounds.
[ 2026-05-13 19:22:10 | node_14 | INFO ] 🔬 Evaluating...
[ 2026-05-13 19:22:10 | node_14 | INFO ] 📈 Evaluated. Results: {'test_loss': 0.11721740663051605, 'test_acc': 0.9700000286102295, 'test_precision': 0.9736666679382324, 'test_recall': 0.9752583503723145, 'test_f1': 0.973746657371521, 'communication_cost': 33870564}
[ 2026-05-13 19:22:10 | node_14 | INFO ] 📢 Broadcasting metrics.
[ 2026-05-13 19:22:12 | node_6 | INFO ] ⏹️  Gossiping exited for 50 equal rounds.
[ 2026-05-13 19:22:12 | node_6 | INFO ] 🔬 Evaluating...
[ 2026-05-13 19:22:12 | node_6 | INFO ] 📈 Evaluated. Results: {'test_loss': 0.19136399030685425, 'test_acc': 0.9900000095367432, 'test_precision': 0.9904762506484985, 'test_recall': 0.9874510169029236, 'test_f1': 0.9886434674263, 'communication_cost': 26343772}
[ 2026-05-13 19:22:13 | node_6 | INFO ] 📢 Broadcasting metrics.
[ 2026-05-13 19:22:15 | node_14 | INFO ] 🎉 Round 46 of 50 finished.
[ 2026-05-13 19:22:15 | node_14 | INFO ] 🗳️ [DETERMINISTIC] Train set assigned (No Voting). Size: 50
[ 2026-05-13 19:22:16 | node_14 | INFO ] ♻️ Proactively processing 4 early models for round 46.
[ 2026-05-13 19:22:16 | node_14 | INFO ] 🧩 Model added for round 46 (1/10) from ['node_35']
[ 2026-05-13 19:22:16 | node_14 | INFO ] 🧩 Model added for round 46 (2/10) from ['node_26']
[ 2026-05-13 19:22:16 | node_14 | INFO ] 🧩 Model added for round 46 (3/10) from ['node_10']
[ 2026-05-13 19:22:16 | node_14 | INFO ] 🧩 Model added for round 46 (4/10) from ['node_21']
[ 2026-05-13 19:22:16 | node_14 | INFO ] 🏋️‍♀️ Preparing training...
[ 2026-05-13 19:22:16 | node_14 | INFO ] 🎓 Training step done.
[ 2026-05-13 19:22:16 | node_6 | INFO ] 🎉 Round 46 of 50 finished.
[ 2026-05-13 19:22:16 | node_14 | INFO ] 🛠️ Calling force_add_local_model...
[ 2026-05-13 19:22:17 | node_14 | INFO ] ✅ [FORCE] Local model added for round 46. (5/10)
[ 2026-05-13 19:22:17 | node_6 | INFO ] 🗳️ [DETERMINISTIC] Train set assigned (No Voting). Size: 50
[ 2026-05-13 19:22:17 | node_6 | INFO ] ♻️ Proactively processing 4 early models for round 46.
[ 2026-05-13 19:22:17 | node_6 | INFO ] 🧩 Model added for round 46 (1/8) from ['node_3']
[ 2026-05-13 19:22:17 | node_6 | INFO ] 🧩 Model added for round 46 (2/8) from ['node_16']
[ 2026-05-13 19:22:17 | node_6 | INFO ] 🧩 Model added for round 46 (3/8) from ['node_10']
[ 2026-05-13 19:22:17 | node_6 | INFO ] 🧩 Model added for round 46 (4/8) from ['node_41']
[ 2026-05-13 19:22:17 | node_6 | INFO ] 🏋️‍♀️ Preparing training...
[ 2026-05-13 19:22:18 | node_20 | INFO ] ⏹️  Gossiping exited for 50 equal rounds.
[ 2026-05-13 19:22:18 | node_6 | INFO ] 🎓 Training step done.
[ 2026-05-13 19:22:18 | node_6 | INFO ] 🛠️ Calling force_add_local_model...
[ 2026-05-13 19:22:18 | node_6 | INFO ] ✅ [FORCE] Local model added for round 46. (5/8)
[ 2026-05-13 19:22:18 | node_20 | INFO ] 🔬 Evaluating...
[ 2026-05-13 19:22:18 | node_20 | INFO ] 📈 Evaluated. Results: {'test_loss': 0.09351786971092224, 'test_acc': 0.9800000190734863, 'test_precision': 0.9815475940704346, 'test_recall': 0.9836257696151733, 'test_f1': 0.9819703102111816, 'communication_cost': 15053584}
[ 2026-05-13 19:22:18 | node_20 | INFO ] 📢 Broadcasting metrics.
[ 2026-05-13 19:22:21 | node_20 | INFO ] 🎉 Round 46 of 50 finished.
[ 2026-05-13 19:22:21 | node_20 | INFO ] 🗳️ [DETERMINISTIC] Train set assigned (No Voting). Size: 50
[ 2026-05-13 19:22:21 | node_20 | INFO ] ♻️ Proactively processing 3 early models for round 46.
[ 2026-05-13 19:22:21 | node_20 | INFO ] 🧩 Model added for round 46 (1/5) from ['node_46']
[ 2026-05-13 19:22:21 | node_20 | INFO ] 🧩 Model added for round 46 (2/5) from ['node_17']
[ 2026-05-13 19:22:21 | node_20 | INFO ] 🧩 Model added for round 46 (3/5) from ['node_5']
[ 2026-05-13 19:22:21 | node_20 | INFO ] 🏋️‍♀️ Preparing training...
[ 2026-05-13 19:22:22 | node_14 | INFO ] 📤 Sending model to 9 direct neighbors: ['node', 'node_10', 'node_21', 'node_26', 'node_30', 'node_33', 'node_35', 'node_36', 'node_47']
[ 2026-05-13 19:22:22 | node_11 | INFO ] ⏹️  Gossiping exited for 50 equal rounds.
[ 2026-05-13 19:22:22 | node_11 | INFO ] 🔬 Evaluating...
[ 2026-05-13 19:22:22 | node_20 | INFO ] 🎓 Training step done.
[ 2026-05-13 19:22:22 | node_20 | INFO ] 🛠️ Calling force_add_local_model...
[ 2026-05-13 19:22:22 | node_20 | INFO ] ✅ [FORCE] Local model added for round 46. (4/5)
[ 2026-05-13 19:22:22 | node_11 | INFO ] 📈 Evaluated. Results: {'test_loss': 0.16303521394729614, 'test_acc': 0.9599999785423279, 'test_precision': 0.9625797271728516, 'test_recall': 0.9608308672904968, 'test_f1': 0.9606748819351196, 'communication_cost': 45160752}
[ 2026-05-13 19:22:22 | node_11 | INFO ] 📢 Broadcasting metrics.
[ 2026-05-13 19:22:22 | node_10 | INFO ] 🧩 Model added for round 46 (5/10) from ['node_14']
[ 2026-05-13 19:22:23 | node_45 | INFO ] ⏹️  Gossiping exited for 50 equal rounds.
[ 2026-05-13 19:22:23 | node_6 | INFO ] 📤 Sending model to 7 direct neighbors: ['node_3', 'node_7', 'node_10', 'node_11', 'node_16', 'node_38', 'node_41']
[ 2026-05-13 19:22:23 | node_45 | INFO ] 🔬 Evaluating...
[ 2026-05-13 19:22:23 | node_45 | INFO ] 📈 Evaluated. Results: {'test_loss': 0.45690762996673584, 'test_acc': 0.9599999785423279, 'test_precision': 0.9558164477348328, 'test_recall': 0.9600613117218018, 'test_f1': 0.9574073553085327, 'communication_cost': 15053584}
[ 2026-05-13 19:22:23 | node_3 | INFO ] 🧩 Model added for round 46 (3/8) from ['node_6']
[ 2026-05-13 19:22:24 | node_45 | INFO ] 📢 Broadcasting metrics.
[ 2026-05-13 19:22:24 | node_21 | INFO ] 🧩 Model added for round 46 (6/12) from ['node_14']
[ 2026-05-13 19:22:24 | node_7 | INFO ] ⏹️  Gossiping exited for 50 equal rounds.
[ 2026-05-13 19:22:24 | node_7 | INFO ] 🔬 Evaluating...
[ 2026-05-13 19:22:25 | node_7 | INFO ] 📈 Evaluated. Results: {'test_loss': 0.2893555760383606, 'test_acc': 0.9599999785423279, 'test_precision': 0.967133641242981, 'test_recall': 0.9556432962417603, 'test_f1': 0.9595841765403748, 'communication_cost': 30107168}
[ 2026-05-13 19:22:25 | node_7 | INFO ] 📢 Broadcasting metrics.
[ 2026-05-13 19:22:25 | node_10 | INFO ] 🧩 Model added for round 46 (6/10) from ['node_6']
[ 2026-05-13 19:22:26 | node_26 | INFO ] 🧩 Model added for round 46 (4/8) from ['node_14']
[ 2026-05-13 19:22:26 | node_45 | INFO ] 🎉 Round 46 of 50 finished.
[ 2026-05-13 19:22:26 | node_45 | INFO ] 🗳️ [DETERMINISTIC] Train set assigned (No Voting). Size: 50
[ 2026-05-13 19:22:26 | node_45 | INFO ] ♻️ Proactively processing 2 early models for round 46.
[ 2026-05-13 19:22:26 | node_45 | INFO ] 🧩 Model added for round 46 (1/5) from ['node_19']
[ 2026-05-13 19:22:26 | node_45 | INFO ] 🧩 Model added for round 46 (2/5) from ['node_34']
[ 2026-05-13 19:22:26 | node_45 | INFO ] 🏋️‍♀️ Preparing training...
[ 2026-05-13 19:22:27 | node_45 | INFO ] 🎓 Training step done.
[ 2026-05-13 19:22:27 | node_45 | INFO ] 🛠️ Calling force_add_local_model...
[ 2026-05-13 19:22:27 | node_20 | INFO ] 📤 Sending model to 4 direct neighbors: ['node_5', 'node_17', 'node_38', 'node_46']
[ 2026-05-13 19:22:27 | node_45 | INFO ] ✅ [FORCE] Local model added for round 46. (3/5)
[ 2026-05-13 19:22:28 | node_16 | INFO ] 🧩 Model added for round 46 (9/13) from ['node_6']
[ 2026-05-13 19:22:28 | node_5 | INFO ] 🧩 Model added for round 46 (7/12) from ['node_20']
[ 2026-05-13 19:22:28 | node_35 | INFO ] 🧩 Model added for round 46 (3/8) from ['node_14']
[ 2026-05-13 19:22:29 | node_11 | INFO ] 🎉 Round 46 of 50 finished.
[ 2026-05-13 19:22:29 | node_11 | INFO ] 🗳️ [DETERMINISTIC] Train set assigned (No Voting). Size: 50
[ 2026-05-13 19:22:29 | node_11 | INFO ] ♻️ Proactively processing 6 early models for round 46.
[ 2026-05-13 19:22:29 | node_11 | INFO ] 🧩 Model added for round 46 (1/13) from ['node_2']
[ 2026-05-13 19:22:29 | node_11 | INFO ] 🧩 Model added for round 46 (2/13) from ['node_12']
[ 2026-05-13 19:22:29 | node_11 | INFO ] 🧩 Model added for round 46 (3/13) from ['node_5']
[ 2026-05-13 19:22:29 | node_11 | INFO ] 🧩 Model added for round 46 (4/13) from ['node_4']
[ 2026-05-13 19:22:29 | node_11 | INFO ] 🧩 Model added for round 46 (5/13) from ['node_10']
[ 2026-05-13 19:22:29 | node_7 | INFO ] 🎉 Round 46 of 50 finished.
[ 2026-05-13 19:22:29 | node_11 | INFO ] 🧩 Model added for round 46 (6/13) from ['node_6']
[ 2026-05-13 19:22:29 | node_11 | INFO ] 🏋️‍♀️ Preparing training...
[ 2026-05-13 19:22:29 | node_7 | INFO ] 🗳️ [DETERMINISTIC] Train set assigned (No Voting). Size: 50
[ 2026-05-13 19:22:29 | node_7 | INFO ] ♻️ Proactively processing 5 early models for round 46.
[ 2026-05-13 19:22:29 | node_7 | INFO ] 🧩 Model added for round 46 (1/9) from ['node_49']
[ 2026-05-13 19:22:30 | node_7 | INFO ] 🧩 Model added for round 46 (2/9) from ['node_5']
[ 2026-05-13 19:22:30 | node_17 | INFO ] 🧩 Model added for round 46 (7/9) from ['node_20']
[ 2026-05-13 19:22:30 | node_7 | INFO ] 🧩 Model added for round 46 (3/9) from ['node_26']
[ 2026-05-13 19:22:30 | node_7 | INFO ] 🧩 Model added for round 46 (4/9) from ['node_39']
[ 2026-05-13 19:22:30 | node_11 | INFO ] 🎓 Training step done.
[ 2026-05-13 19:22:30 | node_7 | INFO ] 🧩 Model added for round 46 (5/9) from ['node_6']
[ 2026-05-13 19:22:30 | node_11 | INFO ] 🛠️ Calling force_add_local_model...
[ 2026-05-13 19:22:30 | node_7 | INFO ] 🏋️‍♀️ Preparing training...
[ 2026-05-13 19:22:30 | node_11 | INFO ] ✅ [FORCE] Local model added for round 46. (7/13)
[ 2026-05-13 19:22:30 | node_41 | INFO ] 🧩 Model added for round 46 (5/7) from ['node_6']
[ 2026-05-13 19:22:30 | node_7 | INFO ] 🎓 Training step done.
[ 2026-05-13 19:22:30 | node_7 | INFO ] 🛠️ Calling force_add_local_model...
[ 2026-05-13 19:22:30 | node_7 | INFO ] ✅ [FORCE] Local model added for round 46. (6/9)
[ 2026-05-13 19:22:31 | node_46 | INFO ] 🧩 Model added for round 46 (4/7) from ['node_20']
[ 2026-05-13 19:22:32 | node_45 | INFO ] 📤 Sending model to 4 direct neighbors: ['node', 'node_19', 'node_34', 'node_42']
[ 2026-05-13 19:22:33 | node_19 | INFO ] 🧩 Model added for round 46 (4/9) from ['node_45']
[ 2026-05-13 19:22:35 | node_34 | INFO ] 🧩 Model added for round 46 (6/10) from ['node_45']
[ 2026-05-13 19:22:35 | node_11 | INFO ] 📤 Sending model to 12 direct neighbors: ['node', 'node_2', 'node_4', 'node_5', 'node_6', 'node_10', 'node_12', 'node_13', 'node_18', 'node_25', 'node_27', 'node_37']
[ 2026-05-13 19:22:35 | node_7 | INFO ] 📤 Sending model to 8 direct neighbors: ['node_5', 'node_6', 'node_18', 'node_26', 'node_29', 'node_38', 'node_39', 'node_49']
[ 2026-05-13 19:22:36 | node_5 | INFO ] 🧩 Model added for round 46 (8/12) from ['node_7']
[ 2026-05-13 19:22:36 | node_2 | INFO ] 🧩 Model added for round 46 (3/5) from ['node_11']
[ 2026-05-13 19:22:37 | node_4 | INFO ] 🧩 Model added for round 46 (7/10) from ['node_11']
[ 2026-05-13 19:22:38 | node_6 | INFO ] 🧩 Model added for round 46 (6/8) from ['node_7']
[ 2026-05-13 19:22:38 | node_5 | INFO ] 🧩 Model added for round 46 (9/12) from ['node_11']
[ 2026-05-13 19:22:40 | node_29 | INFO ] ⏹️  Gossiping exited for 50 equal rounds.
[ 2026-05-13 19:22:40 | node_29 | INFO ] 🔬 Evaluating...
[ 2026-05-13 19:22:40 | node_29 | INFO ] 📈 Evaluated. Results: {'test_loss': 0.2547003924846649, 'test_acc': 0.9599999785423279, 'test_precision': 0.9632615447044373, 'test_recall': 0.9583494663238525, 'test_f1': 0.9599621295928955, 'communication_cost': 41397356}
[ 2026-05-13 19:22:40 | node_26 | INFO ] 🧩 Model added for round 46 (5/8) from ['node_7']
[ 2026-05-13 19:22:40 | node_29 | INFO ] 📢 Broadcasting metrics.
[ 2026-05-13 19:22:41 | node_6 | INFO ] 🧩 Model added for round 46 (7/8) from ['node_11']
[ 2026-05-13 19:22:41 | node_25 | INFO ] ⏹️  Gossiping exited for 50 equal rounds.
[ 2026-05-13 19:22:41 | node_25 | INFO ] 🔬 Evaluating...
[ 2026-05-13 19:22:42 | node_25 | INFO ] 📈 Evaluated. Results: {'test_loss': 0.12206229567527771, 'test_acc': 0.9800000190734863, 'test_precision': 0.9809282422065735, 'test_recall': 0.9786245226860046, 'test_f1': 0.9791955351829529, 'communication_cost': 30107168}
[ 2026-05-13 19:22:42 | node_10 | INFO ] 🧩 Model added for round 46 (7/10) from ['node_11']
[ 2026-05-13 19:22:42 | node_25 | INFO ] 📢 Broadcasting metrics.
[ 2026-05-13 19:22:43 | node_39 | INFO ] 🧩 Model added for round 46 (5/8) from ['node_7']
[ 2026-05-13 19:22:44 | node_12 | INFO ] 🧩 Model added for round 46 (5/7) from ['node_11']
[ 2026-05-13 19:22:44 | node_29 | INFO ] 🎉 Round 46 of 50 finished.
[ 2026-05-13 19:22:44 | node_29 | INFO ] 🗳️ [DETERMINISTIC] Train set assigned (No Voting). Size: 50
[ 2026-05-13 19:22:44 | node_29 | INFO ] ♻️ Proactively processing 7 early models for round 46.
[ 2026-05-13 19:22:44 | node_29 | INFO ] 🧩 Model added for round 46 (1/12) from ['node_43']
[ 2026-05-13 19:22:44 | node_29 | INFO ] 🧩 Model added for round 46 (2/12) from ['node_10']
[ 2026-05-13 19:22:44 | node_29 | INFO ] 🧩 Model added for round 46 (3/12) from ['node_35']
[ 2026-05-13 19:22:44 | node_49 | INFO ] 🧩 Model added for round 46 (3/6) from ['node_7']
[ 2026-05-13 19:22:44 | node_29 | INFO ] 🧩 Model added for round 46 (4/12) from ['node_19']
[ 2026-05-13 19:22:44 | node_29 | INFO ] 🧩 Model added for round 46 (5/12) from ['node_21']
[ 2026-05-13 19:22:44 | node_29 | INFO ] 🧩 Model added for round 46 (6/12) from ['node_8']
[ 2026-05-13 19:22:44 | node_29 | INFO ] 🧩 Model added for round 46 (7/12) from ['node_7']
[ 2026-05-13 19:22:45 | node_29 | INFO ] 🏋️‍♀️ Preparing training...
[ 2026-05-13 19:22:45 | node_29 | INFO ] 🎓 Training step done.
[ 2026-05-13 19:22:45 | node_29 | INFO ] 🛠️ Calling force_add_local_model...
[ 2026-05-13 19:22:45 | node_32 | INFO ] ⏹️  Gossiping exited for 50 equal rounds.
[ 2026-05-13 19:22:45 | node_29 | INFO ] ✅ [FORCE] Local model added for round 46. (8/12)
[ 2026-05-13 19:22:45 | node_25 | INFO ] 🎉 Round 46 of 50 finished.
[ 2026-05-13 19:22:45 | node_32 | INFO ] 🔬 Evaluating...
[ 2026-05-13 19:22:45 | node_25 | INFO ] 🗳️ [DETERMINISTIC] Train set assigned (No Voting). Size: 50
[ 2026-05-13 19:22:46 | node_25 | INFO ] ♻️ Proactively processing 3 early models for round 46.
[ 2026-05-13 19:22:46 | node_25 | INFO ] 🧩 Model added for round 46 (1/9) from ['node_17']
[ 2026-05-13 19:22:46 | node_32 | INFO ] 📈 Evaluated. Results: {'test_loss': 0.2996372878551483, 'test_acc': 0.9649999737739563, 'test_precision': 0.9629448652267456, 'test_recall': 0.972059965133667, 'test_f1': 0.9664422869682312, 'communication_cost': 15053584}
[ 2026-05-13 19:22:46 | node_25 | INFO ] 🧩 Model added for round 46 (2/9) from ['node_28']
[ 2026-05-13 19:22:46 | node_25 | INFO ] 🧩 Model added for round 46 (3/9) from ['node_21']
[ 2026-05-13 19:22:46 | node_25 | INFO ] 🏋️‍♀️ Preparing training...
[ 2026-05-13 19:22:46 | node_25 | INFO ] 🧩 Model added for round 46 (4/9) from ['node_11']
[ 2026-05-13 19:22:46 | node_32 | INFO ] 📢 Broadcasting metrics.
[ 2026-05-13 19:22:47 | node_25 | INFO ] 🎓 Training step done.
[ 2026-05-13 19:22:47 | node_25 | INFO ] 🛠️ Calling force_add_local_model...
[ 2026-05-13 19:22:47 | node_25 | INFO ] ✅ [FORCE] Local model added for round 46. (5/9)
[ 2026-05-13 19:22:48 | node_32 | INFO ] 🎉 Round 46 of 50 finished.
[ 2026-05-13 19:22:48 | node_32 | INFO ] 🗳️ [DETERMINISTIC] Train set assigned (No Voting). Size: 50
[ 2026-05-13 19:22:48 | node_32 | INFO ] ♻️ Proactively processing 2 early models for round 46.
[ 2026-05-13 19:22:48 | node_32 | INFO ] 🧩 Model added for round 46 (1/5) from ['node_49']
[ 2026-05-13 19:22:48 | node_32 | INFO ] 🧩 Model added for round 46 (2/5) from ['node_16']
[ 2026-05-13 19:22:48 | node_32 | INFO ] 🏋️‍♀️ Preparing training...
[ 2026-05-13 19:22:49 | node_32 | INFO ] 🎓 Training step done.
[ 2026-05-13 19:22:49 | node_32 | INFO ] 🛠️ Calling force_add_local_model...
[ 2026-05-13 19:22:49 | node_32 | INFO ] ✅ [FORCE] Local model added for round 46. (3/5)
[ 2026-05-13 19:22:50 | node_29 | INFO ] 📤 Sending model to 11 direct neighbors: ['node_7', 'node_8', 'node_10', 'node_19', 'node_21', 'node_35', 'node_38', 'node_40', 'node_42', 'node_43', 'node_44']
[ 2026-05-13 19:22:51 | node_7 | INFO ] 🧩 Model added for round 46 (7/9) from ['node_29']
[ 2026-05-13 19:22:51 | node_36 | INFO ] ⏹️  Gossiping exited for 50 equal rounds.
[ 2026-05-13 19:22:51 | node_36 | INFO ] 🔬 Evaluating...
[ 2026-05-13 19:22:52 | node_36 | INFO ] 📈 Evaluated. Results: {'test_loss': 0.05211835354566574, 'test_acc': 0.9800000190734863, 'test_precision': 0.9821760058403015, 'test_recall': 0.9818746447563171, 'test_f1': 0.9816142320632935, 'communication_cost': 33870564}
[ 2026-05-13 19:22:52 | node_36 | INFO ] 📢 Broadcasting metrics.
[ 2026-05-13 19:22:52 | node_25 | INFO ] 📤 Sending model to 8 direct neighbors: ['node_11', 'node_17', 'node_18', 'node_21', 'node_28', 'node_33', 'node_36', 'node_47']
[ 2026-05-13 19:22:52 | node_8 | INFO ] 🧩 Model added for round 46 (3/5) from ['node_29']
[ 2026-05-13 19:22:52 | node_11 | INFO ] 🧩 Model added for round 46 (8/13) from ['node_25']
[ 2026-05-13 19:22:53 | node_10 | INFO ] 🧩 Model added for round 46 (8/10) from ['node_29']
[ 2026-05-13 19:22:54 | node_13 | INFO ] ⏹️  Gossiping exited for 50 equal rounds.
[ 2026-05-13 19:22:54 | node_13 | INFO ] 🔬 Evaluating...
[ 2026-05-13 19:22:54 | node_17 | INFO ] 🧩 Model added for round 46 (8/9) from ['node_25']
[ 2026-05-13 19:22:54 | node_13 | INFO ] 📈 Evaluated. Results: {'test_loss': 0.14335495233535767, 'test_acc': 0.9649999737739563, 'test_precision': 0.9652819633483887, 'test_recall': 0.9693216681480408, 'test_f1': 0.9665213823318481, 'communication_cost': 41397356}
[ 2026-05-13 19:22:54 | node_19 | INFO ] 🧩 Model added for round 46 (5/9) from ['node_29']
[ 2026-05-13 19:22:54 | node_13 | INFO ] 📢 Broadcasting metrics.
[ 2026-05-13 19:22:54 | node_32 | INFO ] 📤 Sending model to 4 direct neighbors: ['node_1', 'node_16', 'node_44', 'node_49']
[ 2026-05-13 19:22:55 | node_15 | INFO ] ⏹️  Gossiping exited for 50 equal rounds.
[ 2026-05-13 19:22:55 | node_16 | INFO ] 🧩 Model added for round 46 (10/13) from ['node_32']
[ 2026-05-13 19:22:55 | node_15 | INFO ] 🔬 Evaluating...
[ 2026-05-13 19:22:56 | node_15 | INFO ] 📈 Evaluated. Results: {'test_loss': 0.8272963166236877, 'test_acc': 0.925000011920929, 'test_precision': 0.9267273545265198, 'test_recall': 0.9250360727310181, 'test_f1': 0.9241482019424438, 'communication_cost': 33870564}
[ 2026-05-13 19:22:56 | node_15 | INFO ] 📢 Broadcasting metrics.
[ 2026-05-13 19:22:56 | node_21 | INFO ] 🧩 Model added for round 46 (7/12) from ['node_29']
[ 2026-05-13 19:22:56 | node_21 | INFO ] 🧩 Model added for round 46 (8/12) from ['node_25']
[ 2026-05-13 19:22:57 | node_36 | INFO ] 🎉 Round 46 of 50 finished.
[ 2026-05-13 19:22:57 | node_36 | INFO ] 🗳️ [DETERMINISTIC] Train set assigned (No Voting). Size: 50
[ 2026-05-13 19:22:57 | node_36 | INFO ] ♻️ Proactively processing 5 early models for round 46.
[ 2026-05-13 19:22:57 | node_36 | INFO ] 🧩 Model added for round 46 (1/10) from ['node_12']
[ 2026-05-13 19:22:57 | node_36 | INFO ] 🧩 Model added for round 46 (2/10) from ['node_9']
[ 2026-05-13 19:22:57 | node_36 | INFO ] 🧩 Model added for round 46 (3/10) from ['node_39']
[ 2026-05-13 19:22:57 | node_36 | INFO ] 🧩 Model added for round 46 (4/10) from ['node_21']
[ 2026-05-13 19:22:57 | node_36 | INFO ] 🧩 Model added for round 46 (5/10) from ['node_14']
[ 2026-05-13 19:22:57 | node_36 | INFO ] 🏋️‍♀️ Preparing training...
[ 2026-05-13 19:22:58 | node_49 | INFO ] 🧩 Model added for round 46 (4/6) from ['node_32']
[ 2026-05-13 19:22:58 | node_28 | INFO ] 🧩 Model added for round 46 (7/10) from ['node_25']
[ 2026-05-13 19:22:58 | node_36 | INFO ] 🎓 Training step done.
[ 2026-05-13 19:22:58 | node_35 | INFO ] 🧩 Model added for round 46 (4/8) from ['node_29']
[ 2026-05-13 19:22:58 | node_36 | INFO ] 🛠️ Calling force_add_local_model...
[ 2026-05-13 19:22:58 | node_36 | INFO ] ✅ [FORCE] Local model added for round 46. (6/10)
[ 2026-05-13 19:23:00 | node_36 | INFO ] 🧩 Model added for round 46 (7/10) from ['node_25']
[ 2026-05-13 19:23:00 | node_43 | INFO ] 🧩 Model added for round 46 (3/4) from ['node_29']
[ 2026-05-13 19:23:00 | node_13 | INFO ] 🎉 Round 46 of 50 finished.
[ 2026-05-13 19:23:00 | node_13 | INFO ] 🗳️ [DETERMINISTIC] Train set assigned (No Voting). Size: 50
[ 2026-05-13 19:23:01 | node_15 | INFO ] 🎉 Round 46 of 50 finished.
[ 2026-05-13 19:23:01 | node_13 | INFO ] ♻️ Proactively processing 6 early models for round 46.
[ 2026-05-13 19:23:01 | node_13 | INFO ] 🧩 Model added for round 46 (1/12) from ['node_9']
[ 2026-05-13 19:23:01 | node_15 | INFO ] 🗳️ [DETERMINISTIC] Train set assigned (No Voting). Size: 50
[ 2026-05-13 19:23:01 | node_13 | INFO ] 🧩 Model added for round 46 (2/12) from ['node_5']
[ 2026-05-13 19:23:01 | node_13 | INFO ] 🧩 Model added for round 46 (3/12) from ['node_35']
[ 2026-05-13 19:23:01 | node_13 | INFO ] 🧩 Model added for round 46 (4/12) from ['node_26']
[ 2026-05-13 19:23:01 | node_15 | INFO ] ♻️ Proactively processing 7 early models for round 46.
[ 2026-05-13 19:23:01 | node_13 | INFO ] 🧩 Model added for round 46 (5/12) from ['node_31']
[ 2026-05-13 19:23:01 | node_15 | INFO ] 🧩 Model added for round 46 (1/10) from ['node_43']
[ 2026-05-13 19:23:01 | node_13 | INFO ] 🧩 Model added for round 46 (6/12) from ['node_11']
[ 2026-05-13 19:23:01 | node_15 | INFO ] 🧩 Model added for round 46 (2/10) from ['node_49']
[ 2026-05-13 19:23:01 | node_15 | INFO ] 🧩 Model added for round 46 (3/10) from ['node_23']
[ 2026-05-13 19:23:01 | node_13 | INFO ] 🏋️‍♀️ Preparing training...
[ 2026-05-13 19:23:01 | node_15 | INFO ] 🧩 Model added for round 46 (4/10) from ['node_28']
[ 2026-05-13 19:23:01 | node_15 | INFO ] 🧩 Model added for round 46 (5/10) from ['node_21']
[ 2026-05-13 19:23:01 | node_15 | INFO ] 🧩 Model added for round 46 (6/10) from ['node_41']
[ 2026-05-13 19:23:01 | node_15 | INFO ] 🧩 Model added for round 46 (7/10) from ['node_8']
[ 2026-05-13 19:23:01 | node_15 | INFO ] 🏋️‍♀️ Preparing training...
[ 2026-05-13 19:23:02 | node_13 | INFO ] 🎓 Training step done.
[ 2026-05-13 19:23:02 | node_13 | INFO ] 🛠️ Calling force_add_local_model...
[ 2026-05-13 19:23:02 | node_13 | INFO ] ✅ [FORCE] Local model added for round 46. (7/12)
[ 2026-05-13 19:23:02 | node_15 | INFO ] 🎓 Training step done.
[ 2026-05-13 19:23:02 | node_15 | INFO ] 🛠️ Calling force_add_local_model...
[ 2026-05-13 19:23:02 | node_15 | INFO ] ✅ [FORCE] Local model added for round 46. (8/10)
[ 2026-05-13 19:23:02 | node | INFO ] ⏹️  Gossiping exited for 50 equal rounds.
[ 2026-05-13 19:23:02 | node | INFO ] 🔬 Evaluating...
[ 2026-05-13 19:23:02 | node | INFO ] 📈 Evaluated. Results: {'test_loss': 0.1977730244398117, 'test_acc': 0.9700000286102295, 'test_precision': 0.9683837294578552, 'test_recall': 0.9702560901641846, 'test_f1': 0.9687190055847168, 'communication_cost': 37633960}
[ 2026-05-13 19:23:03 | node | INFO ] 📢 Broadcasting metrics.
[ 2026-05-13 19:23:03 | node_33 | INFO ] ⏹️  Gossiping exited for 50 equal rounds.
[ 2026-05-13 19:23:03 | node_36 | INFO ] 📤 Sending model to 9 direct neighbors: ['node_9', 'node_12', 'node_14', 'node_21', 'node_25', 'node_27', 'node_38', 'node_39', 'node_47']
[ 2026-05-13 19:23:03 | node_33 | INFO ] 🔬 Evaluating...
[ 2026-05-13 19:23:03 | node_9 | INFO ] 🧩 Model added for round 46 (2/7) from ['node_36']
[ 2026-05-13 19:23:03 | node_33 | INFO ] 📈 Evaluated. Results: {'test_loss': 0.20177064836025238, 'test_acc': 0.9549999833106995, 'test_precision': 0.9540751576423645, 'test_recall': 0.9563453793525696, 'test_f1': 0.9528258442878723, 'communication_cost': 37633960}
[ 2026-05-13 19:23:03 | node_33 | INFO ] 📢 Broadcasting metrics.
[ 2026-05-13 19:23:04 | node_12 | INFO ] 🧩 Model added for round 46 (6/7) from ['node_36']
[ 2026-05-13 19:23:04 | node_47 | INFO ] ⏹️  Gossiping exited for 50 equal rounds.
[ 2026-05-13 19:23:04 | node_47 | INFO ] 🔬 Evaluating...
[ 2026-05-13 19:23:05 | node_47 | INFO ] 📈 Evaluated. Results: {'test_loss': 0.2285342663526535, 'test_acc': 0.9750000238418579, 'test_precision': 0.9781808257102966, 'test_recall': 0.9730159044265747, 'test_f1': 0.9752081036567688, 'communication_cost': 48924148}
[ 2026-05-13 19:23:05 | node_47 | INFO ] 📢 Broadcasting metrics.
[ 2026-05-13 19:23:05 | node_14 | INFO ] 🧩 Model added for round 46 (6/10) from ['node_36']
[ 2026-05-13 19:23:05 | node_44 | INFO ] ⏹️  Gossiping exited for 50 equal rounds.
[ 2026-05-13 19:23:05 | node_44 | INFO ] 🔬 Evaluating...
[ 2026-05-13 19:23:06 | node_44 | INFO ] 📈 Evaluated. Results: {'test_loss': 0.16734939813613892, 'test_acc': 0.9649999737739563, 'test_precision': 0.9657425880432129, 'test_recall': 0.963878870010376, 'test_f1': 0.963482677936554, 'communication_cost': 45160752}
[ 2026-05-13 19:23:06 | node_44 | INFO ] 📢 Broadcasting metrics.
[ 2026-05-13 19:23:06 | node_21 | INFO ] 🧩 Model added for round 46 (9/12) from ['node_36']
[ 2026-05-13 19:23:07 | node_13 | INFO ] 📤 Sending model to 11 direct neighbors: ['node', 'node_5', 'node_9', 'node_11', 'node_15', 'node_18', 'node_26', 'node_31', 'node_33', 'node_35', 'node_48']
[ 2026-05-13 19:23:07 | node_15 | INFO ] 📤 Sending model to 9 direct neighbors: ['node', 'node_8', 'node_13', 'node_21', 'node_23', 'node_28', 'node_41', 'node_43', 'node_49']
[ 2026-05-13 19:23:07 | node | INFO ] 🎉 Round 46 of 50 finished.
[ 2026-05-13 19:23:07 | node | INFO ] 🗳️ [DETERMINISTIC] Train set assigned (No Voting). Size: 50
[ 2026-05-13 19:23:07 | node_33 | INFO ] 🎉 Round 46 of 50 finished.
[ 2026-05-13 19:23:07 | node_33 | INFO ] 🗳️ [DETERMINISTIC] Train set assigned (No Voting). Size: 50
[ 2026-05-13 19:23:07 | node | INFO ] ♻️ Proactively processing 7 early models for round 46.
[ 2026-05-13 19:23:07 | node | INFO ] 🧩 Model added for round 46 (1/11) from ['node_34']
[ 2026-05-13 19:23:07 | node | INFO ] 🧩 Model added for round 46 (2/11) from ['node_10']
[ 2026-05-13 19:23:08 | node_33 | INFO ] ♻️ Proactively processing 8 early models for round 46.
[ 2026-05-13 19:23:08 | node | INFO ] 🧩 Model added for round 46 (3/11) from ['node_14']
[ 2026-05-13 19:23:08 | node_5 | INFO ] 🧩 Model added for round 46 (10/12) from ['node_13']
[ 2026-05-13 19:23:08 | node | INFO ] 🧩 Model added for round 46 (4/11) from ['node_45']
[ 2026-05-13 19:23:08 | node_33 | INFO ] 🧩 Model added for round 46 (1/11) from ['node_2']
[ 2026-05-13 19:23:08 | node_8 | INFO ] 🧩 Model added for round 46 (4/5) from ['node_15']
[ 2026-05-13 19:23:08 | node | INFO ] 🧩 Model added for round 46 (5/11) from ['node_11']
[ 2026-05-13 19:23:08 | node_33 | INFO ] 🧩 Model added for round 46 (2/11) from ['node_3']
[ 2026-05-13 19:23:08 | node | INFO ] 🧩 Model added for round 46 (6/11) from ['node_13']
[ 2026-05-13 19:23:08 | node_33 | INFO ] 🧩 Model added for round 46 (3/11) from ['node_19']
[ 2026-05-13 19:23:08 | node | INFO ] 🧩 Model added for round 46 (7/11) from ['node_15']
[ 2026-05-13 19:23:08 | node_33 | INFO ] 🧩 Model added for round 46 (4/11) from ['node_34']
[ 2026-05-13 19:23:08 | node | INFO ] 🏋️‍♀️ Preparing training...
[ 2026-05-13 19:23:08 | node_33 | INFO ] 🧩 Model added for round 46 (5/11) from ['node_39']
[ 2026-05-13 19:23:08 | node_33 | INFO ] 🧩 Model added for round 46 (6/11) from ['node_24']
[ 2026-05-13 19:23:08 | node_33 | INFO ] 🧩 Model added for round 46 (7/11) from ['node_14']
[ 2026-05-13 19:23:08 | node_33 | INFO ] 🧩 Model added for round 46 (8/11) from ['node_25']
[ 2026-05-13 19:23:08 | node_25 | INFO ] 🧩 Model added for round 46 (6/9) from ['node_36']
[ 2026-05-13 19:23:08 | node_33 | INFO ] 🏋️‍♀️ Preparing training...
[ 2026-05-13 19:23:09 | node | INFO ] 🎓 Training step done.
[ 2026-05-13 19:23:09 | node | INFO ] 🛠️ Calling force_add_local_model...
[ 2026-05-13 19:23:09 | node | INFO ] ✅ [FORCE] Local model added for round 46. (8/11)
[ 2026-05-13 19:23:09 | node_13 | INFO ] 🧩 Model added for round 46 (8/12) from ['node_15']
[ 2026-05-13 19:23:09 | node_33 | INFO ] 🎓 Training step done.
[ 2026-05-13 19:23:09 | node_33 | INFO ] 🛠️ Calling force_add_local_model...
[ 2026-05-13 19:23:09 | node_33 | INFO ] ✅ [FORCE] Local model added for round 46. (9/11)
[ 2026-05-13 19:23:10 | node_9 | INFO ] 🧩 Model added for round 46 (3/7) from ['node_13']
[ 2026-05-13 19:23:10 | node_39 | INFO ] 🧩 Model added for round 46 (6/8) from ['node_36']
[ 2026-05-13 19:23:11 | node_21 | INFO ] 🧩 Model added for round 46 (10/12) from ['node_15']
[ 2026-05-13 19:23:11 | node_11 | INFO ] 🧩 Model added for round 46 (9/13) from ['node_13']
[ 2026-05-13 19:23:11 | node_47 | INFO ] 🎉 Round 46 of 50 finished.
[ 2026-05-13 19:23:11 | node_47 | INFO ] 🗳️ [DETERMINISTIC] Train set assigned (No Voting). Size: 50
[ 2026-05-13 19:23:12 | node_48 | INFO ] ⏹️  Gossiping exited for 50 equal rounds.
[ 2026-05-13 19:23:12 | node_47 | INFO ] ♻️ Proactively processing 9 early models for round 46.
[ 2026-05-13 19:23:12 | node_47 | INFO ] 🧩 Model added for round 46 (1/14) from ['node_3']
[ 2026-05-13 19:23:12 | node_48 | INFO ] 🔬 Evaluating...
[ 2026-05-13 19:23:12 | node_47 | INFO ] 🧩 Model added for round 46 (2/14) from ['node_35']
[ 2026-05-13 19:23:12 | node_47 | INFO ] 🧩 Model added for round 46 (3/14) from ['node_26']
[ 2026-05-13 19:23:12 | node_44 | INFO ] 🎉 Round 46 of 50 finished.
[ 2026-05-13 19:23:12 | node_47 | INFO ] 🧩 Model added for round 46 (4/14) from ['node_19']
[ 2026-05-13 19:23:12 | node_47 | INFO ] 🧩 Model added for round 46 (5/14) from ['node_34']
[ 2026-05-13 19:23:12 | node_44 | INFO ] 🗳️ [DETERMINISTIC] Train set assigned (No Voting). Size: 50
[ 2026-05-13 19:23:12 | node_47 | INFO ] 🧩 Model added for round 46 (6/14) from ['node_28']
[ 2026-05-13 19:23:12 | node_48 | INFO ] 📈 Evaluated. Results: {'test_loss': 0.25526905059814453, 'test_acc': 0.9700000286102295, 'test_precision': 0.9724885821342468, 'test_recall': 0.9637333154678345, 'test_f1': 0.9666696786880493, 'communication_cost': 18816980}
[ 2026-05-13 19:23:12 | node_47 | INFO ] 🧩 Model added for round 46 (7/14) from ['node_31']
[ 2026-05-13 19:23:12 | node_48 | INFO ] 📢 Broadcasting metrics.
[ 2026-05-13 19:23:12 | node_47 | INFO ] 🧩 Model added for round 46 (8/14) from ['node_14']
[ 2026-05-13 19:23:12 | node_44 | INFO ] ♻️ Proactively processing 7 early models for round 46.
[ 2026-05-13 19:23:12 | node_47 | INFO ] 🧩 Model added for round 46 (9/14) from ['node_25']
[ 2026-05-13 19:23:12 | node_44 | INFO ] 🧩 Model added for round 46 (1/13) from ['node_10']
[ 2026-05-13 19:23:12 | node_47 | INFO ] 🏋️‍♀️ Preparing training...
[ 2026-05-13 19:23:12 | node_47 | INFO ] 🧩 Model added for round 46 (10/14) from ['node_36']
[ 2026-05-13 19:23:12 | node_44 | INFO ] 🧩 Model added for round 46 (2/13) from ['node_39']
[ 2026-05-13 19:23:12 | node_44 | INFO ] 🧩 Model added for round 46 (3/13) from ['node_4']
[ 2026-05-13 19:23:12 | node_44 | INFO ] 🧩 Model added for round 46 (4/13) from ['node_24']
[ 2026-05-13 19:23:12 | node_23 | INFO ] 🧩 Model added for round 46 (3/4) from ['node_15']
[ 2026-05-13 19:23:12 | node_44 | INFO ] 🧩 Model added for round 46 (5/13) from ['node_21']
[ 2026-05-13 19:23:13 | node_44 | INFO ] 🧩 Model added for round 46 (6/13) from ['node_32']
[ 2026-05-13 19:23:13 | node_44 | INFO ] 🧩 Model added for round 46 (7/13) from ['node_29']
[ 2026-05-13 19:23:13 | node_44 | INFO ] 🏋️‍♀️ Preparing training...
[ 2026-05-13 19:23:13 | node_15 | INFO ] 🧩 Model added for round 46 (9/10) from ['node_13']
[ 2026-05-13 19:23:13 | node_18 | INFO ] ⏹️  Gossiping exited for 50 equal rounds.
[ 2026-05-13 19:23:13 | node_47 | INFO ] 🎓 Training step done.
[ 2026-05-13 19:23:13 | node_47 | INFO ] 🛠️ Calling force_add_local_model...
[ 2026-05-13 19:23:13 | node_18 | INFO ] 🔬 Evaluating...
[ 2026-05-13 19:23:13 | node_47 | INFO ] ✅ [FORCE] Local model added for round 46. (11/14)
[ 2026-05-13 19:23:13 | node_44 | INFO ] 🎓 Training step done.
[ 2026-05-13 19:23:13 | node_18 | INFO ] 📈 Evaluated. Results: {'test_loss': 0.16249260306358337, 'test_acc': 0.9700000286102295, 'test_precision': 0.9699527621269226, 'test_recall': 0.9647860527038574, 'test_f1': 0.9669124484062195, 'communication_cost': 52687544}
[ 2026-05-13 19:23:13 | node_44 | INFO ] 🛠️ Calling force_add_local_model...
[ 2026-05-13 19:23:13 | node_28 | INFO ] 🧩 Model added for round 46 (8/10) from ['node_15']
[ 2026-05-13 19:23:13 | node_44 | INFO ] ✅ [FORCE] Local model added for round 46. (8/13)
[ 2026-05-13 19:23:13 | node_18 | INFO ] 📢 Broadcasting metrics.
[ 2026-05-13 19:23:14 | node | INFO ] 📤 Sending model to 10 direct neighbors: ['node_10', 'node_11', 'node_13', 'node_14', 'node_15', 'node_34', 'node_40', 'node_42', 'node_45', 'node_48']
[ 2026-05-13 19:23:14 | node_33 | INFO ] 📤 Sending model to 10 direct neighbors: ['node_2', 'node_3', 'node_13', 'node_14', 'node_18', 'node_19', 'node_24', 'node_25', 'node_34', 'node_39']
[ 2026-05-13 19:23:14 | node_10 | INFO ] 🧩 Model added for round 46 (9/10) from ['node']
[ 2026-05-13 19:23:14 | node_2 | INFO ] 🧩 Model added for round 46 (4/5) from ['node_33']
[ 2026-05-13 19:23:15 | node_26 | INFO ] 🧩 Model added for round 46 (6/8) from ['node_13']
[ 2026-05-13 19:23:15 | node_48 | INFO ] 🎉 Round 46 of 50 finished.
[ 2026-05-13 19:23:15 | node_48 | INFO ] 🗳️ [DETERMINISTIC] Train set assigned (No Voting). Size: 50
[ 2026-05-13 19:23:15 | node_41 | INFO ] 🧩 Model added for round 46 (6/7) from ['node_15']
[ 2026-05-13 19:23:15 | node_48 | INFO ] ♻️ Proactively processing 1 early models for round 46.
[ 2026-05-13 19:23:15 | node_48 | INFO ] 🧩 Model added for round 46 (1/6) from ['node_16']
[ 2026-05-13 19:23:15 | node_48 | INFO ] 🏋️‍♀️ Preparing training...
[ 2026-05-13 19:23:15 | node_3 | INFO ] 🧩 Model added for round 46 (4/8) from ['node_33']
[ 2026-05-13 19:23:16 | node_48 | INFO ] 🎓 Training step done.
[ 2026-05-13 19:23:16 | node_48 | INFO ] 🛠️ Calling force_add_local_model...
[ 2026-05-13 19:23:16 | node_31 | INFO ] 🧩 Model added for round 46 (5/7) from ['node_13']
[ 2026-05-13 19:23:16 | node_48 | INFO ] ✅ [FORCE] Local model added for round 46. (2/6)
[ 2026-05-13 19:23:16 | node_11 | INFO ] 🧩 Model added for round 46 (10/13) from ['node']
[ 2026-05-13 19:23:16 | node_43 | INFO ] 🧩 Model added for round 46 (4/4) from ['node_15']
[ 2026-05-13 19:23:16 | node_43 | INFO ] 🧠 Aggregation complete. Setting new model.
[ 2026-05-13 19:23:17 | node_49 | INFO ] 🧩 Model added for round 46 (5/6) from ['node_15']
[ 2026-05-13 19:23:17 | node_13 | INFO ] 🧩 Model added for round 46 (9/12) from ['node_33']
[ 2026-05-13 19:23:17 | node_33 | INFO ] 🧩 Model added for round 46 (10/11) from ['node_13']
[ 2026-05-13 19:23:17 | node_43 | INFO ] 🗣️ Gossiping aggregated model.
[ 2026-05-13 19:23:18 | node_13 | INFO ] 🧩 Model added for round 46 (10/12) from ['node']
[ 2026-05-13 19:23:18 | node_47 | INFO ] 📤 Sending model to 13 direct neighbors: ['node_3', 'node_14', 'node_18', 'node_19', 'node_25', 'node_26', 'node_28', 'node_31', 'node_34', 'node_35', 'node_36', 'node_42', 'node_44']
[ 2026-05-13 19:23:18 | node_44 | INFO ] 📤 Sending model to 12 direct neighbors: ['node_1', 'node_4', 'node_10', 'node_18', 'node_21', 'node_24', 'node_27', 'node_29', 'node_30', 'node_32', 'node_39', 'node_47']
[ 2026-05-13 19:23:18 | node_3 | INFO ] 🧩 Model added for round 46 (5/8) from ['node_47']
[ 2026-05-13 19:23:18 | node_14 | INFO ] 🧩 Model added for round 46 (7/10) from ['node_33']
[ 2026-05-13 19:23:18 | node_35 | INFO ] 🧩 Model added for round 46 (5/8) from ['node_13']
[ 2026-05-13 19:23:19 | node_4 | INFO ] 🧩 Model added for round 46 (8/10) from ['node_44']
[ 2026-05-13 19:23:19 | node_14 | INFO ] 🧩 Model added for round 46 (8/10) from ['node']
[ 2026-05-13 19:23:20 | node_14 | INFO ] 🧩 Model added for round 46 (9/10) from ['node_47']
[ 2026-05-13 19:23:20 | node_48 | INFO ] 🧩 Model added for round 46 (3/6) from ['node_13']
[ 2026-05-13 19:23:20 | node_18 | INFO ] 🎉 Round 46 of 50 finished.
[ 2026-05-13 19:23:20 | node_18 | INFO ] 🗳️ [DETERMINISTIC] Train set assigned (No Voting). Size: 50
[ 2026-05-13 19:23:20 | node_38 | INFO ] ⏹️  Gossiping exited for 50 equal rounds.
[ 2026-05-13 19:23:20 | node_19 | INFO ] 🧩 Model added for round 46 (6/9) from ['node_33']
[ 2026-05-13 19:23:20 | node_37 | INFO ] ⏹️  Gossiping exited for 50 equal rounds.
[ 2026-05-13 19:23:20 | node_18 | INFO ] ♻️ Proactively processing 11 early models for round 46.
[ 2026-05-13 19:23:20 | node_38 | INFO ] 🔬 Evaluating...
[ 2026-05-13 19:23:20 | node_18 | INFO ] 🧩 Model added for round 46 (1/15) from ['node_5']
[ 2026-05-13 19:23:21 | node_18 | INFO ] 🧩 Model added for round 46 (2/15) from ['node_3']
[ 2026-05-13 19:23:21 | node_18 | INFO ] 🧩 Model added for round 46 (3/15) from ['node_35']
[ 2026-05-13 19:23:21 | node_37 | INFO ] 🔬 Evaluating...
[ 2026-05-13 19:23:21 | node_18 | INFO ] 🧩 Model added for round 46 (4/15) from ['node_16']
[ 2026-05-13 19:23:21 | node_38 | INFO ] 📈 Evaluated. Results: {'test_loss': 0.004975462332367897, 'test_acc': 1.0, 'test_precision': 1.0000001192092896, 'test_recall': 1.0000001192092896, 'test_f1': 1.0000001192092896, 'communication_cost': 45160752}
[ 2026-05-13 19:23:21 | node_18 | INFO ] 🧩 Model added for round 46 (5/15) from ['node_19']
[ 2026-05-13 19:23:21 | node_48 | INFO ] 📤 Sending model to 5 direct neighbors: ['node', 'node_13', 'node_16', 'node_37', 'node_40']
[ 2026-05-13 19:23:21 | node_10 | INFO ] 🧩 Model added for round 46 (10/10) from ['node_44']
[ 2026-05-13 19:23:21 | node_18 | INFO ] 🧩 Model added for round 46 (6/15) from ['node_24']
[ 2026-05-13 19:23:21 | node_18 | INFO ] 🧩 Model added for round 46 (7/15) from ['node_7']
[ 2026-05-13 19:23:21 | node_38 | INFO ] 📢 Broadcasting metrics.
[ 2026-05-13 19:23:21 | node_37 | INFO ] 📈 Evaluated. Results: {'test_loss': 0.0702584981918335, 'test_acc': 0.9850000143051147, 'test_precision': 0.981985330581665, 'test_recall': 0.9846080541610718, 'test_f1': 0.9827975630760193, 'communication_cost': 41397356}
[ 2026-05-13 19:23:21 | node_18 | INFO ] 🧩 Model added for round 46 (8/15) from ['node_11']
[ 2026-05-13 19:23:21 | node_37 | INFO ] 📢 Broadcasting metrics.
[ 2026-05-13 19:23:21 | node_18 | INFO ] 🧩 Model added for round 46 (9/15) from ['node_25']
[ 2026-05-13 19:23:21 | node_18 | INFO ] 🧩 Model added for round 46 (10/15) from ['node_13']
[ 2026-05-13 19:23:21 | node_15 | INFO ] 🧩 Model added for round 46 (10/10) from ['node']
[ 2026-05-13 19:23:21 | node_18 | INFO ] 🧩 Model added for round 46 (11/15) from ['node_33']
[ 2026-05-13 19:23:21 | node | INFO ] 🧩 Model added for round 46 (9/11) from ['node_48']
[ 2026-05-13 19:23:21 | node_18 | INFO ] 🏋️‍♀️ Preparing training...
[ 2026-05-13 19:23:22 | node_18 | INFO ] 🧩 Model added for round 46 (12/15) from ['node_47']
[ 2026-05-13 19:23:22 | node_15 | INFO ] 🧠 Aggregation complete. Setting new model.
[ 2026-05-13 19:23:22 | node_10 | INFO ] 🧠 Aggregation complete. Setting new model.
[ 2026-05-13 19:23:22 | node_18 | INFO ] 🎓 Training step done.
[ 2026-05-13 19:23:22 | node_24 | INFO ] 🧩 Model added for round 46 (7/10) from ['node_33']
[ 2026-05-13 19:23:22 | node_18 | INFO ] 🛠️ Calling force_add_local_model...
[ 2026-05-13 19:23:22 | node_18 | INFO ] ✅ [FORCE] Local model added for round 46. (13/15)
[ 2026-05-13 19:23:23 | node_18 | INFO ] 🧩 Model added for round 46 (14/15) from ['node_44']
[ 2026-05-13 19:23:23 | node_34 | INFO ] 🧩 Model added for round 46 (7/10) from ['node']
[ 2026-05-13 19:23:23 | node_15 | INFO ] 🗣️ Gossiping aggregated model.
[ 2026-05-13 19:23:23 | node_10 | INFO ] 🗣️ Gossiping aggregated model.
[ 2026-05-13 19:23:23 | node_13 | INFO ] 🧩 Model added for round 46 (11/12) from ['node_48']
[ 2026-05-13 19:23:24 | node_25 | INFO ] 🧩 Model added for round 46 (7/9) from ['node_33']
[ 2026-05-13 19:23:24 | node_19 | INFO ] 🧩 Model added for round 46 (7/9) from ['node_47']
[ 2026-05-13 19:23:25 | node_40 | INFO ] ⏹️  Gossiping exited for 50 equal rounds.
[ 2026-05-13 19:23:25 | node_21 | INFO ] 🧩 Model added for round 46 (11/12) from ['node_44']
[ 2026-05-13 19:23:25 | node_16 | INFO ] 🧩 Model added for round 46 (11/13) from ['node_48']
[ 2026-05-13 19:23:25 | node_40 | INFO ] 🔬 Evaluating...
[ 2026-05-13 19:23:26 | node_45 | INFO ] 🧩 Model added for round 46 (4/5) from ['node']
[ 2026-05-13 19:23:26 | node_34 | INFO ] 🧩 Model added for round 46 (8/10) from ['node_33']
[ 2026-05-13 19:23:26 | node_40 | INFO ] 📈 Evaluated. Results: {'test_loss': 0.03644392266869545, 'test_acc': 0.9800000190734863, 'test_precision': 0.9829047918319702, 'test_recall': 0.9834731817245483, 'test_f1': 0.9829656481742859, 'communication_cost': 26343772}
[ 2026-05-13 19:23:26 | node_40 | INFO ] 📢 Broadcasting metrics.
[ 2026-05-13 19:23:26 | node_25 | INFO ] 🧩 Model added for round 46 (8/9) from ['node_47']
[ 2026-05-13 19:23:27 | node_48 | INFO ] 🧩 Model added for round 46 (4/6) from ['node']
[ 2026-05-13 19:23:27 | node_1 | INFO ] ⏹️  Gossiping exited for 50 equal rounds.
[ 2026-05-13 19:23:27 | node_1 | INFO ] 🔬 Evaluating...
[ 2026-05-13 19:23:27 | node_1 | INFO ] 📈 Evaluated. Results: {'test_loss': 0.20251977443695068, 'test_acc': 0.9750000238418579, 'test_precision': 0.9773104190826416, 'test_recall': 0.974850058555603, 'test_f1': 0.9758503437042236, 'communication_cost': 30107168}
[ 2026-05-13 19:23:27 | node_1 | INFO ] 📢 Broadcasting metrics.
[ 2026-05-13 19:23:27 | node_24 | INFO ] 🧩 Model added for round 46 (8/10) from ['node_44']
[ 2026-05-13 19:23:27 | node_39 | INFO ] 🧩 Model added for round 46 (7/8) from ['node_33']
[ 2026-05-13 19:23:27 | node_18 | INFO ] 📤 Sending model to 14 direct neighbors: ['node_3', 'node_5', 'node_7', 'node_11', 'node_13', 'node_16', 'node_19', 'node_24', 'node_25', 'node_30', 'node_33', 'node_35', 'node_44', 'node_47']
[ 2026-05-13 19:23:27 | node_37 | INFO ] 🎉 Round 46 of 50 finished.
[ 2026-05-13 19:23:27 | node_26 | INFO ] 🧩 Model added for round 46 (7/8) from ['node_47']
[ 2026-05-13 19:23:28 | node_37 | INFO ] 🗳️ [DETERMINISTIC] Train set assigned (No Voting). Size: 50
[ 2026-05-13 19:23:28 | node_3 | INFO ] 🧩 Model added for round 46 (6/8) from ['node_18']
[ 2026-05-13 19:23:28 | node_37 | INFO ] ♻️ Proactively processing 9 early models for round 46.
[ 2026-05-13 19:23:28 | node_37 | INFO ] 🧩 Model added for round 46 (1/12) from ['node_12']
[ 2026-05-13 19:23:28 | node_37 | INFO ] 🧩 Model added for round 46 (2/12) from ['node_46']
[ 2026-05-13 19:23:28 | node_38 | INFO ] 🎉 Round 46 of 50 finished.
[ 2026-05-13 19:23:28 | node_37 | INFO ] 🧩 Model added for round 46 (3/12) from ['node_9']
[ 2026-05-13 19:23:28 | node_37 | INFO ] 🧩 Model added for round 46 (4/12) from ['node_17']
[ 2026-05-13 19:23:28 | node_38 | INFO ] 🗳️ [DETERMINISTIC] Train set assigned (No Voting). Size: 50
[ 2026-05-13 19:23:28 | node_37 | INFO ] 🧩 Model added for round 46 (5/12) from ['node_3']
[ 2026-05-13 19:23:28 | node_37 | INFO ] 🧩 Model added for round 46 (6/12) from ['node_35']
[ 2026-05-13 19:23:28 | node_37 | INFO ] 🧩 Model added for round 46 (7/12) from ['node_8']
[ 2026-05-13 19:23:28 | node_38 | INFO ] ♻️ Proactively processing 10 early models for round 46.
[ 2026-05-13 19:23:28 | node_37 | INFO ] 🧩 Model added for round 46 (8/12) from ['node_11']
[ 2026-05-13 19:23:28 | node_38 | INFO ] 🧩 Model added for round 46 (1/13) from ['node_23']
[ 2026-05-13 19:23:28 | node_37 | INFO ] 🧩 Model added for round 46 (9/12) from ['node_48']
[ 2026-05-13 19:23:28 | node_38 | INFO ] 🧩 Model added for round 46 (2/13) from ['node_9']
[ 2026-05-13 19:23:28 | node_37 | INFO ] 🏋️‍♀️ Preparing training...
[ 2026-05-13 19:23:28 | node_38 | INFO ] 🧩 Model added for round 46 (3/13) from ['node_26']
[ 2026-05-13 19:23:28 | node_38 | INFO ] 🧩 Model added for round 46 (4/13) from ['node_28']
[ 2026-05-13 19:23:29 | node_38 | INFO ] 🧩 Model added for round 46 (5/13) from ['node_21']
[ 2026-05-13 19:23:29 | node_38 | INFO ] 🧩 Model added for round 46 (6/13) from ['node_6']
[ 2026-05-13 19:23:29 | node_38 | INFO ] 🧩 Model added for round 46 (7/13) from ['node_20']
[ 2026-05-13 19:23:29 | node_38 | INFO ] 🧩 Model added for round 46 (8/13) from ['node_7']
[ 2026-05-13 19:23:29 | node_28 | INFO ] 🧩 Model added for round 46 (9/10) from ['node_47']
[ 2026-05-13 19:23:29 | node_38 | INFO ] 🧩 Model added for round 46 (9/13) from ['node_29']
[ 2026-05-13 19:23:29 | node_38 | INFO ] 🧩 Model added for round 46 (10/13) from ['node_36']
[ 2026-05-13 19:23:29 | node_37 | INFO ] 🎓 Training step done.
[ 2026-05-13 19:23:29 | node_38 | INFO ] 🏋️‍♀️ Preparing training...
[ 2026-05-13 19:23:29 | node_37 | INFO ] 🛠️ Calling force_add_local_model...
[ 2026-05-13 19:23:29 | node_37 | INFO ] ✅ [FORCE] Local model added for round 46. (10/12)
[ 2026-05-13 19:23:29 | node_5 | INFO ] 🧩 Model added for round 46 (11/12) from ['node_18']
[ 2026-05-13 19:23:29 | node_29 | INFO ] 🧩 Model added for round 46 (9/12) from ['node_44']
[ 2026-05-13 19:23:29 | node_38 | INFO ] 🎓 Training step done.
[ 2026-05-13 19:23:29 | node_38 | INFO ] 🛠️ Calling force_add_local_model...
[ 2026-05-13 19:23:30 | node_38 | INFO ] ✅ [FORCE] Local model added for round 46. (11/13)
[ 2026-05-13 19:23:30 | node_27 | INFO ] ⏹️  Gossiping exited for 50 equal rounds.
[ 2026-05-13 19:23:30 | node_40 | INFO ] 🎉 Round 46 of 50 finished.
[ 2026-05-13 19:23:30 | node_40 | INFO ] 🗳️ [DETERMINISTIC] Train set assigned (No Voting). Size: 50
[ 2026-05-13 19:23:30 | node_27 | INFO ] 🔬 Evaluating...
[ 2026-05-13 19:23:30 | node_40 | INFO ] ♻️ Proactively processing 6 early models for round 46.
[ 2026-05-13 19:23:30 | node_40 | INFO ] 🧩 Model added for round 46 (1/8) from ['node_49']
[ 2026-05-13 19:23:30 | node_40 | INFO ] 🧩 Model added for round 46 (2/8) from ['node_4']
[ 2026-05-13 19:23:30 | node_27 | INFO ] 📈 Evaluated. Results: {'test_loss': 0.26156529784202576, 'test_acc': 0.9700000286102295, 'test_precision': 0.9689127206802368, 'test_recall': 0.9691137075424194, 'test_f1': 0.9683271050453186, 'communication_cost': 33870564}
[ 2026-05-13 19:23:30 | node_40 | INFO ] 🧩 Model added for round 46 (3/8) from ['node_31']
[ 2026-05-13 19:23:30 | node_40 | INFO ] 🧩 Model added for round 46 (4/8) from ['node_29']
[ 2026-05-13 19:23:30 | node_40 | INFO ] 🧩 Model added for round 46 (5/8) from ['node']
[ 2026-05-13 19:23:30 | node_27 | INFO ] 📢 Broadcasting metrics.
[ 2026-05-13 19:23:30 | node_31 | INFO ] 🧩 Model added for round 46 (6/7) from ['node_47']
[ 2026-05-13 19:23:30 | node_40 | INFO ] 🧩 Model added for round 46 (6/8) from ['node_48']
[ 2026-05-13 19:23:30 | node_40 | INFO ] 🏋️‍♀️ Preparing training...
[ 2026-05-13 19:23:31 | node_7 | INFO ] 🧩 Model added for round 46 (8/9) from ['node_18']
[ 2026-05-13 19:23:31 | node_40 | INFO ] 🎓 Training step done.
[ 2026-05-13 19:23:31 | node_40 | INFO ] 🛠️ Calling force_add_local_model...
[ 2026-05-13 19:23:31 | node_40 | INFO ] ✅ [FORCE] Local model added for round 46. (7/8)
[ 2026-05-13 19:23:31 | node_1 | INFO ] 🎉 Round 46 of 50 finished.
[ 2026-05-13 19:23:31 | node_32 | INFO ] 🧩 Model added for round 46 (4/5) from ['node_44']
[ 2026-05-13 19:23:31 | node_1 | INFO ] 🗳️ [DETERMINISTIC] Train set assigned (No Voting). Size: 50
[ 2026-05-13 19:23:31 | node_1 | INFO ] ♻️ Proactively processing 5 early models for round 46.
[ 2026-05-13 19:23:31 | node_34 | INFO ] 🧩 Model added for round 46 (9/10) from ['node_47']
[ 2026-05-13 19:23:31 | node_1 | INFO ] 🧩 Model added for round 46 (1/9) from ['node_46']
[ 2026-05-13 19:23:31 | node_1 | INFO ] 🧩 Model added for round 46 (2/9) from ['node_5']
[ 2026-05-13 19:23:31 | node_1 | INFO ] 🧩 Model added for round 46 (3/9) from ['node_4']
[ 2026-05-13 19:23:31 | node_1 | INFO ] 🧩 Model added for round 46 (4/9) from ['node_32']
[ 2026-05-13 19:23:32 | node_1 | INFO ] 🧩 Model added for round 46 (5/9) from ['node_44']
[ 2026-05-13 19:23:32 | node_1 | INFO ] 🏋️‍♀️ Preparing training...
[ 2026-05-13 19:23:32 | node_39 | INFO ] 🧩 Model added for round 46 (8/8) from ['node_44']
[ 2026-05-13 19:23:32 | node_11 | INFO ] 🧩 Model added for round 46 (11/13) from ['node_18']
[ 2026-05-13 19:23:32 | node_1 | INFO ] 🎓 Training step done.
[ 2026-05-13 19:23:32 | node_1 | INFO ] 🛠️ Calling force_add_local_model...
[ 2026-05-13 19:23:32 | node_1 | INFO ] ✅ [FORCE] Local model added for round 46. (6/9)
[ 2026-05-13 19:23:33 | node_39 | INFO ] 🧠 Aggregation complete. Setting new model.
[ 2026-05-13 19:23:33 | node_35 | INFO ] 🧩 Model added for round 46 (6/8) from ['node_47']
[ 2026-05-13 19:23:33 | node_39 | INFO ] 🗣️ Gossiping aggregated model.
[ 2026-05-13 19:23:34 | node_47 | INFO ] 🧩 Model added for round 46 (12/14) from ['node_44']
[ 2026-05-13 19:23:34 | node_37 | INFO ] 📤 Sending model to 11 direct neighbors: ['node_3', 'node_8', 'node_9', 'node_11', 'node_12', 'node_17', 'node_35', 'node_40', 'node_42', 'node_46', 'node_48']
[ 2026-05-13 19:23:34 | node_42 | INFO ] ⏹️  Gossiping exited for 50 equal rounds.
[ 2026-05-13 19:23:34 | node_13 | INFO ] 🧩 Model added for round 46 (12/12) from ['node_18']
[ 2026-05-13 19:23:34 | node_27 | INFO ] 🎉 Round 46 of 50 finished.
[ 2026-05-13 19:23:34 | node_42 | INFO ] 🔬 Evaluating...
[ 2026-05-13 19:23:34 | node_27 | INFO ] 🗳️ [DETERMINISTIC] Train set assigned (No Voting). Size: 50
[ 2026-05-13 19:23:35 | node_27 | INFO ] ♻️ Proactively processing 7 early models for round 46.
[ 2026-05-13 19:23:35 | node_27 | INFO ] 🧩 Model added for round 46 (1/10) from ['node_2']
[ 2026-05-13 19:23:35 | node_27 | INFO ] 🧩 Model added for round 46 (2/10) from ['node_9']
[ 2026-05-13 19:23:35 | node_27 | INFO ] 🧩 Model added for round 46 (3/10) from ['node_24']
[ 2026-05-13 19:23:35 | node_27 | INFO ] 🧩 Model added for round 46 (4/10) from ['node_41']
[ 2026-05-13 19:23:35 | node_38 | INFO ] 📤 Sending model to 12 direct neighbors: ['node_6', 'node_7', 'node_9', 'node_20', 'node_21', 'node_23', 'node_26', 'node_27', 'node_28', 'node_29', 'node_36', 'node_42']
[ 2026-05-13 19:23:35 | node_27 | INFO ] 🧩 Model added for round 46 (5/10) from ['node_11']
[ 2026-05-13 19:23:35 | node_27 | INFO ] 🧩 Model added for round 46 (6/10) from ['node_36']
[ 2026-05-13 19:23:35 | node_27 | INFO ] 🧩 Model added for round 46 (7/10) from ['node_44']
[ 2026-05-13 19:23:35 | node_27 | INFO ] 🏋️‍♀️ Preparing training...
[ 2026-05-13 19:23:35 | node_36 | INFO ] 🧩 Model added for round 46 (8/10) from ['node_47']
[ 2026-05-13 19:23:35 | node_42 | INFO ] 📈 Evaluated. Results: {'test_loss': 0.3039552867412567, 'test_acc': 0.9649999737739563, 'test_precision': 0.9688845872879028, 'test_recall': 0.96358323097229, 'test_f1': 0.9649705290794373, 'communication_cost': 45160752}
[ 2026-05-13 19:23:35 | node_3 | INFO ] 🧩 Model added for round 46 (7/8) from ['node_37']
[ 2026-05-13 19:23:35 | node_6 | INFO ] 🧩 Model added for round 46 (8/8) from ['node_38']
[ 2026-05-13 19:23:35 | node_42 | INFO ] 📢 Broadcasting metrics.
[ 2026-05-13 19:23:35 | node_27 | INFO ] 🎓 Training step done.
[ 2026-05-13 19:23:35 | node_27 | INFO ] 🛠️ Calling force_add_local_model...
[ 2026-05-13 19:23:35 | node_27 | INFO ] ✅ [FORCE] Local model added for round 46. (8/10)
[ 2026-05-13 19:23:36 | node_6 | INFO ] 🧠 Aggregation complete. Setting new model.
[ 2026-05-13 19:23:36 | node_40 | INFO ] 📤 Sending model to 7 direct neighbors: ['node', 'node_4', 'node_29', 'node_31', 'node_37', 'node_48', 'node_49']
[ 2026-05-13 19:23:36 | node_16 | INFO ] 🧩 Model added for round 46 (12/13) from ['node_18']
[ 2026-05-13 19:23:37 | node_8 | INFO ] 🧩 Model added for round 46 (5/5) from ['node_37']
[ 2026-05-13 19:23:37 | node_6 | INFO ] 🗣️ Gossiping aggregated model.
[ 2026-05-13 19:23:37 | node | INFO ] 🧩 Model added for round 46 (10/11) from ['node_40']
[ 2026-05-13 19:23:37 | node_7 | INFO ] 🧩 Model added for round 46 (9/9) from ['node_38']
[ 2026-05-13 19:23:37 | node_1 | INFO ] 📤 Sending model to 8 direct neighbors: ['node_4', 'node_5', 'node_27', 'node_30', 'node_32', 'node_42', 'node_44', 'node_46']
[ 2026-05-13 19:23:38 | node_44 | INFO ] 🧩 Model added for round 46 (9/13) from ['node_47']
[ 2026-05-13 19:23:38 | node_9 | INFO ] 🧩 Model added for round 46 (4/7) from ['node_37']
[ 2026-05-13 19:23:38 | node_13 | INFO ] 🧠 Aggregation complete. Setting new model.
[ 2026-05-13 19:23:38 | node_8 | INFO ] 🧠 Aggregation complete. Setting new model.
[ 2026-05-13 19:23:38 | node_7 | INFO ] 🧠 Aggregation complete. Setting new model.
[ 2026-05-13 19:23:38 | node_8 | INFO ] 🗣️ Gossiping aggregated model.
[ 2026-05-13 19:23:38 | node_4 | INFO ] 🧩 Model added for round 46 (9/10) from ['node_1']
[ 2026-05-13 19:23:38 | node_19 | INFO ] 🧩 Model added for round 46 (8/9) from ['node_18']
[ 2026-05-13 19:23:39 | node_7 | INFO ] 🗣️ Gossiping aggregated model.
[ 2026-05-13 19:23:39 | node_13 | INFO ] 🗣️ Gossiping aggregated model.
[ 2026-05-13 19:23:39 | node_11 | INFO ] 🧩 Model added for round 46 (12/13) from ['node_37']
[ 2026-05-13 19:23:39 | node_4 | INFO ] 🧩 Model added for round 46 (10/10) from ['node_40']
[ 2026-05-13 19:23:39 | node_9 | INFO ] 🧩 Model added for round 46 (5/7) from ['node_38']
[ 2026-05-13 19:23:39 | node_5 | INFO ] 🧩 Model added for round 46 (12/12) from ['node_1']
[ 2026-05-13 19:23:40 | node_24 | INFO ] 🧩 Model added for round 46 (9/10) from ['node_18']
[ 2026-05-13 19:23:41 | node_42 | INFO ] 🎉 Round 46 of 50 finished.
[ 2026-05-13 19:23:41 | node_42 | INFO ] 🗳️ [DETERMINISTIC] Train set assigned (No Voting). Size: 50
[ 2026-05-13 19:23:41 | node_27 | INFO ] 📤 Sending model to 9 direct neighbors: ['node_1', 'node_2', 'node_9', 'node_11', 'node_24', 'node_36', 'node_38', 'node_41', 'node_44']
[ 2026-05-13 19:23:41 | node_20 | INFO ] 🧩 Model added for round 46 (5/5) from ['node_38']
[ 2026-05-13 19:23:41 | node_42 | INFO ] ♻️ Proactively processing 9 early models for round 46.
[ 2026-05-13 19:23:41 | node_42 | INFO ] 🧩 Model added for round 46 (1/13) from ['node_46']
[ 2026-05-13 19:23:41 | node_42 | INFO ] 🧩 Model added for round 46 (2/13) from ['node_3']
[ 2026-05-13 19:23:41 | node_42 | INFO ] 🧩 Model added for round 46 (3/13) from ['node_19']
[ 2026-05-13 19:23:41 | node_42 | INFO ] 🧩 Model added for round 46 (4/13) from ['node_34']
[ 2026-05-13 19:23:41 | node_29 | INFO ] 🧩 Model added for round 46 (10/12) from ['node_40']
[ 2026-05-13 19:23:41 | node_12 | INFO ] 🧩 Model added for round 46 (7/7) from ['node_37']
[ 2026-05-13 19:23:41 | node_42 | INFO ] 🧩 Model added for round 46 (5/13) from ['node_16']
[ 2026-05-13 19:23:41 | node_1 | INFO ] 🧩 Model added for round 46 (7/9) from ['node_27']
[ 2026-05-13 19:23:41 | node_20 | INFO ] 🧠 Aggregation complete. Setting new model.
[ 2026-05-13 19:23:41 | node_42 | INFO ] 🧩 Model added for round 46 (6/13) from ['node_45']
[ 2026-05-13 19:23:41 | node_42 | INFO ] 🧩 Model added for round 46 (7/13) from ['node_29']
[ 2026-05-13 19:23:41 | node_4 | INFO ] 🧠 Aggregation complete. Setting new model.
[ 2026-05-13 19:23:41 | node_5 | INFO ] 🧠 Aggregation complete. Setting new model.
[ 2026-05-13 19:23:41 | node_12 | INFO ] 🧠 Aggregation complete. Setting new model.
[ 2026-05-13 19:23:41 | node_42 | INFO ] 🧩 Model added for round 46 (8/13) from ['node']
[ 2026-05-13 19:23:41 | node_42 | INFO ] 🧩 Model added for round 46 (9/13) from ['node_47']
[ 2026-05-13 19:23:41 | node_42 | INFO ] 🏋️‍♀️ Preparing training...
[ 2026-05-13 19:23:42 | node_20 | INFO ] 🗣️ Gossiping aggregated model.
[ 2026-05-13 19:23:42 | node_27 | INFO ] 🧩 Model added for round 46 (9/10) from ['node_1']
[ 2026-05-13 19:23:42 | node_42 | INFO ] 🎓 Training step done.
[ 2026-05-13 19:23:42 | node_21 | INFO ] 🧩 Model added for round 46 (12/12) from ['node_38']
[ 2026-05-13 19:23:42 | node_25 | INFO ] 🧩 Model added for round 46 (9/9) from ['node_18']
[ 2026-05-13 19:23:42 | node_42 | INFO ] 🛠️ Calling force_add_local_model...
[ 2026-05-13 19:23:42 | node_17 | INFO ] 🧩 Model added for round 46 (9/9) from ['node_37']
[ 2026-05-13 19:23:42 | node_12 | INFO ] 🗣️ Gossiping aggregated model.
[ 2026-05-13 19:23:42 | node_42 | INFO ] ✅ [FORCE] Local model added for round 46. (10/13)
[ 2026-05-13 19:23:42 | node_2 | INFO ] 🧩 Model added for round 46 (5/5) from ['node_27']
[ 2026-05-13 19:23:43 | node_4 | INFO ] 🗣️ Gossiping aggregated model.
[ 2026-05-13 19:23:43 | node_17 | INFO ] 🧠 Aggregation complete. Setting new model.
[ 2026-05-13 19:23:43 | node_2 | INFO ] 🧠 Aggregation complete. Setting new model.
[ 2026-05-13 19:23:43 | node_25 | INFO ] 🧠 Aggregation complete. Setting new model.
[ 2026-05-13 19:23:43 | node_21 | INFO ] 🧠 Aggregation complete. Setting new model.
[ 2026-05-13 19:23:43 | node_5 | INFO ] 🗣️ Gossiping aggregated model.
[ 2026-05-13 19:23:44 | node_2 | INFO ] 🗣️ Gossiping aggregated model.
[ 2026-05-13 19:23:44 | node_9 | INFO ] 🧩 Model added for round 46 (6/7) from ['node_27']
[ 2026-05-13 19:23:44 | node_17 | INFO ] 🗣️ Gossiping aggregated model.
[ 2026-05-13 19:23:44 | node_31 | INFO ] 🧩 Model added for round 46 (7/7) from ['node_40']
[ 2026-05-13 19:23:44 | node_25 | INFO ] 🗣️ Gossiping aggregated model.
[ 2026-05-13 19:23:44 | node_21 | INFO ] 🗣️ Gossiping aggregated model.
[ 2026-05-13 19:23:45 | node_23 | INFO ] 🧩 Model added for round 46 (4/4) from ['node_38']
[ 2026-05-13 19:23:45 | node_33 | INFO ] 🧩 Model added for round 46 (11/11) from ['node_18']
[ 2026-05-13 19:23:45 | node_11 | INFO ] 🧩 Model added for round 46 (13/13) from ['node_27']
[ 2026-05-13 19:23:45 | node_32 | INFO ] 🧩 Model added for round 46 (5/5) from ['node_1']
[ 2026-05-13 19:23:46 | node_37 | INFO ] 🧩 Model added for round 46 (11/12) from ['node_40']
[ 2026-05-13 19:23:46 | node_26 | INFO ] 🧩 Model added for round 46 (8/8) from ['node_38']
[ 2026-05-13 19:23:46 | node_35 | INFO ] 🧩 Model added for round 46 (7/8) from ['node_37']
[ 2026-05-13 19:23:47 | node_42 | INFO ] 📤 Sending model to 12 direct neighbors: ['node', 'node_1', 'node_3', 'node_16', 'node_19', 'node_29', 'node_34', 'node_37', 'node_38', 'node_45', 'node_46', 'node_47']
[ 2026-05-13 19:23:48 | node_42 | INFO ] 🧩 Model added for round 46 (11/13) from ['node_1']
[ 2026-05-13 19:23:48 | node_27 | INFO ] 🧩 Model added for round 46 (10/10) from ['node_38']
[ 2026-05-13 19:23:48 | node_24 | INFO ] 🧩 Model added for round 46 (10/10) from ['node_27']
[ 2026-05-13 19:23:48 | node_40 | INFO ] 🧩 Model added for round 46 (8/8) from ['node_37']
[ 2026-05-13 19:23:48 | node_35 | INFO ] 🧩 Model added for round 46 (8/8) from ['node_18']
[ 2026-05-13 19:23:48 | node | INFO ] 🧩 Model added for round 46 (11/11) from ['node_42']
[ 2026-05-13 19:23:48 | node_48 | INFO ] 🧩 Model added for round 46 (5/6) from ['node_40']
[ 2026-05-13 19:23:48 | ModelPackager | INFO ] Round 46: Consensus detected (dist: 0.000989). Patience: 1/5
[ 2026-05-13 19:23:48 | node_32 | INFO ] 🧠 Aggregation complete. Setting new model.
[ 2026-05-13 19:23:48 | node_31 | INFO ] 🧠 Aggregation complete. Setting new model.
[ 2026-05-13 19:23:48 | node_23 | INFO ] 🧠 Aggregation complete. Setting new model.
[ 2026-05-13 19:23:49 | node_32 | INFO ] 🗣️ Gossiping aggregated model.
[ 2026-05-13 19:23:49 | node_23 | INFO ] 🗣️ Gossiping aggregated model.
[ 2026-05-13 19:23:49 | node_44 | INFO ] 🧩 Model added for round 46 (10/13) from ['node_18']
[ 2026-05-13 19:23:49 | node_31 | INFO ] 🗣️ Gossiping aggregated model.
[ 2026-05-13 19:23:50 | node_36 | INFO ] 🧩 Model added for round 46 (9/10) from ['node_27']
[ 2026-05-13 19:23:50 | node_42 | INFO ] 🧩 Model added for round 46 (12/13) from ['node_37']
[ 2026-05-13 19:23:50 | node_28 | INFO ] 🧩 Model added for round 46 (10/10) from ['node_38']
[ 2026-05-13 19:23:50 | node_44 | INFO ] 🧩 Model added for round 46 (11/13) from ['node_1']
[ 2026-05-13 19:23:50 | node_49 | INFO ] 🧩 Model added for round 46 (6/6) from ['node_40']
[ 2026-05-13 19:23:50 | node_33 | INFO ] 🧠 Aggregation complete. Setting new model.
[ 2026-05-13 19:23:50 | node_26 | INFO ] 🧠 Aggregation complete. Setting new model.
[ 2026-05-13 19:23:50 | node_35 | INFO ] 🧠 Aggregation complete. Setting new model.
[ 2026-05-13 19:23:50 | node_11 | INFO ] 🧠 Aggregation complete. Setting new model.
[ 2026-05-13 19:23:50 | node_24 | INFO ] 🧠 Aggregation complete. Setting new model.
[ 2026-05-13 19:23:51 | node_26 | INFO ] 🗣️ Gossiping aggregated model.
[ 2026-05-13 19:23:51 | node_33 | INFO ] 🗣️ Gossiping aggregated model.
[ 2026-05-13 19:23:52 | node_35 | INFO ] 🗣️ Gossiping aggregated model.
[ 2026-05-13 19:23:52 | node_1 | INFO ] 🧩 Model added for round 46 (8/9) from ['node_42']
[ 2026-05-13 19:23:52 | node_24 | INFO ] 🗣️ Gossiping aggregated model.
[ 2026-05-13 19:23:52 | node_11 | INFO ] 🗣️ Gossiping aggregated model.
[ 2026-05-13 19:23:53 | node_47 | INFO ] 🧩 Model added for round 46 (13/14) from ['node_18']
[ 2026-05-13 19:23:53 | node_46 | INFO ] 🧩 Model added for round 46 (5/7) from ['node_37']
[ 2026-05-13 19:23:53 | node_29 | INFO ] 🧩 Model added for round 46 (11/12) from ['node_38']
[ 2026-05-13 19:23:53 | node_38 | INFO ] 🧩 Model added for round 46 (12/13) from ['node_27']
[ 2026-05-13 19:23:53 | node_46 | INFO ] 🧩 Model added for round 46 (6/7) from ['node_1']
[ 2026-05-13 19:23:54 | node_49 | INFO ] 🧠 Aggregation complete. Setting new model.
[ 2026-05-13 19:23:54 | node_3 | INFO ] 🧩 Model added for round 46 (8/8) from ['node_42']
[ 2026-05-13 19:23:54 | node_49 | INFO ] 🗣️ Gossiping aggregated model.
[ 2026-05-13 19:23:54 | node_48 | INFO ] 🧩 Model added for round 46 (6/6) from ['node_37']
[ 2026-05-13 19:23:55 | node | INFO ] 🧠 Aggregation complete. Setting new model.
[ 2026-05-13 19:23:55 | node_36 | INFO ] 🧩 Model added for round 46 (10/10) from ['node_38']
[ 2026-05-13 19:23:55 | node_41 | INFO ] 🧩 Model added for round 46 (7/7) from ['node_27']
[ 2026-05-13 19:23:55 | node_16 | INFO ] 🧩 Model added for round 46 (13/13) from ['node_42']
[ 2026-05-13 19:23:56 | node_28 | INFO ] 🧠 Aggregation complete. Setting new model.
[ 2026-05-13 19:23:56 | node_40 | INFO ] 🧠 Aggregation complete. Setting new model.
[ 2026-05-13 19:23:56 | node_3 | INFO ] 🧠 Aggregation complete. Setting new model.
[ 2026-05-13 19:23:56 | node_48 | INFO ] 🧠 Aggregation complete. Setting new model.
[ 2026-05-13 19:23:56 | node_41 | INFO ] 🧠 Aggregation complete. Setting new model.
[ 2026-05-13 19:23:56 | node_16 | INFO ] 🧠 Aggregation complete. Setting new model.
[ 2026-05-13 19:23:56 | node_36 | INFO ] 🧠 Aggregation complete. Setting new model.
[ 2026-05-13 19:23:56 | node | INFO ] 🗣️ Gossiping aggregated model.
[ 2026-05-13 19:23:57 | node_48 | INFO ] 🗣️ Gossiping aggregated model.
[ 2026-05-13 19:23:57 | node_28 | INFO ] 🗣️ Gossiping aggregated model.
[ 2026-05-13 19:23:57 | node_40 | INFO ] 🗣️ Gossiping aggregated model.
[ 2026-05-13 19:23:57 | node_41 | INFO ] 🗣️ Gossiping aggregated model.
[ 2026-05-13 19:23:58 | node_3 | INFO ] 🗣️ Gossiping aggregated model.
[ 2026-05-13 19:23:58 | node_42 | INFO ] 🧩 Model added for round 46 (13/13) from ['node_38']
[ 2026-05-13 19:23:58 | node_36 | INFO ] 🗣️ Gossiping aggregated model.
[ 2026-05-13 19:23:58 | node_16 | INFO ] 🗣️ Gossiping aggregated model.
[ 2026-05-13 19:23:59 | node_19 | INFO ] 🧩 Model added for round 46 (9/9) from ['node_42']
[ 2026-05-13 19:24:00 | node_44 | INFO ] 🧩 Model added for round 46 (12/13) from ['node_27']
[ 2026-05-13 19:24:01 | node_29 | INFO ] 🧩 Model added for round 46 (12/12) from ['node_42']
[ 2026-05-13 19:24:03 | node_19 | INFO ] 🧠 Aggregation complete. Setting new model.
[ 2026-05-13 19:24:04 | node_34 | INFO ] 🧩 Model added for round 46 (10/10) from ['node_42']
[ 2026-05-13 19:24:04 | node_19 | INFO ] 🗣️ Gossiping aggregated model.
[ 2026-05-13 19:24:05 | node_22 | INFO ] 🤫 Gossip finished.
[ 2026-05-13 19:24:05 | node_22 | INFO ] 🔬 Evaluating...
[ 2026-05-13 19:24:06 | node_22 | INFO ] 📈 Evaluated. Results: {'test_loss': 0.20563338696956635, 'test_acc': 0.9599999785423279, 'test_precision': 0.9602535963058472, 'test_recall': 0.9608544707298279, 'test_f1': 0.9598610401153564, 'communication_cost': 15053584}
[ 2026-05-13 19:24:06 | node_37 | INFO ] 🧩 Model added for round 46 (12/12) from ['node_42']
[ 2026-05-13 19:24:06 | node_22 | INFO ] 📢 Broadcasting metrics.
[ 2026-05-13 19:24:07 | node_27 | INFO ] 🧠 Aggregation complete. Setting new model.
[ 2026-05-13 19:24:08 | node_29 | INFO ] 🧠 Aggregation complete. Setting new model.
[ 2026-05-13 19:24:08 | node_38 | INFO ] 🧩 Model added for round 46 (13/13) from ['node_42']
[ 2026-05-13 19:24:08 | node_34 | INFO ] 🧠 Aggregation complete. Setting new model.
[ 2026-05-13 19:24:08 | node_37 | INFO ] 🧠 Aggregation complete. Setting new model.
[ 2026-05-13 19:24:08 | node_27 | INFO ] 🗣️ Gossiping aggregated model.
[ 2026-05-13 19:24:09 | node_22 | INFO ] 🎉 Round 47 of 50 finished.
[ 2026-05-13 19:24:09 | node_22 | INFO ] 🗳️ [DETERMINISTIC] Train set assigned (No Voting). Size: 50
[ 2026-05-13 19:24:09 | node_22 | INFO ] 🏋️‍♀️ Preparing training...
[ 2026-05-13 19:24:09 | node_2 | INFO ] 🤫 Gossip finished.
[ 2026-05-13 19:24:09 | node_2 | INFO ] 🔬 Evaluating...
[ 2026-05-13 19:24:10 | node_22 | INFO ] 🎓 Training step done.
[ 2026-05-13 19:24:10 | node_8 | INFO ] 🤫 Gossip finished.
[ 2026-05-13 19:24:10 | node_22 | INFO ] 🛠️ Calling force_add_local_model...
[ 2026-05-13 19:24:10 | node_2 | INFO ] 📈 Evaluated. Results: {'test_loss': 0.32724466919898987, 'test_acc': 0.9599999785423279, 'test_precision': 0.9632909893989563, 'test_recall': 0.9630115628242493, 'test_f1': 0.9624070525169373, 'communication_cost': 15053584}
[ 2026-05-13 19:24:10 | node_8 | INFO ] 🔬 Evaluating...
[ 2026-05-13 19:24:10 | node_22 | INFO ] ✅ [FORCE] Local model added for round 47. (1/5)
[ 2026-05-13 19:24:10 | node_29 | INFO ] 🗣️ Gossiping aggregated model.
[ 2026-05-13 19:24:10 | node_2 | INFO ] 📢 Broadcasting metrics.
[ 2026-05-13 19:24:10 | node_34 | INFO ] 🗣️ Gossiping aggregated model.
[ 2026-05-13 19:24:10 | node_48 | INFO ] 🤫 Gossip finished.
[ 2026-05-13 19:24:10 | node_38 | INFO ] 🧠 Aggregation complete. Setting new model.
[ 2026-05-13 19:24:10 | node_41 | INFO ] 🤫 Gossip finished.
[ 2026-05-13 19:24:10 | node_48 | INFO ] 🔬 Evaluating...
[ 2026-05-13 19:24:10 | node_41 | INFO ] 🔬 Evaluating...
[ 2026-05-13 19:24:10 | node_37 | INFO ] 🗣️ Gossiping aggregated model.
[ 2026-05-13 19:24:10 | node_8 | INFO ] 📈 Evaluated. Results: {'test_loss': 0.15942859649658203, 'test_acc': 0.9750000238418579, 'test_precision': 0.9726086258888245, 'test_recall': 0.9778473377227783, 'test_f1': 0.9741157293319702, 'communication_cost': 15053584}
[ 2026-05-13 19:24:11 | node_48 | INFO ] 📈 Evaluated. Results: {'test_loss': 0.24610579013824463, 'test_acc': 0.9750000238418579, 'test_precision': 0.9772254228591919, 'test_recall': 0.9665111303329468, 'test_f1': 0.9706332683563232, 'communication_cost': 18816980}
[ 2026-05-13 19:24:11 | node_8 | INFO ] 📢 Broadcasting metrics.
[ 2026-05-13 19:24:11 | node_41 | INFO ] 📈 Evaluated. Results: {'test_loss': 0.2650148868560791, 'test_acc': 0.9549999833106995, 'test_precision': 0.9625675678253174, 'test_recall': 0.9511094093322754, 'test_f1': 0.9523861408233643, 'communication_cost': 22580376}
[ 2026-05-13 19:24:11 | node_48 | INFO ] 📢 Broadcasting metrics.
[ 2026-05-13 19:24:11 | node_43 | INFO ] 🤫 Gossip finished.
[ 2026-05-13 19:24:12 | node_23 | INFO ] 🤫 Gossip finished.
[ 2026-05-13 19:24:12 | node_43 | INFO ] 🔬 Evaluating...
[ 2026-05-13 19:24:12 | node_12 | INFO ] 🤫 Gossip finished.
[ 2026-05-13 19:24:12 | node_45 | INFO ] 🧩 Model added for round 46 (5/5) from ['node_42']
[ 2026-05-13 19:24:12 | node_23 | INFO ] 🔬 Evaluating...
[ 2026-05-13 19:24:12 | node_12 | INFO ] 🔬 Evaluating...
[ 2026-05-13 19:24:12 | node_41 | INFO ] 📢 Broadcasting metrics.
[ 2026-05-13 19:24:12 | node_6 | INFO ] 🤫 Gossip finished.
[ 2026-05-13 19:24:12 | node_6 | INFO ] 🔬 Evaluating...
[ 2026-05-13 19:24:12 | node_2 | INFO ] 🎉 Round 47 of 50 finished.
[ 2026-05-13 19:24:12 | node_43 | INFO ] 📈 Evaluated. Results: {'test_loss': 0.28832316398620605, 'test_acc': 0.9750000238418579, 'test_precision': 0.9729197025299072, 'test_recall': 0.9729149341583252, 'test_f1': 0.9726465344429016, 'communication_cost': 11290188}
[ 2026-05-13 19:24:12 | node_2 | INFO ] 🗳️ [DETERMINISTIC] Train set assigned (No Voting). Size: 50
[ 2026-05-13 19:24:12 | node_2 | INFO ] 🏋️‍♀️ Preparing training...
[ 2026-05-13 19:24:12 | node_23 | INFO ] 📈 Evaluated. Results: {'test_loss': 0.16134744882583618, 'test_acc': 0.9750000238418579, 'test_precision': 0.9755212664604187, 'test_recall': 0.9764603972434998, 'test_f1': 0.9757568836212158, 'communication_cost': 11290188}
[ 2026-05-13 19:24:12 | node_12 | INFO ] 📈 Evaluated. Results: {'test_loss': 0.7057971954345703, 'test_acc': 0.9449999928474426, 'test_precision': 0.9429661631584167, 'test_recall': 0.947009801864624, 'test_f1': 0.9431779384613037, 'communication_cost': 22580376}
[ 2026-05-13 19:24:12 | node_38 | INFO ] 🗣️ Gossiping aggregated model.
[ 2026-05-13 19:24:13 | node_6 | INFO ] 📈 Evaluated. Results: {'test_loss': 0.27751460671424866, 'test_acc': 0.9800000190734863, 'test_precision': 0.9797252416610718, 'test_recall': 0.9771878719329834, 'test_f1': 0.9782006144523621, 'communication_cost': 26343772}
[ 2026-05-13 19:24:13 | node_43 | INFO ] 📢 Broadcasting metrics.
[ 2026-05-13 19:24:13 | node_2 | INFO ] 🎓 Training step done.
[ 2026-05-13 19:24:13 | node_8 | INFO ] 🎉 Round 47 of 50 finished.
[ 2026-05-13 19:24:13 | node_46 | INFO ] 🧩 Model added for round 46 (7/7) from ['node_42']
[ 2026-05-13 19:24:13 | node_23 | INFO ] 📢 Broadcasting metrics.
[ 2026-05-13 19:24:13 | node_12 | INFO ] 📢 Broadcasting metrics.
[ 2026-05-13 19:24:13 | node_2 | INFO ] 🛠️ Calling force_add_local_model...
[ 2026-05-13 19:24:13 | node_6 | INFO ] 📢 Broadcasting metrics.
[ 2026-05-13 19:24:13 | node_2 | INFO ] ✅ [FORCE] Local model added for round 47. (1/5)
[ 2026-05-13 19:24:13 | node_8 | INFO ] 🗳️ [DETERMINISTIC] Train set assigned (No Voting). Size: 50
[ 2026-05-13 19:24:13 | node_45 | INFO ] 🧠 Aggregation complete. Setting new model.
[ 2026-05-13 19:24:13 | node_46 | INFO ] 🧠 Aggregation complete. Setting new model.
[ 2026-05-13 19:24:14 | node_8 | INFO ] 🏋️‍♀️ Preparing training...
[ 2026-05-13 19:24:14 | node_8 | INFO ] 🎓 Training step done.
[ 2026-05-13 19:24:14 | node_46 | INFO ] 🗣️ Gossiping aggregated model.
[ 2026-05-13 19:24:14 | node_48 | INFO ] 🎉 Round 47 of 50 finished.
[ 2026-05-13 19:24:14 | node_8 | INFO ] 🛠️ Calling force_add_local_model...
[ 2026-05-13 19:24:14 | node_45 | INFO ] 🗣️ Gossiping aggregated model.
[ 2026-05-13 19:24:15 | node_8 | INFO ] ✅ [FORCE] Local model added for round 47. (1/5)
[ 2026-05-13 19:24:15 | node_48 | INFO ] 🗳️ [DETERMINISTIC] Train set assigned (No Voting). Size: 50
[ 2026-05-13 19:24:15 | node_47 | INFO ] 🧩 Model added for round 46 (14/14) from ['node_42']
[ 2026-05-13 19:24:15 | node_48 | INFO ] 🏋️‍♀️ Preparing training...
[ 2026-05-13 19:24:15 | node_43 | INFO ] 🎉 Round 47 of 50 finished.
[ 2026-05-13 19:24:15 | node_22 | INFO ] 📤 Sending model to 4 direct neighbors: ['node_5', 'node_17', 'node_19', 'node_24']
[ 2026-05-13 19:24:15 | node_23 | INFO ] 🎉 Round 47 of 50 finished.
[ 2026-05-13 19:24:15 | node_20 | INFO ] 🤫 Gossip finished.
[ 2026-05-13 19:24:15 | node_17 | INFO ] 🤫 Gossip finished.
[ 2026-05-13 19:24:15 | node_43 | INFO ] 🗳️ [DETERMINISTIC] Train set assigned (No Voting). Size: 50
[ 2026-05-13 19:24:15 | node_23 | INFO ] 🗳️ [DETERMINISTIC] Train set assigned (No Voting). Size: 50
[ 2026-05-13 19:24:15 | node_17 | INFO ] 🔬 Evaluating...
[ 2026-05-13 19:24:15 | node_20 | INFO ] 🔬 Evaluating...
[ 2026-05-13 19:24:15 | node_43 | INFO ] 🏋️‍♀️ Preparing training...
[ 2026-05-13 19:24:16 | node_23 | INFO ] 🏋️‍♀️ Preparing training...
[ 2026-05-13 19:24:16 | node_48 | INFO ] 🎓 Training step done.
[ 2026-05-13 19:24:16 | node_48 | INFO ] 🛠️ Calling force_add_local_model...
[ 2026-05-13 19:24:16 | node_41 | INFO ] 🎉 Round 47 of 50 finished.
[ 2026-05-13 19:24:16 | node_47 | INFO ] 🧠 Aggregation complete. Setting new model.
[ 2026-05-13 19:24:16 | node_41 | INFO ] 🗳️ [DETERMINISTIC] Train set assigned (No Voting). Size: 50
[ 2026-05-13 19:24:16 | node_20 | INFO ] 📈 Evaluated. Results: {'test_loss': 0.079570472240448, 'test_acc': 0.9850000143051147, 'test_precision': 0.9863095879554749, 'test_recall': 0.9873295426368713, 'test_f1': 0.9864455461502075, 'communication_cost': 15053584}
[ 2026-05-13 19:24:16 | node_48 | INFO ] ✅ [FORCE] Local model added for round 47. (1/6)
[ 2026-05-13 19:24:16 | node_17 | INFO ] 📈 Evaluated. Results: {'test_loss': 0.19868546724319458, 'test_acc': 0.9700000286102295, 'test_precision': 0.9688364267349243, 'test_recall': 0.9686060547828674, 'test_f1': 0.967571496963501, 'communication_cost': 30107168}
[ 2026-05-13 19:24:16 | node_41 | INFO ] 🏋️‍♀️ Preparing training...
[ 2026-05-13 19:24:16 | node_17 | INFO ] 📢 Broadcasting metrics.
[ 2026-05-13 19:24:16 | node_43 | INFO ] 🎓 Training step done.
[ 2026-05-13 19:24:16 | node_20 | INFO ] 📢 Broadcasting metrics.
[ 2026-05-13 19:24:16 | node_43 | INFO ] 🛠️ Calling force_add_local_model...
[ 2026-05-13 19:24:16 | node_43 | INFO ] ✅ [FORCE] Local model added for round 47. (1/4)
[ 2026-05-13 19:24:16 | node_23 | INFO ] 🎓 Training step done.
[ 2026-05-13 19:24:16 | node_41 | INFO ] 🎓 Training step done.
[ 2026-05-13 19:24:16 | node_23 | INFO ] 🛠️ Calling force_add_local_model...
[ 2026-05-13 19:24:17 | node_41 | INFO ] 🛠️ Calling force_add_local_model...
[ 2026-05-13 19:24:17 | node_23 | INFO ] ✅ [FORCE] Local model added for round 47. (1/4)
[ 2026-05-13 19:24:17 | node_41 | INFO ] ✅ [FORCE] Local model added for round 47. (1/7)
[ 2026-05-13 19:24:18 | node_12 | INFO ] 🎉 Round 47 of 50 finished.
[ 2026-05-13 19:24:18 | node_12 | INFO ] 🗳️ [DETERMINISTIC] Train set assigned (No Voting). Size: 50
[ 2026-05-13 19:24:18 | node_12 | INFO ] 🏋️‍♀️ Preparing training...
[ 2026-05-13 19:24:18 | node_47 | INFO ] 🗣️ Gossiping aggregated model.
[ 2026-05-13 19:24:18 | node_6 | INFO ] 🎉 Round 47 of 50 finished.
[ 2026-05-13 19:24:18 | node_6 | INFO ] 🗳️ [DETERMINISTIC] Train set assigned (No Voting). Size: 50
[ 2026-05-13 19:24:18 | node_2 | INFO ] 📤 Sending model to 4 direct neighbors: ['node_11', 'node_27', 'node_33', 'node_34']
[ 2026-05-13 19:24:18 | node_6 | INFO ] 🏋️‍♀️ Preparing training...
[ 2026-05-13 19:24:19 | node_31 | INFO ] 🤫 Gossip finished.
[ 2026-05-13 19:24:19 | node_12 | INFO ] 🎓 Training step done.
[ 2026-05-13 19:24:19 | node_12 | INFO ] 🛠️ Calling force_add_local_model...
[ 2026-05-13 19:24:19 | node_42 | INFO ] 🧠 Aggregation complete. Setting new model.
[ 2026-05-13 19:24:19 | node_12 | INFO ] ✅ [FORCE] Local model added for round 47. (1/7)
[ 2026-05-13 19:24:19 | node_31 | INFO ] 🔬 Evaluating...
[ 2026-05-13 19:24:19 | node_20 | INFO ] 🎉 Round 47 of 50 finished.
[ 2026-05-13 19:24:19 | node_6 | INFO ] 🎓 Training step done.
[ 2026-05-13 19:24:19 | node_6 | INFO ] 🛠️ Calling force_add_local_model...
[ 2026-05-13 19:24:19 | node_31 | INFO ] 📈 Evaluated. Results: {'test_loss': 0.2560424208641052, 'test_acc': 0.9700000286102295, 'test_precision': 0.9705477356910706, 'test_recall': 0.9677696824073792, 'test_f1': 0.9686341285705566, 'communication_cost': 22580376}
[ 2026-05-13 19:24:19 | node_20 | INFO ] 🗳️ [DETERMINISTIC] Train set assigned (No Voting). Size: 50
[ 2026-05-13 19:24:19 | node_6 | INFO ] ✅ [FORCE] Local model added for round 47. (1/8)
[ 2026-05-13 19:24:19 | node_31 | INFO ] 📢 Broadcasting metrics.
[ 2026-05-13 19:24:20 | node_20 | INFO ] 🏋️‍♀️ Preparing training...
[ 2026-05-13 19:24:20 | node_8 | INFO ] 📤 Sending model to 4 direct neighbors: ['node_3', 'node_15', 'node_29', 'node_37']
[ 2026-05-13 19:24:20 | node_20 | INFO ] 🎓 Training step done.
[ 2026-05-13 19:24:20 | node_20 | INFO ] 🛠️ Calling force_add_local_model...
[ 2026-05-13 19:24:20 | node_20 | INFO ] ✅ [FORCE] Local model added for round 47. (1/5)
[ 2026-05-13 19:24:21 | node_48 | INFO ] 📤 Sending model to 5 direct neighbors: ['node', 'node_13', 'node_16', 'node_37', 'node_40']
[ 2026-05-13 19:24:21 | node_42 | INFO ] 🗣️ Gossiping aggregated model.
[ 2026-05-13 19:24:21 | node_43 | INFO ] 📤 Sending model to 3 direct neighbors: ['node_10', 'node_15', 'node_29']
[ 2026-05-13 19:24:22 | node_17 | INFO ] 🎉 Round 47 of 50 finished.
[ 2026-05-13 19:24:22 | node_23 | INFO ] 📤 Sending model to 3 direct neighbors: ['node_15', 'node_24', 'node_38']
[ 2026-05-13 19:24:22 | node_41 | INFO ] 📤 Sending model to 6 direct neighbors: ['node_6', 'node_15', 'node_16', 'node_27', 'node_31', 'node_49']
[ 2026-05-13 19:24:22 | node_17 | INFO ] 🗳️ [DETERMINISTIC] Train set assigned (No Voting). Size: 50
[ 2026-05-13 19:24:22 | node_45 | INFO ] 🤫 Gossip finished.
[ 2026-05-13 19:24:22 | node_17 | INFO ] ♻️ Proactively processing 1 early models for round 47.
[ 2026-05-13 19:24:22 | node_17 | INFO ] 🧩 Model added for round 47 (1/9) from ['node_22']
[ 2026-05-13 19:24:22 | node_45 | INFO ] 🔬 Evaluating...
[ 2026-05-13 19:24:22 | node_6 | INFO ] 🧩 Model added for round 47 (2/8) from ['node_41']
[ 2026-05-13 19:24:22 | node_17 | INFO ] 🏋️‍♀️ Preparing training...
[ 2026-05-13 19:24:23 | node_45 | INFO ] 📈 Evaluated. Results: {'test_loss': 0.4753691852092743, 'test_acc': 0.9649999737739563, 'test_precision': 0.9592512249946594, 'test_recall': 0.9691522121429443, 'test_f1': 0.9627642035484314, 'communication_cost': 15053584}
[ 2026-05-13 19:24:23 | node_45 | INFO ] 📢 Broadcasting metrics.
[ 2026-05-13 19:24:23 | node_17 | INFO ] 🎓 Training step done.
[ 2026-05-13 19:24:23 | node_17 | INFO ] 🛠️ Calling force_add_local_model...
[ 2026-05-13 19:24:23 | node_17 | INFO ] ✅ [FORCE] Local model added for round 47. (2/9)
[ 2026-05-13 19:24:24 | node_31 | INFO ] 🎉 Round 47 of 50 finished.
[ 2026-05-13 19:24:24 | node_12 | INFO ] 📤 Sending model to 6 direct neighbors: ['node_4', 'node_11', 'node_24', 'node_34', 'node_36', 'node_37']
[ 2026-05-13 19:24:24 | node_31 | INFO ] 🗳️ [DETERMINISTIC] Train set assigned (No Voting). Size: 50
[ 2026-05-13 19:24:24 | node_31 | INFO ] 🏋️‍♀️ Preparing training...
[ 2026-05-13 19:24:24 | node_6 | INFO ] 📤 Sending model to 7 direct neighbors: ['node_3', 'node_7', 'node_10', 'node_11', 'node_16', 'node_38', 'node_41']
[ 2026-05-13 19:24:25 | node_31 | INFO ] 🎓 Training step done.
[ 2026-05-13 19:24:25 | node_31 | INFO ] 🛠️ Calling force_add_local_model...
[ 2026-05-13 19:24:25 | node_31 | INFO ] ✅ [FORCE] Local model added for round 47. (1/7)
[ 2026-05-13 19:24:25 | node_20 | INFO ] 📤 Sending model to 4 direct neighbors: ['node_5', 'node_17', 'node_38', 'node_46']
[ 2026-05-13 19:24:26 | node_31 | INFO ] 🧩 Model added for round 47 (2/7) from ['node_41']
[ 2026-05-13 19:24:26 | node_45 | INFO ] 🎉 Round 47 of 50 finished.
[ 2026-05-13 19:24:26 | node_45 | INFO ] 🗳️ [DETERMINISTIC] Train set assigned (No Voting). Size: 50
[ 2026-05-13 19:24:27 | node_17 | INFO ] 🧩 Model added for round 47 (3/9) from ['node_20']
[ 2026-05-13 19:24:27 | node_45 | INFO ] 🏋️‍♀️ Preparing training...
[ 2026-05-13 19:24:27 | node_45 | INFO ] 🎓 Training step done.
[ 2026-05-13 19:24:27 | node_45 | INFO ] 🛠️ Calling force_add_local_model...
[ 2026-05-13 19:24:27 | node_45 | INFO ] ✅ [FORCE] Local model added for round 47. (1/5)
[ 2026-05-13 19:24:28 | node_41 | INFO ] 🧩 Model added for round 47 (2/7) from ['node_6']
[ 2026-05-13 19:24:28 | node_17 | INFO ] 📤 Sending model to 8 direct neighbors: ['node_5', 'node_20', 'node_21', 'node_22', 'node_25', 'node_31', 'node_37', 'node_46']
[ 2026-05-13 19:24:29 | node_20 | INFO ] 🧩 Model added for round 47 (2/5) from ['node_17']
[ 2026-05-13 19:24:30 | node_31 | INFO ] 📤 Sending model to 6 direct neighbors: ['node_13', 'node_17', 'node_21', 'node_40', 'node_41', 'node_47']
[ 2026-05-13 19:24:31 | node_22 | INFO ] 🧩 Model added for round 47 (2/5) from ['node_17']
[ 2026-05-13 19:24:32 | node_17 | INFO ] 🧩 Model added for round 47 (4/9) from ['node_31']
[ 2026-05-13 19:24:33 | node_45 | INFO ] 📤 Sending model to 4 direct neighbors: ['node', 'node_19', 'node_34', 'node_42']
[ 2026-05-13 19:24:33 | node_31 | INFO ] 🧩 Model added for round 47 (3/7) from ['node_17']
[ 2026-05-13 19:24:34 | node_41 | INFO ] 🧩 Model added for round 47 (3/7) from ['node_31']
[ 2026-05-13 19:25:20 | node_39 | INFO ] ⏹️  Gossiping exited for 50 equal rounds.
[ 2026-05-13 19:25:20 | node_39 | INFO ] 🔬 Evaluating...
[ 2026-05-13 19:25:20 | node_39 | INFO ] 📈 Evaluated. Results: {'test_loss': 0.2642053961753845, 'test_acc': 0.949999988079071, 'test_precision': 0.9510354399681091, 'test_recall': 0.9436572194099426, 'test_f1': 0.9459872245788574, 'communication_cost': 26343772}
[ 2026-05-13 19:25:20 | node_39 | INFO ] 📢 Broadcasting metrics.
[ 2026-05-13 19:25:25 | node_39 | INFO ] 🎉 Round 47 of 50 finished.
[ 2026-05-13 19:25:25 | node_39 | INFO ] 🗳️ [DETERMINISTIC] Train set assigned (No Voting). Size: 50
[ 2026-05-13 19:25:25 | node_39 | INFO ] 🏋️‍♀️ Preparing training...
[ 2026-05-13 19:25:25 | node_39 | INFO ] 🎓 Training step done.
[ 2026-05-13 19:25:25 | node_39 | INFO ] 🛠️ Calling force_add_local_model...
[ 2026-05-13 19:25:25 | node_39 | INFO ] ✅ [FORCE] Local model added for round 47. (1/8)
[ 2026-05-13 19:25:31 | node_39 | INFO ] 📤 Sending model to 7 direct neighbors: ['node_7', 'node_10', 'node_16', 'node_28', 'node_33', 'node_36', 'node_44']
[ 2026-05-13 19:25:31 | node_30 | INFO ] ⏹️  Gossiping exited for 50 equal rounds.
[ 2026-05-13 19:25:31 | node_30 | INFO ] 🔬 Evaluating...
[ 2026-05-13 19:25:32 | node_30 | INFO ] 📈 Evaluated. Results: {'test_loss': 0.03625447675585747, 'test_acc': 0.9850000143051147, 'test_precision': 0.9837249517440796, 'test_recall': 0.986666738986969, 'test_f1': 0.9846744537353516, 'communication_cost': 18816980}
[ 2026-05-13 19:25:32 | node_30 | INFO ] 📢 Broadcasting metrics.
[ 2026-05-13 19:25:33 | node_26 | INFO ] ⏹️  Gossiping exited for 50 equal rounds.
[ 2026-05-13 19:25:34 | node_26 | INFO ] 🔬 Evaluating...
[ 2026-05-13 19:25:34 | node_26 | INFO ] 📈 Evaluated. Results: {'test_loss': 0.10742729902267456, 'test_acc': 0.9700000286102295, 'test_precision': 0.9712547063827515, 'test_recall': 0.9688089489936829, 'test_f1': 0.969737708568573, 'communication_cost': 26343772}
[ 2026-05-13 19:25:34 | node_15 | INFO ] ⏹️  Gossiping exited for 50 equal rounds.
[ 2026-05-13 19:25:34 | node_26 | INFO ] 📢 Broadcasting metrics.
[ 2026-05-13 19:25:34 | node_15 | INFO ] 🔬 Evaluating...
[ 2026-05-13 19:25:34 | node_15 | INFO ] 📈 Evaluated. Results: {'test_loss': 0.8672095537185669, 'test_acc': 0.9200000166893005, 'test_precision': 0.9225801229476929, 'test_recall': 0.9194804430007935, 'test_f1': 0.9191851615905762, 'communication_cost': 33870564}
[ 2026-05-13 19:25:34 | node_15 | INFO ] 📢 Broadcasting metrics.
[ 2026-05-13 19:25:35 | node_30 | INFO ] 🎉 Round 46 of 50 finished.
[ 2026-05-13 19:25:35 | node_30 | INFO ] 🗳️ [DETERMINISTIC] Train set assigned (No Voting). Size: 50
[ 2026-05-13 19:25:36 | node_30 | INFO ] ♻️ Proactively processing 5 early models for round 46.
[ 2026-05-13 19:25:36 | node_30 | INFO ] 🧩 Model added for round 46 (1/6) from ['node_9']
[ 2026-05-13 19:25:36 | node_30 | INFO ] 🧩 Model added for round 46 (2/6) from ['node_14']
[ 2026-05-13 19:25:36 | node_30 | INFO ] 🧩 Model added for round 46 (3/6) from ['node_44']
[ 2026-05-13 19:25:36 | node_30 | INFO ] 🧩 Model added for round 46 (4/6) from ['node_18']
[ 2026-05-13 19:25:36 | node_30 | INFO ] 🧩 Model added for round 46 (5/6) from ['node_1']
[ 2026-05-13 19:25:36 | node_30 | INFO ] 🏋️‍♀️ Preparing training...
[ 2026-05-13 19:25:37 | node_30 | INFO ] 🎓 Training step done.
[ 2026-05-13 19:25:37 | node_30 | INFO ] 🛠️ Calling force_add_local_model...
[ 2026-05-13 19:25:37 | node_30 | INFO ] ✅ [FORCE] Local model added for round 46. (6/6)
[ 2026-05-13 19:25:38 | node_26 | INFO ] 🎉 Round 47 of 50 finished.
[ 2026-05-13 19:25:38 | node_26 | INFO ] 🗳️ [DETERMINISTIC] Train set assigned (No Voting). Size: 50
[ 2026-05-13 19:25:38 | node_26 | INFO ] 🏋️‍♀️ Preparing training...
[ 2026-05-13 19:25:39 | node_26 | INFO ] 🎓 Training step done.
[ 2026-05-13 19:25:39 | node_26 | INFO ] 🛠️ Calling force_add_local_model...
[ 2026-05-13 19:25:39 | node_26 | INFO ] ✅ [FORCE] Local model added for round 47. (1/8)
[ 2026-05-13 19:25:40 | node_10 | INFO ] ⏹️  Gossiping exited for 50 equal rounds.
[ 2026-05-13 19:25:40 | node_10 | INFO ] 🔬 Evaluating...
[ 2026-05-13 19:25:40 | node_15 | INFO ] 🎉 Round 47 of 50 finished.
[ 2026-05-13 19:25:40 | node_10 | INFO ] 📈 Evaluated. Results: {'test_loss': 0.12529152631759644, 'test_acc': 0.9800000190734863, 'test_precision': 0.9820630550384521, 'test_recall': 0.9819872379302979, 'test_f1': 0.9817001819610596, 'communication_cost': 33870564}
[ 2026-05-13 19:25:40 | node_15 | INFO ] 🗳️ [DETERMINISTIC] Train set assigned (No Voting). Size: 50
[ 2026-05-13 19:25:40 | node_10 | INFO ] 📢 Broadcasting metrics.
[ 2026-05-13 19:25:41 | node_15 | INFO ] ♻️ Proactively processing 4 early models for round 47.
[ 2026-05-13 19:25:41 | node_15 | INFO ] 🧩 Model added for round 47 (1/10) from ['node_8']
[ 2026-05-13 19:25:41 | node_15 | INFO ] 🧩 Model added for round 47 (2/10) from ['node_23']
[ 2026-05-13 19:25:41 | node_15 | INFO ] 🧩 Model added for round 47 (3/10) from ['node_43']
[ 2026-05-13 19:25:41 | node_15 | INFO ] 🧩 Model added for round 47 (4/10) from ['node_41']
[ 2026-05-13 19:25:41 | node_15 | INFO ] 🏋️‍♀️ Preparing training...
[ 2026-05-13 19:25:41 | node_15 | INFO ] 🎓 Training step done.
[ 2026-05-13 19:25:42 | node_15 | INFO ] 🛠️ Calling force_add_local_model...
[ 2026-05-13 19:25:42 | node_15 | INFO ] ✅ [FORCE] Local model added for round 47. (5/10)
[ 2026-05-13 19:25:42 | node_30 | INFO ] 📤 Sending model to 5 direct neighbors: ['node_1', 'node_9', 'node_14', 'node_18', 'node_44']
[ 2026-05-13 19:25:42 | node_1 | INFO ] 🧩 Model added for round 46 (9/9) from ['node_30']
[ 2026-05-13 19:25:43 | node_46 | INFO ] ⏹️  Gossiping exited for 50 equal rounds.
[ 2026-05-13 19:25:44 | node_46 | INFO ] 🔬 Evaluating...
[ 2026-05-13 19:25:44 | node_46 | INFO ] 📈 Evaluated. Results: {'test_loss': 0.12474165856838226, 'test_acc': 0.9700000286102295, 'test_precision': 0.967542827129364, 'test_recall': 0.9729620218276978, 'test_f1': 0.9695098996162415, 'communication_cost': 22580376}
[ 2026-05-13 19:25:44 | node_26 | INFO ] 📤 Sending model to 7 direct neighbors: ['node_4', 'node_7', 'node_13', 'node_14', 'node_16', 'node_38', 'node_47']
[ 2026-05-13 19:25:44 | node_46 | INFO ] 📢 Broadcasting metrics.
[ 2026-05-13 19:25:44 | node_1 | INFO ] 🧠 Aggregation complete. Setting new model.
[ 2026-05-13 19:25:44 | node_9 | INFO ] 🧩 Model added for round 46 (7/7) from ['node_30']
[ 2026-05-13 19:25:45 | node_9 | INFO ] 🧠 Aggregation complete. Setting new model.
[ 2026-05-13 19:25:45 | node_1 | INFO ] 🗣️ Gossiping aggregated model.
[ 2026-05-13 19:25:46 | node_9 | INFO ] 🗣️ Gossiping aggregated model.
[ 2026-05-13 19:25:46 | node_10 | INFO ] 🎉 Round 47 of 50 finished.
[ 2026-05-13 19:25:46 | node_14 | INFO ] 🧩 Model added for round 46 (10/10) from ['node_30']
[ 2026-05-13 19:25:46 | node_10 | INFO ] 🗳️ [DETERMINISTIC] Train set assigned (No Voting). Size: 50
[ 2026-05-13 19:25:46 | node_10 | INFO ] ♻️ Proactively processing 3 early models for round 47.
[ 2026-05-13 19:25:46 | node_10 | INFO ] 🧩 Model added for round 47 (1/10) from ['node_43']
[ 2026-05-13 19:25:46 | node_10 | INFO ] 🧩 Model added for round 47 (2/10) from ['node_6']
[ 2026-05-13 19:25:46 | node_10 | INFO ] 🧩 Model added for round 47 (3/10) from ['node_39']
[ 2026-05-13 19:25:46 | node_10 | INFO ] 🏋️‍♀️ Preparing training...
[ 2026-05-13 19:25:47 | node_15 | INFO ] 📤 Sending model to 9 direct neighbors: ['node', 'node_8', 'node_13', 'node_21', 'node_23', 'node_28', 'node_41', 'node_43', 'node_49']
[ 2026-05-13 19:25:47 | node_10 | INFO ] 🎓 Training step done.
[ 2026-05-13 19:25:47 | node_10 | INFO ] 🛠️ Calling force_add_local_model...
[ 2026-05-13 19:25:47 | node_10 | INFO ] ✅ [FORCE] Local model added for round 47. (4/10)
[ 2026-05-13 19:25:47 | node_14 | INFO ] 🧠 Aggregation complete. Setting new model.
[ 2026-05-13 19:25:47 | node_46 | INFO ] 🎉 Round 47 of 50 finished.
[ 2026-05-13 19:25:48 | node_46 | INFO ] 🗳️ [DETERMINISTIC] Train set assigned (No Voting). Size: 50
[ 2026-05-13 19:25:48 | node_46 | INFO ] ♻️ Proactively processing 2 early models for round 47.
[ 2026-05-13 19:25:48 | node_46 | INFO ] 🧩 Model added for round 47 (1/7) from ['node_20']
[ 2026-05-13 19:25:48 | node_46 | INFO ] 🧩 Model added for round 47 (2/7) from ['node_17']
[ 2026-05-13 19:25:48 | node_46 | INFO ] 🏋️‍♀️ Preparing training...
[ 2026-05-13 19:25:48 | node_8 | INFO ] 🧩 Model added for round 47 (2/5) from ['node_15']
[ 2026-05-13 19:25:48 | node_18 | INFO ] 🧩 Model added for round 46 (15/15) from ['node_30']
[ 2026-05-13 19:25:49 | node_14 | INFO ] 🗣️ Gossiping aggregated model.
[ 2026-05-13 19:25:50 | node_46 | INFO ] 🎓 Training step done.
[ 2026-05-13 19:25:50 | node_46 | INFO ] 🛠️ Calling force_add_local_model...
[ 2026-05-13 19:25:50 | node_46 | INFO ] ✅ [FORCE] Local model added for round 47. (3/7)
[ 2026-05-13 19:25:50 | node_44 | INFO ] 🧩 Model added for round 46 (13/13) from ['node_30']
[ 2026-05-13 19:25:50 | node_23 | INFO ] 🧩 Model added for round 47 (2/4) from ['node_15']
[ 2026-05-13 19:25:52 | node_18 | INFO ] 🧠 Aggregation complete. Setting new model.
[ 2026-05-13 19:25:52 | node_10 | INFO ] 📤 Sending model to 9 direct neighbors: ['node', 'node_6', 'node_11', 'node_14', 'node_29', 'node_34', 'node_39', 'node_43', 'node_44']
[ 2026-05-13 19:25:53 | node_44 | INFO ] 🧠 Aggregation complete. Setting new model.
[ 2026-05-13 19:25:53 | node_41 | INFO ] 🧩 Model added for round 47 (4/7) from ['node_15']
[ 2026-05-13 19:25:53 | node_32 | INFO ] ⏹️  Gossiping exited for 50 equal rounds.
[ 2026-05-13 19:25:53 | node_32 | INFO ] 🔬 Evaluating...
[ 2026-05-13 19:25:54 | node_6 | INFO ] 🧩 Model added for round 47 (3/8) from ['node_10']
[ 2026-05-13 19:25:54 | node_30 | INFO ] 🧠 Aggregation complete. Setting new model.
[ 2026-05-13 19:25:54 | node_32 | INFO ] 📈 Evaluated. Results: {'test_loss': 0.36627915501594543, 'test_acc': 0.9700000286102295, 'test_precision': 0.9678881764411926, 'test_recall': 0.9752857685089111, 'test_f1': 0.9705919623374939, 'communication_cost': 15053584}
[ 2026-05-13 19:25:54 | node_32 | INFO ] 📢 Broadcasting metrics.
[ 2026-05-13 19:25:54 | node_27 | INFO ] 🤫 Gossip finished.
[ 2026-05-13 19:25:55 | node_27 | INFO ] 🔬 Evaluating...
[ 2026-05-13 19:25:55 | node_30 | INFO ] 🗣️ Gossiping aggregated model.
[ 2026-05-13 19:25:55 | node_38 | INFO ] ⏹️  Gossiping exited for 50 equal rounds.
[ 2026-05-13 19:25:55 | node_30 | INFO ] 🤫 Gossip finished.
[ 2026-05-13 19:25:55 | node_30 | INFO ] 🔬 Evaluating...
[ 2026-05-13 19:25:55 | node_18 | INFO ] 🗣️ Gossiping aggregated model.
[ 2026-05-13 19:25:55 | node_38 | INFO ] 🔬 Evaluating...
[ 2026-05-13 19:25:55 | node_44 | INFO ] 🗣️ Gossiping aggregated model.
[ 2026-05-13 19:25:55 | node_46 | INFO ] 📤 Sending model to 6 direct neighbors: ['node_1', 'node_4', 'node_17', 'node_20', 'node_37', 'node_42']
[ 2026-05-13 19:25:55 | node_27 | INFO ] 📈 Evaluated. Results: {'test_loss': 0.27957192063331604, 'test_acc': 0.9750000238418579, 'test_precision': 0.9734035730361938, 'test_recall': 0.9768060445785522, 'test_f1': 0.9742510914802551, 'communication_cost': 33870564}
[ 2026-05-13 19:25:55 | node_43 | INFO ] 🧩 Model added for round 47 (2/4) from ['node_15']
[ 2026-05-13 19:25:55 | node_30 | INFO ] 📈 Evaluated. Results: {'test_loss': 0.14977283775806427, 'test_acc': 0.9800000190734863, 'test_precision': 0.9791795611381531, 'test_recall': 0.9811111688613892, 'test_f1': 0.9794917106628418, 'communication_cost': 18816980}
[ 2026-05-13 19:25:56 | node_38 | INFO ] 📈 Evaluated. Results: {'test_loss': 0.015848184004426003, 'test_acc': 0.9950000047683716, 'test_precision': 0.995238184928894, 'test_recall': 0.9956522583961487, 'test_f1': 0.9953387975692749, 'communication_cost': 45160752}
[ 2026-05-13 19:25:56 | node_27 | INFO ] 📢 Broadcasting metrics.
[ 2026-05-13 19:25:56 | node_32 | INFO ] 🎉 Round 47 of 50 finished.
[ 2026-05-13 19:25:56 | node_30 | INFO ] 📢 Broadcasting metrics.
[ 2026-05-13 19:25:56 | node_32 | INFO ] 🗳️ [DETERMINISTIC] Train set assigned (No Voting). Size: 50
[ 2026-05-13 19:25:56 | node_32 | INFO ] 🏋️‍♀️ Preparing training...
[ 2026-05-13 19:25:57 | node_38 | INFO ] 📢 Broadcasting metrics.
[ 2026-05-13 19:25:57 | node_32 | INFO ] 🎓 Training step done.
[ 2026-05-13 19:25:57 | node_17 | INFO ] 🧩 Model added for round 47 (5/9) from ['node_46']
[ 2026-05-13 19:25:57 | node_32 | INFO ] 🛠️ Calling force_add_local_model...
[ 2026-05-13 19:25:57 | node_32 | INFO ] ✅ [FORCE] Local model added for round 47. (1/5)
[ 2026-05-13 19:25:58 | node_39 | INFO ] 🧩 Model added for round 47 (2/8) from ['node_10']
[ 2026-05-13 19:25:59 | node_30 | INFO ] 🎉 Round 47 of 50 finished.
[ 2026-05-13 19:25:59 | node_20 | INFO ] 🧩 Model added for round 47 (3/5) from ['node_46']
[ 2026-05-13 19:25:59 | node_30 | INFO ] 🗳️ [DETERMINISTIC] Train set assigned (No Voting). Size: 50
[ 2026-05-13 19:25:59 | node_30 | INFO ] 🏋️‍♀️ Preparing training...
[ 2026-05-13 19:26:00 | node_43 | INFO ] 🧩 Model added for round 47 (3/4) from ['node_10']
[ 2026-05-13 19:26:00 | node_30 | INFO ] 🎓 Training step done.
[ 2026-05-13 19:26:00 | node_30 | INFO ] 🛠️ Calling force_add_local_model...
[ 2026-05-13 19:26:00 | node_30 | INFO ] ✅ [FORCE] Local model added for round 47. (1/6)
[ 2026-05-13 19:26:00 | node_33 | INFO ] ⏹️  Gossiping exited for 50 equal rounds.
[ 2026-05-13 19:26:00 | node_34 | INFO ] ⏹️  Gossiping exited for 50 equal rounds.
[ 2026-05-13 19:26:00 | node_27 | INFO ] 🎉 Round 47 of 50 finished.
[ 2026-05-13 19:26:00 | node_33 | INFO ] 🔬 Evaluating...
[ 2026-05-13 19:26:00 | node_27 | INFO ] 🗳️ [DETERMINISTIC] Train set assigned (No Voting). Size: 50
[ 2026-05-13 19:26:01 | node_34 | INFO ] 🔬 Evaluating...
[ 2026-05-13 19:26:01 | node_27 | INFO ] ♻️ Proactively processing 2 early models for round 47.
[ 2026-05-13 19:26:01 | node_27 | INFO ] 🧩 Model added for round 47 (1/10) from ['node_2']
[ 2026-05-13 19:26:01 | node_27 | INFO ] 🧩 Model added for round 47 (2/10) from ['node_41']
[ 2026-05-13 19:26:01 | node_33 | INFO ] 📈 Evaluated. Results: {'test_loss': 0.21447479724884033, 'test_acc': 0.9649999737739563, 'test_precision': 0.9635146856307983, 'test_recall': 0.9656046032905579, 'test_f1': 0.9629723429679871, 'communication_cost': 37633960}
[ 2026-05-13 19:26:01 | node_27 | INFO ] 🏋️‍♀️ Preparing training...
[ 2026-05-13 19:26:01 | node_34 | INFO ] 📈 Evaluated. Results: {'test_loss': 0.2430119663476944, 'test_acc': 0.9649999737739563, 'test_precision': 0.961792528629303, 'test_recall': 0.9682345390319824, 'test_f1': 0.9641185998916626, 'communication_cost': 33870564}
[ 2026-05-13 19:26:01 | node_33 | INFO ] 📢 Broadcasting metrics.
[ 2026-05-13 19:26:01 | node_34 | INFO ] 📢 Broadcasting metrics.
[ 2026-05-13 19:26:01 | node_24 | INFO ] ⏹️  Gossiping exited for 50 equal rounds.
[ 2026-05-13 19:26:01 | node_27 | INFO ] 🎓 Training step done.
[ 2026-05-13 19:26:02 | node_27 | INFO ] 🛠️ Calling force_add_local_model...
[ 2026-05-13 19:26:02 | node_24 | INFO ] 🔬 Evaluating...
[ 2026-05-13 19:26:02 | node_27 | INFO ] ✅ [FORCE] Local model added for round 47. (3/10)
[ 2026-05-13 19:26:02 | node_24 | INFO ] 📈 Evaluated. Results: {'test_loss': 0.02961781993508339, 'test_acc': 0.9900000095367432, 'test_precision': 0.9897698760032654, 'test_recall': 0.9917898774147034, 'test_f1': 0.9905540943145752, 'communication_cost': 33870564}
[ 2026-05-13 19:26:02 | node_24 | INFO ] 📢 Broadcasting metrics.
[ 2026-05-13 19:26:02 | node_32 | INFO ] 📤 Sending model to 4 direct neighbors: ['node_1', 'node_16', 'node_44', 'node_49']
[ 2026-05-13 19:26:04 | node_38 | INFO ] 🎉 Round 47 of 50 finished.
[ 2026-05-13 19:26:04 | node_38 | INFO ] 🗳️ [DETERMINISTIC] Train set assigned (No Voting). Size: 50
[ 2026-05-13 19:26:04 | node_38 | INFO ] ♻️ Proactively processing 4 early models for round 47.
[ 2026-05-13 19:26:05 | node_38 | INFO ] 🧩 Model added for round 47 (1/13) from ['node_23']
[ 2026-05-13 19:26:05 | node_38 | INFO ] 🧩 Model added for round 47 (2/13) from ['node_6']
[ 2026-05-13 19:26:05 | node_38 | INFO ] 🧩 Model added for round 47 (3/13) from ['node_20']
[ 2026-05-13 19:26:05 | node_38 | INFO ] 🧩 Model added for round 47 (4/13) from ['node_26']
[ 2026-05-13 19:26:05 | node_38 | INFO ] 🏋️‍♀️ Preparing training...
[ 2026-05-13 19:26:05 | node_30 | INFO ] 📤 Sending model to 5 direct neighbors: ['node_1', 'node_9', 'node_14', 'node_18', 'node_44']
[ 2026-05-13 19:26:05 | node | INFO ] ⏹️  Gossiping exited for 50 equal rounds.
[ 2026-05-13 19:26:05 | node | INFO ] 🔬 Evaluating...
[ 2026-05-13 19:26:05 | node_38 | INFO ] 🎓 Training step done.
[ 2026-05-13 19:26:05 | node_38 | INFO ] 🛠️ Calling force_add_local_model...
[ 2026-05-13 19:26:06 | node_38 | INFO ] ✅ [FORCE] Local model added for round 47. (5/13)
[ 2026-05-13 19:26:06 | node | INFO ] 📈 Evaluated. Results: {'test_loss': 0.2310379147529602, 'test_acc': 0.9599999785423279, 'test_precision': 0.9563615918159485, 'test_recall': 0.9601551294326782, 'test_f1': 0.9573605060577393, 'communication_cost': 37633960}
[ 2026-05-13 19:26:06 | node | INFO ] 📢 Broadcasting metrics.
[ 2026-05-13 19:26:06 | node_40 | INFO ] ⏹️  Gossiping exited for 50 equal rounds.
[ 2026-05-13 19:26:06 | node_28 | INFO ] ⏹️  Gossiping exited for 50 equal rounds.
[ 2026-05-13 19:26:06 | node_40 | INFO ] 🔬 Evaluating...
[ 2026-05-13 19:26:06 | node_28 | INFO ] 🔬 Evaluating...
[ 2026-05-13 19:26:07 | node_40 | INFO ] 📈 Evaluated. Results: {'test_loss': 0.034243449568748474, 'test_acc': 0.9800000190734863, 'test_precision': 0.9832345843315125, 'test_recall': 0.9823192358016968, 'test_f1': 0.9826574921607971, 'communication_cost': 26343772}
[ 2026-05-13 19:26:07 | node_27 | INFO ] 📤 Sending model to 9 direct neighbors: ['node_1', 'node_2', 'node_9', 'node_11', 'node_24', 'node_36', 'node_38', 'node_41', 'node_44']
[ 2026-05-13 19:26:07 | node_40 | INFO ] 📢 Broadcasting metrics.
[ 2026-05-13 19:26:07 | node_28 | INFO ] 📈 Evaluated. Results: {'test_loss': 0.25616025924682617, 'test_acc': 0.9599999785423279, 'test_precision': 0.9624030590057373, 'test_recall': 0.9558780789375305, 'test_f1': 0.9580721855163574, 'communication_cost': 33870564}
[ 2026-05-13 19:26:07 | node_28 | INFO ] 📢 Broadcasting metrics.
[ 2026-05-13 19:26:07 | node_34 | INFO ] 🎉 Round 47 of 50 finished.
[ 2026-05-13 19:26:07 | node_33 | INFO ] 🎉 Round 47 of 50 finished.
[ 2026-05-13 19:26:08 | node_34 | INFO ] 🗳️ [DETERMINISTIC] Train set assigned (No Voting). Size: 50
[ 2026-05-13 19:26:08 | node_33 | INFO ] 🗳️ [DETERMINISTIC] Train set assigned (No Voting). Size: 50
[ 2026-05-13 19:26:08 | node_2 | INFO ] 🧩 Model added for round 47 (2/5) from ['node_27']
[ 2026-05-13 19:26:08 | node_34 | INFO ] ♻️ Proactively processing 4 early models for round 47.
[ 2026-05-13 19:26:08 | node_33 | INFO ] ♻️ Proactively processing 2 early models for round 47.
[ 2026-05-13 19:26:08 | node_34 | INFO ] 🧩 Model added for round 47 (1/10) from ['node_2']
[ 2026-05-13 19:26:08 | node_33 | INFO ] 🧩 Model added for round 47 (1/11) from ['node_2']
[ 2026-05-13 19:26:08 | node_34 | INFO ] 🧩 Model added for round 47 (2/10) from ['node_12']
[ 2026-05-13 19:26:08 | node_33 | INFO ] 🧩 Model added for round 47 (2/11) from ['node_39']
[ 2026-05-13 19:26:08 | node_34 | INFO ] 🧩 Model added for round 47 (3/10) from ['node_45']
[ 2026-05-13 19:26:08 | node_33 | INFO ] 🏋️‍♀️ Preparing training...
[ 2026-05-13 19:26:08 | node_34 | INFO ] 🧩 Model added for round 47 (4/10) from ['node_10']
[ 2026-05-13 19:26:08 | node_34 | INFO ] 🏋️‍♀️ Preparing training...
[ 2026-05-13 19:26:08 | node_24 | INFO ] 🎉 Round 47 of 50 finished.
[ 2026-05-13 19:26:09 | node_33 | INFO ] 🎓 Training step done.
[ 2026-05-13 19:26:09 | node_24 | INFO ] 🗳️ [DETERMINISTIC] Train set assigned (No Voting). Size: 50
[ 2026-05-13 19:26:09 | node_33 | INFO ] 🛠️ Calling force_add_local_model...
[ 2026-05-13 19:26:09 | node_34 | INFO ] 🎓 Training step done.
[ 2026-05-13 19:26:09 | node_33 | INFO ] ✅ [FORCE] Local model added for round 47. (3/11)
[ 2026-05-13 19:26:09 | node_34 | INFO ] 🛠️ Calling force_add_local_model...
[ 2026-05-13 19:26:09 | node_24 | INFO ] ♻️ Proactively processing 3 early models for round 47.
[ 2026-05-13 19:26:09 | node_34 | INFO ] ✅ [FORCE] Local model added for round 47. (5/10)
[ 2026-05-13 19:26:09 | node_24 | INFO ] 🧩 Model added for round 47 (1/10) from ['node_22']
[ 2026-05-13 19:26:09 | node_24 | INFO ] 🧩 Model added for round 47 (2/10) from ['node_23']
[ 2026-05-13 19:26:09 | node_24 | INFO ] 🧩 Model added for round 47 (3/10) from ['node_12']
[ 2026-05-13 19:26:09 | node_24 | INFO ] 🏋️‍♀️ Preparing training...
[ 2026-05-13 19:26:09 | node_24 | INFO ] 🧩 Model added for round 47 (4/10) from ['node_27']
[ 2026-05-13 19:26:10 | node_24 | INFO ] 🎓 Training step done.
[ 2026-05-13 19:26:10 | node_24 | INFO ] 🛠️ Calling force_add_local_model...
[ 2026-05-13 19:26:10 | node_24 | INFO ] ✅ [FORCE] Local model added for round 47. (5/10)
[ 2026-05-13 19:26:10 | node_11 | INFO ] ⏹️  Gossiping exited for 50 equal rounds.
[ 2026-05-13 19:26:10 | node_7 | INFO ] ⏹️  Gossiping exited for 50 equal rounds.
[ 2026-05-13 19:26:10 | node_11 | INFO ] 🔬 Evaluating...
[ 2026-05-13 19:26:10 | node_7 | INFO ] 🔬 Evaluating...
[ 2026-05-13 19:26:10 | node_11 | INFO ] 📈 Evaluated. Results: {'test_loss': 0.1730566918849945, 'test_acc': 0.9599999785423279, 'test_precision': 0.9625797271728516, 'test_recall': 0.9608308672904968, 'test_f1': 0.9606748819351196, 'communication_cost': 45160752}
[ 2026-05-13 19:26:10 | node_7 | INFO ] 📈 Evaluated. Results: {'test_loss': 0.3018002510070801, 'test_acc': 0.9649999737739563, 'test_precision': 0.9711859822273254, 'test_recall': 0.9606215953826904, 'test_f1': 0.964435338973999, 'communication_cost': 30107168}
[ 2026-05-13 19:26:11 | node_11 | INFO ] 📢 Broadcasting metrics.
[ 2026-05-13 19:26:11 | node_38 | INFO ] 📤 Sending model to 12 direct neighbors: ['node_6', 'node_7', 'node_9', 'node_20', 'node_21', 'node_23', 'node_26', 'node_27', 'node_28', 'node_29', 'node_36', 'node_42']
[ 2026-05-13 19:26:11 | node_7 | INFO ] 📢 Broadcasting metrics.
[ 2026-05-13 19:26:11 | node_6 | INFO ] 🧩 Model added for round 47 (4/8) from ['node_38']
[ 2026-05-13 19:26:11 | node_40 | INFO ] 🎉 Round 47 of 50 finished.
[ 2026-05-13 19:26:11 | node_40 | INFO ] 🗳️ [DETERMINISTIC] Train set assigned (No Voting). Size: 50
[ 2026-05-13 19:26:11 | node_40 | INFO ] ♻️ Proactively processing 2 early models for round 47.
[ 2026-05-13 19:26:12 | node_40 | INFO ] 🧩 Model added for round 47 (1/8) from ['node_48']
[ 2026-05-13 19:26:12 | node_38 | INFO ] 🧩 Model added for round 47 (6/13) from ['node_27']
[ 2026-05-13 19:26:12 | node_40 | INFO ] 🧩 Model added for round 47 (2/8) from ['node_31']
[ 2026-05-13 19:26:12 | node_40 | INFO ] 🏋️‍♀️ Preparing training...
[ 2026-05-13 19:26:12 | node | INFO ] 🎉 Round 47 of 50 finished.
[ 2026-05-13 19:26:12 | node_40 | INFO ] 🎓 Training step done.
[ 2026-05-13 19:26:12 | node_40 | INFO ] 🛠️ Calling force_add_local_model...
[ 2026-05-13 19:26:12 | node | INFO ] 🗳️ [DETERMINISTIC] Train set assigned (No Voting). Size: 50
[ 2026-05-13 19:26:12 | node_40 | INFO ] ✅ [FORCE] Local model added for round 47. (3/8)
[ 2026-05-13 19:26:13 | node | INFO ] ♻️ Proactively processing 4 early models for round 47.
[ 2026-05-13 19:26:13 | node | INFO ] 🧩 Model added for round 47 (1/11) from ['node_48']
[ 2026-05-13 19:26:13 | node_28 | INFO ] 🎉 Round 47 of 50 finished.
[ 2026-05-13 19:26:13 | node | INFO ] 🧩 Model added for round 47 (2/11) from ['node_45']
[ 2026-05-13 19:26:13 | node | INFO ] 🧩 Model added for round 47 (3/11) from ['node_15']
[ 2026-05-13 19:26:13 | node_28 | INFO ] 🗳️ [DETERMINISTIC] Train set assigned (No Voting). Size: 50
[ 2026-05-13 19:26:13 | node | INFO ] 🧩 Model added for round 47 (4/11) from ['node_10']
[ 2026-05-13 19:26:13 | node | INFO ] 🏋️‍♀️ Preparing training...
[ 2026-05-13 19:26:13 | node_28 | INFO ] ♻️ Proactively processing 2 early models for round 47.
[ 2026-05-13 19:26:13 | node_28 | INFO ] 🧩 Model added for round 47 (1/10) from ['node_39']
[ 2026-05-13 19:26:13 | node_28 | INFO ] 🧩 Model added for round 47 (2/10) from ['node_15']
[ 2026-05-13 19:26:13 | node_28 | INFO ] 🏋️‍♀️ Preparing training...
[ 2026-05-13 19:26:13 | node | INFO ] 🎓 Training step done.
[ 2026-05-13 19:26:13 | node_20 | INFO ] 🧩 Model added for round 47 (4/5) from ['node_38']
[ 2026-05-13 19:26:13 | node | INFO ] 🛠️ Calling force_add_local_model...
[ 2026-05-13 19:26:13 | node | INFO ] ✅ [FORCE] Local model added for round 47. (5/11)
[ 2026-05-13 19:26:14 | node_28 | INFO ] 🎓 Training step done.
[ 2026-05-13 19:26:14 | node_41 | INFO ] 🧩 Model added for round 47 (5/7) from ['node_27']
[ 2026-05-13 19:26:14 | node_28 | INFO ] 🛠️ Calling force_add_local_model...
[ 2026-05-13 19:26:14 | node_33 | INFO ] 📤 Sending model to 10 direct neighbors: ['node_2', 'node_3', 'node_13', 'node_14', 'node_18', 'node_19', 'node_24', 'node_25', 'node_34', 'node_39']
[ 2026-05-13 19:26:14 | node_28 | INFO ] ✅ [FORCE] Local model added for round 47. (3/10)
[ 2026-05-13 19:26:14 | node_34 | INFO ] 📤 Sending model to 9 direct neighbors: ['node', 'node_2', 'node_4', 'node_10', 'node_12', 'node_33', 'node_42', 'node_45', 'node_47']
[ 2026-05-13 19:26:14 | node_2 | INFO ] 🧩 Model added for round 47 (3/5) from ['node_33']
[ 2026-05-13 19:26:14 | node | INFO ] 🧩 Model added for round 47 (6/11) from ['node_34']
[ 2026-05-13 19:26:15 | node_24 | INFO ] 📤 Sending model to 9 direct neighbors: ['node_12', 'node_16', 'node_18', 'node_22', 'node_23', 'node_27', 'node_28', 'node_33', 'node_44']
[ 2026-05-13 19:26:15 | node_23 | INFO ] 🧩 Model added for round 47 (3/4) from ['node_38']
[ 2026-05-13 19:26:16 | node_12 | INFO ] 🧩 Model added for round 47 (2/7) from ['node_24']
[ 2026-05-13 19:26:16 | node_35 | INFO ] ⏹️  Gossiping exited for 50 equal rounds.
[ 2026-05-13 19:26:16 | node_7 | INFO ] 🎉 Round 47 of 50 finished.
[ 2026-05-13 19:26:16 | node_7 | INFO ] 🗳️ [DETERMINISTIC] Train set assigned (No Voting). Size: 50
[ 2026-05-13 19:26:16 | node_35 | INFO ] 🔬 Evaluating...
[ 2026-05-13 19:26:16 | node_7 | INFO ] ♻️ Proactively processing 4 early models for round 47.
[ 2026-05-13 19:26:16 | node_7 | INFO ] 🧩 Model added for round 47 (1/9) from ['node_6']
[ 2026-05-13 19:26:16 | node_26 | INFO ] 🧩 Model added for round 47 (2/8) from ['node_38']
[ 2026-05-13 19:26:16 | node_7 | INFO ] 🧩 Model added for round 47 (2/9) from ['node_39']
[ 2026-05-13 19:26:17 | node_7 | INFO ] 🧩 Model added for round 47 (3/9) from ['node_26']
[ 2026-05-13 19:26:17 | node_7 | INFO ] 🧩 Model added for round 47 (4/9) from ['node_38']
[ 2026-05-13 19:26:17 | node_35 | INFO ] 📈 Evaluated. Results: {'test_loss': 0.17006535828113556, 'test_acc': 0.9800000190734863, 'test_precision': 0.9774036407470703, 'test_recall': 0.9779049158096313, 'test_f1': 0.9772951006889343, 'communication_cost': 26343772}
[ 2026-05-13 19:26:17 | node_7 | INFO ] 🏋️‍♀️ Preparing training...
[ 2026-05-13 19:26:17 | node_35 | INFO ] 📢 Broadcasting metrics.
[ 2026-05-13 19:26:17 | node_2 | INFO ] 🧩 Model added for round 47 (4/5) from ['node_34']
[ 2026-05-13 19:26:17 | node_7 | INFO ] 🎓 Training step done.
[ 2026-05-13 19:26:17 | node_7 | INFO ] 🛠️ Calling force_add_local_model...
[ 2026-05-13 19:26:17 | node_7 | INFO ] ✅ [FORCE] Local model added for round 47. (5/9)
[ 2026-05-13 19:26:17 | node_40 | INFO ] 📤 Sending model to 7 direct neighbors: ['node', 'node_4', 'node_29', 'node_31', 'node_37', 'node_48', 'node_49']
[ 2026-05-13 19:26:18 | node_37 | INFO ] ⏹️  Gossiping exited for 50 equal rounds.
[ 2026-05-13 19:26:18 | node_11 | INFO ] 🎉 Round 47 of 50 finished.
[ 2026-05-13 19:26:18 | node_37 | INFO ] 🔬 Evaluating...
[ 2026-05-13 19:26:18 | node | INFO ] 🧩 Model added for round 47 (7/11) from ['node_40']
[ 2026-05-13 19:26:18 | node_36 | INFO ] ⏹️  Gossiping exited for 50 equal rounds.
[ 2026-05-13 19:26:18 | node_11 | INFO ] 🗳️ [DETERMINISTIC] Train set assigned (No Voting). Size: 50
[ 2026-05-13 19:26:18 | node_24 | INFO ] 🧩 Model added for round 47 (6/10) from ['node_33']
[ 2026-05-13 19:26:18 | node_36 | INFO ] 🔬 Evaluating...
[ 2026-05-13 19:26:18 | node_22 | INFO ] 🧩 Model added for round 47 (3/5) from ['node_24']
[ 2026-05-13 19:26:18 | node_37 | INFO ] 📈 Evaluated. Results: {'test_loss': 0.06626879423856735, 'test_acc': 0.9850000143051147, 'test_precision': 0.981985330581665, 'test_recall': 0.9846080541610718, 'test_f1': 0.9827975630760193, 'communication_cost': 41397356}
[ 2026-05-13 19:26:18 | node_11 | INFO ] ♻️ Proactively processing 5 early models for round 47.
[ 2026-05-13 19:26:18 | node_27 | INFO ] 🧩 Model added for round 47 (4/10) from ['node_38']
[ 2026-05-13 19:26:18 | node_11 | INFO ] 🧩 Model added for round 47 (1/13) from ['node_2']
[ 2026-05-13 19:26:18 | node_37 | INFO ] 📢 Broadcasting metrics.
[ 2026-05-13 19:26:18 | node_11 | INFO ] 🧩 Model added for round 47 (2/13) from ['node_12']
[ 2026-05-13 19:26:18 | node_11 | INFO ] 🧩 Model added for round 47 (3/13) from ['node_6']
[ 2026-05-13 19:26:18 | node_36 | INFO ] 📈 Evaluated. Results: {'test_loss': 0.04442703351378441, 'test_acc': 0.9800000190734863, 'test_precision': 0.9815807342529297, 'test_recall': 0.9790794849395752, 'test_f1': 0.9797326922416687, 'communication_cost': 33870564}
[ 2026-05-13 19:26:18 | node_11 | INFO ] 🧩 Model added for round 47 (4/13) from ['node_10']
[ 2026-05-13 19:26:19 | node_11 | INFO ] 🧩 Model added for round 47 (5/13) from ['node_27']
[ 2026-05-13 19:26:19 | node | INFO ] 📤 Sending model to 10 direct neighbors: ['node_10', 'node_11', 'node_13', 'node_14', 'node_15', 'node_34', 'node_40', 'node_42', 'node_45', 'node_48']
[ 2026-05-13 19:26:19 | node_10 | INFO ] 🧩 Model added for round 47 (5/10) from ['node_34']
[ 2026-05-13 19:26:19 | node_36 | INFO ] 📢 Broadcasting metrics.
[ 2026-05-13 19:26:19 | node_11 | INFO ] 🏋️‍♀️ Preparing training...
[ 2026-05-13 19:26:19 | node_28 | INFO ] 📤 Sending model to 9 direct neighbors: ['node_4', 'node_15', 'node_16', 'node_24', 'node_25', 'node_35', 'node_38', 'node_39', 'node_47']
[ 2026-05-13 19:26:19 | node_10 | INFO ] 🧩 Model added for round 47 (6/10) from ['node']
[ 2026-05-13 19:26:19 | node_11 | INFO ] 🎓 Training step done.
[ 2026-05-13 19:26:19 | node_11 | INFO ] 🛠️ Calling force_add_local_model...
[ 2026-05-13 19:26:19 | node_23 | INFO ] 🧩 Model added for round 47 (4/4) from ['node_24']
[ 2026-05-13 19:26:19 | node_11 | INFO ] ✅ [FORCE] Local model added for round 47. (6/13)
[ 2026-05-13 19:26:20 | node_15 | INFO ] 🧩 Model added for round 47 (6/10) from ['node_28']
[ 2026-05-13 19:26:20 | node_23 | INFO ] 🧠 Aggregation complete. Setting new model.
[ 2026-05-13 19:26:20 | node_23 | INFO ] 🗣️ Gossiping aggregated model.
[ 2026-05-13 19:26:21 | node_28 | INFO ] 🧩 Model added for round 47 (4/10) from ['node_38']
[ 2026-05-13 19:26:21 | node_27 | INFO ] 🧩 Model added for round 47 (5/10) from ['node_24']
[ 2026-05-13 19:26:21 | node_12 | INFO ] 🧩 Model added for round 47 (3/7) from ['node_34']
[ 2026-05-13 19:26:21 | node_35 | INFO ] 🎉 Round 47 of 50 finished.
[ 2026-05-13 19:26:21 | node_35 | INFO ] 🗳️ [DETERMINISTIC] Train set assigned (No Voting). Size: 50
[ 2026-05-13 19:26:22 | node_35 | INFO ] 🏋️‍♀️ Preparing training...
[ 2026-05-13 19:26:22 | node_11 | INFO ] 🧩 Model added for round 47 (7/13) from ['node']
[ 2026-05-13 19:26:22 | node_34 | INFO ] 🧩 Model added for round 47 (6/10) from ['node_33']
[ 2026-05-13 19:26:22 | node_31 | INFO ] 🧩 Model added for round 47 (4/7) from ['node_40']
[ 2026-05-13 19:26:22 | node_7 | INFO ] 📤 Sending model to 8 direct neighbors: ['node_5', 'node_6', 'node_18', 'node_26', 'node_29', 'node_38', 'node_39', 'node_49']
[ 2026-05-13 19:26:22 | node_35 | INFO ] 🎓 Training step done.
[ 2026-05-13 19:26:23 | node_33 | INFO ] 🧩 Model added for round 47 (4/11) from ['node_34']
[ 2026-05-13 19:26:23 | node_35 | INFO ] 🛠️ Calling force_add_local_model...
[ 2026-05-13 19:26:23 | node_35 | INFO ] ✅ [FORCE] Local model added for round 47. (1/8)
[ 2026-05-13 19:26:23 | node_28 | INFO ] 🧩 Model added for round 47 (5/10) from ['node_24']
[ 2026-05-13 19:26:23 | node_24 | INFO ] 🧩 Model added for round 47 (7/10) from ['node_28']
[ 2026-05-13 19:26:23 | node_6 | INFO ] 🧩 Model added for round 47 (5/8) from ['node_7']
[ 2026-05-13 19:26:24 | node_36 | INFO ] 🎉 Round 47 of 50 finished.
[ 2026-05-13 19:26:24 | node_39 | INFO ] 🧩 Model added for round 47 (3/8) from ['node_33']
[ 2026-05-13 19:26:24 | node_36 | INFO ] 🗳️ [DETERMINISTIC] Train set assigned (No Voting). Size: 50
[ 2026-05-13 19:26:24 | node_48 | INFO ] 🧩 Model added for round 47 (2/6) from ['node_40']
[ 2026-05-13 19:26:24 | node_36 | INFO ] ♻️ Proactively processing 4 early models for round 47.
[ 2026-05-13 19:26:24 | node_36 | INFO ] 🧩 Model added for round 47 (1/10) from ['node_12']
[ 2026-05-13 19:26:24 | node_36 | INFO ] 🧩 Model added for round 47 (2/10) from ['node_39']
[ 2026-05-13 19:26:24 | node_11 | INFO ] 📤 Sending model to 12 direct neighbors: ['node', 'node_2', 'node_4', 'node_5', 'node_6', 'node_10', 'node_12', 'node_13', 'node_18', 'node_25', 'node_27', 'node_37']
[ 2026-05-13 19:26:24 | node_36 | INFO ] 🧩 Model added for round 47 (3/10) from ['node_27']
[ 2026-05-13 19:26:25 | node_36 | INFO ] 🧩 Model added for round 47 (4/10) from ['node_38']
[ 2026-05-13 19:26:25 | node_33 | INFO ] 🧩 Model added for round 47 (5/11) from ['node_24']
[ 2026-05-13 19:26:25 | node_36 | INFO ] 🏋️‍♀️ Preparing training...
[ 2026-05-13 19:26:25 | node | INFO ] 🧩 Model added for round 47 (8/11) from ['node_11']
[ 2026-05-13 19:26:25 | node_15 | INFO ] 🧩 Model added for round 47 (7/10) from ['node']
[ 2026-05-13 19:26:25 | node_37 | INFO ] 🎉 Round 47 of 50 finished.
[ 2026-05-13 19:26:25 | node_45 | INFO ] 🧩 Model added for round 47 (2/5) from ['node_34']
[ 2026-05-13 19:26:25 | node_37 | INFO ] 🗳️ [DETERMINISTIC] Train set assigned (No Voting). Size: 50
[ 2026-05-13 19:26:25 | node_36 | INFO ] 🎓 Training step done.
[ 2026-05-13 19:26:25 | node_26 | INFO ] 🧩 Model added for round 47 (3/8) from ['node_7']
[ 2026-05-13 19:26:25 | node_13 | INFO ] ⏹️  Gossiping exited for 50 equal rounds.
[ 2026-05-13 19:26:25 | node_35 | INFO ] 🧩 Model added for round 47 (2/8) from ['node_28']
[ 2026-05-13 19:26:25 | node_36 | INFO ] 🛠️ Calling force_add_local_model...
[ 2026-05-13 19:26:26 | node_36 | INFO ] ✅ [FORCE] Local model added for round 47. (5/10)
[ 2026-05-13 19:26:26 | node_37 | INFO ] ♻️ Proactively processing 6 early models for round 47.
[ 2026-05-13 19:26:26 | node_13 | INFO ] 🔬 Evaluating...
[ 2026-05-13 19:26:26 | node_37 | INFO ] 🧩 Model added for round 47 (1/12) from ['node_8']
[ 2026-05-13 19:26:26 | node_37 | INFO ] 🧩 Model added for round 47 (2/12) from ['node_48']
[ 2026-05-13 19:26:26 | node_37 | INFO ] 🧩 Model added for round 47 (3/12) from ['node_12']
[ 2026-05-13 19:26:26 | node_37 | INFO ] 🧩 Model added for round 47 (4/12) from ['node_17']
[ 2026-05-13 19:26:26 | node_13 | INFO ] 📈 Evaluated. Results: {'test_loss': 0.14876705408096313, 'test_acc': 0.9599999785423279, 'test_precision': 0.9610714912414551, 'test_recall': 0.9630716443061829, 'test_f1': 0.9608931541442871, 'communication_cost': 41397356}
[ 2026-05-13 19:26:26 | node_37 | INFO ] 🧩 Model added for round 47 (5/12) from ['node_46']
[ 2026-05-13 19:26:26 | node_37 | INFO ] 🧩 Model added for round 47 (6/12) from ['node_40']
[ 2026-05-13 19:26:26 | node_13 | INFO ] 📢 Broadcasting metrics.
[ 2026-05-13 19:26:26 | node_37 | INFO ] 🏋️‍♀️ Preparing training...
[ 2026-05-13 19:26:27 | node_37 | INFO ] 🎓 Training step done.
[ 2026-05-13 19:26:27 | node_37 | INFO ] 🛠️ Calling force_add_local_model...
[ 2026-05-13 19:26:27 | node_37 | INFO ] ✅ [FORCE] Local model added for round 47. (7/12)
[ 2026-05-13 19:26:27 | node_34 | INFO ] 🧩 Model added for round 47 (7/10) from ['node']
[ 2026-05-13 19:26:27 | node_38 | INFO ] 🧩 Model added for round 47 (7/13) from ['node_28']
[ 2026-05-13 19:26:27 | node_2 | INFO ] 🧩 Model added for round 47 (5/5) from ['node_11']
[ 2026-05-13 19:26:27 | node_38 | INFO ] 🧩 Model added for round 47 (8/13) from ['node_7']
[ 2026-05-13 19:26:28 | node_2 | INFO ] 🧠 Aggregation complete. Setting new model.
[ 2026-05-13 19:26:28 | node_35 | INFO ] 📤 Sending model to 7 direct neighbors: ['node_13', 'node_14', 'node_18', 'node_28', 'node_29', 'node_37', 'node_47']
[ 2026-05-13 19:26:28 | node_2 | INFO ] 🗣️ Gossiping aggregated model.
[ 2026-05-13 19:26:30 | node_40 | INFO ] 🧩 Model added for round 47 (4/8) from ['node']
[ 2026-05-13 19:26:30 | node_39 | INFO ] 🧩 Model added for round 47 (4/8) from ['node_7']
[ 2026-05-13 19:26:30 | node_39 | INFO ] 🧩 Model added for round 47 (5/8) from ['node_28']
[ 2026-05-13 19:26:31 | node_6 | INFO ] 🧩 Model added for round 47 (6/8) from ['node_11']
[ 2026-05-13 19:26:31 | node_36 | INFO ] 📤 Sending model to 9 direct neighbors: ['node_9', 'node_12', 'node_14', 'node_21', 'node_25', 'node_27', 'node_38', 'node_39', 'node_47']
[ 2026-05-13 19:26:31 | node_13 | INFO ] 🎉 Round 47 of 50 finished.
[ 2026-05-13 19:26:31 | node_13 | INFO ] 🗳️ [DETERMINISTIC] Train set assigned (No Voting). Size: 50
[ 2026-05-13 19:26:32 | node_13 | INFO ] ♻️ Proactively processing 7 early models for round 47.
[ 2026-05-13 19:26:32 | node_13 | INFO ] 🧩 Model added for round 47 (1/12) from ['node_48']
[ 2026-05-13 19:26:32 | node_13 | INFO ] 🧩 Model added for round 47 (2/12) from ['node_31']
[ 2026-05-13 19:26:32 | node_13 | INFO ] 🧩 Model added for round 47 (3/12) from ['node_26']
[ 2026-05-13 19:26:32 | node_28 | INFO ] 🧩 Model added for round 47 (6/10) from ['node_35']
[ 2026-05-13 19:26:32 | node_13 | INFO ] 🧩 Model added for round 47 (4/12) from ['node_15']
[ 2026-05-13 19:26:32 | node_13 | INFO ] 🧩 Model added for round 47 (5/12) from ['node_33']
[ 2026-05-13 19:26:32 | node_10 | INFO ] 🧩 Model added for round 47 (7/10) from ['node_11']
[ 2026-05-13 19:26:32 | node_13 | INFO ] 🧩 Model added for round 47 (6/12) from ['node']
[ 2026-05-13 19:26:32 | node_13 | INFO ] 🧩 Model added for round 47 (7/12) from ['node_35']
[ 2026-05-13 19:26:32 | node_13 | INFO ] 🏋️‍♀️ Preparing training...
[ 2026-05-13 19:26:32 | node_37 | INFO ] 📤 Sending model to 11 direct neighbors: ['node_3', 'node_8', 'node_9', 'node_11', 'node_12', 'node_17', 'node_35', 'node_40', 'node_42', 'node_46', 'node_48']
[ 2026-05-13 19:26:32 | node_45 | INFO ] 🧩 Model added for round 47 (3/5) from ['node']
[ 2026-05-13 19:26:32 | node_12 | INFO ] 🧩 Model added for round 47 (4/7) from ['node_36']
[ 2026-05-13 19:26:33 | node_13 | INFO ] 🎓 Training step done.
[ 2026-05-13 19:26:33 | node_13 | INFO ] 🛠️ Calling force_add_local_model...
[ 2026-05-13 19:26:33 | node_48 | INFO ] 🧩 Model added for round 47 (3/6) from ['node']
[ 2026-05-13 19:26:33 | node_13 | INFO ] ✅ [FORCE] Local model added for round 47. (8/12)
[ 2026-05-13 19:26:33 | node_12 | INFO ] 🧩 Model added for round 47 (5/7) from ['node_11']
[ 2026-05-13 19:26:33 | node_8 | INFO ] 🧩 Model added for round 47 (3/5) from ['node_37']
[ 2026-05-13 19:26:34 | node_37 | INFO ] 🧩 Model added for round 47 (8/12) from ['node_35']
[ 2026-05-13 19:26:35 | node_13 | INFO ] 🧩 Model added for round 47 (9/12) from ['node_11']
[ 2026-05-13 19:26:35 | node_11 | INFO ] 🧩 Model added for round 47 (8/13) from ['node_37']
[ 2026-05-13 19:26:35 | node_27 | INFO ] 🧩 Model added for round 47 (6/10) from ['node_36']
[ 2026-05-13 19:26:37 | node_21 | INFO ] ⏹️  Gossiping exited for 50 equal rounds.
[ 2026-05-13 19:26:37 | node_21 | INFO ] 🔬 Evaluating...
[ 2026-05-13 19:26:37 | node_38 | INFO ] 🧩 Model added for round 47 (9/13) from ['node_36']
[ 2026-05-13 19:26:37 | node_21 | INFO ] 📈 Evaluated. Results: {'test_loss': 0.06260285526514053, 'test_acc': 0.9800000190734863, 'test_precision': 0.9839744567871094, 'test_recall': 0.9770722389221191, 'test_f1': 0.9796296954154968, 'communication_cost': 41397356}
[ 2026-05-13 19:26:37 | node_21 | INFO ] 📢 Broadcasting metrics.
[ 2026-05-13 19:26:37 | node_12 | INFO ] 🧩 Model added for round 47 (6/7) from ['node_37']
[ 2026-05-13 19:26:38 | node_27 | INFO ] 🧩 Model added for round 47 (7/10) from ['node_11']
[ 2026-05-13 19:26:38 | node_13 | INFO ] 📤 Sending model to 11 direct neighbors: ['node', 'node_5', 'node_9', 'node_11', 'node_15', 'node_18', 'node_26', 'node_31', 'node_33', 'node_35', 'node_48']
[ 2026-05-13 19:26:38 | node_47 | INFO ] ⏹️  Gossiping exited for 50 equal rounds.
[ 2026-05-13 19:26:38 | node_47 | INFO ] 🔬 Evaluating...
[ 2026-05-13 19:26:38 | node | INFO ] 🧩 Model added for round 47 (9/11) from ['node_13']
[ 2026-05-13 19:26:39 | node_17 | INFO ] 🧩 Model added for round 47 (6/9) from ['node_37']
[ 2026-05-13 19:26:39 | node_47 | INFO ] 📈 Evaluated. Results: {'test_loss': 0.23299221694469452, 'test_acc': 0.9800000190734863, 'test_precision': 0.9834731817245483, 'test_recall': 0.9785715341567993, 'test_f1': 0.9803780913352966, 'communication_cost': 48924148}
[ 2026-05-13 19:26:39 | node_47 | INFO ] 📢 Broadcasting metrics.
[ 2026-05-13 19:26:39 | node_39 | INFO ] 🧩 Model added for round 47 (6/8) from ['node_36']
[ 2026-05-13 19:26:40 | node_37 | INFO ] 🧩 Model added for round 47 (9/12) from ['node_11']
[ 2026-05-13 19:26:40 | node_35 | INFO ] 🧩 Model added for round 47 (3/8) from ['node_37']
[ 2026-05-13 19:26:41 | node_4 | INFO ] ⏹️  Gossiping exited for 50 equal rounds.
[ 2026-05-13 19:26:41 | node_4 | INFO ] 🔬 Evaluating...
[ 2026-05-13 19:26:41 | node_4 | INFO ] 📈 Evaluated. Results: {'test_loss': 0.04964357987046242, 'test_acc': 0.9900000095367432, 'test_precision': 0.9905983805656433, 'test_recall': 0.9912886619567871, 'test_f1': 0.9907251000404358, 'communication_cost': 33870564}
[ 2026-05-13 19:26:41 | node_4 | INFO ] 📢 Broadcasting metrics.
[ 2026-05-13 19:26:42 | node_11 | INFO ] 🧩 Model added for round 47 (9/13) from ['node_13']
[ 2026-05-13 19:26:42 | node_16 | INFO ] ⏹️  Gossiping exited for 50 equal rounds.
[ 2026-05-13 19:26:42 | node_40 | INFO ] 🧩 Model added for round 47 (5/8) from ['node_37']
[ 2026-05-13 19:26:42 | node_16 | INFO ] 🔬 Evaluating...
[ 2026-05-13 19:26:42 | node_16 | INFO ] 📈 Evaluated. Results: {'test_loss': 0.3918258249759674, 'test_acc': 0.9549999833106995, 'test_precision': 0.9478203058242798, 'test_recall': 0.9576875567436218, 'test_f1': 0.9512288570404053, 'communication_cost': 45160752}
[ 2026-05-13 19:26:43 | node_16 | INFO ] 📢 Broadcasting metrics.
[ 2026-05-13 19:26:44 | node_15 | INFO ] 🧩 Model added for round 47 (8/10) from ['node_13']
[ 2026-05-13 19:26:44 | node_46 | INFO ] 🧩 Model added for round 47 (4/7) from ['node_37']
[ 2026-05-13 19:26:44 | node_21 | INFO ] 🎉 Round 47 of 50 finished.
[ 2026-05-13 19:26:44 | node_21 | INFO ] 🗳️ [DETERMINISTIC] Train set assigned (No Voting). Size: 50
[ 2026-05-13 19:26:44 | node_21 | INFO ] ♻️ Proactively processing 5 early models for round 47.
[ 2026-05-13 19:26:45 | node_21 | INFO ] 🧩 Model added for round 47 (1/12) from ['node_17']
[ 2026-05-13 19:26:45 | node_21 | INFO ] 🧩 Model added for round 47 (2/12) from ['node_31']
[ 2026-05-13 19:26:45 | node_21 | INFO ] 🧩 Model added for round 47 (3/12) from ['node_15']
[ 2026-05-13 19:26:45 | node_21 | INFO ] 🧩 Model added for round 47 (4/12) from ['node_38']
[ 2026-05-13 19:26:45 | node_21 | INFO ] 🧩 Model added for round 47 (5/12) from ['node_36']
[ 2026-05-13 19:26:45 | node_21 | INFO ] 🏋️‍♀️ Preparing training...
[ 2026-05-13 19:26:45 | node_48 | INFO ] 🧩 Model added for round 47 (4/6) from ['node_37']
[ 2026-05-13 19:26:45 | node_21 | INFO ] 🎓 Training step done.
[ 2026-05-13 19:26:46 | node_21 | INFO ] 🛠️ Calling force_add_local_model...
[ 2026-05-13 19:26:46 | node_21 | INFO ] ✅ [FORCE] Local model added for round 47. (6/12)
[ 2026-05-13 19:26:46 | node_26 | INFO ] 🧩 Model added for round 47 (4/8) from ['node_13']
[ 2026-05-13 19:26:46 | node_4 | INFO ] 🎉 Round 47 of 50 finished.
[ 2026-05-13 19:26:47 | node_47 | INFO ] 🎉 Round 47 of 50 finished.
[ 2026-05-13 19:26:47 | node_4 | INFO ] 🗳️ [DETERMINISTIC] Train set assigned (No Voting). Size: 50
[ 2026-05-13 19:26:47 | node_47 | INFO ] 🗳️ [DETERMINISTIC] Train set assigned (No Voting). Size: 50
[ 2026-05-13 19:26:47 | node_4 | INFO ] ♻️ Proactively processing 7 early models for round 47.
[ 2026-05-13 19:26:47 | node_4 | INFO ] 🧩 Model added for round 47 (1/10) from ['node_12']
[ 2026-05-13 19:26:47 | node_47 | INFO ] ♻️ Proactively processing 6 early models for round 47.
[ 2026-05-13 19:26:47 | node_4 | INFO ] 🧩 Model added for round 47 (2/10) from ['node_26']
[ 2026-05-13 19:26:47 | node_47 | INFO ] 🧩 Model added for round 47 (1/14) from ['node_31']
[ 2026-05-13 19:26:47 | node_4 | INFO ] 🧩 Model added for round 47 (3/10) from ['node_46']
[ 2026-05-13 19:26:47 | node_47 | INFO ] 🧩 Model added for round 47 (2/14) from ['node_26']
[ 2026-05-13 19:26:47 | node_4 | INFO ] 🧩 Model added for round 47 (4/10) from ['node_34']
[ 2026-05-13 19:26:47 | node_47 | INFO ] 🧩 Model added for round 47 (3/14) from ['node_34']
[ 2026-05-13 19:26:47 | node_4 | INFO ] 🧩 Model added for round 47 (5/10) from ['node_28']
[ 2026-05-13 19:26:47 | node_4 | INFO ] 🧩 Model added for round 47 (6/10) from ['node_40']
[ 2026-05-13 19:26:47 | node_47 | INFO ] 🧩 Model added for round 47 (4/14) from ['node_28']
[ 2026-05-13 19:26:47 | node_4 | INFO ] 🧩 Model added for round 47 (7/10) from ['node_11']
[ 2026-05-13 19:26:47 | node_47 | INFO ] 🧩 Model added for round 47 (5/14) from ['node_35']
[ 2026-05-13 19:26:47 | node_4 | INFO ] 🏋️‍♀️ Preparing training...
[ 2026-05-13 19:26:47 | node_47 | INFO ] 🧩 Model added for round 47 (6/14) from ['node_36']
[ 2026-05-13 19:26:47 | node_47 | INFO ] 🏋️‍♀️ Preparing training...
[ 2026-05-13 19:26:47 | node_31 | INFO ] 🧩 Model added for round 47 (5/7) from ['node_13']
[ 2026-05-13 19:26:48 | node_4 | INFO ] 🎓 Training step done.
[ 2026-05-13 19:26:48 | node_4 | INFO ] 🛠️ Calling force_add_local_model...
[ 2026-05-13 19:26:48 | node_47 | INFO ] 🎓 Training step done.
[ 2026-05-13 19:26:48 | node_4 | INFO ] ✅ [FORCE] Local model added for round 47. (8/10)
[ 2026-05-13 19:26:48 | node_47 | INFO ] 🛠️ Calling force_add_local_model...
[ 2026-05-13 19:26:48 | node_47 | INFO ] ✅ [FORCE] Local model added for round 47. (7/14)
[ 2026-05-13 19:26:49 | node_33 | INFO ] 🧩 Model added for round 47 (6/11) from ['node_13']
[ 2026-05-13 19:26:49 | node_16 | INFO ] 🎉 Round 47 of 50 finished.
[ 2026-05-13 19:26:49 | node_16 | INFO ] 🗳️ [DETERMINISTIC] Train set assigned (No Voting). Size: 50
[ 2026-05-13 19:26:49 | node_16 | INFO ] ♻️ Proactively processing 8 early models for round 47.
[ 2026-05-13 19:26:49 | node_16 | INFO ] 🧩 Model added for round 47 (1/13) from ['node_48']
[ 2026-05-13 19:26:49 | node_16 | INFO ] 🧩 Model added for round 47 (2/13) from ['node_41']
[ 2026-05-13 19:26:50 | node_16 | INFO ] 🧩 Model added for round 47 (3/13) from ['node_6']
[ 2026-05-13 19:26:50 | node_16 | INFO ] 🧩 Model added for round 47 (4/13) from ['node_39']
[ 2026-05-13 19:26:50 | node_16 | INFO ] 🧩 Model added for round 47 (5/13) from ['node_26']
[ 2026-05-13 19:26:50 | node_16 | INFO ] 🧩 Model added for round 47 (6/13) from ['node_32']
[ 2026-05-13 19:26:50 | node_16 | INFO ] 🧩 Model added for round 47 (7/13) from ['node_24']
[ 2026-05-13 19:26:50 | node_16 | INFO ] 🧩 Model added for round 47 (8/13) from ['node_28']
[ 2026-05-13 19:26:50 | node_16 | INFO ] 🏋️‍♀️ Preparing training...
[ 2026-05-13 19:26:50 | node_35 | INFO ] 🧩 Model added for round 47 (4/8) from ['node_13']
[ 2026-05-13 19:26:50 | node_16 | INFO ] 🎓 Training step done.
[ 2026-05-13 19:26:51 | node_16 | INFO ] 🛠️ Calling force_add_local_model...
[ 2026-05-13 19:26:51 | node_16 | INFO ] ✅ [FORCE] Local model added for round 47. (9/13)
[ 2026-05-13 19:26:51 | node_21 | INFO ] 📤 Sending model to 11 direct neighbors: ['node_5', 'node_14', 'node_15', 'node_16', 'node_17', 'node_25', 'node_29', 'node_31', 'node_36', 'node_38', 'node_44']
[ 2026-05-13 19:26:51 | node_48 | INFO ] 🧩 Model added for round 47 (5/6) from ['node_13']
[ 2026-05-13 19:26:52 | node_15 | INFO ] 🧩 Model added for round 47 (9/10) from ['node_21']
[ 2026-05-13 19:26:52 | node_42 | INFO ] ⏹️  Gossiping exited for 50 equal rounds.
[ 2026-05-13 19:26:52 | node_42 | INFO ] 🔬 Evaluating...
[ 2026-05-13 19:26:53 | node_42 | INFO ] 📈 Evaluated. Results: {'test_loss': 0.280192106962204, 'test_acc': 0.9649999737739563, 'test_precision': 0.9660894870758057, 'test_recall': 0.96358323097229, 'test_f1': 0.9634890556335449, 'communication_cost': 45160752}
[ 2026-05-13 19:26:53 | node_42 | INFO ] 📢 Broadcasting metrics.
[ 2026-05-13 19:26:53 | node_4 | INFO ] 📤 Sending model to 9 direct neighbors: ['node_1', 'node_11', 'node_12', 'node_26', 'node_28', 'node_34', 'node_40', 'node_44', 'node_46']
[ 2026-05-13 19:26:53 | node_47 | INFO ] 📤 Sending model to 13 direct neighbors: ['node_3', 'node_14', 'node_18', 'node_19', 'node_25', 'node_26', 'node_28', 'node_31', 'node_34', 'node_35', 'node_36', 'node_42', 'node_44']
[ 2026-05-13 19:26:53 | node_16 | INFO ] 🧩 Model added for round 47 (10/13) from ['node_21']
[ 2026-05-13 19:26:54 | node_11 | INFO ] 🧩 Model added for round 47 (10/13) from ['node_4']
[ 2026-05-13 19:26:55 | node_26 | INFO ] 🧩 Model added for round 47 (5/8) from ['node_47']
[ 2026-05-13 19:26:56 | node_16 | INFO ] 📤 Sending model to 12 direct neighbors: ['node_5', 'node_6', 'node_18', 'node_21', 'node_24', 'node_26', 'node_28', 'node_32', 'node_39', 'node_41', 'node_42', 'node_48']
[ 2026-05-13 19:26:56 | node_17 | INFO ] 🧩 Model added for round 47 (7/9) from ['node_21']
[ 2026-05-13 19:26:56 | node_12 | INFO ] 🧩 Model added for round 47 (7/7) from ['node_4']
[ 2026-05-13 19:26:57 | node_12 | INFO ] 🧠 Aggregation complete. Setting new model.
[ 2026-05-13 19:26:57 | node_6 | INFO ] 🧩 Model added for round 47 (7/8) from ['node_16']
[ 2026-05-13 19:26:57 | node_12 | INFO ] 🗣️ Gossiping aggregated model.
[ 2026-05-13 19:26:57 | node_28 | INFO ] 🧩 Model added for round 47 (7/10) from ['node_47']
[ 2026-05-13 19:26:58 | node_49 | INFO ] ⏹️  Gossiping exited for 50 equal rounds.
[ 2026-05-13 19:26:58 | node_49 | INFO ] 🔬 Evaluating...
[ 2026-05-13 19:26:58 | node_26 | INFO ] 🧩 Model added for round 47 (6/8) from ['node_4']
[ 2026-05-13 19:26:58 | node_49 | INFO ] 📈 Evaluated. Results: {'test_loss': 0.18003767728805542, 'test_acc': 0.9649999737739563, 'test_precision': 0.9657091498374939, 'test_recall': 0.9616140127182007, 'test_f1': 0.9626514911651611, 'communication_cost': 18816980}
[ 2026-05-13 19:26:58 | node_49 | INFO ] 📢 Broadcasting metrics.
[ 2026-05-13 19:26:59 | node_28 | INFO ] 🧩 Model added for round 47 (8/10) from ['node_4']
[ 2026-05-13 19:26:59 | node_42 | INFO ] 🎉 Round 47 of 50 finished.
[ 2026-05-13 19:26:59 | node_42 | INFO ] 🗳️ [DETERMINISTIC] Train set assigned (No Voting). Size: 50
[ 2026-05-13 19:26:59 | node_31 | INFO ] 🧩 Model added for round 47 (6/7) from ['node_21']
[ 2026-05-13 19:26:59 | node_42 | INFO ] ♻️ Proactively processing 6 early models for round 47.
[ 2026-05-13 19:26:59 | node_42 | INFO ] 🧩 Model added for round 47 (1/13) from ['node_45']
[ 2026-05-13 19:26:59 | node_42 | INFO ] 🧩 Model added for round 47 (2/13) from ['node_46']
[ 2026-05-13 19:26:59 | node_42 | INFO ] 🧩 Model added for round 47 (3/13) from ['node_38']
[ 2026-05-13 19:26:59 | node_42 | INFO ] 🧩 Model added for round 47 (4/13) from ['node_34']
[ 2026-05-13 19:26:59 | node_42 | INFO ] 🧩 Model added for round 47 (5/13) from ['node']
[ 2026-05-13 19:26:59 | node_42 | INFO ] 🧩 Model added for round 47 (6/13) from ['node_37']
[ 2026-05-13 19:26:59 | node_42 | INFO ] 🏋️‍♀️ Preparing training...
[ 2026-05-13 19:26:59 | node_31 | INFO ] 🧩 Model added for round 47 (7/7) from ['node_47']
[ 2026-05-13 19:27:00 | node_21 | INFO ] 🧩 Model added for round 47 (7/12) from ['node_16']
[ 2026-05-13 19:27:00 | node_29 | INFO ] ⏹️  Gossiping exited for 50 equal rounds.
[ 2026-05-13 19:27:00 | node_42 | INFO ] 🎓 Training step done.
[ 2026-05-13 19:27:00 | node_42 | INFO ] 🛠️ Calling force_add_local_model...
[ 2026-05-13 19:27:00 | node_42 | INFO ] ✅ [FORCE] Local model added for round 47. (7/13)
[ 2026-05-13 19:27:00 | node_29 | INFO ] 🔬 Evaluating...
[ 2026-05-13 19:27:01 | node_49 | INFO ] 🎉 Round 47 of 50 finished.
[ 2026-05-13 19:27:01 | node_34 | INFO ] 🧩 Model added for round 47 (8/10) from ['node_4']
[ 2026-05-13 19:27:01 | node_49 | INFO ] 🗳️ [DETERMINISTIC] Train set assigned (No Voting). Size: 50
[ 2026-05-13 19:27:01 | node_29 | INFO ] 📈 Evaluated. Results: {'test_loss': 0.2239263951778412, 'test_acc': 0.949999988079071, 'test_precision': 0.9553940296173096, 'test_recall': 0.9496538043022156, 'test_f1': 0.950459897518158, 'communication_cost': 41397356}
[ 2026-05-13 19:27:01 | node_34 | INFO ] 🧩 Model added for round 47 (9/10) from ['node_47']
[ 2026-05-13 19:27:01 | node_36 | INFO ] 🧩 Model added for round 47 (6/10) from ['node_21']
[ 2026-05-13 19:27:01 | node_29 | INFO ] 📢 Broadcasting metrics.
[ 2026-05-13 19:27:01 | node_49 | INFO ] ♻️ Proactively processing 5 early models for round 47.
[ 2026-05-13 19:27:01 | node_49 | INFO ] 🧩 Model added for round 47 (1/6) from ['node_41']
[ 2026-05-13 19:27:01 | node_19 | INFO ] ⏹️  Gossiping exited for 50 equal rounds.
[ 2026-05-13 19:27:01 | node_31 | INFO ] 🧠 Aggregation complete. Setting new model.
[ 2026-05-13 19:27:01 | node_49 | INFO ] 🧩 Model added for round 47 (2/6) from ['node_15']
[ 2026-05-13 19:27:01 | node_49 | INFO ] 🧩 Model added for round 47 (3/6) from ['node_32']
[ 2026-05-13 19:27:01 | node_49 | INFO ] 🧩 Model added for round 47 (4/6) from ['node_40']
[ 2026-05-13 19:27:01 | node_19 | INFO ] 🔬 Evaluating...
[ 2026-05-13 19:27:01 | node_49 | INFO ] 🧩 Model added for round 47 (5/6) from ['node_7']
[ 2026-05-13 19:27:01 | node_49 | INFO ] 🏋️‍♀️ Preparing training...
[ 2026-05-13 19:27:01 | node_24 | INFO ] 🧩 Model added for round 47 (8/10) from ['node_16']
[ 2026-05-13 19:27:01 | node_19 | INFO ] 📈 Evaluated. Results: {'test_loss': 0.2017001360654831, 'test_acc': 0.9750000238418579, 'test_precision': 0.970320463180542, 'test_recall': 0.9786522388458252, 'test_f1': 0.9730872511863708, 'communication_cost': 30107168}
[ 2026-05-13 19:27:02 | node_19 | INFO ] 📢 Broadcasting metrics.
[ 2026-05-13 19:27:02 | node_49 | INFO ] 🎓 Training step done.
[ 2026-05-13 19:27:02 | node_49 | INFO ] 🛠️ Calling force_add_local_model...
[ 2026-05-13 19:27:02 | node_31 | INFO ] 🗣️ Gossiping aggregated model.
[ 2026-05-13 19:27:02 | node_49 | INFO ] ✅ [FORCE] Local model added for round 47. (6/6)
[ 2026-05-13 19:27:02 | node_40 | INFO ] 🧩 Model added for round 47 (6/8) from ['node_4']
[ 2026-05-13 19:27:02 | node_35 | INFO ] 🧩 Model added for round 47 (5/8) from ['node_47']
[ 2026-05-13 19:27:03 | node_38 | INFO ] 🧩 Model added for round 47 (10/13) from ['node_21']
[ 2026-05-13 19:27:03 | node_26 | INFO ] 🧩 Model added for round 47 (7/8) from ['node_16']
[ 2026-05-13 19:27:04 | node_36 | INFO ] 🧩 Model added for round 47 (7/10) from ['node_47']
[ 2026-05-13 19:27:04 | node_46 | INFO ] 🧩 Model added for round 47 (5/7) from ['node_4']
[ 2026-05-13 19:27:05 | node_28 | INFO ] 🧩 Model added for round 47 (9/10) from ['node_16']
[ 2026-05-13 19:27:05 | node_42 | INFO ] 📤 Sending model to 12 direct neighbors: ['node', 'node_1', 'node_3', 'node_16', 'node_19', 'node_29', 'node_34', 'node_37', 'node_38', 'node_45', 'node_46', 'node_47']
[ 2026-05-13 19:27:06 | node | INFO ] 🧩 Model added for round 47 (10/11) from ['node_42']
[ 2026-05-13 19:27:06 | node_42 | INFO ] 🧩 Model added for round 47 (8/13) from ['node_47']
[ 2026-05-13 19:27:07 | node_19 | INFO ] 🎉 Round 47 of 50 finished.
[ 2026-05-13 19:27:07 | node_19 | INFO ] 🗳️ [DETERMINISTIC] Train set assigned (No Voting). Size: 50
[ 2026-05-13 19:27:07 | node_32 | INFO ] 🧩 Model added for round 47 (2/5) from ['node_16']
[ 2026-05-13 19:27:07 | node_19 | INFO ] ♻️ Proactively processing 4 early models for round 47.
[ 2026-05-13 19:27:07 | node_49 | INFO ] 📤 Sending model to 5 direct neighbors: ['node_7', 'node_15', 'node_32', 'node_40', 'node_41']
[ 2026-05-13 19:27:07 | node_19 | INFO ] 🧩 Model added for round 47 (1/9) from ['node_22']
[ 2026-05-13 19:27:07 | node_19 | INFO ] 🧩 Model added for round 47 (2/9) from ['node_45']
[ 2026-05-13 19:27:07 | node_19 | INFO ] 🧩 Model added for round 47 (3/9) from ['node_33']
[ 2026-05-13 19:27:07 | node_19 | INFO ] 🧩 Model added for round 47 (4/9) from ['node_47']
[ 2026-05-13 19:27:07 | node_19 | INFO ] 🏋️‍♀️ Preparing training...
[ 2026-05-13 19:27:07 | node_7 | INFO ] 🧩 Model added for round 47 (6/9) from ['node_49']
[ 2026-05-13 19:27:07 | node_29 | INFO ] 🎉 Round 47 of 50 finished.
[ 2026-05-13 19:27:08 | node_29 | INFO ] 🗳️ [DETERMINISTIC] Train set assigned (No Voting). Size: 50
[ 2026-05-13 19:27:08 | node_19 | INFO ] 🎓 Training step done.
[ 2026-05-13 19:27:08 | node_29 | INFO ] ♻️ Proactively processing 8 early models for round 47.
[ 2026-05-13 19:27:08 | node_39 | INFO ] 🧩 Model added for round 47 (7/8) from ['node_16']
[ 2026-05-13 19:27:08 | node_19 | INFO ] 🛠️ Calling force_add_local_model...
[ 2026-05-13 19:27:08 | node_29 | INFO ] 🧩 Model added for round 47 (1/12) from ['node_8']
[ 2026-05-13 19:27:08 | node_29 | INFO ] 🧩 Model added for round 47 (2/12) from ['node_43']
[ 2026-05-13 19:27:08 | node_19 | INFO ] ✅ [FORCE] Local model added for round 47. (5/9)
[ 2026-05-13 19:27:08 | node_29 | INFO ] 🧩 Model added for round 47 (3/12) from ['node_10']
[ 2026-05-13 19:27:08 | node_29 | INFO ] 🧩 Model added for round 47 (4/12) from ['node_40']
[ 2026-05-13 19:27:08 | node_29 | INFO ] 🧩 Model added for round 47 (5/12) from ['node_38']
[ 2026-05-13 19:27:08 | node_29 | INFO ] 🧩 Model added for round 47 (6/12) from ['node_7']
[ 2026-05-13 19:27:08 | node_29 | INFO ] 🧩 Model added for round 47 (7/12) from ['node_35']
[ 2026-05-13 19:27:08 | node_29 | INFO ] 🧩 Model added for round 47 (8/12) from ['node_21']
[ 2026-05-13 19:27:08 | node_29 | INFO ] 🏋️‍♀️ Preparing training...
[ 2026-05-13 19:27:08 | node_16 | INFO ] 🧩 Model added for round 47 (11/13) from ['node_42']
[ 2026-05-13 19:27:09 | node_29 | INFO ] 🎓 Training step done.
[ 2026-05-13 19:27:09 | node_29 | INFO ] 🛠️ Calling force_add_local_model...
[ 2026-05-13 19:27:09 | node_15 | INFO ] 🧩 Model added for round 47 (10/10) from ['node_49']
[ 2026-05-13 19:27:09 | node_29 | INFO ] ✅ [FORCE] Local model added for round 47. (9/12)
[ 2026-05-13 19:27:09 | node_41 | INFO ] 🧩 Model added for round 47 (6/7) from ['node_16']
[ 2026-05-13 19:27:10 | node_15 | INFO ] 🧠 Aggregation complete. Setting new model.
[ 2026-05-13 19:27:11 | node_42 | INFO ] 🧩 Model added for round 47 (9/13) from ['node_16']
[ 2026-05-13 19:27:11 | node_19 | INFO ] 🧩 Model added for round 47 (6/9) from ['node_42']
[ 2026-05-13 19:27:11 | node_32 | INFO ] 🧩 Model added for round 47 (3/5) from ['node_49']
[ 2026-05-13 19:27:11 | node_15 | INFO ] 🗣️ Gossiping aggregated model.
[ 2026-05-13 19:27:12 | node_40 | INFO ] 🧩 Model added for round 47 (7/8) from ['node_49']
[ 2026-05-13 19:27:12 | node_29 | INFO ] 🧩 Model added for round 47 (10/12) from ['node_42']
[ 2026-05-13 19:27:13 | node_48 | INFO ] 🧩 Model added for round 47 (6/6) from ['node_16']
[ 2026-05-13 19:27:13 | node_19 | INFO ] 📤 Sending model to 8 direct neighbors: ['node_5', 'node_18', 'node_22', 'node_29', 'node_33', 'node_42', 'node_45', 'node_47']
[ 2026-05-13 19:27:13 | node_41 | INFO ] 🧩 Model added for round 47 (7/7) from ['node_49']
[ 2026-05-13 19:27:13 | node_48 | INFO ] 🧠 Aggregation complete. Setting new model.
[ 2026-05-13 19:27:13 | node_41 | INFO ] 🧠 Aggregation complete. Setting new model.
[ 2026-05-13 19:27:14 | node_48 | INFO ] 🗣️ Gossiping aggregated model.
[ 2026-05-13 19:27:14 | node_41 | INFO ] 🗣️ Gossiping aggregated model.
[ 2026-05-13 19:27:14 | node_29 | INFO ] 📤 Sending model to 11 direct neighbors: ['node_7', 'node_8', 'node_10', 'node_19', 'node_21', 'node_35', 'node_38', 'node_40', 'node_42', 'node_43', 'node_44']
[ 2026-05-13 19:27:14 | node_34 | INFO ] 🧩 Model added for round 47 (10/10) from ['node_42']
[ 2026-05-13 19:27:15 | node_7 | INFO ] 🧩 Model added for round 47 (7/9) from ['node_29']
[ 2026-05-13 19:27:15 | node_22 | INFO ] 🧩 Model added for round 47 (4/5) from ['node_19']
[ 2026-05-13 19:27:15 | node_49 | INFO ] 🧠 Aggregation complete. Setting new model.
[ 2026-05-13 19:27:15 | node_34 | INFO ] 🧠 Aggregation complete. Setting new model.
[ 2026-05-13 19:27:16 | node_49 | INFO ] 🗣️ Gossiping aggregated model.
[ 2026-05-13 19:27:16 | node_37 | INFO ] 🧩 Model added for round 47 (10/12) from ['node_42']
[ 2026-05-13 19:27:17 | node_34 | INFO ] 🗣️ Gossiping aggregated model.
[ 2026-05-13 19:27:17 | node_29 | INFO ] 🧩 Model added for round 47 (11/12) from ['node_19']
[ 2026-05-13 19:27:17 | node_8 | INFO ] 🧩 Model added for round 47 (4/5) from ['node_29']
[ 2026-05-13 19:27:18 | node_10 | INFO ] 🧩 Model added for round 47 (8/10) from ['node_29']
[ 2026-05-13 19:27:18 | node_33 | INFO ] 🧩 Model added for round 47 (7/11) from ['node_19']
[ 2026-05-13 19:27:18 | node_38 | INFO ] 🧩 Model added for round 47 (11/13) from ['node_42']
[ 2026-05-13 19:27:19 | node_19 | INFO ] 🧩 Model added for round 47 (7/9) from ['node_29']
[ 2026-05-13 19:27:20 | node_42 | INFO ] 🧩 Model added for round 47 (10/13) from ['node_19']
[ 2026-05-13 19:27:20 | node_45 | INFO ] 🧩 Model added for round 47 (4/5) from ['node_42']
[ 2026-05-13 19:27:21 | node_21 | INFO ] 🧩 Model added for round 47 (8/12) from ['node_29']
[ 2026-05-13 19:27:22 | node_46 | INFO ] 🧩 Model added for round 47 (6/7) from ['node_42']
[ 2026-05-13 19:27:22 | node_45 | INFO ] 🧩 Model added for round 47 (5/5) from ['node_19']
[ 2026-05-13 19:27:23 | node_45 | INFO ] 🧠 Aggregation complete. Setting new model.
[ 2026-05-13 19:27:23 | node_35 | INFO ] 🧩 Model added for round 47 (6/8) from ['node_29']
[ 2026-05-13 19:27:23 | node_47 | INFO ] 🧩 Model added for round 47 (8/14) from ['node_42']
[ 2026-05-13 19:27:23 | node_47 | INFO ] 🧩 Model added for round 47 (9/14) from ['node_19']
[ 2026-05-13 19:27:23 | node_45 | INFO ] 🗣️ Gossiping aggregated model.
[ 2026-05-13 19:27:24 | node_38 | INFO ] 🧩 Model added for round 47 (12/13) from ['node_29']
[ 2026-05-13 19:27:26 | node_40 | INFO ] 🧩 Model added for round 47 (8/8) from ['node_29']
[ 2026-05-13 19:27:27 | node_40 | INFO ] 🧠 Aggregation complete. Setting new model.
[ 2026-05-13 19:27:28 | node_42 | INFO ] 🧩 Model added for round 47 (11/13) from ['node_29']
[ 2026-05-13 19:27:28 | node_40 | INFO ] 🗣️ Gossiping aggregated model.
[ 2026-05-13 19:27:30 | node_43 | INFO ] 🧩 Model added for round 47 (4/4) from ['node_29']
[ 2026-05-13 19:27:33 | ModelPackager | INFO ] Round 47: Consensus detected (dist: 0.000992). Patience: 1/5
[ 2026-05-13 19:27:33 | node_43 | INFO ] 🧠 Aggregation complete. Setting new model.
[ 2026-05-13 19:27:34 | node_43 | INFO ] 🗣️ Gossiping aggregated model.
[ 2026-05-13 19:27:36 | node_3 | INFO ] ⏹️  Gossiping exited for 50 equal rounds.
[ 2026-05-13 19:27:36 | node_3 | INFO ] 🔬 Evaluating...
[ 2026-05-13 19:27:37 | node_3 | INFO ] 📈 Evaluated. Results: {'test_loss': 0.2743830978870392, 'test_acc': 0.9549999833106995, 'test_precision': 0.9567530155181885, 'test_recall': 0.9513345956802368, 'test_f1': 0.9521682262420654, 'communication_cost': 26343772}
[ 2026-05-13 19:27:37 | node_3 | INFO ] 📢 Broadcasting metrics.
[ 2026-05-13 19:27:39 | node_3 | INFO ] 🎉 Round 47 of 50 finished.
[ 2026-05-13 19:27:39 | node_3 | INFO ] 🗳️ [DETERMINISTIC] Train set assigned (No Voting). Size: 50
[ 2026-05-13 19:27:39 | node_3 | INFO ] ♻️ Proactively processing 6 early models for round 47.
[ 2026-05-13 19:27:39 | node_3 | INFO ] 🧩 Model added for round 47 (1/8) from ['node_8']
[ 2026-05-13 19:27:39 | node_3 | INFO ] 🧩 Model added for round 47 (2/8) from ['node_6']
[ 2026-05-13 19:27:39 | node_3 | INFO ] 🧩 Model added for round 47 (3/8) from ['node_33']
[ 2026-05-13 19:27:39 | node_3 | INFO ] 🧩 Model added for round 47 (4/8) from ['node_37']
[ 2026-05-13 19:27:39 | node_3 | INFO ] 🧩 Model added for round 47 (5/8) from ['node_47']
[ 2026-05-13 19:27:40 | node_3 | INFO ] 🧩 Model added for round 47 (6/8) from ['node_42']
[ 2026-05-13 19:27:40 | node_3 | INFO ] 🏋️‍♀️ Preparing training...
[ 2026-05-13 19:27:40 | node_3 | INFO ] 🎓 Training step done.
[ 2026-05-13 19:27:40 | node_3 | INFO ] 🛠️ Calling force_add_local_model...
[ 2026-05-13 19:27:41 | node_3 | INFO ] ✅ [FORCE] Local model added for round 47. (7/8)
[ 2026-05-13 19:27:44 | node_14 | INFO ] ⏹️  Gossiping exited for 50 equal rounds.
[ 2026-05-13 19:27:44 | node_14 | INFO ] 🔬 Evaluating...
[ 2026-05-13 19:27:45 | node_14 | INFO ] 📈 Evaluated. Results: {'test_loss': 0.11903516948223114, 'test_acc': 0.9750000238418579, 'test_precision': 0.9749722480773926, 'test_recall': 0.9787066578865051, 'test_f1': 0.9761009812355042, 'communication_cost': 33870564}
[ 2026-05-13 19:27:45 | node_14 | INFO ] 📢 Broadcasting metrics.
[ 2026-05-13 19:27:46 | node_3 | INFO ] 📤 Sending model to 7 direct neighbors: ['node_6', 'node_8', 'node_18', 'node_33', 'node_37', 'node_42', 'node_47']
[ 2026-05-13 19:27:46 | node_6 | INFO ] 🧩 Model added for round 47 (8/8) from ['node_3']
[ 2026-05-13 19:27:47 | node_6 | INFO ] 🧠 Aggregation complete. Setting new model.
[ 2026-05-13 19:27:48 | node_6 | INFO ] 🗣️ Gossiping aggregated model.
[ 2026-05-13 19:27:48 | node_8 | INFO ] 🧩 Model added for round 47 (5/5) from ['node_3']
[ 2026-05-13 19:27:49 | node_14 | INFO ] 🎉 Round 47 of 50 finished.
[ 2026-05-13 19:27:49 | node_14 | INFO ] 🗳️ [DETERMINISTIC] Train set assigned (No Voting). Size: 50
[ 2026-05-13 19:27:49 | node_14 | INFO ] ♻️ Proactively processing 9 early models for round 47.
[ 2026-05-13 19:27:49 | node_14 | INFO ] 🧩 Model added for round 47 (1/10) from ['node_26']
[ 2026-05-13 19:27:49 | node_14 | INFO ] 🧩 Model added for round 47 (2/10) from ['node_10']
[ 2026-05-13 19:27:49 | node_14 | INFO ] 🧩 Model added for round 47 (3/10) from ['node_30']
[ 2026-05-13 19:27:49 | node_14 | INFO ] 🧩 Model added for round 47 (4/10) from ['node_33']
[ 2026-05-13 19:27:50 | node_14 | INFO ] 🧩 Model added for round 47 (5/10) from ['node']
[ 2026-05-13 19:27:50 | node_14 | INFO ] 🧩 Model added for round 47 (6/10) from ['node_35']
[ 2026-05-13 19:27:50 | node_14 | INFO ] 🧩 Model added for round 47 (7/10) from ['node_36']
[ 2026-05-13 19:27:50 | node_14 | INFO ] 🧩 Model added for round 47 (8/10) from ['node_21']
[ 2026-05-13 19:27:50 | node_14 | INFO ] 🧩 Model added for round 47 (9/10) from ['node_47']
[ 2026-05-13 19:27:50 | node_14 | INFO ] 🏋️‍♀️ Preparing training...
[ 2026-05-13 19:27:50 | node_33 | INFO ] 🧩 Model added for round 47 (8/11) from ['node_3']
[ 2026-05-13 19:27:51 | node_14 | INFO ] 🎓 Training step done.
[ 2026-05-13 19:27:51 | node_14 | INFO ] 🛠️ Calling force_add_local_model...
[ 2026-05-13 19:27:51 | node_14 | INFO ] ✅ [FORCE] Local model added for round 47. (10/10)
[ 2026-05-13 19:27:52 | node_37 | INFO ] 🧩 Model added for round 47 (11/12) from ['node_3']
[ 2026-05-13 19:27:53 | node_8 | INFO ] 🧠 Aggregation complete. Setting new model.
[ 2026-05-13 19:27:53 | node_8 | INFO ] 🗣️ Gossiping aggregated model.
[ 2026-05-13 19:27:54 | node_42 | INFO ] 🧩 Model added for round 47 (12/13) from ['node_3']
[ 2026-05-13 19:27:56 | node_14 | INFO ] 📤 Sending model to 9 direct neighbors: ['node', 'node_10', 'node_21', 'node_26', 'node_30', 'node_33', 'node_35', 'node_36', 'node_47']
[ 2026-05-13 19:27:56 | node_47 | INFO ] 🧩 Model added for round 47 (10/14) from ['node_3']
[ 2026-05-13 19:27:57 | node | INFO ] 🧩 Model added for round 47 (11/11) from ['node_14']
[ 2026-05-13 19:27:59 | node_10 | INFO ] 🧩 Model added for round 47 (9/10) from ['node_14']
[ 2026-05-13 19:27:59 | node | INFO ] 🧠 Aggregation complete. Setting new model.
[ 2026-05-13 19:28:00 | node_21 | INFO ] 🧩 Model added for round 47 (9/12) from ['node_14']
[ 2026-05-13 19:28:01 | node | INFO ] 🗣️ Gossiping aggregated model.
[ 2026-05-13 19:28:02 | node_26 | INFO ] 🧩 Model added for round 47 (8/8) from ['node_14']
[ 2026-05-13 19:28:03 | node_26 | INFO ] 🧠 Aggregation complete. Setting new model.
[ 2026-05-13 19:28:04 | node_26 | INFO ] 🗣️ Gossiping aggregated model.
[ 2026-05-13 19:28:04 | node_30 | INFO ] 🧩 Model added for round 47 (2/6) from ['node_14']
[ 2026-05-13 19:28:05 | node_33 | INFO ] 🧩 Model added for round 47 (9/11) from ['node_14']
[ 2026-05-13 19:28:07 | node_35 | INFO ] 🧩 Model added for round 47 (7/8) from ['node_14']
[ 2026-05-13 19:28:08 | node_36 | INFO ] 🧩 Model added for round 47 (8/10) from ['node_14']
[ 2026-05-13 19:28:10 | node_47 | INFO ] 🧩 Model added for round 47 (11/14) from ['node_14']
[ 2026-05-13 19:28:19 | node_1 | INFO ] ⏹️  Gossiping exited for 50 equal rounds.
[ 2026-05-13 19:28:19 | node_1 | INFO ] 🔬 Evaluating...
[ 2026-05-13 19:28:20 | node_1 | INFO ] 📈 Evaluated. Results: {'test_loss': 0.268114298582077, 'test_acc': 0.9750000238418579, 'test_precision': 0.9772118330001831, 'test_recall': 0.9751768708229065, 'test_f1': 0.9753718376159668, 'communication_cost': 30107168}
[ 2026-05-13 19:28:20 | node_1 | INFO ] 📢 Broadcasting metrics.
[ 2026-05-13 19:28:21 | node_14 | INFO ] 🧠 Aggregation complete. Setting new model.
[ 2026-05-13 19:28:22 | node_14 | INFO ] 🗣️ Gossiping aggregated model.
[ 2026-05-13 19:28:23 | node_1 | INFO ] 🎉 Round 47 of 50 finished.
[ 2026-05-13 19:28:23 | node_1 | INFO ] 🗳️ [DETERMINISTIC] Train set assigned (No Voting). Size: 50
[ 2026-05-13 19:28:23 | node_1 | INFO ] ♻️ Proactively processing 6 early models for round 47.
[ 2026-05-13 19:28:23 | node_1 | INFO ] 🧩 Model added for round 47 (1/9) from ['node_46']
[ 2026-05-13 19:28:23 | node_23 | INFO ] ⏹️  Gossiping exited for 50 equal rounds.
[ 2026-05-13 19:28:23 | node_1 | INFO ] 🧩 Model added for round 47 (2/9) from ['node_32']
[ 2026-05-13 19:28:23 | node_1 | INFO ] 🧩 Model added for round 47 (3/9) from ['node_30']
[ 2026-05-13 19:28:23 | node_23 | INFO ] 🔬 Evaluating...
[ 2026-05-13 19:28:23 | node_1 | INFO ] 🧩 Model added for round 47 (4/9) from ['node_27']
[ 2026-05-13 19:28:23 | node_1 | INFO ] 🧩 Model added for round 47 (5/9) from ['node_4']
[ 2026-05-13 19:28:23 | node_1 | INFO ] 🧩 Model added for round 47 (6/9) from ['node_42']
[ 2026-05-13 19:28:23 | node_1 | INFO ] 🏋️‍♀️ Preparing training...
[ 2026-05-13 19:28:23 | node_23 | INFO ] 📈 Evaluated. Results: {'test_loss': 0.10960956662893295, 'test_acc': 0.9800000190734863, 'test_precision': 0.980660617351532, 'test_recall': 0.9814603924751282, 'test_f1': 0.9808313250541687, 'communication_cost': 11290188}
[ 2026-05-13 19:28:24 | node_23 | INFO ] 📢 Broadcasting metrics.
[ 2026-05-13 19:28:24 | node_1 | INFO ] 🎓 Training step done.
[ 2026-05-13 19:28:24 | node_1 | INFO ] 🛠️ Calling force_add_local_model...
[ 2026-05-13 19:28:24 | node_1 | INFO ] ✅ [FORCE] Local model added for round 47. (7/9)
[ 2026-05-13 19:28:25 | node_23 | INFO ] 🎉 Round 48 of 50 finished.
[ 2026-05-13 19:28:26 | node_9 | INFO ] ⏹️  Gossiping exited for 50 equal rounds.
[ 2026-05-13 19:28:26 | node_23 | INFO ] 🗳️ [DETERMINISTIC] Train set assigned (No Voting). Size: 50
[ 2026-05-13 19:28:26 | node_9 | INFO ] 🔬 Evaluating...
[ 2026-05-13 19:28:26 | node_23 | INFO ] 🏋️‍♀️ Preparing training...
[ 2026-05-13 19:28:26 | node_9 | INFO ] 📈 Evaluated. Results: {'test_loss': 0.21316850185394287, 'test_acc': 0.949999988079071, 'test_precision': 0.94383704662323, 'test_recall': 0.9444923400878906, 'test_f1': 0.9434394836425781, 'communication_cost': 22580376}
[ 2026-05-13 19:28:26 | node_9 | INFO ] 📢 Broadcasting metrics.
[ 2026-05-13 19:28:26 | node_23 | INFO ] 🎓 Training step done.
[ 2026-05-13 19:28:26 | node_23 | INFO ] 🛠️ Calling force_add_local_model...
[ 2026-05-13 19:28:27 | node_23 | INFO ] ✅ [FORCE] Local model added for round 48. (1/4)
[ 2026-05-13 19:28:29 | node_44 | INFO ] ⏹️  Gossiping exited for 50 equal rounds.
[ 2026-05-13 19:28:29 | node_44 | INFO ] 🔬 Evaluating...
[ 2026-05-13 19:28:29 | node_1 | INFO ] 📤 Sending model to 8 direct neighbors: ['node_4', 'node_5', 'node_27', 'node_30', 'node_32', 'node_42', 'node_44', 'node_46']
[ 2026-05-13 19:28:29 | node_44 | INFO ] 📈 Evaluated. Results: {'test_loss': 0.19868430495262146, 'test_acc': 0.9649999737739563, 'test_precision': 0.9637553691864014, 'test_recall': 0.9652158617973328, 'test_f1': 0.9633269309997559, 'communication_cost': 45160752}
[ 2026-05-13 19:28:29 | node_9 | INFO ] 🎉 Round 47 of 50 finished.
[ 2026-05-13 19:28:29 | node_44 | INFO ] 📢 Broadcasting metrics.
[ 2026-05-13 19:28:29 | node_9 | INFO ] 🗳️ [DETERMINISTIC] Train set assigned (No Voting). Size: 50
[ 2026-05-13 19:28:30 | node_4 | INFO ] 🧩 Model added for round 47 (9/10) from ['node_1']
[ 2026-05-13 19:28:30 | node_9 | INFO ] ♻️ Proactively processing 6 early models for round 47.
[ 2026-05-13 19:28:30 | node_9 | INFO ] 🧩 Model added for round 47 (1/7) from ['node_30']
[ 2026-05-13 19:28:30 | node_9 | INFO ] 🧩 Model added for round 47 (2/7) from ['node_27']
[ 2026-05-13 19:28:30 | node_9 | INFO ] 🧩 Model added for round 47 (3/7) from ['node_38']
[ 2026-05-13 19:28:30 | node_9 | INFO ] 🧩 Model added for round 47 (4/7) from ['node_36']
[ 2026-05-13 19:28:30 | node_9 | INFO ] 🧩 Model added for round 47 (5/7) from ['node_37']
[ 2026-05-13 19:28:30 | node_9 | INFO ] 🧩 Model added for round 47 (6/7) from ['node_13']
[ 2026-05-13 19:28:30 | node_9 | INFO ] 🏋️‍♀️ Preparing training...
[ 2026-05-13 19:28:30 | node_9 | INFO ] 🎓 Training step done.
[ 2026-05-13 19:28:30 | node_9 | INFO ] 🛠️ Calling force_add_local_model...
[ 2026-05-13 19:28:31 | node_9 | INFO ] ✅ [FORCE] Local model added for round 47. (7/7)
[ 2026-05-13 19:28:31 | node_27 | INFO ] 🧩 Model added for round 47 (8/10) from ['node_1']
[ 2026-05-13 19:28:32 | node_23 | INFO ] 📤 Sending model to 3 direct neighbors: ['node_15', 'node_24', 'node_38']
[ 2026-05-13 19:28:33 | node_30 | INFO ] 🧩 Model added for round 47 (3/6) from ['node_1']
[ 2026-05-13 19:28:34 | node_32 | INFO ] 🧩 Model added for round 47 (4/5) from ['node_1']
[ 2026-05-13 19:28:35 | node_42 | INFO ] 🧩 Model added for round 47 (13/13) from ['node_1']
[ 2026-05-13 19:28:35 | node_44 | INFO ] 🎉 Round 47 of 50 finished.
[ 2026-05-13 19:28:35 | node_44 | INFO ] 🗳️ [DETERMINISTIC] Train set assigned (No Voting). Size: 50
[ 2026-05-13 19:28:35 | node_44 | INFO ] ♻️ Proactively processing 10 early models for round 47.
[ 2026-05-13 19:28:35 | node_44 | INFO ] 🧩 Model added for round 47 (1/13) from ['node_39']
[ 2026-05-13 19:28:35 | node_44 | INFO ] 🧩 Model added for round 47 (2/13) from ['node_10']
[ 2026-05-13 19:28:35 | node_44 | INFO ] 🧩 Model added for round 47 (3/13) from ['node_32']
[ 2026-05-13 19:28:36 | node_9 | INFO ] 📤 Sending model to 6 direct neighbors: ['node_13', 'node_27', 'node_30', 'node_36', 'node_37', 'node_38']
[ 2026-05-13 19:28:36 | node_44 | INFO ] 🧩 Model added for round 47 (4/13) from ['node_30']
[ 2026-05-13 19:28:36 | node_44 | INFO ] 🧩 Model added for round 47 (5/13) from ['node_27']
[ 2026-05-13 19:28:36 | node_44 | INFO ] 🧩 Model added for round 47 (6/13) from ['node_24']
[ 2026-05-13 19:28:36 | node_44 | INFO ] 🧩 Model added for round 47 (7/13) from ['node_4']
[ 2026-05-13 19:28:36 | node_44 | INFO ] 🧩 Model added for round 47 (8/13) from ['node_21']
[ 2026-05-13 19:28:36 | node_44 | INFO ] 🧩 Model added for round 47 (9/13) from ['node_47']
[ 2026-05-13 19:28:37 | node_13 | INFO ] 🧩 Model added for round 47 (10/12) from ['node_9']
[ 2026-05-13 19:28:37 | node_44 | INFO ] 🧩 Model added for round 47 (10/13) from ['node_29']
[ 2026-05-13 19:28:37 | node_44 | INFO ] 🏋️‍♀️ Preparing training...
[ 2026-05-13 19:28:38 | node_44 | INFO ] 🎓 Training step done.
[ 2026-05-13 19:28:38 | node_44 | INFO ] 🛠️ Calling force_add_local_model...
[ 2026-05-13 19:28:38 | node_44 | INFO ] ✅ [FORCE] Local model added for round 47. (11/13)
[ 2026-05-13 19:28:38 | node_42 | INFO ] 🧠 Aggregation complete. Setting new model.
[ 2026-05-13 19:28:38 | node_44 | INFO ] 🧩 Model added for round 47 (12/13) from ['node_1']
[ 2026-05-13 19:28:40 | node_27 | INFO ] 🧩 Model added for round 47 (9/10) from ['node_9']
[ 2026-05-13 19:28:40 | node_42 | INFO ] 🗣️ Gossiping aggregated model.
[ 2026-05-13 19:28:41 | node_46 | INFO ] 🧩 Model added for round 47 (7/7) from ['node_1']
[ 2026-05-13 19:28:42 | node_46 | INFO ] 🧠 Aggregation complete. Setting new model.
[ 2026-05-13 19:28:42 | node_30 | INFO ] 🧩 Model added for round 47 (4/6) from ['node_9']
[ 2026-05-13 19:28:43 | node_46 | INFO ] 🗣️ Gossiping aggregated model.
[ 2026-05-13 19:28:43 | node_44 | INFO ] 📤 Sending model to 12 direct neighbors: ['node_1', 'node_4', 'node_10', 'node_18', 'node_21', 'node_24', 'node_27', 'node_29', 'node_30', 'node_32', 'node_39', 'node_47']
[ 2026-05-13 19:28:43 | node_36 | INFO ] 🧩 Model added for round 47 (9/10) from ['node_9']
[ 2026-05-13 19:28:43 | node_1 | INFO ] 🧩 Model added for round 47 (8/9) from ['node_44']
[ 2026-05-13 19:28:44 | node_37 | INFO ] 🧩 Model added for round 47 (12/12) from ['node_9']
[ 2026-05-13 19:28:44 | node_4 | INFO ] 🧩 Model added for round 47 (10/10) from ['node_44']
[ 2026-05-13 19:28:45 | node_18 | INFO ] ⏹️  Gossiping exited for 50 equal rounds.
[ 2026-05-13 19:28:46 | node_18 | INFO ] 🔬 Evaluating...
[ 2026-05-13 19:28:46 | node_18 | INFO ] 📈 Evaluated. Results: {'test_loss': 0.18521180748939514, 'test_acc': 0.9649999737739563, 'test_precision': 0.9635458588600159, 'test_recall': 0.9610739350318909, 'test_f1': 0.9616232514381409, 'communication_cost': 52687544}
[ 2026-05-13 19:28:46 | node_18 | INFO ] 📢 Broadcasting metrics.
[ 2026-05-13 19:28:47 | node_38 | INFO ] 🧩 Model added for round 47 (13/13) from ['node_9']
[ 2026-05-13 19:28:47 | node_10 | INFO ] 🧩 Model added for round 47 (10/10) from ['node_44']
[ 2026-05-13 19:28:49 | node_21 | INFO ] 🧩 Model added for round 47 (10/12) from ['node_44']
[ 2026-05-13 19:28:49 | node_4 | INFO ] 🧠 Aggregation complete. Setting new model.
[ 2026-05-13 19:28:49 | node_37 | INFO ] 🧠 Aggregation complete. Setting new model.
[ 2026-05-13 19:28:49 | node_9 | INFO ] 🧠 Aggregation complete. Setting new model.
[ 2026-05-13 19:28:49 | node_10 | INFO ] 🧠 Aggregation complete. Setting new model.
[ 2026-05-13 19:28:49 | node_38 | INFO ] 🧠 Aggregation complete. Setting new model.
[ 2026-05-13 19:28:50 | node_9 | INFO ] 🗣️ Gossiping aggregated model.
[ 2026-05-13 19:28:51 | node_4 | INFO ] 🗣️ Gossiping aggregated model.
[ 2026-05-13 19:28:51 | node_10 | INFO ] 🗣️ Gossiping aggregated model.
[ 2026-05-13 19:28:51 | node_38 | INFO ] 🗣️ Gossiping aggregated model.
[ 2026-05-13 19:28:51 | node_37 | INFO ] 🗣️ Gossiping aggregated model.
[ 2026-05-13 19:28:51 | node_24 | INFO ] 🧩 Model added for round 47 (9/10) from ['node_44']
[ 2026-05-13 19:28:52 | node_18 | INFO ] 🎉 Round 47 of 50 finished.
[ 2026-05-13 19:28:52 | node_18 | INFO ] 🗳️ [DETERMINISTIC] Train set assigned (No Voting). Size: 50
[ 2026-05-13 19:28:53 | node_18 | INFO ] ♻️ Proactively processing 12 early models for round 47.
[ 2026-05-13 19:28:53 | node_18 | INFO ] 🧩 Model added for round 47 (1/15) from ['node_30']
[ 2026-05-13 19:28:53 | node_18 | INFO ] 🧩 Model added for round 47 (2/15) from ['node_33']
[ 2026-05-13 19:28:53 | node_18 | INFO ] 🧩 Model added for round 47 (3/15) from ['node_24']
[ 2026-05-13 19:28:53 | node_18 | INFO ] 🧩 Model added for round 47 (4/15) from ['node_7']
[ 2026-05-13 19:28:53 | node_18 | INFO ] 🧩 Model added for round 47 (5/15) from ['node_35']
[ 2026-05-13 19:28:53 | node_18 | INFO ] 🧩 Model added for round 47 (6/15) from ['node_11']
[ 2026-05-13 19:28:53 | node_18 | INFO ] 🧩 Model added for round 47 (7/15) from ['node_13']
[ 2026-05-13 19:28:53 | node_18 | INFO ] 🧩 Model added for round 47 (8/15) from ['node_47']
[ 2026-05-13 19:28:53 | node_18 | INFO ] 🧩 Model added for round 47 (9/15) from ['node_16']
[ 2026-05-13 19:28:53 | node_18 | INFO ] 🧩 Model added for round 47 (10/15) from ['node_19']
[ 2026-05-13 19:28:53 | node_18 | INFO ] 🧩 Model added for round 47 (11/15) from ['node_3']
[ 2026-05-13 19:28:53 | node_18 | INFO ] 🧩 Model added for round 47 (12/15) from ['node_44']
[ 2026-05-13 19:28:53 | node_18 | INFO ] 🏋️‍♀️ Preparing training...
[ 2026-05-13 19:28:53 | node_27 | INFO ] 🧩 Model added for round 47 (10/10) from ['node_44']
[ 2026-05-13 19:28:54 | node_18 | INFO ] 🎓 Training step done.
[ 2026-05-13 19:28:54 | node_18 | INFO ] 🛠️ Calling force_add_local_model...
[ 2026-05-13 19:28:54 | node_18 | INFO ] ✅ [FORCE] Local model added for round 47. (13/15)
[ 2026-05-13 19:28:55 | node_27 | INFO ] 🧠 Aggregation complete. Setting new model.
[ 2026-05-13 19:28:55 | node_29 | INFO ] 🧩 Model added for round 47 (12/12) from ['node_44']
[ 2026-05-13 19:28:57 | node_27 | INFO ] 🗣️ Gossiping aggregated model.
[ 2026-05-13 19:28:58 | node_29 | INFO ] 🧠 Aggregation complete. Setting new model.
[ 2026-05-13 19:28:58 | node_30 | INFO ] 🧩 Model added for round 47 (5/6) from ['node_44']
[ 2026-05-13 19:28:59 | node_29 | INFO ] 🗣️ Gossiping aggregated model.
[ 2026-05-13 19:28:59 | node_18 | INFO ] 📤 Sending model to 14 direct neighbors: ['node_3', 'node_5', 'node_7', 'node_11', 'node_13', 'node_16', 'node_19', 'node_24', 'node_25', 'node_30', 'node_33', 'node_35', 'node_44', 'node_47']
[ 2026-05-13 19:28:59 | node_40 | INFO ] 🤫 Gossip finished.
[ 2026-05-13 19:28:59 | node_32 | INFO ] 🧩 Model added for round 47 (5/5) from ['node_44']
[ 2026-05-13 19:28:59 | node_40 | INFO ] 🔬 Evaluating...
[ 2026-05-13 19:28:59 | node_3 | INFO ] 🧩 Model added for round 47 (8/8) from ['node_18']
[ 2026-05-13 19:29:00 | node_32 | INFO ] 🧠 Aggregation complete. Setting new model.
[ 2026-05-13 19:29:00 | node_40 | INFO ] 📈 Evaluated. Results: {'test_loss': 0.06783980131149292, 'test_acc': 0.9800000190734863, 'test_precision': 0.9812963604927063, 'test_recall': 0.9828571081161499, 'test_f1': 0.981350302696228, 'communication_cost': 26343772}
[ 2026-05-13 19:29:00 | node_43 | INFO ] 🤫 Gossip finished.
[ 2026-05-13 19:29:00 | node_40 | INFO ] 📢 Broadcasting metrics.
[ 2026-05-13 19:29:00 | node_3 | INFO ] 🧠 Aggregation complete. Setting new model.
[ 2026-05-13 19:29:00 | node_43 | INFO ] 🔬 Evaluating...
[ 2026-05-13 19:29:00 | node_32 | INFO ] 🗣️ Gossiping aggregated model.
[ 2026-05-13 19:29:00 | node_8 | INFO ] 🤫 Gossip finished.
[ 2026-05-13 19:29:01 | node_43 | INFO ] 📈 Evaluated. Results: {'test_loss': 0.3621111214160919, 'test_acc': 0.9599999785423279, 'test_precision': 0.9572399854660034, 'test_recall': 0.9592785835266113, 'test_f1': 0.9568805694580078, 'communication_cost': 11290188}
[ 2026-05-13 19:29:01 | node_8 | INFO ] 🔬 Evaluating...
[ 2026-05-13 19:29:01 | node_39 | INFO ] 🧩 Model added for round 47 (8/8) from ['node_44']
[ 2026-05-13 19:29:01 | node_43 | INFO ] 📢 Broadcasting metrics.
[ 2026-05-13 19:29:01 | node_2 | INFO ] ⏹️  Gossiping exited for 50 equal rounds.
[ 2026-05-13 19:29:01 | node_3 | INFO ] 🗣️ Gossiping aggregated model.
[ 2026-05-13 19:29:01 | node_2 | INFO ] 🔬 Evaluating...
[ 2026-05-13 19:29:01 | node_8 | INFO ] 📈 Evaluated. Results: {'test_loss': 0.18882280588150024, 'test_acc': 0.9599999785423279, 'test_precision': 0.9592626690864563, 'test_recall': 0.9648038744926453, 'test_f1': 0.9605441093444824, 'communication_cost': 15053584}
[ 2026-05-13 19:29:02 | node_8 | INFO ] 📢 Broadcasting metrics.
[ 2026-05-13 19:29:02 | node_2 | INFO ] 📈 Evaluated. Results: {'test_loss': 0.3014897406101227, 'test_acc': 0.949999988079071, 'test_precision': 0.9539900422096252, 'test_recall': 0.9548946619033813, 'test_f1': 0.9532713890075684, 'communication_cost': 15053584}
[ 2026-05-13 19:29:02 | node_2 | INFO ] 📢 Broadcasting metrics.
[ 2026-05-13 19:29:02 | node_43 | INFO ] 🎉 Round 48 of 50 finished.
[ 2026-05-13 19:29:03 | node_7 | INFO ] 🧩 Model added for round 47 (8/9) from ['node_18']
[ 2026-05-13 19:29:03 | node_43 | INFO ] 🗳️ [DETERMINISTIC] Train set assigned (No Voting). Size: 50
[ 2026-05-13 19:29:03 | node_43 | INFO ] 🏋️‍♀️ Preparing training...
[ 2026-05-13 19:29:03 | node_47 | INFO ] 🧩 Model added for round 47 (12/14) from ['node_44']
[ 2026-05-13 19:29:03 | node_40 | INFO ] 🎉 Round 48 of 50 finished.
[ 2026-05-13 19:29:04 | node_43 | INFO ] 🎓 Training step done.
[ 2026-05-13 19:29:04 | node_8 | INFO ] 🎉 Round 48 of 50 finished.
[ 2026-05-13 19:29:04 | node_39 | INFO ] 🧠 Aggregation complete. Setting new model.
[ 2026-05-13 19:29:04 | node_43 | INFO ] 🛠️ Calling force_add_local_model...
[ 2026-05-13 19:29:04 | node_40 | INFO ] 🗳️ [DETERMINISTIC] Train set assigned (No Voting). Size: 50
[ 2026-05-13 19:29:04 | node_8 | INFO ] 🗳️ [DETERMINISTIC] Train set assigned (No Voting). Size: 50
[ 2026-05-13 19:29:04 | node_43 | INFO ] ✅ [FORCE] Local model added for round 48. (1/4)
[ 2026-05-13 19:29:04 | node_40 | INFO ] 🏋️‍♀️ Preparing training...
[ 2026-05-13 19:29:04 | node_8 | INFO ] 🏋️‍♀️ Preparing training...
[ 2026-05-13 19:29:04 | node_2 | INFO ] 🎉 Round 48 of 50 finished.
[ 2026-05-13 19:29:04 | node_2 | INFO ] 🗳️ [DETERMINISTIC] Train set assigned (No Voting). Size: 50
[ 2026-05-13 19:29:04 | node_11 | INFO ] 🧩 Model added for round 47 (11/13) from ['node_18']
[ 2026-05-13 19:29:05 | node_2 | INFO ] 🏋️‍♀️ Preparing training...
[ 2026-05-13 19:29:05 | node_8 | INFO ] 🎓 Training step done.
[ 2026-05-13 19:29:05 | node_40 | INFO ] 🎓 Training step done.
[ 2026-05-13 19:29:05 | node_8 | INFO ] 🛠️ Calling force_add_local_model...
[ 2026-05-13 19:29:05 | node_40 | INFO ] 🛠️ Calling force_add_local_model...
[ 2026-05-13 19:29:05 | node_8 | INFO ] ✅ [FORCE] Local model added for round 48. (1/5)
[ 2026-05-13 19:29:05 | node_39 | INFO ] 🗣️ Gossiping aggregated model.
[ 2026-05-13 19:29:05 | node_40 | INFO ] ✅ [FORCE] Local model added for round 48. (1/8)
[ 2026-05-13 19:29:05 | node_2 | INFO ] 🎓 Training step done.
[ 2026-05-13 19:29:05 | node_2 | INFO ] 🛠️ Calling force_add_local_model...
[ 2026-05-13 19:29:05 | node_2 | INFO ] ✅ [FORCE] Local model added for round 48. (1/5)
[ 2026-05-13 19:29:07 | node_13 | INFO ] 🧩 Model added for round 47 (11/12) from ['node_18']
[ 2026-05-13 19:29:09 | node_43 | INFO ] 📤 Sending model to 3 direct neighbors: ['node_10', 'node_15', 'node_29']
[ 2026-05-13 19:29:09 | node_16 | INFO ] 🧩 Model added for round 47 (12/13) from ['node_18']
[ 2026-05-13 19:29:10 | node_45 | INFO ] ⏹️  Gossiping exited for 50 equal rounds.
[ 2026-05-13 19:29:10 | node_8 | INFO ] 📤 Sending model to 4 direct neighbors: ['node_3', 'node_15', 'node_29', 'node_37']
[ 2026-05-13 19:29:10 | node_45 | INFO ] 🔬 Evaluating...
[ 2026-05-13 19:29:10 | node_40 | INFO ] 📤 Sending model to 7 direct neighbors: ['node', 'node_4', 'node_29', 'node_31', 'node_37', 'node_48', 'node_49']
[ 2026-05-13 19:29:10 | node_2 | INFO ] 📤 Sending model to 4 direct neighbors: ['node_11', 'node_27', 'node_33', 'node_34']
[ 2026-05-13 19:29:11 | node_45 | INFO ] 📈 Evaluated. Results: {'test_loss': 0.5502786040306091, 'test_acc': 0.9599999785423279, 'test_precision': 0.9529908895492554, 'test_recall': 0.9648044109344482, 'test_f1': 0.956673264503479, 'communication_cost': 15053584}
[ 2026-05-13 19:29:11 | node_45 | INFO ] 📢 Broadcasting metrics.
[ 2026-05-13 19:29:12 | node_19 | INFO ] 🧩 Model added for round 47 (8/9) from ['node_18']
[ 2026-05-13 19:29:14 | node_45 | INFO ] 🎉 Round 48 of 50 finished.
[ 2026-05-13 19:29:14 | node_24 | INFO ] 🧩 Model added for round 47 (10/10) from ['node_18']
[ 2026-05-13 19:29:14 | node_45 | INFO ] 🗳️ [DETERMINISTIC] Train set assigned (No Voting). Size: 50
[ 2026-05-13 19:29:14 | node_45 | INFO ] 🏋️‍♀️ Preparing training...
[ 2026-05-13 19:29:14 | node_24 | INFO ] 🧠 Aggregation complete. Setting new model.
[ 2026-05-13 19:29:15 | node_45 | INFO ] 🎓 Training step done.
[ 2026-05-13 19:29:15 | node_45 | INFO ] 🛠️ Calling force_add_local_model...
[ 2026-05-13 19:29:15 | node_45 | INFO ] ✅ [FORCE] Local model added for round 48. (1/5)
[ 2026-05-13 19:29:15 | node_30 | INFO ] 🧩 Model added for round 47 (6/6) from ['node_18']
[ 2026-05-13 19:29:15 | node_24 | INFO ] 🗣️ Gossiping aggregated model.
[ 2026-05-13 19:29:16 | node_30 | INFO ] 🧠 Aggregation complete. Setting new model.
[ 2026-05-13 19:29:17 | node_30 | INFO ] 🗣️ Gossiping aggregated model.
[ 2026-05-13 19:29:17 | node_22 | INFO ] ⏳ Dynamic Patience (iteration 1): Missing nodes still active. Waiting 150s more...
[ 2026-05-13 19:29:17 | node_33 | INFO ] 🧩 Model added for round 47 (10/11) from ['node_18']
[ 2026-05-13 19:29:18 | node_41 | INFO ] ⏹️  Gossiping exited for 50 equal rounds.
[ 2026-05-13 19:29:18 | node_41 | INFO ] 🔬 Evaluating...
[ 2026-05-13 19:29:19 | node_41 | INFO ] 📈 Evaluated. Results: {'test_loss': 0.26350870728492737, 'test_acc': 0.9549999833106995, 'test_precision': 0.9604393839836121, 'test_recall': 0.9523593187332153, 'test_f1': 0.9535416960716248, 'communication_cost': 22580376}
[ 2026-05-13 19:29:19 | node_35 | INFO ] 🧩 Model added for round 47 (8/8) from ['node_18']
[ 2026-05-13 19:29:20 | node_41 | INFO ] 📢 Broadcasting metrics.
[ 2026-05-13 19:29:20 | node_45 | INFO ] 📤 Sending model to 4 direct neighbors: ['node', 'node_19', 'node_34', 'node_42']
[ 2026-05-13 19:29:22 | node_44 | INFO ] 🧩 Model added for round 47 (13/13) from ['node_18']
[ 2026-05-13 19:29:22 | node_35 | INFO ] 🧠 Aggregation complete. Setting new model.
[ 2026-05-13 19:29:22 | node_44 | INFO ] 🧠 Aggregation complete. Setting new model.
[ 2026-05-13 19:29:23 | node_41 | INFO ] 🎉 Round 48 of 50 finished.
[ 2026-05-13 19:29:23 | node_35 | INFO ] 🗣️ Gossiping aggregated model.
[ 2026-05-13 19:29:23 | node_41 | INFO ] 🗳️ [DETERMINISTIC] Train set assigned (No Voting). Size: 50
[ 2026-05-13 19:29:23 | node_41 | INFO ] 🏋️‍♀️ Preparing training...
[ 2026-05-13 19:29:24 | node_44 | INFO ] 🗣️ Gossiping aggregated model.
[ 2026-05-13 19:29:24 | node_5 | INFO ] ⏹️  Gossiping exited for 50 equal rounds.
[ 2026-05-13 19:29:24 | node_47 | INFO ] 🧩 Model added for round 47 (13/14) from ['node_18']
[ 2026-05-13 19:29:24 | node_41 | INFO ] 🎓 Training step done.
[ 2026-05-13 19:29:24 | node_41 | INFO ] 🛠️ Calling force_add_local_model...
[ 2026-05-13 19:29:24 | node_5 | INFO ] 🔬 Evaluating...
[ 2026-05-13 19:29:24 | node_41 | INFO ] ✅ [FORCE] Local model added for round 48. (1/7)
[ 2026-05-13 19:29:24 | node_5 | INFO ] 📈 Evaluated. Results: {'test_loss': 0.26335638761520386, 'test_acc': 0.949999988079071, 'test_precision': 0.9443520903587341, 'test_recall': 0.9551411271095276, 'test_f1': 0.9479802846908569, 'communication_cost': 41397356}
[ 2026-05-13 19:29:25 | node_5 | INFO ] 📢 Broadcasting metrics.
[ 2026-05-13 19:29:28 | node_49 | INFO ] ⏹️  Gossiping exited for 50 equal rounds.
[ 2026-05-13 19:29:29 | node_49 | INFO ] 🔬 Evaluating...
[ 2026-05-13 19:29:29 | node_20 | INFO ] ⏳ Dynamic Patience (iteration 1): Missing nodes still active. Waiting 150s more...
[ 2026-05-13 19:29:29 | node_49 | INFO ] 📈 Evaluated. Results: {'test_loss': 0.1525927186012268, 'test_acc': 0.9700000286102295, 'test_precision': 0.9711282849311829, 'test_recall': 0.9679511785507202, 'test_f1': 0.9684500098228455, 'communication_cost': 18816980}
[ 2026-05-13 19:29:29 | node_49 | INFO ] 📢 Broadcasting metrics.
[ 2026-05-13 19:29:29 | node_41 | INFO ] 📤 Sending model to 6 direct neighbors: ['node_6', 'node_15', 'node_16', 'node_27', 'node_31', 'node_49']
[ 2026-05-13 19:29:30 | node_5 | INFO ] 🎉 Round 47 of 50 finished.
[ 2026-05-13 19:29:31 | node_5 | INFO ] 🗳️ [DETERMINISTIC] Train set assigned (No Voting). Size: 50
[ 2026-05-13 19:29:31 | node_5 | INFO ] ♻️ Proactively processing 11 early models for round 47.
[ 2026-05-13 19:29:31 | node_5 | INFO ] 🧩 Model added for round 47 (1/12) from ['node_22']
[ 2026-05-13 19:29:31 | node_5 | INFO ] 🧩 Model added for round 47 (2/12) from ['node_20']
[ 2026-05-13 19:29:31 | node_5 | INFO ] 🧩 Model added for round 47 (3/12) from ['node_17']
[ 2026-05-13 19:29:31 | node_5 | INFO ] 🧩 Model added for round 47 (4/12) from ['node_7']
[ 2026-05-13 19:29:31 | node_5 | INFO ] 🧩 Model added for round 47 (5/12) from ['node_11']
[ 2026-05-13 19:29:31 | node_5 | INFO ] 🧩 Model added for round 47 (6/12) from ['node_13']
[ 2026-05-13 19:29:32 | node_5 | INFO ] 🧩 Model added for round 47 (7/12) from ['node_21']
[ 2026-05-13 19:29:32 | node_5 | INFO ] 🧩 Model added for round 47 (8/12) from ['node_16']
[ 2026-05-13 19:29:32 | node_5 | INFO ] 🧩 Model added for round 47 (9/12) from ['node_19']
[ 2026-05-13 19:29:32 | node_5 | INFO ] 🧩 Model added for round 47 (10/12) from ['node_1']
[ 2026-05-13 19:29:32 | node_5 | INFO ] 🧩 Model added for round 47 (11/12) from ['node_18']
[ 2026-05-13 19:29:32 | node_49 | INFO ] 🎉 Round 48 of 50 finished.
[ 2026-05-13 19:29:32 | node_5 | INFO ] 🏋️‍♀️ Preparing training...
[ 2026-05-13 19:29:32 | node_49 | INFO ] 🗳️ [DETERMINISTIC] Train set assigned (No Voting). Size: 50
[ 2026-05-13 19:29:33 | node_49 | INFO ] ♻️ Proactively processing 2 early models for round 48.
[ 2026-05-13 19:29:33 | node_49 | INFO ] 🧩 Model added for round 48 (1/6) from ['node_40']
[ 2026-05-13 19:29:33 | node_49 | INFO ] 🧩 Model added for round 48 (2/6) from ['node_41']
[ 2026-05-13 19:29:33 | node_49 | INFO ] 🏋️‍♀️ Preparing training...
[ 2026-05-13 19:29:33 | node_5 | INFO ] 🎓 Training step done.
[ 2026-05-13 19:29:33 | node_5 | INFO ] 🛠️ Calling force_add_local_model...
[ 2026-05-13 19:29:33 | node_5 | INFO ] ✅ [FORCE] Local model added for round 47. (12/12)
[ 2026-05-13 19:29:33 | node_49 | INFO ] 🎓 Training step done.
[ 2026-05-13 19:29:33 | node_49 | INFO ] 🛠️ Calling force_add_local_model...
[ 2026-05-13 19:29:33 | node_49 | INFO ] ✅ [FORCE] Local model added for round 48. (3/6)
[ 2026-05-13 19:29:35 | node_17 | INFO ] ⏳ Dynamic Patience (iteration 1): Missing nodes still active. Waiting 150s more...
[ 2026-05-13 19:29:35 | node_48 | INFO ] ⏹️  Gossiping exited for 50 equal rounds.
[ 2026-05-13 19:29:35 | node_48 | INFO ] 🔬 Evaluating...
[ 2026-05-13 19:29:36 | node_48 | INFO ] 📈 Evaluated. Results: {'test_loss': 0.28390640020370483, 'test_acc': 0.9750000238418579, 'test_precision': 0.9770122766494751, 'test_recall': 0.9692889451980591, 'test_f1': 0.9721307158470154, 'communication_cost': 18816980}
[ 2026-05-13 19:29:36 | node_48 | INFO ] 📢 Broadcasting metrics.
[ 2026-05-13 19:29:38 | node_5 | INFO ] 📤 Sending model to 11 direct neighbors: ['node_1', 'node_7', 'node_11', 'node_13', 'node_16', 'node_17', 'node_18', 'node_19', 'node_20', 'node_21', 'node_22']
[ 2026-05-13 19:29:38 | node_12 | INFO ] ⏹️  Gossiping exited for 50 equal rounds.
[ 2026-05-13 19:29:38 | node_48 | INFO ] 🎉 Round 48 of 50 finished.
[ 2026-05-13 19:29:38 | node_1 | INFO ] 🧩 Model added for round 47 (9/9) from ['node_5']
[ 2026-05-13 19:29:38 | node_49 | INFO ] 📤 Sending model to 5 direct neighbors: ['node_7', 'node_15', 'node_32', 'node_40', 'node_41']
[ 2026-05-13 19:29:38 | node_12 | INFO ] 🔬 Evaluating...
[ 2026-05-13 19:29:38 | node_48 | INFO ] 🗳️ [DETERMINISTIC] Train set assigned (No Voting). Size: 50
[ 2026-05-13 19:29:39 | node_48 | INFO ] ♻️ Proactively processing 1 early models for round 48.
[ 2026-05-13 19:29:39 | node_48 | INFO ] 🧩 Model added for round 48 (1/6) from ['node_40']
[ 2026-05-13 19:29:39 | node_12 | INFO ] 📈 Evaluated. Results: {'test_loss': 0.6461183428764343, 'test_acc': 0.9350000023841858, 'test_precision': 0.9328668713569641, 'test_recall': 0.9327612519264221, 'test_f1': 0.9308943748474121, 'communication_cost': 22580376}
[ 2026-05-13 19:29:39 | node_48 | INFO ] 🏋️‍♀️ Preparing training...
[ 2026-05-13 19:29:39 | node_12 | INFO ] 📢 Broadcasting metrics.
[ 2026-05-13 19:29:40 | node_48 | INFO ] 🎓 Training step done.
[ 2026-05-13 19:29:40 | node_48 | INFO ] 🛠️ Calling force_add_local_model...
[ 2026-05-13 19:29:40 | node_48 | INFO ] ✅ [FORCE] Local model added for round 48. (2/6)
[ 2026-05-13 19:29:40 | node_1 | INFO ] 🧠 Aggregation complete. Setting new model.
[ 2026-05-13 19:29:41 | node_7 | INFO ] 🧩 Model added for round 47 (9/9) from ['node_5']
[ 2026-05-13 19:29:41 | node_40 | INFO ] 🧩 Model added for round 48 (2/8) from ['node_49']
[ 2026-05-13 19:29:41 | node_7 | INFO ] 🧠 Aggregation complete. Setting new model.
[ 2026-05-13 19:29:41 | node_1 | INFO ] 🗣️ Gossiping aggregated model.
[ 2026-05-13 19:29:42 | node_11 | INFO ] 🧩 Model added for round 47 (12/13) from ['node_5']
[ 2026-05-13 19:29:42 | node_7 | INFO ] 🗣️ Gossiping aggregated model.
[ 2026-05-13 19:29:42 | node_41 | INFO ] 🧩 Model added for round 48 (2/7) from ['node_49']
[ 2026-05-13 19:29:42 | node_12 | INFO ] 🎉 Round 48 of 50 finished.
[ 2026-05-13 19:29:42 | node_12 | INFO ] 🗳️ [DETERMINISTIC] Train set assigned (No Voting). Size: 50
[ 2026-05-13 19:29:43 | node_12 | INFO ] 🏋️‍♀️ Preparing training...
[ 2026-05-13 19:29:43 | node_12 | INFO ] 🎓 Training step done.
[ 2026-05-13 19:29:43 | node_12 | INFO ] 🛠️ Calling force_add_local_model...
[ 2026-05-13 19:29:43 | node_12 | INFO ] ✅ [FORCE] Local model added for round 48. (1/7)
[ 2026-05-13 19:29:49 | node_12 | INFO ] 📤 Sending model to 6 direct neighbors: ['node_4', 'node_11', 'node_24', 'node_34', 'node_36', 'node_37']
[ 2026-05-13 19:29:49 | node_48 | INFO ] 📤 Sending model to 5 direct neighbors: ['node', 'node_13', 'node_16', 'node_37', 'node_40']
[ 2026-05-13 19:29:49 | node_13 | INFO ] 🧩 Model added for round 47 (12/12) from ['node_5']
[ 2026-05-13 19:29:51 | node_13 | INFO ] 🧠 Aggregation complete. Setting new model.
[ 2026-05-13 19:29:52 | node_16 | INFO ] 🧩 Model added for round 47 (13/13) from ['node_5']
[ 2026-05-13 19:29:52 | node_40 | INFO ] 🧩 Model added for round 48 (3/8) from ['node_48']
[ 2026-05-13 19:29:52 | node_13 | INFO ] 🗣️ Gossiping aggregated model.
[ 2026-05-13 19:29:53 | node_16 | INFO ] 🧠 Aggregation complete. Setting new model.
[ 2026-05-13 19:29:54 | node_16 | INFO ] 🗣️ Gossiping aggregated model.
[ 2026-05-13 19:29:54 | node_17 | INFO ] 🧩 Model added for round 47 (8/9) from ['node_5']
[ 2026-05-13 19:29:56 | node_18 | INFO ] 🧩 Model added for round 47 (14/15) from ['node_5']
[ 2026-05-13 19:29:58 | node_19 | INFO ] 🧩 Model added for round 47 (9/9) from ['node_5']
[ 2026-05-13 19:29:59 | node_20 | INFO ] 🧩 Model added for round 47 (5/5) from ['node_5']
[ 2026-05-13 19:30:00 | node_21 | INFO ] 🧩 Model added for round 47 (11/12) from ['node_5']
[ 2026-05-13 19:30:00 | node_20 | INFO ] 🧠 Aggregation complete. Setting new model.
[ 2026-05-13 19:30:00 | node_19 | INFO ] 🧠 Aggregation complete. Setting new model.
[ 2026-05-13 19:30:01 | node_20 | INFO ] 🗣️ Gossiping aggregated model.
[ 2026-05-13 19:30:02 | node_19 | INFO ] 🗣️ Gossiping aggregated model.
[ 2026-05-13 19:30:02 | node_22 | INFO ] 🧩 Model added for round 47 (5/5) from ['node_5']
[ 2026-05-13 19:30:03 | node_22 | INFO ] 🧠 Aggregation complete. Setting new model.
[ 2026-05-13 19:30:04 | node_5 | INFO ] 🧠 Aggregation complete. Setting new model.
[ 2026-05-13 19:30:04 | node_22 | INFO ] 🗣️ Gossiping aggregated model.
[ 2026-05-13 19:30:05 | node_1 | INFO ] 🤫 Gossip finished.
[ 2026-05-13 19:30:05 | node_1 | INFO ] 🔬 Evaluating...
[ 2026-05-13 19:30:06 | node_1 | INFO ] 📈 Evaluated. Results: {'test_loss': 0.2882576286792755, 'test_acc': 0.9700000286102295, 'test_precision': 0.972981333732605, 'test_recall': 0.9698499441146851, 'test_f1': 0.9708284139633179, 'communication_cost': 30107168}
[ 2026-05-13 19:30:06 | node_5 | INFO ] 🗣️ Gossiping aggregated model.
[ 2026-05-13 19:30:07 | node_1 | INFO ] 📢 Broadcasting metrics.
[ 2026-05-13 19:30:09 | node_1 | INFO ] 🎉 Round 48 of 50 finished.
[ 2026-05-13 19:30:09 | node_1 | INFO ] 🗳️ [DETERMINISTIC] Train set assigned (No Voting). Size: 50
[ 2026-05-13 19:30:09 | node_1 | INFO ] 🏋️‍♀️ Preparing training...
[ 2026-05-13 19:30:10 | node_1 | INFO ] 🎓 Training step done.
[ 2026-05-13 19:30:10 | node_1 | INFO ] 🛠️ Calling force_add_local_model...
[ 2026-05-13 19:30:10 | node_1 | INFO ] ✅ [FORCE] Local model added for round 48. (1/9)
[ 2026-05-13 19:30:11 | node_31 | INFO ] ⏹️  Gossiping exited for 50 equal rounds.
[ 2026-05-13 19:30:11 | node_31 | INFO ] 🔬 Evaluating...
[ 2026-05-13 19:30:11 | node_31 | INFO ] 📈 Evaluated. Results: {'test_loss': 0.19158926606178284, 'test_acc': 0.9750000238418579, 'test_precision': 0.9726374745368958, 'test_recall': 0.9736520648002625, 'test_f1': 0.9728899598121643, 'communication_cost': 22580376}
[ 2026-05-13 19:30:11 | node_31 | INFO ] 📢 Broadcasting metrics.
[ 2026-05-13 19:30:14 | node | INFO ] ⏹️  Gossiping exited for 50 equal rounds.
[ 2026-05-13 19:30:14 | node | INFO ] 🔬 Evaluating...
[ 2026-05-13 19:30:14 | node | INFO ] 📈 Evaluated. Results: {'test_loss': 0.17643484473228455, 'test_acc': 0.9750000238418579, 'test_precision': 0.9739391803741455, 'test_recall': 0.974422812461853, 'test_f1': 0.9738950133323669, 'communication_cost': 37633960}
[ 2026-05-13 19:30:14 | node_31 | INFO ] 🎉 Round 48 of 50 finished.
[ 2026-05-13 19:30:15 | node | INFO ] 📢 Broadcasting metrics.
[ 2026-05-13 19:30:15 | node_31 | INFO ] 🗳️ [DETERMINISTIC] Train set assigned (No Voting). Size: 50
[ 2026-05-13 19:30:15 | node_31 | INFO ] ♻️ Proactively processing 2 early models for round 48.
[ 2026-05-13 19:30:15 | node_31 | INFO ] 🧩 Model added for round 48 (1/7) from ['node_40']
[ 2026-05-13 19:30:15 | node_31 | INFO ] 🧩 Model added for round 48 (2/7) from ['node_41']
[ 2026-05-13 19:30:15 | node_31 | INFO ] 🏋️‍♀️ Preparing training...
[ 2026-05-13 19:30:15 | node_1 | INFO ] 📤 Sending model to 8 direct neighbors: ['node_4', 'node_5', 'node_27', 'node_30', 'node_32', 'node_42', 'node_44', 'node_46']
[ 2026-05-13 19:30:15 | node_31 | INFO ] 🎓 Training step done.
[ 2026-05-13 19:30:16 | node_31 | INFO ] 🛠️ Calling force_add_local_model...
[ 2026-05-13 19:30:16 | node_31 | INFO ] ✅ [FORCE] Local model added for round 48. (3/7)
[ 2026-05-13 19:30:17 | node_15 | INFO ] ⏹️  Gossiping exited for 50 equal rounds.
[ 2026-05-13 19:30:17 | node_15 | INFO ] 🔬 Evaluating...
[ 2026-05-13 19:30:18 | node_15 | INFO ] 📈 Evaluated. Results: {'test_loss': 0.8437449932098389, 'test_acc': 0.9200000166893005, 'test_precision': 0.9223200082778931, 'test_recall': 0.9185651540756226, 'test_f1': 0.9176884293556213, 'communication_cost': 33870564}
[ 2026-05-13 19:30:18 | node_15 | INFO ] 📢 Broadcasting metrics.
[ 2026-05-13 19:30:21 | node | INFO ] 🎉 Round 48 of 50 finished.
[ 2026-05-13 19:30:21 | node_31 | INFO ] 📤 Sending model to 6 direct neighbors: ['node_13', 'node_17', 'node_21', 'node_40', 'node_41', 'node_47']
[ 2026-05-13 19:30:21 | node | INFO ] 🗳️ [DETERMINISTIC] Train set assigned (No Voting). Size: 50
[ 2026-05-13 19:30:21 | node | INFO ] ♻️ Proactively processing 3 early models for round 48.
[ 2026-05-13 19:30:21 | node_34 | INFO ] ⏹️  Gossiping exited for 50 equal rounds.
[ 2026-05-13 19:30:21 | node | INFO ] 🧩 Model added for round 48 (1/11) from ['node_40']
[ 2026-05-13 19:30:21 | node | INFO ] 🧩 Model added for round 48 (2/11) from ['node_45']
[ 2026-05-13 19:30:21 | node | INFO ] 🧩 Model added for round 48 (3/11) from ['node_48']
[ 2026-05-13 19:30:21 | node_34 | INFO ] 🔬 Evaluating...
[ 2026-05-13 19:30:21 | node | INFO ] 🏋️‍♀️ Preparing training...
[ 2026-05-13 19:30:22 | node_34 | INFO ] 📈 Evaluated. Results: {'test_loss': 0.20288479328155518, 'test_acc': 0.9649999737739563, 'test_precision': 0.961792528629303, 'test_recall': 0.9682345390319824, 'test_f1': 0.9641185998916626, 'communication_cost': 33870564}
[ 2026-05-13 19:30:22 | node_34 | INFO ] 📢 Broadcasting metrics.
[ 2026-05-13 19:30:22 | node | INFO ] 🎓 Training step done.
[ 2026-05-13 19:30:22 | node | INFO ] 🛠️ Calling force_add_local_model...
[ 2026-05-13 19:30:22 | node | INFO ] ✅ [FORCE] Local model added for round 48. (4/11)
[ 2026-05-13 19:30:23 | node_40 | INFO ] 🧩 Model added for round 48 (4/8) from ['node_31']
[ 2026-05-13 19:30:24 | node_15 | INFO ] 🎉 Round 48 of 50 finished.
[ 2026-05-13 19:30:24 | node_15 | INFO ] 🗳️ [DETERMINISTIC] Train set assigned (No Voting). Size: 50
[ 2026-05-13 19:30:24 | node_15 | INFO ] ♻️ Proactively processing 5 early models for round 48.
[ 2026-05-13 19:30:24 | node_41 | INFO ] 🧩 Model added for round 48 (3/7) from ['node_31']
[ 2026-05-13 19:30:24 | node_15 | INFO ] 🧩 Model added for round 48 (1/10) from ['node_23']
[ 2026-05-13 19:30:24 | node_15 | INFO ] 🧩 Model added for round 48 (2/10) from ['node_43']
[ 2026-05-13 19:30:24 | node_15 | INFO ] 🧩 Model added for round 48 (3/10) from ['node_8']
[ 2026-05-13 19:30:24 | node_15 | INFO ] 🧩 Model added for round 48 (4/10) from ['node_41']
[ 2026-05-13 19:30:24 | node_15 | INFO ] 🧩 Model added for round 48 (5/10) from ['node_49']
[ 2026-05-13 19:30:24 | node_15 | INFO ] 🏋️‍♀️ Preparing training...
[ 2026-05-13 19:30:25 | node_15 | INFO ] 🎓 Training step done.
[ 2026-05-13 19:30:25 | node_15 | INFO ] 🛠️ Calling force_add_local_model...
[ 2026-05-13 19:30:25 | node_15 | INFO ] ✅ [FORCE] Local model added for round 48. (6/10)
[ 2026-05-13 19:30:27 | node_34 | INFO ] 🎉 Round 48 of 50 finished.
[ 2026-05-13 19:30:27 | node_34 | INFO ] 🗳️ [DETERMINISTIC] Train set assigned (No Voting). Size: 50
[ 2026-05-13 19:30:27 | node_34 | INFO ] ♻️ Proactively processing 3 early models for round 48.
[ 2026-05-13 19:30:27 | node_34 | INFO ] 🧩 Model added for round 48 (1/10) from ['node_2']
[ 2026-05-13 19:30:27 | node_34 | INFO ] 🧩 Model added for round 48 (2/10) from ['node_45']
[ 2026-05-13 19:30:27 | node_34 | INFO ] 🧩 Model added for round 48 (3/10) from ['node_12']
[ 2026-05-13 19:30:27 | node | INFO ] 📤 Sending model to 10 direct neighbors: ['node_10', 'node_11', 'node_13', 'node_14', 'node_15', 'node_34', 'node_40', 'node_42', 'node_45', 'node_48']
[ 2026-05-13 19:30:27 | node_34 | INFO ] 🏋️‍♀️ Preparing training...
[ 2026-05-13 19:30:28 | node_34 | INFO ] 🎓 Training step done.
[ 2026-05-13 19:30:28 | node_34 | INFO ] 🛠️ Calling force_add_local_model...
[ 2026-05-13 19:30:28 | node_34 | INFO ] ✅ [FORCE] Local model added for round 48. (4/10)
[ 2026-05-13 19:30:29 | node_15 | INFO ] 🧩 Model added for round 48 (7/10) from ['node']
[ 2026-05-13 19:30:30 | node_15 | INFO ] 📤 Sending model to 9 direct neighbors: ['node', 'node_8', 'node_13', 'node_21', 'node_23', 'node_28', 'node_41', 'node_43', 'node_49']
[ 2026-05-13 19:30:30 | node_26 | INFO ] ⏹️  Gossiping exited for 50 equal rounds.
[ 2026-05-13 19:30:30 | node | INFO ] 🧩 Model added for round 48 (5/11) from ['node_15']
[ 2026-05-13 19:30:30 | node_26 | INFO ] 🔬 Evaluating...
[ 2026-05-13 19:30:31 | node_26 | INFO ] 📈 Evaluated. Results: {'test_loss': 0.07307727634906769, 'test_acc': 0.9800000190734863, 'test_precision': 0.9811539649963379, 'test_recall': 0.981507420539856, 'test_f1': 0.9809764623641968, 'communication_cost': 26343772}
[ 2026-05-13 19:30:31 | node_26 | INFO ] 📢 Broadcasting metrics.
[ 2026-05-13 19:30:31 | node_34 | INFO ] 🧩 Model added for round 48 (5/10) from ['node']
[ 2026-05-13 19:30:32 | node_8 | INFO ] 🧩 Model added for round 48 (2/5) from ['node_15']
[ 2026-05-13 19:30:33 | node_40 | INFO ] 🧩 Model added for round 48 (5/8) from ['node']
[ 2026-05-13 19:30:33 | node_34 | INFO ] 📤 Sending model to 9 direct neighbors: ['node', 'node_2', 'node_4', 'node_10', 'node_12', 'node_33', 'node_42', 'node_45', 'node_47']
[ 2026-05-13 19:30:34 | node | INFO ] 🧩 Model added for round 48 (6/11) from ['node_34']
[ 2026-05-13 19:30:34 | node_23 | INFO ] 🧩 Model added for round 48 (2/4) from ['node_15']
[ 2026-05-13 19:30:35 | node_45 | INFO ] 🧩 Model added for round 48 (2/5) from ['node']
[ 2026-05-13 19:30:35 | node_26 | INFO ] 🎉 Round 48 of 50 finished.
[ 2026-05-13 19:30:36 | node_26 | INFO ] 🗳️ [DETERMINISTIC] Train set assigned (No Voting). Size: 50
[ 2026-05-13 19:30:36 | node_2 | INFO ] 🧩 Model added for round 48 (2/5) from ['node_34']
[ 2026-05-13 19:30:36 | node_26 | INFO ] 🏋️‍♀️ Preparing training...
[ 2026-05-13 19:30:36 | node_41 | INFO ] 🧩 Model added for round 48 (4/7) from ['node_15']
[ 2026-05-13 19:30:36 | node_48 | INFO ] 🧩 Model added for round 48 (3/6) from ['node']
[ 2026-05-13 19:30:36 | node_26 | INFO ] 🎓 Training step done.
[ 2026-05-13 19:30:36 | node_26 | INFO ] 🛠️ Calling force_add_local_model...
[ 2026-05-13 19:30:37 | node_26 | INFO ] ✅ [FORCE] Local model added for round 48. (1/8)
[ 2026-05-13 19:30:37 | node_43 | INFO ] 🧩 Model added for round 48 (2/4) from ['node_15']
[ 2026-05-13 19:30:38 | node_12 | INFO ] 🧩 Model added for round 48 (2/7) from ['node_34']
[ 2026-05-13 19:30:38 | node_49 | INFO ] 🧩 Model added for round 48 (4/6) from ['node_15']
[ 2026-05-13 19:30:39 | node_45 | INFO ] 🧩 Model added for round 48 (3/5) from ['node_34']
[ 2026-05-13 19:30:42 | node_26 | INFO ] 📤 Sending model to 7 direct neighbors: ['node_4', 'node_7', 'node_13', 'node_14', 'node_16', 'node_38', 'node_47']
[ 2026-05-13 19:30:51 | node_6 | INFO ] ⏹️  Gossiping exited for 50 equal rounds.
[ 2026-05-13 19:30:52 | node_6 | INFO ] 🔬 Evaluating...
[ 2026-05-13 19:30:52 | node_6 | INFO ] 📈 Evaluated. Results: {'test_loss': 0.2640942335128784, 'test_acc': 0.9750000238418579, 'test_precision': 0.9788528680801392, 'test_recall': 0.9702579975128174, 'test_f1': 0.9735053777694702, 'communication_cost': 26343772}
[ 2026-05-13 19:30:52 | node_6 | INFO ] 📢 Broadcasting metrics.
[ 2026-05-13 19:30:54 | node_6 | INFO ] 🎉 Round 48 of 50 finished.
[ 2026-05-13 19:30:54 | node_6 | INFO ] 🗳️ [DETERMINISTIC] Train set assigned (No Voting). Size: 50
[ 2026-05-13 19:30:54 | node_6 | INFO ] ♻️ Proactively processing 1 early models for round 48.
[ 2026-05-13 19:30:54 | node_6 | INFO ] 🧩 Model added for round 48 (1/8) from ['node_41']
[ 2026-05-13 19:30:54 | node_30 | INFO ] ⏹️  Gossiping exited for 50 equal rounds.
[ 2026-05-13 19:30:54 | node_6 | INFO ] 🏋️‍♀️ Preparing training...
[ 2026-05-13 19:30:55 | node_30 | INFO ] 🔬 Evaluating...
[ 2026-05-13 19:30:55 | node_46 | INFO ] ⏹️  Gossiping exited for 50 equal rounds.
[ 2026-05-13 19:30:55 | node_46 | INFO ] 🔬 Evaluating...
[ 2026-05-13 19:30:55 | node_30 | INFO ] 📈 Evaluated. Results: {'test_loss': 0.05346393212676048, 'test_acc': 0.9850000143051147, 'test_precision': 0.9837249517440796, 'test_recall': 0.9864286184310913, 'test_f1': 0.9848247766494751, 'communication_cost': 18816980}
[ 2026-05-13 19:30:55 | node_30 | INFO ] 📢 Broadcasting metrics.
[ 2026-05-13 19:30:55 | node_6 | INFO ] 🎓 Training step done.
[ 2026-05-13 19:30:55 | node_6 | INFO ] 🛠️ Calling force_add_local_model...
[ 2026-05-13 19:30:55 | node_46 | INFO ] 📈 Evaluated. Results: {'test_loss': 0.11112673580646515, 'test_acc': 0.9700000286102295, 'test_precision': 0.9665383100509644, 'test_recall': 0.971778929233551, 'test_f1': 0.9684797525405884, 'communication_cost': 22580376}
[ 2026-05-13 19:30:55 | node_6 | INFO ] ✅ [FORCE] Local model added for round 48. (2/8)
[ 2026-05-13 19:30:55 | node_46 | INFO ] 📢 Broadcasting metrics.
[ 2026-05-13 19:30:56 | node_10 | INFO ] ⏹️  Gossiping exited for 50 equal rounds.
[ 2026-05-13 19:30:57 | node_10 | INFO ] 🔬 Evaluating...
[ 2026-05-13 19:30:57 | node_10 | INFO ] 📈 Evaluated. Results: {'test_loss': 0.16165877878665924, 'test_acc': 0.9750000238418579, 'test_precision': 0.9781104326248169, 'test_recall': 0.9757372140884399, 'test_f1': 0.9762595891952515, 'communication_cost': 33870564}
[ 2026-05-13 19:30:57 | node_10 | INFO ] 📢 Broadcasting metrics.
[ 2026-05-13 19:30:57 | node_30 | INFO ] 🎉 Round 48 of 50 finished.
[ 2026-05-13 19:30:57 | node_30 | INFO ] 🗳️ [DETERMINISTIC] Train set assigned (No Voting). Size: 50
[ 2026-05-13 19:30:58 | node_30 | INFO ] ♻️ Proactively processing 1 early models for round 48.
[ 2026-05-13 19:30:58 | node_30 | INFO ] 🧩 Model added for round 48 (1/6) from ['node_1']
[ 2026-05-13 19:30:58 | node_30 | INFO ] 🏋️‍♀️ Preparing training...
[ 2026-05-13 19:30:58 | node_46 | INFO ] 🎉 Round 48 of 50 finished.
[ 2026-05-13 19:30:58 | node_30 | INFO ] 🎓 Training step done.
[ 2026-05-13 19:30:58 | node_46 | INFO ] 🗳️ [DETERMINISTIC] Train set assigned (No Voting). Size: 50
[ 2026-05-13 19:30:58 | node_30 | INFO ] 🛠️ Calling force_add_local_model...
[ 2026-05-13 19:30:58 | node_30 | INFO ] ✅ [FORCE] Local model added for round 48. (2/6)
[ 2026-05-13 19:30:58 | node_46 | INFO ] ♻️ Proactively processing 1 early models for round 48.
[ 2026-05-13 19:30:59 | node_46 | INFO ] 🧩 Model added for round 48 (1/7) from ['node_1']
[ 2026-05-13 19:30:59 | node_46 | INFO ] 🏋️‍♀️ Preparing training...
[ 2026-05-13 19:30:59 | node_46 | INFO ] 🎓 Training step done.
[ 2026-05-13 19:30:59 | node_46 | INFO ] 🛠️ Calling force_add_local_model...
[ 2026-05-13 19:30:59 | node_46 | INFO ] ✅ [FORCE] Local model added for round 48. (2/7)
[ 2026-05-13 19:31:00 | node_6 | INFO ] 📤 Sending model to 7 direct neighbors: ['node_3', 'node_7', 'node_10', 'node_11', 'node_16', 'node_38', 'node_41']
[ 2026-05-13 19:31:01 | node_10 | INFO ] 🎉 Round 48 of 50 finished.
[ 2026-05-13 19:31:01 | node_10 | INFO ] 🗳️ [DETERMINISTIC] Train set assigned (No Voting). Size: 50
[ 2026-05-13 19:31:01 | node_10 | INFO ] ♻️ Proactively processing 3 early models for round 48.
[ 2026-05-13 19:31:01 | node_10 | INFO ] 🧩 Model added for round 48 (1/10) from ['node_43']
[ 2026-05-13 19:31:01 | node_9 | INFO ] ⏹️  Gossiping exited for 50 equal rounds.
[ 2026-05-13 19:31:01 | node_10 | INFO ] 🧩 Model added for round 48 (2/10) from ['node']
[ 2026-05-13 19:31:02 | node_10 | INFO ] 🧩 Model added for round 48 (3/10) from ['node_34']
[ 2026-05-13 19:31:02 | node_10 | INFO ] 🏋️‍♀️ Preparing training...
[ 2026-05-13 19:31:02 | node_9 | INFO ] 🔬 Evaluating...
[ 2026-05-13 19:31:02 | node_10 | INFO ] 🧩 Model added for round 48 (4/10) from ['node_6']
[ 2026-05-13 19:31:02 | node_10 | INFO ] 🎓 Training step done.
[ 2026-05-13 19:31:02 | node_9 | INFO ] 📈 Evaluated. Results: {'test_loss': 0.2436782717704773, 'test_acc': 0.9599999785423279, 'test_precision': 0.9534757733345032, 'test_recall': 0.9565478563308716, 'test_f1': 0.9543946981430054, 'communication_cost': 22580376}
[ 2026-05-13 19:31:02 | node_10 | INFO ] 🛠️ Calling force_add_local_model...
[ 2026-05-13 19:31:02 | node_9 | INFO ] 📢 Broadcasting metrics.
[ 2026-05-13 19:31:02 | node_10 | INFO ] ✅ [FORCE] Local model added for round 48. (5/10)
[ 2026-05-13 19:31:03 | node_30 | INFO ] 📤 Sending model to 5 direct neighbors: ['node_1', 'node_9', 'node_14', 'node_18', 'node_44']
[ 2026-05-13 19:31:04 | node_1 | INFO ] 🧩 Model added for round 48 (2/9) from ['node_30']
[ 2026-05-13 19:31:04 | node_46 | INFO ] 📤 Sending model to 6 direct neighbors: ['node_1', 'node_4', 'node_17', 'node_20', 'node_37', 'node_42']
[ 2026-05-13 19:31:05 | node_41 | INFO ] 🧩 Model added for round 48 (5/7) from ['node_6']
[ 2026-05-13 19:31:05 | node_1 | INFO ] 🧩 Model added for round 48 (3/9) from ['node_46']
[ 2026-05-13 19:31:05 | node_9 | INFO ] 🎉 Round 48 of 50 finished.
[ 2026-05-13 19:31:05 | node_9 | INFO ] 🗳️ [DETERMINISTIC] Train set assigned (No Voting). Size: 50
[ 2026-05-13 19:31:06 | node_9 | INFO ] ♻️ Proactively processing 1 early models for round 48.
[ 2026-05-13 19:31:06 | node_9 | INFO ] 🧩 Model added for round 48 (1/7) from ['node_30']
[ 2026-05-13 19:31:06 | node_9 | INFO ] 🏋️‍♀️ Preparing training...
[ 2026-05-13 19:31:06 | node_9 | INFO ] 🎓 Training step done.
[ 2026-05-13 19:31:07 | node_9 | INFO ] 🛠️ Calling force_add_local_model...
[ 2026-05-13 19:31:07 | node_9 | INFO ] ✅ [FORCE] Local model added for round 48. (2/7)
[ 2026-05-13 19:31:08 | node_10 | INFO ] 📤 Sending model to 9 direct neighbors: ['node', 'node_6', 'node_11', 'node_14', 'node_29', 'node_34', 'node_39', 'node_43', 'node_44']
[ 2026-05-13 19:31:08 | node | INFO ] 🧩 Model added for round 48 (7/11) from ['node_10']
[ 2026-05-13 19:31:09 | node_4 | INFO ] ⏹️  Gossiping exited for 50 equal rounds.
[ 2026-05-13 19:31:09 | node_4 | INFO ] 🔬 Evaluating...
[ 2026-05-13 19:31:10 | node_4 | INFO ] 📈 Evaluated. Results: {'test_loss': 0.07724207639694214, 'test_acc': 0.9850000143051147, 'test_precision': 0.9868946671485901, 'test_recall': 0.9878404140472412, 'test_f1': 0.9870212078094482, 'communication_cost': 33870564}
[ 2026-05-13 19:31:10 | node_4 | INFO ] 📢 Broadcasting metrics.
[ 2026-05-13 19:31:10 | node_6 | INFO ] 🧩 Model added for round 48 (3/8) from ['node_10']
[ 2026-05-13 19:31:12 | node_9 | INFO ] 📤 Sending model to 6 direct neighbors: ['node_13', 'node_27', 'node_30', 'node_36', 'node_37', 'node_38']
[ 2026-05-13 19:31:12 | node_32 | INFO ] ⏹️  Gossiping exited for 50 equal rounds.
[ 2026-05-13 19:31:12 | node_32 | INFO ] 🔬 Evaluating...
[ 2026-05-13 19:31:12 | node_34 | INFO ] 🧩 Model added for round 48 (6/10) from ['node_10']
[ 2026-05-13 19:31:13 | node_32 | INFO ] 📈 Evaluated. Results: {'test_loss': 0.27678242325782776, 'test_acc': 0.9599999785423279, 'test_precision': 0.9580837488174438, 'test_recall': 0.9684884548187256, 'test_f1': 0.9614022970199585, 'communication_cost': 15053584}
[ 2026-05-13 19:31:13 | node_32 | INFO ] 📢 Broadcasting metrics.
[ 2026-05-13 19:31:13 | node_30 | INFO ] 🧩 Model added for round 48 (3/6) from ['node_9']
[ 2026-05-13 19:31:14 | node_4 | INFO ] 🎉 Round 48 of 50 finished.
[ 2026-05-13 19:31:14 | node_43 | INFO ] 🧩 Model added for round 48 (3/4) from ['node_10']
[ 2026-05-13 19:31:14 | node_4 | INFO ] 🗳️ [DETERMINISTIC] Train set assigned (No Voting). Size: 50
[ 2026-05-13 19:31:14 | node_4 | INFO ] ♻️ Proactively processing 6 early models for round 48.
[ 2026-05-13 19:31:14 | node_4 | INFO ] 🧩 Model added for round 48 (1/10) from ['node_40']
[ 2026-05-13 19:31:15 | node_32 | INFO ] 🎉 Round 48 of 50 finished.
[ 2026-05-13 19:31:15 | node_4 | INFO ] 🧩 Model added for round 48 (2/10) from ['node_12']
[ 2026-05-13 19:31:15 | node_4 | INFO ] 🧩 Model added for round 48 (3/10) from ['node_1']
[ 2026-05-13 19:31:15 | node_32 | INFO ] 🗳️ [DETERMINISTIC] Train set assigned (No Voting). Size: 50
[ 2026-05-13 19:31:15 | node_4 | INFO ] 🧩 Model added for round 48 (4/10) from ['node_34']
[ 2026-05-13 19:31:15 | node_4 | INFO ] 🧩 Model added for round 48 (5/10) from ['node_26']
[ 2026-05-13 19:31:15 | node_4 | INFO ] 🧩 Model added for round 48 (6/10) from ['node_46']
[ 2026-05-13 19:31:15 | node_4 | INFO ] 🏋️‍♀️ Preparing training...
[ 2026-05-13 19:31:15 | node_32 | INFO ] ♻️ Proactively processing 2 early models for round 48.
[ 2026-05-13 19:31:15 | node_32 | INFO ] 🧩 Model added for round 48 (1/5) from ['node_49']
[ 2026-05-13 19:31:15 | node_32 | INFO ] 🧩 Model added for round 48 (2/5) from ['node_1']
[ 2026-05-13 19:31:15 | node_25 | INFO ] ⏹️  Gossiping exited for 50 equal rounds.
[ 2026-05-13 19:31:15 | node_32 | INFO ] 🏋️‍♀️ Preparing training...
[ 2026-05-13 19:31:15 | node_25 | INFO ] 🔬 Evaluating...
[ 2026-05-13 19:31:15 | node_4 | INFO ] 🎓 Training step done.
[ 2026-05-13 19:31:15 | node_4 | INFO ] 🛠️ Calling force_add_local_model...
[ 2026-05-13 19:31:16 | node_32 | INFO ] 🎓 Training step done.
[ 2026-05-13 19:31:16 | node_25 | INFO ] 📈 Evaluated. Results: {'test_loss': 0.1236429214477539, 'test_acc': 0.9800000190734863, 'test_precision': 0.9816084504127502, 'test_recall': 0.9791256785392761, 'test_f1': 0.9795392751693726, 'communication_cost': 30107168}
[ 2026-05-13 19:31:16 | node_32 | INFO ] 🛠️ Calling force_add_local_model...
[ 2026-05-13 19:31:16 | node_4 | INFO ] ✅ [FORCE] Local model added for round 48. (7/10)
[ 2026-05-13 19:31:16 | node_25 | INFO ] 📢 Broadcasting metrics.
[ 2026-05-13 19:31:16 | node_32 | INFO ] ✅ [FORCE] Local model added for round 48. (3/5)
[ 2026-05-13 19:31:19 | node_25 | INFO ] 🎉 Round 47 of 50 finished.
[ 2026-05-13 19:31:19 | node_25 | INFO ] 🗳️ [DETERMINISTIC] Train set assigned (No Voting). Size: 50
[ 2026-05-13 19:31:20 | node_25 | INFO ] ♻️ Proactively processing 8 early models for round 47.
[ 2026-05-13 19:31:20 | node_25 | INFO ] 🧩 Model added for round 47 (1/9) from ['node_17']
[ 2026-05-13 19:31:20 | node_25 | INFO ] 🧩 Model added for round 47 (2/9) from ['node_33']
[ 2026-05-13 19:31:20 | node_25 | INFO ] 🧩 Model added for round 47 (3/9) from ['node_28']
[ 2026-05-13 19:31:20 | node_25 | INFO ] 🧩 Model added for round 47 (4/9) from ['node_36']
[ 2026-05-13 19:31:20 | node_25 | INFO ] 🧩 Model added for round 47 (5/9) from ['node_11']
[ 2026-05-13 19:31:20 | node_25 | INFO ] 🧩 Model added for round 47 (6/9) from ['node_47']
[ 2026-05-13 19:31:20 | node_25 | INFO ] 🧩 Model added for round 47 (7/9) from ['node_21']
[ 2026-05-13 19:31:20 | node_25 | INFO ] 🧩 Model added for round 47 (8/9) from ['node_18']
[ 2026-05-13 19:31:20 | node_25 | INFO ] 🏋️‍♀️ Preparing training...
[ 2026-05-13 19:31:21 | node_25 | INFO ] 🎓 Training step done.
[ 2026-05-13 19:31:21 | node_25 | INFO ] 🛠️ Calling force_add_local_model...
[ 2026-05-13 19:31:21 | node_25 | INFO ] ✅ [FORCE] Local model added for round 47. (9/9)
[ 2026-05-13 19:31:21 | node_4 | INFO ] 📤 Sending model to 9 direct neighbors: ['node_1', 'node_11', 'node_12', 'node_26', 'node_28', 'node_34', 'node_40', 'node_44', 'node_46']
[ 2026-05-13 19:31:21 | node_32 | INFO ] 📤 Sending model to 4 direct neighbors: ['node_1', 'node_16', 'node_44', 'node_49']
[ 2026-05-13 19:31:21 | node_1 | INFO ] 🧩 Model added for round 48 (4/9) from ['node_32']
[ 2026-05-13 19:31:21 | node_1 | INFO ] 🧩 Model added for round 48 (5/9) from ['node_4']
[ 2026-05-13 19:31:23 | node_12 | INFO ] 🧩 Model added for round 48 (3/7) from ['node_4']
[ 2026-05-13 19:31:24 | node_49 | INFO ] 🧩 Model added for round 48 (5/6) from ['node_32']
[ 2026-05-13 19:31:24 | node_26 | INFO ] 🧩 Model added for round 48 (2/8) from ['node_4']
[ 2026-05-13 19:31:25 | node_7 | INFO ] ⏹️  Gossiping exited for 50 equal rounds.
[ 2026-05-13 19:31:25 | node_7 | INFO ] 🔬 Evaluating...
[ 2026-05-13 19:31:25 | node_7 | INFO ] 📈 Evaluated. Results: {'test_loss': 0.35996100306510925, 'test_acc': 0.9549999833106995, 'test_precision': 0.9614036083221436, 'test_recall': 0.9499773979187012, 'test_f1': 0.9535633325576782, 'communication_cost': 30107168}
[ 2026-05-13 19:31:25 | node_7 | INFO ] 📢 Broadcasting metrics.
[ 2026-05-13 19:31:25 | node_34 | INFO ] 🧩 Model added for round 48 (7/10) from ['node_4']
[ 2026-05-13 19:31:25 | node_33 | INFO ] ⏳ Dynamic Patience (iteration 1): Missing nodes still active. Waiting 150s more...
[ 2026-05-13 19:31:25 | node_37 | INFO ] ⏹️  Gossiping exited for 50 equal rounds.
[ 2026-05-13 19:31:26 | node_25 | INFO ] 📤 Sending model to 8 direct neighbors: ['node_11', 'node_17', 'node_18', 'node_21', 'node_28', 'node_33', 'node_36', 'node_47']
[ 2026-05-13 19:31:26 | node_37 | INFO ] 🔬 Evaluating...
[ 2026-05-13 19:31:26 | node_37 | INFO ] 📈 Evaluated. Results: {'test_loss': 0.06451933085918427, 'test_acc': 0.9900000095367432, 'test_precision': 0.9878677129745483, 'test_recall': 0.9891535043716431, 'test_f1': 0.9881534576416016, 'communication_cost': 41397356}
[ 2026-05-13 19:31:26 | node_11 | INFO ] 🧩 Model added for round 47 (13/13) from ['node_25']
[ 2026-05-13 19:31:26 | node_37 | INFO ] 📢 Broadcasting metrics.
[ 2026-05-13 19:31:27 | node_11 | INFO ] 🧠 Aggregation complete. Setting new model.
[ 2026-05-13 19:31:27 | node_40 | INFO ] 🧩 Model added for round 48 (6/8) from ['node_4']
[ 2026-05-13 19:31:28 | node_22 | INFO ] ⏹️  Gossiping exited for 50 equal rounds.
[ 2026-05-13 19:31:28 | node_11 | INFO ] 🗣️ Gossiping aggregated model.
[ 2026-05-13 19:31:28 | node_22 | INFO ] 🔬 Evaluating...
[ 2026-05-13 19:31:28 | node_17 | INFO ] 🧩 Model added for round 47 (9/9) from ['node_25']
[ 2026-05-13 19:31:28 | node_22 | INFO ] 📈 Evaluated. Results: {'test_loss': 0.32871782779693604, 'test_acc': 0.9599999785423279, 'test_precision': 0.9597598910331726, 'test_recall': 0.9601367115974426, 'test_f1': 0.9592679738998413, 'communication_cost': 15053584}
[ 2026-05-13 19:31:28 | node_7 | INFO ] 🎉 Round 48 of 50 finished.
[ 2026-05-13 19:31:28 | node_7 | INFO ] 🗳️ [DETERMINISTIC] Train set assigned (No Voting). Size: 50
[ 2026-05-13 19:31:28 | node_7 | INFO ] ♻️ Proactively processing 3 early models for round 48.
[ 2026-05-13 19:31:28 | node_7 | INFO ] 🧩 Model added for round 48 (1/9) from ['node_49']
[ 2026-05-13 19:31:28 | node_7 | INFO ] 🧩 Model added for round 48 (2/9) from ['node_26']
[ 2026-05-13 19:31:28 | node_7 | INFO ] 🧩 Model added for round 48 (3/9) from ['node_6']
[ 2026-05-13 19:31:28 | node_7 | INFO ] 🏋️‍♀️ Preparing training...
[ 2026-05-13 19:31:28 | node_22 | INFO ] 📢 Broadcasting metrics.
[ 2026-05-13 19:31:29 | node_7 | INFO ] 🎓 Training step done.
[ 2026-05-13 19:31:29 | node_7 | INFO ] 🛠️ Calling force_add_local_model...
[ 2026-05-13 19:31:29 | node_7 | INFO ] ✅ [FORCE] Local model added for round 48. (4/9)
[ 2026-05-13 19:31:29 | node_46 | INFO ] 🧩 Model added for round 48 (3/7) from ['node_4']
[ 2026-05-13 19:31:29 | node_17 | INFO ] 🧠 Aggregation complete. Setting new model.
[ 2026-05-13 19:31:30 | node_22 | INFO ] 🎉 Round 48 of 50 finished.
[ 2026-05-13 19:31:30 | node_22 | INFO ] 🗳️ [DETERMINISTIC] Train set assigned (No Voting). Size: 50
[ 2026-05-13 19:31:31 | node_22 | INFO ] 🏋️‍♀️ Preparing training...
[ 2026-05-13 19:31:31 | node_18 | INFO ] 🧩 Model added for round 47 (15/15) from ['node_25']
[ 2026-05-13 19:31:31 | node_17 | INFO ] 🗣️ Gossiping aggregated model.
[ 2026-05-13 19:31:31 | node_37 | INFO ] 🎉 Round 48 of 50 finished.
[ 2026-05-13 19:31:31 | node_22 | INFO ] 🎓 Training step done.
[ 2026-05-13 19:31:31 | node_22 | INFO ] 🛠️ Calling force_add_local_model...
[ 2026-05-13 19:31:31 | node_37 | INFO ] 🗳️ [DETERMINISTIC] Train set assigned (No Voting). Size: 50
[ 2026-05-13 19:31:31 | node_22 | INFO ] ✅ [FORCE] Local model added for round 48. (1/5)
[ 2026-05-13 19:31:32 | node_28 | INFO ] ⏳ Dynamic Patience (iteration 1): Missing nodes still active. Waiting 150s more...
[ 2026-05-13 19:31:32 | node_37 | INFO ] ♻️ Proactively processing 6 early models for round 48.
[ 2026-05-13 19:31:32 | node_37 | INFO ] 🧩 Model added for round 48 (1/12) from ['node_8']
[ 2026-05-13 19:31:32 | node_37 | INFO ] 🧩 Model added for round 48 (2/12) from ['node_40']
[ 2026-05-13 19:31:32 | node_37 | INFO ] 🧩 Model added for round 48 (3/12) from ['node_48']
[ 2026-05-13 19:31:32 | node_18 | INFO ] 🧠 Aggregation complete. Setting new model.
[ 2026-05-13 19:31:32 | node_37 | INFO ] 🧩 Model added for round 48 (4/12) from ['node_12']
[ 2026-05-13 19:31:32 | node_37 | INFO ] 🧩 Model added for round 48 (5/12) from ['node_46']
[ 2026-05-13 19:31:32 | node_37 | INFO ] 🧩 Model added for round 48 (6/12) from ['node_9']
[ 2026-05-13 19:31:32 | node_37 | INFO ] 🏋️‍♀️ Preparing training...
[ 2026-05-13 19:31:33 | node_14 | INFO ] ⏹️  Gossiping exited for 50 equal rounds.
[ 2026-05-13 19:31:33 | node_21 | INFO ] 🧩 Model added for round 47 (12/12) from ['node_25']
[ 2026-05-13 19:31:33 | node_37 | INFO ] 🎓 Training step done.
[ 2026-05-13 19:31:33 | node_14 | INFO ] 🔬 Evaluating...
[ 2026-05-13 19:31:33 | node_37 | INFO ] 🛠️ Calling force_add_local_model...
[ 2026-05-13 19:31:33 | node_37 | INFO ] ✅ [FORCE] Local model added for round 48. (7/12)
[ 2026-05-13 19:31:33 | node_14 | INFO ] 📈 Evaluated. Results: {'test_loss': 0.12659040093421936, 'test_acc': 0.9800000190734863, 'test_precision': 0.9802929162979126, 'test_recall': 0.9797208309173584, 'test_f1': 0.9795746803283691, 'communication_cost': 33870564}
[ 2026-05-13 19:31:33 | node_14 | INFO ] 📢 Broadcasting metrics.
[ 2026-05-13 19:31:34 | node_21 | INFO ] 🧠 Aggregation complete. Setting new model.
[ 2026-05-13 19:31:34 | node_18 | INFO ] 🗣️ Gossiping aggregated model.
[ 2026-05-13 19:31:34 | node_7 | INFO ] 📤 Sending model to 8 direct neighbors: ['node_5', 'node_6', 'node_18', 'node_26', 'node_29', 'node_38', 'node_39', 'node_49']
[ 2026-05-13 19:31:34 | node_28 | INFO ] 🧩 Model added for round 47 (10/10) from ['node_25']
[ 2026-05-13 19:31:35 | node_6 | INFO ] 🧩 Model added for round 48 (4/8) from ['node_7']
[ 2026-05-13 19:31:35 | node_21 | INFO ] 🗣️ Gossiping aggregated model.
[ 2026-05-13 19:31:36 | node_33 | INFO ] 🧩 Model added for round 47 (11/11) from ['node_25']
[ 2026-05-13 19:31:36 | node_22 | INFO ] 📤 Sending model to 4 direct neighbors: ['node_5', 'node_17', 'node_19', 'node_24']
[ 2026-05-13 19:31:37 | node_26 | INFO ] 🧩 Model added for round 48 (3/8) from ['node_7']
[ 2026-05-13 19:31:38 | node_14 | INFO ] 🎉 Round 48 of 50 finished.
[ 2026-05-13 19:31:38 | node_14 | INFO ] 🗳️ [DETERMINISTIC] Train set assigned (No Voting). Size: 50
[ 2026-05-13 19:31:38 | node_14 | INFO ] ♻️ Proactively processing 4 early models for round 48.
[ 2026-05-13 19:31:38 | node_14 | INFO ] 🧩 Model added for round 48 (1/10) from ['node']
[ 2026-05-13 19:31:38 | node_14 | INFO ] 🧩 Model added for round 48 (2/10) from ['node_26']
[ 2026-05-13 19:31:38 | node_14 | INFO ] 🧩 Model added for round 48 (3/10) from ['node_30']
[ 2026-05-13 19:31:38 | node_37 | INFO ] 📤 Sending model to 11 direct neighbors: ['node_3', 'node_8', 'node_9', 'node_11', 'node_12', 'node_17', 'node_35', 'node_40', 'node_42', 'node_46', 'node_48']
[ 2026-05-13 19:31:38 | node_14 | INFO ] 🧩 Model added for round 48 (4/10) from ['node_10']
[ 2026-05-13 19:31:38 | node_14 | INFO ] 🏋️‍♀️ Preparing training...
[ 2026-05-13 19:31:38 | node_36 | INFO ] 🧩 Model added for round 47 (10/10) from ['node_25']
[ 2026-05-13 19:31:39 | node_14 | INFO ] 🎓 Training step done.
[ 2026-05-13 19:31:39 | node_14 | INFO ] 🛠️ Calling force_add_local_model...
[ 2026-05-13 19:31:39 | node_28 | INFO ] 🧠 Aggregation complete. Setting new model.
[ 2026-05-13 19:31:39 | node_14 | INFO ] ✅ [FORCE] Local model added for round 48. (5/10)
[ 2026-05-13 19:31:39 | node_16 | INFO ] 🤫 Gossip finished.
[ 2026-05-13 19:31:39 | node_16 | INFO ] 🔬 Evaluating...
[ 2026-05-13 19:31:39 | node_8 | INFO ] 🧩 Model added for round 48 (3/5) from ['node_37']
[ 2026-05-13 19:31:40 | node_47 | INFO ] 🧩 Model added for round 47 (14/14) from ['node_25']
[ 2026-05-13 19:31:40 | node_16 | INFO ] 📈 Evaluated. Results: {'test_loss': 0.400188148021698, 'test_acc': 0.9549999833106995, 'test_precision': 0.9449586272239685, 'test_recall': 0.9556119441986084, 'test_f1': 0.9481340646743774, 'communication_cost': 45160752}
[ 2026-05-13 19:31:40 | node_16 | INFO ] 📢 Broadcasting metrics.
[ 2026-05-13 19:31:40 | node_33 | INFO ] 🧠 Aggregation complete. Setting new model.
[ 2026-05-13 19:31:40 | node_36 | INFO ] 🧠 Aggregation complete. Setting new model.
[ 2026-05-13 19:31:40 | node_28 | INFO ] 🗣️ Gossiping aggregated model.
[ 2026-05-13 19:31:40 | node_49 | INFO ] 🧩 Model added for round 48 (6/6) from ['node_7']
[ 2026-05-13 19:31:41 | node_9 | INFO ] 🧩 Model added for round 48 (3/7) from ['node_37']
[ 2026-05-13 19:31:41 | node_49 | INFO ] 🧠 Aggregation complete. Setting new model.
[ 2026-05-13 19:31:41 | node_47 | INFO ] 🧠 Aggregation complete. Setting new model.
[ 2026-05-13 19:31:41 | node_33 | INFO ] 🗣️ Gossiping aggregated model.
[ 2026-05-13 19:31:41 | node_49 | INFO ] 🗣️ Gossiping aggregated model.
[ 2026-05-13 19:31:41 | node_36 | INFO ] 🗣️ Gossiping aggregated model.
[ 2026-05-13 19:31:42 | node_39 | INFO ] 🤫 Gossip finished.
[ 2026-05-13 19:31:42 | node_35 | INFO ] 🤫 Gossip finished.
[ 2026-05-13 19:31:42 | node_13 | INFO ] 🤫 Gossip finished.
[ 2026-05-13 19:31:42 | node_39 | INFO ] 🔬 Evaluating...
[ 2026-05-13 19:31:42 | node_35 | INFO ] 🔬 Evaluating...
[ 2026-05-13 19:31:42 | node_13 | INFO ] 🔬 Evaluating...
[ 2026-05-13 19:31:42 | node_47 | INFO ] 🗣️ Gossiping aggregated model.
[ 2026-05-13 19:31:42 | node_35 | INFO ] 📈 Evaluated. Results: {'test_loss': 0.21117481589317322, 'test_acc': 0.9800000190734863, 'test_precision': 0.9774036407470703, 'test_recall': 0.9779049158096313, 'test_f1': 0.9772951006889343, 'communication_cost': 26343772}
[ 2026-05-13 19:31:42 | node_39 | INFO ] 📈 Evaluated. Results: {'test_loss': 0.2663377523422241, 'test_acc': 0.9399999976158142, 'test_precision': 0.9382603168487549, 'test_recall': 0.9357784390449524, 'test_f1': 0.9360141754150391, 'communication_cost': 26343772}
[ 2026-05-13 19:31:42 | node_13 | INFO ] 📈 Evaluated. Results: {'test_loss': 0.14797000586986542, 'test_acc': 0.9649999737739563, 'test_precision': 0.9678571820259094, 'test_recall': 0.969648540019989, 'test_f1': 0.9674732089042664, 'communication_cost': 41397356}
[ 2026-05-13 19:31:42 | node_35 | INFO ] 📢 Broadcasting metrics.
[ 2026-05-13 19:31:43 | node_12 | INFO ] 🧩 Model added for round 48 (4/7) from ['node_37']
[ 2026-05-13 19:31:43 | node_39 | INFO ] 📢 Broadcasting metrics.
[ 2026-05-13 19:31:43 | node_13 | INFO ] 📢 Broadcasting metrics.
[ 2026-05-13 19:31:44 | node_14 | INFO ] 📤 Sending model to 9 direct neighbors: ['node', 'node_10', 'node_21', 'node_26', 'node_30', 'node_33', 'node_35', 'node_36', 'node_47']
[ 2026-05-13 19:31:44 | node | INFO ] 🧩 Model added for round 48 (8/11) from ['node_14']
[ 2026-05-13 19:31:44 | node_25 | INFO ] 🧠 Aggregation complete. Setting new model.
[ 2026-05-13 19:31:45 | node_25 | INFO ] 🗣️ Gossiping aggregated model.
[ 2026-05-13 19:31:45 | node_35 | INFO ] 🎉 Round 48 of 50 finished.
[ 2026-05-13 19:31:45 | node_16 | INFO ] 🎉 Round 48 of 50 finished.
[ 2026-05-13 19:31:45 | node_25 | INFO ] 🤫 Gossip finished.
[ 2026-05-13 19:31:45 | node_35 | INFO ] 🗳️ [DETERMINISTIC] Train set assigned (No Voting). Size: 50
[ 2026-05-13 19:31:45 | node_25 | INFO ] 🔬 Evaluating...
[ 2026-05-13 19:31:45 | node_16 | INFO ] 🗳️ [DETERMINISTIC] Train set assigned (No Voting). Size: 50
[ 2026-05-13 19:31:45 | node_35 | INFO ] ♻️ Proactively processing 1 early models for round 48.
[ 2026-05-13 19:31:45 | node_35 | INFO ] 🧩 Model added for round 48 (1/8) from ['node_37']
[ 2026-05-13 19:31:45 | node_16 | INFO ] ♻️ Proactively processing 5 early models for round 48.
[ 2026-05-13 19:31:45 | node_35 | INFO ] 🏋️‍♀️ Preparing training...
[ 2026-05-13 19:31:45 | node_16 | INFO ] 🧩 Model added for round 48 (1/13) from ['node_41']
[ 2026-05-13 19:31:45 | node_28 | INFO ] 🤫 Gossip finished.
[ 2026-05-13 19:31:45 | node_16 | INFO ] 🧩 Model added for round 48 (2/13) from ['node_48']
[ 2026-05-13 19:31:45 | node_28 | INFO ] 🔬 Evaluating...
[ 2026-05-13 19:31:45 | node_16 | INFO ] 🧩 Model added for round 48 (3/13) from ['node_26']
[ 2026-05-13 19:31:45 | node_16 | INFO ] 🧩 Model added for round 48 (4/13) from ['node_6']
[ 2026-05-13 19:31:45 | node_16 | INFO ] 🧩 Model added for round 48 (5/13) from ['node_32']
[ 2026-05-13 19:31:45 | node_16 | INFO ] 🏋️‍♀️ Preparing training...
[ 2026-05-13 19:31:46 | node_40 | INFO ] 🧩 Model added for round 48 (7/8) from ['node_37']
[ 2026-05-13 19:31:46 | node_25 | INFO ] 📈 Evaluated. Results: {'test_loss': 0.08346997201442719, 'test_acc': 0.9800000190734863, 'test_precision': 0.9804545640945435, 'test_recall': 0.9791256785392761, 'test_f1': 0.978935956954956, 'communication_cost': 30107168}
[ 2026-05-13 19:31:46 | node_28 | INFO ] 📈 Evaluated. Results: {'test_loss': 0.263637512922287, 'test_acc': 0.9649999737739563, 'test_precision': 0.9688197374343872, 'test_recall': 0.9600446820259094, 'test_f1': 0.9632222652435303, 'communication_cost': 33870564}
[ 2026-05-13 19:31:46 | node_39 | INFO ] 🎉 Round 48 of 50 finished.
[ 2026-05-13 19:31:46 | node_10 | INFO ] 🧩 Model added for round 48 (6/10) from ['node_14']
[ 2026-05-13 19:31:46 | node_25 | INFO ] 📢 Broadcasting metrics.
[ 2026-05-13 19:31:46 | node_28 | INFO ] 📢 Broadcasting metrics.
[ 2026-05-13 19:31:46 | node_35 | INFO ] 🎓 Training step done.
[ 2026-05-13 19:31:46 | node_35 | INFO ] 🛠️ Calling force_add_local_model...
[ 2026-05-13 19:31:46 | node_39 | INFO ] 🗳️ [DETERMINISTIC] Train set assigned (No Voting). Size: 50
[ 2026-05-13 19:31:46 | node_16 | INFO ] 🎓 Training step done.
[ 2026-05-13 19:31:46 | node_35 | INFO ] ✅ [FORCE] Local model added for round 48. (2/8)
[ 2026-05-13 19:31:46 | node_16 | INFO ] 🛠️ Calling force_add_local_model...
[ 2026-05-13 19:31:46 | node_39 | INFO ] ♻️ Proactively processing 2 early models for round 48.
[ 2026-05-13 19:31:46 | node_16 | INFO ] ✅ [FORCE] Local model added for round 48. (6/13)
[ 2026-05-13 19:31:46 | node_39 | INFO ] 🧩 Model added for round 48 (1/8) from ['node_10']
[ 2026-05-13 19:31:46 | node_39 | INFO ] 🧩 Model added for round 48 (2/8) from ['node_7']
[ 2026-05-13 19:31:46 | node_39 | INFO ] 🏋️‍♀️ Preparing training...
[ 2026-05-13 19:31:47 | node_39 | INFO ] 🎓 Training step done.
[ 2026-05-13 19:31:47 | node_42 | INFO ] ⏹️  Gossiping exited for 50 equal rounds.
[ 2026-05-13 19:31:47 | node_39 | INFO ] 🛠️ Calling force_add_local_model...
[ 2026-05-13 19:31:47 | node_39 | INFO ] ✅ [FORCE] Local model added for round 48. (3/8)
[ 2026-05-13 19:31:47 | node_42 | INFO ] 🔬 Evaluating...
[ 2026-05-13 19:31:47 | node_46 | INFO ] 🧩 Model added for round 48 (4/7) from ['node_37']
[ 2026-05-13 19:31:48 | node_42 | INFO ] 📈 Evaluated. Results: {'test_loss': 0.3162859082221985, 'test_acc': 0.9649999737739563, 'test_precision': 0.9691176414489746, 'test_recall': 0.9625731706619263, 'test_f1': 0.9643745422363281, 'communication_cost': 45160752}
[ 2026-05-13 19:31:48 | node_42 | INFO ] 📢 Broadcasting metrics.
[ 2026-05-13 19:31:48 | node_26 | INFO ] 🧩 Model added for round 48 (4/8) from ['node_14']
[ 2026-05-13 19:31:48 | node_13 | INFO ] 🎉 Round 48 of 50 finished.
[ 2026-05-13 19:31:49 | node_48 | INFO ] 🧩 Model added for round 48 (4/6) from ['node_37']
[ 2026-05-13 19:31:49 | node_13 | INFO ] 🗳️ [DETERMINISTIC] Train set assigned (No Voting). Size: 50
[ 2026-05-13 19:31:49 | node_38 | INFO ] ⏹️  Gossiping exited for 50 equal rounds.
[ 2026-05-13 19:31:49 | node_38 | INFO ] 🔬 Evaluating...
[ 2026-05-13 19:31:49 | node_13 | INFO ] ♻️ Proactively processing 6 early models for round 48.
[ 2026-05-13 19:31:49 | node_13 | INFO ] 🧩 Model added for round 48 (1/12) from ['node_48']
[ 2026-05-13 19:31:49 | node_13 | INFO ] 🧩 Model added for round 48 (2/12) from ['node_31']
[ 2026-05-13 19:31:49 | node_13 | INFO ] 🧩 Model added for round 48 (3/12) from ['node']
[ 2026-05-13 19:31:49 | node_13 | INFO ] 🧩 Model added for round 48 (4/12) from ['node_15']
[ 2026-05-13 19:31:49 | node_38 | INFO ] 📈 Evaluated. Results: {'test_loss': 0.026875030249357224, 'test_acc': 0.9950000047683716, 'test_precision': 0.995238184928894, 'test_recall': 0.9956522583961487, 'test_f1': 0.9953387975692749, 'communication_cost': 45160752}
[ 2026-05-13 19:31:49 | node_13 | INFO ] 🧩 Model added for round 48 (5/12) from ['node_26']
[ 2026-05-13 19:31:49 | node_13 | INFO ] 🧩 Model added for round 48 (6/12) from ['node_9']
[ 2026-05-13 19:31:49 | node_38 | INFO ] 📢 Broadcasting metrics.
[ 2026-05-13 19:31:49 | node_13 | INFO ] 🏋️‍♀️ Preparing training...
[ 2026-05-13 19:31:49 | node_30 | INFO ] 🧩 Model added for round 48 (4/6) from ['node_14']
[ 2026-05-13 19:31:50 | node_13 | INFO ] 🎓 Training step done.
[ 2026-05-13 19:31:50 | node_13 | INFO ] 🛠️ Calling force_add_local_model...
[ 2026-05-13 19:31:50 | node_13 | INFO ] ✅ [FORCE] Local model added for round 48. (7/12)
[ 2026-05-13 19:31:50 | node_20 | INFO ] ⏹️  Gossiping exited for 50 equal rounds.
[ 2026-05-13 19:31:50 | node_20 | INFO ] 🔬 Evaluating...
[ 2026-05-13 19:31:50 | node_25 | INFO ] 🎉 Round 48 of 50 finished.
[ 2026-05-13 19:31:50 | node_20 | INFO ] 📈 Evaluated. Results: {'test_loss': 0.0701603963971138, 'test_acc': 0.9900000095367432, 'test_precision': 0.9904762506484985, 'test_recall': 0.9910332560539246, 'test_f1': 0.9905325174331665, 'communication_cost': 15053584}
[ 2026-05-13 19:31:50 | node_25 | INFO ] 🗳️ [DETERMINISTIC] Train set assigned (No Voting). Size: 50
[ 2026-05-13 19:31:50 | node_20 | INFO ] 📢 Broadcasting metrics.
[ 2026-05-13 19:31:50 | node_27 | INFO ] ⏹️  Gossiping exited for 50 equal rounds.
[ 2026-05-13 19:31:50 | node_25 | INFO ] 🏋️‍♀️ Preparing training...
[ 2026-05-13 19:31:50 | node_35 | INFO ] 🧩 Model added for round 48 (3/8) from ['node_14']
[ 2026-05-13 19:31:51 | node_27 | INFO ] 🔬 Evaluating...
[ 2026-05-13 19:31:51 | node_28 | INFO ] 🎉 Round 48 of 50 finished.
[ 2026-05-13 19:31:51 | node_28 | INFO ] 🗳️ [DETERMINISTIC] Train set assigned (No Voting). Size: 50
[ 2026-05-13 19:31:51 | node_27 | INFO ] 📈 Evaluated. Results: {'test_loss': 0.2733842730522156, 'test_acc': 0.9750000238418579, 'test_precision': 0.9734035730361938, 'test_recall': 0.9768060445785522, 'test_f1': 0.9742510914802551, 'communication_cost': 33870564}
[ 2026-05-13 19:31:51 | node_28 | INFO ] ♻️ Proactively processing 2 early models for round 48.
[ 2026-05-13 19:31:51 | node_25 | INFO ] 🎓 Training step done.
[ 2026-05-13 19:31:51 | node_28 | INFO ] 🧩 Model added for round 48 (1/10) from ['node_15']
[ 2026-05-13 19:31:51 | node_27 | INFO ] 📢 Broadcasting metrics.
[ 2026-05-13 19:31:51 | node_25 | INFO ] 🛠️ Calling force_add_local_model...
[ 2026-05-13 19:31:51 | node_28 | INFO ] 🧩 Model added for round 48 (2/10) from ['node_4']
[ 2026-05-13 19:31:51 | node_28 | INFO ] 🏋️‍♀️ Preparing training...
[ 2026-05-13 19:31:51 | node_25 | INFO ] ✅ [FORCE] Local model added for round 48. (1/9)
[ 2026-05-13 19:31:51 | node_35 | INFO ] 📤 Sending model to 7 direct neighbors: ['node_13', 'node_14', 'node_18', 'node_28', 'node_29', 'node_37', 'node_47']
[ 2026-05-13 19:31:51 | node_16 | INFO ] 📤 Sending model to 12 direct neighbors: ['node_5', 'node_6', 'node_18', 'node_21', 'node_24', 'node_26', 'node_28', 'node_32', 'node_39', 'node_41', 'node_42', 'node_48']
[ 2026-05-13 19:31:51 | node_28 | INFO ] 🎓 Training step done.
[ 2026-05-13 19:31:51 | node_28 | INFO ] 🛠️ Calling force_add_local_model...
[ 2026-05-13 19:31:52 | node_13 | INFO ] 🧩 Model added for round 48 (8/12) from ['node_35']
[ 2026-05-13 19:31:52 | node_28 | INFO ] ✅ [FORCE] Local model added for round 48. (3/10)
[ 2026-05-13 19:31:52 | node_39 | INFO ] 📤 Sending model to 7 direct neighbors: ['node_7', 'node_10', 'node_16', 'node_28', 'node_33', 'node_36', 'node_44']
[ 2026-05-13 19:31:52 | node_3 | INFO ] ⏹️  Gossiping exited for 50 equal rounds.
[ 2026-05-13 19:31:52 | node_6 | INFO ] 🧩 Model added for round 48 (5/8) from ['node_16']
[ 2026-05-13 19:31:53 | node_20 | INFO ] 🎉 Round 48 of 50 finished.
[ 2026-05-13 19:31:53 | node_3 | INFO ] 🔬 Evaluating...
[ 2026-05-13 19:31:53 | node_7 | INFO ] 🧩 Model added for round 48 (5/9) from ['node_39']
[ 2026-05-13 19:31:53 | node_20 | INFO ] 🗳️ [DETERMINISTIC] Train set assigned (No Voting). Size: 50
[ 2026-05-13 19:31:53 | node_3 | INFO ] 📈 Evaluated. Results: {'test_loss': 0.2849368155002594, 'test_acc': 0.949999988079071, 'test_precision': 0.9516053199768066, 'test_recall': 0.9458333849906921, 'test_f1': 0.9469860196113586, 'communication_cost': 26343772}
[ 2026-05-13 19:31:53 | node_20 | INFO ] ♻️ Proactively processing 1 early models for round 48.
[ 2026-05-13 19:31:53 | node_20 | INFO ] 🧩 Model added for round 48 (1/5) from ['node_46']
[ 2026-05-13 19:31:53 | node_3 | INFO ] 📢 Broadcasting metrics.
[ 2026-05-13 19:31:53 | node_20 | INFO ] 🏋️‍♀️ Preparing training...
[ 2026-05-13 19:31:54 | node_20 | INFO ] 🎓 Training step done.
[ 2026-05-13 19:31:54 | node_20 | INFO ] 🛠️ Calling force_add_local_model...
[ 2026-05-13 19:31:54 | node_42 | INFO ] 🎉 Round 48 of 50 finished.
[ 2026-05-13 19:31:54 | node_20 | INFO ] ✅ [FORCE] Local model added for round 48. (2/5)
[ 2026-05-13 19:31:54 | node_14 | INFO ] 🧩 Model added for round 48 (6/10) from ['node_35']
[ 2026-05-13 19:31:54 | node_42 | INFO ] 🗳️ [DETERMINISTIC] Train set assigned (No Voting). Size: 50
[ 2026-05-13 19:31:54 | node_42 | INFO ] ♻️ Proactively processing 6 early models for round 48.
[ 2026-05-13 19:31:54 | node_42 | INFO ] 🧩 Model added for round 48 (1/13) from ['node_45']
[ 2026-05-13 19:31:54 | node_42 | INFO ] 🧩 Model added for round 48 (2/13) from ['node_1']
[ 2026-05-13 19:31:54 | node_42 | INFO ] 🧩 Model added for round 48 (3/13) from ['node']
[ 2026-05-13 19:31:54 | node_10 | INFO ] 🧩 Model added for round 48 (7/10) from ['node_39']
[ 2026-05-13 19:31:54 | node_42 | INFO ] 🧩 Model added for round 48 (4/13) from ['node_34']
[ 2026-05-13 19:31:54 | node_42 | INFO ] 🧩 Model added for round 48 (5/13) from ['node_46']
[ 2026-05-13 19:31:54 | node_42 | INFO ] 🧩 Model added for round 48 (6/13) from ['node_37']
[ 2026-05-13 19:31:54 | node_29 | INFO ] ⏹️  Gossiping exited for 50 equal rounds.
[ 2026-05-13 19:31:54 | node_42 | INFO ] 🏋️‍♀️ Preparing training...
[ 2026-05-13 19:31:54 | node_29 | INFO ] 🔬 Evaluating...
[ 2026-05-13 19:31:55 | node_29 | INFO ] 📈 Evaluated. Results: {'test_loss': 0.27193254232406616, 'test_acc': 0.9549999833106995, 'test_precision': 0.9599395990371704, 'test_recall': 0.9596537947654724, 'test_f1': 0.9578443169593811, 'communication_cost': 41397356}
[ 2026-05-13 19:31:55 | node_13 | INFO ] 📤 Sending model to 11 direct neighbors: ['node', 'node_5', 'node_9', 'node_11', 'node_15', 'node_18', 'node_26', 'node_31', 'node_33', 'node_35', 'node_48']
[ 2026-05-13 19:31:55 | node_26 | INFO ] 🧩 Model added for round 48 (5/8) from ['node_16']
[ 2026-05-13 19:31:55 | node_29 | INFO ] 📢 Broadcasting metrics.
[ 2026-05-13 19:31:55 | node_42 | INFO ] 🎓 Training step done.
[ 2026-05-13 19:31:55 | node_42 | INFO ] 🛠️ Calling force_add_local_model...
[ 2026-05-13 19:31:55 | node_42 | INFO ] ✅ [FORCE] Local model added for round 48. (7/13)
[ 2026-05-13 19:31:55 | node | INFO ] 🧩 Model added for round 48 (9/11) from ['node_13']
[ 2026-05-13 19:31:55 | node_38 | INFO ] 🎉 Round 48 of 50 finished.
[ 2026-05-13 19:31:55 | node_38 | INFO ] 🗳️ [DETERMINISTIC] Train set assigned (No Voting). Size: 50
[ 2026-05-13 19:31:55 | node_38 | INFO ] ♻️ Proactively processing 5 early models for round 48.
[ 2026-05-13 19:31:56 | node_38 | INFO ] 🧩 Model added for round 48 (1/13) from ['node_23']
[ 2026-05-13 19:31:56 | node_38 | INFO ] 🧩 Model added for round 48 (2/13) from ['node_26']
[ 2026-05-13 19:31:56 | node_28 | INFO ] 🧩 Model added for round 48 (4/10) from ['node_35']
[ 2026-05-13 19:31:56 | node_16 | INFO ] 🧩 Model added for round 48 (7/13) from ['node_39']
[ 2026-05-13 19:31:56 | node_38 | INFO ] 🧩 Model added for round 48 (3/13) from ['node_6']
[ 2026-05-13 19:31:56 | node_38 | INFO ] 🧩 Model added for round 48 (4/13) from ['node_9']
[ 2026-05-13 19:31:56 | node_38 | INFO ] 🧩 Model added for round 48 (5/13) from ['node_7']
[ 2026-05-13 19:31:56 | node_38 | INFO ] 🏋️‍♀️ Preparing training...
[ 2026-05-13 19:31:56 | node_27 | INFO ] 🎉 Round 48 of 50 finished.
[ 2026-05-13 19:31:56 | node_25 | INFO ] 📤 Sending model to 8 direct neighbors: ['node_11', 'node_17', 'node_18', 'node_21', 'node_28', 'node_33', 'node_36', 'node_47']
[ 2026-05-13 19:31:56 | node_27 | INFO ] 🗳️ [DETERMINISTIC] Train set assigned (No Voting). Size: 50
[ 2026-05-13 19:31:56 | node_28 | INFO ] 🧩 Model added for round 48 (5/10) from ['node_16']
[ 2026-05-13 19:31:56 | node_38 | INFO ] 🎓 Training step done.
[ 2026-05-13 19:31:56 | node_38 | INFO ] 🛠️ Calling force_add_local_model...
[ 2026-05-13 19:31:57 | node_27 | INFO ] ♻️ Proactively processing 4 early models for round 48.
[ 2026-05-13 19:31:57 | node_28 | INFO ] 📤 Sending model to 9 direct neighbors: ['node_4', 'node_15', 'node_16', 'node_24', 'node_25', 'node_35', 'node_38', 'node_39', 'node_47']
[ 2026-05-13 19:31:57 | node_38 | INFO ] ✅ [FORCE] Local model added for round 48. (6/13)
[ 2026-05-13 19:31:57 | node_27 | INFO ] 🧩 Model added for round 48 (1/10) from ['node_2']
[ 2026-05-13 19:31:57 | node_27 | INFO ] 🧩 Model added for round 48 (2/10) from ['node_41']
[ 2026-05-13 19:31:57 | node_27 | INFO ] 🧩 Model added for round 48 (3/10) from ['node_1']
[ 2026-05-13 19:31:57 | node_27 | INFO ] 🧩 Model added for round 48 (4/10) from ['node_9']
[ 2026-05-13 19:31:57 | node_3 | INFO ] 🎉 Round 48 of 50 finished.
[ 2026-05-13 19:31:57 | node_27 | INFO ] 🏋️‍♀️ Preparing training...
[ 2026-05-13 19:31:57 | node_3 | INFO ] 🗳️ [DETERMINISTIC] Train set assigned (No Voting). Size: 50
[ 2026-05-13 19:31:57 | node_4 | INFO ] 🧩 Model added for round 48 (8/10) from ['node_28']
[ 2026-05-13 19:31:57 | node_3 | INFO ] ♻️ Proactively processing 3 early models for round 48.
[ 2026-05-13 19:31:57 | node_3 | INFO ] 🧩 Model added for round 48 (1/8) from ['node_8']
[ 2026-05-13 19:31:57 | node_3 | INFO ] 🧩 Model added for round 48 (2/8) from ['node_6']
[ 2026-05-13 19:31:58 | node_27 | INFO ] 🎓 Training step done.
[ 2026-05-13 19:31:58 | node_3 | INFO ] 🧩 Model added for round 48 (3/8) from ['node_37']
[ 2026-05-13 19:31:58 | node_27 | INFO ] 🛠️ Calling force_add_local_model...
[ 2026-05-13 19:31:58 | node_3 | INFO ] 🏋️‍♀️ Preparing training...
[ 2026-05-13 19:31:58 | node_27 | INFO ] ✅ [FORCE] Local model added for round 48. (5/10)
[ 2026-05-13 19:31:58 | node_9 | INFO ] 🧩 Model added for round 48 (4/7) from ['node_13']
[ 2026-05-13 19:31:58 | node_28 | INFO ] 🧩 Model added for round 48 (6/10) from ['node_39']
[ 2026-05-13 19:31:58 | node_37 | INFO ] 🧩 Model added for round 48 (8/12) from ['node_35']
[ 2026-05-13 19:31:58 | node_3 | INFO ] 🎓 Training step done.
[ 2026-05-13 19:31:58 | node_32 | INFO ] 🧩 Model added for round 48 (4/5) from ['node_16']
[ 2026-05-13 19:31:58 | node_3 | INFO ] 🛠️ Calling force_add_local_model...
[ 2026-05-13 19:31:58 | node_3 | INFO ] ✅ [FORCE] Local model added for round 48. (4/8)
[ 2026-05-13 19:31:58 | node_28 | INFO ] 🧩 Model added for round 48 (7/10) from ['node_25']
[ 2026-05-13 19:31:59 | node_20 | INFO ] 📤 Sending model to 4 direct neighbors: ['node_5', 'node_17', 'node_38', 'node_46']
[ 2026-05-13 19:31:59 | node_15 | INFO ] 🧩 Model added for round 48 (8/10) from ['node_28']
[ 2026-05-13 19:31:59 | node_39 | INFO ] 🧩 Model added for round 48 (4/8) from ['node_16']
[ 2026-05-13 19:32:00 | node_15 | INFO ] 🧩 Model added for round 48 (9/10) from ['node_13']
[ 2026-05-13 19:32:00 | node_42 | INFO ] 📤 Sending model to 12 direct neighbors: ['node', 'node_1', 'node_3', 'node_16', 'node_19', 'node_29', 'node_34', 'node_37', 'node_38', 'node_45', 'node_46', 'node_47']
[ 2026-05-13 19:32:00 | node_38 | INFO ] 🧩 Model added for round 48 (7/13) from ['node_20']
[ 2026-05-13 19:32:01 | node | INFO ] 🧩 Model added for round 48 (10/11) from ['node_42']
[ 2026-05-13 19:32:01 | node_41 | INFO ] 🧩 Model added for round 48 (6/7) from ['node_16']
[ 2026-05-13 19:32:01 | node_16 | INFO ] 🧩 Model added for round 48 (8/13) from ['node_28']
[ 2026-05-13 19:32:02 | node_29 | INFO ] 🎉 Round 48 of 50 finished.
[ 2026-05-13 19:32:02 | node_38 | INFO ] 📤 Sending model to 12 direct neighbors: ['node_6', 'node_7', 'node_9', 'node_20', 'node_21', 'node_23', 'node_26', 'node_27', 'node_28', 'node_29', 'node_36', 'node_42']
[ 2026-05-13 19:32:02 | node_26 | INFO ] 🧩 Model added for round 48 (6/8) from ['node_13']
[ 2026-05-13 19:32:02 | node_29 | INFO ] 🗳️ [DETERMINISTIC] Train set assigned (No Voting). Size: 50
[ 2026-05-13 19:32:02 | node_29 | INFO ] ♻️ Proactively processing 6 early models for round 48.
[ 2026-05-13 19:32:02 | node_42 | INFO ] 🧩 Model added for round 48 (8/13) from ['node_16']
[ 2026-05-13 19:32:02 | node_6 | INFO ] 🧩 Model added for round 48 (6/8) from ['node_38']
[ 2026-05-13 19:32:02 | node_29 | INFO ] 🧩 Model added for round 48 (1/12) from ['node_43']
[ 2026-05-13 19:32:02 | node_29 | INFO ] 🧩 Model added for round 48 (2/12) from ['node_8']
[ 2026-05-13 19:32:02 | node_29 | INFO ] 🧩 Model added for round 48 (3/12) from ['node_40']
[ 2026-05-13 19:32:02 | node_46 | INFO ] 🧩 Model added for round 48 (5/7) from ['node_20']
[ 2026-05-13 19:32:02 | node_29 | INFO ] 🧩 Model added for round 48 (4/12) from ['node_10']
[ 2026-05-13 19:32:02 | node_1 | INFO ] 🧩 Model added for round 48 (6/9) from ['node_42']
[ 2026-05-13 19:32:02 | node_29 | INFO ] 🧩 Model added for round 48 (5/12) from ['node_7']
[ 2026-05-13 19:32:02 | node_29 | INFO ] 🧩 Model added for round 48 (6/12) from ['node_35']
[ 2026-05-13 19:32:02 | node_29 | INFO ] 🏋️‍♀️ Preparing training...
[ 2026-05-13 19:32:03 | node_27 | INFO ] 📤 Sending model to 9 direct neighbors: ['node_1', 'node_2', 'node_9', 'node_11', 'node_24', 'node_36', 'node_38', 'node_41', 'node_44']
[ 2026-05-13 19:32:03 | node_29 | INFO ] 🎓 Training step done.
[ 2026-05-13 19:32:03 | node_29 | INFO ] 🛠️ Calling force_add_local_model...
[ 2026-05-13 19:32:03 | node_29 | INFO ] ✅ [FORCE] Local model added for round 48. (7/12)
[ 2026-05-13 19:32:03 | node_31 | INFO ] 🧩 Model added for round 48 (4/7) from ['node_13']
[ 2026-05-13 19:32:03 | node_1 | INFO ] 🧩 Model added for round 48 (7/9) from ['node_27']
[ 2026-05-13 19:32:03 | node_3 | INFO ] 📤 Sending model to 7 direct neighbors: ['node_6', 'node_8', 'node_18', 'node_33', 'node_37', 'node_42', 'node_47']
[ 2026-05-13 19:32:03 | node_25 | INFO ] 🧩 Model added for round 48 (2/9) from ['node_28']
[ 2026-05-13 19:32:03 | node_7 | INFO ] 🧩 Model added for round 48 (6/9) from ['node_38']
[ 2026-05-13 19:32:04 | node_6 | INFO ] 🧩 Model added for round 48 (7/8) from ['node_3']
[ 2026-05-13 19:32:04 | node_3 | INFO ] 🧩 Model added for round 48 (5/8) from ['node_42']
[ 2026-05-13 19:32:04 | node_48 | INFO ] 🧩 Model added for round 48 (5/6) from ['node_16']
[ 2026-05-13 19:32:05 | node_2 | INFO ] 🧩 Model added for round 48 (3/5) from ['node_27']
[ 2026-05-13 19:32:05 | node_35 | INFO ] 🧩 Model added for round 48 (4/8) from ['node_28']
[ 2026-05-13 19:32:05 | node_35 | INFO ] 🧩 Model added for round 48 (5/8) from ['node_13']
[ 2026-05-13 19:32:05 | node_9 | INFO ] 🧩 Model added for round 48 (5/7) from ['node_38']
[ 2026-05-13 19:32:05 | node_8 | INFO ] 🧩 Model added for round 48 (4/5) from ['node_3']
[ 2026-05-13 19:32:05 | node_16 | INFO ] 🧩 Model added for round 48 (9/13) from ['node_42']
[ 2026-05-13 19:32:05 | node_24 | INFO ] ⏹️  Gossiping exited for 50 equal rounds.
[ 2026-05-13 19:32:06 | node_9 | INFO ] 🧩 Model added for round 48 (6/7) from ['node_27']
[ 2026-05-13 19:32:06 | node_24 | INFO ] 🔬 Evaluating...
[ 2026-05-13 19:32:06 | node_24 | INFO ] 📈 Evaluated. Results: {'test_loss': 0.07023899257183075, 'test_acc': 0.9800000190734863, 'test_precision': 0.9780051708221436, 'test_recall': 0.9820916056632996, 'test_f1': 0.9796461462974548, 'communication_cost': 33870564}
[ 2026-05-13 19:32:06 | node_24 | INFO ] 📢 Broadcasting metrics.
[ 2026-05-13 19:32:06 | node_48 | INFO ] 🧩 Model added for round 48 (6/6) from ['node_13']
[ 2026-05-13 19:32:06 | node_20 | INFO ] 🧩 Model added for round 48 (3/5) from ['node_38']
[ 2026-05-13 19:32:06 | node_38 | INFO ] 🧩 Model added for round 48 (8/13) from ['node_28']
[ 2026-05-13 19:32:07 | node_37 | INFO ] 🧩 Model added for round 48 (9/12) from ['node_3']
[ 2026-05-13 19:32:07 | node_48 | INFO ] 🧠 Aggregation complete. Setting new model.
[ 2026-05-13 19:32:07 | node_48 | INFO ] 🗣️ Gossiping aggregated model.
[ 2026-05-13 19:32:08 | node_29 | INFO ] 🧩 Model added for round 48 (8/12) from ['node_42']
[ 2026-05-13 19:32:08 | node_39 | INFO ] 🧩 Model added for round 48 (5/8) from ['node_28']
[ 2026-05-13 19:32:08 | node_23 | INFO ] 🧩 Model added for round 48 (3/4) from ['node_38']
[ 2026-05-13 19:32:08 | node_29 | INFO ] 📤 Sending model to 11 direct neighbors: ['node_7', 'node_8', 'node_10', 'node_19', 'node_21', 'node_35', 'node_38', 'node_40', 'node_42', 'node_43', 'node_44']
[ 2026-05-13 19:32:08 | node_42 | INFO ] 🧩 Model added for round 48 (9/13) from ['node_3']
[ 2026-05-13 19:32:09 | node_38 | INFO ] 🧩 Model added for round 48 (9/13) from ['node_27']
[ 2026-05-13 19:32:09 | node_26 | INFO ] 🧩 Model added for round 48 (7/8) from ['node_38']
[ 2026-05-13 19:32:09 | node_7 | INFO ] 🧩 Model added for round 48 (7/9) from ['node_29']
[ 2026-05-13 19:32:10 | node_24 | INFO ] 🎉 Round 48 of 50 finished.
[ 2026-05-13 19:32:10 | node_24 | INFO ] 🗳️ [DETERMINISTIC] Train set assigned (No Voting). Size: 50
[ 2026-05-13 19:32:10 | node_24 | INFO ] ♻️ Proactively processing 6 early models for round 48.
[ 2026-05-13 19:32:10 | node_24 | INFO ] 🧩 Model added for round 48 (1/10) from ['node_23']
[ 2026-05-13 19:32:10 | node_24 | INFO ] 🧩 Model added for round 48 (2/10) from ['node_12']
[ 2026-05-13 19:32:10 | node_24 | INFO ] 🧩 Model added for round 48 (3/10) from ['node_22']
[ 2026-05-13 19:32:10 | node_24 | INFO ] 🧩 Model added for round 48 (4/10) from ['node_16']
[ 2026-05-13 19:32:10 | node_24 | INFO ] 🧩 Model added for round 48 (5/10) from ['node_28']
[ 2026-05-13 19:32:10 | node_24 | INFO ] 🧩 Model added for round 48 (6/10) from ['node_27']
[ 2026-05-13 19:32:10 | node_24 | INFO ] 🏋️‍♀️ Preparing training...
[ 2026-05-13 19:32:10 | node_34 | INFO ] 🧩 Model added for round 48 (8/10) from ['node_42']
[ 2026-05-13 19:32:11 | node_27 | INFO ] 🧩 Model added for round 48 (6/10) from ['node_38']
[ 2026-05-13 19:32:11 | node_8 | INFO ] 🧩 Model added for round 48 (5/5) from ['node_29']
[ 2026-05-13 19:32:11 | node_24 | INFO ] 🎓 Training step done.
[ 2026-05-13 19:32:11 | node_41 | INFO ] 🧩 Model added for round 48 (7/7) from ['node_27']
[ 2026-05-13 19:32:11 | node_24 | INFO ] 🛠️ Calling force_add_local_model...
[ 2026-05-13 19:32:11 | node_24 | INFO ] ✅ [FORCE] Local model added for round 48. (7/10)
[ 2026-05-13 19:32:11 | node_8 | INFO ] 🧠 Aggregation complete. Setting new model.
[ 2026-05-13 19:32:11 | node_41 | INFO ] 🧠 Aggregation complete. Setting new model.
[ 2026-05-13 19:32:12 | node_10 | INFO ] 🧩 Model added for round 48 (8/10) from ['node_29']
[ 2026-05-13 19:32:12 | node_8 | INFO ] 🗣️ Gossiping aggregated model.
[ 2026-05-13 19:32:12 | node_37 | INFO ] 🧩 Model added for round 48 (10/12) from ['node_42']
[ 2026-05-13 19:32:13 | node_41 | INFO ] 🗣️ Gossiping aggregated model.
[ 2026-05-13 19:32:13 | node_28 | INFO ] 🧩 Model added for round 48 (8/10) from ['node_38']
[ 2026-05-13 19:32:14 | node_38 | INFO ] 🧩 Model added for round 48 (10/13) from ['node_42']
[ 2026-05-13 19:32:14 | node_29 | INFO ] 🧩 Model added for round 48 (9/12) from ['node_38']
[ 2026-05-13 19:32:15 | node_35 | INFO ] 🧩 Model added for round 48 (6/8) from ['node_29']
[ 2026-05-13 19:32:16 | node_38 | INFO ] 🧩 Model added for round 48 (11/13) from ['node_29']
[ 2026-05-13 19:32:16 | node_45 | INFO ] 🧩 Model added for round 48 (4/5) from ['node_42']
[ 2026-05-13 19:32:16 | node_24 | INFO ] 📤 Sending model to 9 direct neighbors: ['node_12', 'node_16', 'node_18', 'node_22', 'node_23', 'node_27', 'node_28', 'node_33', 'node_44']
[ 2026-05-13 19:32:16 | node_42 | INFO ] 🧩 Model added for round 48 (10/13) from ['node_38']
[ 2026-05-13 19:32:16 | node_12 | INFO ] 🧩 Model added for round 48 (5/7) from ['node_24']
[ 2026-05-13 19:32:17 | node_46 | INFO ] 🧩 Model added for round 48 (6/7) from ['node_42']
[ 2026-05-13 19:32:18 | node_16 | INFO ] 🧩 Model added for round 48 (10/13) from ['node_24']
[ 2026-05-13 19:32:18 | node_40 | INFO ] 🧩 Model added for round 48 (8/8) from ['node_29']
[ 2026-05-13 19:32:18 | node_40 | INFO ] 🧠 Aggregation complete. Setting new model.
[ 2026-05-13 19:32:19 | node_40 | INFO ] 🗣️ Gossiping aggregated model.
[ 2026-05-13 19:32:19 | node_42 | INFO ] 🧩 Model added for round 48 (11/13) from ['node_29']
[ 2026-05-13 19:32:21 | node_22 | INFO ] 🧩 Model added for round 48 (2/5) from ['node_24']
[ 2026-05-13 19:32:21 | node_43 | INFO ] 🧩 Model added for round 48 (4/4) from ['node_29']
[ 2026-05-13 19:32:22 | node_23 | INFO ] 🧩 Model added for round 48 (4/4) from ['node_24']
[ 2026-05-13 19:32:22 | node_43 | INFO ] 🧠 Aggregation complete. Setting new model.
[ 2026-05-13 19:32:22 | node_23 | INFO ] 🧠 Aggregation complete. Setting new model.
[ 2026-05-13 19:32:22 | node_43 | INFO ] 🗣️ Gossiping aggregated model.
[ 2026-05-13 19:32:22 | node_23 | INFO ] 🗣️ Gossiping aggregated model.
[ 2026-05-13 19:32:23 | node_27 | INFO ] 🧩 Model added for round 48 (7/10) from ['node_24']
[ 2026-05-13 19:32:25 | node_28 | INFO ] 🧩 Model added for round 48 (9/10) from ['node_24']
[ 2026-05-13 19:32:31 | node_44 | INFO ] ⏹️  Gossiping exited for 50 equal rounds.
[ 2026-05-13 19:32:31 | node_44 | INFO ] 🔬 Evaluating...
[ 2026-05-13 19:32:31 | node_44 | INFO ] 📈 Evaluated. Results: {'test_loss': 0.1685391664505005, 'test_acc': 0.9700000286102295, 'test_precision': 0.9696377515792847, 'test_recall': 0.9710981845855713, 'test_f1': 0.9695769548416138, 'communication_cost': 45160752}
[ 2026-05-13 19:32:31 | node_44 | INFO ] 📢 Broadcasting metrics.
[ 2026-05-13 19:32:36 | node_44 | INFO ] 🎉 Round 48 of 50 finished.
[ 2026-05-13 19:32:36 | node_44 | INFO ] 🗳️ [DETERMINISTIC] Train set assigned (No Voting). Size: 50
[ 2026-05-13 19:32:36 | node_44 | INFO ] ♻️ Proactively processing 9 early models for round 48.
[ 2026-05-13 19:32:36 | node_44 | INFO ] 🧩 Model added for round 48 (1/13) from ['node_1']
[ 2026-05-13 19:32:36 | node_44 | INFO ] 🧩 Model added for round 48 (2/13) from ['node_30']
[ 2026-05-13 19:32:36 | node_44 | INFO ] 🧩 Model added for round 48 (3/13) from ['node_10']
[ 2026-05-13 19:32:36 | node_44 | INFO ] 🧩 Model added for round 48 (4/13) from ['node_32']
[ 2026-05-13 19:32:36 | node_44 | INFO ] 🧩 Model added for round 48 (5/13) from ['node_4']
[ 2026-05-13 19:32:36 | node_44 | INFO ] 🧩 Model added for round 48 (6/13) from ['node_39']
[ 2026-05-13 19:32:36 | node_44 | INFO ] 🧩 Model added for round 48 (7/13) from ['node_27']
[ 2026-05-13 19:32:36 | node_44 | INFO ] 🧩 Model added for round 48 (8/13) from ['node_29']
[ 2026-05-13 19:32:36 | node_44 | INFO ] 🧩 Model added for round 48 (9/13) from ['node_24']
[ 2026-05-13 19:32:36 | node_44 | INFO ] 🏋️‍♀️ Preparing training...
[ 2026-05-13 19:32:37 | node_44 | INFO ] 🎓 Training step done.
[ 2026-05-13 19:32:37 | node_44 | INFO ] 🛠️ Calling force_add_local_model...
[ 2026-05-13 19:32:37 | node_44 | INFO ] ✅ [FORCE] Local model added for round 48. (10/13)
[ 2026-05-13 19:32:42 | node_44 | INFO ] 📤 Sending model to 12 direct neighbors: ['node_1', 'node_4', 'node_10', 'node_18', 'node_21', 'node_24', 'node_27', 'node_29', 'node_30', 'node_32', 'node_39', 'node_47']
[ 2026-05-13 19:32:43 | node_1 | INFO ] 🧩 Model added for round 48 (8/9) from ['node_44']
[ 2026-05-13 19:32:44 | node_4 | INFO ] 🧩 Model added for round 48 (9/10) from ['node_44']
[ 2026-05-13 19:32:44 | node_19 | INFO ] ⏹️  Gossiping exited for 50 equal rounds.
[ 2026-05-13 19:32:44 | node_19 | INFO ] 🔬 Evaluating...
[ 2026-05-13 19:32:45 | node_19 | INFO ] 📈 Evaluated. Results: {'test_loss': 0.15711288154125214, 'test_acc': 0.9750000238418579, 'test_precision': 0.970320463180542, 'test_recall': 0.9786522388458252, 'test_f1': 0.9730872511863708, 'communication_cost': 30107168}
[ 2026-05-13 19:32:45 | node_19 | INFO ] 📢 Broadcasting metrics.
[ 2026-05-13 19:32:45 | node_10 | INFO ] 🧩 Model added for round 48 (9/10) from ['node_44']
[ 2026-05-13 19:32:46 | node_5 | INFO ] ⏹️  Gossiping exited for 50 equal rounds.
[ 2026-05-13 19:32:47 | node_5 | INFO ] 🔬 Evaluating...
[ 2026-05-13 19:32:47 | node_5 | INFO ] 📈 Evaluated. Results: {'test_loss': 0.29883792996406555, 'test_acc': 0.9549999833106995, 'test_precision': 0.948681116104126, 'test_recall': 0.9583669304847717, 'test_f1': 0.952054500579834, 'communication_cost': 41397356}
[ 2026-05-13 19:32:47 | node_5 | INFO ] 📢 Broadcasting metrics.
[ 2026-05-13 19:32:48 | node_24 | INFO ] 🧩 Model added for round 48 (8/10) from ['node_44']
[ 2026-05-13 19:32:48 | node_19 | INFO ] 🎉 Round 48 of 50 finished.
[ 2026-05-13 19:32:48 | node_19 | INFO ] 🗳️ [DETERMINISTIC] Train set assigned (No Voting). Size: 50
[ 2026-05-13 19:32:48 | node_19 | INFO ] ♻️ Proactively processing 4 early models for round 48.
[ 2026-05-13 19:32:48 | node_19 | INFO ] 🧩 Model added for round 48 (1/9) from ['node_45']
[ 2026-05-13 19:32:48 | node_19 | INFO ] 🧩 Model added for round 48 (2/9) from ['node_22']
[ 2026-05-13 19:32:48 | node_19 | INFO ] 🧩 Model added for round 48 (3/9) from ['node_42']
[ 2026-05-13 19:32:48 | node_19 | INFO ] 🧩 Model added for round 48 (4/9) from ['node_29']
[ 2026-05-13 19:32:49 | node_19 | INFO ] 🏋️‍♀️ Preparing training...
[ 2026-05-13 19:32:49 | node_27 | INFO ] 🧩 Model added for round 48 (8/10) from ['node_44']
[ 2026-05-13 19:32:49 | node_19 | INFO ] 🎓 Training step done.
[ 2026-05-13 19:32:49 | node_19 | INFO ] 🛠️ Calling force_add_local_model...
[ 2026-05-13 19:32:49 | node_19 | INFO ] ✅ [FORCE] Local model added for round 48. (5/9)
[ 2026-05-13 19:32:51 | node_29 | INFO ] 🧩 Model added for round 48 (10/12) from ['node_44']
[ 2026-05-13 19:32:52 | node_30 | INFO ] 🧩 Model added for round 48 (5/6) from ['node_44']
[ 2026-05-13 19:32:52 | node_5 | INFO ] 🎉 Round 48 of 50 finished.
[ 2026-05-13 19:32:52 | node_5 | INFO ] 🗳️ [DETERMINISTIC] Train set assigned (No Voting). Size: 50
[ 2026-05-13 19:32:53 | node_5 | INFO ] ♻️ Proactively processing 6 early models for round 48.
[ 2026-05-13 19:32:53 | node_5 | INFO ] 🧩 Model added for round 48 (1/12) from ['node_1']
[ 2026-05-13 19:32:53 | node_5 | INFO ] 🧩 Model added for round 48 (2/12) from ['node_7']
[ 2026-05-13 19:32:53 | node_5 | INFO ] 🧩 Model added for round 48 (3/12) from ['node_22']
[ 2026-05-13 19:32:53 | node_5 | INFO ] 🧩 Model added for round 48 (4/12) from ['node_16']
[ 2026-05-13 19:32:53 | node_5 | INFO ] 🧩 Model added for round 48 (5/12) from ['node_13']
[ 2026-05-13 19:32:53 | node_5 | INFO ] 🧩 Model added for round 48 (6/12) from ['node_20']
[ 2026-05-13 19:32:53 | node_5 | INFO ] 🏋️‍♀️ Preparing training...
[ 2026-05-13 19:32:53 | node_32 | INFO ] 🧩 Model added for round 48 (5/5) from ['node_44']
[ 2026-05-13 19:32:54 | node_32 | INFO ] 🧠 Aggregation complete. Setting new model.
[ 2026-05-13 19:32:54 | node_5 | INFO ] 🎓 Training step done.
[ 2026-05-13 19:32:54 | node_5 | INFO ] 🛠️ Calling force_add_local_model...
[ 2026-05-13 19:32:54 | node_5 | INFO ] ✅ [FORCE] Local model added for round 48. (7/12)
[ 2026-05-13 19:32:54 | node_39 | INFO ] 🧩 Model added for round 48 (6/8) from ['node_44']
[ 2026-05-13 19:32:54 | node_32 | INFO ] 🗣️ Gossiping aggregated model.
[ 2026-05-13 19:32:54 | node_19 | INFO ] 📤 Sending model to 8 direct neighbors: ['node_5', 'node_18', 'node_22', 'node_29', 'node_33', 'node_42', 'node_45', 'node_47']
[ 2026-05-13 19:32:55 | node_5 | INFO ] 🧩 Model added for round 48 (8/12) from ['node_19']
[ 2026-05-13 19:32:57 | node_22 | INFO ] 🧩 Model added for round 48 (3/5) from ['node_19']
[ 2026-05-13 19:32:57 | node_29 | INFO ] 🧩 Model added for round 48 (11/12) from ['node_19']
[ 2026-05-13 19:32:59 | node_5 | INFO ] 📤 Sending model to 11 direct neighbors: ['node_1', 'node_7', 'node_11', 'node_13', 'node_16', 'node_17', 'node_18', 'node_19', 'node_20', 'node_21', 'node_22']
[ 2026-05-13 19:32:59 | node_42 | INFO ] 🧩 Model added for round 48 (12/13) from ['node_19']
[ 2026-05-13 19:32:59 | node_1 | INFO ] 🧩 Model added for round 48 (9/9) from ['node_5']
[ 2026-05-13 19:33:01 | node_7 | INFO ] 🧩 Model added for round 48 (8/9) from ['node_5']
[ 2026-05-13 19:33:01 | node_45 | INFO ] 🧩 Model added for round 48 (5/5) from ['node_19']
[ 2026-05-13 19:33:03 | node_13 | INFO ] 🧩 Model added for round 48 (9/12) from ['node_5']
[ 2026-05-13 19:33:04 | node_1 | INFO ] 🧠 Aggregation complete. Setting new model.
[ 2026-05-13 19:33:05 | node_16 | INFO ] 🧩 Model added for round 48 (11/13) from ['node_5']
[ 2026-05-13 19:33:05 | node_1 | INFO ] 🗣️ Gossiping aggregated model.
[ 2026-05-13 19:33:07 | node_45 | INFO ] 🧠 Aggregation complete. Setting new model.
[ 2026-05-13 19:33:07 | node_45 | INFO ] 🗣️ Gossiping aggregated model.
[ 2026-05-13 19:33:08 | node_19 | INFO ] 🧩 Model added for round 48 (6/9) from ['node_5']
[ 2026-05-13 19:33:09 | node_20 | INFO ] 🧩 Model added for round 48 (4/5) from ['node_5']
[ 2026-05-13 19:33:11 | node_22 | INFO ] 🧩 Model added for round 48 (4/5) from ['node_5']
[ 2026-05-13 19:33:36 | node_18 | INFO ] ⏹️  Gossiping exited for 50 equal rounds.
[ 2026-05-13 19:33:36 | node_18 | INFO ] 🔬 Evaluating...
[ 2026-05-13 19:33:37 | node_18 | INFO ] 📈 Evaluated. Results: {'test_loss': 0.15153521299362183, 'test_acc': 0.9750000238418579, 'test_precision': 0.9736450910568237, 'test_recall': 0.9724783897399902, 'test_f1': 0.9728716015815735, 'communication_cost': 52687544}
[ 2026-05-13 19:33:37 | node_18 | INFO ] 📢 Broadcasting metrics.
[ 2026-05-13 19:33:44 | node_18 | INFO ] 🎉 Round 48 of 50 finished.
[ 2026-05-13 19:33:44 | node_18 | INFO ] 🗳️ [DETERMINISTIC] Train set assigned (No Voting). Size: 50
[ 2026-05-13 19:33:44 | node_18 | INFO ] ♻️ Proactively processing 11 early models for round 48.
[ 2026-05-13 19:33:44 | node_18 | INFO ] 🧩 Model added for round 48 (1/15) from ['node_30']
[ 2026-05-13 19:33:44 | node_18 | INFO ] 🧩 Model added for round 48 (2/15) from ['node_7']
[ 2026-05-13 19:33:44 | node_18 | INFO ] 🧩 Model added for round 48 (3/15) from ['node_16']
[ 2026-05-13 19:33:44 | node_18 | INFO ] 🧩 Model added for round 48 (4/15) from ['node_35']
[ 2026-05-13 19:33:44 | node_18 | INFO ] 🧩 Model added for round 48 (5/15) from ['node_25']
[ 2026-05-13 19:33:44 | node_18 | INFO ] 🧩 Model added for round 48 (6/15) from ['node_13']
[ 2026-05-13 19:33:45 | node_18 | INFO ] 🧩 Model added for round 48 (7/15) from ['node_3']
[ 2026-05-13 19:33:45 | node_18 | INFO ] 🧩 Model added for round 48 (8/15) from ['node_24']
[ 2026-05-13 19:33:45 | node_18 | INFO ] 🧩 Model added for round 48 (9/15) from ['node_44']
[ 2026-05-13 19:33:45 | node_18 | INFO ] 🧩 Model added for round 48 (10/15) from ['node_19']
[ 2026-05-13 19:33:45 | node_18 | INFO ] 🧩 Model added for round 48 (11/15) from ['node_5']
[ 2026-05-13 19:33:45 | node_18 | INFO ] 🏋️‍♀️ Preparing training...
[ 2026-05-13 19:33:45 | node_18 | INFO ] 🎓 Training step done.
[ 2026-05-13 19:33:45 | node_18 | INFO ] 🛠️ Calling force_add_local_model...
[ 2026-05-13 19:33:45 | node_18 | INFO ] ✅ [FORCE] Local model added for round 48. (12/15)
[ 2026-05-13 19:33:46 | node_47 | INFO ] ⏹️  Gossiping exited for 50 equal rounds.
[ 2026-05-13 19:33:47 | node_47 | INFO ] 🔬 Evaluating...
[ 2026-05-13 19:33:47 | node_47 | INFO ] 📈 Evaluated. Results: {'test_loss': 0.24784022569656372, 'test_acc': 0.9750000238418579, 'test_precision': 0.9781808257102966, 'test_recall': 0.9730159044265747, 'test_f1': 0.9752081036567688, 'communication_cost': 48924148}
[ 2026-05-13 19:33:47 | node_47 | INFO ] 📢 Broadcasting metrics.
[ 2026-05-13 19:33:50 | node_18 | INFO ] 📤 Sending model to 14 direct neighbors: ['node_3', 'node_5', 'node_7', 'node_11', 'node_13', 'node_16', 'node_19', 'node_24', 'node_25', 'node_30', 'node_33', 'node_35', 'node_44', 'node_47']
[ 2026-05-13 19:33:51 | node_3 | INFO ] 🧩 Model added for round 48 (6/8) from ['node_18']
[ 2026-05-13 19:33:52 | node_5 | INFO ] 🧩 Model added for round 48 (9/12) from ['node_18']
[ 2026-05-13 19:33:53 | node_21 | INFO ] ⏹️  Gossiping exited for 50 equal rounds.
[ 2026-05-13 19:33:53 | node_33 | INFO ] ⏹️  Gossiping exited for 50 equal rounds.
[ 2026-05-13 19:33:53 | node_21 | INFO ] 🔬 Evaluating...
[ 2026-05-13 19:33:53 | node_33 | INFO ] 🔬 Evaluating...
[ 2026-05-13 19:33:54 | node_21 | INFO ] 📈 Evaluated. Results: {'test_loss': 0.1093084067106247, 'test_acc': 0.9850000143051147, 'test_precision': 0.9879599213600159, 'test_recall': 0.9833223223686218, 'test_f1': 0.985196053981781, 'communication_cost': 41397356}
[ 2026-05-13 19:33:54 | node_33 | INFO ] 📈 Evaluated. Results: {'test_loss': 0.19370338320732117, 'test_acc': 0.9649999737739563, 'test_precision': 0.963152289390564, 'test_recall': 0.9656046032905579, 'test_f1': 0.9628757238388062, 'communication_cost': 37633960}
[ 2026-05-13 19:33:54 | node_21 | INFO ] 📢 Broadcasting metrics.
[ 2026-05-13 19:33:54 | node_7 | INFO ] 🧩 Model added for round 48 (9/9) from ['node_18']
[ 2026-05-13 19:33:54 | node_47 | INFO ] 🎉 Round 48 of 50 finished.
[ 2026-05-13 19:33:54 | node_33 | INFO ] 📢 Broadcasting metrics.
[ 2026-05-13 19:33:54 | node_47 | INFO ] 🗳️ [DETERMINISTIC] Train set assigned (No Voting). Size: 50
[ 2026-05-13 19:33:54 | node_47 | INFO ] ♻️ Proactively processing 11 early models for round 48.
[ 2026-05-13 19:33:54 | node_47 | INFO ] 🧩 Model added for round 48 (1/14) from ['node_31']
[ 2026-05-13 19:33:55 | node_47 | INFO ] 🧩 Model added for round 48 (2/14) from ['node_34']
[ 2026-05-13 19:33:55 | node_47 | INFO ] 🧩 Model added for round 48 (3/14) from ['node_26']
[ 2026-05-13 19:33:55 | node_47 | INFO ] 🧩 Model added for round 48 (4/14) from ['node_14']
[ 2026-05-13 19:33:55 | node_47 | INFO ] 🧩 Model added for round 48 (5/14) from ['node_35']
[ 2026-05-13 19:33:55 | node_47 | INFO ] 🧩 Model added for round 48 (6/14) from ['node_25']
[ 2026-05-13 19:33:55 | node_47 | INFO ] 🧩 Model added for round 48 (7/14) from ['node_28']
[ 2026-05-13 19:33:55 | node_47 | INFO ] 🧩 Model added for round 48 (8/14) from ['node_3']
[ 2026-05-13 19:33:55 | node_47 | INFO ] 🧩 Model added for round 48 (9/14) from ['node_42']
[ 2026-05-13 19:33:55 | node_47 | INFO ] 🧩 Model added for round 48 (10/14) from ['node_44']
[ 2026-05-13 19:33:55 | node_47 | INFO ] 🧩 Model added for round 48 (11/14) from ['node_19']
[ 2026-05-13 19:33:55 | node_47 | INFO ] 🏋️‍♀️ Preparing training...
[ 2026-05-13 19:33:56 | node_47 | INFO ] 🎓 Training step done.
[ 2026-05-13 19:33:56 | node_47 | INFO ] 🛠️ Calling force_add_local_model...
[ 2026-05-13 19:33:56 | node_47 | INFO ] ✅ [FORCE] Local model added for round 48. (12/14)
[ 2026-05-13 19:33:56 | node_7 | INFO ] 🧠 Aggregation complete. Setting new model.
[ 2026-05-13 19:33:56 | node_13 | INFO ] 🧩 Model added for round 48 (10/12) from ['node_18']
[ 2026-05-13 19:33:57 | node_7 | INFO ] 🗣️ Gossiping aggregated model.
[ 2026-05-13 19:33:57 | node_16 | INFO ] 🧩 Model added for round 48 (12/13) from ['node_18']
[ 2026-05-13 19:33:58 | node_33 | INFO ] 🎉 Round 48 of 50 finished.
[ 2026-05-13 19:33:58 | node_33 | INFO ] 🗳️ [DETERMINISTIC] Train set assigned (No Voting). Size: 50
[ 2026-05-13 19:33:58 | node_33 | INFO ] ♻️ Proactively processing 9 early models for round 48.
[ 2026-05-13 19:33:58 | node_33 | INFO ] 🧩 Model added for round 48 (1/11) from ['node_2']
[ 2026-05-13 19:33:58 | node_33 | INFO ] 🧩 Model added for round 48 (2/11) from ['node_34']
[ 2026-05-13 19:33:58 | node_33 | INFO ] 🧩 Model added for round 48 (3/11) from ['node_14']
[ 2026-05-13 19:33:59 | node_33 | INFO ] 🧩 Model added for round 48 (4/11) from ['node_39']
[ 2026-05-13 19:33:59 | node_33 | INFO ] 🧩 Model added for round 48 (5/11) from ['node_25']
[ 2026-05-13 19:33:59 | node_33 | INFO ] 🧩 Model added for round 48 (6/11) from ['node_13']
[ 2026-05-13 19:33:59 | node_33 | INFO ] 🧩 Model added for round 48 (7/11) from ['node_3']
[ 2026-05-13 19:33:59 | node_33 | INFO ] 🧩 Model added for round 48 (8/11) from ['node_24']
[ 2026-05-13 19:33:59 | node_33 | INFO ] 🧩 Model added for round 48 (9/11) from ['node_19']
[ 2026-05-13 19:33:59 | node_21 | INFO ] 🎉 Round 48 of 50 finished.
[ 2026-05-13 19:33:59 | node_33 | INFO ] 🏋️‍♀️ Preparing training...
[ 2026-05-13 19:33:59 | node_21 | INFO ] 🗳️ [DETERMINISTIC] Train set assigned (No Voting). Size: 50
[ 2026-05-13 19:33:59 | node_19 | INFO ] 🧩 Model added for round 48 (7/9) from ['node_18']
[ 2026-05-13 19:33:59 | node_21 | INFO ] ♻️ Proactively processing 9 early models for round 48.
[ 2026-05-13 19:33:59 | node_21 | INFO ] 🧩 Model added for round 48 (1/12) from ['node_31']
[ 2026-05-13 19:33:59 | node_21 | INFO ] 🧩 Model added for round 48 (2/12) from ['node_15']
[ 2026-05-13 19:33:59 | node_21 | INFO ] 🧩 Model added for round 48 (3/12) from ['node_14']
[ 2026-05-13 19:33:59 | node_33 | INFO ] 🎓 Training step done.
[ 2026-05-13 19:33:59 | node_21 | INFO ] 🧩 Model added for round 48 (4/12) from ['node_16']
[ 2026-05-13 19:33:59 | node_33 | INFO ] 🛠️ Calling force_add_local_model...
[ 2026-05-13 19:33:59 | node_21 | INFO ] 🧩 Model added for round 48 (5/12) from ['node_25']
[ 2026-05-13 19:33:59 | node_49 | INFO ] ⏹️  Gossiping exited for 50 equal rounds.
[ 2026-05-13 19:33:59 | node_21 | INFO ] 🧩 Model added for round 48 (6/12) from ['node_38']
[ 2026-05-13 19:33:59 | node_33 | INFO ] ✅ [FORCE] Local model added for round 48. (10/11)
[ 2026-05-13 19:34:00 | node_21 | INFO ] 🧩 Model added for round 48 (7/12) from ['node_29']
[ 2026-05-13 19:34:00 | node_21 | INFO ] 🧩 Model added for round 48 (8/12) from ['node_44']
[ 2026-05-13 19:34:00 | node_49 | INFO ] 🔬 Evaluating...
[ 2026-05-13 19:34:00 | node_21 | INFO ] 🧩 Model added for round 48 (9/12) from ['node_5']
[ 2026-05-13 19:34:00 | node_21 | INFO ] 🏋️‍♀️ Preparing training...
[ 2026-05-13 19:34:00 | node_49 | INFO ] 📈 Evaluated. Results: {'test_loss': 0.14987629652023315, 'test_acc': 0.9750000238418579, 'test_precision': 0.9761733412742615, 'test_recall': 0.9713545441627502, 'test_f1': 0.9731462001800537, 'communication_cost': 18816980}
[ 2026-05-13 19:34:00 | node_49 | INFO ] 📢 Broadcasting metrics.
[ 2026-05-13 19:34:00 | node_21 | INFO ] 🎓 Training step done.
[ 2026-05-13 19:34:00 | node_21 | INFO ] 🛠️ Calling force_add_local_model...
[ 2026-05-13 19:34:00 | node_21 | INFO ] ✅ [FORCE] Local model added for round 48. (10/12)
[ 2026-05-13 19:34:01 | node_24 | INFO ] 🧩 Model added for round 48 (9/10) from ['node_18']
[ 2026-05-13 19:34:01 | node_47 | INFO ] 📤 Sending model to 13 direct neighbors: ['node_3', 'node_14', 'node_18', 'node_19', 'node_25', 'node_26', 'node_28', 'node_31', 'node_34', 'node_35', 'node_36', 'node_42', 'node_44']
[ 2026-05-13 19:34:01 | node_3 | INFO ] 🧩 Model added for round 48 (7/8) from ['node_47']
[ 2026-05-13 19:34:02 | node_25 | INFO ] 🧩 Model added for round 48 (3/9) from ['node_18']
[ 2026-05-13 19:34:02 | node_14 | INFO ] 🧩 Model added for round 48 (7/10) from ['node_47']
[ 2026-05-13 19:34:03 | node_49 | INFO ] 🎉 Round 49 of 50 finished.
[ 2026-05-13 19:34:03 | node_49 | INFO ] 🗳️ [DETERMINISTIC] Train set assigned (No Voting). Size: 50
[ 2026-05-13 19:34:03 | node_49 | INFO ] 🏋️‍♀️ Preparing training...
[ 2026-05-13 19:34:03 | node_30 | INFO ] 🧩 Model added for round 48 (6/6) from ['node_18']
[ 2026-05-13 19:34:03 | node_49 | INFO ] 🎓 Training step done.
[ 2026-05-13 19:34:03 | node_49 | INFO ] 🛠️ Calling force_add_local_model...
[ 2026-05-13 19:34:03 | node_49 | INFO ] ✅ [FORCE] Local model added for round 49. (1/6)
[ 2026-05-13 19:34:04 | node_18 | INFO ] 🧩 Model added for round 48 (13/15) from ['node_47']
[ 2026-05-13 19:34:04 | node_30 | INFO ] 🧠 Aggregation complete. Setting new model.
[ 2026-05-13 19:34:04 | node_33 | INFO ] 🧩 Model added for round 48 (11/11) from ['node_18']
[ 2026-05-13 19:34:05 | node_33 | INFO ] 📤 Sending model to 10 direct neighbors: ['node_2', 'node_3', 'node_13', 'node_14', 'node_18', 'node_19', 'node_24', 'node_25', 'node_34', 'node_39']
[ 2026-05-13 19:34:05 | node_30 | INFO ] 🗣️ Gossiping aggregated model.
[ 2026-05-13 19:34:05 | node_2 | INFO ] 🧩 Model added for round 48 (4/5) from ['node_33']
[ 2026-05-13 19:34:05 | node_21 | INFO ] 📤 Sending model to 11 direct neighbors: ['node_5', 'node_14', 'node_15', 'node_16', 'node_17', 'node_25', 'node_29', 'node_31', 'node_36', 'node_38', 'node_44']
[ 2026-05-13 19:34:06 | node_3 | INFO ] 🧩 Model added for round 48 (8/8) from ['node_33']
[ 2026-05-13 19:34:06 | node_35 | INFO ] 🧩 Model added for round 48 (7/8) from ['node_18']
[ 2026-05-13 19:34:06 | node_5 | INFO ] 🧩 Model added for round 48 (10/12) from ['node_21']
[ 2026-05-13 19:34:06 | node_19 | INFO ] 🧩 Model added for round 48 (8/9) from ['node_47']
[ 2026-05-13 19:34:06 | node_11 | INFO ] ⏹️  Gossiping exited for 50 equal rounds.
[ 2026-05-13 19:34:07 | node_11 | INFO ] 🔬 Evaluating...
[ 2026-05-13 19:34:07 | node_11 | INFO ] 📈 Evaluated. Results: {'test_loss': 0.18449869751930237, 'test_acc': 0.9549999833106995, 'test_precision': 0.9581630229949951, 'test_recall': 0.9541640281677246, 'test_f1': 0.955193281173706, 'communication_cost': 45160752}
[ 2026-05-13 19:34:08 | node_11 | INFO ] 📢 Broadcasting metrics.
[ 2026-05-13 19:34:08 | node_3 | INFO ] 🧠 Aggregation complete. Setting new model.
[ 2026-05-13 19:34:08 | node_13 | INFO ] 🧩 Model added for round 48 (11/12) from ['node_33']
[ 2026-05-13 19:34:08 | node_44 | INFO ] 🧩 Model added for round 48 (11/13) from ['node_18']
[ 2026-05-13 19:34:08 | node_25 | INFO ] 🧩 Model added for round 48 (4/9) from ['node_47']
[ 2026-05-13 19:34:09 | node_49 | INFO ] 📤 Sending model to 5 direct neighbors: ['node_7', 'node_15', 'node_32', 'node_40', 'node_41']
[ 2026-05-13 19:34:09 | node_3 | INFO ] 🗣️ Gossiping aggregated model.
[ 2026-05-13 19:34:09 | node_14 | INFO ] 🧩 Model added for round 48 (8/10) from ['node_21']
[ 2026-05-13 19:34:09 | node_26 | INFO ] 🧩 Model added for round 48 (8/8) from ['node_47']
[ 2026-05-13 19:34:10 | node_14 | INFO ] 🧩 Model added for round 48 (9/10) from ['node_33']
[ 2026-05-13 19:34:10 | node_47 | INFO ] 🧩 Model added for round 48 (13/14) from ['node_18']
[ 2026-05-13 19:34:10 | node_17 | INFO ] ⏹️  Gossiping exited for 50 equal rounds.
[ 2026-05-13 19:34:10 | node_17 | INFO ] 🔬 Evaluating...
[ 2026-05-13 19:34:11 | node_36 | INFO ] ⏹️  Gossiping exited for 50 equal rounds.
[ 2026-05-13 19:34:11 | node_28 | INFO ] 🧩 Model added for round 48 (10/10) from ['node_47']
[ 2026-05-13 19:34:11 | node_36 | INFO ] 🔬 Evaluating...
[ 2026-05-13 19:34:11 | node_17 | INFO ] 📈 Evaluated. Results: {'test_loss': 0.12381986528635025, 'test_acc': 0.9700000286102295, 'test_precision': 0.9688364267349243, 'test_recall': 0.9686060547828674, 'test_f1': 0.967571496963501, 'communication_cost': 30107168}
[ 2026-05-13 19:34:11 | node_36 | INFO ] 📈 Evaluated. Results: {'test_loss': 0.050584618002176285, 'test_acc': 0.9850000143051147, 'test_precision': 0.9881539344787598, 'test_recall': 0.9856271147727966, 'test_f1': 0.9865087270736694, 'communication_cost': 33870564}
[ 2026-05-13 19:34:11 | node_18 | INFO ] 🧩 Model added for round 48 (14/15) from ['node_33']
[ 2026-05-13 19:34:12 | node_17 | INFO ] 📢 Broadcasting metrics.
[ 2026-05-13 19:34:12 | node_36 | INFO ] 📢 Broadcasting metrics.
[ 2026-05-13 19:34:12 | node_15 | INFO ] 🧩 Model added for round 48 (10/10) from ['node_21']
[ 2026-05-13 19:34:12 | node_28 | INFO ] 🧠 Aggregation complete. Setting new model.
[ 2026-05-13 19:34:12 | node_26 | INFO ] 🧠 Aggregation complete. Setting new model.
[ 2026-05-13 19:34:12 | node_15 | INFO ] 🧠 Aggregation complete. Setting new model.
[ 2026-05-13 19:34:12 | node_11 | INFO ] 🎉 Round 48 of 50 finished.
[ 2026-05-13 19:34:12 | node_11 | INFO ] 🗳️ [DETERMINISTIC] Train set assigned (No Voting). Size: 50
[ 2026-05-13 19:34:12 | node_11 | INFO ] ♻️ Proactively processing 12 early models for round 48.
[ 2026-05-13 19:34:12 | node_11 | INFO ] 🧩 Model added for round 48 (1/13) from ['node_2']
[ 2026-05-13 19:34:12 | node_11 | INFO ] 🧩 Model added for round 48 (2/13) from ['node_12']
[ 2026-05-13 19:34:12 | node_11 | INFO ] 🧩 Model added for round 48 (3/13) from ['node']
[ 2026-05-13 19:34:12 | node_11 | INFO ] 🧩 Model added for round 48 (4/13) from ['node_6']
[ 2026-05-13 19:34:12 | node_11 | INFO ] 🧩 Model added for round 48 (5/13) from ['node_10']
[ 2026-05-13 19:34:12 | node_11 | INFO ] 🧩 Model added for round 48 (6/13) from ['node_4']
[ 2026-05-13 19:34:13 | node_11 | INFO ] 🧩 Model added for round 48 (7/13) from ['node_37']
[ 2026-05-13 19:34:13 | node_11 | INFO ] 🧩 Model added for round 48 (8/13) from ['node_25']
[ 2026-05-13 19:34:13 | node_11 | INFO ] 🧩 Model added for round 48 (9/13) from ['node_13']
[ 2026-05-13 19:34:13 | node_11 | INFO ] 🧩 Model added for round 48 (10/13) from ['node_27']
[ 2026-05-13 19:34:13 | node_11 | INFO ] 🧩 Model added for round 48 (11/13) from ['node_5']
[ 2026-05-13 19:34:13 | node_11 | INFO ] 🧩 Model added for round 48 (12/13) from ['node_18']
[ 2026-05-13 19:34:13 | node_11 | INFO ] 🏋️‍♀️ Preparing training...
[ 2026-05-13 19:34:13 | node_2 | INFO ] ⏳ Dynamic Patience (iteration 1): Missing nodes still active. Waiting 150s more...
[ 2026-05-13 19:34:13 | node_26 | INFO ] 🗣️ Gossiping aggregated model.
[ 2026-05-13 19:34:13 | node_31 | INFO ] 🧩 Model added for round 48 (5/7) from ['node_47']
[ 2026-05-13 19:34:13 | node_15 | INFO ] 🗣️ Gossiping aggregated model.
[ 2026-05-13 19:34:13 | node_28 | INFO ] 🗣️ Gossiping aggregated model.
[ 2026-05-13 19:34:13 | node_16 | INFO ] 🧩 Model added for round 48 (13/13) from ['node_21']
[ 2026-05-13 19:34:13 | node_11 | INFO ] 🎓 Training step done.
[ 2026-05-13 19:34:14 | node_19 | INFO ] 🧩 Model added for round 48 (9/9) from ['node_33']
[ 2026-05-13 19:34:14 | node_11 | INFO ] 🛠️ Calling force_add_local_model...
[ 2026-05-13 19:34:14 | node_11 | INFO ] ✅ [FORCE] Local model added for round 48. (13/13)
[ 2026-05-13 19:34:14 | node_34 | INFO ] 🧩 Model added for round 48 (9/10) from ['node_47']
[ 2026-05-13 19:34:15 | node_17 | INFO ] 🎉 Round 48 of 50 finished.
[ 2026-05-13 19:34:15 | node_17 | INFO ] 🗳️ [DETERMINISTIC] Train set assigned (No Voting). Size: 50
[ 2026-05-13 19:34:15 | node_17 | INFO ] ♻️ Proactively processing 7 early models for round 48.
[ 2026-05-13 19:34:15 | node_17 | INFO ] 🧩 Model added for round 48 (1/9) from ['node_31']
[ 2026-05-13 19:34:15 | node_17 | INFO ] 🧩 Model added for round 48 (2/9) from ['node_46']
[ 2026-05-13 19:34:15 | node_17 | INFO ] 🧩 Model added for round 48 (3/9) from ['node_22']
[ 2026-05-13 19:34:15 | node_17 | INFO ] 🧩 Model added for round 48 (4/9) from ['node_37']
[ 2026-05-13 19:34:15 | node_17 | INFO ] 🧩 Model added for round 48 (5/9) from ['node_25']
[ 2026-05-13 19:34:15 | node_17 | INFO ] 🧩 Model added for round 48 (6/9) from ['node_20']
[ 2026-05-13 19:34:15 | node_17 | INFO ] 🧩 Model added for round 48 (7/9) from ['node_5']
[ 2026-05-13 19:34:15 | node_17 | INFO ] 🏋️‍♀️ Preparing training...
[ 2026-05-13 19:34:15 | node_36 | INFO ] 🎉 Round 48 of 50 finished.
[ 2026-05-13 19:34:15 | node_24 | INFO ] 🧩 Model added for round 48 (10/10) from ['node_33']
[ 2026-05-13 19:34:15 | node_36 | INFO ] 🗳️ [DETERMINISTIC] Train set assigned (No Voting). Size: 50
[ 2026-05-13 19:34:16 | node_36 | INFO ] ♻️ Proactively processing 7 early models for round 48.
[ 2026-05-13 19:34:16 | node_36 | INFO ] 🧩 Model added for round 48 (1/10) from ['node_12']
[ 2026-05-13 19:34:16 | node_36 | INFO ] 🧩 Model added for round 48 (2/10) from ['node_9']
[ 2026-05-13 19:34:16 | node_36 | INFO ] 🧩 Model added for round 48 (3/10) from ['node_14']
[ 2026-05-13 19:34:16 | node_36 | INFO ] 🧩 Model added for round 48 (4/10) from ['node_39']
[ 2026-05-13 19:34:16 | node_36 | INFO ] 🧩 Model added for round 48 (5/10) from ['node_25']
[ 2026-05-13 19:34:16 | node_36 | INFO ] 🧩 Model added for round 48 (6/10) from ['node_27']
[ 2026-05-13 19:34:16 | node_36 | INFO ] 🧩 Model added for round 48 (7/10) from ['node_38']
[ 2026-05-13 19:34:16 | node_36 | INFO ] 🏋️‍♀️ Preparing training...
[ 2026-05-13 19:34:16 | node_35 | INFO ] 🧩 Model added for round 48 (8/8) from ['node_47']
[ 2026-05-13 19:34:16 | node_17 | INFO ] 🧩 Model added for round 48 (8/9) from ['node_21']
[ 2026-05-13 19:34:16 | node_19 | INFO ] 🧠 Aggregation complete. Setting new model.
[ 2026-05-13 19:34:16 | node_17 | INFO ] 🎓 Training step done.
[ 2026-05-13 19:34:16 | node_17 | INFO ] 🛠️ Calling force_add_local_model...
[ 2026-05-13 19:34:16 | node_17 | INFO ] ✅ [FORCE] Local model added for round 48. (9/9)
[ 2026-05-13 19:34:16 | node_16 | INFO ] 🧠 Aggregation complete. Setting new model.
[ 2026-05-13 19:34:16 | node_35 | INFO ] 🧠 Aggregation complete. Setting new model.
[ 2026-05-13 19:34:16 | node_24 | INFO ] 🧠 Aggregation complete. Setting new model.
[ 2026-05-13 19:34:17 | node_25 | INFO ] 🧩 Model added for round 48 (5/9) from ['node_33']
[ 2026-05-13 19:34:17 | node_36 | INFO ] 🎓 Training step done.
[ 2026-05-13 19:34:17 | node_36 | INFO ] 🛠️ Calling force_add_local_model...
[ 2026-05-13 19:34:17 | node_36 | INFO ] ✅ [FORCE] Local model added for round 48. (8/10)
[ 2026-05-13 19:34:17 | node_36 | INFO ] 🧩 Model added for round 48 (9/10) from ['node_47']
[ 2026-05-13 19:34:17 | node_25 | INFO ] 🧩 Model added for round 48 (6/9) from ['node_21']
[ 2026-05-13 19:34:17 | node_19 | INFO ] 🗣️ Gossiping aggregated model.
[ 2026-05-13 19:34:18 | node_35 | INFO ] 🗣️ Gossiping aggregated model.
[ 2026-05-13 19:34:18 | node_24 | INFO ] 🗣️ Gossiping aggregated model.
[ 2026-05-13 19:34:18 | node_34 | INFO ] 🧩 Model added for round 48 (10/10) from ['node_33']
[ 2026-05-13 19:34:18 | node_16 | INFO ] 🗣️ Gossiping aggregated model.
[ 2026-05-13 19:34:19 | node_11 | INFO ] 📤 Sending model to 12 direct neighbors: ['node', 'node_2', 'node_4', 'node_5', 'node_6', 'node_10', 'node_12', 'node_13', 'node_18', 'node_25', 'node_27', 'node_37']
[ 2026-05-13 19:34:19 | node_42 | INFO ] 🧩 Model added for round 48 (13/13) from ['node_47']
[ 2026-05-13 19:34:19 | node_29 | INFO ] 🧩 Model added for round 48 (12/12) from ['node_21']
[ 2026-05-13 19:34:19 | node | INFO ] 🧩 Model added for round 48 (11/11) from ['node_11']
[ 2026-05-13 19:34:20 | node_34 | INFO ] 🧠 Aggregation complete. Setting new model.
[ 2026-05-13 19:34:20 | node_42 | INFO ] 🧠 Aggregation complete. Setting new model.
[ 2026-05-13 19:34:20 | node_29 | INFO ] 🧠 Aggregation complete. Setting new model.
[ 2026-05-13 19:34:20 | node | INFO ] 🧠 Aggregation complete. Setting new model.
[ 2026-05-13 19:34:20 | node_39 | INFO ] 🧩 Model added for round 48 (7/8) from ['node_33']
[ 2026-05-13 19:34:21 | node_34 | INFO ] 🗣️ Gossiping aggregated model.
[ 2026-05-13 19:34:21 | node_29 | INFO ] 🗣️ Gossiping aggregated model.
[ 2026-05-13 19:34:21 | node | INFO ] 🗣️ Gossiping aggregated model.
[ 2026-05-13 19:34:21 | node_17 | INFO ] 📤 Sending model to 8 direct neighbors: ['node_5', 'node_20', 'node_21', 'node_22', 'node_25', 'node_31', 'node_37', 'node_46']
[ 2026-05-13 19:34:22 | node_42 | INFO ] 🗣️ Gossiping aggregated model.
[ 2026-05-13 19:34:22 | node_31 | INFO ] 🧩 Model added for round 48 (6/7) from ['node_21']
[ 2026-05-13 19:34:22 | node_36 | INFO ] 📤 Sending model to 9 direct neighbors: ['node_9', 'node_12', 'node_14', 'node_21', 'node_25', 'node_27', 'node_38', 'node_39', 'node_47']
[ 2026-05-13 19:34:22 | node_2 | INFO ] 🧩 Model added for round 48 (5/5) from ['node_11']
[ 2026-05-13 19:34:22 | node_44 | INFO ] 🧩 Model added for round 48 (12/13) from ['node_47']
[ 2026-05-13 19:34:23 | node_5 | INFO ] 🧩 Model added for round 48 (11/12) from ['node_17']
[ 2026-05-13 19:34:23 | node_9 | INFO ] 🧩 Model added for round 48 (7/7) from ['node_36']
[ 2026-05-13 19:34:23 | node_45 | INFO ] 🤫 Gossip finished.
[ 2026-05-13 19:34:23 | node_45 | INFO ] 🔬 Evaluating...
[ 2026-05-13 19:34:23 | node_4 | INFO ] 🧩 Model added for round 48 (10/10) from ['node_11']
[ 2026-05-13 19:34:24 | node_12 | INFO ] 🧩 Model added for round 48 (6/7) from ['node_36']
[ 2026-05-13 19:34:24 | node_45 | INFO ] 📈 Evaluated. Results: {'test_loss': 0.572774350643158, 'test_acc': 0.9649999737739563, 'test_precision': 0.9588258862495422, 'test_recall': 0.9691522121429443, 'test_f1': 0.9621869921684265, 'communication_cost': 15053584}
[ 2026-05-13 19:34:24 | node_45 | INFO ] 📢 Broadcasting metrics.
[ 2026-05-13 19:34:24 | node_20 | INFO ] 🧩 Model added for round 48 (5/5) from ['node_17']
[ 2026-05-13 19:34:24 | node_36 | INFO ] 🧩 Model added for round 48 (10/10) from ['node_21']
[ 2026-05-13 19:34:24 | node_2 | INFO ] 🧠 Aggregation complete. Setting new model.
[ 2026-05-13 19:34:24 | node_9 | INFO ] 🧠 Aggregation complete. Setting new model.
[ 2026-05-13 19:34:24 | node_33 | INFO ] 🧠 Aggregation complete. Setting new model.
[ 2026-05-13 19:34:24 | node_4 | INFO ] 🧠 Aggregation complete. Setting new model.
[ 2026-05-13 19:34:25 | node_2 | INFO ] 🗣️ Gossiping aggregated model.
[ 2026-05-13 19:34:25 | node_9 | INFO ] 🗣️ Gossiping aggregated model.
[ 2026-05-13 19:34:26 | node_5 | INFO ] 🧩 Model added for round 48 (12/12) from ['node_11']
[ 2026-05-13 19:34:26 | node_4 | INFO ] 🗣️ Gossiping aggregated model.
[ 2026-05-13 19:34:26 | node_21 | INFO ] 🧩 Model added for round 48 (11/12) from ['node_17']
[ 2026-05-13 19:34:26 | node_14 | INFO ] 🧩 Model added for round 48 (10/10) from ['node_36']
[ 2026-05-13 19:34:26 | node_33 | INFO ] 🗣️ Gossiping aggregated model.
[ 2026-05-13 19:34:27 | node_45 | INFO ] 🎉 Round 49 of 50 finished.
[ 2026-05-13 19:34:27 | node_45 | INFO ] 🗳️ [DETERMINISTIC] Train set assigned (No Voting). Size: 50
[ 2026-05-13 19:34:27 | node_45 | INFO ] 🏋️‍♀️ Preparing training...
[ 2026-05-13 19:34:27 | node_38 | INFO ] 🧩 Model added for round 48 (12/13) from ['node_21']
[ 2026-05-13 19:34:27 | node_20 | INFO ] 🧠 Aggregation complete. Setting new model.
[ 2026-05-13 19:34:27 | node_14 | INFO ] 🧠 Aggregation complete. Setting new model.
[ 2026-05-13 19:34:27 | node_5 | INFO ] 🧠 Aggregation complete. Setting new model.
[ 2026-05-13 19:34:28 | node_45 | INFO ] 🎓 Training step done.
[ 2026-05-13 19:34:28 | node_45 | INFO ] 🛠️ Calling force_add_local_model...
[ 2026-05-13 19:34:28 | node_45 | INFO ] ✅ [FORCE] Local model added for round 49. (1/5)
[ 2026-05-13 19:34:28 | node_6 | INFO ] 🧩 Model added for round 48 (8/8) from ['node_11']
[ 2026-05-13 19:34:28 | node_20 | INFO ] 🗣️ Gossiping aggregated model.
[ 2026-05-13 19:34:28 | node_21 | INFO ] 🧩 Model added for round 48 (12/12) from ['node_36']
[ 2026-05-13 19:34:28 | node_22 | INFO ] 🧩 Model added for round 48 (5/5) from ['node_17']
[ 2026-05-13 19:34:28 | node_22 | INFO ] 🧠 Aggregation complete. Setting new model.
[ 2026-05-13 19:34:28 | node_6 | INFO ] 🧠 Aggregation complete. Setting new model.
[ 2026-05-13 19:34:29 | node_5 | INFO ] 🗣️ Gossiping aggregated model.
[ 2026-05-13 19:34:29 | node_14 | INFO ] 🗣️ Gossiping aggregated model.
[ 2026-05-13 19:34:29 | node_25 | INFO ] 🧩 Model added for round 48 (7/9) from ['node_17']
[ 2026-05-13 19:34:29 | node_44 | INFO ] 🧩 Model added for round 48 (13/13) from ['node_21']
[ 2026-05-13 19:34:29 | node_22 | INFO ] 🗣️ Gossiping aggregated model.
[ 2026-05-13 19:34:30 | node_10 | INFO ] 🧩 Model added for round 48 (10/10) from ['node_11']
[ 2026-05-13 19:34:30 | node_6 | INFO ] 🗣️ Gossiping aggregated model.
[ 2026-05-13 19:34:31 | node_25 | INFO ] 🧩 Model added for round 48 (8/9) from ['node_36']
[ 2026-05-13 19:34:31 | node_10 | INFO ] 🧠 Aggregation complete. Setting new model.
[ 2026-05-13 19:34:32 | node_23 | INFO ] ⏹️  Gossiping exited for 50 equal rounds.
[ 2026-05-13 19:34:32 | node_23 | INFO ] 🔬 Evaluating...
[ 2026-05-13 19:34:32 | node_31 | INFO ] 🧩 Model added for round 48 (7/7) from ['node_17']
[ 2026-05-13 19:34:32 | node_23 | INFO ] 📈 Evaluated. Results: {'test_loss': 0.12666700780391693, 'test_acc': 0.9549999833106995, 'test_precision': 0.9553205966949463, 'test_recall': 0.9539353847503662, 'test_f1': 0.9542080760002136, 'communication_cost': 11290188}
[ 2026-05-13 19:34:32 | node_44 | INFO ] 🧠 Aggregation complete. Setting new model.
[ 2026-05-13 19:34:32 | node_23 | INFO ] 📢 Broadcasting metrics.
[ 2026-05-13 19:34:32 | node_43 | INFO ] ⏹️  Gossiping exited for 50 equal rounds.
[ 2026-05-13 19:34:33 | node_12 | INFO ] 🧩 Model added for round 48 (7/7) from ['node_11']
[ 2026-05-13 19:34:33 | node_31 | INFO ] 🧠 Aggregation complete. Setting new model.
[ 2026-05-13 19:34:33 | node_21 | INFO ] 🧠 Aggregation complete. Setting new model.
[ 2026-05-13 19:34:33 | node_12 | INFO ] 🧠 Aggregation complete. Setting new model.
[ 2026-05-13 19:34:33 | node_43 | INFO ] 🔬 Evaluating...
[ 2026-05-13 19:34:33 | node_10 | INFO ] 🗣️ Gossiping aggregated model.
[ 2026-05-13 19:34:33 | node_45 | INFO ] 📤 Sending model to 4 direct neighbors: ['node', 'node_19', 'node_34', 'node_42']
[ 2026-05-13 19:34:33 | node_27 | INFO ] 🧩 Model added for round 48 (9/10) from ['node_36']
[ 2026-05-13 19:34:33 | node_43 | INFO ] 📈 Evaluated. Results: {'test_loss': 0.28625813126564026, 'test_acc': 0.9800000190734863, 'test_precision': 0.9770584106445312, 'test_recall': 0.9784704446792603, 'test_f1': 0.9774601459503174, 'communication_cost': 11290188}
[ 2026-05-13 19:34:33 | node_31 | INFO ] 🗣️ Gossiping aggregated model.
[ 2026-05-13 19:34:33 | node_12 | INFO ] 🗣️ Gossiping aggregated model.
[ 2026-05-13 19:34:33 | node_43 | INFO ] 📢 Broadcasting metrics.
[ 2026-05-13 19:34:34 | node_37 | INFO ] 🧩 Model added for round 48 (11/12) from ['node_17']
[ 2026-05-13 19:34:34 | node_23 | INFO ] 🎉 Round 49 of 50 finished.
[ 2026-05-13 19:34:34 | node_21 | INFO ] 🗣️ Gossiping aggregated model.
[ 2026-05-13 19:34:34 | node_23 | INFO ] 🗳️ [DETERMINISTIC] Train set assigned (No Voting). Size: 50
[ 2026-05-13 19:34:34 | node_13 | INFO ] 🧩 Model added for round 48 (12/12) from ['node_11']
[ 2026-05-13 19:34:34 | node_23 | INFO ] 🏋️‍♀️ Preparing training...
[ 2026-05-13 19:34:35 | node_44 | INFO ] 🗣️ Gossiping aggregated model.
[ 2026-05-13 19:34:36 | node_38 | INFO ] 🧩 Model added for round 48 (13/13) from ['node_36']
[ 2026-05-13 19:34:36 | node_23 | INFO ] 🎓 Training step done.
[ 2026-05-13 19:34:36 | node_23 | INFO ] 🛠️ Calling force_add_local_model...
[ 2026-05-13 19:34:36 | node_23 | INFO ] ✅ [FORCE] Local model added for round 49. (1/4)
[ 2026-05-13 19:34:36 | node_43 | INFO ] 🎉 Round 49 of 50 finished.
[ 2026-05-13 19:34:36 | node_13 | INFO ] 🧠 Aggregation complete. Setting new model.
[ 2026-05-13 19:34:36 | node_38 | INFO ] 🧠 Aggregation complete. Setting new model.
[ 2026-05-13 19:34:36 | node_43 | INFO ] 🗳️ [DETERMINISTIC] Train set assigned (No Voting). Size: 50
[ 2026-05-13 19:34:36 | node_43 | INFO ] 🏋️‍♀️ Preparing training...
[ 2026-05-13 19:34:37 | node_18 | INFO ] 🧩 Model added for round 48 (15/15) from ['node_11']
[ 2026-05-13 19:34:37 | node_46 | INFO ] 🧩 Model added for round 48 (7/7) from ['node_17']
[ 2026-05-13 19:34:37 | node_43 | INFO ] 🎓 Training step done.
[ 2026-05-13 19:34:37 | node_43 | INFO ] 🛠️ Calling force_add_local_model...
[ 2026-05-13 19:34:37 | node_43 | INFO ] ✅ [FORCE] Local model added for round 49. (1/4)
[ 2026-05-13 19:34:37 | node_38 | INFO ] 🗣️ Gossiping aggregated model.
[ 2026-05-13 19:34:37 | node_13 | INFO ] 🗣️ Gossiping aggregated model.
[ 2026-05-13 19:34:38 | node_46 | INFO ] 🧠 Aggregation complete. Setting new model.
[ 2026-05-13 19:34:38 | node_29 | INFO ] 🤫 Gossip finished.
[ 2026-05-13 19:34:38 | node_29 | INFO ] 🔬 Evaluating...
[ 2026-05-13 19:34:39 | node_29 | INFO ] 📈 Evaluated. Results: {'test_loss': 0.24197319149971008, 'test_acc': 0.9549999833106995, 'test_precision': 0.9544529914855957, 'test_recall': 0.9590016007423401, 'test_f1': 0.9554200768470764, 'communication_cost': 41397356}
[ 2026-05-13 19:34:39 | node_39 | INFO ] 🧩 Model added for round 48 (8/8) from ['node_36']
[ 2026-05-13 19:34:39 | node_46 | INFO ] 🗣️ Gossiping aggregated model.
[ 2026-05-13 19:34:39 | node_29 | INFO ] 📢 Broadcasting metrics.
[ 2026-05-13 19:34:40 | node_25 | INFO ] 🧩 Model added for round 48 (9/9) from ['node_11']
[ 2026-05-13 19:34:41 | node_47 | INFO ] 🧩 Model added for round 48 (14/14) from ['node_36']
[ 2026-05-13 19:34:41 | node_8 | INFO ] ⏹️  Gossiping exited for 50 equal rounds.
[ 2026-05-13 19:34:41 | node_23 | INFO ] 📤 Sending model to 3 direct neighbors: ['node_15', 'node_24', 'node_38']
[ 2026-05-13 19:34:41 | node_8 | INFO ] 🔬 Evaluating...
[ 2026-05-13 19:34:42 | node_18 | INFO ] 🧠 Aggregation complete. Setting new model.
[ 2026-05-13 19:34:42 | node_25 | INFO ] 🧠 Aggregation complete. Setting new model.
[ 2026-05-13 19:34:42 | node_17 | INFO ] 🧠 Aggregation complete. Setting new model.
[ 2026-05-13 19:34:42 | node_39 | INFO ] 🧠 Aggregation complete. Setting new model.
[ 2026-05-13 19:34:42 | node_47 | INFO ] 🧠 Aggregation complete. Setting new model.
[ 2026-05-13 19:34:42 | node_8 | INFO ] 📈 Evaluated. Results: {'test_loss': 0.13109280169010162, 'test_acc': 0.9750000238418579, 'test_precision': 0.9780982732772827, 'test_recall': 0.9763128161430359, 'test_f1': 0.9768308997154236, 'communication_cost': 15053584}
[ 2026-05-13 19:34:42 | node_20 | INFO ] 🤫 Gossip finished.
[ 2026-05-13 19:34:42 | node_43 | INFO ] 📤 Sending model to 3 direct neighbors: ['node_10', 'node_15', 'node_29']
[ 2026-05-13 19:34:43 | node_20 | INFO ] 🔬 Evaluating...
[ 2026-05-13 19:34:43 | node_8 | INFO ] 📢 Broadcasting metrics.
[ 2026-05-13 19:34:43 | node_22 | INFO ] 🤫 Gossip finished.
[ 2026-05-13 19:34:43 | node_22 | INFO ] 🔬 Evaluating...
[ 2026-05-13 19:34:43 | node_34 | INFO ] 🤫 Gossip finished.
[ 2026-05-13 19:34:43 | node_39 | INFO ] 🗣️ Gossiping aggregated model.
[ 2026-05-13 19:34:43 | node_27 | INFO ] 🧩 Model added for round 48 (10/10) from ['node_11']
[ 2026-05-13 19:34:43 | node_34 | INFO ] 🔬 Evaluating...
[ 2026-05-13 19:34:43 | node_20 | INFO ] 📈 Evaluated. Results: {'test_loss': 0.1466086357831955, 'test_acc': 0.9800000190734863, 'test_precision': 0.9815475940704346, 'test_recall': 0.9836257696151733, 'test_f1': 0.9819703102111816, 'communication_cost': 15053584}
[ 2026-05-13 19:34:43 | node_25 | INFO ] 🗣️ Gossiping aggregated model.
[ 2026-05-13 19:34:43 | node_17 | INFO ] 🗣️ Gossiping aggregated model.
[ 2026-05-13 19:34:44 | node_20 | INFO ] 📢 Broadcasting metrics.
[ 2026-05-13 19:34:44 | node_22 | INFO ] 📈 Evaluated. Results: {'test_loss': 0.24224317073822021, 'test_acc': 0.9700000286102295, 'test_precision': 0.9703546166419983, 'test_recall': 0.9704000353813171, 'test_f1': 0.9698039889335632, 'communication_cost': 15053584}
[ 2026-05-13 19:34:44 | node_34 | INFO ] 📈 Evaluated. Results: {'test_loss': 0.22834081947803497, 'test_acc': 0.9649999737739563, 'test_precision': 0.961792528629303, 'test_recall': 0.9682345390319824, 'test_f1': 0.9641185998916626, 'communication_cost': 33870564}
[ 2026-05-13 19:34:44 | node_26 | INFO ] 🤫 Gossip finished.
[ 2026-05-13 19:34:44 | node_47 | INFO ] 🗣️ Gossiping aggregated model.
[ 2026-05-13 19:34:44 | node_26 | INFO ] 🔬 Evaluating...
[ 2026-05-13 19:34:44 | node_22 | INFO ] 📢 Broadcasting metrics.
[ 2026-05-13 19:34:44 | node_19 | INFO ] 🤫 Gossip finished.
[ 2026-05-13 19:34:44 | node_19 | INFO ] 🔬 Evaluating...
[ 2026-05-13 19:34:44 | node_8 | INFO ] 🎉 Round 49 of 50 finished.
[ 2026-05-13 19:34:44 | node_18 | INFO ] 🗣️ Gossiping aggregated model.
[ 2026-05-13 19:34:45 | node_8 | INFO ] 🗳️ [DETERMINISTIC] Train set assigned (No Voting). Size: 50
[ 2026-05-13 19:34:45 | node_34 | INFO ] 📢 Broadcasting metrics.
[ 2026-05-13 19:34:45 | node_26 | INFO ] 📈 Evaluated. Results: {'test_loss': 0.08941040188074112, 'test_acc': 0.9700000286102295, 'test_precision': 0.9721152782440186, 'test_recall': 0.9688089489936829, 'test_f1': 0.9701787829399109, 'communication_cost': 26343772}
[ 2026-05-13 19:34:45 | node_8 | INFO ] 🏋️‍♀️ Preparing training...
[ 2026-05-13 19:34:45 | node_30 | INFO ] 🤫 Gossip finished.
[ 2026-05-13 19:34:45 | node_19 | INFO ] 📈 Evaluated. Results: {'test_loss': 0.23450322449207306, 'test_acc': 0.9750000238418579, 'test_precision': 0.970320463180542, 'test_recall': 0.9786522388458252, 'test_f1': 0.9730872511863708, 'communication_cost': 30107168}
[ 2026-05-13 19:34:45 | node_30 | INFO ] 🔬 Evaluating...
[ 2026-05-13 19:34:45 | node_26 | INFO ] 📢 Broadcasting metrics.
[ 2026-05-13 19:34:45 | node_29 | INFO ] 🎉 Round 49 of 50 finished.
[ 2026-05-13 19:34:45 | node_29 | INFO ] 🗳️ [DETERMINISTIC] Train set assigned (No Voting). Size: 50
[ 2026-05-13 19:34:45 | node_30 | INFO ] 📈 Evaluated. Results: {'test_loss': 0.10107353329658508, 'test_acc': 0.9850000143051147, 'test_precision': 0.9847118854522705, 'test_recall': 0.9864286184310913, 'test_f1': 0.9853479266166687, 'communication_cost': 18816980}
[ 2026-05-13 19:34:45 | node_20 | INFO ] 🎉 Round 49 of 50 finished.
[ 2026-05-13 19:34:45 | node_20 | INFO ] 🗳️ [DETERMINISTIC] Train set assigned (No Voting). Size: 50
[ 2026-05-13 19:34:45 | node_19 | INFO ] 📢 Broadcasting metrics.
[ 2026-05-13 19:34:46 | node_37 | INFO ] 🧩 Model added for round 48 (12/12) from ['node_11']
[ 2026-05-13 19:34:46 | node_8 | INFO ] 🎓 Training step done.
[ 2026-05-13 19:34:46 | node_30 | INFO ] 📢 Broadcasting metrics.
[ 2026-05-13 19:34:46 | node_29 | INFO ] ♻️ Proactively processing 1 early models for round 49.
[ 2026-05-13 19:34:46 | node_20 | INFO ] 🏋️‍♀️ Preparing training...
[ 2026-05-13 19:34:46 | node_8 | INFO ] 🛠️ Calling force_add_local_model...
[ 2026-05-13 19:34:46 | node_27 | INFO ] 🧠 Aggregation complete. Setting new model.
[ 2026-05-13 19:34:46 | node_36 | INFO ] 🧠 Aggregation complete. Setting new model.
[ 2026-05-13 19:34:46 | node_37 | INFO ] 🧠 Aggregation complete. Setting new model.
[ 2026-05-13 19:34:46 | node_29 | INFO ] 🧩 Model added for round 49 (1/12) from ['node_43']
[ 2026-05-13 19:34:46 | node_8 | INFO ] ✅ [FORCE] Local model added for round 49. (1/5)
[ 2026-05-13 19:34:46 | node_29 | INFO ] 🏋️‍♀️ Preparing training...
[ 2026-05-13 19:34:46 | node_22 | INFO ] 🎉 Round 49 of 50 finished.
[ 2026-05-13 19:34:46 | node_22 | INFO ] 🗳️ [DETERMINISTIC] Train set assigned (No Voting). Size: 50
[ 2026-05-13 19:34:47 | node_20 | INFO ] 🎓 Training step done.
[ 2026-05-13 19:34:47 | node_3 | INFO ] 🤫 Gossip finished.
[ 2026-05-13 19:34:47 | node_21 | INFO ] 🤫 Gossip finished.
[ 2026-05-13 19:34:47 | node_20 | INFO ] 🛠️ Calling force_add_local_model...
[ 2026-05-13 19:34:47 | node_29 | INFO ] 🎓 Training step done.
[ 2026-05-13 19:34:47 | node_9 | INFO ] 🤫 Gossip finished.
[ 2026-05-13 19:34:47 | node_22 | INFO ] 🏋️‍♀️ Preparing training...
[ 2026-05-13 19:34:47 | node_3 | INFO ] 🔬 Evaluating...
[ 2026-05-13 19:34:47 | node_20 | INFO ] ✅ [FORCE] Local model added for round 49. (1/5)
[ 2026-05-13 19:34:47 | node_29 | INFO ] 🛠️ Calling force_add_local_model...
[ 2026-05-13 19:34:47 | node_21 | INFO ] 🔬 Evaluating...
[ 2026-05-13 19:34:47 | node_29 | INFO ] ✅ [FORCE] Local model added for round 49. (2/12)
[ 2026-05-13 19:34:47 | node_9 | INFO ] 🔬 Evaluating...
[ 2026-05-13 19:34:47 | node_3 | INFO ] 📈 Evaluated. Results: {'test_loss': 0.22671009600162506, 'test_acc': 0.9549999833106995, 'test_precision': 0.9558976888656616, 'test_recall': 0.951388955116272, 'test_f1': 0.9517980217933655, 'communication_cost': 26343772}
[ 2026-05-13 19:34:47 | node_21 | INFO ] 📈 Evaluated. Results: {'test_loss': 0.07841822504997253, 'test_acc': 0.9850000143051147, 'test_precision': 0.9879599213600159, 'test_recall': 0.9833223223686218, 'test_f1': 0.985196053981781, 'communication_cost': 41397356}
[ 2026-05-13 19:34:47 | node_36 | INFO ] 🗣️ Gossiping aggregated model.
[ 2026-05-13 19:34:47 | node_3 | INFO ] 📢 Broadcasting metrics.
[ 2026-05-13 19:34:47 | node_22 | INFO ] 🎓 Training step done.
[ 2026-05-13 19:34:47 | node_9 | INFO ] 📈 Evaluated. Results: {'test_loss': 0.26984477043151855, 'test_acc': 0.9549999833106995, 'test_precision': 0.9550715684890747, 'test_recall': 0.945635199546814, 'test_f1': 0.9488131999969482, 'communication_cost': 22580376}
[ 2026-05-13 19:34:47 | node_21 | INFO ] 📢 Broadcasting metrics.
[ 2026-05-13 19:34:47 | node_36 | INFO ] 🤫 Gossip finished.
[ 2026-05-13 19:34:47 | node_22 | INFO ] 🛠️ Calling force_add_local_model...
[ 2026-05-13 19:34:48 | node_9 | INFO ] 📢 Broadcasting metrics.
[ 2026-05-13 19:34:48 | node_22 | INFO ] ✅ [FORCE] Local model added for round 49. (1/5)
[ 2026-05-13 19:34:48 | node_36 | INFO ] 🔬 Evaluating...
[ 2026-05-13 19:34:48 | node_46 | INFO ] 🤫 Gossip finished.
[ 2026-05-13 19:34:48 | node_27 | INFO ] 🗣️ Gossiping aggregated model.
[ 2026-05-13 19:34:48 | node_37 | INFO ] 🗣️ Gossiping aggregated model.
[ 2026-05-13 19:34:48 | node_46 | INFO ] 🔬 Evaluating...
[ 2026-05-13 19:34:48 | node_36 | INFO ] 📈 Evaluated. Results: {'test_loss': 0.038973335176706314, 'test_acc': 0.9850000143051147, 'test_precision': 0.9863426685333252, 'test_recall': 0.9862223863601685, 'test_f1': 0.9858753681182861, 'communication_cost': 33870564}
[ 2026-05-13 19:34:48 | node_36 | INFO ] 📢 Broadcasting metrics.
[ 2026-05-13 19:34:48 | node_35 | INFO ] 🤫 Gossip finished.
[ 2026-05-13 19:34:48 | node_46 | INFO ] 📈 Evaluated. Results: {'test_loss': 0.17050157487392426, 'test_acc': 0.9700000286102295, 'test_precision': 0.9666563272476196, 'test_recall': 0.9736612439155579, 'test_f1': 0.9692047238349915, 'communication_cost': 22580376}
[ 2026-05-13 19:34:48 | node_11 | INFO ] 🧠 Aggregation complete. Setting new model.
[ 2026-05-13 19:34:48 | node_35 | INFO ] 🔬 Evaluating...
[ 2026-05-13 19:34:48 | node_46 | INFO ] 📢 Broadcasting metrics.
[ 2026-05-13 19:34:49 | node_39 | INFO ] 🤫 Gossip finished.
[ 2026-05-13 19:34:49 | node_35 | INFO ] 📈 Evaluated. Results: {'test_loss': 0.2621939778327942, 'test_acc': 0.9800000190734863, 'test_precision': 0.9774036407470703, 'test_recall': 0.9779049158096313, 'test_f1': 0.9772951006889343, 'communication_cost': 26343772}
[ 2026-05-13 19:34:49 | node_39 | INFO ] 🔬 Evaluating...
[ 2026-05-13 19:34:49 | node_30 | INFO ] 🎉 Round 49 of 50 finished.
[ 2026-05-13 19:34:49 | node_30 | INFO ] 🗳️ [DETERMINISTIC] Train set assigned (No Voting). Size: 50
[ 2026-05-13 19:34:49 | node_30 | INFO ] 🏋️‍♀️ Preparing training...
[ 2026-05-13 19:34:49 | node_26 | INFO ] 🎉 Round 49 of 50 finished.
[ 2026-05-13 19:34:49 | node_26 | INFO ] 🗳️ [DETERMINISTIC] Train set assigned (No Voting). Size: 50
[ 2026-05-13 19:34:49 | node_39 | INFO ] 📈 Evaluated. Results: {'test_loss': 0.2518654465675354, 'test_acc': 0.949999988079071, 'test_precision': 0.9487680196762085, 'test_recall': 0.9436572194099426, 'test_f1': 0.9451026320457458, 'communication_cost': 26343772}
[ 2026-05-13 19:34:49 | node_35 | INFO ] 📢 Broadcasting metrics.
[ 2026-05-13 19:34:50 | node_26 | INFO ] 🏋️‍♀️ Preparing training...
[ 2026-05-13 19:34:50 | node_39 | INFO ] 📢 Broadcasting metrics.
[ 2026-05-13 19:34:50 | node_2 | INFO ] 🤫 Gossip finished.
[ 2026-05-13 19:34:50 | node_34 | INFO ] 🎉 Round 49 of 50 finished.
[ 2026-05-13 19:34:50 | node_30 | INFO ] 🎓 Training step done.
[ 2026-05-13 19:34:50 | node_30 | INFO ] 🛠️ Calling force_add_local_model...
[ 2026-05-13 19:34:50 | node_11 | INFO ] 🗣️ Gossiping aggregated model.
[ 2026-05-13 19:34:50 | node_2 | INFO ] 🔬 Evaluating...
[ 2026-05-13 19:34:50 | node_34 | INFO ] 🗳️ [DETERMINISTIC] Train set assigned (No Voting). Size: 50
[ 2026-05-13 19:34:50 | node_11 | INFO ] 🤫 Gossip finished.
[ 2026-05-13 19:34:50 | node_30 | INFO ] ✅ [FORCE] Local model added for round 49. (1/6)
[ 2026-05-13 19:34:50 | node_25 | INFO ] 🤫 Gossip finished.
[ 2026-05-13 19:34:50 | node_26 | INFO ] 🎓 Training step done.
[ 2026-05-13 19:34:50 | node_26 | INFO ] 🛠️ Calling force_add_local_model...
[ 2026-05-13 19:34:50 | node_11 | INFO ] 🔬 Evaluating...
[ 2026-05-13 19:34:50 | node_34 | INFO ] ♻️ Proactively processing 1 early models for round 49.
[ 2026-05-13 19:34:50 | node_26 | INFO ] ✅ [FORCE] Local model added for round 49. (1/8)
[ 2026-05-13 19:34:50 | node_25 | INFO ] 🔬 Evaluating...
[ 2026-05-13 19:34:50 | node_34 | INFO ] 🧩 Model added for round 49 (1/10) from ['node_45']
[ 2026-05-13 19:34:50 | node_2 | INFO ] 📈 Evaluated. Results: {'test_loss': 0.36431050300598145, 'test_acc': 0.9599999785423279, 'test_precision': 0.9601681232452393, 'test_recall': 0.9637879729270935, 'test_f1': 0.9608705043792725, 'communication_cost': 15053584}
[ 2026-05-13 19:34:50 | node_34 | INFO ] 🏋️‍♀️ Preparing training...
[ 2026-05-13 19:34:50 | node_18 | INFO ] 🤫 Gossip finished.
[ 2026-05-13 19:34:51 | node_2 | INFO ] 📢 Broadcasting metrics.
[ 2026-05-13 19:34:51 | node_19 | INFO ] 🎉 Round 49 of 50 finished.
[ 2026-05-13 19:34:51 | node_11 | INFO ] 📈 Evaluated. Results: {'test_loss': 0.11431963741779327, 'test_acc': 0.9649999737739563, 'test_precision': 0.9661454558372498, 'test_recall': 0.9649974703788757, 'test_f1': 0.9647619724273682, 'communication_cost': 45160752}
[ 2026-05-13 19:34:51 | node_18 | INFO ] 🔬 Evaluating...
[ 2026-05-13 19:34:51 | node_25 | INFO ] 📈 Evaluated. Results: {'test_loss': 0.14323154091835022, 'test_acc': 0.9750000238418579, 'test_precision': 0.9776084423065186, 'test_recall': 0.9738625288009644, 'test_f1': 0.9747957587242126, 'communication_cost': 30107168}
[ 2026-05-13 19:34:51 | node_11 | INFO ] 📢 Broadcasting metrics.
[ 2026-05-13 19:34:51 | node_19 | INFO ] 🗳️ [DETERMINISTIC] Train set assigned (No Voting). Size: 50
[ 2026-05-13 19:34:51 | node_25 | INFO ] 📢 Broadcasting metrics.
[ 2026-05-13 19:34:51 | node_12 | INFO ] 🤫 Gossip finished.
[ 2026-05-13 19:34:51 | node_18 | INFO ] 📈 Evaluated. Results: {'test_loss': 0.18184278905391693, 'test_acc': 0.9700000286102295, 'test_precision': 0.9702125787734985, 'test_recall': 0.9687662720680237, 'test_f1': 0.968841552734375, 'communication_cost': 52687544}
[ 2026-05-13 19:34:51 | node_8 | INFO ] 📤 Sending model to 4 direct neighbors: ['node_3', 'node_15', 'node_29', 'node_37']
[ 2026-05-13 19:34:51 | node_34 | INFO ] 🎓 Training step done.
[ 2026-05-13 19:34:51 | node_19 | INFO ] ♻️ Proactively processing 1 early models for round 49.
[ 2026-05-13 19:34:51 | node_34 | INFO ] 🛠️ Calling force_add_local_model...
[ 2026-05-13 19:34:51 | node_19 | INFO ] 🧩 Model added for round 49 (1/9) from ['node_45']
[ 2026-05-13 19:34:51 | node_12 | INFO ] 🔬 Evaluating...
[ 2026-05-13 19:34:51 | node_19 | INFO ] 🏋️‍♀️ Preparing training...
[ 2026-05-13 19:34:51 | node_34 | INFO ] ✅ [FORCE] Local model added for round 49. (2/10)
[ 2026-05-13 19:34:51 | node_18 | INFO ] 📢 Broadcasting metrics.
[ 2026-05-13 19:34:51 | node_9 | INFO ] 🎉 Round 49 of 50 finished.
[ 2026-05-13 19:34:51 | node_9 | INFO ] 🗳️ [DETERMINISTIC] Train set assigned (No Voting). Size: 50
[ 2026-05-13 19:34:52 | node_12 | INFO ] 📈 Evaluated. Results: {'test_loss': 0.6893638372421265, 'test_acc': 0.9350000023841858, 'test_precision': 0.9379332065582275, 'test_recall': 0.9327612519264221, 'test_f1': 0.9327841401100159, 'communication_cost': 22580376}
[ 2026-05-13 19:34:52 | node_12 | INFO ] 📢 Broadcasting metrics.
[ 2026-05-13 19:34:52 | node_3 | INFO ] 🎉 Round 49 of 50 finished.
[ 2026-05-13 19:34:52 | node_9 | INFO ] 🏋️‍♀️ Preparing training...
[ 2026-05-13 19:34:52 | node_3 | INFO ] 🗳️ [DETERMINISTIC] Train set assigned (No Voting). Size: 50
[ 2026-05-13 19:34:52 | node_19 | INFO ] 🎓 Training step done.
[ 2026-05-13 19:34:52 | node_20 | INFO ] 📤 Sending model to 4 direct neighbors: ['node_5', 'node_17', 'node_38', 'node_46']
[ 2026-05-13 19:34:52 | node_19 | INFO ] 🛠️ Calling force_add_local_model...
[ 2026-05-13 19:34:52 | node_46 | INFO ] 🎉 Round 49 of 50 finished.
[ 2026-05-13 19:34:52 | node_29 | INFO ] 📤 Sending model to 11 direct neighbors: ['node_7', 'node_8', 'node_10', 'node_19', 'node_21', 'node_35', 'node_38', 'node_40', 'node_42', 'node_43', 'node_44']
[ 2026-05-13 19:34:52 | node_19 | INFO ] ✅ [FORCE] Local model added for round 49. (2/9)
[ 2026-05-13 19:34:52 | node_3 | INFO ] ♻️ Proactively processing 1 early models for round 49.
[ 2026-05-13 19:34:52 | node_46 | INFO ] 🗳️ [DETERMINISTIC] Train set assigned (No Voting). Size: 50
[ 2026-05-13 19:34:52 | node_3 | INFO ] 🧩 Model added for round 49 (1/8) from ['node_8']
[ 2026-05-13 19:34:53 | node_3 | INFO ] 🏋️‍♀️ Preparing training...
[ 2026-05-13 19:34:53 | node_9 | INFO ] 🎓 Training step done.
[ 2026-05-13 19:34:53 | node_22 | INFO ] 📤 Sending model to 4 direct neighbors: ['node_5', 'node_17', 'node_19', 'node_24']
[ 2026-05-13 19:34:53 | node_9 | INFO ] 🛠️ Calling force_add_local_model...
[ 2026-05-13 19:34:53 | node_29 | INFO ] 🧩 Model added for round 49 (3/12) from ['node_8']
[ 2026-05-13 19:34:53 | node_46 | INFO ] 🏋️‍♀️ Preparing training...
[ 2026-05-13 19:34:53 | node_9 | INFO ] ✅ [FORCE] Local model added for round 49. (1/7)
[ 2026-05-13 19:34:53 | node_3 | INFO ] 🎓 Training step done.
[ 2026-05-13 19:34:54 | node_3 | INFO ] 🛠️ Calling force_add_local_model...
[ 2026-05-13 19:34:54 | node_46 | INFO ] 🎓 Training step done.
[ 2026-05-13 19:34:54 | node_8 | INFO ] 🧩 Model added for round 49 (2/5) from ['node_29']
[ 2026-05-13 19:34:54 | node_46 | INFO ] 🛠️ Calling force_add_local_model...
[ 2026-05-13 19:34:54 | node_3 | INFO ] ✅ [FORCE] Local model added for round 49. (2/8)
[ 2026-05-13 19:34:54 | node_46 | INFO ] ✅ [FORCE] Local model added for round 49. (1/7)
[ 2026-05-13 19:34:54 | node_2 | INFO ] 🎉 Round 49 of 50 finished.
[ 2026-05-13 19:34:54 | node_19 | INFO ] 🧩 Model added for round 49 (3/9) from ['node_22']
[ 2026-05-13 19:34:54 | node_46 | INFO ] 🧩 Model added for round 49 (2/7) from ['node_20']
[ 2026-05-13 19:34:54 | node_2 | INFO ] 🗳️ [DETERMINISTIC] Train set assigned (No Voting). Size: 50
[ 2026-05-13 19:34:55 | node_2 | INFO ] 🏋️‍♀️ Preparing training...
[ 2026-05-13 19:34:55 | node_36 | INFO ] 🎉 Round 49 of 50 finished.
[ 2026-05-13 19:34:55 | node_35 | INFO ] 🎉 Round 49 of 50 finished.
[ 2026-05-13 19:34:55 | node_36 | INFO ] 🗳️ [DETERMINISTIC] Train set assigned (No Voting). Size: 50
[ 2026-05-13 19:34:55 | node_21 | INFO ] 🎉 Round 49 of 50 finished.
[ 2026-05-13 19:34:55 | node_35 | INFO ] 🗳️ [DETERMINISTIC] Train set assigned (No Voting). Size: 50
[ 2026-05-13 19:34:55 | node_21 | INFO ] 🗳️ [DETERMINISTIC] Train set assigned (No Voting). Size: 50
[ 2026-05-13 19:34:55 | node_2 | INFO ] 🎓 Training step done.
[ 2026-05-13 19:34:55 | node_19 | INFO ] 🧩 Model added for round 49 (4/9) from ['node_29']
[ 2026-05-13 19:34:55 | node_36 | INFO ] 🏋️‍♀️ Preparing training...
[ 2026-05-13 19:34:55 | node_35 | INFO ] 🏋️‍♀️ Preparing training...
[ 2026-05-13 19:34:55 | node_2 | INFO ] 🛠️ Calling force_add_local_model...
[ 2026-05-13 19:34:55 | node_30 | INFO ] 📤 Sending model to 5 direct neighbors: ['node_1', 'node_9', 'node_14', 'node_18', 'node_44']
[ 2026-05-13 19:34:55 | node_2 | INFO ] ✅ [FORCE] Local model added for round 49. (1/5)
[ 2026-05-13 19:34:55 | node_39 | INFO ] 🎉 Round 49 of 50 finished.
[ 2026-05-13 19:34:55 | node_21 | INFO ] 🏋️‍♀️ Preparing training...
[ 2026-05-13 19:34:55 | node_26 | INFO ] 📤 Sending model to 7 direct neighbors: ['node_4', 'node_7', 'node_13', 'node_14', 'node_16', 'node_38', 'node_47']
[ 2026-05-13 19:34:55 | node_39 | INFO ] 🗳️ [DETERMINISTIC] Train set assigned (No Voting). Size: 50
[ 2026-05-13 19:34:56 | node_39 | INFO ] 🏋️‍♀️ Preparing training...
[ 2026-05-13 19:34:56 | node_35 | INFO ] 🎓 Training step done.
[ 2026-05-13 19:34:56 | node_36 | INFO ] 🎓 Training step done.
[ 2026-05-13 19:34:56 | node_35 | INFO ] 🛠️ Calling force_add_local_model...
[ 2026-05-13 19:34:56 | node_21 | INFO ] 🎓 Training step done.
[ 2026-05-13 19:34:56 | node_36 | INFO ] 🛠️ Calling force_add_local_model...
[ 2026-05-13 19:34:56 | node_35 | INFO ] ✅ [FORCE] Local model added for round 49. (1/8)
[ 2026-05-13 19:34:56 | node_21 | INFO ] 🛠️ Calling force_add_local_model...
[ 2026-05-13 19:34:56 | node_36 | INFO ] ✅ [FORCE] Local model added for round 49. (1/10)
[ 2026-05-13 19:34:56 | node_21 | INFO ] ✅ [FORCE] Local model added for round 49. (1/12)
[ 2026-05-13 19:34:56 | node_34 | INFO ] 📤 Sending model to 9 direct neighbors: ['node', 'node_2', 'node_4', 'node_10', 'node_12', 'node_33', 'node_42', 'node_45', 'node_47']
[ 2026-05-13 19:34:56 | node_9 | INFO ] 🧩 Model added for round 49 (2/7) from ['node_30']
[ 2026-05-13 19:34:57 | node_39 | INFO ] 🎓 Training step done.
[ 2026-05-13 19:34:57 | node_39 | INFO ] 🛠️ Calling force_add_local_model...
[ 2026-05-13 19:34:57 | node_39 | INFO ] ✅ [FORCE] Local model added for round 49. (1/8)
[ 2026-05-13 19:34:57 | node_12 | INFO ] 🎉 Round 49 of 50 finished.
[ 2026-05-13 19:34:57 | node_41 | INFO ] ⏹️  Gossiping exited for 50 equal rounds.
[ 2026-05-13 19:34:57 | node_12 | INFO ] 🗳️ [DETERMINISTIC] Train set assigned (No Voting). Size: 50
[ 2026-05-13 19:34:57 | node_19 | INFO ] 📤 Sending model to 8 direct neighbors: ['node_5', 'node_18', 'node_22', 'node_29', 'node_33', 'node_42', 'node_45', 'node_47']
[ 2026-05-13 19:34:57 | node_12 | INFO ] 🏋️‍♀️ Preparing training...
[ 2026-05-13 19:34:57 | node_41 | INFO ] 🔬 Evaluating...
[ 2026-05-13 19:34:57 | node_25 | INFO ] 🎉 Round 49 of 50 finished.
[ 2026-05-13 19:34:57 | node_21 | INFO ] 🧩 Model added for round 49 (2/12) from ['node_29']
[ 2026-05-13 19:34:57 | node_2 | INFO ] 🧩 Model added for round 49 (2/5) from ['node_34']
[ 2026-05-13 19:34:57 | node_25 | INFO ] 🗳️ [DETERMINISTIC] Train set assigned (No Voting). Size: 50
[ 2026-05-13 19:34:58 | node_32 | INFO ] ⏹️  Gossiping exited for 50 equal rounds.
[ 2026-05-13 19:34:58 | node_41 | INFO ] 📈 Evaluated. Results: {'test_loss': 0.24617800116539001, 'test_acc': 0.9599999785423279, 'test_precision': 0.9651950597763062, 'test_recall': 0.9573593139648438, 'test_f1': 0.9585385322570801, 'communication_cost': 22580376}
[ 2026-05-13 19:34:58 | node_25 | INFO ] 🏋️‍♀️ Preparing training...
[ 2026-05-13 19:34:58 | node_41 | INFO ] 📢 Broadcasting metrics.
[ 2026-05-13 19:34:58 | node_12 | INFO ] 🎓 Training step done.
[ 2026-05-13 19:34:58 | node_32 | INFO ] 🔬 Evaluating...
[ 2026-05-13 19:34:58 | node_12 | INFO ] 🛠️ Calling force_add_local_model...
[ 2026-05-13 19:34:58 | node_12 | INFO ] ✅ [FORCE] Local model added for round 49. (1/7)
[ 2026-05-13 19:34:58 | node_25 | INFO ] 🎓 Training step done.
[ 2026-05-13 19:34:58 | node_9 | INFO ] 📤 Sending model to 6 direct neighbors: ['node_13', 'node_27', 'node_30', 'node_36', 'node_37', 'node_38']
[ 2026-05-13 19:34:58 | node_25 | INFO ] 🛠️ Calling force_add_local_model...
[ 2026-05-13 19:34:58 | node_32 | INFO ] 📈 Evaluated. Results: {'test_loss': 0.30289003252983093, 'test_acc': 0.9700000286102295, 'test_precision': 0.9678881764411926, 'test_recall': 0.9752857685089111, 'test_f1': 0.9705919623374939, 'communication_cost': 15053584}
[ 2026-05-13 19:34:58 | node_25 | INFO ] ✅ [FORCE] Local model added for round 49. (1/9)
[ 2026-05-13 19:34:58 | node_32 | INFO ] 📢 Broadcasting metrics.
[ 2026-05-13 19:34:59 | node_22 | INFO ] 🧩 Model added for round 49 (2/5) from ['node_19']
[ 2026-05-13 19:34:59 | node_3 | INFO ] 📤 Sending model to 7 direct neighbors: ['node_6', 'node_8', 'node_18', 'node_33', 'node_37', 'node_42', 'node_47']
[ 2026-05-13 19:34:59 | node_46 | INFO ] 📤 Sending model to 6 direct neighbors: ['node_1', 'node_4', 'node_17', 'node_20', 'node_37', 'node_42']
[ 2026-05-13 19:34:59 | node_12 | INFO ] 🧩 Model added for round 49 (2/7) from ['node_34']
[ 2026-05-13 19:35:00 | node_30 | INFO ] 🧩 Model added for round 49 (2/6) from ['node_9']
[ 2026-05-13 19:35:00 | node_35 | INFO ] 🧩 Model added for round 49 (2/8) from ['node_29']
[ 2026-05-13 19:35:00 | node_11 | INFO ] 🎉 Round 49 of 50 finished.
[ 2026-05-13 19:35:00 | node_8 | INFO ] 🧩 Model added for round 49 (3/5) from ['node_3']
[ 2026-05-13 19:35:00 | node_29 | INFO ] 🧩 Model added for round 49 (4/12) from ['node_19']
[ 2026-05-13 19:35:00 | node_11 | INFO ] 🗳️ [DETERMINISTIC] Train set assigned (No Voting). Size: 50
[ 2026-05-13 19:35:00 | node_11 | INFO ] 🏋️‍♀️ Preparing training...
[ 2026-05-13 19:35:00 | node_2 | INFO ] 📤 Sending model to 4 direct neighbors: ['node_11', 'node_27', 'node_33', 'node_34']
[ 2026-05-13 19:35:01 | node_20 | INFO ] 🧩 Model added for round 49 (2/5) from ['node_46']
[ 2026-05-13 19:35:01 | node_11 | INFO ] 🎓 Training step done.
[ 2026-05-13 19:35:01 | node_40 | INFO ] ⏹️  Gossiping exited for 50 equal rounds.
[ 2026-05-13 19:35:01 | node_11 | INFO ] 🛠️ Calling force_add_local_model...
[ 2026-05-13 19:35:01 | node_11 | INFO ] 🧩 Model added for round 49 (1/13) from ['node_2']
[ 2026-05-13 19:35:01 | node_36 | INFO ] 🧩 Model added for round 49 (2/10) from ['node_9']
[ 2026-05-13 19:35:01 | node_11 | INFO ] ✅ [FORCE] Local model added for round 49. (2/13)
[ 2026-05-13 19:35:01 | node_40 | INFO ] 🔬 Evaluating...
[ 2026-05-13 19:35:01 | node_35 | INFO ] 📤 Sending model to 7 direct neighbors: ['node_13', 'node_14', 'node_18', 'node_28', 'node_29', 'node_37', 'node_47']
[ 2026-05-13 19:35:01 | node_36 | INFO ] 📤 Sending model to 9 direct neighbors: ['node_9', 'node_12', 'node_14', 'node_21', 'node_25', 'node_27', 'node_38', 'node_39', 'node_47']
[ 2026-05-13 19:35:01 | node_21 | INFO ] 📤 Sending model to 11 direct neighbors: ['node_5', 'node_14', 'node_15', 'node_16', 'node_17', 'node_25', 'node_29', 'node_31', 'node_36', 'node_38', 'node_44']
[ 2026-05-13 19:35:01 | node_32 | INFO ] 🎉 Round 49 of 50 finished.
[ 2026-05-13 19:35:02 | node_40 | INFO ] 📈 Evaluated. Results: {'test_loss': 0.039152782410383224, 'test_acc': 0.9850000143051147, 'test_precision': 0.9847253561019897, 'test_recall': 0.9880370497703552, 'test_f1': 0.9861228466033936, 'communication_cost': 26343772}
[ 2026-05-13 19:35:02 | node_32 | INFO ] 🗳️ [DETERMINISTIC] Train set assigned (No Voting). Size: 50
[ 2026-05-13 19:35:02 | node_40 | INFO ] 📢 Broadcasting metrics.
[ 2026-05-13 19:35:02 | node_39 | INFO ] 📤 Sending model to 7 direct neighbors: ['node_7', 'node_10', 'node_16', 'node_28', 'node_33', 'node_36', 'node_44']
[ 2026-05-13 19:35:02 | node_18 | INFO ] 🎉 Round 49 of 50 finished.
[ 2026-05-13 19:35:02 | node_9 | INFO ] 🧩 Model added for round 49 (3/7) from ['node_36']
[ 2026-05-13 19:35:02 | node_32 | INFO ] ♻️ Proactively processing 1 early models for round 49.
[ 2026-05-13 19:35:02 | node_32 | INFO ] 🧩 Model added for round 49 (1/5) from ['node_49']
[ 2026-05-13 19:35:02 | node_45 | INFO ] 🧩 Model added for round 49 (2/5) from ['node_34']
[ 2026-05-13 19:35:02 | node_18 | INFO ] 🗳️ [DETERMINISTIC] Train set assigned (No Voting). Size: 50
[ 2026-05-13 19:35:02 | node_32 | INFO ] 🏋️‍♀️ Preparing training...
[ 2026-05-13 19:35:03 | node_18 | INFO ] ♻️ Proactively processing 3 early models for round 49.
[ 2026-05-13 19:35:03 | node_41 | INFO ] 🎉 Round 49 of 50 finished.
[ 2026-05-13 19:35:03 | node_18 | INFO ] 🧩 Model added for round 49 (1/15) from ['node_19']
[ 2026-05-13 19:35:03 | node_18 | INFO ] 🧩 Model added for round 49 (2/15) from ['node_30']
[ 2026-05-13 19:35:03 | node_41 | INFO ] 🗳️ [DETERMINISTIC] Train set assigned (No Voting). Size: 50
[ 2026-05-13 19:35:03 | node_18 | INFO ] 🧩 Model added for round 49 (3/15) from ['node_3']
[ 2026-05-13 19:35:03 | node_32 | INFO ] 🎓 Training step done.
[ 2026-05-13 19:35:03 | node_12 | INFO ] 📤 Sending model to 6 direct neighbors: ['node_4', 'node_11', 'node_24', 'node_34', 'node_36', 'node_37']
[ 2026-05-13 19:35:03 | node_18 | INFO ] 🏋️‍♀️ Preparing training...
[ 2026-05-13 19:35:03 | node_18 | INFO ] 🧩 Model added for round 49 (4/15) from ['node_35']
[ 2026-05-13 19:35:03 | node_32 | INFO ] 🛠️ Calling force_add_local_model...
[ 2026-05-13 19:35:03 | node_41 | INFO ] ♻️ Proactively processing 1 early models for round 49.
[ 2026-05-13 19:35:03 | node_32 | INFO ] ✅ [FORCE] Local model added for round 49. (2/5)
[ 2026-05-13 19:35:03 | node_41 | INFO ] 🧩 Model added for round 49 (1/7) from ['node_49']
[ 2026-05-13 19:35:03 | node_25 | INFO ] 📤 Sending model to 8 direct neighbors: ['node_11', 'node_17', 'node_18', 'node_21', 'node_28', 'node_33', 'node_36', 'node_47']
[ 2026-05-13 19:35:03 | node_43 | INFO ] 🧩 Model added for round 49 (2/4) from ['node_29']
[ 2026-05-13 19:35:03 | node_41 | INFO ] 🏋️‍♀️ Preparing training...
[ 2026-05-13 19:35:04 | node_18 | INFO ] 🎓 Training step done.
[ 2026-05-13 19:35:04 | node_18 | INFO ] 🛠️ Calling force_add_local_model...
[ 2026-05-13 19:35:04 | node_18 | INFO ] ✅ [FORCE] Local model added for round 49. (5/15)
[ 2026-05-13 19:35:04 | node_11 | INFO ] 🧩 Model added for round 49 (3/13) from ['node_25']
[ 2026-05-13 19:35:04 | node_41 | INFO ] 🎓 Training step done.
[ 2026-05-13 19:35:04 | node_12 | INFO ] 🧩 Model added for round 49 (3/7) from ['node_36']
[ 2026-05-13 19:35:04 | node_45 | INFO ] 🧩 Model added for round 49 (3/5) from ['node_19']
[ 2026-05-13 19:35:04 | node_41 | INFO ] 🛠️ Calling force_add_local_model...
[ 2026-05-13 19:35:04 | node_11 | INFO ] 🧩 Model added for round 49 (4/13) from ['node_12']
[ 2026-05-13 19:35:04 | node_41 | INFO ] ✅ [FORCE] Local model added for round 49. (2/7)
[ 2026-05-13 19:35:05 | node_25 | INFO ] 🧩 Model added for round 49 (2/9) from ['node_21']
[ 2026-05-13 19:35:05 | node_36 | INFO ] 🧩 Model added for round 49 (3/10) from ['node_39']
[ 2026-05-13 19:35:06 | node_34 | INFO ] 🧩 Model added for round 49 (3/10) from ['node_2']
[ 2026-05-13 19:35:06 | node_11 | INFO ] 📤 Sending model to 12 direct neighbors: ['node', 'node_2', 'node_4', 'node_5', 'node_6', 'node_10', 'node_12', 'node_13', 'node_18', 'node_25', 'node_27', 'node_37']
[ 2026-05-13 19:35:07 | node_21 | INFO ] 🧩 Model added for round 49 (3/12) from ['node_36']
[ 2026-05-13 19:35:07 | node_29 | INFO ] 🧩 Model added for round 49 (5/12) from ['node_35']
[ 2026-05-13 19:35:07 | node_29 | INFO ] 🧩 Model added for round 49 (6/12) from ['node_21']
[ 2026-05-13 19:35:07 | node_2 | INFO ] 🧩 Model added for round 49 (3/5) from ['node_11']
[ 2026-05-13 19:35:07 | node_18 | INFO ] 🧩 Model added for round 49 (6/15) from ['node_25']
[ 2026-05-13 19:35:08 | node_40 | INFO ] 🎉 Round 49 of 50 finished.
[ 2026-05-13 19:35:08 | node_34 | INFO ] 🧩 Model added for round 49 (4/10) from ['node_12']
[ 2026-05-13 19:35:08 | node_40 | INFO ] 🗳️ [DETERMINISTIC] Train set assigned (No Voting). Size: 50
[ 2026-05-13 19:35:08 | node_40 | INFO ] ♻️ Proactively processing 2 early models for round 49.
[ 2026-05-13 19:35:08 | node_40 | INFO ] 🧩 Model added for round 49 (1/8) from ['node_49']
[ 2026-05-13 19:35:08 | node_40 | INFO ] 🧩 Model added for round 49 (2/8) from ['node_29']
[ 2026-05-13 19:35:08 | node_40 | INFO ] 🏋️‍♀️ Preparing training...
[ 2026-05-13 19:35:08 | node_32 | INFO ] 📤 Sending model to 4 direct neighbors: ['node_1', 'node_16', 'node_44', 'node_49']
[ 2026-05-13 19:35:09 | node_25 | INFO ] 🧩 Model added for round 49 (3/9) from ['node_36']
[ 2026-05-13 19:35:09 | node_40 | INFO ] 🎓 Training step done.
[ 2026-05-13 19:35:09 | node_40 | INFO ] 🛠️ Calling force_add_local_model...
[ 2026-05-13 19:35:09 | node_40 | INFO ] ✅ [FORCE] Local model added for round 49. (3/8)
[ 2026-05-13 19:35:09 | node_18 | INFO ] 📤 Sending model to 14 direct neighbors: ['node_3', 'node_5', 'node_7', 'node_11', 'node_13', 'node_16', 'node_19', 'node_24', 'node_25', 'node_30', 'node_33', 'node_35', 'node_44', 'node_47']
[ 2026-05-13 19:35:09 | node_36 | INFO ] 🧩 Model added for round 49 (4/10) from ['node_12']
[ 2026-05-13 19:35:10 | node_36 | INFO ] 🧩 Model added for round 49 (5/10) from ['node_21']
[ 2026-05-13 19:35:10 | node_41 | INFO ] 📤 Sending model to 6 direct neighbors: ['node_6', 'node_15', 'node_16', 'node_27', 'node_31', 'node_49']
[ 2026-05-13 19:35:10 | node_3 | INFO ] 🧩 Model added for round 49 (3/8) from ['node_18']
[ 2026-05-13 19:35:10 | node_12 | INFO ] 🧩 Model added for round 49 (4/7) from ['node_11']
[ 2026-05-13 19:35:10 | node_21 | INFO ] 🧩 Model added for round 49 (4/12) from ['node_25']
[ 2026-05-13 19:35:10 | node_49 | INFO ] 🧩 Model added for round 49 (2/6) from ['node_32']
[ 2026-05-13 19:35:11 | node_39 | INFO ] 🧩 Model added for round 49 (2/8) from ['node_36']
[ 2026-05-13 19:35:12 | node_18 | INFO ] 🧩 Model added for round 49 (7/15) from ['node_11']
[ 2026-05-13 19:35:12 | node_49 | INFO ] 🧩 Model added for round 49 (3/6) from ['node_41']
[ 2026-05-13 19:35:12 | node_11 | INFO ] 🧩 Model added for round 49 (5/13) from ['node_18']
[ 2026-05-13 19:35:13 | node_36 | INFO ] 🧩 Model added for round 49 (6/10) from ['node_25']
[ 2026-05-13 19:35:14 | node_40 | INFO ] 📤 Sending model to 7 direct neighbors: ['node', 'node_4', 'node_29', 'node_31', 'node_37', 'node_48', 'node_49']
[ 2026-05-13 19:35:14 | node_25 | INFO ] 🧩 Model added for round 49 (4/9) from ['node_11']
[ 2026-05-13 19:35:15 | node_19 | INFO ] 🧩 Model added for round 49 (5/9) from ['node_18']
[ 2026-05-13 19:35:15 | node_29 | INFO ] 🧩 Model added for round 49 (7/12) from ['node_40']
[ 2026-05-13 19:35:17 | node_25 | INFO ] 🧩 Model added for round 49 (5/9) from ['node_18']
[ 2026-05-13 19:35:18 | node_49 | INFO ] 🧩 Model added for round 49 (4/6) from ['node_40']
[ 2026-05-13 19:35:19 | node_30 | INFO ] 🧩 Model added for round 49 (3/6) from ['node_18']
[ 2026-05-13 19:35:21 | node_35 | INFO ] 🧩 Model added for round 49 (3/8) from ['node_18']
[ 2026-05-13 19:35:25 | node_1 | INFO ] ⏹️  Gossiping exited for 50 equal rounds.
[ 2026-05-13 19:35:26 | node_1 | INFO ] 🔬 Evaluating...
[ 2026-05-13 19:35:26 | node_1 | INFO ] 📈 Evaluated. Results: {'test_loss': 0.24625907838344574, 'test_acc': 0.9800000190734863, 'test_precision': 0.9808104038238525, 'test_recall': 0.9790166616439819, 'test_f1': 0.9796711206436157, 'communication_cost': 30107168}
[ 2026-05-13 19:35:26 | node_1 | INFO ] 📢 Broadcasting metrics.
[ 2026-05-13 19:35:30 | node_1 | INFO ] 🎉 Round 49 of 50 finished.
[ 2026-05-13 19:35:30 | node_1 | INFO ] 🗳️ [DETERMINISTIC] Train set assigned (No Voting). Size: 50
[ 2026-05-13 19:35:30 | node_1 | INFO ] ♻️ Proactively processing 3 early models for round 49.
[ 2026-05-13 19:35:30 | node_1 | INFO ] 🧩 Model added for round 49 (1/9) from ['node_30']
[ 2026-05-13 19:35:30 | node_1 | INFO ] 🧩 Model added for round 49 (2/9) from ['node_46']
[ 2026-05-13 19:35:30 | node_1 | INFO ] 🧩 Model added for round 49 (3/9) from ['node_32']
[ 2026-05-13 19:35:30 | node_1 | INFO ] 🏋️‍♀️ Preparing training...
[ 2026-05-13 19:35:31 | node_1 | INFO ] 🎓 Training step done.
[ 2026-05-13 19:35:31 | node_1 | INFO ] 🛠️ Calling force_add_local_model...
[ 2026-05-13 19:35:31 | node_1 | INFO ] ✅ [FORCE] Local model added for round 49. (4/9)
[ 2026-05-13 19:35:36 | node_1 | INFO ] 📤 Sending model to 8 direct neighbors: ['node_4', 'node_5', 'node_27', 'node_30', 'node_32', 'node_42', 'node_44', 'node_46']
[ 2026-05-13 19:35:37 | node_30 | INFO ] 🧩 Model added for round 49 (4/6) from ['node_1']
[ 2026-05-13 19:35:38 | node_32 | INFO ] 🧩 Model added for round 49 (3/5) from ['node_1']
[ 2026-05-13 19:35:40 | node_46 | INFO ] 🧩 Model added for round 49 (3/7) from ['node_1']
[ 2026-05-13 19:35:58 | node_16 | INFO ] ⏹️  Gossiping exited for 50 equal rounds.
[ 2026-05-13 19:35:58 | node_16 | INFO ] 🔬 Evaluating...
[ 2026-05-13 19:35:58 | node_16 | INFO ] 📈 Evaluated. Results: {'test_loss': 0.40475258231163025, 'test_acc': 0.9599999785423279, 'test_precision': 0.9525821208953857, 'test_recall': 0.9611358046531677, 'test_f1': 0.9555045366287231, 'communication_cost': 45160752}
[ 2026-05-13 19:35:59 | node_16 | INFO ] 📢 Broadcasting metrics.
[ 2026-05-13 19:36:03 | node_33 | INFO ] ⏹️  Gossiping exited for 50 equal rounds.
[ 2026-05-13 19:36:03 | node_33 | INFO ] 🔬 Evaluating...
[ 2026-05-13 19:36:03 | node_33 | INFO ] 📈 Evaluated. Results: {'test_loss': 0.20955295860767365, 'test_acc': 0.9549999833106995, 'test_precision': 0.9558632373809814, 'test_recall': 0.954785943031311, 'test_f1': 0.9528007507324219, 'communication_cost': 37633960}
[ 2026-05-13 19:36:03 | node_33 | INFO ] 📢 Broadcasting metrics.
[ 2026-05-13 19:36:05 | node_16 | INFO ] 🎉 Round 49 of 50 finished.
[ 2026-05-13 19:36:05 | node_16 | INFO ] 🗳️ [DETERMINISTIC] Train set assigned (No Voting). Size: 50
[ 2026-05-13 19:36:05 | node_16 | INFO ] ♻️ Proactively processing 6 early models for round 49.
[ 2026-05-13 19:36:05 | node_16 | INFO ] 🧩 Model added for round 49 (1/13) from ['node_26']
[ 2026-05-13 19:36:05 | node_16 | INFO ] 🧩 Model added for round 49 (2/13) from ['node_39']
[ 2026-05-13 19:36:05 | node_16 | INFO ] 🧩 Model added for round 49 (3/13) from ['node_21']
[ 2026-05-13 19:36:05 | node_16 | INFO ] 🧩 Model added for round 49 (4/13) from ['node_32']
[ 2026-05-13 19:36:06 | node_16 | INFO ] 🧩 Model added for round 49 (5/13) from ['node_41']
[ 2026-05-13 19:36:06 | node_16 | INFO ] 🧩 Model added for round 49 (6/13) from ['node_18']
[ 2026-05-13 19:36:06 | node_16 | INFO ] 🏋️‍♀️ Preparing training...
[ 2026-05-13 19:36:06 | node_16 | INFO ] 🎓 Training step done.
[ 2026-05-13 19:36:06 | node_16 | INFO ] 🛠️ Calling force_add_local_model...
[ 2026-05-13 19:36:06 | node_16 | INFO ] ✅ [FORCE] Local model added for round 49. (7/13)
[ 2026-05-13 19:36:09 | node_33 | INFO ] 🎉 Round 49 of 50 finished.
[ 2026-05-13 19:36:09 | node_33 | INFO ] 🗳️ [DETERMINISTIC] Train set assigned (No Voting). Size: 50
[ 2026-05-13 19:36:09 | node_33 | INFO ] ♻️ Proactively processing 7 early models for round 49.
[ 2026-05-13 19:36:09 | node_33 | INFO ] 🧩 Model added for round 49 (1/11) from ['node_34']
[ 2026-05-13 19:36:09 | node_14 | INFO ] ⏹️  Gossiping exited for 50 equal rounds.
[ 2026-05-13 19:36:09 | node_33 | INFO ] 🧩 Model added for round 49 (2/11) from ['node_3']
[ 2026-05-13 19:36:09 | node_33 | INFO ] 🧩 Model added for round 49 (3/11) from ['node_19']
[ 2026-05-13 19:36:09 | node_33 | INFO ] 🧩 Model added for round 49 (4/11) from ['node_39']
[ 2026-05-13 19:36:09 | node_33 | INFO ] 🧩 Model added for round 49 (5/11) from ['node_2']
[ 2026-05-13 19:36:09 | node_14 | INFO ] 🔬 Evaluating...
[ 2026-05-13 19:36:09 | node_33 | INFO ] 🧩 Model added for round 49 (6/11) from ['node_25']
[ 2026-05-13 19:36:09 | node_33 | INFO ] 🧩 Model added for round 49 (7/11) from ['node_18']
[ 2026-05-13 19:36:09 | node_33 | INFO ] 🏋️‍♀️ Preparing training...
[ 2026-05-13 19:36:09 | node_14 | INFO ] 📈 Evaluated. Results: {'test_loss': 0.13844697177410126, 'test_acc': 0.9700000286102295, 'test_precision': 0.9714022278785706, 'test_recall': 0.9752583503723145, 'test_f1': 0.9725559949874878, 'communication_cost': 33870564}
[ 2026-05-13 19:36:10 | node_14 | INFO ] 📢 Broadcasting metrics.
[ 2026-05-13 19:36:10 | node_33 | INFO ] 🎓 Training step done.
[ 2026-05-13 19:36:10 | node_33 | INFO ] 🛠️ Calling force_add_local_model...
[ 2026-05-13 19:36:10 | node_33 | INFO ] ✅ [FORCE] Local model added for round 49. (8/11)
[ 2026-05-13 19:36:11 | node_16 | INFO ] 📤 Sending model to 12 direct neighbors: ['node_5', 'node_6', 'node_18', 'node_21', 'node_24', 'node_26', 'node_28', 'node_32', 'node_39', 'node_41', 'node_42', 'node_48']
[ 2026-05-13 19:36:12 | node_18 | INFO ] 🧩 Model added for round 49 (8/15) from ['node_16']
[ 2026-05-13 19:36:13 | node_4 | INFO ] ⏹️  Gossiping exited for 50 equal rounds.
[ 2026-05-13 19:36:13 | node_4 | INFO ] 🔬 Evaluating...
[ 2026-05-13 19:36:13 | node_4 | INFO ] 📈 Evaluated. Results: {'test_loss': 0.06267615407705307, 'test_acc': 0.9850000143051147, 'test_precision': 0.9868946671485901, 'test_recall': 0.9878404140472412, 'test_f1': 0.9870212078094482, 'communication_cost': 33870564}
[ 2026-05-13 19:36:13 | node_4 | INFO ] 📢 Broadcasting metrics.
[ 2026-05-13 19:36:14 | node_14 | INFO ] 🎉 Round 49 of 50 finished.
[ 2026-05-13 19:36:15 | node_14 | INFO ] 🗳️ [DETERMINISTIC] Train set assigned (No Voting). Size: 50
[ 2026-05-13 19:36:15 | node_21 | INFO ] 🧩 Model added for round 49 (5/12) from ['node_16']
[ 2026-05-13 19:36:15 | node_14 | INFO ] ♻️ Proactively processing 5 early models for round 49.
[ 2026-05-13 19:36:15 | node_14 | INFO ] 🧩 Model added for round 49 (1/10) from ['node_26']
[ 2026-05-13 19:36:15 | node_14 | INFO ] 🧩 Model added for round 49 (2/10) from ['node_30']
[ 2026-05-13 19:36:15 | node_33 | INFO ] 📤 Sending model to 10 direct neighbors: ['node_2', 'node_3', 'node_13', 'node_14', 'node_18', 'node_19', 'node_24', 'node_25', 'node_34', 'node_39']
[ 2026-05-13 19:36:15 | node_14 | INFO ] 🧩 Model added for round 49 (3/10) from ['node_35']
[ 2026-05-13 19:36:15 | node_14 | INFO ] 🧩 Model added for round 49 (4/10) from ['node_21']
[ 2026-05-13 19:36:15 | node_14 | INFO ] 🧩 Model added for round 49 (5/10) from ['node_36']
[ 2026-05-13 19:36:15 | node_14 | INFO ] 🏋️‍♀️ Preparing training...
[ 2026-05-13 19:36:15 | node_2 | INFO ] 🧩 Model added for round 49 (4/5) from ['node_33']
[ 2026-05-13 19:36:16 | node_14 | INFO ] 🎓 Training step done.
[ 2026-05-13 19:36:16 | node_14 | INFO ] 🛠️ Calling force_add_local_model...
[ 2026-05-13 19:36:16 | node_14 | INFO ] ✅ [FORCE] Local model added for round 49. (6/10)
[ 2026-05-13 19:36:16 | node_3 | INFO ] 🧩 Model added for round 49 (4/8) from ['node_33']
[ 2026-05-13 19:36:16 | node_7 | INFO ] ⏹️  Gossiping exited for 50 equal rounds.
[ 2026-05-13 19:36:16 | node_7 | INFO ] 🔬 Evaluating...
[ 2026-05-13 19:36:17 | node_26 | INFO ] 🧩 Model added for round 49 (2/8) from ['node_16']
[ 2026-05-13 19:36:17 | node_7 | INFO ] 📈 Evaluated. Results: {'test_loss': 0.30983731150627136, 'test_acc': 0.9750000238418579, 'test_precision': 0.9816138744354248, 'test_recall': 0.9713941812515259, 'test_f1': 0.9754489660263062, 'communication_cost': 30107168}
[ 2026-05-13 19:36:17 | node_7 | INFO ] 📢 Broadcasting metrics.
[ 2026-05-13 19:36:18 | node_14 | INFO ] 🧩 Model added for round 49 (7/10) from ['node_33']
[ 2026-05-13 19:36:18 | node_28 | INFO ] ⏹️  Gossiping exited for 50 equal rounds.
[ 2026-05-13 19:36:18 | node_4 | INFO ] 🎉 Round 49 of 50 finished.
[ 2026-05-13 19:36:18 | node_28 | INFO ] 🔬 Evaluating...
[ 2026-05-13 19:36:18 | node_4 | INFO ] 🗳️ [DETERMINISTIC] Train set assigned (No Voting). Size: 50
[ 2026-05-13 19:36:19 | node_4 | INFO ] ♻️ Proactively processing 7 early models for round 49.
[ 2026-05-13 19:36:19 | node_4 | INFO ] 🧩 Model added for round 49 (1/10) from ['node_26']
[ 2026-05-13 19:36:19 | node_28 | INFO ] 📈 Evaluated. Results: {'test_loss': 0.2358095496892929, 'test_acc': 0.9649999737739563, 'test_precision': 0.9693796634674072, 'test_recall': 0.9583401679992676, 'test_f1': 0.9622012376785278, 'communication_cost': 33870564}
[ 2026-05-13 19:36:19 | node_32 | INFO ] 🧩 Model added for round 49 (4/5) from ['node_16']
[ 2026-05-13 19:36:19 | node_4 | INFO ] 🧩 Model added for round 49 (2/10) from ['node_34']
[ 2026-05-13 19:36:19 | node_28 | INFO ] 📢 Broadcasting metrics.
[ 2026-05-13 19:36:19 | node_4 | INFO ] 🧩 Model added for round 49 (3/10) from ['node_46']
[ 2026-05-13 19:36:19 | node_4 | INFO ] 🧩 Model added for round 49 (4/10) from ['node_12']
[ 2026-05-13 19:36:19 | node_4 | INFO ] 🧩 Model added for round 49 (5/10) from ['node_11']
[ 2026-05-13 19:36:19 | node_4 | INFO ] 🧩 Model added for round 49 (6/10) from ['node_40']
[ 2026-05-13 19:36:19 | node_4 | INFO ] 🧩 Model added for round 49 (7/10) from ['node_1']
[ 2026-05-13 19:36:19 | node_4 | INFO ] 🏋️‍♀️ Preparing training...
[ 2026-05-13 19:36:19 | node_39 | INFO ] 🧩 Model added for round 49 (3/8) from ['node_16']
[ 2026-05-13 19:36:19 | node_18 | INFO ] 🧩 Model added for round 49 (9/15) from ['node_33']
[ 2026-05-13 19:36:19 | node_4 | INFO ] 🎓 Training step done.
[ 2026-05-13 19:36:19 | node_4 | INFO ] 🛠️ Calling force_add_local_model...
[ 2026-05-13 19:36:20 | node_4 | INFO ] ✅ [FORCE] Local model added for round 49. (8/10)
[ 2026-05-13 19:36:21 | node_41 | INFO ] 🧩 Model added for round 49 (3/7) from ['node_16']
[ 2026-05-13 19:36:21 | node_14 | INFO ] 📤 Sending model to 9 direct neighbors: ['node', 'node_10', 'node_21', 'node_26', 'node_30', 'node_33', 'node_35', 'node_36', 'node_47']
[ 2026-05-13 19:36:21 | node_7 | INFO ] 🎉 Round 49 of 50 finished.
[ 2026-05-13 19:36:21 | node_7 | INFO ] 🗳️ [DETERMINISTIC] Train set assigned (No Voting). Size: 50
[ 2026-05-13 19:36:21 | node_7 | INFO ] ♻️ Proactively processing 5 early models for round 49.
[ 2026-05-13 19:36:22 | node_7 | INFO ] 🧩 Model added for round 49 (1/9) from ['node_49']
[ 2026-05-13 19:36:22 | node_7 | INFO ] 🧩 Model added for round 49 (2/9) from ['node_29']
[ 2026-05-13 19:36:22 | node_7 | INFO ] 🧩 Model added for round 49 (3/9) from ['node_26']
[ 2026-05-13 19:36:22 | node_7 | INFO ] 🧩 Model added for round 49 (4/9) from ['node_39']
[ 2026-05-13 19:36:22 | node_7 | INFO ] 🧩 Model added for round 49 (5/9) from ['node_18']
[ 2026-05-13 19:36:22 | node_19 | INFO ] 🧩 Model added for round 49 (6/9) from ['node_33']
[ 2026-05-13 19:36:22 | node_7 | INFO ] 🏋️‍♀️ Preparing training...
[ 2026-05-13 19:36:22 | node_21 | INFO ] 🧩 Model added for round 49 (6/12) from ['node_14']
[ 2026-05-13 19:36:22 | node_7 | INFO ] 🎓 Training step done.
[ 2026-05-13 19:36:23 | node_7 | INFO ] 🛠️ Calling force_add_local_model...
[ 2026-05-13 19:36:23 | node_7 | INFO ] ✅ [FORCE] Local model added for round 49. (6/9)
[ 2026-05-13 19:36:23 | node_28 | INFO ] 🎉 Round 49 of 50 finished.
[ 2026-05-13 19:36:23 | node_28 | INFO ] 🗳️ [DETERMINISTIC] Train set assigned (No Voting). Size: 50
[ 2026-05-13 19:36:23 | node_25 | INFO ] 🧩 Model added for round 49 (6/9) from ['node_33']
[ 2026-05-13 19:36:24 | node_28 | INFO ] ♻️ Proactively processing 4 early models for round 49.
[ 2026-05-13 19:36:24 | node_28 | INFO ] 🧩 Model added for round 49 (1/10) from ['node_39']
[ 2026-05-13 19:36:24 | node_28 | INFO ] 🧩 Model added for round 49 (2/10) from ['node_35']
[ 2026-05-13 19:36:24 | node_28 | INFO ] 🧩 Model added for round 49 (3/10) from ['node_25']
[ 2026-05-13 19:36:24 | node_28 | INFO ] 🧩 Model added for round 49 (4/10) from ['node_16']
[ 2026-05-13 19:36:24 | node_28 | INFO ] 🏋️‍♀️ Preparing training...
[ 2026-05-13 19:36:24 | node_26 | INFO ] 🧩 Model added for round 49 (3/8) from ['node_14']
[ 2026-05-13 19:36:24 | node_28 | INFO ] 🎓 Training step done.
[ 2026-05-13 19:36:24 | node_28 | INFO ] 🛠️ Calling force_add_local_model...
[ 2026-05-13 19:36:24 | node_28 | INFO ] ✅ [FORCE] Local model added for round 49. (5/10)
[ 2026-05-13 19:36:25 | node_34 | INFO ] 🧩 Model added for round 49 (5/10) from ['node_33']
[ 2026-05-13 19:36:25 | node_4 | INFO ] 📤 Sending model to 9 direct neighbors: ['node_1', 'node_11', 'node_12', 'node_26', 'node_28', 'node_34', 'node_40', 'node_44', 'node_46']
[ 2026-05-13 19:36:25 | node_1 | INFO ] 🧩 Model added for round 49 (5/9) from ['node_4']
[ 2026-05-13 19:36:25 | node_30 | INFO ] 🧩 Model added for round 49 (5/6) from ['node_14']
[ 2026-05-13 19:36:27 | node_39 | INFO ] 🧩 Model added for round 49 (4/8) from ['node_33']
[ 2026-05-13 19:36:27 | node_33 | INFO ] 🧩 Model added for round 49 (9/11) from ['node_14']
[ 2026-05-13 19:36:27 | node_11 | INFO ] 🧩 Model added for round 49 (6/13) from ['node_4']
[ 2026-05-13 19:36:28 | node_35 | INFO ] 🧩 Model added for round 49 (4/8) from ['node_14']
[ 2026-05-13 19:36:28 | node_7 | INFO ] 📤 Sending model to 8 direct neighbors: ['node_5', 'node_6', 'node_18', 'node_26', 'node_29', 'node_38', 'node_39', 'node_49']
[ 2026-05-13 19:36:28 | node_12 | INFO ] 🧩 Model added for round 49 (5/7) from ['node_4']
[ 2026-05-13 19:36:29 | node_18 | INFO ] 🧩 Model added for round 49 (10/15) from ['node_7']
[ 2026-05-13 19:36:29 | node_36 | INFO ] 🧩 Model added for round 49 (7/10) from ['node_14']
[ 2026-05-13 19:36:29 | node_26 | INFO ] 🧩 Model added for round 49 (4/8) from ['node_4']
[ 2026-05-13 19:36:29 | node_28 | INFO ] 📤 Sending model to 9 direct neighbors: ['node_4', 'node_15', 'node_16', 'node_24', 'node_25', 'node_35', 'node_38', 'node_39', 'node_47']
[ 2026-05-13 19:36:30 | node_4 | INFO ] 🧩 Model added for round 49 (9/10) from ['node_28']
[ 2026-05-13 19:36:30 | node_28 | INFO ] 🧩 Model added for round 49 (6/10) from ['node_4']
[ 2026-05-13 19:36:31 | node_26 | INFO ] 🧩 Model added for round 49 (5/8) from ['node_7']
[ 2026-05-13 19:36:31 | node_17 | INFO ] ⏹️  Gossiping exited for 50 equal rounds.
[ 2026-05-13 19:36:31 | node_16 | INFO ] 🧩 Model added for round 49 (8/13) from ['node_28']
[ 2026-05-13 19:36:31 | node_17 | INFO ] 🔬 Evaluating...
[ 2026-05-13 19:36:31 | node_34 | INFO ] 🧩 Model added for round 49 (6/10) from ['node_4']
[ 2026-05-13 19:36:31 | node_17 | INFO ] 📈 Evaluated. Results: {'test_loss': 0.23578597605228424, 'test_acc': 0.9700000286102295, 'test_precision': 0.9688364267349243, 'test_recall': 0.9686060547828674, 'test_f1': 0.967571496963501, 'communication_cost': 30107168}
[ 2026-05-13 19:36:32 | node_17 | INFO ] 📢 Broadcasting metrics.
[ 2026-05-13 19:36:32 | node_29 | INFO ] 🧩 Model added for round 49 (8/12) from ['node_7']
[ 2026-05-13 19:36:33 | node_40 | INFO ] 🧩 Model added for round 49 (4/8) from ['node_4']
[ 2026-05-13 19:36:33 | node_25 | INFO ] 🧩 Model added for round 49 (7/9) from ['node_28']
[ 2026-05-13 19:36:34 | node_39 | INFO ] 🧩 Model added for round 49 (5/8) from ['node_7']
[ 2026-05-13 19:36:34 | node_46 | INFO ] 🧩 Model added for round 49 (4/7) from ['node_4']
[ 2026-05-13 19:36:34 | node_35 | INFO ] 🧩 Model added for round 49 (5/8) from ['node_28']
[ 2026-05-13 19:36:35 | node_49 | INFO ] 🧩 Model added for round 49 (5/6) from ['node_7']
[ 2026-05-13 19:36:35 | node_6 | INFO ] ⏹️  Gossiping exited for 50 equal rounds.
[ 2026-05-13 19:36:35 | node_6 | INFO ] 🔬 Evaluating...
[ 2026-05-13 19:36:35 | node_6 | INFO ] 📈 Evaluated. Results: {'test_loss': 0.24322059750556946, 'test_acc': 0.9800000190734863, 'test_precision': 0.9780701994895935, 'test_recall': 0.9755212664604187, 'test_f1': 0.9764837622642517, 'communication_cost': 26343772}
[ 2026-05-13 19:36:36 | node_17 | INFO ] 🎉 Round 49 of 50 finished.
[ 2026-05-13 19:36:36 | node_6 | INFO ] 📢 Broadcasting metrics.
[ 2026-05-13 19:36:36 | node_17 | INFO ] 🗳️ [DETERMINISTIC] Train set assigned (No Voting). Size: 50
[ 2026-05-13 19:36:36 | node_17 | INFO ] ♻️ Proactively processing 5 early models for round 49.
[ 2026-05-13 19:36:36 | node_17 | INFO ] 🧩 Model added for round 49 (1/9) from ['node_20']
[ 2026-05-13 19:36:36 | node_17 | INFO ] 🧩 Model added for round 49 (2/9) from ['node_22']
[ 2026-05-13 19:36:36 | node_17 | INFO ] 🧩 Model added for round 49 (3/9) from ['node_46']
[ 2026-05-13 19:36:36 | node_17 | INFO ] 🧩 Model added for round 49 (4/9) from ['node_21']
[ 2026-05-13 19:36:36 | node_17 | INFO ] 🧩 Model added for round 49 (5/9) from ['node_25']
[ 2026-05-13 19:36:36 | node_39 | INFO ] 🧩 Model added for round 49 (6/8) from ['node_28']
[ 2026-05-13 19:36:36 | node_17 | INFO ] 🏋️‍♀️ Preparing training...
[ 2026-05-13 19:36:37 | node_17 | INFO ] 🎓 Training step done.
[ 2026-05-13 19:36:37 | node_17 | INFO ] 🛠️ Calling force_add_local_model...
[ 2026-05-13 19:36:37 | node_17 | INFO ] ✅ [FORCE] Local model added for round 49. (6/9)
[ 2026-05-13 19:36:38 | node_6 | INFO ] 🎉 Round 49 of 50 finished.
[ 2026-05-13 19:36:38 | node_24 | INFO ] ⏹️  Gossiping exited for 50 equal rounds.
[ 2026-05-13 19:36:38 | node_6 | INFO ] 🗳️ [DETERMINISTIC] Train set assigned (No Voting). Size: 50
[ 2026-05-13 19:36:38 | node_24 | INFO ] 🔬 Evaluating...
[ 2026-05-13 19:36:39 | node_6 | INFO ] ♻️ Proactively processing 5 early models for round 49.
[ 2026-05-13 19:36:39 | node_6 | INFO ] 🧩 Model added for round 49 (1/8) from ['node_3']
[ 2026-05-13 19:36:39 | node_6 | INFO ] 🧩 Model added for round 49 (2/8) from ['node_11']
[ 2026-05-13 19:36:39 | node_6 | INFO ] 🧩 Model added for round 49 (3/8) from ['node_41']
[ 2026-05-13 19:36:39 | node_24 | INFO ] 📈 Evaluated. Results: {'test_loss': 0.03461715579032898, 'test_acc': 0.9850000143051147, 'test_precision': 0.9835197925567627, 'test_recall': 0.9855398535728455, 'test_f1': 0.9843041300773621, 'communication_cost': 33870564}
[ 2026-05-13 19:36:39 | node_6 | INFO ] 🧩 Model added for round 49 (4/8) from ['node_16']
[ 2026-05-13 19:36:39 | node_6 | INFO ] 🧩 Model added for round 49 (5/8) from ['node_7']
[ 2026-05-13 19:36:39 | node_24 | INFO ] 📢 Broadcasting metrics.
[ 2026-05-13 19:36:39 | node_6 | INFO ] 🏋️‍♀️ Preparing training...
[ 2026-05-13 19:36:40 | node_6 | INFO ] 🎓 Training step done.
[ 2026-05-13 19:36:40 | node_6 | INFO ] 🛠️ Calling force_add_local_model...
[ 2026-05-13 19:36:40 | node_6 | INFO ] ✅ [FORCE] Local model added for round 49. (6/8)
[ 2026-05-13 19:36:42 | node_17 | INFO ] 📤 Sending model to 8 direct neighbors: ['node_5', 'node_20', 'node_21', 'node_22', 'node_25', 'node_31', 'node_37', 'node_46']
[ 2026-05-13 19:36:43 | node_20 | INFO ] 🧩 Model added for round 49 (3/5) from ['node_17']
[ 2026-05-13 19:36:43 | node_15 | INFO ] ⏹️  Gossiping exited for 50 equal rounds.
[ 2026-05-13 19:36:43 | node_24 | INFO ] 🎉 Round 49 of 50 finished.
[ 2026-05-13 19:36:43 | node_15 | INFO ] 🔬 Evaluating...
[ 2026-05-13 19:36:43 | node_24 | INFO ] 🗳️ [DETERMINISTIC] Train set assigned (No Voting). Size: 50
[ 2026-05-13 19:36:43 | node_24 | INFO ] ♻️ Proactively processing 7 early models for round 49.
[ 2026-05-13 19:36:43 | node_24 | INFO ] 🧩 Model added for round 49 (1/10) from ['node_23']
[ 2026-05-13 19:36:43 | node_24 | INFO ] 🧩 Model added for round 49 (2/10) from ['node_22']
[ 2026-05-13 19:36:44 | node_15 | INFO ] 📈 Evaluated. Results: {'test_loss': 0.8493129014968872, 'test_acc': 0.925000011920929, 'test_precision': 0.9254351854324341, 'test_recall': 0.9258297681808472, 'test_f1': 0.9243287444114685, 'communication_cost': 33870564}
[ 2026-05-13 19:36:44 | node_24 | INFO ] 🧩 Model added for round 49 (3/10) from ['node_12']
[ 2026-05-13 19:36:44 | node_24 | INFO ] 🧩 Model added for round 49 (4/10) from ['node_18']
[ 2026-05-13 19:36:44 | node_15 | INFO ] 📢 Broadcasting metrics.
[ 2026-05-13 19:36:44 | node_24 | INFO ] 🧩 Model added for round 49 (5/10) from ['node_16']
[ 2026-05-13 19:36:44 | node_24 | INFO ] 🧩 Model added for round 49 (6/10) from ['node_33']
[ 2026-05-13 19:36:44 | node_24 | INFO ] 🧩 Model added for round 49 (7/10) from ['node_28']
[ 2026-05-13 19:36:44 | node_24 | INFO ] 🏋️‍♀️ Preparing training...
[ 2026-05-13 19:36:44 | node_21 | INFO ] 🧩 Model added for round 49 (7/12) from ['node_17']
[ 2026-05-13 19:36:45 | node_24 | INFO ] 🎓 Training step done.
[ 2026-05-13 19:36:45 | node_24 | INFO ] 🛠️ Calling force_add_local_model...
[ 2026-05-13 19:36:45 | node_24 | INFO ] ✅ [FORCE] Local model added for round 49. (8/10)
[ 2026-05-13 19:36:45 | node_6 | INFO ] 📤 Sending model to 7 direct neighbors: ['node_3', 'node_7', 'node_10', 'node_11', 'node_16', 'node_38', 'node_41']
[ 2026-05-13 19:36:45 | node_3 | INFO ] 🧩 Model added for round 49 (5/8) from ['node_6']
[ 2026-05-13 19:36:46 | node_22 | INFO ] 🧩 Model added for round 49 (3/5) from ['node_17']
[ 2026-05-13 19:36:47 | node_7 | INFO ] 🧩 Model added for round 49 (7/9) from ['node_6']
[ 2026-05-13 19:36:47 | node_25 | INFO ] 🧩 Model added for round 49 (8/9) from ['node_17']
[ 2026-05-13 19:36:48 | node_15 | INFO ] 🎉 Round 49 of 50 finished.
[ 2026-05-13 19:36:48 | node_11 | INFO ] 🧩 Model added for round 49 (7/13) from ['node_6']
[ 2026-05-13 19:36:48 | node_15 | INFO ] 🗳️ [DETERMINISTIC] Train set assigned (No Voting). Size: 50
[ 2026-05-13 19:36:49 | node_15 | INFO ] ♻️ Proactively processing 7 early models for round 49.
[ 2026-05-13 19:36:49 | node_15 | INFO ] 🧩 Model added for round 49 (1/10) from ['node_49']
[ 2026-05-13 19:36:49 | node_15 | INFO ] 🧩 Model added for round 49 (2/10) from ['node_23']
[ 2026-05-13 19:36:49 | node_15 | INFO ] 🧩 Model added for round 49 (3/10) from ['node_43']
[ 2026-05-13 19:36:49 | node_15 | INFO ] 🧩 Model added for round 49 (4/10) from ['node_8']
[ 2026-05-13 19:36:49 | node_15 | INFO ] 🧩 Model added for round 49 (5/10) from ['node_21']
[ 2026-05-13 19:36:49 | node_15 | INFO ] 🧩 Model added for round 49 (6/10) from ['node_41']
[ 2026-05-13 19:36:49 | node_15 | INFO ] 🧩 Model added for round 49 (7/10) from ['node_28']
[ 2026-05-13 19:36:49 | node_15 | INFO ] 🏋️‍♀️ Preparing training...
[ 2026-05-13 19:36:49 | node_46 | INFO ] 🧩 Model added for round 49 (5/7) from ['node_17']
[ 2026-05-13 19:36:49 | node_15 | INFO ] 🎓 Training step done.
[ 2026-05-13 19:36:49 | node_15 | INFO ] 🛠️ Calling force_add_local_model...
[ 2026-05-13 19:36:49 | node_15 | INFO ] ✅ [FORCE] Local model added for round 49. (8/10)
[ 2026-05-13 19:36:50 | node_42 | INFO ] ⏹️  Gossiping exited for 50 equal rounds.
[ 2026-05-13 19:36:50 | node_42 | INFO ] 🔬 Evaluating...
[ 2026-05-13 19:36:50 | node_24 | INFO ] 📤 Sending model to 9 direct neighbors: ['node_12', 'node_16', 'node_18', 'node_22', 'node_23', 'node_27', 'node_28', 'node_33', 'node_44']
[ 2026-05-13 19:36:50 | node_16 | INFO ] 🧩 Model added for round 49 (9/13) from ['node_6']
[ 2026-05-13 19:36:50 | node_42 | INFO ] 📈 Evaluated. Results: {'test_loss': 0.33278197050094604, 'test_acc': 0.9599999785423279, 'test_precision': 0.963147759437561, 'test_recall': 0.9592353701591492, 'test_f1': 0.9601978063583374, 'communication_cost': 45160752}
[ 2026-05-13 19:36:50 | node_42 | INFO ] 📢 Broadcasting metrics.
[ 2026-05-13 19:36:50 | node_12 | INFO ] 🧩 Model added for round 49 (6/7) from ['node_24']
[ 2026-05-13 19:36:51 | node_16 | INFO ] 🧩 Model added for round 49 (10/13) from ['node_24']
[ 2026-05-13 19:36:52 | node_41 | INFO ] 🧩 Model added for round 49 (4/7) from ['node_6']
[ 2026-05-13 19:36:53 | node_18 | INFO ] 🧩 Model added for round 49 (11/15) from ['node_24']
[ 2026-05-13 19:36:54 | node_22 | INFO ] 🧩 Model added for round 49 (4/5) from ['node_24']
[ 2026-05-13 19:36:55 | node_15 | INFO ] 📤 Sending model to 9 direct neighbors: ['node', 'node_8', 'node_13', 'node_21', 'node_23', 'node_28', 'node_41', 'node_43', 'node_49']
[ 2026-05-13 19:36:55 | node_42 | INFO ] 🎉 Round 49 of 50 finished.
[ 2026-05-13 19:36:55 | node_42 | INFO ] 🗳️ [DETERMINISTIC] Train set assigned (No Voting). Size: 50
[ 2026-05-13 19:36:55 | node_23 | INFO ] 🧩 Model added for round 49 (2/4) from ['node_24']
[ 2026-05-13 19:36:55 | node_42 | INFO ] ♻️ Proactively processing 8 early models for round 49.
[ 2026-05-13 19:36:55 | node_8 | INFO ] 🧩 Model added for round 49 (4/5) from ['node_15']
[ 2026-05-13 19:36:55 | node_42 | INFO ] 🧩 Model added for round 49 (1/13) from ['node_45']
[ 2026-05-13 19:36:55 | node_42 | INFO ] 🧩 Model added for round 49 (2/13) from ['node_34']
[ 2026-05-13 19:36:55 | node_42 | INFO ] 🧩 Model added for round 49 (3/13) from ['node_29']
[ 2026-05-13 19:36:55 | node_42 | INFO ] 🧩 Model added for round 49 (4/13) from ['node_3']
[ 2026-05-13 19:36:55 | node_42 | INFO ] 🧩 Model added for round 49 (5/13) from ['node_46']
[ 2026-05-13 19:36:56 | node_42 | INFO ] 🧩 Model added for round 49 (6/13) from ['node_19']
[ 2026-05-13 19:36:56 | node_42 | INFO ] 🧩 Model added for round 49 (7/13) from ['node_1']
[ 2026-05-13 19:36:56 | node_42 | INFO ] 🧩 Model added for round 49 (8/13) from ['node_16']
[ 2026-05-13 19:36:56 | node_42 | INFO ] 🏋️‍♀️ Preparing training...
[ 2026-05-13 19:36:56 | node_42 | INFO ] 🎓 Training step done.
[ 2026-05-13 19:36:56 | node_28 | INFO ] 🧩 Model added for round 49 (7/10) from ['node_24']
[ 2026-05-13 19:36:56 | node_42 | INFO ] 🛠️ Calling force_add_local_model...
[ 2026-05-13 19:36:56 | node_42 | INFO ] ✅ [FORCE] Local model added for round 49. (9/13)
[ 2026-05-13 19:36:57 | node_21 | INFO ] 🧩 Model added for round 49 (8/12) from ['node_15']
[ 2026-05-13 19:36:57 | node_33 | INFO ] 🧩 Model added for round 49 (10/11) from ['node_24']
[ 2026-05-13 19:36:58 | node_23 | INFO ] 🧩 Model added for round 49 (3/4) from ['node_15']
[ 2026-05-13 19:36:58 | node_28 | INFO ] 🧩 Model added for round 49 (8/10) from ['node_15']
[ 2026-05-13 19:37:00 | node_41 | INFO ] 🧩 Model added for round 49 (5/7) from ['node_15']
[ 2026-05-13 19:37:01 | node_43 | INFO ] 🧩 Model added for round 49 (3/4) from ['node_15']
[ 2026-05-13 19:37:01 | node_49 | INFO ] 🧩 Model added for round 49 (6/6) from ['node_15']
[ 2026-05-13 19:37:02 | node_42 | INFO ] 📤 Sending model to 12 direct neighbors: ['node', 'node_1', 'node_3', 'node_16', 'node_19', 'node_29', 'node_34', 'node_37', 'node_38', 'node_45', 'node_46', 'node_47']
[ 2026-05-13 19:37:02 | node_49 | INFO ] 🧠 Aggregation complete. Setting new model.
[ 2026-05-13 19:37:03 | node_1 | INFO ] 🧩 Model added for round 49 (6/9) from ['node_42']
[ 2026-05-13 19:37:03 | node_49 | INFO ] 🗣️ Gossiping aggregated model.
[ 2026-05-13 19:37:04 | node_3 | INFO ] 🧩 Model added for round 49 (6/8) from ['node_42']
[ 2026-05-13 19:37:05 | node_16 | INFO ] 🧩 Model added for round 49 (11/13) from ['node_42']
[ 2026-05-13 19:37:05 | node | INFO ] ⏹️  Gossiping exited for 50 equal rounds.
[ 2026-05-13 19:37:05 | node_37 | INFO ] ⏹️  Gossiping exited for 50 equal rounds.
[ 2026-05-13 19:37:05 | node | INFO ] 🔬 Evaluating...
[ 2026-05-13 19:37:05 | node_37 | INFO ] 🔬 Evaluating...
[ 2026-05-13 19:37:05 | node | INFO ] 📈 Evaluated. Results: {'test_loss': 0.20354638993740082, 'test_acc': 0.9649999737739563, 'test_precision': 0.9619171619415283, 'test_recall': 0.9657106995582581, 'test_f1': 0.9630619287490845, 'communication_cost': 37633960}
[ 2026-05-13 19:37:05 | node | INFO ] 📢 Broadcasting metrics.
[ 2026-05-13 19:37:05 | node_37 | INFO ] 📈 Evaluated. Results: {'test_loss': 0.05177135393023491, 'test_acc': 0.9900000095367432, 'test_precision': 0.9878677129745483, 'test_recall': 0.9891535043716431, 'test_f1': 0.9881534576416016, 'communication_cost': 41397356}
[ 2026-05-13 19:37:05 | node_37 | INFO ] 📢 Broadcasting metrics.
[ 2026-05-13 19:37:06 | node_19 | INFO ] 🧩 Model added for round 49 (7/9) from ['node_42']
[ 2026-05-13 19:37:07 | node_13 | INFO ] ⏹️  Gossiping exited for 50 equal rounds.
[ 2026-05-13 19:37:07 | node_31 | INFO ] ⏹️  Gossiping exited for 50 equal rounds.
[ 2026-05-13 19:37:07 | node_13 | INFO ] 🔬 Evaluating...
[ 2026-05-13 19:37:07 | node_31 | INFO ] 🔬 Evaluating...
[ 2026-05-13 19:37:07 | node_13 | INFO ] 📈 Evaluated. Results: {'test_loss': 0.14377343654632568, 'test_acc': 0.9599999785423279, 'test_precision': 0.9611153602600098, 'test_recall': 0.9637660980224609, 'test_f1': 0.9616252183914185, 'communication_cost': 41397356}
[ 2026-05-13 19:37:07 | node_29 | INFO ] 🧩 Model added for round 49 (9/12) from ['node_42']
[ 2026-05-13 19:37:07 | node_13 | INFO ] 📢 Broadcasting metrics.
[ 2026-05-13 19:37:08 | node_31 | INFO ] 📈 Evaluated. Results: {'test_loss': 0.19204181432724, 'test_acc': 0.9750000238418579, 'test_precision': 0.9748956561088562, 'test_recall': 0.9736520648002625, 'test_f1': 0.9738866686820984, 'communication_cost': 22580376}
[ 2026-05-13 19:37:08 | node_10 | INFO ] ⏹️  Gossiping exited for 50 equal rounds.
[ 2026-05-13 19:37:08 | node_31 | INFO ] 📢 Broadcasting metrics.
[ 2026-05-13 19:37:08 | node_10 | INFO ] 🔬 Evaluating...
[ 2026-05-13 19:37:08 | node_10 | INFO ] 📈 Evaluated. Results: {'test_loss': 0.15583522617816925, 'test_acc': 0.9700000286102295, 'test_precision': 0.9743334054946899, 'test_recall': 0.9718910455703735, 'test_f1': 0.9721091985702515, 'communication_cost': 33870564}
[ 2026-05-13 19:37:08 | node_10 | INFO ] 📢 Broadcasting metrics.
[ 2026-05-13 19:37:09 | node_34 | INFO ] 🧩 Model added for round 49 (7/10) from ['node_42']
[ 2026-05-13 19:37:09 | node | INFO ] 🎉 Round 49 of 50 finished.
[ 2026-05-13 19:37:10 | node | INFO ] 🗳️ [DETERMINISTIC] Train set assigned (No Voting). Size: 50
[ 2026-05-13 19:37:10 | node | INFO ] ♻️ Proactively processing 7 early models for round 49.
[ 2026-05-13 19:37:10 | node | INFO ] 🧩 Model added for round 49 (1/11) from ['node_45']
[ 2026-05-13 19:37:10 | node | INFO ] 🧩 Model added for round 49 (2/11) from ['node_34']
[ 2026-05-13 19:37:10 | node_37 | INFO ] 🎉 Round 49 of 50 finished.
[ 2026-05-13 19:37:10 | node | INFO ] 🧩 Model added for round 49 (3/11) from ['node_11']
[ 2026-05-13 19:37:10 | node | INFO ] 🧩 Model added for round 49 (4/11) from ['node_40']
[ 2026-05-13 19:37:10 | node_37 | INFO ] 🗳️ [DETERMINISTIC] Train set assigned (No Voting). Size: 50
[ 2026-05-13 19:37:10 | node | INFO ] 🧩 Model added for round 49 (5/11) from ['node_14']
[ 2026-05-13 19:37:10 | node | INFO ] 🧩 Model added for round 49 (6/11) from ['node_15']
[ 2026-05-13 19:37:10 | node | INFO ] 🧩 Model added for round 49 (7/11) from ['node_42']
[ 2026-05-13 19:37:10 | node_37 | INFO ] ♻️ Proactively processing 9 early models for round 49.
[ 2026-05-13 19:37:10 | node | INFO ] 🏋️‍♀️ Preparing training...
[ 2026-05-13 19:37:10 | node_37 | INFO ] 🧩 Model added for round 49 (1/12) from ['node_8']
[ 2026-05-13 19:37:10 | node_37 | INFO ] 🧩 Model added for round 49 (2/12) from ['node_3']
[ 2026-05-13 19:37:10 | node_37 | INFO ] 🧩 Model added for round 49 (3/12) from ['node_46']
[ 2026-05-13 19:37:10 | node_37 | INFO ] 🧩 Model added for round 49 (4/12) from ['node_9']
[ 2026-05-13 19:37:11 | node_37 | INFO ] 🧩 Model added for round 49 (5/12) from ['node_35']
[ 2026-05-13 19:37:11 | node_37 | INFO ] 🧩 Model added for round 49 (6/12) from ['node_12']
[ 2026-05-13 19:37:11 | node_37 | INFO ] 🧩 Model added for round 49 (7/12) from ['node_11']
[ 2026-05-13 19:37:11 | node | INFO ] 🎓 Training step done.
[ 2026-05-13 19:37:11 | node_31 | INFO ] 🎉 Round 49 of 50 finished.
[ 2026-05-13 19:37:11 | node | INFO ] 🛠️ Calling force_add_local_model...
[ 2026-05-13 19:37:11 | node_37 | INFO ] 🧩 Model added for round 49 (8/12) from ['node_40']
[ 2026-05-13 19:37:11 | node_31 | INFO ] 🗳️ [DETERMINISTIC] Train set assigned (No Voting). Size: 50
[ 2026-05-13 19:37:11 | node_37 | INFO ] 🧩 Model added for round 49 (9/12) from ['node_17']
[ 2026-05-13 19:37:11 | node | INFO ] ✅ [FORCE] Local model added for round 49. (8/11)
[ 2026-05-13 19:37:11 | node_37 | INFO ] 🏋️‍♀️ Preparing training...
[ 2026-05-13 19:37:11 | node_37 | INFO ] 🧩 Model added for round 49 (10/12) from ['node_42']
[ 2026-05-13 19:37:11 | node_31 | INFO ] ♻️ Proactively processing 4 early models for round 49.
[ 2026-05-13 19:37:11 | node_31 | INFO ] 🧩 Model added for round 49 (1/7) from ['node_21']
[ 2026-05-13 19:37:11 | node_31 | INFO ] 🧩 Model added for round 49 (2/7) from ['node_41']
[ 2026-05-13 19:37:11 | node_31 | INFO ] 🧩 Model added for round 49 (3/7) from ['node_40']
[ 2026-05-13 19:37:11 | node_31 | INFO ] 🧩 Model added for round 49 (4/7) from ['node_17']
[ 2026-05-13 19:37:11 | node_31 | INFO ] 🏋️‍♀️ Preparing training...
[ 2026-05-13 19:37:11 | node_37 | INFO ] 🎓 Training step done.
[ 2026-05-13 19:37:12 | node_37 | INFO ] 🛠️ Calling force_add_local_model...
[ 2026-05-13 19:37:12 | node_37 | INFO ] ✅ [FORCE] Local model added for round 49. (11/12)
[ 2026-05-13 19:37:12 | node_31 | INFO ] 🎓 Training step done.
[ 2026-05-13 19:37:12 | node_31 | INFO ] 🛠️ Calling force_add_local_model...
[ 2026-05-13 19:37:12 | node_31 | INFO ] ✅ [FORCE] Local model added for round 49. (5/7)
[ 2026-05-13 19:37:13 | node_13 | INFO ] 🎉 Round 49 of 50 finished.
[ 2026-05-13 19:37:13 | node_10 | INFO ] 🎉 Round 49 of 50 finished.
[ 2026-05-13 19:37:13 | node_13 | INFO ] 🗳️ [DETERMINISTIC] Train set assigned (No Voting). Size: 50
[ 2026-05-13 19:37:13 | node_10 | INFO ] 🗳️ [DETERMINISTIC] Train set assigned (No Voting). Size: 50
[ 2026-05-13 19:37:13 | node_45 | INFO ] 🧩 Model added for round 49 (4/5) from ['node_42']
[ 2026-05-13 19:37:13 | node_13 | INFO ] ♻️ Proactively processing 7 early models for round 49.
[ 2026-05-13 19:37:13 | node_10 | INFO ] ♻️ Proactively processing 7 early models for round 49.
[ 2026-05-13 19:37:13 | node_13 | INFO ] 🧩 Model added for round 49 (1/12) from ['node_26']
[ 2026-05-13 19:37:13 | node_10 | INFO ] 🧩 Model added for round 49 (1/10) from ['node_43']
[ 2026-05-13 19:37:13 | node_13 | INFO ] 🧩 Model added for round 49 (2/12) from ['node_9']
[ 2026-05-13 19:37:13 | node_10 | INFO ] 🧩 Model added for round 49 (2/10) from ['node_29']
[ 2026-05-13 19:37:13 | node_13 | INFO ] 🧩 Model added for round 49 (3/12) from ['node_35']
[ 2026-05-13 19:37:13 | node_10 | INFO ] 🧩 Model added for round 49 (3/10) from ['node_34']
[ 2026-05-13 19:37:13 | node_13 | INFO ] 🧩 Model added for round 49 (4/12) from ['node_11']
[ 2026-05-13 19:37:13 | node_10 | INFO ] 🧩 Model added for round 49 (4/10) from ['node_39']
[ 2026-05-13 19:37:13 | node_13 | INFO ] 🧩 Model added for round 49 (5/12) from ['node_18']
[ 2026-05-13 19:37:13 | node_10 | INFO ] 🧩 Model added for round 49 (5/10) from ['node_11']
[ 2026-05-13 19:37:13 | node_13 | INFO ] 🧩 Model added for round 49 (6/12) from ['node_33']
[ 2026-05-13 19:37:13 | node_10 | INFO ] 🧩 Model added for round 49 (6/10) from ['node_14']
[ 2026-05-13 19:37:13 | node_13 | INFO ] 🧩 Model added for round 49 (7/12) from ['node_15']
[ 2026-05-13 19:37:13 | node_10 | INFO ] 🧩 Model added for round 49 (7/10) from ['node_6']
[ 2026-05-13 19:37:13 | node_13 | INFO ] 🏋️‍♀️ Preparing training...
[ 2026-05-13 19:37:13 | node_10 | INFO ] 🏋️‍♀️ Preparing training...
[ 2026-05-13 19:37:13 | node_46 | INFO ] 🧩 Model added for round 49 (6/7) from ['node_42']
[ 2026-05-13 19:37:14 | node_13 | INFO ] 🎓 Training step done.
[ 2026-05-13 19:37:14 | node_13 | INFO ] 🛠️ Calling force_add_local_model...
[ 2026-05-13 19:37:14 | node_10 | INFO ] 🎓 Training step done.
[ 2026-05-13 19:37:14 | node_10 | INFO ] 🛠️ Calling force_add_local_model...
[ 2026-05-13 19:37:14 | node_13 | INFO ] ✅ [FORCE] Local model added for round 49. (8/12)
[ 2026-05-13 19:37:14 | node_10 | INFO ] ✅ [FORCE] Local model added for round 49. (8/10)
[ 2026-05-13 19:37:15 | node_38 | INFO ] ⏹️  Gossiping exited for 50 equal rounds.
[ 2026-05-13 19:37:15 | node_38 | INFO ] 🔬 Evaluating...
[ 2026-05-13 19:37:15 | node_38 | INFO ] 📈 Evaluated. Results: {'test_loss': 0.0023426890838891268, 'test_acc': 1.0, 'test_precision': 1.0000001192092896, 'test_recall': 1.0000001192092896, 'test_f1': 1.0000001192092896, 'communication_cost': 45160752}
[ 2026-05-13 19:37:15 | node_38 | INFO ] 📢 Broadcasting metrics.
[ 2026-05-13 19:37:16 | node | INFO ] 📤 Sending model to 10 direct neighbors: ['node_10', 'node_11', 'node_13', 'node_14', 'node_15', 'node_34', 'node_40', 'node_42', 'node_45', 'node_48']
[ 2026-05-13 19:37:16 | node_10 | INFO ] 🧩 Model added for round 49 (9/10) from ['node']
[ 2026-05-13 19:37:17 | node_47 | INFO ] ⏹️  Gossiping exited for 50 equal rounds.
[ 2026-05-13 19:37:17 | node_47 | INFO ] 🔬 Evaluating...
[ 2026-05-13 19:37:17 | node_37 | INFO ] 📤 Sending model to 11 direct neighbors: ['node_3', 'node_8', 'node_9', 'node_11', 'node_12', 'node_17', 'node_35', 'node_40', 'node_42', 'node_46', 'node_48']
[ 2026-05-13 19:37:17 | node_47 | INFO ] 📈 Evaluated. Results: {'test_loss': 0.2624984383583069, 'test_acc': 0.9700000286102295, 'test_precision': 0.9684188961982727, 'test_recall': 0.9699856042861938, 'test_f1': 0.9682846069335938, 'communication_cost': 48924148}
[ 2026-05-13 19:37:17 | node_47 | INFO ] 📢 Broadcasting metrics.
[ 2026-05-13 19:37:17 | node_3 | INFO ] 🧩 Model added for round 49 (7/8) from ['node_37']
[ 2026-05-13 19:37:17 | node_31 | INFO ] 📤 Sending model to 6 direct neighbors: ['node_13', 'node_17', 'node_21', 'node_40', 'node_41', 'node_47']
[ 2026-05-13 19:37:17 | node_13 | INFO ] 🧩 Model added for round 49 (9/12) from ['node_31']
[ 2026-05-13 19:37:18 | node_11 | INFO ] 🧩 Model added for round 49 (8/13) from ['node']
[ 2026-05-13 19:37:18 | node_27 | INFO ] ⏹️  Gossiping exited for 50 equal rounds.
[ 2026-05-13 19:37:18 | node_8 | INFO ] 🧩 Model added for round 49 (5/5) from ['node_37']
[ 2026-05-13 19:37:18 | node_27 | INFO ] 🔬 Evaluating...
[ 2026-05-13 19:37:19 | node_27 | INFO ] 📈 Evaluated. Results: {'test_loss': 0.22251559793949127, 'test_acc': 0.9750000238418579, 'test_precision': 0.9734035730361938, 'test_recall': 0.9768060445785522, 'test_f1': 0.9742510914802551, 'communication_cost': 33870564}
[ 2026-05-13 19:37:19 | node_13 | INFO ] 📤 Sending model to 11 direct neighbors: ['node', 'node_5', 'node_9', 'node_11', 'node_15', 'node_18', 'node_26', 'node_31', 'node_33', 'node_35', 'node_48']
[ 2026-05-13 19:37:19 | node_27 | INFO ] 📢 Broadcasting metrics.
[ 2026-05-13 19:37:19 | node_10 | INFO ] 📤 Sending model to 9 direct neighbors: ['node', 'node_6', 'node_11', 'node_14', 'node_29', 'node_34', 'node_39', 'node_43', 'node_44']
[ 2026-05-13 19:37:19 | node | INFO ] 🧩 Model added for round 49 (9/11) from ['node_13']
[ 2026-05-13 19:37:19 | node_8 | INFO ] 🧠 Aggregation complete. Setting new model.
[ 2026-05-13 19:37:19 | node_9 | INFO ] 🧩 Model added for round 49 (4/7) from ['node_37']
[ 2026-05-13 19:37:19 | node | INFO ] 🧩 Model added for round 49 (10/11) from ['node_10']
[ 2026-05-13 19:37:19 | node_17 | INFO ] 🧩 Model added for round 49 (7/9) from ['node_31']
[ 2026-05-13 19:37:20 | node_13 | INFO ] 🧩 Model added for round 49 (10/12) from ['node']
[ 2026-05-13 19:37:20 | node_8 | INFO ] 🗣️ Gossiping aggregated model.
[ 2026-05-13 19:37:20 | node_11 | INFO ] 🧩 Model added for round 49 (9/13) from ['node_37']
[ 2026-05-13 19:37:21 | node_38 | INFO ] 🎉 Round 49 of 50 finished.
[ 2026-05-13 19:37:21 | node_21 | INFO ] 🧩 Model added for round 49 (9/12) from ['node_31']
[ 2026-05-13 19:37:21 | node_38 | INFO ] 🗳️ [DETERMINISTIC] Train set assigned (No Voting). Size: 50
[ 2026-05-13 19:37:21 | node_38 | INFO ] ♻️ Proactively processing 11 early models for round 49.
[ 2026-05-13 19:37:21 | node_6 | INFO ] 🧩 Model added for round 49 (7/8) from ['node_10']
[ 2026-05-13 19:37:21 | node_38 | INFO ] 🧩 Model added for round 49 (1/13) from ['node_23']
[ 2026-05-13 19:37:21 | node_38 | INFO ] 🧩 Model added for round 49 (2/13) from ['node_20']
[ 2026-05-13 19:37:21 | node_38 | INFO ] 🧩 Model added for round 49 (3/13) from ['node_26']
[ 2026-05-13 19:37:21 | node_9 | INFO ] 🧩 Model added for round 49 (5/7) from ['node_13']
[ 2026-05-13 19:37:21 | node_38 | INFO ] 🧩 Model added for round 49 (4/13) from ['node_29']
[ 2026-05-13 19:37:21 | node_38 | INFO ] 🧩 Model added for round 49 (5/13) from ['node_9']
[ 2026-05-13 19:37:21 | node_38 | INFO ] 🧩 Model added for round 49 (6/13) from ['node_36']
[ 2026-05-13 19:37:21 | node_38 | INFO ] 🧩 Model added for round 49 (7/13) from ['node_21']
[ 2026-05-13 19:37:21 | node_14 | INFO ] 🧩 Model added for round 49 (8/10) from ['node']
[ 2026-05-13 19:37:21 | node_38 | INFO ] 🧩 Model added for round 49 (8/13) from ['node_7']
[ 2026-05-13 19:37:21 | node_38 | INFO ] 🧩 Model added for round 49 (9/13) from ['node_28']
[ 2026-05-13 19:37:22 | node_38 | INFO ] 🧩 Model added for round 49 (10/13) from ['node_6']
[ 2026-05-13 19:37:22 | node_38 | INFO ] 🧩 Model added for round 49 (11/13) from ['node_42']
[ 2026-05-13 19:37:22 | node_38 | INFO ] 🏋️‍♀️ Preparing training...
[ 2026-05-13 19:37:22 | node_38 | INFO ] 🎓 Training step done.
[ 2026-05-13 19:37:22 | node_11 | INFO ] 🧩 Model added for round 49 (10/13) from ['node_10']
[ 2026-05-13 19:37:22 | node_38 | INFO ] 🛠️ Calling force_add_local_model...
[ 2026-05-13 19:37:22 | node_38 | INFO ] ✅ [FORCE] Local model added for round 49. (12/13)
[ 2026-05-13 19:37:22 | node_11 | INFO ] 🧩 Model added for round 49 (11/13) from ['node_13']
[ 2026-05-13 19:37:23 | node_12 | INFO ] 🧩 Model added for round 49 (7/7) from ['node_37']
[ 2026-05-13 19:37:23 | node_40 | INFO ] 🧩 Model added for round 49 (5/8) from ['node_31']
[ 2026-05-13 19:37:23 | node_15 | INFO ] 🧩 Model added for round 49 (9/10) from ['node']
[ 2026-05-13 19:37:23 | node_12 | INFO ] 🧠 Aggregation complete. Setting new model.
[ 2026-05-13 19:37:23 | node_47 | INFO ] 🎉 Round 49 of 50 finished.
[ 2026-05-13 19:37:23 | node_27 | INFO ] 🎉 Round 49 of 50 finished.
[ 2026-05-13 19:37:23 | node_47 | INFO ] 🗳️ [DETERMINISTIC] Train set assigned (No Voting). Size: 50
[ 2026-05-13 19:37:23 | node_27 | INFO ] 🗳️ [DETERMINISTIC] Train set assigned (No Voting). Size: 50
[ 2026-05-13 19:37:23 | node_47 | INFO ] ♻️ Proactively processing 11 early models for round 49.
[ 2026-05-13 19:37:24 | node_27 | INFO ] ♻️ Proactively processing 7 early models for round 49.
[ 2026-05-13 19:37:24 | node_27 | INFO ] 🧩 Model added for round 49 (1/10) from ['node_9']
[ 2026-05-13 19:37:24 | node_47 | INFO ] 🧩 Model added for round 49 (1/14) from ['node_26']
[ 2026-05-13 19:37:24 | node_27 | INFO ] 🧩 Model added for round 49 (2/10) from ['node_2']
[ 2026-05-13 19:37:24 | node_47 | INFO ] 🧩 Model added for round 49 (2/14) from ['node_3']
[ 2026-05-13 19:37:24 | node_47 | INFO ] 🧩 Model added for round 49 (3/14) from ['node_34']
[ 2026-05-13 19:37:24 | node_47 | INFO ] 🧩 Model added for round 49 (4/14) from ['node_19']
[ 2026-05-13 19:37:24 | node_27 | INFO ] 🧩 Model added for round 49 (3/10) from ['node_36']
[ 2026-05-13 19:37:24 | node_47 | INFO ] 🧩 Model added for round 49 (5/14) from ['node_35']
[ 2026-05-13 19:37:24 | node_27 | INFO ] 🧩 Model added for round 49 (4/10) from ['node_41']
[ 2026-05-13 19:37:24 | node_47 | INFO ] 🧩 Model added for round 49 (6/14) from ['node_36']
[ 2026-05-13 19:37:24 | node_27 | INFO ] 🧩 Model added for round 49 (5/10) from ['node_11']
[ 2026-05-13 19:37:24 | node_47 | INFO ] 🧩 Model added for round 49 (7/14) from ['node_25']
[ 2026-05-13 19:37:24 | node_47 | INFO ] 🧩 Model added for round 49 (8/14) from ['node_18']
[ 2026-05-13 19:37:24 | node_27 | INFO ] 🧩 Model added for round 49 (6/10) from ['node_1']
[ 2026-05-13 19:37:24 | node_27 | INFO ] 🧩 Model added for round 49 (7/10) from ['node_24']
[ 2026-05-13 19:37:24 | node_27 | INFO ] 🏋️‍♀️ Preparing training...
[ 2026-05-13 19:37:24 | node_47 | INFO ] 🧩 Model added for round 49 (9/14) from ['node_14']
[ 2026-05-13 19:37:24 | node_12 | INFO ] 🗣️ Gossiping aggregated model.
[ 2026-05-13 19:37:24 | node_47 | INFO ] 🧩 Model added for round 49 (10/14) from ['node_28']
[ 2026-05-13 19:37:24 | node_47 | INFO ] 🧩 Model added for round 49 (11/14) from ['node_42']
[ 2026-05-13 19:37:24 | node_47 | INFO ] 🏋️‍♀️ Preparing training...
[ 2026-05-13 19:37:24 | node_41 | INFO ] 🧩 Model added for round 49 (6/7) from ['node_31']
[ 2026-05-13 19:37:24 | node_17 | INFO ] 🧩 Model added for round 49 (8/9) from ['node_37']
[ 2026-05-13 19:37:24 | node_14 | INFO ] 🧩 Model added for round 49 (9/10) from ['node_10']
[ 2026-05-13 19:37:24 | node_27 | INFO ] 🎓 Training step done.
[ 2026-05-13 19:37:24 | node_15 | INFO ] 🧩 Model added for round 49 (10/10) from ['node_13']
[ 2026-05-13 19:37:24 | node_27 | INFO ] 🛠️ Calling force_add_local_model...
[ 2026-05-13 19:37:24 | node_27 | INFO ] ✅ [FORCE] Local model added for round 49. (8/10)
[ 2026-05-13 19:37:25 | node_34 | INFO ] 🧩 Model added for round 49 (8/10) from ['node']
[ 2026-05-13 19:37:25 | node_47 | INFO ] 🎓 Training step done.
[ 2026-05-13 19:37:25 | node_47 | INFO ] 🛠️ Calling force_add_local_model...
[ 2026-05-13 19:37:25 | node_47 | INFO ] ✅ [FORCE] Local model added for round 49. (12/14)
[ 2026-05-13 19:37:25 | node_47 | INFO ] 🧩 Model added for round 49 (13/14) from ['node_31']
[ 2026-05-13 19:37:25 | node_15 | INFO ] 🧠 Aggregation complete. Setting new model.
[ 2026-05-13 19:37:26 | node_35 | INFO ] 🧩 Model added for round 49 (6/8) from ['node_37']
[ 2026-05-13 19:37:26 | node_29 | INFO ] 🧩 Model added for round 49 (10/12) from ['node_10']
[ 2026-05-13 19:37:26 | node_18 | INFO ] 🧩 Model added for round 49 (12/15) from ['node_13']
[ 2026-05-13 19:37:26 | node_40 | INFO ] 🧩 Model added for round 49 (6/8) from ['node']
[ 2026-05-13 19:37:26 | node_15 | INFO ] 🗣️ Gossiping aggregated model.
[ 2026-05-13 19:37:27 | node_40 | INFO ] 🧩 Model added for round 49 (7/8) from ['node_37']
[ 2026-05-13 19:37:27 | node_42 | INFO ] 🧩 Model added for round 49 (10/13) from ['node']
[ 2026-05-13 19:37:27 | node_38 | INFO ] 📤 Sending model to 12 direct neighbors: ['node_6', 'node_7', 'node_9', 'node_20', 'node_21', 'node_23', 'node_26', 'node_27', 'node_28', 'node_29', 'node_36', 'node_42']
[ 2026-05-13 19:37:28 | node_34 | INFO ] 🧩 Model added for round 49 (9/10) from ['node_10']
[ 2026-05-13 19:37:28 | node_6 | INFO ] 🧩 Model added for round 49 (8/8) from ['node_38']
[ 2026-05-13 19:37:28 | node_26 | INFO ] 🧩 Model added for round 49 (6/8) from ['node_13']
[ 2026-05-13 19:37:28 | node_42 | INFO ] 🧩 Model added for round 49 (11/13) from ['node_37']
[ 2026-05-13 19:37:29 | node_7 | INFO ] 🧩 Model added for round 49 (8/9) from ['node_38']
[ 2026-05-13 19:37:29 | node_45 | INFO ] 🧩 Model added for round 49 (5/5) from ['node']
[ 2026-05-13 19:37:29 | node_39 | INFO ] 🧩 Model added for round 49 (7/8) from ['node_10']
[ 2026-05-13 19:37:29 | node_31 | INFO ] 🧩 Model added for round 49 (6/7) from ['node_13']
[ 2026-05-13 19:37:30 | node_27 | INFO ] 📤 Sending model to 9 direct neighbors: ['node_1', 'node_2', 'node_9', 'node_11', 'node_24', 'node_36', 'node_38', 'node_41', 'node_44']
[ 2026-05-13 19:37:30 | node_47 | INFO ] 📤 Sending model to 13 direct neighbors: ['node_3', 'node_14', 'node_18', 'node_19', 'node_25', 'node_26', 'node_28', 'node_31', 'node_34', 'node_35', 'node_36', 'node_42', 'node_44']
[ 2026-05-13 19:37:30 | node_6 | INFO ] 🧠 Aggregation complete. Setting new model.
[ 2026-05-13 19:37:30 | node_46 | INFO ] 🧩 Model added for round 49 (7/7) from ['node_37']
[ 2026-05-13 19:37:30 | node_1 | INFO ] 🧩 Model added for round 49 (7/9) from ['node_27']
[ 2026-05-13 19:37:30 | node_33 | INFO ] 🧩 Model added for round 49 (11/11) from ['node_13']
[ 2026-05-13 19:37:31 | node_3 | INFO ] 🧩 Model added for round 49 (8/8) from ['node_47']
[ 2026-05-13 19:37:31 | node_6 | INFO ] 🗣️ Gossiping aggregated model.
[ 2026-05-13 19:37:31 | node_43 | INFO ] 🧩 Model added for round 49 (4/4) from ['node_10']
[ 2026-05-13 19:37:31 | node_9 | INFO ] 🧩 Model added for round 49 (6/7) from ['node_38']
[ 2026-05-13 19:37:31 | node_45 | INFO ] 🧠 Aggregation complete. Setting new model.
[ 2026-05-13 19:37:32 | node_45 | INFO ] 🗣️ Gossiping aggregated model.
[ 2026-05-13 19:37:32 | node_46 | INFO ] 🧠 Aggregation complete. Setting new model.
[ 2026-05-13 19:37:32 | node_20 | INFO ] 🧩 Model added for round 49 (4/5) from ['node_38']
[ 2026-05-13 19:37:32 | node_2 | INFO ] 🧩 Model added for round 49 (5/5) from ['node_27']
[ 2026-05-13 19:37:32 | node_14 | INFO ] 🧩 Model added for round 49 (10/10) from ['node_47']
[ 2026-05-13 19:37:33 | node_35 | INFO ] 🧩 Model added for round 49 (7/8) from ['node_13']
[ 2026-05-13 19:37:33 | node_43 | INFO ] 🧠 Aggregation complete. Setting new model.
[ 2026-05-13 19:37:33 | node_46 | INFO ] 🗣️ Gossiping aggregated model.
[ 2026-05-13 19:37:33 | node_21 | INFO ] 🧩 Model added for round 49 (10/12) from ['node_38']
[ 2026-05-13 19:37:33 | node_9 | INFO ] 🧩 Model added for round 49 (7/7) from ['node_27']
[ 2026-05-13 19:37:34 | node_43 | INFO ] 🗣️ Gossiping aggregated model.
[ 2026-05-13 19:37:34 | node_18 | INFO ] 🧩 Model added for round 49 (13/15) from ['node_47']
[ 2026-05-13 19:37:34 | node_3 | INFO ] 🧠 Aggregation complete. Setting new model.
[ 2026-05-13 19:37:34 | node_33 | INFO ] 🧠 Aggregation complete. Setting new model.
[ 2026-05-13 19:37:34 | node_2 | INFO ] 🧠 Aggregation complete. Setting new model.
[ 2026-05-13 19:37:34 | node_9 | INFO ] 🧠 Aggregation complete. Setting new model.
[ 2026-05-13 19:37:34 | node_14 | INFO ] 🧠 Aggregation complete. Setting new model.
[ 2026-05-13 19:37:34 | node_48 | INFO ] ⏹️  Gossiping exited for 50 equal rounds.
[ 2026-05-13 19:37:34 | node_48 | INFO ] 🔬 Evaluating...
[ 2026-05-13 19:37:35 | node_48 | INFO ] 📈 Evaluated. Results: {'test_loss': 0.2952950596809387, 'test_acc': 0.9800000190734863, 'test_precision': 0.9831777811050415, 'test_recall': 0.9748444557189941, 'test_f1': 0.9781630039215088, 'communication_cost': 18816980}
[ 2026-05-13 19:37:35 | node_2 | INFO ] 🗣️ Gossiping aggregated model.
[ 2026-05-13 19:37:35 | node_3 | INFO ] 🗣️ Gossiping aggregated model.
[ 2026-05-13 19:37:35 | node_48 | INFO ] 📢 Broadcasting metrics.
[ 2026-05-13 19:37:35 | node_9 | INFO ] 🗣️ Gossiping aggregated model.
[ 2026-05-13 19:37:35 | node_11 | INFO ] 🧩 Model added for round 49 (12/13) from ['node_27']
[ 2026-05-13 19:37:35 | node_33 | INFO ] 🗣️ Gossiping aggregated model.
[ 2026-05-13 19:37:35 | node_14 | INFO ] 🗣️ Gossiping aggregated model.
[ 2026-05-13 19:37:36 | node_23 | INFO ] 🧩 Model added for round 49 (4/4) from ['node_38']
[ 2026-05-13 19:37:37 | node_19 | INFO ] 🧩 Model added for round 49 (8/9) from ['node_47']
[ 2026-05-13 19:37:37 | node_48 | INFO ] 🎉 Round 49 of 50 finished.
[ 2026-05-13 19:37:37 | node_26 | INFO ] 🧩 Model added for round 49 (7/8) from ['node_38']
[ 2026-05-13 19:37:37 | node_24 | INFO ] 🧩 Model added for round 49 (9/10) from ['node_27']
[ 2026-05-13 19:37:37 | ModelPackager | INFO ] Round 49: Consensus detected (dist: 0.000994). Patience: 1/5
[ 2026-05-13 19:37:37 | node_23 | INFO ] 🧠 Aggregation complete. Setting new model.
[ 2026-05-13 19:37:37 | node_48 | INFO ] 🗳️ [DETERMINISTIC] Train set assigned (No Voting). Size: 50
[ 2026-05-13 19:37:37 | node_48 | INFO ] ♻️ Proactively processing 5 early models for round 49.
[ 2026-05-13 19:37:37 | node_48 | INFO ] 🧩 Model added for round 49 (1/6) from ['node_40']
[ 2026-05-13 19:37:37 | node_48 | INFO ] 🧩 Model added for round 49 (2/6) from ['node_16']
[ 2026-05-13 19:37:37 | node_48 | INFO ] 🧩 Model added for round 49 (3/6) from ['node']
[ 2026-05-13 19:37:37 | node_48 | INFO ] 🧩 Model added for round 49 (4/6) from ['node_37']
[ 2026-05-13 19:37:38 | node_48 | INFO ] 🧩 Model added for round 49 (5/6) from ['node_13']
[ 2026-05-13 19:37:38 | node_48 | INFO ] 🏋️‍♀️ Preparing training...
[ 2026-05-13 19:37:38 | node_23 | INFO ] 🗣️ Gossiping aggregated model.
[ 2026-05-13 19:37:38 | node_25 | INFO ] 🧩 Model added for round 49 (9/9) from ['node_47']
[ 2026-05-13 19:37:38 | node_48 | INFO ] 🎓 Training step done.
[ 2026-05-13 19:37:38 | node_48 | INFO ] 🛠️ Calling force_add_local_model...
[ 2026-05-13 19:37:38 | node_27 | INFO ] 🧩 Model added for round 49 (9/10) from ['node_38']
[ 2026-05-13 19:37:38 | node_48 | INFO ] ✅ [FORCE] Local model added for round 49. (6/6)
[ 2026-05-13 19:37:39 | node_36 | INFO ] 🧩 Model added for round 49 (8/10) from ['node_27']
[ 2026-05-13 19:37:40 | node_25 | INFO ] 🧠 Aggregation complete. Setting new model.
[ 2026-05-13 19:37:40 | node_26 | INFO ] 🧩 Model added for round 49 (8/8) from ['node_47']
[ 2026-05-13 19:37:40 | node_28 | INFO ] 🧩 Model added for round 49 (9/10) from ['node_38']
[ 2026-05-13 19:37:40 | node_38 | INFO ] 🧩 Model added for round 49 (13/13) from ['node_27']
[ 2026-05-13 19:37:40 | node_26 | INFO ] 🧠 Aggregation complete. Setting new model.
[ 2026-05-13 19:37:41 | node_25 | INFO ] 🗣️ Gossiping aggregated model.
[ 2026-05-13 19:37:41 | node_26 | INFO ] 🗣️ Gossiping aggregated model.
[ 2026-05-13 19:37:41 | node_28 | INFO ] 🧩 Model added for round 49 (10/10) from ['node_47']
[ 2026-05-13 19:37:42 | node_29 | INFO ] 🧩 Model added for round 49 (11/12) from ['node_38']
[ 2026-05-13 19:37:43 | node_41 | INFO ] 🧩 Model added for round 49 (7/7) from ['node_27']
[ 2026-05-13 19:37:43 | node_31 | INFO ] 🧩 Model added for round 49 (7/7) from ['node_47']
[ 2026-05-13 19:37:43 | node_48 | INFO ] 📤 Sending model to 5 direct neighbors: ['node', 'node_13', 'node_16', 'node_37', 'node_40']
[ 2026-05-13 19:37:44 | node_36 | INFO ] 🧩 Model added for round 49 (9/10) from ['node_38']
[ 2026-05-13 19:37:44 | node | INFO ] 🧩 Model added for round 49 (11/11) from ['node_48']
[ 2026-05-13 19:37:44 | node_41 | INFO ] 🧠 Aggregation complete. Setting new model.
[ 2026-05-13 19:37:44 | node_31 | INFO ] 🧠 Aggregation complete. Setting new model.
[ 2026-05-13 19:37:45 | node_28 | INFO ] 🧠 Aggregation complete. Setting new model.
[ 2026-05-13 19:37:45 | node | INFO ] 🧠 Aggregation complete. Setting new model.
[ 2026-05-13 19:37:45 | node_41 | INFO ] 🗣️ Gossiping aggregated model.
[ 2026-05-13 19:37:45 | node_31 | INFO ] 🗣️ Gossiping aggregated model.
[ 2026-05-13 19:37:46 | node_34 | INFO ] 🧩 Model added for round 49 (10/10) from ['node_47']
[ 2026-05-13 19:37:46 | node_28 | INFO ] 🗣️ Gossiping aggregated model.
[ 2026-05-13 19:37:47 | node_42 | INFO ] 🧩 Model added for round 49 (12/13) from ['node_38']
[ 2026-05-13 19:37:47 | node | INFO ] 🗣️ Gossiping aggregated model.
[ 2026-05-13 19:37:47 | node_13 | INFO ] 🧩 Model added for round 49 (11/12) from ['node_48']
[ 2026-05-13 19:37:48 | node_35 | INFO ] 🧩 Model added for round 49 (8/8) from ['node_47']
[ 2026-05-13 19:37:48 | node_34 | INFO ] 🧠 Aggregation complete. Setting new model.
[ 2026-05-13 19:37:48 | node_35 | INFO ] 🧠 Aggregation complete. Setting new model.
[ 2026-05-13 19:37:48 | node_38 | INFO ] 🧠 Aggregation complete. Setting new model.
[ 2026-05-13 19:37:49 | node_16 | INFO ] 🧩 Model added for round 49 (12/13) from ['node_48']
[ 2026-05-13 19:37:49 | node_34 | INFO ] 🗣️ Gossiping aggregated model.
[ 2026-05-13 19:37:49 | node_35 | INFO ] 🗣️ Gossiping aggregated model.
[ 2026-05-13 19:37:50 | node_38 | INFO ] 🗣️ Gossiping aggregated model.
[ 2026-05-13 19:37:50 | node_36 | INFO ] 🧩 Model added for round 49 (10/10) from ['node_47']
[ 2026-05-13 19:37:51 | node_37 | INFO ] 🧩 Model added for round 49 (12/12) from ['node_48']
[ 2026-05-13 19:37:52 | node_42 | INFO ] 🧩 Model added for round 49 (13/13) from ['node_47']
[ 2026-05-13 19:37:52 | node_36 | INFO ] 🧠 Aggregation complete. Setting new model.
[ 2026-05-13 19:37:52 | node_37 | INFO ] 🧠 Aggregation complete. Setting new model.
[ 2026-05-13 19:37:53 | node_37 | INFO ] 🗣️ Gossiping aggregated model.
[ 2026-05-13 19:37:53 | node_36 | INFO ] 🗣️ Gossiping aggregated model.
[ 2026-05-13 19:37:53 | node_40 | INFO ] 🧩 Model added for round 49 (8/8) from ['node_48']
[ 2026-05-13 19:37:55 | node_40 | INFO ] 🧠 Aggregation complete. Setting new model.
[ 2026-05-13 19:37:55 | node_48 | INFO ] 🧠 Aggregation complete. Setting new model.
[ 2026-05-13 19:37:55 | node_42 | INFO ] 🧠 Aggregation complete. Setting new model.
[ 2026-05-13 19:37:55 | node_48 | INFO ] 🗣️ Gossiping aggregated model.
[ 2026-05-13 19:37:56 | node_40 | INFO ] 🗣️ Gossiping aggregated model.
[ 2026-05-13 19:37:56 | node_42 | INFO ] 🗣️ Gossiping aggregated model.
[ 2026-05-13 19:38:41 | node_5 | INFO ] ⏹️  Gossiping exited for 50 equal rounds.
[ 2026-05-13 19:38:42 | node_5 | INFO ] 🔬 Evaluating...
[ 2026-05-13 19:38:42 | node_5 | INFO ] 📈 Evaluated. Results: {'test_loss': 0.23666667938232422, 'test_acc': 0.9649999737739563, 'test_precision': 0.9599510431289673, 'test_recall': 0.9692850708961487, 'test_f1': 0.96221923828125, 'communication_cost': 41397356}
[ 2026-05-13 19:38:42 | node_5 | INFO ] 📢 Broadcasting metrics.
[ 2026-05-13 19:38:48 | node_5 | INFO ] 🎉 Round 49 of 50 finished.
[ 2026-05-13 19:38:48 | node_5 | INFO ] 🗳️ [DETERMINISTIC] Train set assigned (No Voting). Size: 50
[ 2026-05-13 19:38:48 | node_5 | INFO ] ♻️ Proactively processing 11 early models for round 49.
[ 2026-05-13 19:38:48 | node_5 | INFO ] 🧩 Model added for round 49 (1/12) from ['node_20']
[ 2026-05-13 19:38:48 | node_5 | INFO ] 🧩 Model added for round 49 (2/12) from ['node_22']
[ 2026-05-13 19:38:48 | node_5 | INFO ] 🧩 Model added for round 49 (3/12) from ['node_19']
[ 2026-05-13 19:38:48 | node_5 | INFO ] 🧩 Model added for round 49 (4/12) from ['node_21']
[ 2026-05-13 19:38:48 | node_5 | INFO ] 🧩 Model added for round 49 (5/12) from ['node_11']
[ 2026-05-13 19:38:48 | node_5 | INFO ] 🧩 Model added for round 49 (6/12) from ['node_18']
[ 2026-05-13 19:38:48 | node_5 | INFO ] 🧩 Model added for round 49 (7/12) from ['node_1']
[ 2026-05-13 19:38:49 | node_5 | INFO ] 🧩 Model added for round 49 (8/12) from ['node_16']
[ 2026-05-13 19:38:49 | node_5 | INFO ] 🧩 Model added for round 49 (9/12) from ['node_7']
[ 2026-05-13 19:38:49 | node_5 | INFO ] 🧩 Model added for round 49 (10/12) from ['node_17']
[ 2026-05-13 19:38:49 | node_5 | INFO ] 🧩 Model added for round 49 (11/12) from ['node_13']
[ 2026-05-13 19:38:49 | node_5 | INFO ] 🏋️‍♀️ Preparing training...
[ 2026-05-13 19:38:50 | node_5 | INFO ] 🎓 Training step done.
[ 2026-05-13 19:38:50 | node_5 | INFO ] 🛠️ Calling force_add_local_model...
[ 2026-05-13 19:38:50 | node_5 | INFO ] ✅ [FORCE] Local model added for round 49. (12/12)
[ 2026-05-13 19:38:55 | node_8 | INFO ] ⏹️  Gossiping exited for 50 equal rounds.
[ 2026-05-13 19:38:55 | node_8 | INFO ] 🔬 Evaluating...
[ 2026-05-13 19:38:55 | node_5 | INFO ] 📤 Sending model to 11 direct neighbors: ['node_1', 'node_7', 'node_11', 'node_13', 'node_16', 'node_17', 'node_18', 'node_19', 'node_20', 'node_21', 'node_22']
[ 2026-05-13 19:38:55 | node_8 | INFO ] 📈 Evaluated. Results: {'test_loss': 0.1848360002040863, 'test_acc': 0.9599999785423279, 'test_precision': 0.9585285186767578, 'test_recall': 0.9632691740989685, 'test_f1': 0.959430992603302, 'communication_cost': 15053584}
[ 2026-05-13 19:38:55 | node_1 | INFO ] 🧩 Model added for round 49 (8/9) from ['node_5']
[ 2026-05-13 19:38:56 | node_8 | INFO ] 📢 Broadcasting metrics.
[ 2026-05-13 19:38:57 | node_7 | INFO ] 🧩 Model added for round 49 (9/9) from ['node_5']
[ 2026-05-13 19:38:58 | node_7 | INFO ] 🧠 Aggregation complete. Setting new model.
[ 2026-05-13 19:38:58 | node_8 | INFO ] 🎉 Round 50 of 50 finished.
[ 2026-05-13 19:38:58 | node_8 | INFO ] 😋 Training finished!!
[ 2026-05-13 19:38:59 | node_7 | INFO ] 🗣️ Gossiping aggregated model.
[ 2026-05-13 19:38:59 | node_11 | INFO ] 🧩 Model added for round 49 (13/13) from ['node_5']
[ 2026-05-13 19:39:01 | node_13 | INFO ] 🧩 Model added for round 49 (12/12) from ['node_5']
[ 2026-05-13 19:39:01 | node_11 | INFO ] 🧠 Aggregation complete. Setting new model.
[ 2026-05-13 19:39:01 | node_13 | INFO ] 🧠 Aggregation complete. Setting new model.
[ 2026-05-13 19:39:03 | node_13 | INFO ] 🗣️ Gossiping aggregated model.
[ 2026-05-13 19:39:03 | node_11 | INFO ] 🗣️ Gossiping aggregated model.
[ 2026-05-13 19:39:04 | node_16 | INFO ] 🧩 Model added for round 49 (13/13) from ['node_5']
[ 2026-05-13 19:39:05 | node_17 | INFO ] 🧩 Model added for round 49 (9/9) from ['node_5']
[ 2026-05-13 19:39:06 | node_17 | INFO ] 🧠 Aggregation complete. Setting new model.
[ 2026-05-13 19:39:06 | node_16 | INFO ] 🧠 Aggregation complete. Setting new model.
[ 2026-05-13 19:39:07 | node_17 | INFO ] 🗣️ Gossiping aggregated model.
[ 2026-05-13 19:39:08 | node_16 | INFO ] 🗣️ Gossiping aggregated model.
[ 2026-05-13 19:39:08 | node_18 | INFO ] 🧩 Model added for round 49 (14/15) from ['node_5']
[ 2026-05-13 19:39:09 | node_23 | INFO ] ⏹️  Gossiping exited for 50 equal rounds.
[ 2026-05-13 19:39:09 | node_23 | INFO ] 🔬 Evaluating...
[ 2026-05-13 19:39:10 | node_23 | INFO ] 📈 Evaluated. Results: {'test_loss': 0.19386623799800873, 'test_acc': 0.949999988079071, 'test_precision': 0.9539729356765747, 'test_recall': 0.9526431560516357, 'test_f1': 0.9509789943695068, 'communication_cost': 11290188}
[ 2026-05-13 19:39:10 | node_19 | INFO ] 🧩 Model added for round 49 (9/9) from ['node_5']
[ 2026-05-13 19:39:10 | node_23 | INFO ] 📢 Broadcasting metrics.
[ 2026-05-13 19:39:11 | node_23 | INFO ] 🎉 Round 50 of 50 finished.
[ 2026-05-13 19:39:11 | node_23 | INFO ] 😋 Training finished!!
[ 2026-05-13 19:39:11 | node_20 | INFO ] 🧩 Model added for round 49 (5/5) from ['node_5']
[ 2026-05-13 19:39:12 | node_19 | INFO ] 🧠 Aggregation complete. Setting new model.
[ 2026-05-13 19:39:12 | node_20 | INFO ] 🧠 Aggregation complete. Setting new model.
[ 2026-05-13 19:39:13 | node_20 | INFO ] 🗣️ Gossiping aggregated model.
[ 2026-05-13 19:39:13 | node_19 | INFO ] 🗣️ Gossiping aggregated model.
[ 2026-05-13 19:39:13 | node_21 | INFO ] 🧩 Model added for round 49 (11/12) from ['node_5']
[ 2026-05-13 19:39:14 | node_22 | INFO ] 🧩 Model added for round 49 (5/5) from ['node_5']
[ 2026-05-13 19:39:16 | node_22 | INFO ] 🧠 Aggregation complete. Setting new model.
[ 2026-05-13 19:39:16 | node_5 | INFO ] 🧠 Aggregation complete. Setting new model.
[ 2026-05-13 19:39:17 | node_22 | INFO ] 🗣️ Gossiping aggregated model.
[ 2026-05-13 19:39:18 | node_5 | INFO ] 🗣️ Gossiping aggregated model.
[ 2026-05-13 19:39:26 | node_45 | INFO ] ⏹️  Gossiping exited for 50 equal rounds.
[ 2026-05-13 19:39:26 | node_45 | INFO ] 🔬 Evaluating...
[ 2026-05-13 19:39:27 | node_45 | INFO ] 📈 Evaluated. Results: {'test_loss': 0.5636913776397705, 'test_acc': 0.9549999833106995, 'test_precision': 0.9480769634246826, 'test_recall': 0.9557135105133057, 'test_f1': 0.9498254656791687, 'communication_cost': 15053584}
[ 2026-05-13 19:39:27 | node_45 | INFO ] 📢 Broadcasting metrics.
[ 2026-05-13 19:39:29 | node_45 | INFO ] 🎉 Round 50 of 50 finished.
[ 2026-05-13 19:39:29 | node_45 | INFO ] 😋 Training finished!!
[ 2026-05-13 19:39:34 | node_43 | INFO ] ⏹️  Gossiping exited for 50 equal rounds.
[ 2026-05-13 19:39:34 | node_43 | INFO ] 🔬 Evaluating...
[ 2026-05-13 19:39:35 | node_43 | INFO ] 📈 Evaluated. Results: {'test_loss': 0.3045290410518646, 'test_acc': 0.9800000190734863, 'test_precision': 0.9784753322601318, 'test_recall': 0.9774603843688965, 'test_f1': 0.9776704907417297, 'communication_cost': 11290188}
[ 2026-05-13 19:39:35 | node_43 | INFO ] 📢 Broadcasting metrics.
[ 2026-05-13 19:39:37 | node_43 | INFO ] 🎉 Round 50 of 50 finished.
[ 2026-05-13 19:39:38 | node_43 | INFO ] 😋 Training finished!!
[ 2026-05-13 19:39:44 | node_49 | INFO ] ⏹️  Gossiping exited for 50 equal rounds.
[ 2026-05-13 19:39:44 | node_49 | INFO ] 🔬 Evaluating...
[ 2026-05-13 19:39:44 | node_49 | INFO ] 📈 Evaluated. Results: {'test_loss': 0.14618951082229614, 'test_acc': 0.9750000238418579, 'test_precision': 0.9759281873703003, 'test_recall': 0.9750293493270874, 'test_f1': 0.9752689599990845, 'communication_cost': 18816980}
[ 2026-05-13 19:39:45 | node_49 | INFO ] 📢 Broadcasting metrics.
[ 2026-05-13 19:39:47 | node_49 | INFO ] 🎉 Round 50 of 50 finished.
[ 2026-05-13 19:39:47 | node_49 | INFO ] 😋 Training finished!!
[ 2026-05-13 19:39:48 | node_12 | INFO ] ⏹️  Gossiping exited for 50 equal rounds.
[ 2026-05-13 19:39:48 | node_12 | INFO ] 🔬 Evaluating...
[ 2026-05-13 19:39:48 | node_12 | INFO ] 📈 Evaluated. Results: {'test_loss': 0.622067928314209, 'test_acc': 0.949999988079071, 'test_precision': 0.951457679271698, 'test_recall': 0.9494525194168091, 'test_f1': 0.9478706121444702, 'communication_cost': 22580376}
[ 2026-05-13 19:39:48 | node_2 | INFO ] ⏹️  Gossiping exited for 50 equal rounds.
[ 2026-05-13 19:39:48 | node_2 | INFO ] 🔬 Evaluating...
[ 2026-05-13 19:39:48 | node_12 | INFO ] 📢 Broadcasting metrics.
[ 2026-05-13 19:39:49 | node_2 | INFO ] 📈 Evaluated. Results: {'test_loss': 0.2884497344493866, 'test_acc': 0.9649999737739563, 'test_precision': 0.9671676158905029, 'test_recall': 0.9694401621818542, 'test_f1': 0.9678871631622314, 'communication_cost': 15053584}
[ 2026-05-13 19:39:49 | node_2 | INFO ] 📢 Broadcasting metrics.
[ 2026-05-13 19:39:50 | node_37 | INFO ] ⏹️  Gossiping exited for 50 equal rounds.
[ 2026-05-13 19:39:50 | node_37 | INFO ] 🔬 Evaluating...
[ 2026-05-13 19:39:51 | node_2 | INFO ] 🎉 Round 50 of 50 finished.
[ 2026-05-13 19:39:51 | node_37 | INFO ] 📈 Evaluated. Results: {'test_loss': 0.05737408623099327, 'test_acc': 0.9900000095367432, 'test_precision': 0.9878677129745483, 'test_recall': 0.9891535043716431, 'test_f1': 0.9881534576416016, 'communication_cost': 41397356}
[ 2026-05-13 19:39:51 | node_2 | INFO ] 😋 Training finished!!
[ 2026-05-13 19:39:51 | node_37 | INFO ] 📢 Broadcasting metrics.
[ 2026-05-13 19:39:51 | node_12 | INFO ] 🎉 Round 50 of 50 finished.
[ 2026-05-13 19:39:51 | node_12 | INFO ] 😋 Training finished!!
[ 2026-05-13 19:39:52 | node_6 | INFO ] ⏹️  Gossiping exited for 50 equal rounds.
[ 2026-05-13 19:39:52 | node_6 | INFO ] 🔬 Evaluating...
[ 2026-05-13 19:39:53 | node_6 | INFO ] 📈 Evaluated. Results: {'test_loss': 0.2674548327922821, 'test_acc': 0.9800000190734863, 'test_precision': 0.9826989769935608, 'test_recall': 0.9755212664604187, 'test_f1': 0.9781688451766968, 'communication_cost': 26343772}
[ 2026-05-13 19:39:53 | node_6 | INFO ] 📢 Broadcasting metrics.
[ 2026-05-13 19:39:55 | node_44 | INFO ] ⏹️  Gossiping exited for 50 equal rounds.
[ 2026-05-13 19:39:55 | node_44 | INFO ] 🔬 Evaluating...
[ 2026-05-13 19:39:56 | node_37 | INFO ] 🎉 Round 50 of 50 finished.
[ 2026-05-13 19:39:56 | node_37 | INFO ] 😋 Training finished!!
[ 2026-05-13 19:39:56 | node_44 | INFO ] 📈 Evaluated. Results: {'test_loss': 0.19277030229568481, 'test_acc': 0.9700000286102295, 'test_precision': 0.9696377515792847, 'test_recall': 0.9710981845855713, 'test_f1': 0.9695769548416138, 'communication_cost': 45160752}
[ 2026-05-13 19:39:56 | node_44 | INFO ] 📢 Broadcasting metrics.
[ 2026-05-13 19:39:56 | node_6 | INFO ] 🎉 Round 50 of 50 finished.
[ 2026-05-13 19:39:56 | node_6 | INFO ] 😋 Training finished!!
[ 2026-05-13 19:39:58 | node_15 | INFO ] ⏹️  Gossiping exited for 50 equal rounds.
[ 2026-05-13 19:39:58 | node_15 | INFO ] 🔬 Evaluating...
[ 2026-05-13 19:39:59 | node_3 | INFO ] ⏹️  Gossiping exited for 50 equal rounds.
[ 2026-05-13 19:39:59 | node_3 | INFO ] 🔬 Evaluating...
[ 2026-05-13 19:39:59 | node_15 | INFO ] 📈 Evaluated. Results: {'test_loss': 0.9297271966934204, 'test_acc': 0.925000011920929, 'test_precision': 0.9240320324897766, 'test_recall': 0.9226102232933044, 'test_f1': 0.9217596650123596, 'communication_cost': 33870564}
[ 2026-05-13 19:39:59 | node_30 | INFO ] ⏳ Dynamic Patience (iteration 1): Missing nodes still active. Waiting 150s more...
[ 2026-05-13 19:39:59 | node_15 | INFO ] 📢 Broadcasting metrics.
[ 2026-05-13 19:39:59 | node_3 | INFO ] 📈 Evaluated. Results: {'test_loss': 0.3254108726978302, 'test_acc': 0.949999988079071, 'test_precision': 0.9524239897727966, 'test_recall': 0.9455409049987793, 'test_f1': 0.9469223022460938, 'communication_cost': 26343772}
[ 2026-05-13 19:39:59 | node_9 | INFO ] ⏹️  Gossiping exited for 50 equal rounds.
[ 2026-05-13 19:40:00 | node_9 | INFO ] 🔬 Evaluating...
[ 2026-05-13 19:40:00 | node_3 | INFO ] 📢 Broadcasting metrics.
[ 2026-05-13 19:40:00 | node_9 | INFO ] 📈 Evaluated. Results: {'test_loss': 0.24631695449352264, 'test_acc': 0.949999988079071, 'test_precision': 0.9400651454925537, 'test_recall': 0.9485478401184082, 'test_f1': 0.9430776834487915, 'communication_cost': 22580376}
[ 2026-05-13 19:40:01 | node_9 | INFO ] 📢 Broadcasting metrics.
[ 2026-05-13 19:40:01 | node_44 | INFO ] 🎉 Round 49 of 50 finished.
[ 2026-05-13 19:40:01 | node_44 | INFO ] 🗳️ [DETERMINISTIC] Train set assigned (No Voting). Size: 50
[ 2026-05-13 19:40:01 | node_44 | INFO ] ♻️ Proactively processing 12 early models for round 49.
[ 2026-05-13 19:40:01 | node_44 | INFO ] 🧩 Model added for round 49 (1/13) from ['node_30']
[ 2026-05-13 19:40:02 | node_44 | INFO ] 🧩 Model added for round 49 (2/13) from ['node_29']
[ 2026-05-13 19:40:02 | node_44 | INFO ] 🧩 Model added for round 49 (3/13) from ['node_39']
[ 2026-05-13 19:40:02 | node_44 | INFO ] 🧩 Model added for round 49 (4/13) from ['node_32']
[ 2026-05-13 19:40:02 | node_44 | INFO ] 🧩 Model added for round 49 (5/13) from ['node_21']
[ 2026-05-13 19:40:02 | node_44 | INFO ] 🧩 Model added for round 49 (6/13) from ['node_18']
[ 2026-05-13 19:40:02 | node_44 | INFO ] 🧩 Model added for round 49 (7/13) from ['node_1']
[ 2026-05-13 19:40:02 | node_44 | INFO ] 🧩 Model added for round 49 (8/13) from ['node_4']
[ 2026-05-13 19:40:02 | node_44 | INFO ] 🧩 Model added for round 49 (9/13) from ['node_24']
[ 2026-05-13 19:40:02 | node_44 | INFO ] 🧩 Model added for round 49 (10/13) from ['node_10']
[ 2026-05-13 19:40:02 | node_44 | INFO ] 🧩 Model added for round 49 (11/13) from ['node_27']
[ 2026-05-13 19:40:02 | node_44 | INFO ] 🧩 Model added for round 49 (12/13) from ['node_47']
[ 2026-05-13 19:40:02 | node_44 | INFO ] 🏋️‍♀️ Preparing training...
[ 2026-05-13 19:40:02 | node_3 | INFO ] 🎉 Round 50 of 50 finished.
[ 2026-05-13 19:40:02 | node_3 | INFO ] 😋 Training finished!!
[ 2026-05-13 19:40:03 | node_15 | INFO ] 🎉 Round 50 of 50 finished.
[ 2026-05-13 19:40:03 | node_15 | INFO ] 😋 Training finished!!
[ 2026-05-13 19:40:03 | node_44 | INFO ] 🎓 Training step done.
[ 2026-05-13 19:40:03 | node_44 | INFO ] 🛠️ Calling force_add_local_model...
[ 2026-05-13 19:40:03 | node_9 | INFO ] 🎉 Round 50 of 50 finished.
[ 2026-05-13 19:40:03 | node_9 | INFO ] 😋 Training finished!!
[ 2026-05-13 19:40:03 | node_44 | INFO ] ✅ [FORCE] Local model added for round 49. (13/13)
[ 2026-05-13 19:40:05 | node_29 | INFO ] ⏳ Dynamic Patience (iteration 1): Missing nodes still active. Waiting 150s more...
[ 2026-05-13 19:40:08 | node_39 | INFO ] ⏳ Dynamic Patience (iteration 1): Missing nodes still active. Waiting 150s more...
[ 2026-05-13 19:40:08 | node_44 | INFO ] 📤 Sending model to 12 direct neighbors: ['node_1', 'node_4', 'node_10', 'node_18', 'node_21', 'node_24', 'node_27', 'node_29', 'node_30', 'node_32', 'node_39', 'node_47']
[ 2026-05-13 19:40:08 | node_1 | INFO ] 🧩 Model added for round 49 (9/9) from ['node_44']
[ 2026-05-13 19:40:09 | node_1 | INFO ] 🧠 Aggregation complete. Setting new model.
[ 2026-05-13 19:40:10 | node_4 | INFO ] 🧩 Model added for round 49 (10/10) from ['node_44']
[ 2026-05-13 19:40:10 | node_1 | INFO ] 🗣️ Gossiping aggregated model.
[ 2026-05-13 19:40:11 | node_32 | INFO ] ⏳ Dynamic Patience (iteration 1): Missing nodes still active. Waiting 150s more...
[ 2026-05-13 19:40:12 | node_21 | INFO ] ⏳ Dynamic Patience (iteration 1): Missing nodes still active. Waiting 150s more...
[ 2026-05-13 19:40:12 | node_10 | INFO ] 🧩 Model added for round 49 (10/10) from ['node_44']
[ 2026-05-13 19:40:13 | node_10 | INFO ] 🧠 Aggregation complete. Setting new model.
[ 2026-05-13 19:40:13 | node_4 | INFO ] 🧠 Aggregation complete. Setting new model.
[ 2026-05-13 19:40:14 | node_4 | INFO ] 🗣️ Gossiping aggregated model.
[ 2026-05-13 19:40:14 | node_10 | INFO ] 🗣️ Gossiping aggregated model.
[ 2026-05-13 19:40:15 | node_18 | INFO ] 🧩 Model added for round 49 (15/15) from ['node_44']
[ 2026-05-13 19:40:18 | node_21 | INFO ] 🧩 Model added for round 49 (12/12) from ['node_44']
[ 2026-05-13 19:40:18 | node_18 | INFO ] 🧠 Aggregation complete. Setting new model.
[ 2026-05-13 19:40:18 | node_21 | INFO ] 🧠 Aggregation complete. Setting new model.
[ 2026-05-13 19:40:20 | node_24 | INFO ] 🧩 Model added for round 49 (10/10) from ['node_44']
[ 2026-05-13 19:40:20 | node_21 | INFO ] 🗣️ Gossiping aggregated model.
[ 2026-05-13 19:40:21 | node_18 | INFO ] 🗣️ Gossiping aggregated model.
[ 2026-05-13 19:40:22 | node_27 | INFO ] 🧩 Model added for round 49 (10/10) from ['node_44']
[ 2026-05-13 19:40:23 | node_24 | INFO ] 🧠 Aggregation complete. Setting new model.
[ 2026-05-13 19:40:23 | node_27 | INFO ] 🧠 Aggregation complete. Setting new model.
[ 2026-05-13 19:40:23 | node_27 | INFO ] 🗣️ Gossiping aggregated model.
[ 2026-05-13 19:40:24 | node_29 | INFO ] 🧩 Model added for round 49 (12/12) from ['node_44']
[ 2026-05-13 19:40:24 | node_24 | INFO ] 🗣️ Gossiping aggregated model.
[ 2026-05-13 19:40:24 | node_48 | INFO ] ⏹️  Gossiping exited for 50 equal rounds.
[ 2026-05-13 19:40:24 | node_48 | INFO ] 🔬 Evaluating...
[ 2026-05-13 19:40:25 | node_48 | INFO ] 📈 Evaluated. Results: {'test_loss': 0.29175782203674316, 'test_acc': 0.9700000286102295, 'test_precision': 0.9718546867370605, 'test_recall': 0.9632852673530579, 'test_f1': 0.9662383794784546, 'communication_cost': 18816980}
[ 2026-05-13 19:40:25 | node_48 | INFO ] 📢 Broadcasting metrics.
[ 2026-05-13 19:40:26 | node_30 | INFO ] 🧩 Model added for round 49 (6/6) from ['node_44']
[ 2026-05-13 19:40:27 | node_48 | INFO ] 🎉 Round 50 of 50 finished.
[ 2026-05-13 19:40:27 | node_32 | INFO ] 🧩 Model added for round 49 (5/5) from ['node_44']
[ 2026-05-13 19:40:27 | node_48 | INFO ] 😋 Training finished!!
[ 2026-05-13 19:40:27 | node_30 | INFO ] 🧠 Aggregation complete. Setting new model.
[ 2026-05-13 19:40:27 | node_29 | INFO ] 🧠 Aggregation complete. Setting new model.
[ 2026-05-13 19:40:27 | node_32 | INFO ] 🧠 Aggregation complete. Setting new model.
[ 2026-05-13 19:40:27 | node_32 | INFO ] 🗣️ Gossiping aggregated model.
[ 2026-05-13 19:40:28 | node_30 | INFO ] 🗣️ Gossiping aggregated model.
[ 2026-05-13 19:40:28 | node_39 | INFO ] 🧩 Model added for round 49 (8/8) from ['node_44']
[ 2026-05-13 19:40:28 | node_41 | INFO ] ⏹️  Gossiping exited for 50 equal rounds.
[ 2026-05-13 19:40:28 | node_29 | INFO ] 🗣️ Gossiping aggregated model.
[ 2026-05-13 19:40:28 | node_41 | INFO ] 🔬 Evaluating...
[ 2026-05-13 19:40:29 | node_41 | INFO ] 📈 Evaluated. Results: {'test_loss': 0.3136882781982422, 'test_acc': 0.9599999785423279, 'test_precision': 0.9659008979797363, 'test_recall': 0.9573593139648438, 'test_f1': 0.9586393237113953, 'communication_cost': 22580376}
[ 2026-05-13 19:40:29 | node_41 | INFO ] 📢 Broadcasting metrics.
[ 2026-05-13 19:40:30 | node_47 | INFO ] 🧩 Model added for round 49 (14/14) from ['node_44']
[ 2026-05-13 19:40:30 | node_39 | INFO ] 🧠 Aggregation complete. Setting new model.
[ 2026-05-13 19:40:30 | node_7 | INFO ] 🤫 Gossip finished.
[ 2026-05-13 19:40:30 | node_34 | INFO ] ⏹️  Gossiping exited for 50 equal rounds.
[ 2026-05-13 19:40:30 | node_7 | INFO ] 🔬 Evaluating...
[ 2026-05-13 19:40:30 | node_34 | INFO ] 🔬 Evaluating...
[ 2026-05-13 19:40:31 | node_39 | INFO ] 🗣️ Gossiping aggregated model.
[ 2026-05-13 19:40:31 | node_7 | INFO ] 📈 Evaluated. Results: {'test_loss': 0.3825833797454834, 'test_acc': 0.9649999737739563, 'test_precision': 0.972689151763916, 'test_recall': 0.960405170917511, 'test_f1': 0.9648435711860657, 'communication_cost': 30107168}
[ 2026-05-13 19:40:31 | node_34 | INFO ] 📈 Evaluated. Results: {'test_loss': 0.2374514788389206, 'test_acc': 0.9649999737739563, 'test_precision': 0.9629036784172058, 'test_recall': 0.9682345390319824, 'test_f1': 0.9647097587585449, 'communication_cost': 33870564}
[ 2026-05-13 19:40:31 | node_7 | INFO ] 📢 Broadcasting metrics.
[ 2026-05-13 19:40:32 | node_34 | INFO ] 📢 Broadcasting metrics.
[ 2026-05-13 19:40:32 | node_41 | INFO ] 🎉 Round 50 of 50 finished.
[ 2026-05-13 19:40:32 | node_41 | INFO ] 😋 Training finished!!
[ 2026-05-13 19:40:33 | node_44 | INFO ] 🧠 Aggregation complete. Setting new model.
[ 2026-05-13 19:40:33 | node_47 | INFO ] 🧠 Aggregation complete. Setting new model.
[ 2026-05-13 19:40:35 | node_30 | INFO ] 🤫 Gossip finished.
[ 2026-05-13 19:40:35 | node_7 | INFO ] 🎉 Round 50 of 50 finished.
[ 2026-05-13 19:40:35 | node_7 | INFO ] 😋 Training finished!!
[ 2026-05-13 19:40:35 | node_47 | INFO ] 🗣️ Gossiping aggregated model.
[ 2026-05-13 19:40:35 | node_30 | INFO ] 🔬 Evaluating...
[ 2026-05-13 19:40:35 | node_44 | INFO ] 🗣️ Gossiping aggregated model.
[ 2026-05-13 19:40:35 | node_44 | INFO ] 🤫 Gossip finished.
[ 2026-05-13 19:40:35 | node_44 | INFO ] 🔬 Evaluating...
[ 2026-05-13 19:40:35 | node_30 | INFO ] 📈 Evaluated. Results: {'test_loss': 0.04435567930340767, 'test_acc': 0.9850000143051147, 'test_precision': 0.9865267276763916, 'test_recall': 0.986666738986969, 'test_f1': 0.9861458539962769, 'communication_cost': 18816980}
[ 2026-05-13 19:40:36 | node_44 | INFO ] 📈 Evaluated. Results: {'test_loss': 0.142167329788208, 'test_acc': 0.9750000238418579, 'test_precision': 0.9754711389541626, 'test_recall': 0.9758601188659668, 'test_f1': 0.9752343893051147, 'communication_cost': 45160752}
[ 2026-05-13 19:40:36 | node_34 | INFO ] 🎉 Round 50 of 50 finished.
[ 2026-05-13 19:40:36 | node_34 | INFO ] 😋 Training finished!!
[ 2026-05-13 19:40:36 | node_30 | INFO ] 📢 Broadcasting metrics.
[ 2026-05-13 19:40:36 | node_28 | INFO ] 🤫 Gossip finished.
[ 2026-05-13 19:40:36 | node_28 | INFO ] 🔬 Evaluating...
[ 2026-05-13 19:40:36 | node_44 | INFO ] 📢 Broadcasting metrics.
[ 2026-05-13 19:40:36 | node_28 | INFO ] 📈 Evaluated. Results: {'test_loss': 0.27158084511756897, 'test_acc': 0.9599999785423279, 'test_precision': 0.9625464081764221, 'test_recall': 0.9541735053062439, 'test_f1': 0.957064688205719, 'communication_cost': 33870564}
[ 2026-05-13 19:40:37 | node_28 | INFO ] 📢 Broadcasting metrics.
[ 2026-05-13 19:40:38 | node_30 | INFO ] 🎉 Round 50 of 50 finished.
[ 2026-05-13 19:40:38 | node_30 | INFO ] 😋 Training finished!!
[ 2026-05-13 19:40:41 | node_44 | INFO ] 🎉 Round 50 of 50 finished.
[ 2026-05-13 19:40:41 | node_44 | INFO ] 😋 Training finished!!
[ 2026-05-13 19:40:41 | node_28 | INFO ] 🎉 Round 50 of 50 finished.
[ 2026-05-13 19:40:41 | node_28 | INFO ] 😋 Training finished!!
[ 2026-05-13 19:40:44 | node_31 | INFO ] ⏹️  Gossiping exited for 50 equal rounds.
[ 2026-05-13 19:40:45 | node_31 | INFO ] 🔬 Evaluating...
[ 2026-05-13 19:40:45 | node_20 | INFO ] ⏹️  Gossiping exited for 50 equal rounds.
[ 2026-05-13 19:40:45 | node_31 | INFO ] 📈 Evaluated. Results: {'test_loss': 0.22905051708221436, 'test_acc': 0.9750000238418579, 'test_precision': 0.9726374745368958, 'test_recall': 0.9736520648002625, 'test_f1': 0.9728899598121643, 'communication_cost': 22580376}
[ 2026-05-13 19:40:45 | node_31 | INFO ] 📢 Broadcasting metrics.
[ 2026-05-13 19:40:45 | node_20 | INFO ] 🔬 Evaluating...
[ 2026-05-13 19:40:45 | node_20 | INFO ] 📈 Evaluated. Results: {'test_loss': 0.08040285110473633, 'test_acc': 0.9800000190734863, 'test_precision': 0.9815475940704346, 'test_recall': 0.9836257696151733, 'test_f1': 0.9819703102111816, 'communication_cost': 15053584}
[ 2026-05-13 19:40:46 | node_20 | INFO ] 📢 Broadcasting metrics.
[ 2026-05-13 19:40:46 | node_22 | INFO ] ⏹️  Gossiping exited for 50 equal rounds.
[ 2026-05-13 19:40:46 | node_40 | INFO ] ⏹️  Gossiping exited for 50 equal rounds.
[ 2026-05-13 19:40:46 | node_22 | INFO ] 🔬 Evaluating...
[ 2026-05-13 19:40:46 | node_40 | INFO ] 🔬 Evaluating...
[ 2026-05-13 19:40:46 | node_22 | INFO ] 📈 Evaluated. Results: {'test_loss': 0.2370322346687317, 'test_acc': 0.9549999833106995, 'test_precision': 0.9557744860649109, 'test_recall': 0.9555912613868713, 'test_f1': 0.9548166394233704, 'communication_cost': 15053584}
[ 2026-05-13 19:40:47 | node_22 | INFO ] 📢 Broadcasting metrics.
[ 2026-05-13 19:40:47 | node_40 | INFO ] 📈 Evaluated. Results: {'test_loss': 0.04300135001540184, 'test_acc': 0.9750000238418579, 'test_precision': 0.9769872426986694, 'test_recall': 0.979465663433075, 'test_f1': 0.9777421355247498, 'communication_cost': 26343772}
[ 2026-05-13 19:40:47 | node_40 | INFO ] 📢 Broadcasting metrics.
[ 2026-05-13 19:40:48 | node | INFO ] ⏹️  Gossiping exited for 50 equal rounds.
[ 2026-05-13 19:40:49 | node | INFO ] 🔬 Evaluating...
[ 2026-05-13 19:40:49 | node_36 | INFO ] ⏹️  Gossiping exited for 50 equal rounds.
[ 2026-05-13 19:40:49 | node_20 | INFO ] 🎉 Round 50 of 50 finished.
[ 2026-05-13 19:40:49 | node_20 | INFO ] 😋 Training finished!!
[ 2026-05-13 19:40:49 | node_36 | INFO ] 🔬 Evaluating...
[ 2026-05-13 19:40:49 | node | INFO ] 📈 Evaluated. Results: {'test_loss': 0.15743325650691986, 'test_acc': 0.9800000190734863, 'test_precision': 0.9789100885391235, 'test_recall': 0.9785894751548767, 'test_f1': 0.9786677360534668, 'communication_cost': 37633960}
[ 2026-05-13 19:40:49 | node | INFO ] 📢 Broadcasting metrics.
[ 2026-05-13 19:40:50 | node_14 | INFO ] ⏹️  Gossiping exited for 50 equal rounds.
[ 2026-05-13 19:40:50 | node_36 | INFO ] 📈 Evaluated. Results: {'test_loss': 0.017785541713237762, 'test_acc': 0.9900000095367432, 'test_precision': 0.9925926923751831, 'test_recall': 0.9905702471733093, 'test_f1': 0.9913235306739807, 'communication_cost': 33870564}
[ 2026-05-13 19:40:50 | node_31 | INFO ] 🎉 Round 50 of 50 finished.
[ 2026-05-13 19:40:50 | node_22 | INFO ] 🎉 Round 50 of 50 finished.
[ 2026-05-13 19:40:50 | node_31 | INFO ] 😋 Training finished!!
[ 2026-05-13 19:40:50 | node_36 | INFO ] 📢 Broadcasting metrics.
[ 2026-05-13 19:40:50 | node_22 | INFO ] 😋 Training finished!!
[ 2026-05-13 19:40:50 | node_14 | INFO ] 🔬 Evaluating...
[ 2026-05-13 19:40:50 | node_38 | INFO ] ⏹️  Gossiping exited for 50 equal rounds.
[ 2026-05-13 19:40:51 | node_14 | INFO ] 📈 Evaluated. Results: {'test_loss': 0.13786160945892334, 'test_acc': 0.9750000238418579, 'test_precision': 0.9757500290870667, 'test_recall': 0.9787066578865051, 'test_f1': 0.9765646457672119, 'communication_cost': 33870564}
[ 2026-05-13 19:40:51 | node_14 | INFO ] 📢 Broadcasting metrics.
[ 2026-05-13 19:40:51 | node_38 | INFO ] 🔬 Evaluating...
[ 2026-05-13 19:40:51 | node_38 | INFO ] 📈 Evaluated. Results: {'test_loss': 0.003669362049549818, 'test_acc': 1.0, 'test_precision': 1.0000001192092896, 'test_recall': 1.0000001192092896, 'test_f1': 1.0000001192092896, 'communication_cost': 45160752}
[ 2026-05-13 19:40:51 | node_38 | INFO ] 📢 Broadcasting metrics.
[ 2026-05-13 19:40:52 | node_40 | INFO ] 🎉 Round 50 of 50 finished.
[ 2026-05-13 19:40:52 | node_40 | INFO ] 😋 Training finished!!
[ 2026-05-13 19:40:55 | node_35 | INFO ] ⏹️  Gossiping exited for 50 equal rounds.
[ 2026-05-13 19:40:55 | node_35 | INFO ] 🔬 Evaluating...
[ 2026-05-13 19:40:55 | node_35 | INFO ] 📈 Evaluated. Results: {'test_loss': 0.21801479160785675, 'test_acc': 0.9800000190734863, 'test_precision': 0.9774036407470703, 'test_recall': 0.9779049158096313, 'test_f1': 0.9772951006889343, 'communication_cost': 26343772}
[ 2026-05-13 19:40:55 | node_35 | INFO ] 📢 Broadcasting metrics.
[ 2026-05-13 19:40:55 | node_36 | INFO ] 🎉 Round 50 of 50 finished.
[ 2026-05-13 19:40:56 | node_36 | INFO ] 😋 Training finished!!
[ 2026-05-13 19:40:56 | node | INFO ] 🎉 Round 50 of 50 finished.
[ 2026-05-13 19:40:56 | node | INFO ] 😋 Training finished!!
[ 2026-05-13 19:40:56 | node_14 | INFO ] 🎉 Round 50 of 50 finished.
[ 2026-05-13 19:40:56 | node_14 | INFO ] 😋 Training finished!!
[ 2026-05-13 19:40:58 | node_38 | INFO ] 🎉 Round 50 of 50 finished.
[ 2026-05-13 19:40:58 | node_38 | INFO ] 😋 Training finished!!
[ 2026-05-13 19:40:59 | node_35 | INFO ] 🎉 Round 50 of 50 finished.
[ 2026-05-13 19:40:59 | node_35 | INFO ] 😋 Training finished!!
[ 2026-05-13 19:41:01 | node_42 | INFO ] ⏹️  Gossiping exited for 50 equal rounds.
[ 2026-05-13 19:41:01 | node_42 | INFO ] 🔬 Evaluating...
[ 2026-05-13 19:41:01 | node_42 | INFO ] 📈 Evaluated. Results: {'test_loss': 0.3373778164386749, 'test_acc': 0.9700000286102295, 'test_precision': 0.9734300374984741, 'test_recall': 0.9681287407875061, 'test_f1': 0.9695159196853638, 'communication_cost': 45160752}
[ 2026-05-13 19:41:01 | node_42 | INFO ] 📢 Broadcasting metrics.
[ 2026-05-13 19:41:07 | node_42 | INFO ] 🎉 Round 50 of 50 finished.
[ 2026-05-13 19:41:07 | node_42 | INFO ] 😋 Training finished!!
[ 2026-05-13 19:41:07 | node_17 | INFO ] ⏹️  Gossiping exited for 50 equal rounds.
[ 2026-05-13 19:41:08 | node_17 | INFO ] 🔬 Evaluating...
[ 2026-05-13 19:41:08 | node_17 | INFO ] 📈 Evaluated. Results: {'test_loss': 0.15655146539211273, 'test_acc': 0.9750000238418579, 'test_precision': 0.9705246090888977, 'test_recall': 0.974488377571106, 'test_f1': 0.971447229385376, 'communication_cost': 30107168}
[ 2026-05-13 19:41:08 | node_17 | INFO ] 📢 Broadcasting metrics.
[ 2026-05-13 19:41:12 | node_17 | INFO ] 🎉 Round 50 of 50 finished.
[ 2026-05-13 19:41:12 | node_17 | INFO ] 😋 Training finished!!
[ 2026-05-13 19:41:32 | node_16 | INFO ] ⏹️  Gossiping exited for 50 equal rounds.
[ 2026-05-13 19:41:32 | node_16 | INFO ] 🔬 Evaluating...
[ 2026-05-13 19:41:32 | node_16 | INFO ] 📈 Evaluated. Results: {'test_loss': 0.3571593165397644, 'test_acc': 0.9599999785423279, 'test_precision': 0.9493352770805359, 'test_recall': 0.9630405306816101, 'test_f1': 0.9543343186378479, 'communication_cost': 45160752}
[ 2026-05-13 19:41:32 | node_16 | INFO ] 📢 Broadcasting metrics.
[ 2026-05-13 19:41:33 | node_19 | INFO ] ⏹️  Gossiping exited for 50 equal rounds.
[ 2026-05-13 19:41:34 | node_19 | INFO ] 🔬 Evaluating...
[ 2026-05-13 19:41:34 | node_19 | INFO ] 📈 Evaluated. Results: {'test_loss': 0.20892663300037384, 'test_acc': 0.9750000238418579, 'test_precision': 0.970320463180542, 'test_recall': 0.9786522388458252, 'test_f1': 0.9730872511863708, 'communication_cost': 30107168}
[ 2026-05-13 19:41:34 | node_19 | INFO ] 📢 Broadcasting metrics.
[ 2026-05-13 19:41:38 | node_19 | INFO ] 🎉 Round 50 of 50 finished.
[ 2026-05-13 19:41:38 | node_19 | INFO ] 😋 Training finished!!
[ 2026-05-13 19:41:38 | node_16 | INFO ] 🎉 Round 50 of 50 finished.
[ 2026-05-13 19:41:38 | node_16 | INFO ] 😋 Training finished!!
[ 2026-05-13 19:41:49 | node_5 | INFO ] ⏹️  Gossiping exited for 50 equal rounds.
[ 2026-05-13 19:41:50 | node_5 | INFO ] 🔬 Evaluating...
[ 2026-05-13 19:41:50 | node_5 | INFO ] 📈 Evaluated. Results: {'test_loss': 0.2488538771867752, 'test_acc': 0.9649999737739563, 'test_precision': 0.9628860950469971, 'test_recall': 0.9661381244659424, 'test_f1': 0.9635721445083618, 'communication_cost': 41397356}
[ 2026-05-13 19:41:50 | node_5 | INFO ] 📢 Broadcasting metrics.
[ 2026-05-13 19:41:53 | node_11 | INFO ] ⏹️  Gossiping exited for 50 equal rounds.
[ 2026-05-13 19:41:53 | node_11 | INFO ] 🔬 Evaluating...
[ 2026-05-13 19:41:54 | node_11 | INFO ] 📈 Evaluated. Results: {'test_loss': 0.15518726408481598, 'test_acc': 0.9649999737739563, 'test_precision': 0.9655448794364929, 'test_recall': 0.9630952477455139, 'test_f1': 0.9634274244308472, 'communication_cost': 45160752}
[ 2026-05-13 19:41:54 | node_11 | INFO ] 📢 Broadcasting metrics.
[ 2026-05-13 19:41:55 | node_5 | INFO ] 🎉 Round 50 of 50 finished.
[ 2026-05-13 19:41:55 | node_5 | INFO ] 😋 Training finished!!
[ 2026-05-13 19:41:57 | node_13 | INFO ] ⏹️  Gossiping exited for 50 equal rounds.
[ 2026-05-13 19:41:57 | node_13 | INFO ] 🔬 Evaluating...
[ 2026-05-13 19:41:57 | node_13 | INFO ] 📈 Evaluated. Results: {'test_loss': 0.08653511852025986, 'test_acc': 0.9700000286102295, 'test_precision': 0.9701270461082458, 'test_recall': 0.9731677770614624, 'test_f1': 0.9711787700653076, 'communication_cost': 41397356}
[ 2026-05-13 19:41:58 | node_13 | INFO ] 📢 Broadcasting metrics.
[ 2026-05-13 19:41:59 | node_11 | INFO ] 🎉 Round 50 of 50 finished.
[ 2026-05-13 19:41:59 | node_11 | INFO ] 😋 Training finished!!
[ 2026-05-13 19:42:02 | node_13 | INFO ] 🎉 Round 50 of 50 finished.
[ 2026-05-13 19:42:02 | node_13 | INFO ] 😋 Training finished!!
[ 2026-05-13 19:42:06 | node_10 | INFO ] ⏹️  Gossiping exited for 50 equal rounds.
[ 2026-05-13 19:42:07 | node_10 | INFO ] 🔬 Evaluating...
[ 2026-05-13 19:42:07 | node_10 | INFO ] 📈 Evaluated. Results: {'test_loss': 0.16653116047382355, 'test_acc': 0.9750000238418579, 'test_precision': 0.9781104326248169, 'test_recall': 0.9757372140884399, 'test_f1': 0.9762595891952515, 'communication_cost': 33870564}
[ 2026-05-13 19:42:07 | node_10 | INFO ] 📢 Broadcasting metrics.
[ 2026-05-13 19:42:10 | node_10 | INFO ] 🎉 Round 50 of 50 finished.
[ 2026-05-13 19:42:11 | node_10 | INFO ] 😋 Training finished!!
[ 2026-05-13 19:42:19 | node_33 | INFO ] ⏹️  Gossiping exited for 50 equal rounds.
[ 2026-05-13 19:42:19 | node_33 | INFO ] 🔬 Evaluating...
[ 2026-05-13 19:42:19 | node_33 | INFO ] 📈 Evaluated. Results: {'test_loss': 0.23564442992210388, 'test_acc': 0.9599999785423279, 'test_precision': 0.9591001868247986, 'test_recall': 0.9616085886955261, 'test_f1': 0.9578477740287781, 'communication_cost': 37633960}
[ 2026-05-13 19:42:20 | node_32 | INFO ] ⏹️  Gossiping exited for 50 equal rounds.
[ 2026-05-13 19:42:20 | node_32 | INFO ] 🔬 Evaluating...
[ 2026-05-13 19:42:20 | node_33 | INFO ] 📢 Broadcasting metrics.
[ 2026-05-13 19:42:20 | node_32 | INFO ] 📈 Evaluated. Results: {'test_loss': 0.28712198138237, 'test_acc': 0.9700000286102295, 'test_precision': 0.9689199328422546, 'test_recall': 0.9757143259048462, 'test_f1': 0.97114098072052, 'communication_cost': 15053584}
[ 2026-05-13 19:42:20 | node_32 | INFO ] 📢 Broadcasting metrics.
[ 2026-05-13 19:42:21 | node_32 | INFO ] 🎉 Round 50 of 50 finished.
[ 2026-05-13 19:42:21 | node_32 | INFO ] 😋 Training finished!!
[ 2026-05-13 19:42:22 | node_33 | INFO ] 🎉 Round 50 of 50 finished.
[ 2026-05-13 19:42:22 | node_33 | INFO ] 😋 Training finished!!
[ 2026-05-13 19:42:32 | node_1 | INFO ] ⏹️  Gossiping exited for 50 equal rounds.
[ 2026-05-13 19:42:32 | node_1 | INFO ] 🔬 Evaluating...
[ 2026-05-13 19:42:33 | node_1 | INFO ] 📈 Evaluated. Results: {'test_loss': 0.29673364758491516, 'test_acc': 0.9750000238418579, 'test_precision': 0.9773104190826416, 'test_recall': 0.974850058555603, 'test_f1': 0.9758503437042236, 'communication_cost': 30107168}
[ 2026-05-13 19:42:33 | node_1 | INFO ] 📢 Broadcasting metrics.
[ 2026-05-13 19:42:34 | node_26 | INFO ] ⏹️  Gossiping exited for 50 equal rounds.
[ 2026-05-13 19:42:34 | node_18 | INFO ] ⏹️  Gossiping exited for 50 equal rounds.
[ 2026-05-13 19:42:34 | node_26 | INFO ] 🔬 Evaluating...
[ 2026-05-13 19:42:34 | node_18 | INFO ] 🔬 Evaluating...
[ 2026-05-13 19:42:35 | node_18 | INFO ] 📈 Evaluated. Results: {'test_loss': 0.18172501027584076, 'test_acc': 0.9649999737739563, 'test_precision': 0.9635458588600159, 'test_recall': 0.9637662768363953, 'test_f1': 0.9630590677261353, 'communication_cost': 52687544}
[ 2026-05-13 19:42:35 | node_26 | INFO ] 📈 Evaluated. Results: {'test_loss': 0.10722045600414276, 'test_acc': 0.9599999785423279, 'test_precision': 0.9635018110275269, 'test_recall': 0.9616779088973999, 'test_f1': 0.9621425867080688, 'communication_cost': 26343772}
[ 2026-05-13 19:42:35 | node_26 | INFO ] 📢 Broadcasting metrics.
[ 2026-05-13 19:42:35 | node_1 | INFO ] 🎉 Round 50 of 50 finished.
[ 2026-05-13 19:42:35 | node_1 | INFO ] 😋 Training finished!!
[ 2026-05-13 19:42:35 | node_18 | INFO ] 📢 Broadcasting metrics.
[ 2026-05-13 19:42:37 | node_25 | INFO ] ⏹️  Gossiping exited for 50 equal rounds.
[ 2026-05-13 19:42:37 | node_25 | INFO ] 🔬 Evaluating...
[ 2026-05-13 19:42:37 | node_25 | INFO ] 📈 Evaluated. Results: {'test_loss': 0.10863157361745834, 'test_acc': 0.9700000286102295, 'test_precision': 0.9718581438064575, 'test_recall': 0.9696958065032959, 'test_f1': 0.9699485301971436, 'communication_cost': 30107168}
[ 2026-05-13 19:42:37 | node_25 | INFO ] 📢 Broadcasting metrics.
[ 2026-05-13 19:42:38 | node_46 | INFO ] ⏹️  Gossiping exited for 50 equal rounds.
[ 2026-05-13 19:42:38 | node_26 | INFO ] 🎉 Round 50 of 50 finished.
[ 2026-05-13 19:42:38 | node_26 | INFO ] 😋 Training finished!!
[ 2026-05-13 19:42:38 | node_46 | INFO ] 🔬 Evaluating...
[ 2026-05-13 19:42:38 | node_46 | INFO ] 📈 Evaluated. Results: {'test_loss': 0.12915241718292236, 'test_acc': 0.9649999737739563, 'test_precision': 0.9621826410293579, 'test_recall': 0.9698151350021362, 'test_f1': 0.9645297527313232, 'communication_cost': 22580376}
[ 2026-05-13 19:42:38 | node_46 | INFO ] 📢 Broadcasting metrics.
[ 2026-05-13 19:42:40 | node_25 | INFO ] 🎉 Round 50 of 50 finished.
[ 2026-05-13 19:42:40 | node_25 | INFO ] 😋 Training finished!!
[ 2026-05-13 19:42:41 | node_46 | INFO ] 🎉 Round 50 of 50 finished.
[ 2026-05-13 19:42:41 | node_46 | INFO ] 😋 Training finished!!
[ 2026-05-13 19:42:41 | node_18 | INFO ] 🎉 Round 50 of 50 finished.
[ 2026-05-13 19:42:41 | node_18 | INFO ] 😋 Training finished!!
[ 2026-05-13 19:42:52 | node_27 | INFO ] ⏹️  Gossiping exited for 50 equal rounds.
[ 2026-05-13 19:42:52 | node_27 | INFO ] 🔬 Evaluating...
[ 2026-05-13 19:42:52 | node_4 | INFO ] ⏹️  Gossiping exited for 50 equal rounds.
[ 2026-05-13 19:42:52 | node_4 | INFO ] 🔬 Evaluating...
[ 2026-05-13 19:42:52 | node_27 | INFO ] 📈 Evaluated. Results: {'test_loss': 0.2968243956565857, 'test_acc': 0.9750000238418579, 'test_precision': 0.9734035730361938, 'test_recall': 0.9768060445785522, 'test_f1': 0.9742510914802551, 'communication_cost': 33870564}
[ 2026-05-13 19:42:52 | node_27 | INFO ] 📢 Broadcasting metrics.
[ 2026-05-13 19:42:52 | node_4 | INFO ] 📈 Evaluated. Results: {'test_loss': 0.06436553597450256, 'test_acc': 0.9850000143051147, 'test_precision': 0.985770046710968, 'test_recall': 0.9841457605361938, 'test_f1': 0.9843969941139221, 'communication_cost': 33870564}
[ 2026-05-13 19:42:52 | node_4 | INFO ] 📢 Broadcasting metrics.
[ 2026-05-13 19:42:55 | node_27 | INFO ] 🎉 Round 50 of 50 finished.
[ 2026-05-13 19:42:55 | node_27 | INFO ] 😋 Training finished!!
[ 2026-05-13 19:42:55 | node_4 | INFO ] 🎉 Round 50 of 50 finished.
[ 2026-05-13 19:42:55 | node_4 | INFO ] 😋 Training finished!!
[ 2026-05-13 19:42:56 | node_21 | INFO ] ⏹️  Gossiping exited for 50 equal rounds.
[ 2026-05-13 19:42:56 | node_21 | INFO ] 🔬 Evaluating...
[ 2026-05-13 19:42:57 | node_21 | INFO ] 📈 Evaluated. Results: {'test_loss': 0.13304638862609863, 'test_acc': 0.9850000143051147, 'test_precision': 0.9879599213600159, 'test_recall': 0.9833223223686218, 'test_f1': 0.985196053981781, 'communication_cost': 41397356}
[ 2026-05-13 19:42:57 | node_21 | INFO ] 📢 Broadcasting metrics.
[ 2026-05-13 19:42:57 | node_39 | INFO ] ⏹️  Gossiping exited for 50 equal rounds.
[ 2026-05-13 19:42:58 | node_39 | INFO ] 🔬 Evaluating...
[ 2026-05-13 19:42:58 | node_39 | INFO ] 📈 Evaluated. Results: {'test_loss': 0.2629505395889282, 'test_acc': 0.949999988079071, 'test_precision': 0.95247483253479, 'test_recall': 0.9436572194099426, 'test_f1': 0.9462419748306274, 'communication_cost': 26343772}
[ 2026-05-13 19:42:58 | node_39 | INFO ] 📢 Broadcasting metrics.
[ 2026-05-13 19:43:01 | node_39 | INFO ] 🎉 Round 50 of 50 finished.
[ 2026-05-13 19:43:01 | node_39 | INFO ] 😋 Training finished!!
[ 2026-05-13 19:43:01 | node_21 | INFO ] 🎉 Round 50 of 50 finished.
[ 2026-05-13 19:43:01 | node_21 | INFO ] 😋 Training finished!!
[ 2026-05-13 19:43:02 | node_47 | INFO ] ⏹️  Gossiping exited for 50 equal rounds.
[ 2026-05-13 19:43:02 | node_47 | INFO ] 🔬 Evaluating...
[ 2026-05-13 19:43:02 | node_47 | INFO ] 📈 Evaluated. Results: {'test_loss': 0.2042933851480484, 'test_acc': 0.9800000190734863, 'test_precision': 0.9821111559867859, 'test_recall': 0.9777778387069702, 'test_f1': 0.9797224998474121, 'communication_cost': 48924148}
[ 2026-05-13 19:43:02 | node_47 | INFO ] 📢 Broadcasting metrics.
[ 2026-05-13 19:43:04 | node_24 | INFO ] ⏹️  Gossiping exited for 50 equal rounds.
[ 2026-05-13 19:43:04 | node_24 | INFO ] 🔬 Evaluating...
[ 2026-05-13 19:43:04 | node_24 | INFO ] 📈 Evaluated. Results: {'test_loss': 0.056954216212034225, 'test_acc': 0.9800000190734863, 'test_precision': 0.9759603142738342, 'test_recall': 0.9792898297309875, 'test_f1': 0.9771730303764343, 'communication_cost': 33870564}
[ 2026-05-13 19:43:04 | node_24 | INFO ] 📢 Broadcasting metrics.
[ 2026-05-13 19:43:07 | node_29 | INFO ] ⏹️  Gossiping exited for 50 equal rounds.
[ 2026-05-13 19:43:07 | node_29 | INFO ] 🔬 Evaluating...
[ 2026-05-13 19:43:07 | node_47 | INFO ] 🎉 Round 50 of 50 finished.
[ 2026-05-13 19:43:07 | node_47 | INFO ] 😋 Training finished!!
[ 2026-05-13 19:43:07 | node_29 | INFO ] 📈 Evaluated. Results: {'test_loss': 0.18145377933979034, 'test_acc': 0.9599999785423279, 'test_precision': 0.9584529995918274, 'test_recall': 0.963349461555481, 'test_f1': 0.9598922729492188, 'communication_cost': 41397356}
[ 2026-05-13 19:43:07 | node_29 | INFO ] 📢 Broadcasting metrics.
[ 2026-05-13 19:43:07 | node_24 | INFO ] 🎉 Round 50 of 50 finished.
[ 2026-05-13 19:43:07 | node_24 | INFO ] 😋 Training finished!!
[ 2026-05-13 19:43:10 | node_29 | INFO ] 🎉 Round 50 of 50 finished.
[ 2026-05-13 19:43:10 | node_29 | INFO ] 😋 Training finished!!
[ 2026-05-13 19:43:11 | None | INFO ] 🏁 All nodes finished training. Waiting 10s for final synchronization...
[ 2026-05-13 19:43:23 | node | INFO ] Stopping node...
[ 2026-05-13 19:43:23 | node | INFO ] 🛑 Stopping gossiper...
[ 2026-05-13 19:43:23 | node | INFO ] InMemoryServer stopped at node
[ 2026-05-13 19:43:23 | node_1 | INFO ] Stopping node...
[ 2026-05-13 19:43:23 | node_1 | INFO ] 🛑 Stopping gossiper...
[ 2026-05-13 19:43:23 | node_1 | INFO ] InMemoryServer stopped at node_1
[ 2026-05-13 19:43:23 | node_2 | INFO ] Stopping node...
[ 2026-05-13 19:43:23 | node_2 | INFO ] 🛑 Stopping gossiper...
[ 2026-05-13 19:43:23 | node_2 | INFO ] InMemoryServer stopped at node_2
[ 2026-05-13 19:43:24 | node_3 | INFO ] Stopping node...
[ 2026-05-13 19:43:24 | node_3 | INFO ] 🛑 Stopping gossiper...
[ 2026-05-13 19:43:24 | node_3 | INFO ] InMemoryServer stopped at node_3
[ 2026-05-13 19:43:24 | node_4 | INFO ] Stopping node...
[ 2026-05-13 19:43:24 | node_4 | INFO ] 🛑 Stopping gossiper...
[ 2026-05-13 19:43:24 | node_4 | INFO ] InMemoryServer stopped at node_4
[ 2026-05-13 19:43:24 | node_5 | INFO ] Stopping node...
[ 2026-05-13 19:43:24 | node_5 | INFO ] 🛑 Stopping gossiper...
[ 2026-05-13 19:43:24 | node_5 | INFO ] InMemoryServer stopped at node_5
[ 2026-05-13 19:43:24 | node_6 | INFO ] Stopping node...
[ 2026-05-13 19:43:24 | node_6 | INFO ] 🛑 Stopping gossiper...
[ 2026-05-13 19:43:24 | node_6 | INFO ] InMemoryServer stopped at node_6
[ 2026-05-13 19:43:24 | node_7 | INFO ] Stopping node...
[ 2026-05-13 19:43:24 | node_7 | INFO ] 🛑 Stopping gossiper...
[ 2026-05-13 19:43:24 | node_7 | INFO ] InMemoryServer stopped at node_7
[ 2026-05-13 19:43:24 | node_8 | INFO ] Stopping node...
[ 2026-05-13 19:43:24 | node_8 | INFO ] 🛑 Stopping gossiper...
[ 2026-05-13 19:43:24 | node_8 | INFO ] InMemoryServer stopped at node_8
[ 2026-05-13 19:43:24 | node_9 | INFO ] Stopping node...
[ 2026-05-13 19:43:25 | node_9 | INFO ] 🛑 Stopping gossiper...
[ 2026-05-13 19:43:25 | node_9 | INFO ] InMemoryServer stopped at node_9
[ 2026-05-13 19:43:25 | node_10 | INFO ] Stopping node...
[ 2026-05-13 19:43:25 | node_10 | INFO ] 🛑 Stopping gossiper...
[ 2026-05-13 19:43:25 | node_10 | INFO ] InMemoryServer stopped at node_10
[ 2026-05-13 19:43:25 | node_11 | INFO ] Stopping node...
[ 2026-05-13 19:43:25 | node_11 | INFO ] 🛑 Stopping gossiper...
[ 2026-05-13 19:43:25 | node_11 | INFO ] InMemoryServer stopped at node_11
[ 2026-05-13 19:43:25 | node_12 | INFO ] Stopping node...
[ 2026-05-13 19:43:25 | node_12 | INFO ] 🛑 Stopping gossiper...
[ 2026-05-13 19:43:25 | node_12 | INFO ] InMemoryServer stopped at node_12
[ 2026-05-13 19:43:25 | node_13 | INFO ] Stopping node...
[ 2026-05-13 19:43:25 | node_13 | INFO ] 🛑 Stopping gossiper...
[ 2026-05-13 19:43:25 | node_13 | INFO ] InMemoryServer stopped at node_13
[ 2026-05-13 19:43:25 | node_14 | INFO ] Stopping node...
[ 2026-05-13 19:43:26 | node_14 | INFO ] 🛑 Stopping gossiper...
[ 2026-05-13 19:43:26 | node_14 | INFO ] InMemoryServer stopped at node_14
[ 2026-05-13 19:43:26 | node_15 | INFO ] Stopping node...
[ 2026-05-13 19:43:26 | node_15 | INFO ] 🛑 Stopping gossiper...
[ 2026-05-13 19:43:26 | node_15 | INFO ] InMemoryServer stopped at node_15
[ 2026-05-13 19:43:26 | node_16 | INFO ] Stopping node...
[ 2026-05-13 19:43:26 | node_16 | INFO ] 🛑 Stopping gossiper...
[ 2026-05-13 19:43:26 | node_16 | INFO ] InMemoryServer stopped at node_16
[ 2026-05-13 19:43:26 | node_17 | INFO ] Stopping node...
[ 2026-05-13 19:43:26 | node_17 | INFO ] 🛑 Stopping gossiper...
[ 2026-05-13 19:43:26 | node_17 | INFO ] InMemoryServer stopped at node_17
[ 2026-05-13 19:43:26 | node_18 | INFO ] Stopping node...
[ 2026-05-13 19:43:26 | node_18 | INFO ] 🛑 Stopping gossiper...
[ 2026-05-13 19:43:27 | node_18 | INFO ] InMemoryServer stopped at node_18
[ 2026-05-13 19:43:27 | node_19 | INFO ] Stopping node...
[ 2026-05-13 19:43:27 | node_19 | INFO ] 🛑 Stopping gossiper...
[ 2026-05-13 19:43:27 | node_19 | INFO ] InMemoryServer stopped at node_19
[ 2026-05-13 19:43:27 | node_20 | INFO ] Stopping node...
[ 2026-05-13 19:43:27 | node_20 | INFO ] 🛑 Stopping gossiper...
[ 2026-05-13 19:43:27 | node_20 | INFO ] InMemoryServer stopped at node_20
[ 2026-05-13 19:43:28 | node_21 | INFO ] Stopping node...
[ 2026-05-13 19:43:28 | node_21 | INFO ] 🛑 Stopping gossiper...
[ 2026-05-13 19:43:28 | node_21 | INFO ] InMemoryServer stopped at node_21
[ 2026-05-13 19:43:28 | node_22 | INFO ] Stopping node...
[ 2026-05-13 19:43:28 | node_22 | INFO ] 🛑 Stopping gossiper...
[ 2026-05-13 19:43:28 | node_22 | INFO ] InMemoryServer stopped at node_22
[ 2026-05-13 19:43:28 | node_23 | INFO ] Stopping node...
[ 2026-05-13 19:43:28 | node_23 | INFO ] 🛑 Stopping gossiper...
[ 2026-05-13 19:43:28 | node_23 | INFO ] InMemoryServer stopped at node_23
[ 2026-05-13 19:43:28 | node_24 | INFO ] Stopping node...
[ 2026-05-13 19:43:28 | node_24 | INFO ] 🛑 Stopping gossiper...
[ 2026-05-13 19:43:28 | node_24 | INFO ] InMemoryServer stopped at node_24
[ 2026-05-13 19:43:28 | node_25 | INFO ] Stopping node...
[ 2026-05-13 19:43:28 | node_25 | INFO ] 🛑 Stopping gossiper...
[ 2026-05-13 19:43:28 | node_25 | INFO ] InMemoryServer stopped at node_25
[ 2026-05-13 19:43:29 | node_26 | INFO ] Stopping node...
[ 2026-05-13 19:43:29 | node_26 | INFO ] 🛑 Stopping gossiper...
[ 2026-05-13 19:43:29 | node_26 | INFO ] InMemoryServer stopped at node_26
[ 2026-05-13 19:43:29 | node_27 | INFO ] Stopping node...
[ 2026-05-13 19:43:29 | node_27 | INFO ] 🛑 Stopping gossiper...
[ 2026-05-13 19:43:29 | node_27 | INFO ] InMemoryServer stopped at node_27
[ 2026-05-13 19:43:29 | node_28 | INFO ] Stopping node...
[ 2026-05-13 19:43:29 | node_28 | INFO ] 🛑 Stopping gossiper...
[ 2026-05-13 19:43:29 | node_28 | INFO ] InMemoryServer stopped at node_28
[ 2026-05-13 19:43:29 | node_29 | INFO ] Stopping node...
[ 2026-05-13 19:43:29 | node_29 | INFO ] 🛑 Stopping gossiper...
[ 2026-05-13 19:43:29 | node_29 | INFO ] InMemoryServer stopped at node_29
[ 2026-05-13 19:43:29 | node_30 | INFO ] Stopping node...
[ 2026-05-13 19:43:29 | node_30 | INFO ] 🛑 Stopping gossiper...
[ 2026-05-13 19:43:29 | node_30 | INFO ] InMemoryServer stopped at node_30
[ 2026-05-13 19:43:29 | node_31 | INFO ] Stopping node...
[ 2026-05-13 19:43:30 | node_31 | INFO ] 🛑 Stopping gossiper...
[ 2026-05-13 19:43:30 | node_31 | INFO ] InMemoryServer stopped at node_31
[ 2026-05-13 19:43:30 | node_32 | INFO ] Stopping node...
[ 2026-05-13 19:43:30 | node_32 | INFO ] 🛑 Stopping gossiper...
[ 2026-05-13 19:43:30 | node_32 | INFO ] InMemoryServer stopped at node_32
[ 2026-05-13 19:43:30 | node_33 | INFO ] Stopping node...
[ 2026-05-13 19:43:30 | node_33 | INFO ] 🛑 Stopping gossiper...
[ 2026-05-13 19:43:30 | node_33 | INFO ] InMemoryServer stopped at node_33
[ 2026-05-13 19:43:30 | node_34 | INFO ] Stopping node...
[ 2026-05-13 19:43:30 | node_34 | INFO ] 🛑 Stopping gossiper...
[ 2026-05-13 19:43:30 | node_34 | INFO ] InMemoryServer stopped at node_34
[ 2026-05-13 19:43:30 | node_35 | INFO ] Stopping node...
[ 2026-05-13 19:43:30 | node_35 | INFO ] 🛑 Stopping gossiper...
[ 2026-05-13 19:43:30 | node_35 | INFO ] InMemoryServer stopped at node_35
[ 2026-05-13 19:43:30 | node_36 | INFO ] Stopping node...
[ 2026-05-13 19:43:30 | node_36 | INFO ] 🛑 Stopping gossiper...
[ 2026-05-13 19:43:30 | node_36 | INFO ] InMemoryServer stopped at node_36
[ 2026-05-13 19:43:30 | node_37 | INFO ] Stopping node...
[ 2026-05-13 19:43:30 | node_37 | INFO ] 🛑 Stopping gossiper...
[ 2026-05-13 19:43:30 | node_37 | INFO ] InMemoryServer stopped at node_37
[ 2026-05-13 19:43:30 | node_38 | INFO ] Stopping node...
[ 2026-05-13 19:43:30 | node_38 | INFO ] 🛑 Stopping gossiper...
[ 2026-05-13 19:43:30 | node_38 | INFO ] InMemoryServer stopped at node_38
[ 2026-05-13 19:43:31 | node_39 | INFO ] Stopping node...
[ 2026-05-13 19:43:31 | node_39 | INFO ] 🛑 Stopping gossiper...
[ 2026-05-13 19:43:31 | node_39 | INFO ] InMemoryServer stopped at node_39
[ 2026-05-13 19:43:31 | node_40 | INFO ] Stopping node...
[ 2026-05-13 19:43:31 | node_40 | INFO ] 🛑 Stopping gossiper...
[ 2026-05-13 19:43:31 | node_40 | INFO ] InMemoryServer stopped at node_40
[ 2026-05-13 19:43:31 | node_41 | INFO ] Stopping node...
[ 2026-05-13 19:43:31 | node_41 | INFO ] 🛑 Stopping gossiper...
[ 2026-05-13 19:43:31 | node_41 | INFO ] InMemoryServer stopped at node_41
[ 2026-05-13 19:43:31 | node_42 | INFO ] Stopping node...
[ 2026-05-13 19:43:31 | node_42 | INFO ] 🛑 Stopping gossiper...
[ 2026-05-13 19:43:31 | node_42 | INFO ] InMemoryServer stopped at node_42
[ 2026-05-13 19:43:31 | node_43 | INFO ] Stopping node...
[ 2026-05-13 19:43:31 | node_43 | INFO ] 🛑 Stopping gossiper...
[ 2026-05-13 19:43:31 | node_43 | INFO ] InMemoryServer stopped at node_43
[ 2026-05-13 19:43:31 | node_44 | INFO ] Stopping node...
[ 2026-05-13 19:43:31 | node_44 | INFO ] 🛑 Stopping gossiper...
[ 2026-05-13 19:43:31 | node_44 | INFO ] InMemoryServer stopped at node_44
[ 2026-05-13 19:43:31 | node_45 | INFO ] Stopping node...
[ 2026-05-13 19:43:31 | node_45 | INFO ] 🛑 Stopping gossiper...
[ 2026-05-13 19:43:31 | node_45 | INFO ] InMemoryServer stopped at node_45
[ 2026-05-13 19:43:31 | node_46 | INFO ] Stopping node...
[ 2026-05-13 19:43:31 | node_46 | INFO ] 🛑 Stopping gossiper...
[ 2026-05-13 19:43:31 | node_46 | INFO ] InMemoryServer stopped at node_46
[ 2026-05-13 19:43:31 | node_47 | INFO ] Stopping node...
[ 2026-05-13 19:43:31 | node_47 | INFO ] 🛑 Stopping gossiper...
[ 2026-05-13 19:43:31 | node_47 | INFO ] InMemoryServer stopped at node_47
[ 2026-05-13 19:43:31 | node_48 | INFO ] Stopping node...
[ 2026-05-13 19:43:31 | node_48 | INFO ] 🛑 Stopping gossiper...
[ 2026-05-13 19:43:31 | node_48 | INFO ] InMemoryServer stopped at node_48
[ 2026-05-13 19:43:31 | node_49 | INFO ] Stopping node...
[ 2026-05-13 19:43:31 | node_49 | INFO ] 🛑 Stopping gossiper...
[ 2026-05-13 19:43:31 | node_49 | INFO ] InMemoryServer stopped at node_49
