[ 2026-03-29 19:39:47 | node_45 | INFO ] 📈 Evaluated. Results: {'test_loss': 0.0032016076147556305, 'test_accuracy': 0.991092324256897, 'test_precision': 0.26833540201187134, 'test_recall': 0.7361795902252197, 'test_f1': 0.3921811282634735, 'communication_cost': 8017988}
[ 2026-03-29 19:39:47 | node_34 | INFO ] 🧩 Model added for round 141 (5/10) from ['node_20']
[ 2026-03-29 19:39:47 | node_45 | INFO ] 📢 Broadcasting metrics.
[ 2026-03-29 19:39:47 | node_10 | INFO ] 🧩 Model added for round 141 (4/8) from ['node']
[ 2026-03-29 19:39:47 | node_49 | INFO ] 🧩 Model added for round 141 (1/9) from ['node_29']
[ 2026-03-29 19:39:47 | node_12 | INFO ] 📤 Sending model to 5 direct neighbors: ['node_1', 'node_4', 'node_26', 'node_36', 'node_38']
[ 2026-03-29 19:39:48 | node_38 | INFO ] 📈 Evaluated. Results: {'test_loss': 0.0038180919364094734, 'test_accuracy': 0.9888429045677185, 'test_precision': 0.1805945783853531, 'test_recall': 0.5844177603721619, 'test_f1': 0.27366384863853455, 'communication_cost': 7289080}
[ 2026-03-29 19:39:48 | node_25 | INFO ] 📤 Sending model to 7 direct neighbors: ['node_1', 'node_9', 'node_13', 'node_30', 'node_35', 'node_42', 'node_43']
[ 2026-03-29 19:39:48 | node_7 | INFO ] 🎉 Round 141 of 150 finished.
[ 2026-03-29 19:39:48 | node_38 | INFO ] 📢 Broadcasting metrics.
[ 2026-03-29 19:39:48 | node_47 | INFO ] 📈 Evaluated. Results: {'test_loss': 0.004401957616209984, 'test_accuracy': 0.9920820593833923, 'test_precision': 0.2494647055864334, 'test_recall': 0.4777877628803253, 'test_f1': 0.32646623253822327, 'communication_cost': 8017988}
[ 2026-03-29 19:39:48 | node_27 | INFO ] 📈 Evaluated. Results: {'test_loss': 0.0033147430513054132, 'test_accuracy': 0.9905524849891663, 'test_precision': 0.20417387783527374, 'test_recall': 0.6316229104995728, 'test_f1': 0.3059915006160736, 'communication_cost': 2915632}
[ 2026-03-29 19:39:48 | node_7 | INFO ] 🗳️ [DETERMINISTIC] Train set assigned (No Voting). Size: 50
[ 2026-03-29 19:39:48 | node_24 | INFO ] 🧩 Model added for round 141 (2/8) from ['node_21']
[ 2026-03-29 19:39:48 | node_47 | INFO ] 📢 Broadcasting metrics.
[ 2026-03-29 19:39:48 | node_27 | INFO ] 📢 Broadcasting metrics.
[ 2026-03-29 19:39:48 | node_35 | INFO ] 📈 Evaluated. Results: {'test_loss': 0.0028987929690629244, 'test_accuracy': 0.9910023212432861, 'test_precision': 0.25136223435401917, 'test_recall': 0.7269659638404846, 'test_f1': 0.36838656663894653, 'communication_cost': 7289080}
[ 2026-03-29 19:39:48 | node_41 | INFO ] 🧩 Model added for round 141 (2/9) from ['node_46']
[ 2026-03-29 19:39:48 | node_7 | INFO ] ♻️ Proactively processing 5 early models for round 141.
[ 2026-03-29 19:39:48 | node_35 | INFO ] 📢 Broadcasting metrics.
[ 2026-03-29 19:39:48 | node_1 | INFO ] 🧩 Model added for round 141 (2/9) from ['node_12']
[ 2026-03-29 19:39:48 | node_7 | INFO ] 🧩 Model added for round 141 (1/14) from ['node_22']
[ 2026-03-29 19:39:48 | node_1 | INFO ] 🧩 Model added for round 141 (3/9) from ['node_25']
[ 2026-03-29 19:39:48 | node_7 | INFO ] 🧩 Model added for round 141 (2/14) from ['node_20']
[ 2026-03-29 19:39:48 | node_7 | INFO ] 🧩 Model added for round 141 (3/14) from ['node_14']
[ 2026-03-29 19:39:48 | node_46 | INFO ] 🧩 Model added for round 141 (3/7) from ['node_41']
[ 2026-03-29 19:39:48 | node_37 | INFO ] 📤 Sending model to 10 direct neighbors: ['node_7', 'node_9', 'node_15', 'node_20', 'node_21', 'node_24', 'node_28', 'node_30', 'node_35', 'node_38']
[ 2026-03-29 19:39:48 | node_3 | INFO ] 🧩 Model added for round 141 (3/6) from ['node_30']
[ 2026-03-29 19:39:48 | node_36 | INFO ] 🎉 Round 141 of 150 finished.
[ 2026-03-29 19:39:48 | node_34 | INFO ] 🧩 Model added for round 141 (6/10) from ['node_3']
[ 2026-03-29 19:39:48 | node_7 | INFO ] 🧩 Model added for round 141 (4/14) from ['node_4']
[ 2026-03-29 19:39:49 | node_15 | INFO ] 🧩 Model added for round 141 (3/9) from ['node_44']
[ 2026-03-29 19:39:49 | node_12 | INFO ] 🧩 Model added for round 141 (3/6) from ['node_4']
[ 2026-03-29 19:39:49 | node_7 | INFO ] 🧩 Model added for round 141 (5/14) from ['node']
[ 2026-03-29 19:39:49 | node_36 | INFO ] 🗳️ [DETERMINISTIC] Train set assigned (No Voting). Size: 50
[ 2026-03-29 19:39:49 | node_7 | INFO ] 🏋️‍♀️ Preparing training...
[ 2026-03-29 19:39:49 | node_43 | INFO ] ⏹️  Gossiping exited for 10 equal rounds.
[ 2026-03-29 19:39:49 | node_7 | INFO ] 🧩 Model added for round 141 (6/14) from ['node_9']
[ 2026-03-29 19:39:49 | node_36 | INFO ] ♻️ Proactively processing 2 early models for round 141.
[ 2026-03-29 19:39:49 | node_7 | INFO ] 🧩 Model added for round 141 (7/14) from ['node_37']
[ 2026-03-29 19:39:49 | node_10 | INFO ] 🧩 Model added for round 141 (5/8) from ['node_2']
[ 2026-03-29 19:39:49 | node_49 | INFO ] 🎓 Training step done.
[ 2026-03-29 19:39:49 | node_43 | INFO ] 🔬 Evaluating...
[ 2026-03-29 19:39:49 | node_36 | INFO ] 🧩 Model added for round 141 (1/8) from ['node_5']
[ 2026-03-29 19:39:49 | node_49 | INFO ] 🛠️ Calling force_add_local_model...
[ 2026-03-29 19:39:49 | node_36 | INFO ] 🧩 Model added for round 141 (2/8) from ['node_24']
[ 2026-03-29 19:39:49 | node_36 | INFO ] 🏋️‍♀️ Preparing training...
[ 2026-03-29 19:39:49 | node_49 | INFO ] ✅ [FORCE] Local model added for round 141. (2/9)
[ 2026-03-29 19:39:49 | node_24 | INFO ] 🧩 Model added for round 141 (3/8) from ['node_33']
[ 2026-03-29 19:39:49 | node_17 | INFO ] 📤 Sending model to 5 direct neighbors: ['node_1', 'node_26', 'node_31', 'node_38', 'node_41']
[ 2026-03-29 19:39:49 | node_14 | INFO ] 🧩 Model added for round 141 (3/7) from ['node']
[ 2026-03-29 19:39:50 | node_39 | INFO ] 🎉 Round 141 of 150 finished.
[ 2026-03-29 19:39:50 | node_39 | INFO ] 🗳️ [DETERMINISTIC] Train set assigned (No Voting). Size: 50
[ 2026-03-29 19:39:50 | node_1 | INFO ] 🧩 Model added for round 141 (4/9) from ['node_17']
[ 2026-03-29 19:39:50 | node_37 | INFO ] 🧩 Model added for round 141 (5/11) from ['node_21']
[ 2026-03-29 19:39:50 | node_36 | INFO ] 🧩 Model added for round 141 (3/8) from ['node_20']
[ 2026-03-29 19:39:50 | node_6 | INFO ] 🧩 Model added for round 141 (4/7) from ['node_30']
[ 2026-03-29 19:39:50 | node_40 | INFO ] 🎉 Round 141 of 150 finished.
[ 2026-03-29 19:39:50 | node_19 | INFO ] 🎉 Round 141 of 150 finished.
[ 2026-03-29 19:39:50 | node_39 | INFO ] ♻️ Proactively processing 2 early models for round 141.
[ 2026-03-29 19:39:50 | node_18 | INFO ] 🧩 Model added for round 141 (4/9) from ['node_4']
[ 2026-03-29 19:39:50 | node_43 | INFO ] 📈 Evaluated. Results: {'test_loss': 0.003875913331285119, 'test_accuracy': 0.9921720623970032, 'test_precision': 0.3009920120239258, 'test_recall': 0.6990222930908203, 'test_f1': 0.41705799102783203, 'communication_cost': 5102356}
[ 2026-03-29 19:39:50 | node_39 | INFO ] 🧩 Model added for round 141 (1/10) from ['node_13']
[ 2026-03-29 19:39:50 | node_44 | INFO ] 🧩 Model added for round 141 (4/9) from ['node_46']
[ 2026-03-29 19:39:50 | node_43 | INFO ] 📢 Broadcasting metrics.
[ 2026-03-29 19:39:50 | node_40 | INFO ] 🗳️ [DETERMINISTIC] Train set assigned (No Voting). Size: 50
[ 2026-03-29 19:39:50 | node_19 | INFO ] 🗳️ [DETERMINISTIC] Train set assigned (No Voting). Size: 50
[ 2026-03-29 19:39:50 | node_39 | INFO ] 🧩 Model added for round 141 (2/10) from ['node_22']
[ 2026-03-29 19:39:50 | node_8 | INFO ] 🎉 Round 141 of 150 finished.
[ 2026-03-29 19:39:50 | node_39 | INFO ] 🏋️‍♀️ Preparing training...
[ 2026-03-29 19:39:50 | node_4 | INFO ] 🧩 Model added for round 141 (6/10) from ['node_12']
[ 2026-03-29 19:39:51 | node_8 | INFO ] 🗳️ [DETERMINISTIC] Train set assigned (No Voting). Size: 50
[ 2026-03-29 19:39:51 | node_19 | INFO ] ♻️ Proactively processing 4 early models for round 141.
[ 2026-03-29 19:39:51 | node_40 | INFO ] ♻️ Proactively processing 3 early models for round 141.
[ 2026-03-29 19:39:51 | node_9 | INFO ] 🧩 Model added for round 141 (6/12) from ['node_25']
[ 2026-03-29 19:39:51 | node_42 | INFO ] 🎉 Round 141 of 150 finished.
[ 2026-03-29 19:39:51 | node_31 | INFO ] 🎉 Round 141 of 150 finished.
[ 2026-03-29 19:39:51 | node_40 | INFO ] 🧩 Model added for round 141 (1/11) from ['node_11']
[ 2026-03-29 19:39:51 | node_19 | INFO ] 🧩 Model added for round 141 (1/9) from ['node_22']
[ 2026-03-29 19:39:51 | node_34 | INFO ] 📤 Sending model to 9 direct neighbors: ['node_1', 'node_3', 'node_10', 'node_20', 'node_26', 'node_28', 'node_33', 'node_43', 'node_44']
[ 2026-03-29 19:39:51 | node_32 | INFO ] ⏹️  Gossiping exited for 10 equal rounds.
[ 2026-03-29 19:39:51 | node_40 | INFO ] 🧩 Model added for round 141 (2/11) from ['node_15']
[ 2026-03-29 19:39:51 | node_19 | INFO ] 🧩 Model added for round 141 (2/9) from ['node_21']
[ 2026-03-29 19:39:51 | node_42 | INFO ] 🗳️ [DETERMINISTIC] Train set assigned (No Voting). Size: 50
[ 2026-03-29 19:39:51 | node_31 | INFO ] 🗳️ [DETERMINISTIC] Train set assigned (No Voting). Size: 50
[ 2026-03-29 19:39:51 | node_40 | INFO ] 🧩 Model added for round 141 (3/11) from ['node_14']
[ 2026-03-29 19:39:51 | node_8 | INFO ] ♻️ Proactively processing 5 early models for round 141.
[ 2026-03-29 19:39:51 | node_19 | INFO ] 🧩 Model added for round 141 (3/9) from ['node_41']
[ 2026-03-29 19:39:51 | node_15 | INFO ] 🧩 Model added for round 141 (4/9) from ['node_2']
[ 2026-03-29 19:39:51 | node_40 | INFO ] 🏋️‍♀️ Preparing training...
[ 2026-03-29 19:39:51 | node_8 | INFO ] 🧩 Model added for round 141 (1/12) from ['node_15']
[ 2026-03-29 19:39:51 | node_19 | INFO ] 🧩 Model added for round 141 (4/9) from ['node_46']
[ 2026-03-29 19:39:51 | node_7 | INFO ] 🎓 Training step done.
[ 2026-03-29 19:39:51 | node_32 | INFO ] 🔬 Evaluating...
[ 2026-03-29 19:39:51 | node_19 | INFO ] 🏋️‍♀️ Preparing training...
[ 2026-03-29 19:39:51 | node_8 | INFO ] 🧩 Model added for round 141 (2/12) from ['node_1']
[ 2026-03-29 19:39:51 | node_7 | INFO ] 🛠️ Calling force_add_local_model...
[ 2026-03-29 19:39:51 | node_31 | INFO ] ♻️ Proactively processing 5 early models for round 141.
[ 2026-03-29 19:39:51 | node_42 | INFO ] ♻️ Proactively processing 3 early models for round 141.
[ 2026-03-29 19:39:51 | node_27 | INFO ] 🎉 Round 141 of 150 finished.
[ 2026-03-29 19:39:51 | node_16 | INFO ] 📤 Sending model to 7 direct neighbors: ['node_7', 'node_15', 'node_19', 'node_28', 'node_38', 'node_42', 'node_45']
[ 2026-03-29 19:39:51 | node_8 | INFO ] 🧩 Model added for round 141 (3/12) from ['node_41']
[ 2026-03-29 19:39:51 | node_7 | INFO ] ✅ [FORCE] Local model added for round 141. (8/14)
[ 2026-03-29 19:39:51 | node_31 | INFO ] 🧩 Model added for round 141 (1/8) from ['node_10']
[ 2026-03-29 19:39:51 | node_42 | INFO ] 🧩 Model added for round 141 (1/9) from ['node_15']
[ 2026-03-29 19:39:51 | node_30 | INFO ] 🧩 Model added for round 141 (4/10) from ['node_44']
[ 2026-03-29 19:39:51 | node_8 | INFO ] 🧩 Model added for round 141 (4/12) from ['node_14']
[ 2026-03-29 19:39:51 | node_31 | INFO ] 🧩 Model added for round 141 (2/8) from ['node_24']
[ 2026-03-29 19:39:51 | node_48 | INFO ] ⏹️  Gossiping exited for 10 equal rounds.
[ 2026-03-29 19:39:51 | node_27 | INFO ] 🗳️ [DETERMINISTIC] Train set assigned (No Voting). Size: 50
[ 2026-03-29 19:39:51 | node_42 | INFO ] 🧩 Model added for round 141 (2/9) from ['node_29']
[ 2026-03-29 19:39:51 | node_1 | INFO ] 🧩 Model added for round 141 (5/9) from ['node_34']
[ 2026-03-29 19:39:51 | node_28 | INFO ] 🧩 Model added for round 141 (3/7) from ['node_33']
[ 2026-03-29 19:39:51 | node_8 | INFO ] 🧩 Model added for round 141 (5/12) from ['node_44']
[ 2026-03-29 19:39:51 | node_31 | INFO ] 🧩 Model added for round 141 (3/8) from ['node_29']
[ 2026-03-29 19:39:51 | node_42 | INFO ] 🧩 Model added for round 141 (3/9) from ['node_41']
[ 2026-03-29 19:39:51 | node_8 | INFO ] 🏋️‍♀️ Preparing training...
[ 2026-03-29 19:39:51 | node_31 | INFO ] 🧩 Model added for round 141 (4/8) from ['node_41']
[ 2026-03-29 19:39:51 | node_42 | INFO ] 🏋️‍♀️ Preparing training...
[ 2026-03-29 19:39:51 | node_48 | INFO ] 🔬 Evaluating...
[ 2026-03-29 19:39:51 | node_31 | INFO ] 🧩 Model added for round 141 (5/8) from ['node_3']
[ 2026-03-29 19:39:51 | node_27 | INFO ] 🏋️‍♀️ Preparing training...
[ 2026-03-29 19:39:52 | node_31 | INFO ] 🏋️‍♀️ Preparing training...
[ 2026-03-29 19:39:52 | node_30 | INFO ] 🧩 Model added for round 141 (5/10) from ['node']
[ 2026-03-29 19:39:52 | node_7 | INFO ] 🧩 Model added for round 141 (9/14) from ['node_16']
[ 2026-03-29 19:39:52 | node_36 | INFO ] 🎓 Training step done.
[ 2026-03-29 19:39:52 | node_36 | INFO ] 🛠️ Calling force_add_local_model...
[ 2026-03-29 19:39:52 | node_22 | INFO ] 🧩 Model added for round 141 (6/9) from ['node_9']
[ 2026-03-29 19:39:52 | node_36 | INFO ] ✅ [FORCE] Local model added for round 141. (4/8)
[ 2026-03-29 19:39:52 | node_7 | INFO ] 🧩 Model added for round 141 (10/14) from ['node_30']
[ 2026-03-29 19:39:52 | node_37 | INFO ] 🧩 Model added for round 141 (6/11) from ['node_20']
[ 2026-03-29 19:39:52 | node_9 | INFO ] 🧩 Model added for round 141 (7/12) from ['node_37']
[ 2026-03-29 19:39:52 | node_28 | INFO ] 🧩 Model added for round 141 (4/7) from ['node_4']
[ 2026-03-29 19:39:52 | node_31 | INFO ] 🧩 Model added for round 141 (6/8) from ['node_17']
[ 2026-03-29 19:39:52 | node_32 | INFO ] 📈 Evaluated. Results: {'test_loss': 0.003481105901300907, 'test_accuracy': 0.9921720623970032, 'test_precision': 0.2863871157169342, 'test_recall': 0.5836139917373657, 'test_f1': 0.3703356385231018, 'communication_cost': 5831264}
[ 2026-03-29 19:39:52 | node_32 | INFO ] 📢 Broadcasting metrics.
[ 2026-03-29 19:39:53 | node_34 | INFO ] 🧩 Model added for round 141 (7/10) from ['node_33']
[ 2026-03-29 19:39:53 | node_19 | INFO ] 🧩 Model added for round 141 (5/9) from ['node_2']
[ 2026-03-29 19:39:53 | node_39 | INFO ] 🎓 Training step done.
[ 2026-03-29 19:39:53 | node_13 | INFO ] 🧩 Model added for round 141 (3/6) from ['node_25']
[ 2026-03-29 19:39:53 | node_39 | INFO ] 🛠️ Calling force_add_local_model...
[ 2026-03-29 19:39:53 | node_3 | INFO ] 🧩 Model added for round 141 (4/6) from ['node_34']
[ 2026-03-29 19:39:53 | node_36 | INFO ] 🧩 Model added for round 141 (5/8) from ['node_12']
[ 2026-03-29 19:39:53 | node_39 | INFO ] ✅ [FORCE] Local model added for round 141. (3/10)
[ 2026-03-29 19:39:53 | node_48 | INFO ] 📈 Evaluated. Results: {'test_loss': 0.0027309181168675423, 'test_accuracy': 0.9931617975234985, 'test_precision': 0.3765796720981598, 'test_recall': 0.733348548412323, 'test_f1': 0.46341919898986816, 'communication_cost': 7289080}
[ 2026-03-29 19:39:53 | node_49 | INFO ] 🧩 Model added for round 141 (3/9) from ['node_21']
[ 2026-03-29 19:39:53 | node_48 | INFO ] 📢 Broadcasting metrics.
[ 2026-03-29 19:39:53 | node_34 | INFO ] 🧩 Model added for round 141 (8/10) from ['node_44']
[ 2026-03-29 19:39:54 | node_33 | INFO ] 🧩 Model added for round 141 (5/9) from ['node_4']
[ 2026-03-29 19:39:54 | node_40 | INFO ] 🎓 Training step done.
[ 2026-03-29 19:39:54 | node_31 | INFO ] 🧩 Model added for round 141 (7/8) from ['node']
[ 2026-03-29 19:39:54 | node_40 | INFO ] 🛠️ Calling force_add_local_model...
[ 2026-03-29 19:39:54 | node_19 | INFO ] 🎓 Training step done.
[ 2026-03-29 19:39:54 | node_40 | INFO ] ✅ [FORCE] Local model added for round 141. (4/11)
[ 2026-03-29 19:39:54 | node_19 | INFO ] 🛠️ Calling force_add_local_model...
[ 2026-03-29 19:39:54 | node_19 | INFO ] ✅ [FORCE] Local model added for round 141. (6/9)
[ 2026-03-29 19:39:54 | node_8 | INFO ] 🎓 Training step done.
[ 2026-03-29 19:39:54 | node_24 | INFO ] 🧩 Model added for round 141 (4/8) from ['node_9']
[ 2026-03-29 19:39:54 | node_40 | INFO ] 🧩 Model added for round 141 (5/11) from ['node_20']
[ 2026-03-29 19:39:54 | node_8 | INFO ] 🛠️ Calling force_add_local_model...
[ 2026-03-29 19:39:54 | node_42 | INFO ] 🎓 Training step done.
[ 2026-03-29 19:39:54 | node_30 | INFO ] 🧩 Model added for round 141 (6/10) from ['node_25']
[ 2026-03-29 19:39:54 | node_25 | INFO ] 🧩 Model added for round 141 (4/8) from ['node_30']
[ 2026-03-29 19:39:54 | node_41 | INFO ] 🧩 Model added for round 141 (3/9) from ['node_17']
[ 2026-03-29 19:39:54 | node_31 | INFO ] 🎓 Training step done.
[ 2026-03-29 19:39:54 | node_10 | INFO ] 🧩 Model added for round 141 (6/8) from ['node_34']
[ 2026-03-29 19:39:54 | node_27 | INFO ] 🎓 Training step done.
[ 2026-03-29 19:39:54 | node_42 | INFO ] 🛠️ Calling force_add_local_model...
[ 2026-03-29 19:39:54 | node_8 | INFO ] ✅ [FORCE] Local model added for round 141. (6/12)
[ 2026-03-29 19:39:54 | node_49 | INFO ] 📤 Sending model to 8 direct neighbors: ['node_8', 'node_19', 'node_21', 'node_27', 'node_29', 'node_32', 'node_33', 'node_35']
[ 2026-03-29 19:39:54 | node_15 | INFO ] 🧩 Model added for round 141 (5/9) from ['node_16']
[ 2026-03-29 19:39:54 | node_31 | INFO ] 🛠️ Calling force_add_local_model...
[ 2026-03-29 19:39:54 | node_27 | INFO ] 🛠️ Calling force_add_local_model...
[ 2026-03-29 19:39:54 | node_42 | INFO ] ✅ [FORCE] Local model added for round 141. (4/9)
[ 2026-03-29 19:39:54 | node_15 | INFO ] 🧩 Model added for round 141 (6/9) from ['node_37']
[ 2026-03-29 19:39:55 | node_31 | INFO ] ✅ [FORCE] Local model added for round 141. (8/8)
[ 2026-03-29 19:39:55 | node_27 | INFO ] ✅ [FORCE] Local model added for round 141. (1/5)
[ 2026-03-29 19:39:55 | node_21 | INFO ] 🧩 Model added for round 141 (6/11) from ['node_2']
[ 2026-03-29 19:39:55 | node_8 | INFO ] 🧩 Model added for round 141 (7/12) from ['node_49']
[ 2026-03-29 19:39:55 | node_39 | INFO ] 🧩 Model added for round 141 (4/10) from ['node_33']
[ 2026-03-29 19:39:55 | node_45 | INFO ] 🎉 Round 141 of 150 finished.
[ 2026-03-29 19:39:55 | node_38 | INFO ] 🎉 Round 141 of 150 finished.
[ 2026-03-29 19:39:55 | node_43 | INFO ] 🎉 Round 141 of 150 finished.
[ 2026-03-29 19:39:55 | node_45 | INFO ] 🗳️ [DETERMINISTIC] Train set assigned (No Voting). Size: 50
[ 2026-03-29 19:39:55 | node_40 | INFO ] 🧩 Model added for round 141 (6/11) from ['node_44']
[ 2026-03-29 19:39:55 | node_38 | INFO ] 🗳️ [DETERMINISTIC] Train set assigned (No Voting). Size: 50
[ 2026-03-29 19:39:55 | node_43 | INFO ] 🗳️ [DETERMINISTIC] Train set assigned (No Voting). Size: 50
[ 2026-03-29 19:39:55 | node_35 | INFO ] 🎉 Round 141 of 150 finished.
[ 2026-03-29 19:39:55 | node_45 | INFO ] ♻️ Proactively processing 4 early models for round 141.
[ 2026-03-29 19:39:55 | node_38 | INFO ] ♻️ Proactively processing 6 early models for round 141.
[ 2026-03-29 19:39:55 | node_45 | INFO ] 🧩 Model added for round 141 (1/12) from ['node_5']
[ 2026-03-29 19:39:55 | node_35 | INFO ] 🗳️ [DETERMINISTIC] Train set assigned (No Voting). Size: 50
[ 2026-03-29 19:39:55 | node_38 | INFO ] 🧩 Model added for round 141 (1/11) from ['node_29']
[ 2026-03-29 19:39:55 | node_40 | INFO ] 🧩 Model added for round 141 (7/11) from ['node_4']
[ 2026-03-29 19:39:55 | node_43 | INFO ] ♻️ Proactively processing 1 early models for round 141.
[ 2026-03-29 19:39:56 | node_38 | INFO ] 🧩 Model added for round 141 (2/11) from ['node_1']
[ 2026-03-29 19:39:56 | node_43 | INFO ] 🧩 Model added for round 141 (1/8) from ['node_14']
[ 2026-03-29 19:39:56 | node_45 | INFO ] 🧩 Model added for round 141 (2/12) from ['node_6']
[ 2026-03-29 19:39:56 | node_38 | INFO ] 🧩 Model added for round 141 (3/11) from ['node_18']
[ 2026-03-29 19:39:56 | node_43 | INFO ] 🏋️‍♀️ Preparing training...
[ 2026-03-29 19:39:56 | node_45 | INFO ] 🧩 Model added for round 141 (3/12) from ['node_29']
[ 2026-03-29 19:39:56 | node_35 | INFO ] ♻️ Proactively processing 3 early models for round 141.
[ 2026-03-29 19:39:56 | node_38 | INFO ] 🧩 Model added for round 141 (4/11) from ['node_21']
[ 2026-03-29 19:39:56 | node_47 | INFO ] 🎉 Round 141 of 150 finished.
[ 2026-03-29 19:39:56 | node_25 | INFO ] 🧩 Model added for round 141 (5/8) from ['node_9']
[ 2026-03-29 19:39:56 | node_35 | INFO ] 🧩 Model added for round 141 (1/11) from ['node_10']
[ 2026-03-29 19:39:56 | node_45 | INFO ] 🧩 Model added for round 141 (4/12) from ['node_18']
[ 2026-03-29 19:39:56 | node_38 | INFO ] 🧩 Model added for round 141 (5/11) from ['node_17']
[ 2026-03-29 19:39:56 | node_35 | INFO ] 🧩 Model added for round 141 (2/11) from ['node_24']
[ 2026-03-29 19:39:56 | node_45 | INFO ] 🧩 Model added for round 141 (5/12) from ['node']
[ 2026-03-29 19:39:56 | node_45 | INFO ] 🏋️‍♀️ Preparing training...
[ 2026-03-29 19:39:56 | node_38 | INFO ] 🧩 Model added for round 141 (6/11) from ['node_12']
[ 2026-03-29 19:39:56 | node_47 | INFO ] 🗳️ [DETERMINISTIC] Train set assigned (No Voting). Size: 50
[ 2026-03-29 19:39:56 | node_35 | INFO ] 🧩 Model added for round 141 (3/11) from ['node_20']
[ 2026-03-29 19:39:56 | node_38 | INFO ] 🏋️‍♀️ Preparing training...
[ 2026-03-29 19:39:56 | node_20 | INFO ] 🧩 Model added for round 141 (4/10) from ['node_34']
[ 2026-03-29 19:39:56 | node_35 | INFO ] 🧩 Model added for round 141 (4/11) from ['node_30']
[ 2026-03-29 19:39:56 | node_35 | INFO ] 🏋️‍♀️ Preparing training...
[ 2026-03-29 19:39:56 | node_19 | INFO ] 🧩 Model added for round 141 (7/9) from ['node_16']
[ 2026-03-29 19:39:56 | node_47 | INFO ] ♻️ Proactively processing 4 early models for round 141.
[ 2026-03-29 19:39:56 | node_35 | INFO ] 🧩 Model added for round 141 (5/11) from ['node_25']
[ 2026-03-29 19:39:56 | node_47 | INFO ] 🧩 Model added for round 141 (1/12) from ['node_6']
[ 2026-03-29 19:39:56 | node_20 | INFO ] 🧩 Model added for round 141 (5/10) from ['node_37']
[ 2026-03-29 19:39:56 | node_47 | INFO ] 🧩 Model added for round 141 (2/12) from ['node_3']
[ 2026-03-29 19:39:56 | node_7 | INFO ] 📤 Sending model to 13 direct neighbors: ['node', 'node_4', 'node_9', 'node_14', 'node_16', 'node_19', 'node_20', 'node_22', 'node_30', 'node_32', 'node_37', 'node_45', 'node_47']
[ 2026-03-29 19:39:56 | node_47 | INFO ] 🧩 Model added for round 141 (3/12) from ['node_18']
[ 2026-03-29 19:39:56 | node_47 | INFO ] 🧩 Model added for round 141 (4/12) from ['node_21']
[ 2026-03-29 19:39:56 | node_47 | INFO ] 🏋️‍♀️ Preparing training...
[ 2026-03-29 19:39:57 | node_49 | INFO ] 🧩 Model added for round 141 (4/9) from ['node_33']
[ 2026-03-29 19:39:57 | node_46 | INFO ] 🧩 Model added for round 141 (4/7) from ['node_2']
[ 2026-03-29 19:39:57 | node | INFO ] 🧩 Model added for round 141 (5/8) from ['node_7']
[ 2026-03-29 19:39:57 | node_19 | INFO ] 🧩 Model added for round 141 (8/9) from ['node_49']
[ 2026-03-29 19:39:57 | node_36 | INFO ] 📤 Sending model to 7 direct neighbors: ['node_5', 'node_9', 'node_12', 'node_20', 'node_24', 'node_39', 'node_48']
[ 2026-03-29 19:39:57 | node_46 | INFO ] 🧩 Model added for round 141 (5/7) from ['node_44']
[ 2026-03-29 19:39:57 | node_36 | INFO ] 🧩 Model added for round 141 (6/8) from ['node_9']
[ 2026-03-29 19:39:57 | node_45 | INFO ] 🧩 Model added for round 141 (6/12) from ['node_4']
[ 2026-03-29 19:39:57 | node_5 | INFO ] 🧩 Model added for round 141 (3/5) from ['node_36']
[ 2026-03-29 19:39:58 | node_32 | INFO ] 🎉 Round 141 of 150 finished.
[ 2026-03-29 19:39:58 | node_32 | INFO ] 🗳️ [DETERMINISTIC] Train set assigned (No Voting). Size: 50
[ 2026-03-29 19:39:58 | node_28 | INFO ] 🧩 Model added for round 141 (5/7) from ['node_16']
[ 2026-03-29 19:39:58 | node_21 | INFO ] 🧩 Model added for round 141 (7/11) from ['node_37']
[ 2026-03-29 19:39:58 | node_47 | INFO ] 🧩 Model added for round 141 (5/12) from ['node_2']
[ 2026-03-29 19:39:58 | node_32 | INFO ] ♻️ Proactively processing 5 early models for round 141.
[ 2026-03-29 19:39:58 | node_37 | INFO ] 🧩 Model added for round 141 (7/11) from ['node_30']
[ 2026-03-29 19:39:58 | node_42 | INFO ] 🧩 Model added for round 141 (5/9) from ['node_25']
[ 2026-03-29 19:39:58 | node_32 | INFO ] 🧩 Model added for round 141 (1/9) from ['node_11']
[ 2026-03-29 19:39:58 | node_43 | INFO ] 🎓 Training step done.
[ 2026-03-29 19:39:58 | node_32 | INFO ] 🧩 Model added for round 141 (2/9) from ['node_13']
[ 2026-03-29 19:39:58 | node_43 | INFO ] 🛠️ Calling force_add_local_model...
[ 2026-03-29 19:39:58 | node_39 | INFO ] 📤 Sending model to 9 direct neighbors: ['node_13', 'node_22', 'node_30', 'node_32', 'node_33', 'node_35', 'node_36', 'node_42', 'node_47']
[ 2026-03-29 19:39:58 | node_28 | INFO ] 🧩 Model added for round 141 (6/7) from ['node_34']
[ 2026-03-29 19:39:58 | node_38 | INFO ] 🎓 Training step done.
[ 2026-03-29 19:39:58 | node_32 | INFO ] 🧩 Model added for round 141 (3/9) from ['node_41']
[ 2026-03-29 19:39:58 | node_4 | INFO ] 🧩 Model added for round 141 (7/10) from ['node_7']
[ 2026-03-29 19:39:58 | node_38 | INFO ] 🛠️ Calling force_add_local_model...
[ 2026-03-29 19:39:58 | node_45 | INFO ] 🎓 Training step done.
[ 2026-03-29 19:39:58 | node_43 | INFO ] ✅ [FORCE] Local model added for round 141. (2/8)
[ 2026-03-29 19:39:58 | node_32 | INFO ] 🧩 Model added for round 141 (4/9) from ['node_46']
[ 2026-03-29 19:39:58 | node_35 | INFO ] 🎓 Training step done.
[ 2026-03-29 19:39:58 | node_32 | INFO ] 🧩 Model added for round 141 (5/9) from ['node_18']
[ 2026-03-29 19:39:58 | node_45 | INFO ] 🛠️ Calling force_add_local_model...
[ 2026-03-29 19:39:58 | node_32 | INFO ] 🏋️‍♀️ Preparing training...
[ 2026-03-29 19:39:58 | node_35 | INFO ] 🛠️ Calling force_add_local_model...
[ 2026-03-29 19:39:58 | node_38 | INFO ] ✅ [FORCE] Local model added for round 141. (7/11)
[ 2026-03-29 19:39:58 | node_45 | INFO ] ✅ [FORCE] Local model added for round 141. (7/12)
[ 2026-03-29 19:39:58 | node_35 | INFO ] ✅ [FORCE] Local model added for round 141. (6/11)
[ 2026-03-29 19:39:59 | node_21 | INFO ] 🧩 Model added for round 141 (8/11) from ['node_49']
[ 2026-03-29 19:39:59 | node_9 | INFO ] 🧩 Model added for round 141 (8/12) from ['node_36']
[ 2026-03-29 19:39:59 | node_47 | INFO ] 🎓 Training step done.
[ 2026-03-29 19:39:59 | node_13 | INFO ] 🧩 Model added for round 141 (4/6) from ['node_39']
[ 2026-03-29 19:39:59 | node_37 | INFO ] 🧩 Model added for round 141 (8/11) from ['node_9']
[ 2026-03-29 19:39:59 | node_47 | INFO ] 🛠️ Calling force_add_local_model...
[ 2026-03-29 19:39:59 | node_47 | INFO ] ✅ [FORCE] Local model added for round 141. (6/12)
[ 2026-03-29 19:39:59 | node_40 | INFO ] 📤 Sending model to 10 direct neighbors: ['node_4', 'node_9', 'node_11', 'node_14', 'node_15', 'node_20', 'node_38', 'node_42', 'node_44', 'node_48']
[ 2026-03-29 19:39:59 | node_19 | INFO ] 📤 Sending model to 8 direct neighbors: ['node_2', 'node_7', 'node_16', 'node_21', 'node_22', 'node_41', 'node_46', 'node_49']
[ 2026-03-29 19:39:59 | node_38 | INFO ] 🧩 Model added for round 141 (8/11) from ['node_16']
[ 2026-03-29 19:39:59 | node_48 | INFO ] 🎉 Round 141 of 150 finished.
[ 2026-03-29 19:39:59 | node_4 | INFO ] 🧩 Model added for round 141 (8/10) from ['node_40']
[ 2026-03-29 19:39:59 | node_48 | INFO ] 🗳️ [DETERMINISTIC] Train set assigned (No Voting). Size: 50
[ 2026-03-29 19:39:59 | node_8 | INFO ] 📤 Sending model to 11 direct neighbors: ['node_1', 'node_14', 'node_15', 'node_23', 'node_27', 'node_35', 'node_41', 'node_43', 'node_44', 'node_48', 'node_49']
[ 2026-03-29 19:39:59 | node_2 | INFO ] 🧩 Model added for round 141 (8/9) from ['node_19']
[ 2026-03-29 19:39:59 | node_33 | INFO ] 🧩 Model added for round 141 (6/9) from ['node_34']
[ 2026-03-29 19:40:00 | node_42 | INFO ] 📤 Sending model to 8 direct neighbors: ['node_15', 'node_16', 'node_23', 'node_25', 'node_29', 'node_39', 'node_40', 'node_41']
[ 2026-03-29 19:40:00 | node_31 | INFO ] 📤 Sending model to 7 direct neighbors: ['node', 'node_3', 'node_10', 'node_17', 'node_24', 'node_29', 'node_41']
[ 2026-03-29 19:40:00 | node_27 | INFO ] 📤 Sending model to 4 direct neighbors: ['node_8', 'node_45', 'node_47', 'node_49']
[ 2026-03-29 19:40:00 | node_48 | INFO ] ♻️ Proactively processing 4 early models for round 141.
[ 2026-03-29 19:40:00 | node_43 | INFO ] 🧩 Model added for round 141 (3/8) from ['node_25']
[ 2026-03-29 19:40:00 | node_48 | INFO ] 🧩 Model added for round 141 (1/11) from ['node_6']
[ 2026-03-29 19:40:00 | node_48 | INFO ] 🧩 Model added for round 141 (2/11) from ['node_1']
[ 2026-03-29 19:40:00 | node_24 | INFO ] 🧩 Model added for round 141 (5/8) from ['node_37']
[ 2026-03-29 19:40:00 | node_48 | INFO ] 🧩 Model added for round 141 (3/11) from ['node_20']
[ 2026-03-29 19:40:00 | node_22 | INFO ] 🧩 Model added for round 141 (7/9) from ['node_39']
[ 2026-03-29 19:40:00 | node_39 | INFO ] 🧩 Model added for round 141 (5/10) from ['node_30']
[ 2026-03-29 19:40:00 | node_48 | INFO ] 🧩 Model added for round 141 (4/11) from ['node_4']
[ 2026-03-29 19:40:00 | node_9 | INFO ] 🧩 Model added for round 141 (9/12) from ['node_7']
[ 2026-03-29 19:40:00 | node_1 | INFO ] 🧩 Model added for round 141 (6/9) from ['node_8']
[ 2026-03-29 19:40:00 | node_48 | INFO ] 🏋️‍♀️ Preparing training...
[ 2026-03-29 19:40:00 | node_8 | INFO ] 🧩 Model added for round 141 (8/12) from ['node_27']
[ 2026-03-29 19:40:00 | node_15 | INFO ] 🧩 Model added for round 141 (7/9) from ['node_42']
[ 2026-03-29 19:40:00 | node | INFO ] 🧩 Model added for round 141 (6/8) from ['node_31']
[ 2026-03-29 19:40:00 | node_27 | INFO ] 🧩 Model added for round 141 (2/5) from ['node_49']
[ 2026-03-29 19:40:00 | node_32 | INFO ] 🎓 Training step done.
[ 2026-03-29 19:40:00 | node_32 | INFO ] 🛠️ Calling force_add_local_model...
[ 2026-03-29 19:40:01 | node_40 | INFO ] 🧩 Model added for round 141 (8/11) from ['node_9']
[ 2026-03-29 19:40:01 | node_12 | INFO ] 🧩 Model added for round 141 (4/6) from ['node_36']
[ 2026-03-29 19:40:01 | node_32 | INFO ] ✅ [FORCE] Local model added for round 141. (6/9)
[ 2026-03-29 19:40:01 | node_42 | INFO ] 🧩 Model added for round 141 (6/9) from ['node_16']
[ 2026-03-29 19:40:01 | node_9 | INFO ] 🧩 Model added for round 141 (10/12) from ['node_40']
[ 2026-03-29 19:40:01 | node_43 | INFO ] 🧩 Model added for round 141 (4/8) from ['node_34']
[ 2026-03-29 19:40:01 | node_7 | INFO ] 🧩 Model added for round 141 (11/14) from ['node_19']
[ 2026-03-29 19:40:01 | node_29 | INFO ] 🧩 Model added for round 141 (3/8) from ['node_49']
[ 2026-03-29 19:40:01 | node_28 | INFO ] 🧩 Model added for round 141 (7/7) from ['node_37']
[ 2026-03-29 19:40:02 | node_30 | INFO ] 🧩 Model added for round 141 (7/10) from ['node_39']
[ 2026-03-29 19:40:02 | node_3 | INFO ] 🧩 Model added for round 141 (5/6) from ['node_31']
[ 2026-03-29 19:40:02 | node_14 | INFO ] 🧩 Model added for round 141 (4/7) from ['node_8']
[ 2026-03-29 19:40:02 | node_44 | INFO ] 🧩 Model added for round 141 (5/9) from ['node_30']
[ 2026-03-29 19:40:02 | node_16 | INFO ] 🧩 Model added for round 141 (4/8) from ['node_42']
[ 2026-03-29 19:40:02 | node_14 | INFO ] 🧩 Model added for round 141 (5/7) from ['node_7']
[ 2026-03-29 19:40:02 | node_20 | INFO ] 🧩 Model added for round 141 (6/10) from ['node_36']
[ 2026-03-29 19:40:02 | node_28 | INFO ] 🧠 Aggregation complete. Setting new model.
[ 2026-03-29 19:40:02 | node_45 | INFO ] 🧩 Model added for round 141 (8/12) from ['node_27']
[ 2026-03-29 19:40:02 | node_48 | INFO ] 🎓 Training step done.
[ 2026-03-29 19:40:02 | node_48 | INFO ] 🛠️ Calling force_add_local_model...
[ 2026-03-29 19:40:02 | node_48 | INFO ] ✅ [FORCE] Local model added for round 141. (5/11)
[ 2026-03-29 19:40:03 | node_44 | INFO ] 🧩 Model added for round 141 (6/9) from ['node_34']
[ 2026-03-29 19:40:03 | node_47 | INFO ] 🧩 Model added for round 141 (7/12) from ['node_9']
[ 2026-03-29 19:40:03 | node_45 | INFO ] 🧩 Model added for round 141 (9/12) from ['node_16']
[ 2026-03-29 19:40:03 | node_10 | INFO ] 🧩 Model added for round 141 (7/8) from ['node_31']
[ 2026-03-29 19:40:03 | node_30 | INFO ] 🧩 Model added for round 141 (8/10) from ['node_37']
[ 2026-03-29 19:40:03 | node_32 | INFO ] 🧩 Model added for round 141 (7/9) from ['node_49']
[ 2026-03-29 19:40:03 | node_15 | INFO ] 🧩 Model added for round 141 (8/9) from ['node_8']
[ 2026-03-29 19:40:03 | node_28 | INFO ] 🗣️ Gossiping aggregated model.
[ 2026-03-29 19:40:03 | node_11 | INFO ] 🧩 Model added for round 141 (6/7) from ['node_40']
[ 2026-03-29 19:40:03 | node_16 | INFO ] 🧩 Model added for round 141 (5/8) from ['node_7']
[ 2026-03-29 19:40:03 | node_32 | INFO ] 🧩 Model added for round 141 (8/9) from ['node_39']
[ 2026-03-29 19:40:03 | node_43 | INFO ] 📤 Sending model to 7 direct neighbors: ['node_8', 'node_14', 'node_23', 'node_25', 'node_34', 'node_45', 'node_48']
[ 2026-03-29 19:40:03 | node_38 | INFO ] 📤 Sending model to 10 direct neighbors: ['node_1', 'node_12', 'node_16', 'node_17', 'node_18', 'node_21', 'node_29', 'node_37', 'node_40', 'node_47']
[ 2026-03-29 19:40:03 | node_45 | INFO ] 📤 Sending model to 11 direct neighbors: ['node', 'node_4', 'node_5', 'node_6', 'node_7', 'node_16', 'node_18', 'node_23', 'node_27', 'node_29', 'node_43']
[ 2026-03-29 19:40:04 | node_16 | INFO ] 🧩 Model added for round 141 (6/8) from ['node_19']
[ 2026-03-29 19:40:04 | node_35 | INFO ] 📤 Sending model to 10 direct neighbors: ['node_8', 'node_10', 'node_20', 'node_23', 'node_24', 'node_25', 'node_30', 'node_37', 'node_39', 'node_49']
[ 2026-03-29 19:40:04 | node_25 | INFO ] 🧩 Model added for round 141 (6/8) from ['node_42']
[ 2026-03-29 19:40:04 | node_24 | INFO ] 🧩 Model added for round 141 (6/8) from ['node_36']
[ 2026-03-29 19:40:04 | node_47 | INFO ] 📤 Sending model to 11 direct neighbors: ['node_2', 'node_3', 'node_6', 'node_7', 'node_9', 'node_18', 'node_21', 'node_27', 'node_38', 'node_39', 'node_48']
[ 2026-03-29 19:40:04 | node_8 | INFO ] 🧩 Model added for round 141 (9/12) from ['node_43']
[ 2026-03-29 19:40:04 | node_1 | INFO ] 🧩 Model added for round 141 (7/9) from ['node_38']
[ 2026-03-29 19:40:04 | node_47 | INFO ] 🧩 Model added for round 141 (8/12) from ['node_27']
[ 2026-03-29 19:40:04 | node | INFO ] 🧩 Model added for round 141 (7/8) from ['node_45']
[ 2026-03-29 19:40:04 | node_8 | INFO ] 🧩 Model added for round 141 (10/12) from ['node_35']
[ 2026-03-29 19:40:04 | node_2 | INFO ] 🧩 Model added for round 141 (9/9) from ['node_47']
[ 2026-03-29 19:40:05 | node_17 | INFO ] 🧩 Model added for round 141 (4/6) from ['node_31']
[ 2026-03-29 19:40:05 | node_14 | INFO ] 🧩 Model added for round 141 (6/7) from ['node_40']
[ 2026-03-29 19:40:05 | node_33 | INFO ] 🧩 Model added for round 141 (7/9) from ['node_49']
[ 2026-03-29 19:40:05 | node_35 | INFO ] 🧩 Model added for round 141 (7/11) from ['node_37']
[ 2026-03-29 19:40:05 | node_19 | INFO ] 🧩 Model added for round 141 (9/9) from ['node_7']
[ 2026-03-29 19:40:05 | node_2 | INFO ] 🧠 Aggregation complete. Setting new model.
[ 2026-03-29 19:40:05 | node_33 | INFO ] 🧩 Model added for round 141 (8/9) from ['node_39']
[ 2026-03-29 19:40:06 | node_32 | INFO ] 📤 Sending model to 8 direct neighbors: ['node_7', 'node_11', 'node_13', 'node_18', 'node_39', 'node_41', 'node_46', 'node_49']
[ 2026-03-29 19:40:06 | node_2 | INFO ] 🗣️ Gossiping aggregated model.
[ 2026-03-29 19:40:06 | node_29 | INFO ] 🧩 Model added for round 141 (4/8) from ['node_42']
[ 2026-03-29 19:40:06 | node_27 | INFO ] 🧩 Model added for round 141 (3/5) from ['node_8']
[ 2026-03-29 19:40:06 | node_21 | INFO ] 🧩 Model added for round 141 (9/11) from ['node_19']
[ 2026-03-29 19:40:06 | node_12 | INFO ] 🧩 Model added for round 141 (5/6) from ['node_38']
[ 2026-03-29 19:40:06 | node_4 | INFO ] 🧩 Model added for round 141 (9/10) from ['node_45']
[ 2026-03-29 19:40:06 | node_24 | INFO ] 🧩 Model added for round 141 (7/8) from ['node_31']
[ 2026-03-29 19:40:07 | node_14 | INFO ] 🧩 Model added for round 141 (7/7) from ['node_43']
[ 2026-03-29 19:40:07 | node_39 | INFO ] 🧩 Model added for round 141 (6/10) from ['node_36']
[ 2026-03-29 19:40:07 | node_3 | INFO ] 🧩 Model added for round 141 (6/6) from ['node_47']
[ 2026-03-29 19:40:07 | node_15 | INFO ] 🧩 Model added for round 141 (9/9) from ['node_40']
[ 2026-03-29 19:40:07 | node_10 | INFO ] 🧩 Model added for round 141 (8/8) from ['node_35']
[ 2026-03-29 19:40:07 | node_49 | INFO ] 🧩 Model added for round 141 (5/9) from ['node_27']
[ 2026-03-29 19:40:07 | node_7 | INFO ] 🧩 Model added for round 141 (12/14) from ['node_32']
[ 2026-03-29 19:40:07 | node_20 | INFO ] 🧩 Model added for round 141 (7/10) from ['node_7']
[ 2026-03-29 19:40:07 | node_35 | INFO ] 🧩 Model added for round 141 (8/11) from ['node_39']
[ 2026-03-29 19:40:07 | node_35 | INFO ] 🧩 Model added for round 141 (9/11) from ['node_49']
[ 2026-03-29 19:40:07 | node_48 | INFO ] 📤 Sending model to 10 direct neighbors: ['node_1', 'node_4', 'node_6', 'node_8', 'node_20', 'node_23', 'node_36', 'node_40', 'node_43', 'node_47']
[ 2026-03-29 19:40:08 | node_38 | INFO ] 🧩 Model added for round 141 (9/11) from ['node_37']
[ 2026-03-29 19:40:08 | node_39 | INFO ] 🧩 Model added for round 141 (7/10) from ['node_42']
[ 2026-03-29 19:40:08 | node_16 | INFO ] 🧩 Model added for round 141 (7/8) from ['node_38']
[ 2026-03-29 19:40:08 | node_22 | INFO ] 🧩 Model added for round 141 (8/9) from ['node_19']
[ 2026-03-29 19:40:08 | node_29 | INFO ] 🧩 Model added for round 141 (5/8) from ['node_31']
[ 2026-03-29 19:40:08 | node_35 | INFO ] 🧩 Model added for round 141 (10/11) from ['node_8']
[ 2026-03-29 19:40:09 | node_48 | INFO ] 🧩 Model added for round 141 (6/11) from ['node_36']
[ 2026-03-29 19:40:09 | node_5 | INFO ] 🧩 Model added for round 141 (4/5) from ['node_45']
[ 2026-03-29 19:40:09 | node_6 | INFO ] 🧩 Model added for round 141 (5/7) from ['node_47']
[ 2026-03-29 19:40:09 | node_1 | INFO ] 🧩 Model added for round 141 (8/9) from ['node_48']
[ 2026-03-29 19:40:09 | node_25 | INFO ] 🧩 Model added for round 141 (7/8) from ['node_43']
[ 2026-03-29 19:40:09 | node_20 | INFO ] 🧩 Model added for round 141 (8/10) from ['node_35']
[ 2026-03-29 19:40:09 | node_20 | INFO ] 🧩 Model added for round 141 (9/10) from ['node_40']
[ 2026-03-29 19:40:09 | node_22 | INFO ] 🧩 Model added for round 141 (9/9) from ['node_7']
[ 2026-03-29 19:40:09 | node_36 | INFO ] 🧩 Model added for round 141 (7/8) from ['node_39']
[ 2026-03-29 19:40:09 | node_11 | INFO ] 🧩 Model added for round 141 (7/7) from ['node_32']
[ 2026-03-29 19:40:09 | node_17 | INFO ] 🧩 Model added for round 141 (5/6) from ['node_38']
[ 2026-03-29 19:40:09 | node_6 | INFO ] 🧩 Model added for round 141 (6/7) from ['node_45']
[ 2026-03-29 19:40:09 | node_41 | INFO ] 🧩 Model added for round 141 (4/9) from ['node_19']
[ 2026-03-29 19:40:10 | node_3 | INFO ] 🧠 Aggregation complete. Setting new model.
[ 2026-03-29 19:40:10 | node_15 | INFO ] 🧠 Aggregation complete. Setting new model.
[ 2026-03-29 19:40:10 | node_10 | INFO ] 🧠 Aggregation complete. Setting new model.
[ 2026-03-29 19:40:10 | node_14 | INFO ] 🧠 Aggregation complete. Setting new model.
[ 2026-03-29 19:40:10 | node_22 | INFO ] 🧠 Aggregation complete. Setting new model.
[ 2026-03-29 19:40:10 | node_11 | INFO ] 🧠 Aggregation complete. Setting new model.
[ 2026-03-29 19:40:10 | node_3 | INFO ] 🗣️ Gossiping aggregated model.
[ 2026-03-29 19:40:10 | node_14 | INFO ] 🗣️ Gossiping aggregated model.
[ 2026-03-29 19:40:10 | node_10 | INFO ] 🗣️ Gossiping aggregated model.
[ 2026-03-29 19:40:10 | node_11 | INFO ] 🗣️ Gossiping aggregated model.
[ 2026-03-29 19:40:11 | node_15 | INFO ] 🗣️ Gossiping aggregated model.
[ 2026-03-29 19:40:11 | node_41 | INFO ] 🧩 Model added for round 141 (5/9) from ['node_31']
[ 2026-03-29 19:40:11 | node_7 | INFO ] 🧩 Model added for round 141 (13/14) from ['node_47']
[ 2026-03-29 19:40:11 | node_22 | INFO ] 🗣️ Gossiping aggregated model.
[ 2026-03-29 19:40:11 | node_40 | INFO ] 🧩 Model added for round 141 (9/11) from ['node_42']
[ 2026-03-29 19:40:11 | node_41 | INFO ] 🧩 Model added for round 141 (6/9) from ['node_8']
[ 2026-03-29 19:40:11 | node_34 | INFO ] 🧩 Model added for round 141 (9/10) from ['node_43']
[ 2026-03-29 19:40:11 | node_7 | INFO ] 🧩 Model added for round 141 (14/14) from ['node_45']
[ 2026-03-29 19:40:11 | node_42 | INFO ] 🧩 Model added for round 141 (7/9) from ['node_39']
[ 2026-03-29 19:40:11 | node_46 | INFO ] 🧩 Model added for round 141 (6/7) from ['node_19']
[ 2026-03-29 19:40:11 | node_38 | INFO ] 🧩 Model added for round 141 (10/11) from ['node_40']
[ 2026-03-29 19:40:12 | node_13 | INFO ] 🧩 Model added for round 141 (5/6) from ['node_32']
[ 2026-03-29 19:40:12 | node_30 | INFO ] 🧩 Model added for round 141 (9/10) from ['node_7']
[ 2026-03-29 19:40:12 | node_4 | INFO ] 🧩 Model added for round 141 (10/10) from ['node_48']
[ 2026-03-29 19:40:12 | node_18 | INFO ] 🧩 Model added for round 141 (5/9) from ['node_38']
[ 2026-03-29 19:40:12 | node_24 | INFO ] 🧩 Model added for round 141 (8/8) from ['node_35']
[ 2026-03-29 19:40:13 | node_43 | INFO ] 🧩 Model added for round 141 (5/8) from ['node_8']
[ 2026-03-29 19:40:13 | node_41 | INFO ] 🧩 Model added for round 141 (7/9) from ['node_42']
[ 2026-03-29 19:40:13 | node_18 | INFO ] 🧩 Model added for round 141 (6/9) from ['node_32']
[ 2026-03-29 19:40:13 | node_9 | INFO ] 🧩 Model added for round 141 (11/12) from ['node_47']
[ 2026-03-29 19:40:13 | node_21 | INFO ] 🧩 Model added for round 141 (10/11) from ['node_38']
[ 2026-03-29 19:40:13 | node_45 | INFO ] 🧩 Model added for round 141 (10/12) from ['node_43']
[ 2026-03-29 19:40:14 | node_49 | INFO ] 🧩 Model added for round 141 (6/9) from ['node_19']
[ 2026-03-29 19:40:14 | node_47 | INFO ] 🧩 Model added for round 141 (9/12) from ['node_39']
[ 2026-03-29 19:40:14 | node_32 | INFO ] 🧩 Model added for round 141 (9/9) from ['node_7']
[ 2026-03-29 19:40:14 | node_25 | INFO ] 🧩 Model added for round 141 (8/8) from ['node_35']
[ 2026-03-29 19:40:14 | node_16 | INFO ] 🧩 Model added for round 141 (8/8) from ['node_45']
[ 2026-03-29 19:40:14 | node_42 | INFO ] 🧩 Model added for round 141 (8/9) from ['node_40']
[ 2026-03-29 19:40:14 | node_6 | INFO ] 🧩 Model added for round 141 (7/7) from ['node_48']
[ 2026-03-29 19:40:14 | node_44 | INFO ] 🧩 Model added for round 141 (7/9) from ['node_8']
[ 2026-03-29 19:40:14 | node_24 | INFO ] 🧠 Aggregation complete. Setting new model.
[ 2026-03-29 19:40:14 | node_25 | INFO ] 🧠 Aggregation complete. Setting new model.
[ 2026-03-29 19:40:14 | node_16 | INFO ] 🧠 Aggregation complete. Setting new model.
[ 2026-03-29 19:40:14 | node_31 | INFO ] 🧠 Aggregation complete. Setting new model.
[ 2026-03-29 19:40:14 | node_4 | INFO ] 🧠 Aggregation complete. Setting new model.
[ 2026-03-29 19:40:14 | node_6 | INFO ] 🧠 Aggregation complete. Setting new model.
[ 2026-03-29 19:40:15 | node_25 | INFO ] 🗣️ Gossiping aggregated model.
[ 2026-03-29 19:40:15 | node_6 | INFO ] 🗣️ Gossiping aggregated model.
[ 2026-03-29 19:40:15 | node_23 | INFO ] ⏹️  Gossiping exited for 10 equal rounds.
[ 2026-03-29 19:40:15 | node_16 | INFO ] 🗣️ Gossiping aggregated model.
[ 2026-03-29 19:40:15 | node_23 | INFO ] 🔬 Evaluating...
[ 2026-03-29 19:40:15 | node_31 | INFO ] 🗣️ Gossiping aggregated model.
[ 2026-03-29 19:40:15 | node_24 | INFO ] 🗣️ Gossiping aggregated model.
[ 2026-03-29 19:40:15 | node_4 | INFO ] 🗣️ Gossiping aggregated model.
[ 2026-03-29 19:40:15 | node_39 | INFO ] 🧩 Model added for round 141 (8/10) from ['node_32']
[ 2026-03-29 19:40:16 | node_37 | INFO ] 🧩 Model added for round 141 (9/11) from ['node_7']
[ 2026-03-29 19:40:16 | node_30 | INFO ] 🧩 Model added for round 141 (10/10) from ['node_35']
[ 2026-03-29 19:40:16 | node_29 | INFO ] 🧩 Model added for round 141 (6/8) from ['node_38']
[ 2026-03-29 19:40:16 | node_18 | INFO ] 🧩 Model added for round 141 (7/9) from ['node_45']
[ 2026-03-29 19:40:16 | node_44 | INFO ] 🧩 Model added for round 141 (8/9) from ['node_40']
[ 2026-03-29 19:40:16 | node_18 | INFO ] 🧩 Model added for round 141 (8/9) from ['node_47']
[ 2026-03-29 19:40:16 | node_23 | INFO ] 📈 Evaluated. Results: {'test_loss': 0.005214995238929987, 'test_accuracy': 0.9913622736930847, 'test_precision': 0.2649051249027252, 'test_recall': 0.5562825798988342, 'test_f1': 0.3563249409198761, 'communication_cost': 8746896}
[ 2026-03-29 19:40:16 | node_48 | INFO ] 🧩 Model added for round 141 (7/11) from ['node_43']
[ 2026-03-29 19:40:17 | node_8 | INFO ] 🧩 Model added for round 141 (11/12) from ['node_48']
[ 2026-03-29 19:40:17 | node_48 | INFO ] 🧩 Model added for round 141 (8/11) from ['node_8']
[ 2026-03-29 19:40:17 | node_23 | INFO ] 📢 Broadcasting metrics.
[ 2026-03-29 19:40:17 | node_41 | INFO ] 🧩 Model added for round 141 (8/9) from ['node_32']
[ 2026-03-29 19:40:17 | node_37 | INFO ] 🧩 Model added for round 141 (10/11) from ['node_38']
[ 2026-03-29 19:40:17 | node_45 | INFO ] 🧩 Model added for round 141 (11/12) from ['node_7']
[ 2026-03-29 19:40:18 | node_48 | INFO ] 🧩 Model added for round 141 (9/11) from ['node_40']
[ 2026-03-29 19:40:18 | node_37 | INFO ] 🧩 Model added for round 141 (11/11) from ['node_35']
[ 2026-03-29 19:40:18 | node_27 | INFO ] 🧩 Model added for round 141 (4/5) from ['node_45']
[ 2026-03-29 19:40:18 | node_21 | INFO ] 🧩 Model added for round 141 (11/11) from ['node_47']
[ 2026-03-29 19:40:18 | node_20 | INFO ] 🧩 Model added for round 141 (10/10) from ['node_48']
[ 2026-03-29 19:40:19 | node_49 | INFO ] 🧩 Model added for round 141 (7/9) from ['node_8']
[ 2026-03-29 19:40:19 | node_46 | INFO ] 🧩 Model added for round 141 (7/7) from ['node_32']
[ 2026-03-29 19:40:19 | node_40 | INFO ] 🧩 Model added for round 141 (10/11) from ['node_38']
[ 2026-03-29 19:40:20 | node_39 | INFO ] 🧩 Model added for round 141 (9/10) from ['node_35']
[ 2026-03-29 19:40:20 | node_37 | INFO ] 🧠 Aggregation complete. Setting new model.
[ 2026-03-29 19:40:20 | node_27 | INFO ] 🧩 Model added for round 141 (5/5) from ['node_47']
[ 2026-03-29 19:40:20 | node_29 | INFO ] 🧩 Model added for round 141 (7/8) from ['node_45']
[ 2026-03-29 19:40:20 | node_47 | INFO ] 🧩 Model added for round 141 (10/12) from ['node_7']
[ 2026-03-29 19:40:20 | node_19 | INFO ] 🧠 Aggregation complete. Setting new model.
[ 2026-03-29 19:40:20 | node_30 | INFO ] 🧠 Aggregation complete. Setting new model.
[ 2026-03-29 19:40:20 | node_27 | INFO ] 🧠 Aggregation complete. Setting new model.
[ 2026-03-29 19:40:20 | node_46 | INFO ] 🧠 Aggregation complete. Setting new model.
[ 2026-03-29 19:40:20 | node_21 | INFO ] 🧠 Aggregation complete. Setting new model.
[ 2026-03-29 19:40:20 | node_20 | INFO ] 🧠 Aggregation complete. Setting new model.
[ 2026-03-29 19:40:21 | node_27 | INFO ] 🗣️ Gossiping aggregated model.
[ 2026-03-29 19:40:21 | node_37 | INFO ] 🗣️ Gossiping aggregated model.
[ 2026-03-29 19:40:21 | node_46 | INFO ] 🗣️ Gossiping aggregated model.
[ 2026-03-29 19:40:21 | node_20 | INFO ] 🗣️ Gossiping aggregated model.
[ 2026-03-29 19:40:21 | node_21 | INFO ] 🗣️ Gossiping aggregated model.
[ 2026-03-29 19:40:21 | node_36 | INFO ] 🧩 Model added for round 141 (8/8) from ['node_48']
[ 2026-03-29 19:40:21 | node_30 | INFO ] 🗣️ Gossiping aggregated model.
[ 2026-03-29 19:40:21 | node_19 | INFO ] 🗣️ Gossiping aggregated model.
[ 2026-03-29 19:40:22 | node_49 | INFO ] 🧩 Model added for round 141 (8/9) from ['node_32']
[ 2026-03-29 19:40:22 | node_43 | INFO ] 🧩 Model added for round 141 (6/8) from ['node_45']
[ 2026-03-29 19:40:22 | node_38 | INFO ] 🧩 Model added for round 141 (11/11) from ['node_47']
[ 2026-03-29 19:40:22 | node_23 | INFO ] 🎉 Round 141 of 150 finished.
[ 2026-03-29 19:40:22 | node_23 | INFO ] 🗳️ [DETERMINISTIC] Train set assigned (No Voting). Size: 50
[ 2026-03-29 19:40:22 | node_47 | INFO ] 🧩 Model added for round 141 (11/12) from ['node_38']
[ 2026-03-29 19:40:22 | node_49 | INFO ] 🧩 Model added for round 141 (9/9) from ['node_35']
[ 2026-03-29 19:40:22 | node_23 | INFO ] ♻️ Proactively processing 11 early models for round 141.
[ 2026-03-29 19:40:22 | node_23 | INFO ] 🧩 Model added for round 141 (1/13) from ['node_5']
[ 2026-03-29 19:40:22 | node_23 | INFO ] 🧩 Model added for round 141 (2/13) from ['node_29']
[ 2026-03-29 19:40:22 | node_23 | INFO ] 🧩 Model added for round 141 (3/13) from ['node_33']
[ 2026-03-29 19:40:22 | node_23 | INFO ] 🧩 Model added for round 141 (4/13) from ['node_18']
[ 2026-03-29 19:40:22 | node_23 | INFO ] 🧩 Model added for round 141 (5/13) from ['node_9']
[ 2026-03-29 19:40:22 | node_23 | INFO ] 🧩 Model added for round 141 (6/13) from ['node_42']
[ 2026-03-29 19:40:22 | node_23 | INFO ] 🧩 Model added for round 141 (7/13) from ['node_8']
[ 2026-03-29 19:40:22 | node_23 | INFO ] 🧩 Model added for round 141 (8/13) from ['node_43']
[ 2026-03-29 19:40:22 | node_23 | INFO ] 🧩 Model added for round 141 (9/13) from ['node_35']
[ 2026-03-29 19:40:22 | node_23 | INFO ] 🧩 Model added for round 141 (10/13) from ['node_45']
[ 2026-03-29 19:40:22 | node_23 | INFO ] 🧩 Model added for round 141 (11/13) from ['node_48']
[ 2026-03-29 19:40:22 | node_23 | INFO ] 🏋️‍♀️ Preparing training...
[ 2026-03-29 19:40:23 | node_40 | INFO ] 🧩 Model added for round 141 (11/11) from ['node_48']
[ 2026-03-29 19:40:23 | node_39 | INFO ] 🧩 Model added for round 141 (10/10) from ['node_47']
[ 2026-03-29 19:40:24 | node_38 | INFO ] 🧠 Aggregation complete. Setting new model.
[ 2026-03-29 19:40:24 | node_40 | INFO ] 🧠 Aggregation complete. Setting new model.
[ 2026-03-29 19:40:24 | node_49 | INFO ] 🧠 Aggregation complete. Setting new model.
[ 2026-03-29 19:40:24 | node_32 | INFO ] 🧠 Aggregation complete. Setting new model.
[ 2026-03-29 19:40:24 | node_36 | INFO ] 🧠 Aggregation complete. Setting new model.
[ 2026-03-29 19:40:24 | node_7 | INFO ] 🧠 Aggregation complete. Setting new model.
[ 2026-03-29 19:40:24 | node_39 | INFO ] 🧠 Aggregation complete. Setting new model.
[ 2026-03-29 19:40:25 | node_43 | INFO ] 🧩 Model added for round 141 (7/8) from ['node_48']
[ 2026-03-29 19:40:25 | node_36 | INFO ] 🗣️ Gossiping aggregated model.
[ 2026-03-29 19:40:25 | node_48 | INFO ] 🧩 Model added for round 141 (10/11) from ['node_47']
[ 2026-03-29 19:40:25 | node_32 | INFO ] 🗣️ Gossiping aggregated model.
[ 2026-03-29 19:40:25 | node_49 | INFO ] 🗣️ Gossiping aggregated model.
[ 2026-03-29 19:40:25 | node_38 | INFO ] 🗣️ Gossiping aggregated model.
[ 2026-03-29 19:40:25 | node_23 | INFO ] 🎓 Training step done.
[ 2026-03-29 19:40:25 | node_23 | INFO ] 🛠️ Calling force_add_local_model...
[ 2026-03-29 19:40:25 | node_40 | INFO ] 🗣️ Gossiping aggregated model.
[ 2026-03-29 19:40:25 | node_39 | INFO ] 🗣️ Gossiping aggregated model.
[ 2026-03-29 19:40:25 | node_23 | INFO ] ✅ [FORCE] Local model added for round 141. (12/13)
[ 2026-03-29 19:40:26 | node_7 | INFO ] 🗣️ Gossiping aggregated model.
[ 2026-03-29 19:40:26 | node_47 | INFO ] 🧩 Model added for round 141 (12/12) from ['node_48']
[ 2026-03-29 19:40:27 | node_47 | INFO ] 🧠 Aggregation complete. Setting new model.
[ 2026-03-29 19:40:28 | node_47 | INFO ] 🗣️ Gossiping aggregated model.
[ 2026-03-29 19:40:30 | node_23 | INFO ] 📤 Sending model to 12 direct neighbors: ['node_5', 'node_8', 'node_9', 'node_18', 'node_26', 'node_29', 'node_33', 'node_35', 'node_42', 'node_43', 'node_45', 'node_48']
[ 2026-03-29 19:40:31 | node_5 | INFO ] 🧩 Model added for round 141 (5/5) from ['node_23']
[ 2026-03-29 19:40:31 | node_5 | INFO ] 🧠 Aggregation complete. Setting new model.
[ 2026-03-29 19:40:32 | node_5 | INFO ] 🗣️ Gossiping aggregated model.
[ 2026-03-29 19:40:32 | node_8 | INFO ] 🧩 Model added for round 141 (12/12) from ['node_23']
[ 2026-03-29 19:40:34 | node_9 | INFO ] 🧩 Model added for round 141 (12/12) from ['node_23']
[ 2026-03-29 19:40:35 | node_9 | INFO ] 🧠 Aggregation complete. Setting new model.
[ 2026-03-29 19:40:35 | node_8 | INFO ] 🧠 Aggregation complete. Setting new model.
[ 2026-03-29 19:40:35 | node_10 | INFO ] ⏹️  Gossiping exited for 10 equal rounds.
[ 2026-03-29 19:40:35 | node_15 | INFO ] ⏹️  Gossiping exited for 10 equal rounds.
[ 2026-03-29 19:40:35 | node_10 | INFO ] 🔬 Evaluating...
[ 2026-03-29 19:40:35 | node_15 | INFO ] 🔬 Evaluating...
[ 2026-03-29 19:40:36 | node_8 | INFO ] 🗣️ Gossiping aggregated model.
[ 2026-03-29 19:40:36 | node_9 | INFO ] 🗣️ Gossiping aggregated model.
[ 2026-03-29 19:40:36 | node_18 | INFO ] 🧩 Model added for round 141 (9/9) from ['node_23']
[ 2026-03-29 19:40:36 | node_15 | INFO ] 📈 Evaluated. Results: {'test_loss': 0.0036283403169363737, 'test_accuracy': 0.9879442453384399, 'test_precision': 0.24176321923732758, 'test_recall': 0.7298782467842102, 'test_f1': 0.3476199507713318, 'communication_cost': 5831264}
[ 2026-03-29 19:40:36 | node_10 | INFO ] 📈 Evaluated. Results: {'test_loss': 0.003857868956401944, 'test_accuracy': 0.99073326587677, 'test_precision': 0.21133166551589966, 'test_recall': 0.5830732583999634, 'test_f1': 0.30571553111076355, 'communication_cost': 5102356}
[ 2026-03-29 19:40:36 | node_26 | INFO ] ⏹️  Gossiping exited for 10 equal rounds.
[ 2026-03-29 19:40:36 | node_26 | INFO ] 🔬 Evaluating...
[ 2026-03-29 19:40:37 | node_15 | INFO ] 📢 Broadcasting metrics.
[ 2026-03-29 19:40:37 | node_10 | INFO ] 📢 Broadcasting metrics.
[ 2026-03-29 19:40:38 | node_3 | INFO ] ⏹️  Gossiping exited for 10 equal rounds.
[ 2026-03-29 19:40:38 | node_3 | INFO ] 🔬 Evaluating...
[ 2026-03-29 19:40:38 | node_26 | INFO ] 📈 Evaluated. Results: {'test_loss': 0.0033349022269248962, 'test_accuracy': 0.9930717945098877, 'test_precision': 0.34067007899284363, 'test_recall': 0.7068398594856262, 'test_f1': 0.45155635476112366, 'communication_cost': 6560172}
[ 2026-03-29 19:40:38 | node_26 | INFO ] 📢 Broadcasting metrics.
[ 2026-03-29 19:40:39 | node_29 | INFO ] 🧩 Model added for round 141 (8/8) from ['node_23']
[ 2026-03-29 19:40:39 | node_18 | INFO ] 🧠 Aggregation complete. Setting new model.
[ 2026-03-29 19:40:39 | node_29 | INFO ] 🧠 Aggregation complete. Setting new model.
[ 2026-03-29 19:40:39 | node_22 | INFO ] ⏹️  Gossiping exited for 10 equal rounds.
[ 2026-03-29 19:40:39 | node_22 | INFO ] 🔬 Evaluating...
[ 2026-03-29 19:40:39 | node_10 | INFO ] 🎉 Round 142 of 150 finished.
[ 2026-03-29 19:40:39 | node_10 | INFO ] 🗳️ [DETERMINISTIC] Train set assigned (No Voting). Size: 50
[ 2026-03-29 19:40:39 | node_10 | INFO ] 🏋️‍♀️ Preparing training...
[ 2026-03-29 19:40:39 | node_3 | INFO ] 📈 Evaluated. Results: {'test_loss': 0.002906695008277893, 'test_accuracy': 0.9911831021308899, 'test_precision': 0.21495212614536285, 'test_recall': 0.7378017902374268, 'test_f1': 0.3287560045719147, 'communication_cost': 3644540}
[ 2026-03-29 19:40:39 | node_15 | INFO ] 🎉 Round 142 of 150 finished.
[ 2026-03-29 19:40:40 | node_15 | INFO ] 🗳️ [DETERMINISTIC] Train set assigned (No Voting). Size: 50
[ 2026-03-29 19:40:40 | node_15 | INFO ] 🏋️‍♀️ Preparing training...
[ 2026-03-29 19:40:40 | node_29 | INFO ] 🗣️ Gossiping aggregated model.
[ 2026-03-29 19:40:40 | node_18 | INFO ] 🗣️ Gossiping aggregated model.
[ 2026-03-29 19:40:40 | node_3 | INFO ] 📢 Broadcasting metrics.
[ 2026-03-29 19:40:40 | node_14 | INFO ] ⏹️  Gossiping exited for 10 equal rounds.
[ 2026-03-29 19:40:40 | node_14 | INFO ] 🔬 Evaluating...
[ 2026-03-29 19:40:40 | node_22 | INFO ] 📈 Evaluated. Results: {'test_loss': 0.003514339681714773, 'test_accuracy': 0.9903724789619446, 'test_precision': 0.19220606982707977, 'test_recall': 0.5518115758895874, 'test_f1': 0.27322229743003845, 'communication_cost': 5831264}
[ 2026-03-29 19:40:40 | node_33 | INFO ] 🧩 Model added for round 141 (9/9) from ['node_23']
[ 2026-03-29 19:40:40 | node_6 | INFO ] ⏹️  Gossiping exited for 10 equal rounds.
[ 2026-03-29 19:40:40 | node_6 | INFO ] 🔬 Evaluating...
[ 2026-03-29 19:40:41 | node_22 | INFO ] 📢 Broadcasting metrics.
[ 2026-03-29 19:40:41 | node_24 | INFO ] ⏹️  Gossiping exited for 10 equal rounds.
[ 2026-03-29 19:40:41 | node_24 | INFO ] 🔬 Evaluating...
[ 2026-03-29 19:40:41 | node_4 | INFO ] ⏹️  Gossiping exited for 10 equal rounds.
[ 2026-03-29 19:40:41 | node_25 | INFO ] ⏹️  Gossiping exited for 10 equal rounds.
[ 2026-03-29 19:40:41 | node_4 | INFO ] 🔬 Evaluating...
[ 2026-03-29 19:40:42 | node_3 | INFO ] 🎉 Round 142 of 150 finished.
[ 2026-03-29 19:40:42 | node_14 | INFO ] 📈 Evaluated. Results: {'test_loss': 0.003385531948879361, 'test_accuracy': 0.9911831021308899, 'test_precision': 0.2987891435623169, 'test_recall': 0.716796875, 'test_f1': 0.40067532658576965, 'communication_cost': 4373448}
[ 2026-03-29 19:40:42 | node_3 | INFO ] 🗳️ [DETERMINISTIC] Train set assigned (No Voting). Size: 50
[ 2026-03-29 19:40:42 | node_35 | INFO ] 🧩 Model added for round 141 (11/11) from ['node_23']
[ 2026-03-29 19:40:42 | node_14 | INFO ] 📢 Broadcasting metrics.
[ 2026-03-29 19:40:42 | node_25 | INFO ] 🔬 Evaluating...
[ 2026-03-29 19:40:42 | node_10 | INFO ] 🎓 Training step done.
[ 2026-03-29 19:40:42 | node_33 | INFO ] 🧠 Aggregation complete. Setting new model.
[ 2026-03-29 19:40:42 | node_35 | INFO ] 🧠 Aggregation complete. Setting new model.
[ 2026-03-29 19:40:42 | node_10 | INFO ] 🛠️ Calling force_add_local_model...
[ 2026-03-29 19:40:42 | node_3 | INFO ] 🏋️‍♀️ Preparing training...
[ 2026-03-29 19:40:42 | node_10 | INFO ] ✅ [FORCE] Local model added for round 142. (1/8)
[ 2026-03-29 19:40:42 | node_26 | INFO ] 🎉 Round 141 of 150 finished.
[ 2026-03-29 19:40:42 | node_15 | INFO ] 🎓 Training step done.
[ 2026-03-29 19:40:42 | node_15 | INFO ] 🛠️ Calling force_add_local_model...
[ 2026-03-29 19:40:42 | node_26 | INFO ] 🗳️ [DETERMINISTIC] Train set assigned (No Voting). Size: 50
[ 2026-03-29 19:40:42 | node_15 | INFO ] ✅ [FORCE] Local model added for round 142. (1/9)
[ 2026-03-29 19:40:42 | node_26 | INFO ] ♻️ Proactively processing 9 early models for round 141.
[ 2026-03-29 19:40:42 | node_6 | INFO ] 📈 Evaluated. Results: {'test_loss': 0.004368001129478216, 'test_accuracy': 0.9921727180480957, 'test_precision': 0.2590046226978302, 'test_recall': 0.50772625207901, 'test_f1': 0.3365972936153412, 'communication_cost': 4373448}
[ 2026-03-29 19:40:42 | node_26 | INFO ] 🧩 Model added for round 141 (1/10) from ['node_13']
[ 2026-03-29 19:40:42 | node_26 | INFO ] 🧩 Model added for round 141 (2/10) from ['node_1']
[ 2026-03-29 19:40:42 | node_6 | INFO ] 📢 Broadcasting metrics.
[ 2026-03-29 19:40:42 | node_26 | INFO ] 🧩 Model added for round 141 (3/10) from ['node_41']
[ 2026-03-29 19:40:42 | node_16 | INFO ] ⏹️  Gossiping exited for 10 equal rounds.
[ 2026-03-29 19:40:43 | node_26 | INFO ] 🧩 Model added for round 141 (4/10) from ['node_44']
[ 2026-03-29 19:40:43 | node_24 | INFO ] 📈 Evaluated. Results: {'test_loss': 0.004676975309848785, 'test_accuracy': 0.9907324314117432, 'test_precision': 0.19254788756370544, 'test_recall': 0.5288568139076233, 'test_f1': 0.2809487581253052, 'communication_cost': 5102356}
[ 2026-03-29 19:40:43 | node_26 | INFO ] 🧩 Model added for round 141 (5/10) from ['node']
[ 2026-03-29 19:40:43 | node_26 | INFO ] 🧩 Model added for round 141 (6/10) from ['node_17']
[ 2026-03-29 19:40:43 | node_16 | INFO ] 🔬 Evaluating...
[ 2026-03-29 19:40:43 | node_24 | INFO ] 📢 Broadcasting metrics.
[ 2026-03-29 19:40:43 | node_26 | INFO ] 🧩 Model added for round 141 (7/10) from ['node_12']
[ 2026-03-29 19:40:43 | node_4 | INFO ] 📈 Evaluated. Results: {'test_loss': 0.0038792293053120375, 'test_accuracy': 0.9917228817939758, 'test_precision': 0.2008417844772339, 'test_recall': 0.5455113649368286, 'test_f1': 0.28780457377433777, 'communication_cost': 6560172}
[ 2026-03-29 19:40:43 | node_26 | INFO ] 🧩 Model added for round 141 (8/10) from ['node_34']
[ 2026-03-29 19:40:43 | node_25 | INFO ] 📈 Evaluated. Results: {'test_loss': 0.0037599378265440464, 'test_accuracy': 0.992531955242157, 'test_precision': 0.2961929142475128, 'test_recall': 0.5943072438240051, 'test_f1': 0.38579732179641724, 'communication_cost': 5102356}
[ 2026-03-29 19:40:43 | node_4 | INFO ] 📢 Broadcasting metrics.
[ 2026-03-29 19:40:43 | node_26 | INFO ] 🧩 Model added for round 141 (9/10) from ['node_23']
[ 2026-03-29 19:40:43 | node_33 | INFO ] 🗣️ Gossiping aggregated model.
[ 2026-03-29 19:40:43 | node_26 | INFO ] 🏋️‍♀️ Preparing training...
[ 2026-03-29 19:40:43 | node_25 | INFO ] 📢 Broadcasting metrics.
[ 2026-03-29 19:40:43 | node_35 | INFO ] 🗣️ Gossiping aggregated model.
[ 2026-03-29 19:40:43 | node_27 | INFO ] ⏹️  Gossiping exited for 10 equal rounds.
[ 2026-03-29 19:40:43 | node_27 | INFO ] 🔬 Evaluating...
[ 2026-03-29 19:40:43 | node_42 | INFO ] 🧩 Model added for round 141 (9/9) from ['node_23']
[ 2026-03-29 19:40:44 | node_16 | INFO ] 📈 Evaluated. Results: {'test_loss': 0.00562408147379756, 'test_accuracy': 0.9895636439323425, 'test_precision': 0.27212750911712646, 'test_recall': 0.5571931600570679, 'test_f1': 0.3575862646102905, 'communication_cost': 5102356}
[ 2026-03-29 19:40:44 | node_49 | INFO ] 🤫 Gossip finished.
[ 2026-03-29 19:40:44 | node_16 | INFO ] 📢 Broadcasting metrics.
[ 2026-03-29 19:40:44 | node_42 | INFO ] 🧠 Aggregation complete. Setting new model.
[ 2026-03-29 19:40:44 | node_49 | INFO ] 🔬 Evaluating...
[ 2026-03-29 19:40:44 | node_3 | INFO ] 🎓 Training step done.
[ 2026-03-29 19:40:45 | node_22 | INFO ] 🎉 Round 142 of 150 finished.
[ 2026-03-29 19:40:45 | node_3 | INFO ] 🛠️ Calling force_add_local_model...
[ 2026-03-29 19:40:45 | node_3 | INFO ] ✅ [FORCE] Local model added for round 142. (1/6)
[ 2026-03-29 19:40:45 | node_22 | INFO ] 🗳️ [DETERMINISTIC] Train set assigned (No Voting). Size: 50
[ 2026-03-29 19:40:45 | node_27 | INFO ] 📈 Evaluated. Results: {'test_loss': 0.0032735452987253666, 'test_accuracy': 0.9900125861167908, 'test_precision': 0.19987176358699799, 'test_recall': 0.6579475402832031, 'test_f1': 0.30362826585769653, 'communication_cost': 2915632}
[ 2026-03-29 19:40:45 | node_22 | INFO ] 🏋️‍♀️ Preparing training...
[ 2026-03-29 19:40:45 | node_14 | INFO ] 🎉 Round 142 of 150 finished.
[ 2026-03-29 19:40:45 | node_27 | INFO ] 📢 Broadcasting metrics.
[ 2026-03-29 19:40:45 | node_43 | INFO ] 🧩 Model added for round 141 (8/8) from ['node_23']
[ 2026-03-29 19:40:45 | node_14 | INFO ] 🗳️ [DETERMINISTIC] Train set assigned (No Voting). Size: 50
[ 2026-03-29 19:40:45 | node_46 | INFO ] ⏹️  Gossiping exited for 10 equal rounds.
[ 2026-03-29 19:40:45 | node_21 | INFO ] ⏹️  Gossiping exited for 10 equal rounds.
[ 2026-03-29 19:40:45 | node_46 | INFO ] 🔬 Evaluating...
[ 2026-03-29 19:40:45 | node_14 | INFO ] 🏋️‍♀️ Preparing training...
[ 2026-03-29 19:40:45 | node_49 | INFO ] 📈 Evaluated. Results: {'test_loss': 0.00447504548355937, 'test_accuracy': 0.9914522171020508, 'test_precision': 0.25314804911613464, 'test_recall': 0.5589587092399597, 'test_f1': 0.34348443150520325, 'communication_cost': 5831264}
[ 2026-03-29 19:40:45 | node_26 | INFO ] 🎓 Training step done.
[ 2026-03-29 19:40:45 | node_21 | INFO ] 🔬 Evaluating...
[ 2026-03-29 19:40:46 | node_26 | INFO ] 🛠️ Calling force_add_local_model...
[ 2026-03-29 19:40:46 | node_49 | INFO ] 📢 Broadcasting metrics.
[ 2026-03-29 19:40:46 | node_43 | INFO ] 🧠 Aggregation complete. Setting new model.
[ 2026-03-29 19:40:46 | node_42 | INFO ] 🗣️ Gossiping aggregated model.
[ 2026-03-29 19:40:46 | node_26 | INFO ] ✅ [FORCE] Local model added for round 141. (10/10)
[ 2026-03-29 19:40:46 | node_20 | INFO ] ⏹️  Gossiping exited for 10 equal rounds.
[ 2026-03-29 19:40:46 | node_6 | INFO ] 🎉 Round 142 of 150 finished.
[ 2026-03-29 19:40:46 | node_6 | INFO ] 🗳️ [DETERMINISTIC] Train set assigned (No Voting). Size: 50
[ 2026-03-29 19:40:46 | node_20 | INFO ] 🔬 Evaluating...
[ 2026-03-29 19:40:46 | node_6 | INFO ] 🏋️‍♀️ Preparing training...
[ 2026-03-29 19:40:46 | node_43 | INFO ] 🗣️ Gossiping aggregated model.
[ 2026-03-29 19:40:46 | node_24 | INFO ] 🎉 Round 142 of 150 finished.
[ 2026-03-29 19:40:46 | node_46 | INFO ] 📈 Evaluated. Results: {'test_loss': 0.002943946747109294, 'test_accuracy': 0.9937916398048401, 'test_precision': 0.315436989068985, 'test_recall': 0.6792265176773071, 'test_f1': 0.4287533760070801, 'communication_cost': 4373448}
[ 2026-03-29 19:40:46 | node_24 | INFO ] 🗳️ [DETERMINISTIC] Train set assigned (No Voting). Size: 50
[ 2026-03-29 19:40:46 | node_24 | INFO ] 🏋️‍♀️ Preparing training...
[ 2026-03-29 19:40:46 | node_27 | INFO ] 🎉 Round 142 of 150 finished.
[ 2026-03-29 19:40:46 | node_27 | INFO ] 🗳️ [DETERMINISTIC] Train set assigned (No Voting). Size: 50
[ 2026-03-29 19:40:47 | node_27 | INFO ] 🏋️‍♀️ Preparing training...
[ 2026-03-29 19:40:47 | node_25 | INFO ] 🎉 Round 142 of 150 finished.
[ 2026-03-29 19:40:47 | node_46 | INFO ] 📢 Broadcasting metrics.
[ 2026-03-29 19:40:47 | node_25 | INFO ] 🗳️ [DETERMINISTIC] Train set assigned (No Voting). Size: 50
[ 2026-03-29 19:40:47 | node_25 | INFO ] 🏋️‍♀️ Preparing training...
[ 2026-03-29 19:40:47 | node_16 | INFO ] 🎉 Round 142 of 150 finished.
[ 2026-03-29 19:40:47 | node_16 | INFO ] 🗳️ [DETERMINISTIC] Train set assigned (No Voting). Size: 50
[ 2026-03-29 19:40:47 | node_4 | INFO ] 🎉 Round 142 of 150 finished.
[ 2026-03-29 19:40:47 | node_10 | INFO ] 📤 Sending model to 7 direct neighbors: ['node', 'node_2', 'node_14', 'node_20', 'node_31', 'node_34', 'node_35']
[ 2026-03-29 19:40:47 | node_16 | INFO ] 🏋️‍♀️ Preparing training...
[ 2026-03-29 19:40:47 | node_21 | INFO ] 📈 Evaluated. Results: {'test_loss': 0.002515351166948676, 'test_accuracy': 0.993971586227417, 'test_precision': 0.32819312810897827, 'test_recall': 0.7191388607025146, 'test_f1': 0.43861621618270874, 'communication_cost': 7289080}
[ 2026-03-29 19:40:47 | node_45 | INFO ] 🧩 Model added for round 141 (12/12) from ['node_23']
[ 2026-03-29 19:40:47 | node_4 | INFO ] 🗳️ [DETERMINISTIC] Train set assigned (No Voting). Size: 50
[ 2026-03-29 19:40:47 | node_21 | INFO ] 📢 Broadcasting metrics.
[ 2026-03-29 19:40:47 | node_22 | INFO ] 🎓 Training step done.
[ 2026-03-29 19:40:47 | node_15 | INFO ] 📤 Sending model to 8 direct neighbors: ['node_2', 'node_8', 'node_16', 'node_22', 'node_37', 'node_40', 'node_42', 'node_44']
[ 2026-03-29 19:40:47 | node_22 | INFO ] 🛠️ Calling force_add_local_model...
[ 2026-03-29 19:40:47 | node_22 | INFO ] ✅ [FORCE] Local model added for round 142. (1/9)
[ 2026-03-29 19:40:47 | node_19 | INFO ] ⏹️  Gossiping exited for 10 equal rounds.
[ 2026-03-29 19:40:47 | node_45 | INFO ] 🧠 Aggregation complete. Setting new model.
[ 2026-03-29 19:40:47 | node_4 | INFO ] 🏋️‍♀️ Preparing training...
[ 2026-03-29 19:40:48 | node_14 | INFO ] 🎓 Training step done.
[ 2026-03-29 19:40:48 | node_19 | INFO ] 🔬 Evaluating...
[ 2026-03-29 19:40:48 | node_14 | INFO ] 🛠️ Calling force_add_local_model...
[ 2026-03-29 19:40:48 | node_20 | INFO ] 📈 Evaluated. Results: {'test_loss': 0.003046734258532524, 'test_accuracy': 0.991092324256897, 'test_precision': 0.23948919773101807, 'test_recall': 0.6774308085441589, 'test_f1': 0.3472250699996948, 'communication_cost': 6560172}
[ 2026-03-29 19:40:48 | node_14 | INFO ] ✅ [FORCE] Local model added for round 142. (1/7)
[ 2026-03-29 19:40:48 | node_20 | INFO ] 📢 Broadcasting metrics.
[ 2026-03-29 19:40:48 | node_14 | INFO ] 🧩 Model added for round 142 (2/7) from ['node_10']
[ 2026-03-29 19:40:48 | node_16 | INFO ] 🧩 Model added for round 142 (1/8) from ['node_15']
[ 2026-03-29 19:40:49 | node_36 | INFO ] ⏹️  Gossiping exited for 10 equal rounds.
[ 2026-03-29 19:40:49 | node_39 | INFO ] ⏹️  Gossiping exited for 10 equal rounds.
[ 2026-03-29 19:40:49 | node_49 | INFO ] 🎉 Round 142 of 150 finished.
[ 2026-03-29 19:40:49 | node_19 | INFO ] 📈 Evaluated. Results: {'test_loss': 0.002505348529666662, 'test_accuracy': 0.9936116337776184, 'test_precision': 0.22805309295654297, 'test_recall': 0.511532723903656, 'test_f1': 0.3053624629974365, 'communication_cost': 5831264}
[ 2026-03-29 19:40:49 | node_36 | INFO ] 🔬 Evaluating...
[ 2026-03-29 19:40:49 | node_39 | INFO ] 🔬 Evaluating...
[ 2026-03-29 19:40:49 | node_19 | INFO ] 📢 Broadcasting metrics.
[ 2026-03-29 19:40:49 | node_45 | INFO ] 🗣️ Gossiping aggregated model.
[ 2026-03-29 19:40:49 | node_49 | INFO ] 🗳️ [DETERMINISTIC] Train set assigned (No Voting). Size: 50
[ 2026-03-29 19:40:49 | node_48 | INFO ] 🧩 Model added for round 141 (11/11) from ['node_23']
[ 2026-03-29 19:40:49 | node_49 | INFO ] 🏋️‍♀️ Preparing training...
[ 2026-03-29 19:40:50 | node_6 | INFO ] 🎓 Training step done.
[ 2026-03-29 19:40:50 | node_40 | INFO ] ⏹️  Gossiping exited for 10 equal rounds.
[ 2026-03-29 19:40:50 | node_48 | INFO ] 🧠 Aggregation complete. Setting new model.
[ 2026-03-29 19:40:50 | node_6 | INFO ] 🛠️ Calling force_add_local_model...
[ 2026-03-29 19:40:50 | node_32 | INFO ] ⏹️  Gossiping exited for 10 equal rounds.
[ 2026-03-29 19:40:50 | node_40 | INFO ] 🔬 Evaluating...
[ 2026-03-29 19:40:50 | node_3 | INFO ] 📤 Sending model to 5 direct neighbors: ['node_21', 'node_30', 'node_31', 'node_34', 'node_47']
[ 2026-03-29 19:40:50 | node_6 | INFO ] ✅ [FORCE] Local model added for round 142. (1/7)
[ 2026-03-29 19:40:50 | node_46 | INFO ] 🎉 Round 142 of 150 finished.
[ 2026-03-29 19:40:50 | node_24 | INFO ] 🎓 Training step done.
[ 2026-03-29 19:40:50 | node_27 | INFO ] 🎓 Training step done.
[ 2026-03-29 19:40:50 | node_24 | INFO ] 🛠️ Calling force_add_local_model...
[ 2026-03-29 19:40:50 | node_32 | INFO ] 🔬 Evaluating...
[ 2026-03-29 19:40:50 | node_16 | INFO ] 🎓 Training step done.
[ 2026-03-29 19:40:50 | node_27 | INFO ] 🛠️ Calling force_add_local_model...
[ 2026-03-29 19:40:50 | node_46 | INFO ] 🗳️ [DETERMINISTIC] Train set assigned (No Voting). Size: 50
[ 2026-03-29 19:40:50 | node_22 | INFO ] 🧩 Model added for round 142 (2/9) from ['node_15']
[ 2026-03-29 19:40:50 | node_24 | INFO ] ✅ [FORCE] Local model added for round 142. (1/8)
[ 2026-03-29 19:40:50 | node_16 | INFO ] 🛠️ Calling force_add_local_model...
[ 2026-03-29 19:40:50 | node_38 | INFO ] ⏹️  Gossiping exited for 10 equal rounds.
[ 2026-03-29 19:40:50 | node_25 | INFO ] 🎓 Training step done.
[ 2026-03-29 19:40:50 | node_27 | INFO ] ✅ [FORCE] Local model added for round 142. (1/5)
[ 2026-03-29 19:40:50 | node_4 | INFO ] 🎓 Training step done.
[ 2026-03-29 19:40:50 | node_36 | INFO ] 📈 Evaluated. Results: {'test_loss': 0.0033089155331254005, 'test_accuracy': 0.9920820593833923, 'test_precision': 0.30944201350212097, 'test_recall': 0.6442775130271912, 'test_f1': 0.40791407227516174, 'communication_cost': 5102356}
[ 2026-03-29 19:40:50 | node_7 | INFO ] ⏹️  Gossiping exited for 10 equal rounds.
[ 2026-03-29 19:40:50 | node_25 | INFO ] 🛠️ Calling force_add_local_model...
[ 2026-03-29 19:40:50 | node_39 | INFO ] 📈 Evaluated. Results: {'test_loss': 0.0035042352974414825, 'test_accuracy': 0.9919920563697815, 'test_precision': 0.24691228568553925, 'test_recall': 0.6211605668067932, 'test_f1': 0.3414546847343445, 'communication_cost': 6560172}
[ 2026-03-29 19:40:50 | node_16 | INFO ] ✅ [FORCE] Local model added for round 142. (2/8)
[ 2026-03-29 19:40:50 | node_4 | INFO ] 🛠️ Calling force_add_local_model...
[ 2026-03-29 19:40:50 | node_46 | INFO ] 🏋️‍♀️ Preparing training...
[ 2026-03-29 19:40:50 | node_36 | INFO ] 📢 Broadcasting metrics.
[ 2026-03-29 19:40:50 | node_25 | INFO ] ✅ [FORCE] Local model added for round 142. (1/8)
[ 2026-03-29 19:40:50 | node_38 | INFO ] 🔬 Evaluating...
[ 2026-03-29 19:40:50 | node_39 | INFO ] 📢 Broadcasting metrics.
[ 2026-03-29 19:40:50 | node_4 | INFO ] ✅ [FORCE] Local model added for round 142. (1/10)
[ 2026-03-29 19:40:50 | node_7 | INFO ] 🔬 Evaluating...
[ 2026-03-29 19:40:51 | node_40 | INFO ] 📈 Evaluated. Results: {'test_loss': 0.004299752414226532, 'test_accuracy': 0.989652693271637, 'test_precision': 0.20574402809143066, 'test_recall': 0.5744226574897766, 'test_f1': 0.29878154397010803, 'communication_cost': 7289080}
[ 2026-03-29 19:40:51 | node_40 | INFO ] 📢 Broadcasting metrics.
[ 2026-03-29 19:40:51 | node_26 | INFO ] 📤 Sending model to 9 direct neighbors: ['node', 'node_1', 'node_12', 'node_13', 'node_17', 'node_23', 'node_34', 'node_41', 'node_44']
[ 2026-03-29 19:40:51 | node_32 | INFO ] 📈 Evaluated. Results: {'test_loss': 0.003458896651864052, 'test_accuracy': 0.9922620058059692, 'test_precision': 0.2874647378921509, 'test_recall': 0.5836139917373657, 'test_f1': 0.3717922866344452, 'communication_cost': 5831264}
[ 2026-03-29 19:40:51 | node_48 | INFO ] 🗣️ Gossiping aggregated model.
[ 2026-03-29 19:40:51 | node_32 | INFO ] 📢 Broadcasting metrics.
[ 2026-03-29 19:40:51 | node | INFO ] 🧩 Model added for round 141 (8/8) from ['node_26']
[ 2026-03-29 19:40:51 | node_7 | INFO ] 📈 Evaluated. Results: {'test_loss': 0.003429042873904109, 'test_accuracy': 0.9911831021308899, 'test_precision': 0.266366183757782, 'test_recall': 0.677964985370636, 'test_f1': 0.3821556270122528, 'communication_cost': 9475804}
[ 2026-03-29 19:40:51 | node_38 | INFO ] 📈 Evaluated. Results: {'test_loss': 0.0037841261364519596, 'test_accuracy': 0.9889328479766846, 'test_precision': 0.18665564060211182, 'test_recall': 0.6028449535369873, 'test_f1': 0.2828061878681183, 'communication_cost': 7289080}
[ 2026-03-29 19:40:52 | node_7 | INFO ] 📢 Broadcasting metrics.
[ 2026-03-29 19:40:52 | node_38 | INFO ] 📢 Broadcasting metrics.
[ 2026-03-29 19:40:52 | node_49 | INFO ] 🎓 Training step done.
[ 2026-03-29 19:40:52 | node_49 | INFO ] 🛠️ Calling force_add_local_model...
[ 2026-03-29 19:40:52 | node_49 | INFO ] ✅ [FORCE] Local model added for round 142. (1/9)
[ 2026-03-29 19:40:52 | node | INFO ] 🧠 Aggregation complete. Setting new model.
[ 2026-03-29 19:40:52 | node_22 | INFO ] 📤 Sending model to 8 direct neighbors: ['node_7', 'node_9', 'node_11', 'node_15', 'node_19', 'node_21', 'node_33', 'node_39']
[ 2026-03-29 19:40:53 | node_46 | INFO ] 🎓 Training step done.
[ 2026-03-29 19:40:53 | node_46 | INFO ] 🛠️ Calling force_add_local_model...
[ 2026-03-29 19:40:53 | node_46 | INFO ] ✅ [FORCE] Local model added for round 142. (1/7)
[ 2026-03-29 19:40:53 | node_21 | INFO ] 🎉 Round 142 of 150 finished.
[ 2026-03-29 19:40:53 | node_21 | INFO ] 🗳️ [DETERMINISTIC] Train set assigned (No Voting). Size: 50
[ 2026-03-29 19:40:53 | node_14 | INFO ] 📤 Sending model to 6 direct neighbors: ['node', 'node_7', 'node_8', 'node_10', 'node_40', 'node_43']
[ 2026-03-29 19:40:53 | node_1 | INFO ] 🧩 Model added for round 141 (9/9) from ['node_26']
[ 2026-03-29 19:40:53 | node_21 | INFO ] ♻️ Proactively processing 1 early models for round 142.
[ 2026-03-29 19:40:53 | node_20 | INFO ] 🎉 Round 142 of 150 finished.
[ 2026-03-29 19:40:53 | node_21 | INFO ] 🧩 Model added for round 142 (1/11) from ['node_3']
[ 2026-03-29 19:40:53 | node | INFO ] 🗣️ Gossiping aggregated model.
[ 2026-03-29 19:40:53 | node_21 | INFO ] 🏋️‍♀️ Preparing training...
[ 2026-03-29 19:40:53 | node_20 | INFO ] 🗳️ [DETERMINISTIC] Train set assigned (No Voting). Size: 50
[ 2026-03-29 19:40:53 | node_20 | INFO ] ♻️ Proactively processing 1 early models for round 142.
[ 2026-03-29 19:40:53 | node_20 | INFO ] 🧩 Model added for round 142 (1/10) from ['node_10']
[ 2026-03-29 19:40:54 | node_20 | INFO ] 🏋️‍♀️ Preparing training...
[ 2026-03-29 19:40:54 | node_1 | INFO ] 🧠 Aggregation complete. Setting new model.
[ 2026-03-29 19:40:54 | node_36 | INFO ] 🎉 Round 142 of 150 finished.
[ 2026-03-29 19:40:54 | node_19 | INFO ] 🎉 Round 142 of 150 finished.
[ 2026-03-29 19:40:54 | node_36 | INFO ] 🗳️ [DETERMINISTIC] Train set assigned (No Voting). Size: 50
[ 2026-03-29 19:40:54 | node_19 | INFO ] 🗳️ [DETERMINISTIC] Train set assigned (No Voting). Size: 50
[ 2026-03-29 19:40:54 | node_36 | INFO ] 🏋️‍♀️ Preparing training...
[ 2026-03-29 19:40:54 | node_19 | INFO ] 🏋️‍♀️ Preparing training...
[ 2026-03-29 19:40:54 | node_47 | INFO ] ⏹️  Gossiping exited for 10 equal rounds.
[ 2026-03-29 19:40:54 | node_47 | INFO ] 🔬 Evaluating...
[ 2026-03-29 19:40:55 | node_39 | INFO ] 🎉 Round 142 of 150 finished.
[ 2026-03-29 19:40:55 | node_39 | INFO ] 🗳️ [DETERMINISTIC] Train set assigned (No Voting). Size: 50
[ 2026-03-29 19:40:55 | node_39 | INFO ] 🏋️‍♀️ Preparing training...
[ 2026-03-29 19:40:55 | node_6 | INFO ] 📤 Sending model to 6 direct neighbors: ['node_2', 'node_21', 'node_30', 'node_45', 'node_47', 'node_48']
[ 2026-03-29 19:40:55 | node_1 | INFO ] 🗣️ Gossiping aggregated model.
[ 2026-03-29 19:40:55 | node_12 | INFO ] 🧩 Model added for round 141 (6/6) from ['node_26']
[ 2026-03-29 19:40:55 | node_15 | INFO ] 🧩 Model added for round 142 (2/9) from ['node_22']
[ 2026-03-29 19:40:55 | node_24 | INFO ] 📤 Sending model to 7 direct neighbors: ['node_9', 'node_21', 'node_31', 'node_33', 'node_35', 'node_36', 'node_37']
[ 2026-03-29 19:40:55 | node_32 | INFO ] 🎉 Round 142 of 150 finished.
[ 2026-03-29 19:40:55 | node_32 | INFO ] 🗳️ [DETERMINISTIC] Train set assigned (No Voting). Size: 50
[ 2026-03-29 19:40:55 | node_27 | INFO ] 📤 Sending model to 4 direct neighbors: ['node_8', 'node_45', 'node_47', 'node_49']
[ 2026-03-29 19:40:55 | node_16 | INFO ] 📤 Sending model to 7 direct neighbors: ['node_7', 'node_15', 'node_19', 'node_28', 'node_38', 'node_42', 'node_45']
[ 2026-03-29 19:40:55 | node_32 | INFO ] 🏋️‍♀️ Preparing training...
[ 2026-03-29 19:40:55 | node_25 | INFO ] 📤 Sending model to 7 direct neighbors: ['node_1', 'node_9', 'node_13', 'node_30', 'node_35', 'node_42', 'node_43']
[ 2026-03-29 19:40:55 | node_4 | INFO ] 📤 Sending model to 9 direct neighbors: ['node_7', 'node_9', 'node_12', 'node_18', 'node_28', 'node_33', 'node_40', 'node_45', 'node_48']
[ 2026-03-29 19:40:56 | node_10 | INFO ] 🧩 Model added for round 142 (2/8) from ['node_14']
[ 2026-03-29 19:40:56 | node_21 | INFO ] 🎓 Training step done.
[ 2026-03-29 19:40:56 | node_21 | INFO ] 🛠️ Calling force_add_local_model...
[ 2026-03-29 19:40:56 | node_20 | INFO ] 🎓 Training step done.
[ 2026-03-29 19:40:56 | node_21 | INFO ] ✅ [FORCE] Local model added for round 142. (2/11)
[ 2026-03-29 19:40:56 | node_20 | INFO ] 🛠️ Calling force_add_local_model...
[ 2026-03-29 19:40:56 | node_12 | INFO ] 🧠 Aggregation complete. Setting new model.
[ 2026-03-29 19:40:56 | node_40 | INFO ] 🎉 Round 142 of 150 finished.
[ 2026-03-29 19:40:56 | node_40 | INFO ] 🗳️ [DETERMINISTIC] Train set assigned (No Voting). Size: 50
[ 2026-03-29 19:40:56 | node_20 | INFO ] ✅ [FORCE] Local model added for round 142. (2/10)
[ 2026-03-29 19:40:56 | node_38 | INFO ] 🎉 Round 142 of 150 finished.
[ 2026-03-29 19:40:56 | node_38 | INFO ] 🗳️ [DETERMINISTIC] Train set assigned (No Voting). Size: 50
[ 2026-03-29 19:40:56 | node_40 | INFO ] ♻️ Proactively processing 1 early models for round 142.
[ 2026-03-29 19:40:56 | node_38 | INFO ] 🏋️‍♀️ Preparing training...
[ 2026-03-29 19:40:56 | node_40 | INFO ] 🧩 Model added for round 142 (1/11) from ['node_15']
[ 2026-03-29 19:40:56 | node_40 | INFO ] 🏋️‍♀️ Preparing training...
[ 2026-03-29 19:40:56 | node_12 | INFO ] 🗣️ Gossiping aggregated model.
[ 2026-03-29 19:40:56 | node_47 | INFO ] 📈 Evaluated. Results: {'test_loss': 0.004416071809828281, 'test_accuracy': 0.9915422201156616, 'test_precision': 0.24070939421653748, 'test_recall': 0.4982624650001526, 'test_f1': 0.32262569665908813, 'communication_cost': 8017988}
[ 2026-03-29 19:40:57 | node_47 | INFO ] 📢 Broadcasting metrics.
[ 2026-03-29 19:40:57 | node_13 | INFO ] 🧩 Model added for round 141 (6/6) from ['node_26']
[ 2026-03-29 19:40:57 | node_19 | INFO ] 🧩 Model added for round 142 (1/9) from ['node_22']
[ 2026-03-29 19:40:57 | node_49 | INFO ] 📤 Sending model to 8 direct neighbors: ['node_8', 'node_19', 'node_21', 'node_27', 'node_29', 'node_32', 'node_33', 'node_35']
[ 2026-03-29 19:40:57 | node_21 | INFO ] 🧩 Model added for round 142 (3/11) from ['node_6']
[ 2026-03-29 19:40:57 | node_21 | INFO ] 🧩 Model added for round 142 (4/11) from ['node_24']
[ 2026-03-29 19:40:57 | node_36 | INFO ] 🎓 Training step done.
[ 2026-03-29 19:40:57 | node_28 | INFO ] ⏹️  Gossiping exited for 10 equal rounds.
[ 2026-03-29 19:40:57 | node_36 | INFO ] 🛠️ Calling force_add_local_model...
[ 2026-03-29 19:40:57 | node_40 | INFO ] 🧩 Model added for round 142 (2/11) from ['node_14']
[ 2026-03-29 19:40:57 | node_19 | INFO ] 🎓 Training step done.
[ 2026-03-29 19:40:57 | node_36 | INFO ] ✅ [FORCE] Local model added for round 142. (1/8)
[ 2026-03-29 19:40:57 | node_19 | INFO ] 🛠️ Calling force_add_local_model...
[ 2026-03-29 19:40:57 | node_13 | INFO ] 🧠 Aggregation complete. Setting new model.
[ 2026-03-29 19:40:58 | node_28 | INFO ] 🔬 Evaluating...
[ 2026-03-29 19:40:58 | node_5 | INFO ] ⏹️  Gossiping exited for 10 equal rounds.
[ 2026-03-29 19:40:58 | node_19 | INFO ] ✅ [FORCE] Local model added for round 142. (2/9)
[ 2026-03-29 19:40:58 | node_46 | INFO ] 📤 Sending model to 6 direct neighbors: ['node_2', 'node_13', 'node_19', 'node_32', 'node_41', 'node_44']
[ 2026-03-29 19:40:58 | node_32 | INFO ] 🎓 Training step done.
[ 2026-03-29 19:40:58 | node_15 | INFO ] 🧩 Model added for round 142 (3/9) from ['node_16']
[ 2026-03-29 19:40:58 | node_7 | INFO ] 🎉 Round 142 of 150 finished.
[ 2026-03-29 19:40:58 | node_5 | INFO ] 🔬 Evaluating...
[ 2026-03-29 19:40:58 | node_39 | INFO ] 🎓 Training step done.
[ 2026-03-29 19:40:58 | node_32 | INFO ] 🛠️ Calling force_add_local_model...
[ 2026-03-29 19:40:58 | node_39 | INFO ] 🛠️ Calling force_add_local_model...
[ 2026-03-29 19:40:58 | node_7 | INFO ] 🗳️ [DETERMINISTIC] Train set assigned (No Voting). Size: 50
[ 2026-03-29 19:40:58 | node_32 | INFO ] ✅ [FORCE] Local model added for round 142. (1/9)
[ 2026-03-29 19:40:58 | node_39 | INFO ] ✅ [FORCE] Local model added for round 142. (1/10)
[ 2026-03-29 19:40:58 | node_17 | INFO ] 🧩 Model added for round 141 (6/6) from ['node_26']
[ 2026-03-29 19:40:58 | node_13 | INFO ] 🗣️ Gossiping aggregated model.
[ 2026-03-29 19:40:58 | node_19 | INFO ] 🧩 Model added for round 142 (3/9) from ['node_49']
[ 2026-03-29 19:40:58 | node_7 | INFO ] ♻️ Proactively processing 4 early models for round 142.
[ 2026-03-29 19:40:59 | node_49 | INFO ] 🧩 Model added for round 142 (2/9) from ['node_27']
[ 2026-03-29 19:40:59 | node_7 | INFO ] 🧩 Model added for round 142 (1/14) from ['node_22']
[ 2026-03-29 19:40:59 | node_28 | INFO ] 📈 Evaluated. Results: {'test_loss': 0.004569933749735355, 'test_accuracy': 0.988213062286377, 'test_precision': 0.15052583813667297, 'test_recall': 0.5378990173339844, 'test_f1': 0.2305452823638916, 'communication_cost': 4373448}
[ 2026-03-29 19:40:59 | node_7 | INFO ] 🧩 Model added for round 142 (2/14) from ['node_14']
[ 2026-03-29 19:40:59 | node_7 | INFO ] 🧩 Model added for round 142 (3/14) from ['node_4']
[ 2026-03-29 19:40:59 | node_7 | INFO ] 🧩 Model added for round 142 (4/14) from ['node_16']
[ 2026-03-29 19:40:59 | node_28 | INFO ] 📢 Broadcasting metrics.
[ 2026-03-29 19:40:59 | node_7 | INFO ] 🏋️‍♀️ Preparing training...
[ 2026-03-29 19:40:59 | node_21 | INFO ] 🧩 Model added for round 142 (5/11) from ['node_22']
[ 2026-03-29 19:40:59 | node_38 | INFO ] 🎓 Training step done.
[ 2026-03-29 19:40:59 | node_38 | INFO ] 🛠️ Calling force_add_local_model...
[ 2026-03-29 19:40:59 | node_38 | INFO ] ✅ [FORCE] Local model added for round 142. (1/11)
[ 2026-03-29 19:40:59 | node_40 | INFO ] 🎓 Training step done.
[ 2026-03-29 19:40:59 | node_5 | INFO ] 📈 Evaluated. Results: {'test_loss': 0.0025760498829185963, 'test_accuracy': 0.9928925037384033, 'test_precision': 0.32874971628189087, 'test_recall': 0.7815625071525574, 'test_f1': 0.45280247926712036, 'communication_cost': 2915632}
[ 2026-03-29 19:40:59 | node_40 | INFO ] 🛠️ Calling force_add_local_model...
[ 2026-03-29 19:40:59 | node_5 | INFO ] 📢 Broadcasting metrics.
[ 2026-03-29 19:40:59 | node_17 | INFO ] 🧠 Aggregation complete. Setting new model.
[ 2026-03-29 19:40:59 | node_40 | INFO ] ✅ [FORCE] Local model added for round 142. (3/11)
[ 2026-03-29 19:40:59 | node_19 | INFO ] 🧩 Model added for round 142 (4/9) from ['node_46']
[ 2026-03-29 19:41:00 | node_23 | INFO ] 🧩 Model added for round 141 (13/13) from ['node_26']
[ 2026-03-29 19:41:00 | node_19 | INFO ] 🧩 Model added for round 142 (5/9) from ['node_16']
[ 2026-03-29 19:41:00 | node_40 | INFO ] 🧩 Model added for round 142 (4/11) from ['node_4']
[ 2026-03-29 19:41:00 | node_17 | INFO ] 🗣️ Gossiping aggregated model.
[ 2026-03-29 19:41:00 | node_21 | INFO ] 🧩 Model added for round 142 (6/11) from ['node_49']
[ 2026-03-29 19:41:01 | node_2 | INFO ] ⏹️  Gossiping exited for 10 equal rounds.
[ 2026-03-29 19:41:01 | node_23 | INFO ] 🧠 Aggregation complete. Setting new model.
[ 2026-03-29 19:41:01 | node_2 | INFO ] 🔬 Evaluating...
[ 2026-03-29 19:41:01 | node_21 | INFO ] 📤 Sending model to 10 direct neighbors: ['node_2', 'node_3', 'node_6', 'node_19', 'node_22', 'node_24', 'node_37', 'node_38', 'node_47', 'node_49']
[ 2026-03-29 19:41:01 | node_7 | INFO ] 🎓 Training step done.
[ 2026-03-29 19:41:01 | node_36 | INFO ] 🧩 Model added for round 142 (2/8) from ['node_24']
[ 2026-03-29 19:41:01 | node_7 | INFO ] 🛠️ Calling force_add_local_model...
[ 2026-03-29 19:41:01 | node_7 | INFO ] ✅ [FORCE] Local model added for round 142. (5/14)
[ 2026-03-29 19:41:01 | node_20 | INFO ] 📤 Sending model to 9 direct neighbors: ['node_7', 'node_10', 'node_18', 'node_34', 'node_35', 'node_36', 'node_37', 'node_40', 'node_48']
[ 2026-03-29 19:41:01 | node_32 | INFO ] 🧩 Model added for round 142 (2/9) from ['node_46']
[ 2026-03-29 19:41:01 | node_39 | INFO ] 🧩 Model added for round 142 (2/10) from ['node_22']
[ 2026-03-29 19:41:01 | node_18 | INFO ] 🤫 Gossip finished.
[ 2026-03-29 19:41:02 | node_7 | INFO ] 🧩 Model added for round 142 (6/14) from ['node_20']
[ 2026-03-29 19:41:02 | node_18 | INFO ] 🔬 Evaluating...
[ 2026-03-29 19:41:02 | node_2 | INFO ] 📈 Evaluated. Results: {'test_loss': 0.004850836470723152, 'test_accuracy': 0.9922627210617065, 'test_precision': 0.23328165709972382, 'test_recall': 0.507457971572876, 'test_f1': 0.31700846552848816, 'communication_cost': 5831264}
[ 2026-03-29 19:41:02 | node_3 | INFO ] 🧩 Model added for round 142 (2/6) from ['node_21']
[ 2026-03-29 19:41:02 | node_5 | INFO ] 🎉 Round 142 of 150 finished.
[ 2026-03-29 19:41:02 | node_2 | INFO ] 📢 Broadcasting metrics.
[ 2026-03-29 19:41:02 | node_34 | INFO ] 🧩 Model added for round 141 (10/10) from ['node_26']
[ 2026-03-29 19:41:02 | node_5 | INFO ] 🗳️ [DETERMINISTIC] Train set assigned (No Voting). Size: 50
[ 2026-03-29 19:41:02 | node_38 | INFO ] 🧩 Model added for round 142 (2/11) from ['node_16']
[ 2026-03-29 19:41:02 | node_5 | INFO ] 🏋️‍♀️ Preparing training...
[ 2026-03-29 19:41:02 | node_36 | INFO ] 📤 Sending model to 7 direct neighbors: ['node_5', 'node_9', 'node_12', 'node_20', 'node_24', 'node_39', 'node_48']
[ 2026-03-29 19:41:02 | node_27 | INFO ] 🧩 Model added for round 142 (2/5) from ['node_49']
[ 2026-03-29 19:41:02 | node_28 | INFO ] 🎉 Round 142 of 150 finished.
[ 2026-03-29 19:41:03 | node_28 | INFO ] 🗳️ [DETERMINISTIC] Train set assigned (No Voting). Size: 50
[ 2026-03-29 19:41:03 | node_34 | INFO ] 🧠 Aggregation complete. Setting new model.
[ 2026-03-29 19:41:03 | node_5 | INFO ] 🧩 Model added for round 142 (1/5) from ['node_36']
[ 2026-03-29 19:41:03 | node_23 | INFO ] 🗣️ Gossiping aggregated model.
[ 2026-03-29 19:41:03 | node_28 | INFO ] ♻️ Proactively processing 2 early models for round 142.
[ 2026-03-29 19:41:03 | node_28 | INFO ] 🧩 Model added for round 142 (1/7) from ['node_4']
[ 2026-03-29 19:41:03 | node_28 | INFO ] 🧩 Model added for round 142 (2/7) from ['node_16']
[ 2026-03-29 19:41:03 | node_19 | INFO ] 📤 Sending model to 8 direct neighbors: ['node_2', 'node_7', 'node_16', 'node_21', 'node_22', 'node_41', 'node_46', 'node_49']
[ 2026-03-29 19:41:03 | node_18 | INFO ] 📈 Evaluated. Results: {'test_loss': 0.0023681032471358776, 'test_accuracy': 0.9917228817939758, 'test_precision': 0.21478857100009918, 'test_recall': 0.7582502365112305, 'test_f1': 0.3256077170372009, 'communication_cost': 5831264}
[ 2026-03-29 19:41:03 | node_28 | INFO ] 🏋️‍♀️ Preparing training...
[ 2026-03-29 19:41:03 | node_6 | INFO ] 🧩 Model added for round 142 (2/7) from ['node_21']
[ 2026-03-29 19:41:03 | node_18 | INFO ] 📢 Broadcasting metrics.
[ 2026-03-29 19:41:03 | node_32 | INFO ] 📤 Sending model to 8 direct neighbors: ['node_7', 'node_11', 'node_13', 'node_18', 'node_39', 'node_41', 'node_46', 'node_49']
[ 2026-03-29 19:41:03 | node_29 | INFO ] 🤫 Gossip finished.
[ 2026-03-29 19:41:03 | node_39 | INFO ] 📤 Sending model to 9 direct neighbors: ['node_13', 'node_22', 'node_30', 'node_32', 'node_33', 'node_35', 'node_36', 'node_42', 'node_47']
[ 2026-03-29 19:41:03 | node_29 | INFO ] 🔬 Evaluating...
[ 2026-03-29 19:41:04 | node_8 | INFO ] ⏹️  Gossiping exited for 10 equal rounds.
[ 2026-03-29 19:41:04 | node_7 | INFO ] 🧩 Model added for round 142 (7/14) from ['node_32']
[ 2026-03-29 19:41:04 | node_47 | INFO ] 🎉 Round 142 of 150 finished.
[ 2026-03-29 19:41:04 | node_8 | INFO ] 🔬 Evaluating...
[ 2026-03-29 19:41:04 | node_41 | INFO ] 🧩 Model added for round 141 (9/9) from ['node_26']
[ 2026-03-29 19:41:04 | node_47 | INFO ] 🗳️ [DETERMINISTIC] Train set assigned (No Voting). Size: 50
[ 2026-03-29 19:41:04 | node_32 | INFO ] 🧩 Model added for round 142 (3/9) from ['node_49']
[ 2026-03-29 19:41:04 | node_7 | INFO ] 🧩 Model added for round 142 (8/14) from ['node_19']
[ 2026-03-29 19:41:04 | node_38 | INFO ] 📤 Sending model to 10 direct neighbors: ['node_1', 'node_12', 'node_16', 'node_17', 'node_18', 'node_21', 'node_29', 'node_37', 'node_40', 'node_47']
[ 2026-03-29 19:41:04 | node_31 | INFO ] ⏹️  Gossiping exited for 10 equal rounds.
[ 2026-03-29 19:41:04 | node_47 | INFO ] ♻️ Proactively processing 3 early models for round 142.
[ 2026-03-29 19:41:04 | node_40 | INFO ] 📤 Sending model to 10 direct neighbors: ['node_4', 'node_9', 'node_11', 'node_14', 'node_15', 'node_20', 'node_38', 'node_42', 'node_44', 'node_48']
[ 2026-03-29 19:41:04 | node_47 | INFO ] 🧩 Model added for round 142 (1/12) from ['node_3']
[ 2026-03-29 19:41:04 | node_10 | INFO ] 🧩 Model added for round 142 (3/8) from ['node_20']
[ 2026-03-29 19:41:05 | node_47 | INFO ] 🧩 Model added for round 142 (2/12) from ['node_27']
[ 2026-03-29 19:41:05 | node_22 | INFO ] 🧩 Model added for round 142 (3/9) from ['node_39']
[ 2026-03-29 19:41:05 | node_5 | INFO ] 🎓 Training step done.
[ 2026-03-29 19:41:05 | node_34 | INFO ] 🗣️ Gossiping aggregated model.
[ 2026-03-29 19:41:05 | node_29 | INFO ] 📈 Evaluated. Results: {'test_loss': 0.004795475862920284, 'test_accuracy': 0.991092324256897, 'test_precision': 0.20860323309898376, 'test_recall': 0.47919201850891113, 'test_f1': 0.2885763347148895, 'communication_cost': 5102356}
[ 2026-03-29 19:41:05 | node_47 | INFO ] 🧩 Model added for round 142 (3/12) from ['node_6']
[ 2026-03-29 19:41:05 | node_5 | INFO ] 🛠️ Calling force_add_local_model...
[ 2026-03-29 19:41:05 | node_31 | INFO ] 🔬 Evaluating...
[ 2026-03-29 19:41:05 | node_29 | INFO ] 📢 Broadcasting metrics.
[ 2026-03-29 19:41:05 | node_47 | INFO ] 🏋️‍♀️ Preparing training...
[ 2026-03-29 19:41:05 | node_5 | INFO ] ✅ [FORCE] Local model added for round 142. (2/5)
[ 2026-03-29 19:41:05 | node_41 | INFO ] 🧠 Aggregation complete. Setting new model.
[ 2026-03-29 19:41:06 | node_11 | INFO ] ⏹️  Gossiping exited for 10 equal rounds.
[ 2026-03-29 19:41:06 | node_8 | INFO ] 📈 Evaluated. Results: {'test_loss': 0.004744804464280605, 'test_accuracy': 0.991003155708313, 'test_precision': 0.3130761981010437, 'test_recall': 0.7274188995361328, 'test_f1': 0.42032796144485474, 'communication_cost': 8017988}
[ 2026-03-29 19:41:06 | node_11 | INFO ] 🔬 Evaluating...
[ 2026-03-29 19:41:06 | node_28 | INFO ] 🎓 Training step done.
[ 2026-03-29 19:41:06 | node_8 | INFO ] 📢 Broadcasting metrics.
[ 2026-03-29 19:41:06 | node_20 | INFO ] 🧩 Model added for round 142 (3/10) from ['node_36']
[ 2026-03-29 19:41:06 | node_4 | INFO ] 🧩 Model added for round 142 (2/10) from ['node_40']
[ 2026-03-29 19:41:06 | node_19 | INFO ] 🧩 Model added for round 142 (6/9) from ['node_21']
[ 2026-03-29 19:41:06 | node_28 | INFO ] 🛠️ Calling force_add_local_model...
[ 2026-03-29 19:41:06 | node_7 | INFO ] 📤 Sending model to 13 direct neighbors: ['node', 'node_4', 'node_9', 'node_14', 'node_16', 'node_19', 'node_20', 'node_22', 'node_30', 'node_32', 'node_37', 'node_45', 'node_47']
[ 2026-03-29 19:41:06 | node_28 | INFO ] ✅ [FORCE] Local model added for round 142. (3/7)
[ 2026-03-29 19:41:07 | node_16 | INFO ] 🧩 Model added for round 142 (3/8) from ['node_38']
[ 2026-03-29 19:41:07 | node_44 | INFO ] 🧩 Model added for round 141 (9/9) from ['node_26']
[ 2026-03-29 19:41:07 | node_31 | INFO ] 📈 Evaluated. Results: {'test_loss': 0.004131449852138758, 'test_accuracy': 0.9913622736930847, 'test_precision': 0.27460235357284546, 'test_recall': 0.6817914843559265, 'test_f1': 0.3865213990211487, 'communication_cost': 5102356}
[ 2026-03-29 19:41:07 | node_31 | INFO ] 📢 Broadcasting metrics.
[ 2026-03-29 19:41:08 | node_11 | INFO ] 📈 Evaluated. Results: {'test_loss': 0.002862282795831561, 'test_accuracy': 0.9918128848075867, 'test_precision': 0.3468320667743683, 'test_recall': 0.8126736283302307, 'test_f1': 0.4791020154953003, 'communication_cost': 4373448}
[ 2026-03-29 19:41:08 | node_41 | INFO ] 🗣️ Gossiping aggregated model.
[ 2026-03-29 19:41:08 | node_11 | INFO ] 📢 Broadcasting metrics.
[ 2026-03-29 19:41:08 | node_4 | INFO ] 🧩 Model added for round 142 (3/10) from ['node_7']
[ 2026-03-29 19:41:08 | node_44 | INFO ] 🧠 Aggregation complete. Setting new model.
[ 2026-03-29 19:41:09 | node_32 | INFO ] 🧩 Model added for round 142 (4/9) from ['node_39']
[ 2026-03-29 19:41:09 | node_16 | INFO ] 🧩 Model added for round 142 (4/8) from ['node_19']
[ 2026-03-29 19:41:09 | node_42 | INFO ] 🤫 Gossip finished.
[ 2026-03-29 19:41:09 | node_47 | INFO ] 🎓 Training step done.
[ 2026-03-29 19:41:09 | node_47 | INFO ] 🛠️ Calling force_add_local_model...
[ 2026-03-29 19:41:09 | node_22 | INFO ] 🧩 Model added for round 142 (4/9) from ['node_21']
[ 2026-03-29 19:41:09 | node_42 | INFO ] 🔬 Evaluating...
[ 2026-03-29 19:41:09 | node_2 | INFO ] 🎉 Round 142 of 150 finished.
[ 2026-03-29 19:41:09 | node_47 | INFO ] ✅ [FORCE] Local model added for round 142. (4/12)
[ 2026-03-29 19:41:10 | node_24 | INFO ] 🧩 Model added for round 142 (2/8) from ['node_36']
[ 2026-03-29 19:41:10 | node_37 | INFO ] ⏹️  Gossiping exited for 10 equal rounds.
[ 2026-03-29 19:41:10 | node_2 | INFO ] 🗳️ [DETERMINISTIC] Train set assigned (No Voting). Size: 50
[ 2026-03-29 19:41:10 | node_37 | INFO ] 🔬 Evaluating...
[ 2026-03-29 19:41:10 | node_5 | INFO ] 📤 Sending model to 4 direct neighbors: ['node_23', 'node_28', 'node_36', 'node_45']
[ 2026-03-29 19:41:10 | node_26 | INFO ] 🧠 Aggregation complete. Setting new model.
[ 2026-03-29 19:41:10 | node_2 | INFO ] ♻️ Proactively processing 6 early models for round 142.
[ 2026-03-29 19:41:10 | node_2 | INFO ] 🧩 Model added for round 142 (1/9) from ['node_15']
[ 2026-03-29 19:41:10 | node_2 | INFO ] 🧩 Model added for round 142 (2/9) from ['node_10']
[ 2026-03-29 19:41:10 | node_2 | INFO ] 🧩 Model added for round 142 (3/9) from ['node_6']
[ 2026-03-29 19:41:10 | node_2 | INFO ] 🧩 Model added for round 142 (4/9) from ['node_46']
[ 2026-03-29 19:41:10 | node_2 | INFO ] 🧩 Model added for round 142 (5/9) from ['node_21']
[ 2026-03-29 19:41:10 | node_2 | INFO ] 🧩 Model added for round 142 (6/9) from ['node_19']
[ 2026-03-29 19:41:11 | node_35 | INFO ] ⏹️  Gossiping exited for 10 equal rounds.
[ 2026-03-29 19:41:11 | node_2 | INFO ] 🏋️‍♀️ Preparing training...
[ 2026-03-29 19:41:11 | node_44 | INFO ] 🗣️ Gossiping aggregated model.
[ 2026-03-29 19:41:11 | node_18 | INFO ] 🎉 Round 142 of 150 finished.
[ 2026-03-29 19:41:11 | node_18 | INFO ] 🗳️ [DETERMINISTIC] Train set assigned (No Voting). Size: 50
[ 2026-03-29 19:41:11 | node_35 | INFO ] 🔬 Evaluating...
[ 2026-03-29 19:41:11 | node_42 | INFO ] 📈 Evaluated. Results: {'test_loss': 0.0036210170947015285, 'test_accuracy': 0.9900125861167908, 'test_precision': 0.2166115790605545, 'test_recall': 0.6328119039535522, 'test_f1': 0.315292090177536, 'communication_cost': 5831264}
[ 2026-03-29 19:41:11 | node_18 | INFO ] ♻️ Proactively processing 3 early models for round 142.
[ 2026-03-29 19:41:11 | node_18 | INFO ] 🧩 Model added for round 142 (1/9) from ['node_4']
[ 2026-03-29 19:41:11 | node_18 | INFO ] 🧩 Model added for round 142 (2/9) from ['node_20']
[ 2026-03-29 19:41:11 | node_18 | INFO ] 🧩 Model added for round 142 (3/9) from ['node_32']
[ 2026-03-29 19:41:11 | node_18 | INFO ] 🏋️‍♀️ Preparing training...
[ 2026-03-29 19:41:11 | node_28 | INFO ] 📤 Sending model to 6 direct neighbors: ['node_4', 'node_5', 'node_16', 'node_33', 'node_34', 'node_37']
[ 2026-03-29 19:41:12 | node_42 | INFO ] 📢 Broadcasting metrics.
[ 2026-03-29 19:41:12 | node_33 | INFO ] ⏹️  Gossiping exited for 10 equal rounds.
[ 2026-03-29 19:41:12 | node_33 | INFO ] 🔬 Evaluating...
[ 2026-03-29 19:41:12 | node_26 | INFO ] 🗣️ Gossiping aggregated model.
[ 2026-03-29 19:41:12 | node_18 | INFO ] 🧩 Model added for round 142 (4/9) from ['node_38']
[ 2026-03-29 19:41:12 | node_39 | INFO ] 🧩 Model added for round 142 (3/10) from ['node_32']
[ 2026-03-29 19:41:13 | node_36 | INFO ] 🧩 Model added for round 142 (3/8) from ['node_20']
[ 2026-03-29 19:41:13 | node_29 | INFO ] 🎉 Round 142 of 150 finished.
[ 2026-03-29 19:41:13 | node_29 | INFO ] 🗳️ [DETERMINISTIC] Train set assigned (No Voting). Size: 50
[ 2026-03-29 19:41:13 | node_29 | INFO ] ♻️ Proactively processing 1 early models for round 142.
[ 2026-03-29 19:41:13 | node_29 | INFO ] 🧩 Model added for round 142 (1/8) from ['node_49']
[ 2026-03-29 19:41:13 | node_29 | INFO ] 🏋️‍♀️ Preparing training...
[ 2026-03-29 19:41:13 | node_11 | INFO ] 🎉 Round 142 of 150 finished.
[ 2026-03-29 19:41:13 | node_11 | INFO ] 🗳️ [DETERMINISTIC] Train set assigned (No Voting). Size: 50
[ 2026-03-29 19:41:13 | node_35 | INFO ] 📈 Evaluated. Results: {'test_loss': 0.0028684227727353573, 'test_accuracy': 0.991182267665863, 'test_precision': 0.25504711270332336, 'test_recall': 0.7269659638404846, 'test_f1': 0.37274742126464844, 'communication_cost': 7289080}
[ 2026-03-29 19:41:14 | node_37 | INFO ] 📈 Evaluated. Results: {'test_loss': 0.003425565082579851, 'test_accuracy': 0.9908223748207092, 'test_precision': 0.28109148144721985, 'test_recall': 0.7390314936637878, 'test_f1': 0.40209904313087463, 'communication_cost': 7289080}
[ 2026-03-29 19:41:14 | node_24 | INFO ] 🧩 Model added for round 142 (3/8) from ['node_21']
[ 2026-03-29 19:41:14 | node_11 | INFO ] ♻️ Proactively processing 3 early models for round 142.
[ 2026-03-29 19:41:14 | node_21 | INFO ] 🧩 Model added for round 142 (7/11) from ['node_19']
[ 2026-03-29 19:41:14 | node_11 | INFO ] 🧩 Model added for round 142 (1/7) from ['node_22']
[ 2026-03-29 19:41:14 | node_11 | INFO ] 🧩 Model added for round 142 (2/7) from ['node_32']
[ 2026-03-29 19:41:14 | node_4 | INFO ] 🧩 Model added for round 142 (4/10) from ['node_28']
[ 2026-03-29 19:41:14 | node_31 | INFO ] 🎉 Round 142 of 150 finished.
[ 2026-03-29 19:41:14 | node_11 | INFO ] 🧩 Model added for round 142 (3/7) from ['node_40']
[ 2026-03-29 19:41:14 | node_11 | INFO ] 🏋️‍♀️ Preparing training...
[ 2026-03-29 19:41:14 | node_39 | INFO ] 🧩 Model added for round 142 (4/10) from ['node_36']
[ 2026-03-29 19:41:14 | node_31 | INFO ] 🗳️ [DETERMINISTIC] Train set assigned (No Voting). Size: 50
[ 2026-03-29 19:41:14 | node_31 | INFO ] ♻️ Proactively processing 3 early models for round 142.
[ 2026-03-29 19:41:14 | node_31 | INFO ] 🧩 Model added for round 142 (1/8) from ['node_10']
[ 2026-03-29 19:41:15 | node_35 | INFO ] 📢 Broadcasting metrics.
[ 2026-03-29 19:41:15 | node_31 | INFO ] 🧩 Model added for round 142 (2/8) from ['node_3']
[ 2026-03-29 19:41:15 | node_47 | INFO ] 📤 Sending model to 11 direct neighbors: ['node_2', 'node_3', 'node_6', 'node_7', 'node_9', 'node_18', 'node_21', 'node_27', 'node_38', 'node_39', 'node_48']
[ 2026-03-29 19:41:15 | node_31 | INFO ] 🧩 Model added for round 142 (3/8) from ['node_24']
[ 2026-03-29 19:41:15 | node_33 | INFO ] 📈 Evaluated. Results: {'test_loss': 0.004933459218591452, 'test_accuracy': 0.9935216903686523, 'test_precision': 0.3351871371269226, 'test_recall': 0.5554905533790588, 'test_f1': 0.4107530415058136, 'communication_cost': 5831264}
[ 2026-03-29 19:41:15 | node_37 | INFO ] 📢 Broadcasting metrics.
[ 2026-03-29 19:41:15 | node_31 | INFO ] 🏋️‍♀️ Preparing training...
[ 2026-03-29 19:41:16 | node_14 | INFO ] 🧩 Model added for round 142 (3/7) from ['node_7']
[ 2026-03-29 19:41:16 | node_33 | INFO ] 📢 Broadcasting metrics.
[ 2026-03-29 19:41:16 | node_14 | INFO ] 🧩 Model added for round 142 (4/7) from ['node_40']
[ 2026-03-29 19:41:16 | node_8 | INFO ] 🎉 Round 142 of 150 finished.
[ 2026-03-29 19:41:16 | node_21 | INFO ] 🧩 Model added for round 142 (8/11) from ['node_38']
[ 2026-03-29 19:41:16 | node_28 | INFO ] 🧩 Model added for round 142 (4/7) from ['node_5']
[ 2026-03-29 19:41:16 | node_2 | INFO ] 🎓 Training step done.
[ 2026-03-29 19:41:16 | node_2 | INFO ] 🧩 Model added for round 142 (7/9) from ['node_47']
[ 2026-03-29 19:41:16 | node_36 | INFO ] 🧩 Model added for round 142 (4/8) from ['node_39']
[ 2026-03-29 19:41:17 | node_2 | INFO ] 🛠️ Calling force_add_local_model...
[ 2026-03-29 19:41:17 | node_22 | INFO ] 🧩 Model added for round 142 (5/9) from ['node_19']
[ 2026-03-29 19:41:17 | node_8 | INFO ] 🗳️ [DETERMINISTIC] Train set assigned (No Voting). Size: 50
[ 2026-03-29 19:41:17 | node_2 | INFO ] ✅ [FORCE] Local model added for round 142. (8/9)
[ 2026-03-29 19:41:17 | node_18 | INFO ] 🎓 Training step done.
[ 2026-03-29 19:41:17 | node_18 | INFO ] 🛠️ Calling force_add_local_model...
[ 2026-03-29 19:41:17 | node_5 | INFO ] 🧩 Model added for round 142 (3/5) from ['node_28']
[ 2026-03-29 19:41:17 | node_8 | INFO ] ♻️ Proactively processing 4 early models for round 142.
[ 2026-03-29 19:41:17 | node_38 | INFO ] 🧩 Model added for round 142 (3/11) from ['node_21']
[ 2026-03-29 19:41:17 | node_18 | INFO ] ✅ [FORCE] Local model added for round 142. (5/9)
[ 2026-03-29 19:41:17 | node_46 | INFO ] 🧩 Model added for round 142 (2/7) from ['node_32']
[ 2026-03-29 19:41:17 | node_40 | INFO ] 🧩 Model added for round 142 (5/11) from ['node_20']
[ 2026-03-29 19:41:17 | node_8 | INFO ] 🧩 Model added for round 142 (1/12) from ['node_15']
[ 2026-03-29 19:41:17 | node_8 | INFO ] 🧩 Model added for round 142 (2/12) from ['node_14']
[ 2026-03-29 19:41:17 | node_8 | INFO ] 🧩 Model added for round 142 (3/12) from ['node_27']
[ 2026-03-29 19:41:17 | node_43 | INFO ] ⏹️  Gossiping exited for 10 equal rounds.
[ 2026-03-29 19:41:17 | node_8 | INFO ] 🧩 Model added for round 142 (4/12) from ['node_49']
[ 2026-03-29 19:41:17 | node_8 | INFO ] 🏋️‍♀️ Preparing training...
[ 2026-03-29 19:41:17 | node_43 | INFO ] 🔬 Evaluating...
[ 2026-03-29 19:41:17 | node_16 | INFO ] 🧩 Model added for round 142 (5/8) from ['node_7']
[ 2026-03-29 19:41:18 | node_15 | INFO ] 🧩 Model added for round 142 (4/9) from ['node_40']
[ 2026-03-29 19:41:18 | node_29 | INFO ] 🎓 Training step done.
[ 2026-03-29 19:41:18 | node_42 | INFO ] 🎉 Round 142 of 150 finished.
[ 2026-03-29 19:41:18 | node_29 | INFO ] 🛠️ Calling force_add_local_model...
[ 2026-03-29 19:41:18 | node_16 | INFO ] 🧩 Model added for round 142 (6/8) from ['node_28']
[ 2026-03-29 19:41:18 | node_36 | INFO ] 🧩 Model added for round 142 (5/8) from ['node_5']
[ 2026-03-29 19:41:18 | node_42 | INFO ] 🗳️ [DETERMINISTIC] Train set assigned (No Voting). Size: 50
[ 2026-03-29 19:41:18 | node_29 | INFO ] ✅ [FORCE] Local model added for round 142. (2/8)
[ 2026-03-29 19:41:18 | node_11 | INFO ] 🎓 Training step done.
[ 2026-03-29 19:41:18 | node_42 | INFO ] ♻️ Proactively processing 4 early models for round 142.
[ 2026-03-29 19:41:18 | node_11 | INFO ] 🛠️ Calling force_add_local_model...
[ 2026-03-29 19:41:18 | node_30 | INFO ] ⏹️  Gossiping exited for 10 equal rounds.
[ 2026-03-29 19:41:18 | node_3 | INFO ] 🧩 Model added for round 142 (3/6) from ['node_47']
[ 2026-03-29 19:41:18 | node_42 | INFO ] 🧩 Model added for round 142 (1/9) from ['node_15']
[ 2026-03-29 19:41:18 | node_31 | INFO ] 🎓 Training step done.
[ 2026-03-29 19:41:18 | node_11 | INFO ] ✅ [FORCE] Local model added for round 142. (4/7)
[ 2026-03-29 19:41:18 | node_43 | INFO ] 📈 Evaluated. Results: {'test_loss': 0.0038517010398209095, 'test_accuracy': 0.9923520088195801, 'test_precision': 0.30409368872642517, 'test_recall': 0.6990222930908203, 'test_f1': 0.4203537106513977, 'communication_cost': 5102356}
[ 2026-03-29 19:41:18 | node_42 | INFO ] 🧩 Model added for round 142 (2/9) from ['node_25']
[ 2026-03-29 19:41:18 | node_49 | INFO ] 🧩 Model added for round 142 (3/9) from ['node_32']
[ 2026-03-29 19:41:18 | node_31 | INFO ] 🛠️ Calling force_add_local_model...
[ 2026-03-29 19:41:18 | node_42 | INFO ] 🧩 Model added for round 142 (3/9) from ['node_16']
[ 2026-03-29 19:41:18 | node_30 | INFO ] 🔬 Evaluating...
[ 2026-03-29 19:41:18 | node_43 | INFO ] 📢 Broadcasting metrics.
[ 2026-03-29 19:41:18 | node_42 | INFO ] 🧩 Model added for round 142 (4/9) from ['node_39']
[ 2026-03-29 19:41:19 | node_31 | INFO ] ✅ [FORCE] Local model added for round 142. (4/8)
[ 2026-03-29 19:41:19 | node_47 | INFO ] 🧩 Model added for round 142 (5/12) from ['node_39']
[ 2026-03-29 19:41:19 | node_42 | INFO ] 🏋️‍♀️ Preparing training...
[ 2026-03-29 19:41:19 | node_29 | INFO ] 🧩 Model added for round 142 (3/8) from ['node_38']
[ 2026-03-29 19:41:19 | node_46 | INFO ] 🧩 Model added for round 142 (3/7) from ['node_19']
[ 2026-03-29 19:41:19 | node_19 | INFO ] 🧩 Model added for round 142 (7/9) from ['node_7']
[ 2026-03-29 19:41:19 | node_47 | INFO ] 🧩 Model added for round 142 (6/12) from ['node_21']
[ 2026-03-29 19:41:19 | node_8 | INFO ] 🎓 Training step done.
[ 2026-03-29 19:41:19 | node_8 | INFO ] 🛠️ Calling force_add_local_model...
[ 2026-03-29 19:41:19 | node_8 | INFO ] ✅ [FORCE] Local model added for round 142. (5/12)
[ 2026-03-29 19:41:19 | node_20 | INFO ] 🧩 Model added for round 142 (4/10) from ['node_40']
[ 2026-03-29 19:41:20 | node_6 | INFO ] 🧩 Model added for round 142 (3/7) from ['node_47']
[ 2026-03-29 19:41:20 | node_30 | INFO ] 📈 Evaluated. Results: {'test_loss': 0.00563320517539978, 'test_accuracy': 0.9898326396942139, 'test_precision': 0.22781749069690704, 'test_recall': 0.5382263660430908, 'test_f1': 0.3078448176383972, 'communication_cost': 6560172}
[ 2026-03-29 19:41:20 | node_30 | INFO ] 📢 Broadcasting metrics.
[ 2026-03-29 19:41:20 | node_45 | INFO ] ⏹️  Gossiping exited for 10 equal rounds.
[ 2026-03-29 19:41:20 | node_45 | INFO ] 🔬 Evaluating...
[ 2026-03-29 19:41:20 | node_49 | INFO ] 🧩 Model added for round 142 (4/9) from ['node_19']
[ 2026-03-29 19:41:21 | node_40 | INFO ] 🧩 Model added for round 142 (6/11) from ['node_38']
[ 2026-03-29 19:41:21 | node_20 | INFO ] 🧩 Model added for round 142 (5/10) from ['node_7']
[ 2026-03-29 19:41:21 | node_7 | INFO ] 🧩 Model added for round 142 (9/14) from ['node_47']
[ 2026-03-29 19:41:21 | node_42 | INFO ] 🎓 Training step done.
[ 2026-03-29 19:41:21 | node_42 | INFO ] 🛠️ Calling force_add_local_model...
[ 2026-03-29 19:41:21 | node_49 | INFO ] 🧩 Model added for round 142 (5/9) from ['node_21']
[ 2026-03-29 19:41:21 | node_33 | INFO ] 🎉 Round 142 of 150 finished.
[ 2026-03-29 19:41:21 | node_42 | INFO ] ✅ [FORCE] Local model added for round 142. (5/9)
[ 2026-03-29 19:41:21 | node_33 | INFO ] 🗳️ [DETERMINISTIC] Train set assigned (No Voting). Size: 50
[ 2026-03-29 19:41:21 | node_38 | INFO ] 🧩 Model added for round 142 (4/11) from ['node_40']
[ 2026-03-29 19:41:21 | node_45 | INFO ] 📈 Evaluated. Results: {'test_loss': 0.0032146817538887262, 'test_accuracy': 0.9903724789619446, 'test_precision': 0.25577670335769653, 'test_recall': 0.7361795902252197, 'test_f1': 0.3776896893978119, 'communication_cost': 8017988}
[ 2026-03-29 19:41:21 | node_45 | INFO ] 📢 Broadcasting metrics.
[ 2026-03-29 19:41:21 | node_35 | INFO ] 🎉 Round 142 of 150 finished.
[ 2026-03-29 19:41:21 | node_33 | INFO ] ♻️ Proactively processing 6 early models for round 142.
[ 2026-03-29 19:41:21 | node_33 | INFO ] 🧩 Model added for round 142 (1/9) from ['node_4']
[ 2026-03-29 19:41:21 | node_35 | INFO ] 🗳️ [DETERMINISTIC] Train set assigned (No Voting). Size: 50
[ 2026-03-29 19:41:21 | node_33 | INFO ] 🧩 Model added for round 142 (2/9) from ['node_24']
[ 2026-03-29 19:41:21 | node_33 | INFO ] 🧩 Model added for round 142 (3/9) from ['node_22']
[ 2026-03-29 19:41:21 | node_48 | INFO ] ⏹️  Gossiping exited for 10 equal rounds.
[ 2026-03-29 19:41:21 | node_33 | INFO ] 🧩 Model added for round 142 (4/9) from ['node_49']
[ 2026-03-29 19:41:21 | node_35 | INFO ] ♻️ Proactively processing 6 early models for round 142.
[ 2026-03-29 19:41:22 | node_33 | INFO ] 🧩 Model added for round 142 (5/9) from ['node_39']
[ 2026-03-29 19:41:22 | node_35 | INFO ] 🧩 Model added for round 142 (1/11) from ['node_10']
[ 2026-03-29 19:41:22 | node_37 | INFO ] 🎉 Round 142 of 150 finished.
[ 2026-03-29 19:41:22 | node_33 | INFO ] 🧩 Model added for round 142 (6/9) from ['node_28']
[ 2026-03-29 19:41:22 | node_48 | INFO ] 🔬 Evaluating...
[ 2026-03-29 19:41:22 | node_35 | INFO ] 🧩 Model added for round 142 (2/11) from ['node_25']
[ 2026-03-29 19:41:22 | node_33 | INFO ] 🏋️‍♀️ Preparing training...
[ 2026-03-29 19:41:22 | node_35 | INFO ] 🧩 Model added for round 142 (3/11) from ['node_24']
[ 2026-03-29 19:41:22 | node_37 | INFO ] 🗳️ [DETERMINISTIC] Train set assigned (No Voting). Size: 50
[ 2026-03-29 19:41:22 | node_2 | INFO ] 📤 Sending model to 8 direct neighbors: ['node_6', 'node_9', 'node_10', 'node_15', 'node_19', 'node_21', 'node_46', 'node_47']
[ 2026-03-29 19:41:22 | node_35 | INFO ] 🧩 Model added for round 142 (4/11) from ['node_49']
[ 2026-03-29 19:41:22 | node_35 | INFO ] 🧩 Model added for round 142 (5/11) from ['node_20']
[ 2026-03-29 19:41:22 | node_35 | INFO ] 🧩 Model added for round 142 (6/11) from ['node_39']
[ 2026-03-29 19:41:22 | node_37 | INFO ] ♻️ Proactively processing 6 early models for round 142.
[ 2026-03-29 19:41:22 | node_18 | INFO ] 📤 Sending model to 8 direct neighbors: ['node_4', 'node_11', 'node_20', 'node_23', 'node_32', 'node_38', 'node_45', 'node_47']
[ 2026-03-29 19:41:22 | node_35 | INFO ] 🏋️‍♀️ Preparing training...
[ 2026-03-29 19:41:22 | node_37 | INFO ] 🧩 Model added for round 142 (1/11) from ['node_15']
[ 2026-03-29 19:41:22 | node_37 | INFO ] 🧩 Model added for round 142 (2/11) from ['node_24']
[ 2026-03-29 19:41:22 | node_37 | INFO ] 🧩 Model added for round 142 (3/11) from ['node_21']
[ 2026-03-29 19:41:22 | node_37 | INFO ] 🧩 Model added for round 142 (4/11) from ['node_20']
[ 2026-03-29 19:41:22 | node_22 | INFO ] 🧩 Model added for round 142 (6/9) from ['node_7']
[ 2026-03-29 19:41:22 | node_6 | INFO ] 🧩 Model added for round 142 (4/7) from ['node_2']
[ 2026-03-29 19:41:22 | node_37 | INFO ] 🧩 Model added for round 142 (5/11) from ['node_38']
[ 2026-03-29 19:41:22 | node_37 | INFO ] 🧩 Model added for round 142 (6/11) from ['node_28']
[ 2026-03-29 19:41:22 | node_43 | INFO ] 🎉 Round 142 of 150 finished.
[ 2026-03-29 19:41:22 | node_37 | INFO ] 🏋️‍♀️ Preparing training...
[ 2026-03-29 19:41:22 | node_47 | INFO ] 🧩 Model added for round 142 (7/12) from ['node_38']
[ 2026-03-29 19:41:22 | node_4 | INFO ] 🧩 Model added for round 142 (5/10) from ['node_18']
[ 2026-03-29 19:41:23 | node_43 | INFO ] 🗳️ [DETERMINISTIC] Train set assigned (No Voting). Size: 50
[ 2026-03-29 19:41:23 | node_48 | INFO ] 📈 Evaluated. Results: {'test_loss': 0.0027259911876171827, 'test_accuracy': 0.9928018450737, 'test_precision': 0.34580811858177185, 'test_recall': 0.733348548412323, 'test_f1': 0.4491729736328125, 'communication_cost': 7289080}
[ 2026-03-29 19:41:23 | node_43 | INFO ] ♻️ Proactively processing 2 early models for round 142.
[ 2026-03-29 19:41:23 | node_48 | INFO ] 📢 Broadcasting metrics.
[ 2026-03-29 19:41:23 | node_43 | INFO ] 🧩 Model added for round 142 (1/8) from ['node_14']
[ 2026-03-29 19:41:23 | node_43 | INFO ] 🧩 Model added for round 142 (2/8) from ['node_25']
[ 2026-03-29 19:41:23 | node_43 | INFO ] 🏋️‍♀️ Preparing training...
[ 2026-03-29 19:41:23 | node_42 | INFO ] 🧩 Model added for round 142 (6/9) from ['node_40']
[ 2026-03-29 19:41:23 | node_29 | INFO ] 📤 Sending model to 7 direct neighbors: ['node_11', 'node_23', 'node_31', 'node_38', 'node_42', 'node_45', 'node_49']
[ 2026-03-29 19:41:23 | node_11 | INFO ] 📤 Sending model to 6 direct neighbors: ['node_18', 'node_22', 'node_29', 'node_32', 'node_40', 'node_44']
[ 2026-03-29 19:41:23 | node_18 | INFO ] 🧩 Model added for round 142 (6/9) from ['node_47']
[ 2026-03-29 19:41:24 | node_11 | INFO ] 🧩 Model added for round 142 (5/7) from ['node_29']
[ 2026-03-29 19:41:24 | node_31 | INFO ] 📤 Sending model to 7 direct neighbors: ['node', 'node_3', 'node_10', 'node_17', 'node_24', 'node_29', 'node_41']
[ 2026-03-29 19:41:24 | node_33 | INFO ] 🎓 Training step done.
[ 2026-03-29 19:41:24 | node_18 | INFO ] 🧩 Model added for round 142 (7/9) from ['node_11']
[ 2026-03-29 19:41:24 | node_33 | INFO ] 🛠️ Calling force_add_local_model...
[ 2026-03-29 19:41:24 | node_10 | INFO ] 🧩 Model added for round 142 (4/8) from ['node_2']
[ 2026-03-29 19:41:24 | node_33 | INFO ] ✅ [FORCE] Local model added for round 142. (7/9)
[ 2026-03-29 19:41:24 | node_35 | INFO ] 🎓 Training step done.
[ 2026-03-29 19:41:24 | node_32 | INFO ] 🧩 Model added for round 142 (5/9) from ['node_7']
[ 2026-03-29 19:41:24 | node_35 | INFO ] 🛠️ Calling force_add_local_model...
[ 2026-03-29 19:41:24 | node_11 | INFO ] 🧩 Model added for round 142 (6/7) from ['node_18']
[ 2026-03-29 19:41:24 | node_35 | INFO ] ✅ [FORCE] Local model added for round 142. (7/11)
[ 2026-03-29 19:41:24 | node_8 | INFO ] 📤 Sending model to 11 direct neighbors: ['node_1', 'node_14', 'node_15', 'node_23', 'node_27', 'node_35', 'node_41', 'node_43', 'node_44', 'node_48', 'node_49']
[ 2026-03-29 19:41:24 | node_3 | INFO ] 🧩 Model added for round 142 (4/6) from ['node_31']
[ 2026-03-29 19:41:25 | node_37 | INFO ] 🎓 Training step done.
[ 2026-03-29 19:41:25 | node_30 | INFO ] 🎉 Round 142 of 150 finished.
[ 2026-03-29 19:41:25 | node_37 | INFO ] 🛠️ Calling force_add_local_model...
[ 2026-03-29 19:41:25 | node_37 | INFO ] ✅ [FORCE] Local model added for round 142. (7/11)
[ 2026-03-29 19:41:25 | node_30 | INFO ] 🗳️ [DETERMINISTIC] Train set assigned (No Voting). Size: 50
[ 2026-03-29 19:41:25 | node_21 | INFO ] 🧩 Model added for round 142 (9/11) from ['node_47']
[ 2026-03-29 19:41:25 | node_43 | INFO ] 🎓 Training step done.
[ 2026-03-29 19:41:25 | node_30 | INFO ] ♻️ Proactively processing 5 early models for round 142.
[ 2026-03-29 19:41:25 | node_43 | INFO ] 🛠️ Calling force_add_local_model...
[ 2026-03-29 19:41:25 | node_30 | INFO ] 🧩 Model added for round 142 (1/10) from ['node_3']
[ 2026-03-29 19:41:25 | node_43 | INFO ] ✅ [FORCE] Local model added for round 142. (3/8)
[ 2026-03-29 19:41:25 | node_12 | INFO ] ⏹️  Gossiping exited for 10 equal rounds.
[ 2026-03-29 19:41:25 | node_30 | INFO ] 🧩 Model added for round 142 (2/10) from ['node_25']
[ 2026-03-29 19:41:25 | node_31 | INFO ] 🧩 Model added for round 142 (5/8) from ['node_29']
[ 2026-03-29 19:41:25 | node | INFO ] ⏹️  Gossiping exited for 10 equal rounds.
[ 2026-03-29 19:41:25 | node_30 | INFO ] 🧩 Model added for round 142 (3/10) from ['node_6']
[ 2026-03-29 19:41:25 | node_14 | INFO ] 🧩 Model added for round 142 (5/7) from ['node_8']
[ 2026-03-29 19:41:25 | node_15 | INFO ] 🧩 Model added for round 142 (5/9) from ['node_2']
[ 2026-03-29 19:41:25 | node_30 | INFO ] 🧩 Model added for round 142 (4/10) from ['node_39']
[ 2026-03-29 19:41:25 | node_12 | INFO ] 🔬 Evaluating...
[ 2026-03-29 19:41:25 | node_30 | INFO ] 🧩 Model added for round 142 (5/10) from ['node_7']
[ 2026-03-29 19:41:25 | node | INFO ] 🔬 Evaluating...
[ 2026-03-29 19:41:25 | node_30 | INFO ] 🏋️‍♀️ Preparing training...
[ 2026-03-29 19:41:25 | node_22 | INFO ] 🧩 Model added for round 142 (7/9) from ['node_11']
[ 2026-03-29 19:41:25 | node_13 | INFO ] ⏹️  Gossiping exited for 10 equal rounds.
[ 2026-03-29 19:41:26 | node_20 | INFO ] 🧩 Model added for round 142 (6/10) from ['node_18']
[ 2026-03-29 19:41:26 | node_10 | INFO ] 🧩 Model added for round 142 (5/8) from ['node_31']
[ 2026-03-29 19:41:26 | node_13 | INFO ] 🔬 Evaluating...
[ 2026-03-29 19:41:26 | node_37 | INFO ] 🧩 Model added for round 142 (8/11) from ['node_7']
[ 2026-03-29 19:41:26 | node_42 | INFO ] 📤 Sending model to 8 direct neighbors: ['node_15', 'node_16', 'node_23', 'node_25', 'node_29', 'node_39', 'node_40', 'node_41']
[ 2026-03-29 19:41:26 | node_1 | INFO ] ⏹️  Gossiping exited for 10 equal rounds.
[ 2026-03-29 19:41:26 | node_1 | INFO ] 🔬 Evaluating...
[ 2026-03-29 19:41:26 | node_15 | INFO ] 🧩 Model added for round 142 (6/9) from ['node_42']
[ 2026-03-29 19:41:26 | node | INFO ] 📈 Evaluated. Results: {'test_loss': 0.0030345977284014225, 'test_accuracy': 0.9906432628631592, 'test_precision': 0.28370732069015503, 'test_recall': 0.7037495970726013, 'test_f1': 0.3998227119445801, 'communication_cost': 5102356}
[ 2026-03-29 19:41:26 | node_15 | INFO ] 🧩 Model added for round 142 (7/9) from ['node_8']
[ 2026-03-29 19:41:27 | node | INFO ] 📢 Broadcasting metrics.
[ 2026-03-29 19:41:27 | node_12 | INFO ] 📈 Evaluated. Results: {'test_loss': 0.0029913431499153376, 'test_accuracy': 0.9919928312301636, 'test_precision': 0.21028658747673035, 'test_recall': 0.6416771411895752, 'test_f1': 0.3081004023551941, 'communication_cost': 3644540}
[ 2026-03-29 19:41:27 | node_38 | INFO ] 🧩 Model added for round 142 (5/11) from ['node_29']
[ 2026-03-29 19:41:27 | node_12 | INFO ] 📢 Broadcasting metrics.
[ 2026-03-29 19:41:27 | node_27 | INFO ] 🧩 Model added for round 142 (3/5) from ['node_47']
[ 2026-03-29 19:41:27 | node_13 | INFO ] 📈 Evaluated. Results: {'test_loss': 0.004993104375898838, 'test_accuracy': 0.991003155708313, 'test_precision': 0.2584088146686554, 'test_recall': 0.594760000705719, 'test_f1': 0.3520597815513611, 'communication_cost': 3644540}
[ 2026-03-29 19:41:27 | node_19 | INFO ] 🧩 Model added for round 142 (8/9) from ['node_2']
[ 2026-03-29 19:41:27 | node_13 | INFO ] 📢 Broadcasting metrics.
[ 2026-03-29 19:41:27 | node_29 | INFO ] 🧩 Model added for round 142 (4/8) from ['node_11']
[ 2026-03-29 19:41:27 | node_45 | INFO ] 🎉 Round 142 of 150 finished.
[ 2026-03-29 19:41:27 | node_1 | INFO ] 📈 Evaluated. Results: {'test_loss': 0.005270903464406729, 'test_accuracy': 0.9920827746391296, 'test_precision': 0.26368746161460876, 'test_recall': 0.5074506998062134, 'test_f1': 0.3324110805988312, 'communication_cost': 5831264}
[ 2026-03-29 19:41:27 | node_45 | INFO ] 🗳️ [DETERMINISTIC] Train set assigned (No Voting). Size: 50
[ 2026-03-29 19:41:27 | node_1 | INFO ] 📢 Broadcasting metrics.
[ 2026-03-29 19:41:27 | node_45 | INFO ] ♻️ Proactively processing 5 early models for round 142.
[ 2026-03-29 19:41:27 | node_24 | INFO ] 🧩 Model added for round 142 (4/8) from ['node_31']
[ 2026-03-29 19:41:27 | node_45 | INFO ] 🧩 Model added for round 142 (1/12) from ['node_27']
[ 2026-03-29 19:41:27 | node_45 | INFO ] 🧩 Model added for round 142 (2/12) from ['node_6']
[ 2026-03-29 19:41:28 | node_30 | INFO ] 🎓 Training step done.
[ 2026-03-29 19:41:28 | node_45 | INFO ] 🧩 Model added for round 142 (3/12) from ['node_4']
[ 2026-03-29 19:41:28 | node_38 | INFO ] 🧩 Model added for round 142 (6/11) from ['node_47']
[ 2026-03-29 19:41:28 | node_32 | INFO ] 🧩 Model added for round 142 (6/9) from ['node_18']
[ 2026-03-29 19:41:28 | node_30 | INFO ] 🛠️ Calling force_add_local_model...
[ 2026-03-29 19:41:28 | node_45 | INFO ] 🧩 Model added for round 142 (4/12) from ['node_16']
[ 2026-03-29 19:41:28 | node_45 | INFO ] 🧩 Model added for round 142 (5/12) from ['node_5']
[ 2026-03-29 19:41:28 | node_45 | INFO ] 🏋️‍♀️ Preparing training...
[ 2026-03-29 19:41:28 | node_45 | INFO ] 🧩 Model added for round 142 (6/12) from ['node_7']
[ 2026-03-29 19:41:28 | node_30 | INFO ] ✅ [FORCE] Local model added for round 142. (6/10)
[ 2026-03-29 19:41:28 | node_16 | INFO ] 🧩 Model added for round 142 (7/8) from ['node_42']
[ 2026-03-29 19:41:28 | node_23 | INFO ] ⏹️  Gossiping exited for 10 equal rounds.
[ 2026-03-29 19:41:28 | node_48 | INFO ] 🎉 Round 142 of 150 finished.
[ 2026-03-29 19:41:28 | node_48 | INFO ] 🗳️ [DETERMINISTIC] Train set assigned (No Voting). Size: 50
[ 2026-03-29 19:41:28 | node_23 | INFO ] 🔬 Evaluating...
[ 2026-03-29 19:41:28 | node_21 | INFO ] 🧩 Model added for round 142 (10/11) from ['node_2']
[ 2026-03-29 19:41:28 | node_27 | INFO ] 🧩 Model added for round 142 (4/5) from ['node_8']
[ 2026-03-29 19:41:28 | node_42 | INFO ] 🧩 Model added for round 142 (7/9) from ['node_29']
[ 2026-03-29 19:41:28 | node_48 | INFO ] ♻️ Proactively processing 5 early models for round 142.
[ 2026-03-29 19:41:28 | node_32 | INFO ] 🧩 Model added for round 142 (7/9) from ['node_11']
[ 2026-03-29 19:41:29 | node_48 | INFO ] 🧩 Model added for round 142 (1/11) from ['node_6']
[ 2026-03-29 19:41:29 | node_48 | INFO ] 🧩 Model added for round 142 (2/11) from ['node_4']
[ 2026-03-29 19:41:29 | node_48 | INFO ] 🧩 Model added for round 142 (3/11) from ['node_36']
[ 2026-03-29 19:41:29 | node_48 | INFO ] 🧩 Model added for round 142 (4/11) from ['node_20']
[ 2026-03-29 19:41:29 | node_48 | INFO ] 🧩 Model added for round 142 (5/11) from ['node_40']
[ 2026-03-29 19:41:29 | node_29 | INFO ] 🧩 Model added for round 142 (5/8) from ['node_31']
[ 2026-03-29 19:41:29 | node_48 | INFO ] 🏋️‍♀️ Preparing training...
[ 2026-03-29 19:41:29 | node_33 | INFO ] 📤 Sending model to 8 direct neighbors: ['node_4', 'node_22', 'node_23', 'node_24', 'node_28', 'node_34', 'node_39', 'node_49']
[ 2026-03-29 19:41:29 | node_38 | INFO ] 🧩 Model added for round 142 (7/11) from ['node_18']
[ 2026-03-29 19:41:29 | node_23 | INFO ] 📈 Evaluated. Results: {'test_loss': 0.005162543151527643, 'test_accuracy': 0.9910023212432861, 'test_precision': 0.2546071410179138, 'test_recall': 0.5562825798988342, 'test_f1': 0.3466058671474457, 'communication_cost': 8746896}
[ 2026-03-29 19:41:29 | node_12 | INFO ] 🎉 Round 142 of 150 finished.
[ 2026-03-29 19:41:29 | node_35 | INFO ] 📤 Sending model to 10 direct neighbors: ['node_8', 'node_10', 'node_20', 'node_23', 'node_24', 'node_25', 'node_30', 'node_37', 'node_39', 'node_49']
[ 2026-03-29 19:41:29 | node_39 | INFO ] 🧩 Model added for round 142 (5/10) from ['node_47']
[ 2026-03-29 19:41:29 | node_23 | INFO ] 📢 Broadcasting metrics.
[ 2026-03-29 19:41:29 | node_12 | INFO ] 🗳️ [DETERMINISTIC] Train set assigned (No Voting). Size: 50
[ 2026-03-29 19:41:29 | node_35 | INFO ] 🧩 Model added for round 142 (8/11) from ['node_8']
[ 2026-03-29 19:41:30 | node_25 | INFO ] 🧩 Model added for round 142 (2/8) from ['node_42']
[ 2026-03-29 19:41:30 | node_4 | INFO ] 🧩 Model added for round 142 (6/10) from ['node_33']
[ 2026-03-29 19:41:30 | node_17 | INFO ] ⏹️  Gossiping exited for 10 equal rounds.
[ 2026-03-29 19:41:30 | node_12 | INFO ] ♻️ Proactively processing 3 early models for round 142.
[ 2026-03-29 19:41:30 | node_13 | INFO ] 🎉 Round 142 of 150 finished.
[ 2026-03-29 19:41:30 | node_12 | INFO ] 🧩 Model added for round 142 (1/6) from ['node_4']
[ 2026-03-29 19:41:30 | node_8 | INFO ] 🧩 Model added for round 142 (6/12) from ['node_35']
[ 2026-03-29 19:41:30 | node_47 | INFO ] 🧩 Model added for round 142 (8/12) from ['node_7']
[ 2026-03-29 19:41:30 | node_12 | INFO ] 🧩 Model added for round 142 (2/6) from ['node_36']
[ 2026-03-29 19:41:30 | node_45 | INFO ] 🎓 Training step done.
[ 2026-03-29 19:41:30 | node_13 | INFO ] 🗳️ [DETERMINISTIC] Train set assigned (No Voting). Size: 50
[ 2026-03-29 19:41:30 | node_17 | INFO ] 🔬 Evaluating...
[ 2026-03-29 19:41:30 | node_12 | INFO ] 🧩 Model added for round 142 (3/6) from ['node_38']
[ 2026-03-29 19:41:30 | node_45 | INFO ] 🛠️ Calling force_add_local_model...
[ 2026-03-29 19:41:30 | node_12 | INFO ] 🏋️‍♀️ Preparing training...
[ 2026-03-29 19:41:30 | node_37 | INFO ] 📤 Sending model to 10 direct neighbors: ['node_7', 'node_9', 'node_15', 'node_20', 'node_21', 'node_24', 'node_28', 'node_30', 'node_35', 'node_38']
[ 2026-03-29 19:41:30 | node_45 | INFO ] ✅ [FORCE] Local model added for round 142. (7/12)
[ 2026-03-29 19:41:30 | node_13 | INFO ] ♻️ Proactively processing 4 early models for round 142.
[ 2026-03-29 19:41:30 | node_40 | INFO ] 🧩 Model added for round 142 (7/11) from ['node_11']
[ 2026-03-29 19:41:30 | node_13 | INFO ] 🧩 Model added for round 142 (1/6) from ['node_25']
[ 2026-03-29 19:41:30 | node_45 | INFO ] 🧩 Model added for round 142 (8/12) from ['node_29']
[ 2026-03-29 19:41:30 | node_13 | INFO ] 🧩 Model added for round 142 (2/6) from ['node_46']
[ 2026-03-29 19:41:30 | node_43 | INFO ] 📤 Sending model to 7 direct neighbors: ['node_8', 'node_14', 'node_23', 'node_25', 'node_34', 'node_45', 'node_48']
[ 2026-03-29 19:41:30 | node_13 | INFO ] 🧩 Model added for round 142 (3/6) from ['node_39']
[ 2026-03-29 19:41:30 | node_46 | INFO ] 🧩 Model added for round 142 (4/7) from ['node_2']
[ 2026-03-29 19:41:30 | node_13 | INFO ] 🧩 Model added for round 142 (4/6) from ['node_32']
[ 2026-03-29 19:41:30 | node_13 | INFO ] 🏋️‍♀️ Preparing training...
[ 2026-03-29 19:41:30 | node_7 | INFO ] 🧩 Model added for round 142 (10/14) from ['node_37']
[ 2026-03-29 19:41:30 | node | INFO ] 🎉 Round 142 of 150 finished.
[ 2026-03-29 19:41:31 | node | INFO ] 🗳️ [DETERMINISTIC] Train set assigned (No Voting). Size: 50
[ 2026-03-29 19:41:31 | node_8 | INFO ] 🧩 Model added for round 142 (7/12) from ['node_43']
[ 2026-03-29 19:41:31 | node | INFO ] ♻️ Proactively processing 4 early models for round 142.
[ 2026-03-29 19:41:31 | node_48 | INFO ] 🎓 Training step done.
[ 2026-03-29 19:41:31 | node | INFO ] 🧩 Model added for round 142 (1/8) from ['node_10']
[ 2026-03-29 19:41:31 | node_48 | INFO ] 🛠️ Calling force_add_local_model...
[ 2026-03-29 19:41:31 | node_17 | INFO ] 📈 Evaluated. Results: {'test_loss': 0.003925898112356663, 'test_accuracy': 0.9916329383850098, 'test_precision': 0.2681281566619873, 'test_recall': 0.6567144989967346, 'test_f1': 0.37539875507354736, 'communication_cost': 3644540}
[ 2026-03-29 19:41:31 | node_34 | INFO ] ⏹️  Gossiping exited for 10 equal rounds.
[ 2026-03-29 19:41:31 | node | INFO ] 🧩 Model added for round 142 (2/8) from ['node_14']
[ 2026-03-29 19:41:31 | node_48 | INFO ] ✅ [FORCE] Local model added for round 142. (6/11)
[ 2026-03-29 19:41:31 | node_17 | INFO ] 📢 Broadcasting metrics.
[ 2026-03-29 19:41:31 | node | INFO ] 🧩 Model added for round 142 (3/8) from ['node_7']
[ 2026-03-29 19:41:31 | node_29 | INFO ] 🧩 Model added for round 142 (6/8) from ['node_42']
[ 2026-03-29 19:41:31 | node_45 | INFO ] 🧩 Model added for round 142 (9/12) from ['node_18']
[ 2026-03-29 19:41:31 | node | INFO ] 🧩 Model added for round 142 (4/8) from ['node_31']
[ 2026-03-29 19:41:31 | node_34 | INFO ] 🔬 Evaluating...
[ 2026-03-29 19:41:31 | node | INFO ] 🏋️‍♀️ Preparing training...
[ 2026-03-29 19:41:31 | node_48 | INFO ] 🧩 Model added for round 142 (7/11) from ['node_47']
[ 2026-03-29 19:41:31 | node_22 | INFO ] 🧩 Model added for round 142 (8/9) from ['node_33']
[ 2026-03-29 19:41:32 | node_47 | INFO ] 🧩 Model added for round 142 (9/12) from ['node_2']
[ 2026-03-29 19:41:32 | node_43 | INFO ] 🧩 Model added for round 142 (4/8) from ['node_8']
[ 2026-03-29 19:41:32 | node_10 | INFO ] 🧩 Model added for round 142 (6/8) from ['node_35']
[ 2026-03-29 19:41:32 | node_1 | INFO ] 🎉 Round 142 of 150 finished.
[ 2026-03-29 19:41:32 | node_1 | INFO ] 🗳️ [DETERMINISTIC] Train set assigned (No Voting). Size: 50
[ 2026-03-29 19:41:32 | node_12 | INFO ] 🎓 Training step done.
[ 2026-03-29 19:41:32 | node_49 | INFO ] 🧩 Model added for round 142 (6/9) from ['node_29']
[ 2026-03-29 19:41:32 | node_12 | INFO ] 🛠️ Calling force_add_local_model...
[ 2026-03-29 19:41:32 | node_9 | INFO ] ⏹️  Gossiping exited for 10 equal rounds.
[ 2026-03-29 19:41:32 | node_1 | INFO ] ♻️ Proactively processing 3 early models for round 142.
[ 2026-03-29 19:41:32 | node_1 | INFO ] 🧩 Model added for round 142 (1/9) from ['node_25']
[ 2026-03-29 19:41:32 | node_1 | INFO ] 🧩 Model added for round 142 (2/9) from ['node_38']
[ 2026-03-29 19:41:32 | node_12 | INFO ] ✅ [FORCE] Local model added for round 142. (4/6)
[ 2026-03-29 19:41:32 | node_34 | INFO ] 📈 Evaluated. Results: {'test_loss': 0.002992699621245265, 'test_accuracy': 0.9912722706794739, 'test_precision': 0.25470924377441406, 'test_recall': 0.7074126601219177, 'test_f1': 0.36777833104133606, 'communication_cost': 6560172}
[ 2026-03-29 19:41:32 | node_1 | INFO ] 🧩 Model added for round 142 (3/9) from ['node_8']
[ 2026-03-29 19:41:32 | node_9 | INFO ] 🔬 Evaluating...
[ 2026-03-29 19:41:32 | node_1 | INFO ] 🏋️‍♀️ Preparing training...
[ 2026-03-29 19:41:32 | node_34 | INFO ] 📢 Broadcasting metrics.
[ 2026-03-29 19:41:32 | node_13 | INFO ] 🎓 Training step done.
[ 2026-03-29 19:41:33 | node_39 | INFO ] 🧩 Model added for round 142 (6/10) from ['node_42']
[ 2026-03-29 19:41:33 | node_13 | INFO ] 🛠️ Calling force_add_local_model...
[ 2026-03-29 19:41:33 | node_13 | INFO ] ✅ [FORCE] Local model added for round 142. (5/6)
[ 2026-03-29 19:41:33 | node_14 | INFO ] 🧩 Model added for round 142 (6/7) from ['node_43']
[ 2026-03-29 19:41:33 | node_30 | INFO ] 📤 Sending model to 9 direct neighbors: ['node', 'node_3', 'node_6', 'node_7', 'node_25', 'node_35', 'node_37', 'node_39', 'node_44']
[ 2026-03-29 19:41:33 | node_47 | INFO ] 🧩 Model added for round 142 (10/12) from ['node_18']
[ 2026-03-29 19:41:33 | node_20 | INFO ] 🧩 Model added for round 142 (7/10) from ['node_35']
[ 2026-03-29 19:41:33 | node_15 | INFO ] 🧩 Model added for round 142 (8/9) from ['node_37']
[ 2026-03-29 19:41:33 | node | INFO ] 🧩 Model added for round 142 (5/8) from ['node_30']
[ 2026-03-29 19:41:33 | node | INFO ] 🎓 Training step done.
[ 2026-03-29 19:41:33 | node_24 | INFO ] 🧩 Model added for round 142 (5/8) from ['node_33']
[ 2026-03-29 19:41:33 | node_9 | INFO ] 📈 Evaluated. Results: {'test_loss': 0.00274679041467607, 'test_accuracy': 0.9909131526947021, 'test_precision': 0.24260608851909637, 'test_recall': 0.7495733499526978, 'test_f1': 0.361713171005249, 'communication_cost': 8017988}
[ 2026-03-29 19:41:33 | node | INFO ] 🛠️ Calling force_add_local_model...
[ 2026-03-29 19:41:34 | node_9 | INFO ] 📢 Broadcasting metrics.
[ 2026-03-29 19:41:34 | node | INFO ] ✅ [FORCE] Local model added for round 142. (6/8)
[ 2026-03-29 19:41:34 | node_48 | INFO ] 🧩 Model added for round 142 (8/11) from ['node_8']
[ 2026-03-29 19:41:34 | node_17 | INFO ] 🎉 Round 142 of 150 finished.
[ 2026-03-29 19:41:34 | node_17 | INFO ] 🗳️ [DETERMINISTIC] Train set assigned (No Voting). Size: 50
[ 2026-03-29 19:41:34 | node_17 | INFO ] ♻️ Proactively processing 2 early models for round 142.
[ 2026-03-29 19:41:34 | node_17 | INFO ] 🧩 Model added for round 142 (1/6) from ['node_38']
[ 2026-03-29 19:41:34 | node_17 | INFO ] 🧩 Model added for round 142 (2/6) from ['node_31']
[ 2026-03-29 19:41:34 | node_40 | INFO ] 🧩 Model added for round 142 (8/11) from ['node_42']
[ 2026-03-29 19:41:34 | node_17 | INFO ] 🏋️‍♀️ Preparing training...
[ 2026-03-29 19:41:34 | node_1 | INFO ] 🎓 Training step done.
[ 2026-03-29 19:41:34 | node_25 | INFO ] 🧩 Model added for round 142 (3/8) from ['node_43']
[ 2026-03-29 19:41:34 | node_1 | INFO ] 🛠️ Calling force_add_local_model...
[ 2026-03-29 19:41:34 | node_1 | INFO ] ✅ [FORCE] Local model added for round 142. (4/9)
[ 2026-03-29 19:41:35 | node_3 | INFO ] 🧩 Model added for round 142 (5/6) from ['node_30']
[ 2026-03-29 19:41:35 | node_20 | INFO ] 🧩 Model added for round 142 (8/10) from ['node_37']
[ 2026-03-29 19:41:35 | node_28 | INFO ] 🧩 Model added for round 142 (5/7) from ['node_33']
[ 2026-03-29 19:41:35 | node_45 | INFO ] 📤 Sending model to 11 direct neighbors: ['node', 'node_4', 'node_5', 'node_6', 'node_7', 'node_16', 'node_18', 'node_23', 'node_27', 'node_29', 'node_43']
[ 2026-03-29 19:41:35 | node_24 | INFO ] 🧩 Model added for round 142 (6/8) from ['node_35']
[ 2026-03-29 19:41:35 | node_49 | INFO ] 🧩 Model added for round 142 (7/9) from ['node_8']
[ 2026-03-29 19:41:35 | node | INFO ] 🧩 Model added for round 142 (7/8) from ['node_45']
[ 2026-03-29 19:41:36 | node_41 | INFO ] ⏹️  Gossiping exited for 10 equal rounds.
[ 2026-03-29 19:41:36 | node_41 | INFO ] 🔬 Evaluating...
[ 2026-03-29 19:41:36 | node_6 | INFO ] 🧩 Model added for round 142 (5/7) from ['node_30']
[ 2026-03-29 19:41:36 | node_48 | INFO ] 📤 Sending model to 10 direct neighbors: ['node_1', 'node_4', 'node_6', 'node_8', 'node_20', 'node_23', 'node_36', 'node_40', 'node_43', 'node_47']
[ 2026-03-29 19:41:36 | node_45 | INFO ] 🧩 Model added for round 142 (10/12) from ['node_43']
[ 2026-03-29 19:41:36 | node_23 | INFO ] 🎉 Round 142 of 150 finished.
[ 2026-03-29 19:41:36 | node_23 | INFO ] 🗳️ [DETERMINISTIC] Train set assigned (No Voting). Size: 50
[ 2026-03-29 19:41:36 | node_17 | INFO ] 🎓 Training step done.
[ 2026-03-29 19:41:36 | node_21 | INFO ] 🧩 Model added for round 142 (11/11) from ['node_37']
[ 2026-03-29 19:41:36 | node_1 | INFO ] 🧩 Model added for round 142 (5/9) from ['node_48']
[ 2026-03-29 19:41:36 | node_17 | INFO ] 🛠️ Calling force_add_local_model...
[ 2026-03-29 19:41:36 | node_23 | INFO ] ♻️ Proactively processing 8 early models for round 142.
[ 2026-03-29 19:41:36 | node_39 | INFO ] 🧩 Model added for round 142 (7/10) from ['node_33']
[ 2026-03-29 19:41:36 | node_23 | INFO ] 🧩 Model added for round 142 (1/13) from ['node_5']
[ 2026-03-29 19:41:37 | node_23 | INFO ] 🧩 Model added for round 142 (2/13) from ['node_29']
[ 2026-03-29 19:41:37 | node_17 | INFO ] ✅ [FORCE] Local model added for round 142. (3/6)
[ 2026-03-29 19:41:37 | node_23 | INFO ] 🧩 Model added for round 142 (3/13) from ['node_18']
[ 2026-03-29 19:41:37 | node_25 | INFO ] 🧩 Model added for round 142 (4/8) from ['node_35']
[ 2026-03-29 19:41:37 | node_23 | INFO ] 🧩 Model added for round 142 (4/13) from ['node_8']
[ 2026-03-29 19:41:37 | node_23 | INFO ] 🧩 Model added for round 142 (5/13) from ['node_42']
[ 2026-03-29 19:41:37 | node_41 | INFO ] 📈 Evaluated. Results: {'test_loss': 0.004018382169306278, 'test_accuracy': 0.9903724789619446, 'test_precision': 0.26568910479545593, 'test_recall': 0.6794819831848145, 'test_f1': 0.36861732602119446, 'communication_cost': 5831264}
[ 2026-03-29 19:41:37 | node_23 | INFO ] 🧩 Model added for round 142 (6/13) from ['node_33']
[ 2026-03-29 19:41:37 | node_4 | INFO ] 🧩 Model added for round 142 (7/10) from ['node_45']
[ 2026-03-29 19:41:37 | node_23 | INFO ] 🧩 Model added for round 142 (7/13) from ['node_43']
[ 2026-03-29 19:41:37 | node_41 | INFO ] 📢 Broadcasting metrics.
[ 2026-03-29 19:41:37 | node_23 | INFO ] 🧩 Model added for round 142 (8/13) from ['node_35']
[ 2026-03-29 19:41:37 | node_23 | INFO ] 🏋️‍♀️ Preparing training...
[ 2026-03-29 19:41:37 | node_7 | INFO ] 🧩 Model added for round 142 (11/14) from ['node_30']
[ 2026-03-29 19:41:37 | node_34 | INFO ] 🎉 Round 142 of 150 finished.
[ 2026-03-29 19:41:37 | node_21 | INFO ] 🧠 Aggregation complete. Setting new model.
[ 2026-03-29 19:41:37 | node_34 | INFO ] 🗳️ [DETERMINISTIC] Train set assigned (No Voting). Size: 50
[ 2026-03-29 19:41:37 | node_34 | INFO ] ♻️ Proactively processing 6 early models for round 142.
[ 2026-03-29 19:41:37 | node_34 | INFO ] 🧩 Model added for round 142 (1/10) from ['node_10']
[ 2026-03-29 19:41:37 | node_34 | INFO ] 🧩 Model added for round 142 (2/10) from ['node_3']
[ 2026-03-29 19:41:37 | node_34 | INFO ] 🧩 Model added for round 142 (3/10) from ['node_20']
[ 2026-03-29 19:41:37 | node_34 | INFO ] 🧩 Model added for round 142 (4/10) from ['node_28']
[ 2026-03-29 19:41:37 | node_12 | INFO ] 📤 Sending model to 5 direct neighbors: ['node_1', 'node_4', 'node_26', 'node_36', 'node_38']
[ 2026-03-29 19:41:37 | node_34 | INFO ] 🧩 Model added for round 142 (5/10) from ['node_43']
[ 2026-03-29 19:41:37 | node_34 | INFO ] 🧩 Model added for round 142 (6/10) from ['node_33']
[ 2026-03-29 19:41:37 | node_34 | INFO ] 🏋️‍♀️ Preparing training...
[ 2026-03-29 19:41:38 | node_13 | INFO ] 📤 Sending model to 5 direct neighbors: ['node_25', 'node_26', 'node_32', 'node_39', 'node_46']
[ 2026-03-29 19:41:38 | node_21 | INFO ] 🗣️ Gossiping aggregated model.
[ 2026-03-29 19:41:38 | node_44 | INFO ] ⏹️  Gossiping exited for 10 equal rounds.
[ 2026-03-29 19:41:38 | node_44 | INFO ] 🔬 Evaluating...
[ 2026-03-29 19:41:38 | node_26 | INFO ] ⏹️  Gossiping exited for 10 equal rounds.
[ 2026-03-29 19:41:38 | node_26 | INFO ] 🔬 Evaluating...
[ 2026-03-29 19:41:38 | node_9 | INFO ] 🎉 Round 142 of 150 finished.
[ 2026-03-29 19:41:38 | node_9 | INFO ] 🗳️ [DETERMINISTIC] Train set assigned (No Voting). Size: 50
[ 2026-03-29 19:41:38 | node_24 | INFO ] 🧩 Model added for round 142 (7/8) from ['node_37']
[ 2026-03-29 19:41:38 | node_48 | INFO ] 🧩 Model added for round 142 (9/11) from ['node_43']
[ 2026-03-29 19:41:39 | node_9 | INFO ] ♻️ Proactively processing 10 early models for round 142.
[ 2026-03-29 19:41:39 | node_9 | INFO ] 🧩 Model added for round 142 (1/12) from ['node_22']
[ 2026-03-29 19:41:39 | node_9 | INFO ] 🧩 Model added for round 142 (2/12) from ['node_24']
[ 2026-03-29 19:41:39 | node_49 | INFO ] 🧩 Model added for round 142 (8/9) from ['node_33']
[ 2026-03-29 19:41:39 | node_9 | INFO ] 🧩 Model added for round 142 (3/12) from ['node_4']
[ 2026-03-29 19:41:39 | node_9 | INFO ] 🧩 Model added for round 142 (4/12) from ['node_25']
[ 2026-03-29 19:41:39 | node_9 | INFO ] 🧩 Model added for round 142 (5/12) from ['node_36']
[ 2026-03-29 19:41:39 | node | INFO ] 📤 Sending model to 7 direct neighbors: ['node_7', 'node_10', 'node_14', 'node_26', 'node_30', 'node_31', 'node_45']
[ 2026-03-29 19:41:39 | node_30 | INFO ] 🧩 Model added for round 142 (7/10) from ['node_35']
[ 2026-03-29 19:41:39 | node_4 | INFO ] 🧩 Model added for round 142 (8/10) from ['node_48']
[ 2026-03-29 19:41:39 | node_9 | INFO ] 🧩 Model added for round 142 (6/12) from ['node_40']
[ 2026-03-29 19:41:39 | node_1 | INFO ] 🧩 Model added for round 142 (6/9) from ['node_12']
[ 2026-03-29 19:41:39 | node_9 | INFO ] 🧩 Model added for round 142 (7/12) from ['node_7']
[ 2026-03-29 19:41:39 | node_9 | INFO ] 🧩 Model added for round 142 (8/12) from ['node_47']
[ 2026-03-29 19:41:39 | node_9 | INFO ] 🧩 Model added for round 142 (9/12) from ['node_2']
[ 2026-03-29 19:41:39 | node_9 | INFO ] 🧩 Model added for round 142 (10/12) from ['node_37']
[ 2026-03-29 19:41:39 | node_9 | INFO ] 🏋️‍♀️ Preparing training...
[ 2026-03-29 19:41:39 | node_5 | INFO ] 🧩 Model added for round 142 (4/5) from ['node_45']
[ 2026-03-29 19:41:39 | node_25 | INFO ] 🧩 Model added for round 142 (5/8) from ['node_13']
[ 2026-03-29 19:41:39 | node_23 | INFO ] 🎓 Training step done.
[ 2026-03-29 19:41:39 | node_25 | INFO ] 🧩 Model added for round 142 (6/8) from ['node_30']
[ 2026-03-29 19:41:39 | node_7 | INFO ] 🧩 Model added for round 142 (12/14) from ['node']
[ 2026-03-29 19:41:39 | node_23 | INFO ] 🛠️ Calling force_add_local_model...
[ 2026-03-29 19:41:39 | node_23 | INFO ] ✅ [FORCE] Local model added for round 142. (9/13)
[ 2026-03-29 19:41:40 | node_1 | INFO ] 📤 Sending model to 8 direct neighbors: ['node_8', 'node_12', 'node_17', 'node_25', 'node_26', 'node_34', 'node_38', 'node_48']
[ 2026-03-29 19:41:40 | node_28 | INFO ] 🧩 Model added for round 142 (6/7) from ['node_37']
[ 2026-03-29 19:41:40 | node_6 | INFO ] 🧩 Model added for round 142 (6/7) from ['node_45']
[ 2026-03-29 19:41:40 | node_26 | INFO ] 📈 Evaluated. Results: {'test_loss': 0.003295842558145523, 'test_accuracy': 0.993971586227417, 'test_precision': 0.3766669034957886, 'test_recall': 0.7068398594856262, 'test_f1': 0.48503774404525757, 'communication_cost': 6560172}
[ 2026-03-29 19:41:40 | node_44 | INFO ] 📈 Evaluated. Results: {'test_loss': 0.003752053016796708, 'test_accuracy': 0.9904624819755554, 'test_precision': 0.21076811850070953, 'test_recall': 0.5860876441001892, 'test_f1': 0.3015018105506897, 'communication_cost': 5831264}
[ 2026-03-29 19:41:40 | node_8 | INFO ] 🧩 Model added for round 142 (8/12) from ['node_1']
[ 2026-03-29 19:41:40 | node_4 | INFO ] 🧩 Model added for round 142 (9/10) from ['node_12']
[ 2026-03-29 19:41:40 | node_26 | INFO ] 📢 Broadcasting metrics.
[ 2026-03-29 19:41:40 | node_41 | INFO ] 🎉 Round 142 of 150 finished.
[ 2026-03-29 19:41:40 | node_44 | INFO ] 📢 Broadcasting metrics.
[ 2026-03-29 19:41:40 | node_6 | INFO ] 🧩 Model added for round 142 (7/7) from ['node_48']
[ 2026-03-29 19:41:40 | node_41 | INFO ] 🗳️ [DETERMINISTIC] Train set assigned (No Voting). Size: 50
[ 2026-03-29 19:41:40 | node_37 | INFO ] 🧩 Model added for round 142 (9/11) from ['node_35']
[ 2026-03-29 19:41:40 | node_41 | INFO ] ♻️ Proactively processing 6 early models for round 142.
[ 2026-03-29 19:41:40 | node_41 | INFO ] 🧩 Model added for round 142 (1/9) from ['node_46']
[ 2026-03-29 19:41:40 | node_41 | INFO ] 🧩 Model added for round 142 (2/9) from ['node_32']
[ 2026-03-29 19:41:40 | node_35 | INFO ] 🧩 Model added for round 142 (9/11) from ['node_30']
[ 2026-03-29 19:41:40 | node_41 | INFO ] 🧩 Model added for round 142 (3/9) from ['node_19']
[ 2026-03-29 19:41:41 | node_34 | INFO ] 🎓 Training step done.
[ 2026-03-29 19:41:41 | node_41 | INFO ] 🧩 Model added for round 142 (4/9) from ['node_31']
[ 2026-03-29 19:41:41 | node_34 | INFO ] 🛠️ Calling force_add_local_model...
[ 2026-03-29 19:41:41 | node_41 | INFO ] 🧩 Model added for round 142 (5/9) from ['node_8']
[ 2026-03-29 19:41:41 | node_32 | INFO ] 🧩 Model added for round 142 (8/9) from ['node_13']
[ 2026-03-29 19:41:41 | node_30 | INFO ] 🧩 Model added for round 142 (8/10) from ['node_37']
[ 2026-03-29 19:41:41 | node_41 | INFO ] 🧩 Model added for round 142 (6/9) from ['node_42']
[ 2026-03-29 19:41:41 | node_34 | INFO ] ✅ [FORCE] Local model added for round 142. (7/10)
[ 2026-03-29 19:41:41 | node_6 | INFO ] 🧠 Aggregation complete. Setting new model.
[ 2026-03-29 19:41:41 | node_41 | INFO ] 🏋️‍♀️ Preparing training...
[ 2026-03-29 19:41:41 | node_7 | INFO ] 🧩 Model added for round 142 (13/14) from ['node_45']
[ 2026-03-29 19:41:41 | node_9 | INFO ] 🎓 Training step done.
[ 2026-03-29 19:41:41 | node_9 | INFO ] 🛠️ Calling force_add_local_model...
[ 2026-03-29 19:41:41 | node_8 | INFO ] 🧩 Model added for round 142 (9/12) from ['node_48']
[ 2026-03-29 19:41:41 | node_10 | INFO ] 🧩 Model added for round 142 (7/8) from ['node']
[ 2026-03-29 19:41:41 | node_9 | INFO ] ✅ [FORCE] Local model added for round 142. (11/12)
[ 2026-03-29 19:41:42 | node_17 | INFO ] 📤 Sending model to 5 direct neighbors: ['node_1', 'node_26', 'node_31', 'node_38', 'node_41']
[ 2026-03-29 19:41:42 | node_6 | INFO ] 🗣️ Gossiping aggregated model.
[ 2026-03-29 19:41:42 | node_12 | INFO ] 🧩 Model added for round 142 (5/6) from ['node_1']
[ 2026-03-29 19:41:42 | node_39 | INFO ] 🧩 Model added for round 142 (8/10) from ['node_35']
[ 2026-03-29 19:41:42 | node_1 | INFO ] 🧩 Model added for round 142 (7/9) from ['node_17']
[ 2026-03-29 19:41:42 | node_36 | INFO ] 🧩 Model added for round 142 (6/8) from ['node_12']
[ 2026-03-29 19:41:42 | node_39 | INFO ] 🧩 Model added for round 142 (9/10) from ['node_13']
[ 2026-03-29 19:41:42 | node_37 | INFO ] 🧩 Model added for round 142 (10/11) from ['node_30']
[ 2026-03-29 19:41:42 | node_35 | INFO ] 🧩 Model added for round 142 (10/11) from ['node_37']
[ 2026-03-29 19:41:43 | node_14 | INFO ] 🧩 Model added for round 142 (7/7) from ['node']
[ 2026-03-29 19:41:43 | node_17 | INFO ] 🧩 Model added for round 142 (4/6) from ['node_1']
[ 2026-03-29 19:41:43 | node_16 | INFO ] 🧩 Model added for round 142 (8/8) from ['node_45']
[ 2026-03-29 19:41:43 | node_41 | INFO ] 🎓 Training step done.
[ 2026-03-29 19:41:43 | node_41 | INFO ] 🛠️ Calling force_add_local_model...
[ 2026-03-29 19:41:43 | node_20 | INFO ] 🧩 Model added for round 142 (9/10) from ['node_48']
[ 2026-03-29 19:41:43 | node_41 | INFO ] ✅ [FORCE] Local model added for round 142. (7/9)
[ 2026-03-29 19:41:43 | node_38 | INFO ] 🧩 Model added for round 142 (8/11) from ['node_12']
[ 2026-03-29 19:41:43 | node_14 | INFO ] 🧠 Aggregation complete. Setting new model.
[ 2026-03-29 19:41:43 | node_16 | INFO ] 🧠 Aggregation complete. Setting new model.
[ 2026-03-29 19:41:44 | node_44 | INFO ] 🎉 Round 142 of 150 finished.
[ 2026-03-29 19:41:44 | node_14 | INFO ] 🗣️ Gossiping aggregated model.
[ 2026-03-29 19:41:44 | node_44 | INFO ] 🗳️ [DETERMINISTIC] Train set assigned (No Voting). Size: 50
[ 2026-03-29 19:41:44 | node_49 | INFO ] 🧩 Model added for round 142 (9/9) from ['node_35']
[ 2026-03-29 19:41:44 | node_16 | INFO ] 🗣️ Gossiping aggregated model.
[ 2026-03-29 19:41:44 | node_26 | INFO ] 🎉 Round 142 of 150 finished.
[ 2026-03-29 19:41:44 | node_44 | INFO ] ♻️ Proactively processing 5 early models for round 142.
[ 2026-03-29 19:41:44 | node_44 | INFO ] 🧩 Model added for round 142 (1/9) from ['node_15']
[ 2026-03-29 19:41:44 | node_26 | INFO ] 🗳️ [DETERMINISTIC] Train set assigned (No Voting). Size: 50
[ 2026-03-29 19:41:44 | node_44 | INFO ] 🧩 Model added for round 142 (2/9) from ['node_46']
[ 2026-03-29 19:41:44 | node_44 | INFO ] 🧩 Model added for round 142 (3/9) from ['node_40']
[ 2026-03-29 19:41:44 | node_26 | INFO ] ♻️ Proactively processing 3 early models for round 142.
[ 2026-03-29 19:41:44 | node_26 | INFO ] 🧩 Model added for round 142 (1/10) from ['node_13']
[ 2026-03-29 19:41:44 | node_44 | INFO ] 🧩 Model added for round 142 (4/9) from ['node_11']
[ 2026-03-29 19:41:44 | node_26 | INFO ] 🧩 Model added for round 142 (2/10) from ['node_12']
[ 2026-03-29 19:41:44 | node_44 | INFO ] 🧩 Model added for round 142 (5/9) from ['node_8']
[ 2026-03-29 19:41:44 | node_23 | INFO ] 📤 Sending model to 12 direct neighbors: ['node_5', 'node_8', 'node_9', 'node_18', 'node_26', 'node_29', 'node_33', 'node_35', 'node_42', 'node_43', 'node_45', 'node_48']
[ 2026-03-29 19:41:44 | node_44 | INFO ] 🏋️‍♀️ Preparing training...
[ 2026-03-29 19:41:44 | node_26 | INFO ] 🧩 Model added for round 142 (3/10) from ['node_17']
[ 2026-03-29 19:41:44 | node_26 | INFO ] 🏋️‍♀️ Preparing training...
[ 2026-03-29 19:41:44 | node_46 | INFO ] 🧩 Model added for round 142 (5/7) from ['node_13']
[ 2026-03-29 19:41:45 | node_26 | INFO ] 🧩 Model added for round 142 (4/10) from ['node']
[ 2026-03-29 19:41:45 | node_39 | INFO ] 🧩 Model added for round 142 (10/10) from ['node_30']
[ 2026-03-29 19:41:45 | node_38 | INFO ] 🧩 Model added for round 142 (9/11) from ['node_37']
[ 2026-03-29 19:41:45 | node_25 | INFO ] 🧩 Model added for round 142 (7/8) from ['node_1']
[ 2026-03-29 19:41:45 | node_31 | INFO ] 🧩 Model added for round 142 (6/8) from ['node_17']
[ 2026-03-29 19:41:45 | node_18 | INFO ] 🧩 Model added for round 142 (8/9) from ['node_45']
[ 2026-03-29 19:41:45 | node_23 | INFO ] 🧩 Model added for round 142 (10/13) from ['node_48']
[ 2026-03-29 19:41:46 | node_5 | INFO ] 🧩 Model added for round 142 (5/5) from ['node_23']
[ 2026-03-29 19:41:46 | node_34 | INFO ] 📤 Sending model to 9 direct neighbors: ['node_1', 'node_3', 'node_10', 'node_20', 'node_26', 'node_28', 'node_33', 'node_43', 'node_44']
[ 2026-03-29 19:41:46 | node_44 | INFO ] 🧩 Model added for round 142 (6/9) from ['node_30']
[ 2026-03-29 19:41:46 | node_26 | INFO ] 🧩 Model added for round 142 (5/10) from ['node_1']
[ 2026-03-29 19:41:46 | node_38 | INFO ] 🧩 Model added for round 142 (10/11) from ['node_17']
[ 2026-03-29 19:41:46 | node_9 | INFO ] 📤 Sending model to 11 direct neighbors: ['node_2', 'node_4', 'node_7', 'node_22', 'node_23', 'node_24', 'node_25', 'node_36', 'node_37', 'node_40', 'node_47']
[ 2026-03-29 19:41:47 | node_30 | INFO ] 🧩 Model added for round 142 (9/10) from ['node']
[ 2026-03-29 19:41:47 | node_23 | INFO ] 🧩 Model added for round 142 (11/13) from ['node_45']
[ 2026-03-29 19:41:47 | node_1 | INFO ] 🧩 Model added for round 142 (8/9) from ['node_34']
[ 2026-03-29 19:41:47 | node_8 | INFO ] 🧩 Model added for round 142 (10/12) from ['node_23']
[ 2026-03-29 19:41:47 | node_49 | INFO ] 🧠 Aggregation complete. Setting new model.
[ 2026-03-29 19:41:47 | node_5 | INFO ] 🧠 Aggregation complete. Setting new model.
[ 2026-03-29 19:41:47 | node_39 | INFO ] 🧠 Aggregation complete. Setting new model.
[ 2026-03-29 19:41:47 | node_44 | INFO ] 🎓 Training step done.
[ 2026-03-29 19:41:47 | node_44 | INFO ] 🛠️ Calling force_add_local_model...
[ 2026-03-29 19:41:47 | node_5 | INFO ] 🗣️ Gossiping aggregated model.
[ 2026-03-29 19:41:47 | node_2 | INFO ] 🧩 Model added for round 142 (9/9) from ['node_9']
[ 2026-03-29 19:41:47 | node_44 | INFO ] ✅ [FORCE] Local model added for round 142. (7/9)
[ 2026-03-29 19:41:47 | node_36 | INFO ] 🧩 Model added for round 142 (7/8) from ['node_48']
[ 2026-03-29 19:41:48 | node_26 | INFO ] 🎓 Training step done.
[ 2026-03-29 19:41:48 | node_26 | INFO ] 🛠️ Calling force_add_local_model...
[ 2026-03-29 19:41:48 | node_26 | INFO ] ✅ [FORCE] Local model added for round 142. (6/10)
[ 2026-03-29 19:41:48 | node_49 | INFO ] 🗣️ Gossiping aggregated model.
[ 2026-03-29 19:41:48 | node_39 | INFO ] 🗣️ Gossiping aggregated model.
[ 2026-03-29 19:41:48 | node_34 | INFO ] 🧩 Model added for round 142 (8/10) from ['node_1']
[ 2026-03-29 19:41:48 | node_3 | INFO ] 🧩 Model added for round 142 (6/6) from ['node_34']
[ 2026-03-29 19:41:48 | node_41 | INFO ] 📤 Sending model to 8 direct neighbors: ['node_8', 'node_17', 'node_19', 'node_26', 'node_31', 'node_32', 'node_42', 'node_46']
[ 2026-03-29 19:41:48 | node_41 | INFO ] 🧩 Model added for round 142 (8/9) from ['node_17']
[ 2026-03-29 19:41:48 | node_9 | INFO ] 🧩 Model added for round 142 (12/12) from ['node_23']
[ 2026-03-29 19:41:48 | node_2 | INFO ] 🧠 Aggregation complete. Setting new model.
[ 2026-03-29 19:41:48 | node_3 | INFO ] 🧠 Aggregation complete. Setting new model.
[ 2026-03-29 19:41:49 | node_31 | INFO ] 🧩 Model added for round 142 (7/8) from ['node']
[ 2026-03-29 19:41:49 | node_3 | INFO ] 🗣️ Gossiping aggregated model.
[ 2026-03-29 19:41:49 | node_2 | INFO ] 🗣️ Gossiping aggregated model.
[ 2026-03-29 19:41:49 | node_4 | INFO ] 🧩 Model added for round 142 (10/10) from ['node_9']
[ 2026-03-29 19:41:49 | node_8 | INFO ] 🧩 Model added for round 142 (11/12) from ['node_41']
[ 2026-03-29 19:41:49 | node_40 | INFO ] 🧩 Model added for round 142 (9/11) from ['node_48']
[ 2026-03-29 19:41:50 | node_27 | INFO ] 🧩 Model added for round 142 (5/5) from ['node_45']
[ 2026-03-29 19:41:50 | node_10 | INFO ] 🧩 Model added for round 142 (8/8) from ['node_34']
[ 2026-03-29 19:41:50 | node_38 | INFO ] 🧩 Model added for round 142 (11/11) from ['node_1']
[ 2026-03-29 19:41:50 | node_45 | INFO ] 🧩 Model added for round 142 (11/12) from ['node']
[ 2026-03-29 19:41:51 | node_18 | INFO ] 🧩 Model added for round 142 (9/9) from ['node_23']
[ 2026-03-29 19:41:51 | node_7 | INFO ] 🧩 Model added for round 142 (14/14) from ['node_9']
[ 2026-03-29 19:41:51 | node_17 | INFO ] 🧩 Model added for round 142 (5/6) from ['node_41']
[ 2026-03-29 19:41:52 | node_43 | INFO ] 🧩 Model added for round 142 (5/8) from ['node_48']
[ 2026-03-29 19:41:52 | node_20 | INFO ] 🧩 Model added for round 142 (10/10) from ['node_34']
[ 2026-03-29 19:41:52 | node_48 | INFO ] 🧩 Model added for round 142 (10/11) from ['node_1']
[ 2026-03-29 19:41:52 | node_26 | INFO ] 🧩 Model added for round 142 (7/10) from ['node_23']
[ 2026-03-29 19:41:52 | node_29 | INFO ] 🧩 Model added for round 142 (7/8) from ['node_45']
[ 2026-03-29 19:41:52 | node_27 | INFO ] 🧠 Aggregation complete. Setting new model.
[ 2026-03-29 19:41:52 | node_19 | INFO ] 🧩 Model added for round 142 (9/9) from ['node_41']
[ 2026-03-29 19:41:52 | node_10 | INFO ] 🧠 Aggregation complete. Setting new model.
[ 2026-03-29 19:41:52 | node_4 | INFO ] 🧠 Aggregation complete. Setting new model.
[ 2026-03-29 19:41:52 | node_38 | INFO ] 🧠 Aggregation complete. Setting new model.
[ 2026-03-29 19:41:52 | node_18 | INFO ] 🧠 Aggregation complete. Setting new model.
[ 2026-03-29 19:41:52 | node_7 | INFO ] 🧠 Aggregation complete. Setting new model.
[ 2026-03-29 19:41:52 | node_20 | INFO ] 🧠 Aggregation complete. Setting new model.
[ 2026-03-29 19:41:53 | node_44 | INFO ] 📤 Sending model to 8 direct neighbors: ['node_8', 'node_11', 'node_15', 'node_26', 'node_30', 'node_34', 'node_40', 'node_46']
[ 2026-03-29 19:41:53 | node_27 | INFO ] 🗣️ Gossiping aggregated model.
[ 2026-03-29 19:41:53 | node_26 | INFO ] 📤 Sending model to 9 direct neighbors: ['node', 'node_1', 'node_12', 'node_13', 'node_17', 'node_23', 'node_34', 'node_41', 'node_44']
[ 2026-03-29 19:41:53 | node_10 | INFO ] 🗣️ Gossiping aggregated model.
[ 2026-03-29 19:41:53 | node_18 | INFO ] 🗣️ Gossiping aggregated model.
[ 2026-03-29 19:41:53 | node_20 | INFO ] 🗣️ Gossiping aggregated model.
[ 2026-03-29 19:41:53 | node_22 | INFO ] 🧩 Model added for round 142 (9/9) from ['node_9']
[ 2026-03-29 19:41:53 | node_4 | INFO ] 🗣️ Gossiping aggregated model.
[ 2026-03-29 19:41:53 | node_38 | INFO ] 🗣️ Gossiping aggregated model.
[ 2026-03-29 19:41:54 | node_7 | INFO ] 🗣️ Gossiping aggregated model.
[ 2026-03-29 19:41:54 | node_8 | INFO ] 🧩 Model added for round 142 (12/12) from ['node_44']
[ 2026-03-29 19:41:54 | node_47 | INFO ] 🧩 Model added for round 142 (11/12) from ['node_48']
[ 2026-03-29 19:41:54 | node_43 | INFO ] 🧩 Model added for round 142 (6/8) from ['node_45']
[ 2026-03-29 19:41:54 | node_26 | INFO ] 🧩 Model added for round 142 (8/10) from ['node_41']
[ 2026-03-29 19:41:54 | node_26 | INFO ] 🧩 Model added for round 142 (9/10) from ['node_34']
[ 2026-03-29 19:41:54 | node | INFO ] 🧩 Model added for round 142 (8/8) from ['node_26']
[ 2026-03-29 19:41:54 | node_29 | INFO ] 🧩 Model added for round 142 (8/8) from ['node_23']
[ 2026-03-29 19:41:55 | node | INFO ] 🧠 Aggregation complete. Setting new model.
[ 2026-03-29 19:41:55 | node_22 | INFO ] 🧠 Aggregation complete. Setting new model.
[ 2026-03-29 19:41:55 | node_29 | INFO ] 🧠 Aggregation complete. Setting new model.
[ 2026-03-29 19:41:55 | node_8 | INFO ] 🧠 Aggregation complete. Setting new model.
[ 2026-03-29 19:41:55 | node_19 | INFO ] 🧠 Aggregation complete. Setting new model.
[ 2026-03-29 19:41:55 | node_23 | INFO ] 🧩 Model added for round 142 (12/13) from ['node_9']
[ 2026-03-29 19:41:55 | node_29 | INFO ] 🗣️ Gossiping aggregated model.
[ 2026-03-29 19:41:55 | node | INFO ] 🗣️ Gossiping aggregated model.
[ 2026-03-29 19:41:56 | node_22 | INFO ] 🗣️ Gossiping aggregated model.
[ 2026-03-29 19:41:56 | node_19 | INFO ] 🗣️ Gossiping aggregated model.
[ 2026-03-29 19:41:56 | node_8 | INFO ] 🗣️ Gossiping aggregated model.
[ 2026-03-29 19:41:56 | node_11 | INFO ] 🧩 Model added for round 142 (7/7) from ['node_44']
[ 2026-03-29 19:41:56 | node_33 | INFO ] 🧩 Model added for round 142 (8/9) from ['node_23']
[ 2026-03-29 19:41:56 | node_28 | INFO ] 🧩 Model added for round 142 (7/7) from ['node_34']
[ 2026-03-29 19:41:56 | node_31 | INFO ] 🧩 Model added for round 142 (8/8) from ['node_41']
[ 2026-03-29 19:41:57 | node_1 | INFO ] 🧩 Model added for round 142 (9/9) from ['node_26']
[ 2026-03-29 19:41:57 | node_24 | INFO ] 🧩 Model added for round 142 (8/8) from ['node_9']
[ 2026-03-29 19:41:58 | node_33 | INFO ] 🧩 Model added for round 142 (9/9) from ['node_34']
[ 2026-03-29 19:41:58 | node_35 | INFO ] 🧩 Model added for round 142 (11/11) from ['node_23']
[ 2026-03-29 19:41:58 | node_15 | INFO ] 🧩 Model added for round 142 (9/9) from ['node_44']
[ 2026-03-29 19:41:58 | node_32 | INFO ] 🧩 Model added for round 142 (9/9) from ['node_41']
[ 2026-03-29 19:41:58 | node_12 | INFO ] 🧩 Model added for round 142 (6/6) from ['node_26']
[ 2026-03-29 19:41:58 | node_25 | INFO ] 🧩 Model added for round 142 (8/8) from ['node_9']
[ 2026-03-29 19:42:00 | node_42 | INFO ] 🧩 Model added for round 142 (8/9) from ['node_23']
[ 2026-03-29 19:42:00 | node_43 | INFO ] 🧩 Model added for round 142 (7/8) from ['node_34']
[ 2026-03-29 19:42:00 | node_42 | INFO ] 🧩 Model added for round 142 (9/9) from ['node_41']
[ 2026-03-29 19:42:00 | node_13 | INFO ] 🧩 Model added for round 142 (6/6) from ['node_26']
[ 2026-03-29 19:42:00 | node_26 | INFO ] 🧩 Model added for round 142 (10/10) from ['node_44']
[ 2026-03-29 19:42:01 | node_36 | INFO ] 🧩 Model added for round 142 (8/8) from ['node_9']
[ 2026-03-29 19:42:02 | node_43 | INFO ] 🧩 Model added for round 142 (8/8) from ['node_23']
[ 2026-03-29 19:42:02 | node_17 | INFO ] 🧩 Model added for round 142 (6/6) from ['node_26']
[ 2026-03-29 19:42:02 | node_44 | INFO ] 🧩 Model added for round 142 (8/9) from ['node_34']
[ 2026-03-29 19:42:02 | node_46 | INFO ] 🧩 Model added for round 142 (6/7) from ['node_41']
[ 2026-03-29 19:42:02 | node_30 | INFO ] 🧩 Model added for round 142 (10/10) from ['node_44']
[ 2026-03-29 19:42:03 | node_37 | INFO ] 🧩 Model added for round 142 (11/11) from ['node_9']
[ 2026-03-29 19:42:03 | node_28 | INFO ] 🧠 Aggregation complete. Setting new model.
[ 2026-03-29 19:42:03 | node_11 | INFO ] 🧠 Aggregation complete. Setting new model.
[ 2026-03-29 19:42:03 | node_28 | INFO ] 🗣️ Gossiping aggregated model.
[ 2026-03-29 19:42:04 | node_12 | INFO ] 🧠 Aggregation complete. Setting new model.
[ 2026-03-29 19:42:04 | node_24 | INFO ] 🧠 Aggregation complete. Setting new model.
[ 2026-03-29 19:42:04 | node_45 | INFO ] 🧩 Model added for round 142 (12/12) from ['node_23']
[ 2026-03-29 19:42:04 | node_23 | INFO ] 🧩 Model added for round 142 (13/13) from ['node_26']
[ 2026-03-29 19:42:04 | node_31 | INFO ] 🧠 Aggregation complete. Setting new model.
[ 2026-03-29 19:42:04 | node_34 | INFO ] 🧩 Model added for round 142 (9/10) from ['node_44']
[ 2026-03-29 19:42:04 | node_11 | INFO ] 🗣️ Gossiping aggregated model.
[ 2026-03-29 19:42:04 | node_12 | INFO ] 🗣️ Gossiping aggregated model.
[ 2026-03-29 19:42:05 | node_1 | INFO ] 🧠 Aggregation complete. Setting new model.
[ 2026-03-29 19:42:05 | node_24 | INFO ] 🗣️ Gossiping aggregated model.
[ 2026-03-29 19:42:05 | node_33 | INFO ] 🧠 Aggregation complete. Setting new model.
[ 2026-03-29 19:42:05 | node_31 | INFO ] 🗣️ Gossiping aggregated model.
[ 2026-03-29 19:42:05 | node_40 | INFO ] 🧩 Model added for round 142 (10/11) from ['node_9']
[ 2026-03-29 19:42:05 | node_25 | INFO ] 🧠 Aggregation complete. Setting new model.
[ 2026-03-29 19:42:05 | node_15 | INFO ] 🧠 Aggregation complete. Setting new model.
[ 2026-03-29 19:42:05 | node_32 | INFO ] 🧠 Aggregation complete. Setting new model.
[ 2026-03-29 19:42:05 | node_13 | INFO ] 🧠 Aggregation complete. Setting new model.
[ 2026-03-29 19:42:06 | node_1 | INFO ] 🗣️ Gossiping aggregated model.
[ 2026-03-29 19:42:06 | node_35 | INFO ] 🧠 Aggregation complete. Setting new model.
[ 2026-03-29 19:42:06 | node_25 | INFO ] 🗣️ Gossiping aggregated model.
[ 2026-03-29 19:42:06 | node_33 | INFO ] 🗣️ Gossiping aggregated model.
[ 2026-03-29 19:42:06 | node_15 | INFO ] 🗣️ Gossiping aggregated model.
[ 2026-03-29 19:42:06 | node_43 | INFO ] 🧠 Aggregation complete. Setting new model.
[ 2026-03-29 19:42:06 | node_40 | INFO ] 🧩 Model added for round 142 (11/11) from ['node_44']
[ 2026-03-29 19:42:06 | node_13 | INFO ] 🗣️ Gossiping aggregated model.
[ 2026-03-29 19:42:06 | node_48 | INFO ] 🧩 Model added for round 142 (11/11) from ['node_23']
[ 2026-03-29 19:42:06 | node_32 | INFO ] 🗣️ Gossiping aggregated model.
[ 2026-03-29 19:42:06 | node_34 | INFO ] 🧩 Model added for round 142 (10/10) from ['node_26']
[ 2026-03-29 19:42:07 | node_42 | INFO ] 🧠 Aggregation complete. Setting new model.
[ 2026-03-29 19:42:07 | node_36 | INFO ] 🧠 Aggregation complete. Setting new model.
[ 2026-03-29 19:42:07 | node_17 | INFO ] 🧠 Aggregation complete. Setting new model.
[ 2026-03-29 19:42:07 | node_35 | INFO ] 🗣️ Gossiping aggregated model.
[ 2026-03-29 19:42:07 | node_43 | INFO ] 🗣️ Gossiping aggregated model.
[ 2026-03-29 19:42:07 | node_47 | INFO ] 🧩 Model added for round 142 (12/12) from ['node_9']
[ 2026-03-29 19:42:08 | node_17 | INFO ] 🗣️ Gossiping aggregated model.
[ 2026-03-29 19:42:08 | node_30 | INFO ] 🧠 Aggregation complete. Setting new model.
[ 2026-03-29 19:42:08 | node_37 | INFO ] 🧠 Aggregation complete. Setting new model.
[ 2026-03-29 19:42:08 | node_36 | INFO ] 🗣️ Gossiping aggregated model.
[ 2026-03-29 19:42:08 | node_42 | INFO ] 🗣️ Gossiping aggregated model.
[ 2026-03-29 19:42:09 | node_46 | INFO ] 🧩 Model added for round 142 (7/7) from ['node_44']
[ 2026-03-29 19:42:09 | node_40 | INFO ] 🧠 Aggregation complete. Setting new model.
[ 2026-03-29 19:42:09 | node_41 | INFO ] 🧩 Model added for round 142 (9/9) from ['node_26']
[ 2026-03-29 19:42:09 | node_34 | INFO ] 🧠 Aggregation complete. Setting new model.
[ 2026-03-29 19:42:09 | node_49 | INFO ] 🤫 Gossip finished.
[ 2026-03-29 19:42:09 | node_49 | INFO ] 🔬 Evaluating...
[ 2026-03-29 19:42:09 | node_30 | INFO ] 🗣️ Gossiping aggregated model.
[ 2026-03-29 19:42:09 | node_37 | INFO ] 🗣️ Gossiping aggregated model.
[ 2026-03-29 19:42:10 | node_34 | INFO ] 🗣️ Gossiping aggregated model.
[ 2026-03-29 19:42:10 | node_23 | INFO ] 🧠 Aggregation complete. Setting new model.
[ 2026-03-29 19:42:10 | node_45 | INFO ] 🧠 Aggregation complete. Setting new model.
[ 2026-03-29 19:42:10 | node_40 | INFO ] 🗣️ Gossiping aggregated model.
[ 2026-03-29 19:42:10 | node_48 | INFO ] 🧠 Aggregation complete. Setting new model.
[ 2026-03-29 19:42:10 | node_47 | INFO ] 🧠 Aggregation complete. Setting new model.
[ 2026-03-29 19:42:10 | node_44 | INFO ] 🧩 Model added for round 142 (9/9) from ['node_26']
[ 2026-03-29 19:42:11 | node_16 | INFO ] 🤫 Gossip finished.
[ 2026-03-29 19:42:11 | node_21 | INFO ] 🤫 Gossip finished.
[ 2026-03-29 19:42:11 | node_21 | INFO ] 🔬 Evaluating...
[ 2026-03-29 19:42:11 | node_16 | INFO ] 🔬 Evaluating...
[ 2026-03-29 19:42:11 | node_49 | INFO ] 📈 Evaluated. Results: {'test_loss': 0.004487312864512205, 'test_accuracy': 0.9918121099472046, 'test_precision': 0.259040504693985, 'test_recall': 0.5359246730804443, 'test_f1': 0.3445875942707062, 'communication_cost': 5831264}
[ 2026-03-29 19:42:11 | node_45 | INFO ] 🗣️ Gossiping aggregated model.
[ 2026-03-29 19:42:11 | node_33 | INFO ] 🤫 Gossip finished.
[ 2026-03-29 19:42:11 | node_28 | INFO ] 🤫 Gossip finished.
[ 2026-03-29 19:42:11 | node_49 | INFO ] 📢 Broadcasting metrics.
[ 2026-03-29 19:42:11 | node_33 | INFO ] 🔬 Evaluating...
[ 2026-03-29 19:42:11 | node_47 | INFO ] 🗣️ Gossiping aggregated model.
[ 2026-03-29 19:42:11 | node_48 | INFO ] 🗣️ Gossiping aggregated model.
[ 2026-03-29 19:42:11 | node_28 | INFO ] 🔬 Evaluating...
[ 2026-03-29 19:42:11 | node_5 | INFO ] 🤫 Gossip finished.
[ 2026-03-29 19:42:11 | node_5 | INFO ] 🔬 Evaluating...
[ 2026-03-29 19:42:11 | node_6 | INFO ] 🤫 Gossip finished.
[ 2026-03-29 19:42:11 | node_3 | INFO ] 🤫 Gossip finished.
[ 2026-03-29 19:42:11 | node_3 | INFO ] 🔬 Evaluating...
[ 2026-03-29 19:42:11 | node_6 | INFO ] 🔬 Evaluating...
[ 2026-03-29 19:42:12 | node_23 | INFO ] 🗣️ Gossiping aggregated model.
[ 2026-03-29 19:42:12 | node_20 | INFO ] 🤫 Gossip finished.
[ 2026-03-29 19:42:12 | node_20 | INFO ] 🔬 Evaluating...
[ 2026-03-29 19:42:12 | node_38 | INFO ] 🤫 Gossip finished.
[ 2026-03-29 19:42:12 | node_35 | INFO ] 🤫 Gossip finished.
[ 2026-03-29 19:42:12 | node_38 | INFO ] 🔬 Evaluating...
[ 2026-03-29 19:42:12 | node_35 | INFO ] 🔬 Evaluating...
[ 2026-03-29 19:42:12 | node_46 | INFO ] 🧠 Aggregation complete. Setting new model.
[ 2026-03-29 19:42:12 | node_29 | INFO ] 🤫 Gossip finished.
[ 2026-03-29 19:42:13 | node_41 | INFO ] 🧠 Aggregation complete. Setting new model.
[ 2026-03-29 19:42:13 | node_44 | INFO ] 🧠 Aggregation complete. Setting new model.
[ 2026-03-29 19:42:13 | node_9 | INFO ] 🧠 Aggregation complete. Setting new model.
[ 2026-03-29 19:42:13 | node_26 | INFO ] 🧠 Aggregation complete. Setting new model.
[ 2026-03-29 19:42:13 | node_27 | INFO ] 🤫 Gossip finished.
[ 2026-03-29 19:42:13 | node_29 | INFO ] 🔬 Evaluating...
[ 2026-03-29 19:42:13 | node_45 | INFO ] 🤫 Gossip finished.
[ 2026-03-29 19:42:13 | node_27 | INFO ] 🔬 Evaluating...
[ 2026-03-29 19:42:13 | node_8 | INFO ] 🤫 Gossip finished.
[ 2026-03-29 19:42:13 | node_45 | INFO ] 🔬 Evaluating...
[ 2026-03-29 19:42:13 | node_8 | INFO ] 🔬 Evaluating...
[ 2026-03-29 19:42:13 | node_48 | INFO ] 🤫 Gossip finished.
[ 2026-03-29 19:42:13 | node_46 | INFO ] 🗣️ Gossiping aggregated model.
[ 2026-03-29 19:42:13 | node_21 | INFO ] 📈 Evaluated. Results: {'test_loss': 0.002510067541152239, 'test_accuracy': 0.993971586227417, 'test_precision': 0.32819312810897827, 'test_recall': 0.7191388607025146, 'test_f1': 0.43861621618270874, 'communication_cost': 7289080}
[ 2026-03-29 19:42:13 | node_48 | INFO ] 🔬 Evaluating...
[ 2026-03-29 19:42:13 | node_3 | INFO ] 📈 Evaluated. Results: {'test_loss': 0.0029431283473968506, 'test_accuracy': 0.9920827746391296, 'test_precision': 0.23973695933818817, 'test_recall': 0.7378017902374268, 'test_f1': 0.35341742634773254, 'communication_cost': 3644540}
[ 2026-03-29 19:42:13 | node_11 | INFO ] 🤫 Gossip finished.
[ 2026-03-29 19:42:13 | node_21 | INFO ] 📢 Broadcasting metrics.
[ 2026-03-29 19:42:13 | node_11 | INFO ] 🔬 Evaluating...
[ 2026-03-29 19:42:14 | node_36 | INFO ] 🤫 Gossip finished.
[ 2026-03-29 19:42:14 | node_41 | INFO ] 🗣️ Gossiping aggregated model.
[ 2026-03-29 19:42:14 | node_24 | INFO ] 🤫 Gossip finished.
[ 2026-03-29 19:42:14 | node_44 | INFO ] 🗣️ Gossiping aggregated model.
[ 2026-03-29 19:42:14 | node_28 | INFO ] 📈 Evaluated. Results: {'test_loss': 0.0044933645986020565, 'test_accuracy': 0.9885729551315308, 'test_precision': 0.15428060293197632, 'test_recall': 0.5378990173339844, 'test_f1': 0.23500363528728485, 'communication_cost': 4373448}
[ 2026-03-29 19:42:14 | node_30 | INFO ] 🤫 Gossip finished.
[ 2026-03-29 19:42:14 | node_6 | INFO ] 📈 Evaluated. Results: {'test_loss': 0.004300644621253014, 'test_accuracy': 0.9925326108932495, 'test_precision': 0.2673321068286896, 'test_recall': 0.48725345730781555, 'test_f1': 0.34016647934913635, 'communication_cost': 4373448}
[ 2026-03-29 19:42:14 | node_24 | INFO ] 🔬 Evaluating...
[ 2026-03-29 19:42:14 | node_5 | INFO ] 📈 Evaluated. Results: {'test_loss': 0.0025776673574000597, 'test_accuracy': 0.9930724501609802, 'test_precision': 0.3344082534313202, 'test_recall': 0.7815625071525574, 'test_f1': 0.4574872851371765, 'communication_cost': 2915632}
[ 2026-03-29 19:42:14 | node_36 | INFO ] 🔬 Evaluating...
[ 2026-03-29 19:42:14 | node_14 | INFO ] ⏹️  Gossiping exited for 10 equal rounds.
[ 2026-03-29 19:42:14 | node_16 | INFO ] 📈 Evaluated. Results: {'test_loss': 0.005573792848736048, 'test_accuracy': 0.9904633164405823, 'test_precision': 0.29604190587997437, 'test_recall': 0.5571931600570679, 'test_f1': 0.37860143184661865, 'communication_cost': 5102356}
[ 2026-03-29 19:42:14 | node_30 | INFO ] 🔬 Evaluating...
[ 2026-03-29 19:42:14 | node_3 | INFO ] 📢 Broadcasting metrics.
[ 2026-03-29 19:42:14 | node_38 | INFO ] 📈 Evaluated. Results: {'test_loss': 0.0038078881334513426, 'test_accuracy': 0.9900125861167908, 'test_precision': 0.20077677071094513, 'test_recall': 0.5844177603721619, 'test_f1': 0.29559043049812317, 'communication_cost': 7289080}
[ 2026-03-29 19:42:14 | node_9 | INFO ] 🗣️ Gossiping aggregated model.
[ 2026-03-29 19:42:14 | node_26 | INFO ] 🗣️ Gossiping aggregated model.
[ 2026-03-29 19:42:14 | node_9 | INFO ] 🤫 Gossip finished.
[ 2026-03-29 19:42:14 | node_35 | INFO ] 📈 Evaluated. Results: {'test_loss': 0.002869464922696352, 'test_accuracy': 0.9910023212432861, 'test_precision': 0.25023311376571655, 'test_recall': 0.7269659638404846, 'test_f1': 0.368239164352417, 'communication_cost': 7289080}
[ 2026-03-29 19:42:14 | node_14 | INFO ] 🔬 Evaluating...
[ 2026-03-29 19:42:14 | node_33 | INFO ] 📈 Evaluated. Results: {'test_loss': 0.004892341792583466, 'test_accuracy': 0.9923520088195801, 'test_precision': 0.2920444905757904, 'test_recall': 0.5554905533790588, 'test_f1': 0.373515784740448, 'communication_cost': 5831264}
[ 2026-03-29 19:42:14 | node_9 | INFO ] 🔬 Evaluating...
[ 2026-03-29 19:42:14 | node_28 | INFO ] 📢 Broadcasting metrics.
[ 2026-03-29 19:42:14 | node_20 | INFO ] 📈 Evaluated. Results: {'test_loss': 0.003048570826649666, 'test_accuracy': 0.9913622736930847, 'test_precision': 0.25393304228782654, 'test_recall': 0.7081427574157715, 'test_f1': 0.36754727363586426, 'communication_cost': 6560172}
[ 2026-03-29 19:42:14 | node_13 | INFO ] 🤫 Gossip finished.
[ 2026-03-29 19:42:14 | node_12 | INFO ] 🤫 Gossip finished.
[ 2026-03-29 19:42:14 | node_12 | INFO ] 🔬 Evaluating...
[ 2026-03-29 19:42:14 | node_13 | INFO ] 🔬 Evaluating...
[ 2026-03-29 19:42:14 | node_25 | INFO ] 🤫 Gossip finished.
[ 2026-03-29 19:42:14 | node_5 | INFO ] 📢 Broadcasting metrics.
[ 2026-03-29 19:42:14 | node_8 | INFO ] 📈 Evaluated. Results: {'test_loss': 0.0047360011376440525, 'test_accuracy': 0.9911831021308899, 'test_precision': 0.31433621048927307, 'test_recall': 0.7069460153579712, 'test_f1': 0.4181762635707855, 'communication_cost': 8017988}
[ 2026-03-29 19:42:14 | node_29 | INFO ] 📈 Evaluated. Results: {'test_loss': 0.004782894626259804, 'test_accuracy': 0.9907324314117432, 'test_precision': 0.20220763981342316, 'test_recall': 0.47919201850891113, 'test_f1': 0.2825934588909149, 'communication_cost': 5102356}
[ 2026-03-29 19:42:14 | node_25 | INFO ] 🔬 Evaluating...
[ 2026-03-29 19:42:15 | node_48 | INFO ] 📈 Evaluated. Results: {'test_loss': 0.002728475024923682, 'test_accuracy': 0.9933417439460754, 'test_precision': 0.36947327852249146, 'test_recall': 0.733348548412323, 'test_f1': 0.46692290902137756, 'communication_cost': 7289080}
[ 2026-03-29 19:42:15 | node_45 | INFO ] 📈 Evaluated. Results: {'test_loss': 0.0032144696451723576, 'test_accuracy': 0.9905524849891663, 'test_precision': 0.2583175599575043, 'test_recall': 0.7361795902252197, 'test_f1': 0.3807249367237091, 'communication_cost': 8017988}
[ 2026-03-29 19:42:15 | node_6 | INFO ] 📢 Broadcasting metrics.
[ 2026-03-29 19:42:15 | node_22 | INFO ] 🤫 Gossip finished.
[ 2026-03-29 19:42:15 | node_49 | INFO ] 🎉 Round 143 of 150 finished.
[ 2026-03-29 19:42:15 | node_49 | INFO ] 🗳️ [DETERMINISTIC] Train set assigned (No Voting). Size: 50
[ 2026-03-29 19:42:15 | node_22 | INFO ] 🔬 Evaluating...
[ 2026-03-29 19:42:15 | node_23 | INFO ] 🤫 Gossip finished.
[ 2026-03-29 19:42:15 | node_15 | INFO ] 🤫 Gossip finished.
[ 2026-03-29 19:42:15 | node_31 | INFO ] 🤫 Gossip finished.
[ 2026-03-29 19:42:15 | node_23 | INFO ] 🔬 Evaluating...
[ 2026-03-29 19:42:15 | node_15 | INFO ] 🔬 Evaluating...
[ 2026-03-29 19:42:15 | node_34 | INFO ] 🤫 Gossip finished.
[ 2026-03-29 19:42:15 | node_31 | INFO ] 🔬 Evaluating...
[ 2026-03-29 19:42:15 | node_34 | INFO ] 🔬 Evaluating...
[ 2026-03-29 19:42:15 | node_16 | INFO ] 📢 Broadcasting metrics.
[ 2026-03-29 19:42:15 | node_49 | INFO ] 🏋️‍♀️ Preparing training...
[ 2026-03-29 19:42:15 | node_38 | INFO ] 📢 Broadcasting metrics.
[ 2026-03-29 19:42:15 | node_42 | INFO ] 🤫 Gossip finished.
[ 2026-03-29 19:42:16 | node_42 | INFO ] 🔬 Evaluating...
[ 2026-03-29 19:42:16 | node_35 | INFO ] 📢 Broadcasting metrics.
[ 2026-03-29 19:42:16 | node_33 | INFO ] 📢 Broadcasting metrics.
[ 2026-03-29 19:42:16 | node_20 | INFO ] 📢 Broadcasting metrics.
[ 2026-03-29 19:42:16 | node_8 | INFO ] 📢 Broadcasting metrics.
[ 2026-03-29 19:42:16 | node_29 | INFO ] 📢 Broadcasting metrics.
[ 2026-03-29 19:42:16 | node_48 | INFO ] 📢 Broadcasting metrics.
[ 2026-03-29 19:42:16 | node_45 | INFO ] 📢 Broadcasting metrics.
[ 2026-03-29 19:42:16 | node_17 | INFO ] 🤫 Gossip finished.
[ 2026-03-29 19:42:16 | node_3 | INFO ] 🎉 Round 143 of 150 finished.
[ 2026-03-29 19:42:16 | node_17 | INFO ] 🔬 Evaluating...
[ 2026-03-29 19:42:16 | node_46 | INFO ] 🤫 Gossip finished.
[ 2026-03-29 19:42:16 | node_24 | INFO ] 📈 Evaluated. Results: {'test_loss': 0.004749557469040155, 'test_accuracy': 0.9908223748207092, 'test_precision': 0.19458504021167755, 'test_recall': 0.5288568139076233, 'test_f1': 0.28333780169487, 'communication_cost': 5102356}
[ 2026-03-29 19:42:16 | node_3 | INFO ] 🗳️ [DETERMINISTIC] Train set assigned (No Voting). Size: 50
[ 2026-03-29 19:42:16 | node_46 | INFO ] 🔬 Evaluating...
[ 2026-03-29 19:42:16 | node_24 | INFO ] 📢 Broadcasting metrics.
[ 2026-03-29 19:42:16 | node_3 | INFO ] 🏋️‍♀️ Preparing training...
[ 2026-03-29 19:42:16 | node_27 | INFO ] 📈 Evaluated. Results: {'test_loss': 0.003284149570390582, 'test_accuracy': 0.9908223748207092, 'test_precision': 0.21055559813976288, 'test_recall': 0.6316229104995728, 'test_f1': 0.313035786151886, 'communication_cost': 2915632}
[ 2026-03-29 19:42:16 | node_36 | INFO ] 📈 Evaluated. Results: {'test_loss': 0.003331125248223543, 'test_accuracy': 0.9919920563697815, 'test_precision': 0.3045927584171295, 'test_recall': 0.6442775130271912, 'test_f1': 0.40457046031951904, 'communication_cost': 5102356}
[ 2026-03-29 19:42:16 | node_27 | INFO ] 📢 Broadcasting metrics.
[ 2026-03-29 19:42:16 | node_36 | INFO ] 📢 Broadcasting metrics.
[ 2026-03-29 19:42:17 | node_5 | INFO ] 🎉 Round 143 of 150 finished.
[ 2026-03-29 19:42:17 | node_5 | INFO ] 🗳️ [DETERMINISTIC] Train set assigned (No Voting). Size: 50
[ 2026-03-29 19:42:17 | node_11 | INFO ] 📈 Evaluated. Results: {'test_loss': 0.0028374232351779938, 'test_accuracy': 0.9917228817939758, 'test_precision': 0.34324270486831665, 'test_recall': 0.8126736283302307, 'test_f1': 0.47614604234695435, 'communication_cost': 4373448}
[ 2026-03-29 19:42:17 | node_12 | INFO ] 📈 Evaluated. Results: {'test_loss': 0.0030333222821354866, 'test_accuracy': 0.9926225543022156, 'test_precision': 0.21995581686496735, 'test_recall': 0.6212042570114136, 'test_f1': 0.31533312797546387, 'communication_cost': 3644540}
[ 2026-03-29 19:42:17 | node_5 | INFO ] 🏋️‍♀️ Preparing training...
[ 2026-03-29 19:42:17 | node_30 | INFO ] 📈 Evaluated. Results: {'test_loss': 0.005582361947745085, 'test_accuracy': 0.9901025891304016, 'test_precision': 0.23266898095607758, 'test_recall': 0.5151923894882202, 'test_f1': 0.307705283164978, 'communication_cost': 6560172}
[ 2026-03-29 19:42:17 | node_11 | INFO ] 📢 Broadcasting metrics.
[ 2026-03-29 19:42:17 | node_2 | INFO ] ⏹️  Gossiping exited for 10 equal rounds.
[ 2026-03-29 19:42:17 | node_39 | INFO ] ⏹️  Gossiping exited for 10 equal rounds.
[ 2026-03-29 19:42:17 | node_12 | INFO ] 📢 Broadcasting metrics.
[ 2026-03-29 19:42:17 | node_13 | INFO ] 📈 Evaluated. Results: {'test_loss': 0.004996377043426037, 'test_accuracy': 0.9905533194541931, 'test_precision': 0.2426355481147766, 'test_recall': 0.594760000705719, 'test_f1': 0.3366295099258423, 'communication_cost': 3644540}
[ 2026-03-29 19:42:17 | node_30 | INFO ] 📢 Broadcasting metrics.
[ 2026-03-29 19:42:17 | node_9 | INFO ] 📈 Evaluated. Results: {'test_loss': 0.0027473033405840397, 'test_accuracy': 0.991093099117279, 'test_precision': 0.24566103518009186, 'test_recall': 0.7495733499526978, 'test_f1': 0.3650420010089874, 'communication_cost': 8017988}
[ 2026-03-29 19:42:17 | node_13 | INFO ] 📢 Broadcasting metrics.
[ 2026-03-29 19:42:17 | node_2 | INFO ] 🔬 Evaluating...
[ 2026-03-29 19:42:17 | node_39 | INFO ] 🔬 Evaluating...
[ 2026-03-29 19:42:17 | node_9 | INFO ] 📢 Broadcasting metrics.
[ 2026-03-29 19:42:17 | node_34 | INFO ] 📈 Evaluated. Results: {'test_loss': 0.0029947443399578333, 'test_accuracy': 0.991092324256897, 'test_precision': 0.24875767529010773, 'test_recall': 0.7074126601219177, 'test_f1': 0.36202895641326904, 'communication_cost': 6560172}
[ 2026-03-29 19:42:17 | node_14 | INFO ] 📈 Evaluated. Results: {'test_loss': 0.0033829582389444113, 'test_accuracy': 0.9919028282165527, 'test_precision': 0.32797226309776306, 'test_recall': 0.716796875, 'test_f1': 0.4237632751464844, 'communication_cost': 4373448}
[ 2026-03-29 19:42:17 | node_25 | INFO ] 📈 Evaluated. Results: {'test_loss': 0.003732228884473443, 'test_accuracy': 0.9934316873550415, 'test_precision': 0.33123236894607544, 'test_recall': 0.61478191614151, 'test_f1': 0.4215913712978363, 'communication_cost': 5102356}
[ 2026-03-29 19:42:17 | node_28 | INFO ] 🎉 Round 143 of 150 finished.
[ 2026-03-29 19:42:17 | node_22 | INFO ] 📈 Evaluated. Results: {'test_loss': 0.003534730989485979, 'test_accuracy': 0.9902825355529785, 'test_precision': 0.18759065866470337, 'test_recall': 0.5518115758895874, 'test_f1': 0.26958611607551575, 'communication_cost': 5831264}
[ 2026-03-29 19:42:17 | node_34 | INFO ] 📢 Broadcasting metrics.
[ 2026-03-29 19:42:17 | node_28 | INFO ] 🗳️ [DETERMINISTIC] Train set assigned (No Voting). Size: 50
[ 2026-03-29 19:42:18 | node_15 | INFO ] 📈 Evaluated. Results: {'test_loss': 0.0036935745738446712, 'test_accuracy': 0.9891138076782227, 'test_precision': 0.2573634386062622, 'test_recall': 0.7298782467842102, 'test_f1': 0.36727458238601685, 'communication_cost': 5831264}
[ 2026-03-29 19:42:18 | node_23 | INFO ] 📈 Evaluated. Results: {'test_loss': 0.005196595564484596, 'test_accuracy': 0.9914522171020508, 'test_precision': 0.27128657698631287, 'test_recall': 0.5767572522163391, 'test_f1': 0.3664931058883667, 'communication_cost': 8746896}
[ 2026-03-29 19:42:18 | node_31 | INFO ] 📈 Evaluated. Results: {'test_loss': 0.0041440874338150024, 'test_accuracy': 0.991092324256897, 'test_precision': 0.26459622383117676, 'test_recall': 0.6633642911911011, 'test_f1': 0.3732353150844574, 'communication_cost': 5102356}
[ 2026-03-29 19:42:18 | node_28 | INFO ] 🏋️‍♀️ Preparing training...
[ 2026-03-29 19:42:18 | node_42 | INFO ] 📈 Evaluated. Results: {'test_loss': 0.0036144526675343513, 'test_accuracy': 0.9901925325393677, 'test_precision': 0.22434942424297333, 'test_recall': 0.6495639681816101, 'test_f1': 0.32646605372428894, 'communication_cost': 5831264}
[ 2026-03-29 19:42:18 | node_17 | INFO ] 📈 Evaluated. Results: {'test_loss': 0.00400072056800127, 'test_accuracy': 0.9917228817939758, 'test_precision': 0.2617773711681366, 'test_recall': 0.5945647954940796, 'test_f1': 0.3593924045562744, 'communication_cost': 3644540}
[ 2026-03-29 19:42:18 | node_25 | INFO ] 📢 Broadcasting metrics.
[ 2026-03-29 19:42:18 | node_46 | INFO ] 📈 Evaluated. Results: {'test_loss': 0.0029219756834208965, 'test_accuracy': 0.9941515326499939, 'test_precision': 0.33771100640296936, 'test_recall': 0.7055510878562927, 'test_f1': 0.4523427188396454, 'communication_cost': 4373448}
[ 2026-03-29 19:42:18 | node_10 | INFO ] ⏹️  Gossiping exited for 10 equal rounds.
[ 2026-03-29 19:42:18 | node_10 | INFO ] 🔬 Evaluating...
[ 2026-03-29 19:42:18 | node_14 | INFO ] 📢 Broadcasting metrics.
[ 2026-03-29 19:42:18 | node_6 | INFO ] 🎉 Round 143 of 150 finished.
[ 2026-03-29 19:42:18 | node_22 | INFO ] 📢 Broadcasting metrics.
[ 2026-03-29 19:42:18 | node_2 | INFO ] 📈 Evaluated. Results: {'test_loss': 0.004843825940042734, 'test_accuracy': 0.9927125573158264, 'test_precision': 0.24886859953403473, 'test_recall': 0.507457971572876, 'test_f1': 0.33088448643684387, 'communication_cost': 5831264}
[ 2026-03-29 19:42:18 | node_6 | INFO ] 🗳️ [DETERMINISTIC] Train set assigned (No Voting). Size: 50
[ 2026-03-29 19:42:18 | node_39 | INFO ] 📈 Evaluated. Results: {'test_loss': 0.003505582455545664, 'test_accuracy': 0.992621898651123, 'test_precision': 0.26434576511383057, 'test_recall': 0.6211605668067932, 'test_f1': 0.3588923513889313, 'communication_cost': 6560172}
[ 2026-03-29 19:42:18 | node_6 | INFO ] 🏋️‍♀️ Preparing training...
[ 2026-03-29 19:42:19 | node_15 | INFO ] 📢 Broadcasting metrics.
[ 2026-03-29 19:42:19 | node_49 | INFO ] 🎓 Training step done.
[ 2026-03-29 19:42:19 | node_42 | INFO ] 📢 Broadcasting metrics.
[ 2026-03-29 19:42:19 | node_23 | INFO ] 📢 Broadcasting metrics.
[ 2026-03-29 19:42:19 | node_49 | INFO ] 🛠️ Calling force_add_local_model...
[ 2026-03-29 19:42:19 | node_31 | INFO ] 📢 Broadcasting metrics.
[ 2026-03-29 19:42:19 | node_17 | INFO ] 📢 Broadcasting metrics.
[ 2026-03-29 19:42:19 | node_49 | INFO ] ✅ [FORCE] Local model added for round 143. (1/9)
[ 2026-03-29 19:42:19 | node_46 | INFO ] 📢 Broadcasting metrics.
[ 2026-03-29 19:42:19 | node_39 | INFO ] 📢 Broadcasting metrics.
[ 2026-03-29 19:42:19 | node_2 | INFO ] 📢 Broadcasting metrics.
[ 2026-03-29 19:42:19 | node_3 | INFO ] 🎓 Training step done.
[ 2026-03-29 19:42:19 | node_27 | INFO ] 🎉 Round 143 of 150 finished.
[ 2026-03-29 19:42:19 | node_3 | INFO ] 🛠️ Calling force_add_local_model...
[ 2026-03-29 19:42:19 | node_3 | INFO ] ✅ [FORCE] Local model added for round 143. (1/6)
[ 2026-03-29 19:42:19 | node_21 | INFO ] 🎉 Round 143 of 150 finished.
[ 2026-03-29 19:42:19 | node_27 | INFO ] 🗳️ [DETERMINISTIC] Train set assigned (No Voting). Size: 50
[ 2026-03-29 19:42:19 | node_16 | INFO ] 🎉 Round 143 of 150 finished.
[ 2026-03-29 19:42:19 | node_21 | INFO ] 🗳️ [DETERMINISTIC] Train set assigned (No Voting). Size: 50
[ 2026-03-29 19:42:19 | node_5 | INFO ] 🎓 Training step done.
[ 2026-03-29 19:42:19 | node_16 | INFO ] 🗳️ [DETERMINISTIC] Train set assigned (No Voting). Size: 50
[ 2026-03-29 19:42:19 | node_27 | INFO ] 🏋️‍♀️ Preparing training...
[ 2026-03-29 19:42:19 | node_5 | INFO ] 🛠️ Calling force_add_local_model...
[ 2026-03-29 19:42:20 | node_10 | INFO ] 📈 Evaluated. Results: {'test_loss': 0.003900632495060563, 'test_accuracy': 0.9903733730316162, 'test_precision': 0.20343711972236633, 'test_recall': 0.5830732583999634, 'test_f1': 0.29762178659439087, 'communication_cost': 5102356}
[ 2026-03-29 19:42:20 | node_29 | INFO ] 🎉 Round 143 of 150 finished.
[ 2026-03-29 19:42:20 | node_5 | INFO ] ✅ [FORCE] Local model added for round 143. (1/5)
[ 2026-03-29 19:42:20 | node_21 | INFO ] 🏋️‍♀️ Preparing training...
[ 2026-03-29 19:42:20 | node_10 | INFO ] 📢 Broadcasting metrics.
[ 2026-03-29 19:42:20 | node_29 | INFO ] 🗳️ [DETERMINISTIC] Train set assigned (No Voting). Size: 50
[ 2026-03-29 19:42:20 | node_16 | INFO ] 🏋️‍♀️ Preparing training...
[ 2026-03-29 19:42:20 | node_12 | INFO ] 🎉 Round 143 of 150 finished.
[ 2026-03-29 19:42:20 | node_29 | INFO ] 🏋️‍♀️ Preparing training...
[ 2026-03-29 19:42:20 | node_12 | INFO ] 🗳️ [DETERMINISTIC] Train set assigned (No Voting). Size: 50
[ 2026-03-29 19:42:20 | node_18 | INFO ] ⏹️  Gossiping exited for 10 equal rounds.
[ 2026-03-29 19:42:20 | node_12 | INFO ] 🏋️‍♀️ Preparing training...
[ 2026-03-29 19:42:20 | node_13 | INFO ] 🎉 Round 143 of 150 finished.
[ 2026-03-29 19:42:20 | node_18 | INFO ] 🔬 Evaluating...
[ 2026-03-29 19:42:21 | node_36 | INFO ] 🎉 Round 143 of 150 finished.
[ 2026-03-29 19:42:21 | node_11 | INFO ] 🎉 Round 143 of 150 finished.
[ 2026-03-29 19:42:21 | node_13 | INFO ] 🗳️ [DETERMINISTIC] Train set assigned (No Voting). Size: 50
[ 2026-03-29 19:42:21 | node_6 | INFO ] 🎓 Training step done.
[ 2026-03-29 19:42:21 | node_28 | INFO ] 🎓 Training step done.
[ 2026-03-29 19:42:21 | node_36 | INFO ] 🗳️ [DETERMINISTIC] Train set assigned (No Voting). Size: 50
[ 2026-03-29 19:42:21 | node_6 | INFO ] 🛠️ Calling force_add_local_model...
[ 2026-03-29 19:42:21 | node_11 | INFO ] 🗳️ [DETERMINISTIC] Train set assigned (No Voting). Size: 50
[ 2026-03-29 19:42:21 | node_28 | INFO ] 🛠️ Calling force_add_local_model...
[ 2026-03-29 19:42:21 | node_6 | INFO ] ✅ [FORCE] Local model added for round 143. (1/7)
[ 2026-03-29 19:42:21 | node_13 | INFO ] 🏋️‍♀️ Preparing training...
[ 2026-03-29 19:42:21 | node_28 | INFO ] ✅ [FORCE] Local model added for round 143. (1/7)
[ 2026-03-29 19:42:21 | node_36 | INFO ] 🏋️‍♀️ Preparing training...
[ 2026-03-29 19:42:21 | node_11 | INFO ] 🏋️‍♀️ Preparing training...
[ 2026-03-29 19:42:21 | node_33 | INFO ] 🎉 Round 143 of 150 finished.
[ 2026-03-29 19:42:21 | node_24 | INFO ] 🎉 Round 143 of 150 finished.
[ 2026-03-29 19:42:21 | node_33 | INFO ] 🗳️ [DETERMINISTIC] Train set assigned (No Voting). Size: 50
[ 2026-03-29 19:42:21 | node_24 | INFO ] 🗳️ [DETERMINISTIC] Train set assigned (No Voting). Size: 50
[ 2026-03-29 19:42:22 | node_33 | INFO ] 🏋️‍♀️ Preparing training...
[ 2026-03-29 19:42:22 | node_20 | INFO ] 🎉 Round 143 of 150 finished.
[ 2026-03-29 19:42:22 | node_24 | INFO ] 🏋️‍♀️ Preparing training...
[ 2026-03-29 19:42:22 | node_20 | INFO ] 🗳️ [DETERMINISTIC] Train set assigned (No Voting). Size: 50
[ 2026-03-29 19:42:22 | node_19 | INFO ] ⏹️  Gossiping exited for 10 equal rounds.
[ 2026-03-29 19:42:22 | node_18 | INFO ] 📈 Evaluated. Results: {'test_loss': 0.002335794735699892, 'test_accuracy': 0.9918128848075867, 'test_precision': 0.2166942059993744, 'test_recall': 0.7582502365112305, 'test_f1': 0.3274536728858948, 'communication_cost': 5831264}
[ 2026-03-29 19:42:22 | node_38 | INFO ] 🎉 Round 143 of 150 finished.
[ 2026-03-29 19:42:22 | node_35 | INFO ] 🎉 Round 143 of 150 finished.
[ 2026-03-29 19:42:22 | node_20 | INFO ] 🏋️‍♀️ Preparing training...
[ 2026-03-29 19:42:22 | node_18 | INFO ] 📢 Broadcasting metrics.
[ 2026-03-29 19:42:22 | node_19 | INFO ] 🔬 Evaluating...
[ 2026-03-29 19:42:22 | node_38 | INFO ] 🗳️ [DETERMINISTIC] Train set assigned (No Voting). Size: 50
[ 2026-03-29 19:42:22 | node_35 | INFO ] 🗳️ [DETERMINISTIC] Train set assigned (No Voting). Size: 50
[ 2026-03-29 19:42:22 | node_48 | INFO ] 🎉 Round 143 of 150 finished.
[ 2026-03-29 19:42:22 | node_48 | INFO ] 🗳️ [DETERMINISTIC] Train set assigned (No Voting). Size: 50
[ 2026-03-29 19:42:22 | node_25 | INFO ] 🎉 Round 143 of 150 finished.
[ 2026-03-29 19:42:22 | node_17 | INFO ] 🎉 Round 143 of 150 finished.
[ 2026-03-29 19:42:22 | node_25 | INFO ] 🗳️ [DETERMINISTIC] Train set assigned (No Voting). Size: 50
[ 2026-03-29 19:42:22 | node_35 | INFO ] 🏋️‍♀️ Preparing training...
[ 2026-03-29 19:42:22 | node_38 | INFO ] 🏋️‍♀️ Preparing training...
[ 2026-03-29 19:42:22 | node_27 | INFO ] 🎓 Training step done.
[ 2026-03-29 19:42:23 | node_27 | INFO ] 🛠️ Calling force_add_local_model...
[ 2026-03-29 19:42:23 | node_17 | INFO ] 🗳️ [DETERMINISTIC] Train set assigned (No Voting). Size: 50
[ 2026-03-29 19:42:23 | node_48 | INFO ] 🏋️‍♀️ Preparing training...
[ 2026-03-29 19:42:23 | node_14 | INFO ] 🎉 Round 143 of 150 finished.
[ 2026-03-29 19:42:23 | node_8 | INFO ] 🎉 Round 143 of 150 finished.
[ 2026-03-29 19:42:23 | node_27 | INFO ] ✅ [FORCE] Local model added for round 143. (1/5)
[ 2026-03-29 19:42:23 | node_25 | INFO ] 🏋️‍♀️ Preparing training...
[ 2026-03-29 19:42:23 | node_7 | INFO ] ⏹️  Gossiping exited for 10 equal rounds.
[ 2026-03-29 19:42:23 | node_14 | INFO ] 🗳️ [DETERMINISTIC] Train set assigned (No Voting). Size: 50
[ 2026-03-29 19:42:23 | node_8 | INFO ] 🗳️ [DETERMINISTIC] Train set assigned (No Voting). Size: 50
[ 2026-03-29 19:42:23 | node_17 | INFO ] 🏋️‍♀️ Preparing training...
[ 2026-03-29 19:42:23 | node_21 | INFO ] 🎓 Training step done.
[ 2026-03-29 19:42:23 | node_7 | INFO ] 🔬 Evaluating...
[ 2026-03-29 19:42:23 | node_45 | INFO ] 🎉 Round 143 of 150 finished.
[ 2026-03-29 19:42:23 | node_16 | INFO ] 🎓 Training step done.
[ 2026-03-29 19:42:23 | node_21 | INFO ] 🛠️ Calling force_add_local_model...
[ 2026-03-29 19:42:23 | node_8 | INFO ] 🏋️‍♀️ Preparing training...
[ 2026-03-29 19:42:23 | node_14 | INFO ] 🏋️‍♀️ Preparing training...
[ 2026-03-29 19:42:23 | node_30 | INFO ] 🎉 Round 143 of 150 finished.
[ 2026-03-29 19:42:23 | node_16 | INFO ] 🛠️ Calling force_add_local_model...
[ 2026-03-29 19:42:23 | node_46 | INFO ] 🎉 Round 143 of 150 finished.
[ 2026-03-29 19:42:23 | node_21 | INFO ] ✅ [FORCE] Local model added for round 143. (1/11)
[ 2026-03-29 19:42:23 | node_45 | INFO ] 🗳️ [DETERMINISTIC] Train set assigned (No Voting). Size: 50
[ 2026-03-29 19:42:23 | node_16 | INFO ] ✅ [FORCE] Local model added for round 143. (1/8)
[ 2026-03-29 19:42:23 | node_30 | INFO ] 🗳️ [DETERMINISTIC] Train set assigned (No Voting). Size: 50
[ 2026-03-29 19:42:23 | node_34 | INFO ] 🎉 Round 143 of 150 finished.
[ 2026-03-29 19:42:23 | node_46 | INFO ] 🗳️ [DETERMINISTIC] Train set assigned (No Voting). Size: 50
[ 2026-03-29 19:42:23 | node_34 | INFO ] 🗳️ [DETERMINISTIC] Train set assigned (No Voting). Size: 50
[ 2026-03-29 19:42:23 | node_29 | INFO ] 🎓 Training step done.
[ 2026-03-29 19:42:23 | node_45 | INFO ] 🏋️‍♀️ Preparing training...
[ 2026-03-29 19:42:24 | node_30 | INFO ] 🏋️‍♀️ Preparing training...
[ 2026-03-29 19:42:24 | node_29 | INFO ] 🛠️ Calling force_add_local_model...
[ 2026-03-29 19:42:24 | node_46 | INFO ] 🏋️‍♀️ Preparing training...
[ 2026-03-29 19:42:24 | node_31 | INFO ] 🎉 Round 143 of 150 finished.
[ 2026-03-29 19:42:24 | node_34 | INFO ] 🏋️‍♀️ Preparing training...
[ 2026-03-29 19:42:24 | node_31 | INFO ] 🗳️ [DETERMINISTIC] Train set assigned (No Voting). Size: 50
[ 2026-03-29 19:42:24 | node_22 | INFO ] 🎉 Round 143 of 150 finished.
[ 2026-03-29 19:42:24 | node_29 | INFO ] ✅ [FORCE] Local model added for round 143. (1/8)
[ 2026-03-29 19:42:24 | node_49 | INFO ] 📤 Sending model to 8 direct neighbors: ['node_8', 'node_19', 'node_21', 'node_27', 'node_29', 'node_32', 'node_33', 'node_35']
[ 2026-03-29 19:42:24 | node_22 | INFO ] 🗳️ [DETERMINISTIC] Train set assigned (No Voting). Size: 50
[ 2026-03-29 19:42:24 | node_12 | INFO ] 🎓 Training step done.
[ 2026-03-29 19:42:24 | node_31 | INFO ] 🏋️‍♀️ Preparing training...
[ 2026-03-29 19:42:24 | node_12 | INFO ] 🛠️ Calling force_add_local_model...
[ 2026-03-29 19:42:24 | node_3 | INFO ] 📤 Sending model to 5 direct neighbors: ['node_21', 'node_30', 'node_31', 'node_34', 'node_47']
[ 2026-03-29 19:42:25 | node_12 | INFO ] ✅ [FORCE] Local model added for round 143. (1/6)
[ 2026-03-29 19:42:25 | node_22 | INFO ] 🏋️‍♀️ Preparing training...
[ 2026-03-29 19:42:25 | node_15 | INFO ] 🎉 Round 143 of 150 finished.
[ 2026-03-29 19:42:25 | node_8 | INFO ] 🧩 Model added for round 143 (1/12) from ['node_49']
[ 2026-03-29 19:42:25 | node_5 | INFO ] 📤 Sending model to 4 direct neighbors: ['node_23', 'node_28', 'node_36', 'node_45']
[ 2026-03-29 19:42:25 | node_42 | INFO ] 🎉 Round 143 of 150 finished.
[ 2026-03-29 19:42:25 | node_15 | INFO ] 🗳️ [DETERMINISTIC] Train set assigned (No Voting). Size: 50
[ 2026-03-29 19:42:25 | node_9 | INFO ] 🎉 Round 143 of 150 finished.
[ 2026-03-29 19:42:25 | node_21 | INFO ] 🧩 Model added for round 143 (2/11) from ['node_3']
[ 2026-03-29 19:42:25 | node_2 | INFO ] 🎉 Round 143 of 150 finished.
[ 2026-03-29 19:42:25 | node_42 | INFO ] 🗳️ [DETERMINISTIC] Train set assigned (No Voting). Size: 50
[ 2026-03-29 19:42:25 | node_10 | INFO ] 🎉 Round 143 of 150 finished.
[ 2026-03-29 19:42:25 | node_9 | INFO ] 🗳️ [DETERMINISTIC] Train set assigned (No Voting). Size: 50
[ 2026-03-29 19:42:25 | node_15 | INFO ] 🏋️‍♀️ Preparing training...
[ 2026-03-29 19:42:25 | node_2 | INFO ] 🗳️ [DETERMINISTIC] Train set assigned (No Voting). Size: 50
[ 2026-03-29 19:42:25 | node_10 | INFO ] 🗳️ [DETERMINISTIC] Train set assigned (No Voting). Size: 50
[ 2026-03-29 19:42:25 | node_19 | INFO ] 📈 Evaluated. Results: {'test_loss': 0.002520316280424595, 'test_accuracy': 0.9936116337776184, 'test_precision': 0.23356549441814423, 'test_recall': 0.603668749332428, 'test_f1': 0.3199102282524109, 'communication_cost': 5831264}
[ 2026-03-29 19:42:25 | node_42 | INFO ] 🏋️‍♀️ Preparing training...
[ 2026-03-29 19:42:25 | node_19 | INFO ] 📢 Broadcasting metrics.
[ 2026-03-29 19:42:26 | node_36 | INFO ] 🎓 Training step done.
[ 2026-03-29 19:42:26 | node_13 | INFO ] 🎓 Training step done.
[ 2026-03-29 19:42:26 | node_9 | INFO ] 🏋️‍♀️ Preparing training...
[ 2026-03-29 19:42:26 | node_36 | INFO ] 🛠️ Calling force_add_local_model...
[ 2026-03-29 19:42:26 | node_2 | INFO ] 🏋️‍♀️ Preparing training...
[ 2026-03-29 19:42:26 | node_7 | INFO ] 📈 Evaluated. Results: {'test_loss': 0.0034184702672064304, 'test_accuracy': 0.9917228817939758, 'test_precision': 0.27993714809417725, 'test_recall': 0.677964985370636, 'test_f1': 0.39568427205085754, 'communication_cost': 9475804}
[ 2026-03-29 19:42:26 | node_13 | INFO ] 🛠️ Calling force_add_local_model...
[ 2026-03-29 19:42:26 | node_10 | INFO ] 🏋️‍♀️ Preparing training...
[ 2026-03-29 19:42:26 | node_36 | INFO ] ✅ [FORCE] Local model added for round 143. (1/8)
[ 2026-03-29 19:42:26 | node_7 | INFO ] 📢 Broadcasting metrics.
[ 2026-03-29 19:42:26 | node_13 | INFO ] ✅ [FORCE] Local model added for round 143. (1/6)
[ 2026-03-29 19:42:26 | node_28 | INFO ] 📤 Sending model to 6 direct neighbors: ['node_4', 'node_5', 'node_16', 'node_33', 'node_34', 'node_37']
[ 2026-03-29 19:42:26 | node_28 | INFO ] 🧩 Model added for round 143 (2/7) from ['node_5']
[ 2026-03-29 19:42:26 | node_6 | INFO ] 📤 Sending model to 6 direct neighbors: ['node_2', 'node_21', 'node_30', 'node_45', 'node_47', 'node_48']
[ 2026-03-29 19:42:26 | node_11 | INFO ] 🎓 Training step done.
[ 2026-03-29 19:42:26 | node_39 | INFO ] 🎉 Round 143 of 150 finished.
[ 2026-03-29 19:42:26 | node_11 | INFO ] 🛠️ Calling force_add_local_model...
[ 2026-03-29 19:42:26 | node_33 | INFO ] 🎓 Training step done.
[ 2026-03-29 19:42:27 | node_33 | INFO ] 🛠️ Calling force_add_local_model...
[ 2026-03-29 19:42:27 | node_11 | INFO ] ✅ [FORCE] Local model added for round 143. (1/7)
[ 2026-03-29 19:42:27 | node_39 | INFO ] 🗳️ [DETERMINISTIC] Train set assigned (No Voting). Size: 50
[ 2026-03-29 19:42:27 | node | INFO ] ⏹️  Gossiping exited for 10 equal rounds.
[ 2026-03-29 19:42:27 | node_39 | INFO ] 🏋️‍♀️ Preparing training...
[ 2026-03-29 19:42:27 | node_33 | INFO ] ✅ [FORCE] Local model added for round 143. (1/9)
[ 2026-03-29 19:42:27 | node_2 | INFO ] 🧩 Model added for round 143 (1/9) from ['node_6']
[ 2026-03-29 19:42:27 | node | INFO ] 🔬 Evaluating...
[ 2026-03-29 19:42:27 | node_24 | INFO ] 🎓 Training step done.
[ 2026-03-29 19:42:27 | node_24 | INFO ] 🛠️ Calling force_add_local_model...
[ 2026-03-29 19:42:27 | node_24 | INFO ] ✅ [FORCE] Local model added for round 143. (1/8)
[ 2026-03-29 19:42:28 | node_5 | INFO ] 🧩 Model added for round 143 (2/5) from ['node_28']
[ 2026-03-29 19:42:28 | node_27 | INFO ] 📤 Sending model to 4 direct neighbors: ['node_8', 'node_45', 'node_47', 'node_49']
[ 2026-03-29 19:42:28 | node_30 | INFO ] 🧩 Model added for round 143 (1/10) from ['node_3']
[ 2026-03-29 19:42:28 | node_36 | INFO ] 🧩 Model added for round 143 (2/8) from ['node_5']
[ 2026-03-29 19:42:28 | node_17 | INFO ] 🎓 Training step done.
[ 2026-03-29 19:42:28 | node_20 | INFO ] 🎓 Training step done.
[ 2026-03-29 19:42:28 | node_38 | INFO ] 🎓 Training step done.
[ 2026-03-29 19:42:28 | node_17 | INFO ] 🛠️ Calling force_add_local_model...
[ 2026-03-29 19:42:28 | node_20 | INFO ] 🛠️ Calling force_add_local_model...
[ 2026-03-29 19:42:28 | node_8 | INFO ] 🧩 Model added for round 143 (2/12) from ['node_27']
[ 2026-03-29 19:42:28 | node_38 | INFO ] 🛠️ Calling force_add_local_model...
[ 2026-03-29 19:42:28 | node_21 | INFO ] 📤 Sending model to 10 direct neighbors: ['node_2', 'node_3', 'node_6', 'node_19', 'node_22', 'node_24', 'node_37', 'node_38', 'node_47', 'node_49']
[ 2026-03-29 19:42:28 | node_17 | INFO ] ✅ [FORCE] Local model added for round 143. (1/6)
[ 2026-03-29 19:42:28 | node_16 | INFO ] 📤 Sending model to 7 direct neighbors: ['node_7', 'node_15', 'node_19', 'node_28', 'node_38', 'node_42', 'node_45']
[ 2026-03-29 19:42:28 | node_20 | INFO ] ✅ [FORCE] Local model added for round 143. (1/10)
[ 2026-03-29 19:42:28 | node_8 | INFO ] 🎓 Training step done.
[ 2026-03-29 19:42:29 | node_38 | INFO ] ✅ [FORCE] Local model added for round 143. (1/11)
[ 2026-03-29 19:42:29 | node_8 | INFO ] 🛠️ Calling force_add_local_model...
[ 2026-03-29 19:42:29 | node_21 | INFO ] 🧩 Model added for round 143 (3/11) from ['node_49']
[ 2026-03-29 19:42:29 | node_8 | INFO ] ✅ [FORCE] Local model added for round 143. (3/12)
[ 2026-03-29 19:42:29 | node_25 | INFO ] 🎓 Training step done.
[ 2026-03-29 19:42:29 | node_14 | INFO ] 🎓 Training step done.
[ 2026-03-29 19:42:29 | node_23 | INFO ] 🎉 Round 143 of 150 finished.
[ 2026-03-29 19:42:29 | node_25 | INFO ] 🛠️ Calling force_add_local_model...
[ 2026-03-29 19:42:29 | node_14 | INFO ] 🛠️ Calling force_add_local_model...
[ 2026-03-29 19:42:29 | node_29 | INFO ] 📤 Sending model to 7 direct neighbors: ['node_11', 'node_23', 'node_31', 'node_38', 'node_42', 'node_45', 'node_49']
[ 2026-03-29 19:42:29 | node_25 | INFO ] ✅ [FORCE] Local model added for round 143. (1/8)
[ 2026-03-29 19:42:29 | node_14 | INFO ] ✅ [FORCE] Local model added for round 143. (1/7)
[ 2026-03-29 19:42:29 | node_35 | INFO ] 🎓 Training step done.
[ 2026-03-29 19:42:29 | node_2 | INFO ] 🧩 Model added for round 143 (2/9) from ['node_21']
[ 2026-03-29 19:42:29 | node_16 | INFO ] 🧩 Model added for round 143 (2/8) from ['node_28']
[ 2026-03-29 19:42:29 | node_34 | INFO ] 🎓 Training step done.
[ 2026-03-29 19:42:29 | node_23 | INFO ] 🗳️ [DETERMINISTIC] Train set assigned (No Voting). Size: 50
[ 2026-03-29 19:42:29 | node_35 | INFO ] 🛠️ Calling force_add_local_model...
[ 2026-03-29 19:42:29 | node_34 | INFO ] 🛠️ Calling force_add_local_model...
[ 2026-03-29 19:42:29 | node_46 | INFO ] 🎓 Training step done.
[ 2026-03-29 19:42:29 | node_35 | INFO ] ✅ [FORCE] Local model added for round 143. (1/11)
[ 2026-03-29 19:42:29 | node_34 | INFO ] ✅ [FORCE] Local model added for round 143. (1/10)
[ 2026-03-29 19:42:29 | node_46 | INFO ] 🛠️ Calling force_add_local_model...
[ 2026-03-29 19:42:29 | node_18 | INFO ] 🎉 Round 143 of 150 finished.
[ 2026-03-29 19:42:29 | node_23 | INFO ] ♻️ Proactively processing 1 early models for round 143.
[ 2026-03-29 19:42:29 | node_18 | INFO ] 🗳️ [DETERMINISTIC] Train set assigned (No Voting). Size: 50
[ 2026-03-29 19:42:29 | node_23 | INFO ] 🧩 Model added for round 143 (1/13) from ['node_5']
[ 2026-03-29 19:42:29 | node_46 | INFO ] ✅ [FORCE] Local model added for round 143. (1/7)
[ 2026-03-29 19:42:29 | node_11 | INFO ] 🧩 Model added for round 143 (2/7) from ['node_29']
[ 2026-03-29 19:42:30 | node_21 | INFO ] 🧩 Model added for round 143 (4/11) from ['node_6']
[ 2026-03-29 19:42:30 | node_48 | INFO ] 🎓 Training step done.
[ 2026-03-29 19:42:30 | node_23 | INFO ] 🏋️‍♀️ Preparing training...
[ 2026-03-29 19:42:30 | node_12 | INFO ] 📤 Sending model to 5 direct neighbors: ['node_1', 'node_4', 'node_26', 'node_36', 'node_38']
[ 2026-03-29 19:42:30 | node_18 | INFO ] 🏋️‍♀️ Preparing training...
[ 2026-03-29 19:42:30 | node_15 | INFO ] 🧩 Model added for round 143 (1/9) from ['node_16']
[ 2026-03-29 19:42:35 | node_25 | INFO ] 📤 Sending model to 7 direct neighbors: ['node_1', 'node_9', 'node_13', 'node_30', 'node_35', 'node_42', 'node_43']
[ 2026-03-29 19:42:35 | node_13 | INFO ] 📤 Sending model to 5 direct neighbors: ['node_25', 'node_26', 'node_32', 'node_39', 'node_46']
[ 2026-03-29 19:42:35 | node_34 | INFO ] 📤 Sending model to 9 direct neighbors: ['node_1', 'node_3', 'node_10', 'node_20', 'node_26', 'node_28', 'node_33', 'node_43', 'node_44']
[ 2026-03-29 19:42:35 | node_17 | INFO ] 📤 Sending model to 5 direct neighbors: ['node_1', 'node_26', 'node_31', 'node_38', 'node_41']
[ 2026-03-29 19:42:35 | node_20 | INFO ] 📤 Sending model to 9 direct neighbors: ['node_7', 'node_10', 'node_18', 'node_34', 'node_35', 'node_36', 'node_37', 'node_40', 'node_48']
[ 2026-03-29 19:42:35 | node_38 | INFO ] 📤 Sending model to 10 direct neighbors: ['node_1', 'node_12', 'node_16', 'node_17', 'node_18', 'node_21', 'node_29', 'node_37', 'node_40', 'node_47']
[ 2026-03-29 19:42:35 | node_35 | INFO ] 📤 Sending model to 10 direct neighbors: ['node_8', 'node_10', 'node_20', 'node_23', 'node_24', 'node_25', 'node_30', 'node_37', 'node_39', 'node_49']
[ 2026-03-29 19:42:35 | node_11 | INFO ] 📤 Sending model to 6 direct neighbors: ['node_18', 'node_22', 'node_29', 'node_32', 'node_40', 'node_44']
[ 2026-03-29 19:42:35 | node_24 | INFO ] 📤 Sending model to 7 direct neighbors: ['node_9', 'node_21', 'node_31', 'node_33', 'node_35', 'node_36', 'node_37']
[ 2026-03-29 19:42:35 | node_8 | INFO ] 📤 Sending model to 11 direct neighbors: ['node_1', 'node_14', 'node_15', 'node_23', 'node_27', 'node_35', 'node_41', 'node_43', 'node_44', 'node_48', 'node_49']
[ 2026-03-29 19:42:35 | node_33 | INFO ] 📤 Sending model to 8 direct neighbors: ['node_4', 'node_22', 'node_23', 'node_24', 'node_28', 'node_34', 'node_39', 'node_49']
[ 2026-03-29 19:42:35 | node_14 | INFO ] 📤 Sending model to 6 direct neighbors: ['node', 'node_7', 'node_8', 'node_10', 'node_40', 'node_43']
[ 2026-03-29 19:42:35 | node_46 | INFO ] 📤 Sending model to 6 direct neighbors: ['node_2', 'node_13', 'node_19', 'node_32', 'node_41', 'node_44']
[ 2026-03-29 19:42:35 | node_36 | INFO ] 📤 Sending model to 7 direct neighbors: ['node_5', 'node_9', 'node_12', 'node_20', 'node_24', 'node_39', 'node_48']
[ 2026-03-29 19:42:36 | node_31 | INFO ] 🎓 Training step done.
[ 2026-03-29 19:42:36 | node_48 | INFO ] 🛠️ Calling force_add_local_model...
[ 2026-03-29 19:42:36 | node_30 | INFO ] 🎓 Training step done.
[ 2026-03-29 19:42:36 | node | INFO ] 📈 Evaluated. Results: {'test_loss': 0.0030102862510830164, 'test_accuracy': 0.9905533194541931, 'test_precision': 0.2801976799964905, 'test_recall': 0.7037495970726013, 'test_f1': 0.3968508243560791, 'communication_cost': 5102356}
[ 2026-03-29 19:42:36 | node_45 | INFO ] 🎓 Training step done.
[ 2026-03-29 19:42:36 | node_4 | INFO ] ⏹️  Gossiping exited for 10 equal rounds.
[ 2026-03-29 19:42:36 | node_42 | INFO ] 🎓 Training step done.
[ 2026-03-29 19:42:36 | node_2 | INFO ] 🎓 Training step done.
[ 2026-03-29 19:42:36 | node_15 | INFO ] 🎓 Training step done.
[ 2026-03-29 19:42:36 | node_37 | INFO ] ⏹️  Gossiping exited for 10 equal rounds.
[ 2026-03-29 19:42:36 | node_39 | INFO ] 🎓 Training step done.
[ 2026-03-29 19:42:36 | node_10 | INFO ] 🎓 Training step done.
[ 2026-03-29 19:42:36 | node_31 | INFO ] 🛠️ Calling force_add_local_model...
[ 2026-03-29 19:42:36 | node_9 | INFO ] 🎓 Training step done.
[ 2026-03-29 19:42:36 | node_30 | INFO ] 🛠️ Calling force_add_local_model...
[ 2026-03-29 19:42:36 | node_48 | INFO ] ✅ [FORCE] Local model added for round 143. (1/11)
[ 2026-03-29 19:42:36 | node_22 | INFO ] 🎓 Training step done.
[ 2026-03-29 19:42:36 | node_45 | INFO ] 🛠️ Calling force_add_local_model...
[ 2026-03-29 19:42:36 | node_42 | INFO ] 🛠️ Calling force_add_local_model...
[ 2026-03-29 19:42:36 | node_2 | INFO ] 🛠️ Calling force_add_local_model...
[ 2026-03-29 19:42:36 | node_15 | INFO ] 🛠️ Calling force_add_local_model...
[ 2026-03-29 19:42:36 | node_39 | INFO ] 🛠️ Calling force_add_local_model...
[ 2026-03-29 19:42:36 | node_10 | INFO ] 🛠️ Calling force_add_local_model...
[ 2026-03-29 19:42:36 | node_9 | INFO ] 🛠️ Calling force_add_local_model...
[ 2026-03-29 19:42:36 | node | INFO ] 📢 Broadcasting metrics.
[ 2026-03-29 19:42:36 | node_31 | INFO ] ✅ [FORCE] Local model added for round 143. (1/8)
[ 2026-03-29 19:42:36 | node_22 | INFO ] 🛠️ Calling force_add_local_model...
[ 2026-03-29 19:42:36 | node_30 | INFO ] ✅ [FORCE] Local model added for round 143. (2/10)
[ 2026-03-29 19:42:36 | node_42 | INFO ] ✅ [FORCE] Local model added for round 143. (1/9)
[ 2026-03-29 19:42:36 | node_2 | INFO ] ✅ [FORCE] Local model added for round 143. (3/9)
[ 2026-03-29 19:42:36 | node_45 | INFO ] ✅ [FORCE] Local model added for round 143. (1/12)
[ 2026-03-29 19:42:36 | node_10 | INFO ] ✅ [FORCE] Local model added for round 143. (1/8)
[ 2026-03-29 19:42:36 | node_15 | INFO ] ✅ [FORCE] Local model added for round 143. (2/9)
[ 2026-03-29 19:42:36 | node_39 | INFO ] ✅ [FORCE] Local model added for round 143. (1/10)
[ 2026-03-29 19:42:36 | node_9 | INFO ] ✅ [FORCE] Local model added for round 143. (1/12)
[ 2026-03-29 19:42:36 | node_22 | INFO ] ✅ [FORCE] Local model added for round 143. (1/9)
[ 2026-03-29 19:42:36 | node_4 | INFO ] 🔬 Evaluating...
[ 2026-03-29 19:42:36 | node_37 | INFO ] 🔬 Evaluating...
[ 2026-03-29 19:42:37 | node_8 | INFO ] 🧩 Model added for round 143 (4/12) from ['node_35']
[ 2026-03-29 19:42:37 | node_9 | INFO ] 🧩 Model added for round 143 (2/12) from ['node_24']
[ 2026-03-29 19:42:37 | node_5 | INFO ] 🧩 Model added for round 143 (3/5) from ['node_36']
[ 2026-03-29 19:42:37 | node_18 | INFO ] 🧩 Model added for round 143 (1/9) from ['node_11']
[ 2026-03-29 19:42:37 | node_2 | INFO ] 🧩 Model added for round 143 (4/9) from ['node_46']
[ 2026-03-29 19:42:37 | node_25 | INFO ] 🧩 Model added for round 143 (2/8) from ['node_13']
[ 2026-03-29 19:42:37 | node_45 | INFO ] 🧩 Model added for round 143 (2/12) from ['node_5']
[ 2026-03-29 19:42:37 | node_31 | INFO ] 🧩 Model added for round 143 (2/8) from ['node_3']
[ 2026-03-29 19:42:37 | node_10 | INFO ] 🧩 Model added for round 143 (2/8) from ['node_20']
[ 2026-03-29 19:42:37 | node_9 | INFO ] 🧩 Model added for round 143 (3/12) from ['node_25']
[ 2026-03-29 19:42:37 | node_12 | INFO ] 🧩 Model added for round 143 (2/6) from ['node_38']
[ 2026-03-29 19:42:37 | node_3 | INFO ] 🧩 Model added for round 143 (2/6) from ['node_34']
[ 2026-03-29 19:42:37 | node_14 | INFO ] 🧩 Model added for round 143 (2/7) from ['node_8']
[ 2026-03-29 19:42:37 | node_22 | INFO ] 🧩 Model added for round 143 (2/9) from ['node_33']
[ 2026-03-29 19:42:38 | node_33 | INFO ] 🧩 Model added for round 143 (2/9) from ['node_28']
[ 2026-03-29 19:42:38 | node_37 | INFO ] 📈 Evaluated. Results: {'test_loss': 0.0034309972543269396, 'test_accuracy': 0.9913622736930847, 'test_precision': 0.29716402292251587, 'test_recall': 0.7390314936637878, 'test_f1': 0.4169115126132965, 'communication_cost': 7289080}
[ 2026-03-29 19:42:38 | node_45 | INFO ] 🧩 Model added for round 143 (3/12) from ['node_27']
[ 2026-03-29 19:42:38 | node_4 | INFO ] 📈 Evaluated. Results: {'test_loss': 0.0038539881352335215, 'test_accuracy': 0.9914529919624329, 'test_precision': 0.195607528090477, 'test_recall': 0.5455113649368286, 'test_f1': 0.2817072570323944, 'communication_cost': 6560172}
[ 2026-03-29 19:42:38 | node_37 | INFO ] 📢 Broadcasting metrics.
[ 2026-03-29 19:42:38 | node_31 | INFO ] 🧩 Model added for round 143 (3/8) from ['node_17']
[ 2026-03-29 19:42:38 | node_27 | INFO ] 🧩 Model added for round 143 (2/5) from ['node_49']
[ 2026-03-29 19:42:38 | node_3 | INFO ] 🧩 Model added for round 143 (3/6) from ['node_21']
[ 2026-03-29 19:42:38 | node_18 | INFO ] 🎓 Training step done.
[ 2026-03-29 19:42:38 | node_8 | INFO ] 🧩 Model added for round 143 (5/12) from ['node_14']
[ 2026-03-29 19:42:38 | node_23 | INFO ] 🧩 Model added for round 143 (2/13) from ['node_29']
[ 2026-03-29 19:42:38 | node_4 | INFO ] 📢 Broadcasting metrics.
[ 2026-03-29 19:42:38 | node_23 | INFO ] 🎓 Training step done.
[ 2026-03-29 19:42:38 | node_18 | INFO ] 🛠️ Calling force_add_local_model...
[ 2026-03-29 19:42:38 | node_23 | INFO ] 🛠️ Calling force_add_local_model...
[ 2026-03-29 19:42:38 | node_18 | INFO ] ✅ [FORCE] Local model added for round 143. (2/9)
[ 2026-03-29 19:42:38 | node_23 | INFO ] ✅ [FORCE] Local model added for round 143. (3/13)
[ 2026-03-29 19:42:38 | node_9 | INFO ] 🧩 Model added for round 143 (4/12) from ['node_36']
[ 2026-03-29 19:42:38 | node_36 | INFO ] 🧩 Model added for round 143 (3/8) from ['node_12']
[ 2026-03-29 19:42:39 | node_30 | INFO ] 🧩 Model added for round 143 (3/10) from ['node_6']
[ 2026-03-29 19:42:39 | node_34 | INFO ] 🧩 Model added for round 143 (2/10) from ['node_3']
[ 2026-03-29 19:42:39 | node_13 | INFO ] 🧩 Model added for round 143 (2/6) from ['node_46']
[ 2026-03-29 19:42:39 | node_28 | INFO ] 🧩 Model added for round 143 (3/7) from ['node_16']
[ 2026-03-29 19:42:39 | node_16 | INFO ] 🧩 Model added for round 143 (3/8) from ['node_38']
[ 2026-03-29 19:42:39 | node_10 | INFO ] 🧩 Model added for round 143 (3/8) from ['node_34']
[ 2026-03-29 19:42:39 | node_22 | INFO ] 🧩 Model added for round 143 (3/9) from ['node_11']
[ 2026-03-29 19:42:39 | node_19 | INFO ] 🎉 Round 143 of 150 finished.
[ 2026-03-29 19:42:39 | node_15 | INFO ] 🧩 Model added for round 143 (3/9) from ['node_8']
[ 2026-03-29 19:42:39 | node_19 | INFO ] 🗳️ [DETERMINISTIC] Train set assigned (No Voting). Size: 50
[ 2026-03-29 19:42:39 | node_29 | INFO ] 🧩 Model added for round 143 (2/8) from ['node_49']
[ 2026-03-29 19:42:39 | node_18 | INFO ] 🧩 Model added for round 143 (3/9) from ['node_20']
[ 2026-03-29 19:42:40 | node_6 | INFO ] 🧩 Model added for round 143 (2/7) from ['node_21']
[ 2026-03-29 19:42:40 | node_23 | INFO ] 🧩 Model added for round 143 (4/13) from ['node_33']
[ 2026-03-29 19:42:40 | node_19 | INFO ] ♻️ Proactively processing 2 early models for round 143.
[ 2026-03-29 19:42:40 | node_21 | INFO ] 🧩 Model added for round 143 (5/11) from ['node_24']
[ 2026-03-29 19:42:40 | node_19 | INFO ] 🧩 Model added for round 143 (1/9) from ['node_49']
[ 2026-03-29 19:42:40 | node_10 | INFO ] 🧩 Model added for round 143 (4/8) from ['node_35']
[ 2026-03-29 19:42:40 | node_19 | INFO ] 🧩 Model added for round 143 (2/9) from ['node_16']
[ 2026-03-29 19:42:40 | node_34 | INFO ] 🧩 Model added for round 143 (3/10) from ['node_28']
[ 2026-03-29 19:42:40 | node_19 | INFO ] 🏋️‍♀️ Preparing training...
[ 2026-03-29 19:42:40 | node_38 | INFO ] 🧩 Model added for round 143 (2/11) from ['node_17']
[ 2026-03-29 19:42:40 | node_39 | INFO ] 🧩 Model added for round 143 (2/10) from ['node_13']
[ 2026-03-29 19:42:40 | node_41 | INFO ] ⏹️  Gossiping exited for 10 equal rounds.
[ 2026-03-29 19:42:40 | node_13 | INFO ] 🧩 Model added for round 143 (3/6) from ['node_25']
[ 2026-03-29 19:42:40 | node_47 | INFO ] ⏹️  Gossiping exited for 10 equal rounds.
[ 2026-03-29 19:42:40 | node_38 | INFO ] 🧩 Model added for round 143 (3/11) from ['node_12']
[ 2026-03-29 19:42:40 | node_41 | INFO ] 🔬 Evaluating...
[ 2026-03-29 19:42:40 | node_47 | INFO ] 🔬 Evaluating...
[ 2026-03-29 19:42:40 | node_19 | INFO ] 🧩 Model added for round 143 (3/9) from ['node_46']
[ 2026-03-29 19:42:41 | node_10 | INFO ] 🧩 Model added for round 143 (5/8) from ['node_14']
[ 2026-03-29 19:42:41 | node_38 | INFO ] 🧩 Model added for round 143 (4/11) from ['node_16']
[ 2026-03-29 19:42:41 | node_31 | INFO ] 🧩 Model added for round 143 (4/8) from ['node_29']
[ 2026-03-29 19:42:41 | node_17 | INFO ] 🧩 Model added for round 143 (2/6) from ['node_38']
[ 2026-03-29 19:42:41 | node_20 | INFO ] 🧩 Model added for round 143 (2/10) from ['node_34']
[ 2026-03-29 19:42:41 | node_12 | INFO ] 🧩 Model added for round 143 (3/6) from ['node_36']
[ 2026-03-29 19:42:41 | node_49 | INFO ] 🧩 Model added for round 143 (2/9) from ['node_27']
[ 2026-03-29 19:42:41 | node_29 | INFO ] 🧩 Model added for round 143 (3/8) from ['node_11']
[ 2026-03-29 19:42:41 | node_48 | INFO ] 📤 Sending model to 10 direct neighbors: ['node_1', 'node_4', 'node_6', 'node_8', 'node_20', 'node_23', 'node_36', 'node_40', 'node_43', 'node_47']
[ 2026-03-29 19:42:41 | node_45 | INFO ] 🧩 Model added for round 143 (4/12) from ['node_6']
[ 2026-03-29 19:42:41 | node_31 | INFO ] 📤 Sending model to 7 direct neighbors: ['node', 'node_3', 'node_10', 'node_17', 'node_24', 'node_29', 'node_41']
[ 2026-03-29 19:42:41 | node_30 | INFO ] 📤 Sending model to 9 direct neighbors: ['node', 'node_3', 'node_6', 'node_7', 'node_25', 'node_35', 'node_37', 'node_39', 'node_44']
[ 2026-03-29 19:42:41 | node_19 | INFO ] 🧩 Model added for round 143 (4/9) from ['node_21']
[ 2026-03-29 19:42:41 | node_23 | INFO ] 🧩 Model added for round 143 (5/13) from ['node_8']
[ 2026-03-29 19:42:41 | node_45 | INFO ] 📤 Sending model to 11 direct neighbors: ['node', 'node_4', 'node_5', 'node_6', 'node_7', 'node_16', 'node_18', 'node_23', 'node_27', 'node_29', 'node_43']
[ 2026-03-29 19:42:41 | node_42 | INFO ] 📤 Sending model to 8 direct neighbors: ['node_15', 'node_16', 'node_23', 'node_25', 'node_29', 'node_39', 'node_40', 'node_41']
[ 2026-03-29 19:42:41 | node_2 | INFO ] 📤 Sending model to 8 direct neighbors: ['node_6', 'node_9', 'node_10', 'node_15', 'node_19', 'node_21', 'node_46', 'node_47']
[ 2026-03-29 19:42:41 | node_41 | INFO ] 📈 Evaluated. Results: {'test_loss': 0.0040398649871349335, 'test_accuracy': 0.991092324256897, 'test_precision': 0.2806752324104309, 'test_recall': 0.6794819831848145, 'test_f1': 0.38426074385643005, 'communication_cost': 5831264}
[ 2026-03-29 19:42:41 | node_47 | INFO ] 📈 Evaluated. Results: {'test_loss': 0.004393287468701601, 'test_accuracy': 0.9918121099472046, 'test_precision': 0.2454167753458023, 'test_recall': 0.5014416575431824, 'test_f1': 0.3277598023414612, 'communication_cost': 8017988}
[ 2026-03-29 19:42:41 | node_15 | INFO ] 📤 Sending model to 8 direct neighbors: ['node_2', 'node_8', 'node_16', 'node_22', 'node_37', 'node_40', 'node_42', 'node_44']
[ 2026-03-29 19:42:41 | node_10 | INFO ] 📤 Sending model to 7 direct neighbors: ['node', 'node_2', 'node_14', 'node_20', 'node_31', 'node_34', 'node_35']
[ 2026-03-29 19:42:41 | node_39 | INFO ] 📤 Sending model to 9 direct neighbors: ['node_13', 'node_22', 'node_30', 'node_32', 'node_33', 'node_35', 'node_36', 'node_42', 'node_47']
[ 2026-03-29 19:42:41 | node_9 | INFO ] 📤 Sending model to 11 direct neighbors: ['node_2', 'node_4', 'node_7', 'node_22', 'node_23', 'node_24', 'node_25', 'node_36', 'node_37', 'node_40', 'node_47']
[ 2026-03-29 19:42:41 | node_34 | INFO ] 🧩 Model added for round 143 (4/10) from ['node_20']
[ 2026-03-29 19:42:41 | node_22 | INFO ] 📤 Sending model to 8 direct neighbors: ['node_7', 'node_9', 'node_11', 'node_15', 'node_19', 'node_21', 'node_33', 'node_39']
[ 2026-03-29 19:42:41 | node_41 | INFO ] 📢 Broadcasting metrics.
[ 2026-03-29 19:42:42 | node_20 | INFO ] 🧩 Model added for round 143 (3/10) from ['node_35']
[ 2026-03-29 19:42:42 | node_47 | INFO ] 📢 Broadcasting metrics.
[ 2026-03-29 19:42:42 | node_30 | INFO ] 🧩 Model added for round 143 (4/10) from ['node_25']
[ 2026-03-29 19:42:42 | node_15 | INFO ] 🧩 Model added for round 143 (4/9) from ['node_42']
[ 2026-03-29 19:42:42 | node_6 | INFO ] 🧩 Model added for round 143 (3/7) from ['node_2']
[ 2026-03-29 19:42:42 | node_33 | INFO ] 🧩 Model added for round 143 (3/9) from ['node_49']
[ 2026-03-29 19:42:42 | node_13 | INFO ] 🧩 Model added for round 143 (4/6) from ['node_39']
[ 2026-03-29 19:42:42 | node_19 | INFO ] 🎓 Training step done.
[ 2026-03-29 19:42:42 | node_2 | INFO ] 🧩 Model added for round 143 (5/9) from ['node_9']
[ 2026-03-29 19:42:42 | node_31 | INFO ] 🧩 Model added for round 143 (5/8) from ['node_24']
[ 2026-03-29 19:42:42 | node_19 | INFO ] 🛠️ Calling force_add_local_model...
[ 2026-03-29 19:42:42 | node_2 | INFO ] 🧩 Model added for round 143 (6/9) from ['node_15']
[ 2026-03-29 19:42:42 | node | INFO ] 🎉 Round 143 of 150 finished.
[ 2026-03-29 19:42:42 | node_46 | INFO ] 🧩 Model added for round 143 (2/7) from ['node_13']
[ 2026-03-29 19:42:42 | node_19 | INFO ] ✅ [FORCE] Local model added for round 143. (5/9)
[ 2026-03-29 19:42:43 | node_18 | INFO ] 🧩 Model added for round 143 (4/9) from ['node_38']
[ 2026-03-29 19:42:43 | node | INFO ] 🗳️ [DETERMINISTIC] Train set assigned (No Voting). Size: 50
[ 2026-03-29 19:42:43 | node_3 | INFO ] 🧩 Model added for round 143 (4/6) from ['node_30']
[ 2026-03-29 19:42:43 | node_2 | INFO ] 🧩 Model added for round 143 (7/9) from ['node_10']
[ 2026-03-29 19:42:43 | node_24 | INFO ] 🧩 Model added for round 143 (2/8) from ['node_33']
[ 2026-03-29 19:42:43 | node_3 | INFO ] 🧩 Model added for round 143 (5/6) from ['node_31']
[ 2026-03-29 19:42:43 | node_9 | INFO ] 🧩 Model added for round 143 (5/12) from ['node_22']
[ 2026-03-29 19:42:43 | node_20 | INFO ] 🧩 Model added for round 143 (4/10) from ['node_36']
[ 2026-03-29 19:42:43 | node | INFO ] ♻️ Proactively processing 5 early models for round 143.
[ 2026-03-29 19:42:43 | node | INFO ] 🧩 Model added for round 143 (1/8) from ['node_14']
[ 2026-03-29 19:42:43 | node | INFO ] 🧩 Model added for round 143 (2/8) from ['node_30']
[ 2026-03-29 19:42:43 | node_38 | INFO ] 🧩 Model added for round 143 (5/11) from ['node_29']
[ 2026-03-29 19:42:43 | node | INFO ] 🧩 Model added for round 143 (3/8) from ['node_31']
[ 2026-03-29 19:42:43 | node_6 | INFO ] 🧩 Model added for round 143 (4/7) from ['node_48']
[ 2026-03-29 19:42:43 | node | INFO ] 🧩 Model added for round 143 (4/8) from ['node_45']
[ 2026-03-29 19:42:43 | node_5 | INFO ] 🧩 Model added for round 143 (4/5) from ['node_45']
[ 2026-03-29 19:42:43 | node | INFO ] 🧩 Model added for round 143 (5/8) from ['node_10']
[ 2026-03-29 19:42:43 | node_18 | INFO ] 📤 Sending model to 8 direct neighbors: ['node_4', 'node_11', 'node_20', 'node_23', 'node_32', 'node_38', 'node_45', 'node_47']
[ 2026-03-29 19:42:43 | node_23 | INFO ] 📤 Sending model to 12 direct neighbors: ['node_5', 'node_8', 'node_9', 'node_18', 'node_26', 'node_29', 'node_33', 'node_35', 'node_42', 'node_43', 'node_45', 'node_48']
[ 2026-03-29 19:42:43 | node | INFO ] 🏋️‍♀️ Preparing training...
[ 2026-03-29 19:42:43 | node_7 | INFO ] 🎉 Round 143 of 150 finished.
[ 2026-03-29 19:42:44 | node_42 | INFO ] 🧩 Model added for round 143 (2/9) from ['node_16']
[ 2026-03-29 19:42:44 | node_7 | INFO ] 🗳️ [DETERMINISTIC] Train set assigned (No Voting). Size: 50
[ 2026-03-29 19:42:44 | node_43 | INFO ] ⏹️  Gossiping exited for 10 equal rounds.
[ 2026-03-29 19:42:44 | node_22 | INFO ] 🧩 Model added for round 143 (4/9) from ['node_21']
[ 2026-03-29 19:42:44 | node_22 | INFO ] 🧩 Model added for round 143 (5/9) from ['node_39']
[ 2026-03-29 19:42:44 | node_7 | INFO ] ♻️ Proactively processing 4 early models for round 143.
[ 2026-03-29 19:42:44 | node_9 | INFO ] 🧩 Model added for round 143 (6/12) from ['node_2']
[ 2026-03-29 19:42:44 | node_43 | INFO ] 🔬 Evaluating...
[ 2026-03-29 19:42:44 | node_35 | INFO ] 🧩 Model added for round 143 (2/11) from ['node_20']
[ 2026-03-29 19:42:44 | node_5 | INFO ] 🧩 Model added for round 143 (5/5) from ['node_23']
[ 2026-03-29 19:42:44 | node_7 | INFO ] 🧩 Model added for round 143 (1/14) from ['node_16']
[ 2026-03-29 19:42:44 | node_7 | INFO ] 🧩 Model added for round 143 (2/14) from ['node_20']
[ 2026-03-29 19:42:44 | node_28 | INFO ] 🧩 Model added for round 143 (4/7) from ['node_34']
[ 2026-03-29 19:42:44 | node_6 | INFO ] 🧩 Model added for round 143 (5/7) from ['node_30']
[ 2026-03-29 19:42:44 | node_7 | INFO ] 🧩 Model added for round 143 (3/14) from ['node_14']
[ 2026-03-29 19:42:44 | node_33 | INFO ] 🧩 Model added for round 143 (4/9) from ['node_24']
[ 2026-03-29 19:42:44 | node_23 | INFO ] 🧩 Model added for round 143 (6/13) from ['node_35']
[ 2026-03-29 19:42:44 | node_35 | INFO ] 🧩 Model added for round 143 (3/11) from ['node_25']
[ 2026-03-29 19:42:44 | node_7 | INFO ] 🧩 Model added for round 143 (4/14) from ['node_22']
[ 2026-03-29 19:42:45 | node_10 | INFO ] 🧩 Model added for round 143 (6/8) from ['node_31']
[ 2026-03-29 19:42:45 | node_16 | INFO ] 🧩 Model added for round 143 (4/8) from ['node_42']
[ 2026-03-29 19:42:45 | node_35 | INFO ] 🧩 Model added for round 143 (4/11) from ['node_49']
[ 2026-03-29 19:42:45 | node_7 | INFO ] 🏋️‍♀️ Preparing training...
[ 2026-03-29 19:42:45 | node_11 | INFO ] 🧩 Model added for round 143 (3/7) from ['node_18']
[ 2026-03-29 19:42:45 | node_8 | INFO ] 🧩 Model added for round 143 (6/12) from ['node_15']
[ 2026-03-29 19:42:45 | node_27 | INFO ] 🧩 Model added for round 143 (3/5) from ['node_8']
[ 2026-03-29 19:42:45 | node_6 | INFO ] 🧩 Model added for round 143 (6/7) from ['node_45']
[ 2026-03-29 19:42:45 | node_28 | INFO ] 🧩 Model added for round 143 (5/7) from ['node_33']
[ 2026-03-29 19:42:45 | node_21 | INFO ] 🧩 Model added for round 143 (6/11) from ['node_38']
[ 2026-03-29 19:42:45 | node_14 | INFO ] 🧩 Model added for round 143 (3/7) from ['node_10']
[ 2026-03-29 19:42:45 | node_5 | INFO ] 🧠 Aggregation complete. Setting new model.
[ 2026-03-29 19:42:45 | node_48 | INFO ] 🧩 Model added for round 143 (2/11) from ['node_6']
[ 2026-03-29 19:42:45 | node_4 | INFO ] 🎉 Round 143 of 150 finished.
[ 2026-03-29 19:42:45 | node_8 | INFO ] 🧩 Model added for round 143 (7/12) from ['node_48']
[ 2026-03-29 19:42:45 | node_7 | INFO ] 🧩 Model added for round 143 (5/14) from ['node_9']
[ 2026-03-29 19:42:45 | node_43 | INFO ] 📈 Evaluated. Results: {'test_loss': 0.0038615160156041384, 'test_accuracy': 0.9920820593833923, 'test_precision': 0.2965547740459442, 'test_recall': 0.6990222930908203, 'test_f1': 0.41389647126197815, 'communication_cost': 5102356}
[ 2026-03-29 19:42:45 | node_4 | INFO ] 🗳️ [DETERMINISTIC] Train set assigned (No Voting). Size: 50
[ 2026-03-29 19:42:45 | node_43 | INFO ] 📢 Broadcasting metrics.
[ 2026-03-29 19:42:45 | node_24 | INFO ] 🧩 Model added for round 143 (3/8) from ['node_36']
[ 2026-03-29 19:42:45 | node_32 | INFO ] ⏹️  Gossiping exited for 10 equal rounds.
[ 2026-03-29 19:42:46 | node_11 | INFO ] 🧩 Model added for round 143 (4/7) from ['node_22']
[ 2026-03-29 19:42:46 | node_8 | INFO ] 🧩 Model added for round 143 (8/12) from ['node_23']
[ 2026-03-29 19:42:46 | node | INFO ] 🎓 Training step done.
[ 2026-03-29 19:42:46 | node_4 | INFO ] ♻️ Proactively processing 7 early models for round 143.
[ 2026-03-29 19:42:46 | node_42 | INFO ] 🧩 Model added for round 143 (3/9) from ['node_29']
[ 2026-03-29 19:42:46 | node_32 | INFO ] 🔬 Evaluating...
[ 2026-03-29 19:42:46 | node_4 | INFO ] 🧩 Model added for round 143 (1/10) from ['node_28']
[ 2026-03-29 19:42:46 | node | INFO ] 🛠️ Calling force_add_local_model...
[ 2026-03-29 19:42:46 | node_4 | INFO ] 🧩 Model added for round 143 (2/10) from ['node_33']
[ 2026-03-29 19:42:46 | node_5 | INFO ] 🗣️ Gossiping aggregated model.
[ 2026-03-29 19:42:46 | node | INFO ] ✅ [FORCE] Local model added for round 143. (6/8)
[ 2026-03-29 19:42:46 | node_45 | INFO ] 🧩 Model added for round 143 (5/12) from ['node_16']
[ 2026-03-29 19:42:46 | node_4 | INFO ] 🧩 Model added for round 143 (3/10) from ['node_12']
[ 2026-03-29 19:42:46 | node_37 | INFO ] 🎉 Round 143 of 150 finished.
[ 2026-03-29 19:42:46 | node_7 | INFO ] 🧩 Model added for round 143 (6/14) from ['node_30']
[ 2026-03-29 19:42:46 | node_24 | INFO ] 🧩 Model added for round 143 (4/8) from ['node_21']
[ 2026-03-29 19:42:46 | node_4 | INFO ] 🧩 Model added for round 143 (4/10) from ['node_48']
[ 2026-03-29 19:42:46 | node_35 | INFO ] 🧩 Model added for round 143 (5/11) from ['node_8']
[ 2026-03-29 19:42:46 | node_37 | INFO ] 🗳️ [DETERMINISTIC] Train set assigned (No Voting). Size: 50
[ 2026-03-29 19:42:46 | node_4 | INFO ] 🧩 Model added for round 143 (5/10) from ['node_45']
[ 2026-03-29 19:42:46 | node_30 | INFO ] 🧩 Model added for round 143 (5/10) from ['node_39']
[ 2026-03-29 19:42:46 | node_33 | INFO ] 🧩 Model added for round 143 (5/9) from ['node_34']
[ 2026-03-29 19:42:46 | node_4 | INFO ] 🧩 Model added for round 143 (6/10) from ['node_18']
[ 2026-03-29 19:42:46 | node_17 | INFO ] 🧩 Model added for round 143 (3/6) from ['node_31']
[ 2026-03-29 19:42:46 | node_35 | INFO ] 🧩 Model added for round 143 (6/11) from ['node_24']
[ 2026-03-29 19:42:46 | node_4 | INFO ] 🧩 Model added for round 143 (7/10) from ['node_9']
[ 2026-03-29 19:42:46 | node_23 | INFO ] 🧩 Model added for round 143 (7/13) from ['node_42']
[ 2026-03-29 19:42:46 | node_20 | INFO ] 🧩 Model added for round 143 (5/10) from ['node_18']
[ 2026-03-29 19:42:46 | node_37 | INFO ] ♻️ Proactively processing 1 early models for round 143.
[ 2026-03-29 19:42:46 | node_7 | INFO ] 🧩 Model added for round 143 (7/14) from ['node_45']
[ 2026-03-29 19:42:47 | node_4 | INFO ] 🏋️‍♀️ Preparing training...
[ 2026-03-29 19:42:47 | node_37 | INFO ] 🧩 Model added for round 143 (1/11) from ['node_28']
[ 2026-03-29 19:42:47 | node_34 | INFO ] 🧩 Model added for round 143 (5/10) from ['node_33']
[ 2026-03-29 19:42:47 | node_37 | INFO ] 🏋️‍♀️ Preparing training...
[ 2026-03-29 19:42:47 | node_36 | INFO ] 🧩 Model added for round 143 (4/8) from ['node_20']
[ 2026-03-29 19:42:47 | node_7 | INFO ] 🎓 Training step done.
[ 2026-03-29 19:42:47 | node_20 | INFO ] 🧩 Model added for round 143 (6/10) from ['node_10']
[ 2026-03-29 19:42:47 | node_10 | INFO ] 🧩 Model added for round 143 (7/8) from ['node_2']
[ 2026-03-29 19:42:47 | node_7 | INFO ] 🛠️ Calling force_add_local_model...
[ 2026-03-29 19:42:47 | node_32 | INFO ] 📈 Evaluated. Results: {'test_loss': 0.003447312396019697, 'test_accuracy': 0.9914522171020508, 'test_precision': 0.27121129631996155, 'test_recall': 0.6099385619163513, 'test_f1': 0.3636130690574646, 'communication_cost': 5831264}
[ 2026-03-29 19:42:47 | node_42 | INFO ] 🧩 Model added for round 143 (4/9) from ['node_25']
[ 2026-03-29 19:42:47 | node_32 | INFO ] 📢 Broadcasting metrics.
[ 2026-03-29 19:42:47 | node_7 | INFO ] ✅ [FORCE] Local model added for round 143. (8/14)
[ 2026-03-29 19:42:47 | node_15 | INFO ] 🧩 Model added for round 143 (5/9) from ['node_22']
[ 2026-03-29 19:42:47 | node_24 | INFO ] 🧩 Model added for round 143 (5/8) from ['node_35']
[ 2026-03-29 19:42:47 | node_16 | INFO ] 🧩 Model added for round 143 (5/8) from ['node_15']
[ 2026-03-29 19:42:47 | node_39 | INFO ] 🧩 Model added for round 143 (3/10) from ['node_36']
[ 2026-03-29 19:42:47 | node_29 | INFO ] 🧩 Model added for round 143 (4/8) from ['node_38']
[ 2026-03-29 19:42:47 | node_19 | INFO ] 📤 Sending model to 8 direct neighbors: ['node_2', 'node_7', 'node_16', 'node_21', 'node_22', 'node_41', 'node_46', 'node_49']
[ 2026-03-29 19:42:48 | node_1 | INFO ] ⏹️  Gossiping exited for 10 equal rounds.
[ 2026-03-29 19:42:48 | node_45 | INFO ] 🧩 Model added for round 143 (6/12) from ['node_29']
[ 2026-03-29 19:42:48 | node_24 | INFO ] 🧩 Model added for round 143 (6/8) from ['node_31']
[ 2026-03-29 19:42:48 | node_20 | INFO ] 🧩 Model added for round 143 (7/10) from ['node_48']
[ 2026-03-29 19:42:48 | node_37 | INFO ] 🧩 Model added for round 143 (2/11) from ['node_21']
[ 2026-03-29 19:42:48 | node_2 | INFO ] 🧩 Model added for round 143 (8/9) from ['node_19']
[ 2026-03-29 19:42:48 | node_1 | INFO ] 🔬 Evaluating...
[ 2026-03-29 19:42:48 | node_41 | INFO ] 🎉 Round 143 of 150 finished.
[ 2026-03-29 19:42:48 | node_9 | INFO ] 🧩 Model added for round 143 (7/12) from ['node_23']
[ 2026-03-29 19:42:48 | node_41 | INFO ] 🗳️ [DETERMINISTIC] Train set assigned (No Voting). Size: 50
[ 2026-03-29 19:42:48 | node_22 | INFO ] 🧩 Model added for round 143 (6/9) from ['node_9']
[ 2026-03-29 19:42:49 | node_4 | INFO ] 🎓 Training step done.
[ 2026-03-29 19:42:49 | node_41 | INFO ] ♻️ Proactively processing 3 early models for round 143.
[ 2026-03-29 19:42:49 | node_4 | INFO ] 🛠️ Calling force_add_local_model...
[ 2026-03-29 19:42:49 | node_41 | INFO ] 🧩 Model added for round 143 (1/9) from ['node_17']
[ 2026-03-29 19:42:49 | node_37 | INFO ] 🧩 Model added for round 143 (3/11) from ['node_20']
[ 2026-03-29 19:42:49 | node_23 | INFO ] 🧩 Model added for round 143 (8/13) from ['node_18']
[ 2026-03-29 19:42:49 | node_41 | INFO ] 🧩 Model added for round 143 (2/9) from ['node_46']
[ 2026-03-29 19:42:49 | node_4 | INFO ] ✅ [FORCE] Local model added for round 143. (8/10)
[ 2026-03-29 19:42:49 | node_15 | INFO ] 🧩 Model added for round 143 (6/9) from ['node_2']
[ 2026-03-29 19:42:49 | node_36 | INFO ] 🧩 Model added for round 143 (5/8) from ['node_24']
[ 2026-03-29 19:42:49 | node_37 | INFO ] 🎓 Training step done.
[ 2026-03-29 19:42:49 | node_39 | INFO ] 🧩 Model added for round 143 (4/10) from ['node_33']
[ 2026-03-29 19:42:49 | node_41 | INFO ] 🧩 Model added for round 143 (3/9) from ['node_8']
[ 2026-03-29 19:42:49 | node_37 | INFO ] 🛠️ Calling force_add_local_model...
[ 2026-03-29 19:42:49 | node_41 | INFO ] 🏋️‍♀️ Preparing training...
[ 2026-03-29 19:42:49 | node_33 | INFO ] 🧩 Model added for round 143 (6/9) from ['node_39']
[ 2026-03-29 19:42:49 | node_37 | INFO ] ✅ [FORCE] Local model added for round 143. (4/11)
[ 2026-03-29 19:42:49 | node_1 | INFO ] 📈 Evaluated. Results: {'test_loss': 0.005303375888615847, 'test_accuracy': 0.9923526644706726, 'test_precision': 0.2696830630302429, 'test_recall': 0.5074506998062134, 'test_f1': 0.34185630083084106, 'communication_cost': 5831264}
[ 2026-03-29 19:42:49 | node_31 | INFO ] 🧩 Model added for round 143 (6/8) from ['node_10']
[ 2026-03-29 19:42:49 | node_22 | INFO ] 🧩 Model added for round 143 (7/9) from ['node_15']
[ 2026-03-29 19:42:49 | node_25 | INFO ] 🧩 Model added for round 143 (3/8) from ['node_30']
[ 2026-03-29 19:42:49 | node_1 | INFO ] 📢 Broadcasting metrics.
[ 2026-03-29 19:42:49 | node_25 | INFO ] 🧩 Model added for round 143 (4/8) from ['node_42']
[ 2026-03-29 19:42:49 | node_37 | INFO ] 🧩 Model added for round 143 (5/11) from ['node_38']
[ 2026-03-29 19:42:49 | node_19 | INFO ] 🧩 Model added for round 143 (6/9) from ['node_22']
[ 2026-03-29 19:42:49 | node_25 | INFO ] 🧩 Model added for round 143 (5/8) from ['node_35']
[ 2026-03-29 19:42:50 | node_16 | INFO ] 🧩 Model added for round 143 (6/8) from ['node_45']
[ 2026-03-29 19:42:50 | node_48 | INFO ] 🧩 Model added for round 143 (3/11) from ['node_36']
[ 2026-03-29 19:42:50 | node_29 | INFO ] 🧩 Model added for round 143 (5/8) from ['node_31']
[ 2026-03-29 19:42:50 | node_48 | INFO ] 🧩 Model added for round 143 (4/11) from ['node_8']
[ 2026-03-29 19:42:50 | node_7 | INFO ] 🧩 Model added for round 143 (9/14) from ['node_19']
[ 2026-03-29 19:42:50 | node_23 | INFO ] 🧩 Model added for round 143 (9/13) from ['node_48']
[ 2026-03-29 19:42:50 | node_23 | INFO ] 🧩 Model added for round 143 (10/13) from ['node_9']
[ 2026-03-29 19:42:50 | node_47 | INFO ] 🎉 Round 143 of 150 finished.
[ 2026-03-29 19:42:51 | node_47 | INFO ] 🗳️ [DETERMINISTIC] Train set assigned (No Voting). Size: 50
[ 2026-03-29 19:42:51 | node_38 | INFO ] 🧩 Model added for round 143 (6/11) from ['node_21']
[ 2026-03-29 19:42:51 | node_49 | INFO ] 🧩 Model added for round 143 (3/9) from ['node_29']
[ 2026-03-29 19:42:51 | node_37 | INFO ] 🧩 Model added for round 143 (6/11) from ['node_24']
[ 2026-03-29 19:42:51 | node_43 | INFO ] 🎉 Round 143 of 150 finished.
[ 2026-03-29 19:42:51 | node_47 | INFO ] ♻️ Proactively processing 3 early models for round 143.
[ 2026-03-29 19:42:51 | node_19 | INFO ] 🧩 Model added for round 143 (7/9) from ['node_2']
[ 2026-03-29 19:42:51 | node_47 | INFO ] 🧩 Model added for round 143 (1/12) from ['node_27']
[ 2026-03-29 19:42:51 | node_18 | INFO ] 🧩 Model added for round 143 (5/9) from ['node_23']
[ 2026-03-29 19:42:51 | node_43 | INFO ] 🗳️ [DETERMINISTIC] Train set assigned (No Voting). Size: 50
[ 2026-03-29 19:42:51 | node_47 | INFO ] 🧩 Model added for round 143 (2/12) from ['node_3']
[ 2026-03-29 19:42:51 | node_34 | INFO ] 🧩 Model added for round 143 (6/10) from ['node_10']
[ 2026-03-29 19:42:51 | node | INFO ] 📤 Sending model to 7 direct neighbors: ['node_7', 'node_10', 'node_14', 'node_26', 'node_30', 'node_31', 'node_45']
[ 2026-03-29 19:42:51 | node_35 | INFO ] 🧩 Model added for round 143 (7/11) from ['node_39']
[ 2026-03-29 19:42:51 | node_49 | INFO ] 🧩 Model added for round 143 (4/9) from ['node_33']
[ 2026-03-29 19:42:51 | node_47 | INFO ] 🧩 Model added for round 143 (3/12) from ['node_6']
[ 2026-03-29 19:42:51 | node_29 | INFO ] 🧩 Model added for round 143 (6/8) from ['node_42']
[ 2026-03-29 19:42:51 | node_41 | INFO ] 🎓 Training step done.
[ 2026-03-29 19:42:51 | node_35 | INFO ] 🧩 Model added for round 143 (8/11) from ['node_30']
[ 2026-03-29 19:42:51 | node_47 | INFO ] 🏋️‍♀️ Preparing training...
[ 2026-03-29 19:42:51 | node_41 | INFO ] 🛠️ Calling force_add_local_model...
[ 2026-03-29 19:42:51 | node_30 | INFO ] 🧩 Model added for round 143 (6/10) from ['node_35']
[ 2026-03-29 19:42:51 | node_37 | INFO ] 🧩 Model added for round 143 (7/11) from ['node_15']
[ 2026-03-29 19:42:51 | node_43 | INFO ] ♻️ Proactively processing 4 early models for round 143.
[ 2026-03-29 19:42:51 | node_41 | INFO ] ✅ [FORCE] Local model added for round 143. (4/9)
[ 2026-03-29 19:42:51 | node_43 | INFO ] 🧩 Model added for round 143 (1/8) from ['node_14']
[ 2026-03-29 19:42:52 | node_18 | INFO ] 🧩 Model added for round 143 (6/9) from ['node_45']
[ 2026-03-29 19:42:52 | node_43 | INFO ] 🧩 Model added for round 143 (2/8) from ['node_34']
[ 2026-03-29 19:42:52 | node_21 | INFO ] 🧩 Model added for round 143 (7/11) from ['node_22']
[ 2026-03-29 19:42:52 | node_43 | INFO ] 🧩 Model added for round 143 (3/8) from ['node_25']
[ 2026-03-29 19:42:52 | node_43 | INFO ] 🧩 Model added for round 143 (4/8) from ['node_8']
[ 2026-03-29 19:42:52 | node_48 | INFO ] 🧩 Model added for round 143 (5/11) from ['node_20']
[ 2026-03-29 19:42:52 | node_7 | INFO ] 🧩 Model added for round 143 (10/14) from ['node']
[ 2026-03-29 19:42:52 | node_43 | INFO ] 🏋️‍♀️ Preparing training...
[ 2026-03-29 19:42:52 | node_41 | INFO ] 🧩 Model added for round 143 (5/9) from ['node_31']
[ 2026-03-29 19:42:52 | node_44 | INFO ] ⏹️  Gossiping exited for 10 equal rounds.
[ 2026-03-29 19:42:52 | node_7 | INFO ] 📤 Sending model to 13 direct neighbors: ['node', 'node_4', 'node_9', 'node_14', 'node_16', 'node_19', 'node_20', 'node_22', 'node_30', 'node_32', 'node_37', 'node_45', 'node_47']
[ 2026-03-29 19:42:52 | node_38 | INFO ] 🧩 Model added for round 143 (7/11) from ['node_18']
[ 2026-03-29 19:42:52 | node_40 | INFO ] ⏹️  Gossiping exited for 10 equal rounds.
[ 2026-03-29 19:42:52 | node_44 | INFO ] 🔬 Evaluating...
[ 2026-03-29 19:42:53 | node_40 | INFO ] 🔬 Evaluating...
[ 2026-03-29 19:42:53 | node_47 | INFO ] 🧩 Model added for round 143 (4/12) from ['node_38']
[ 2026-03-29 19:42:53 | node_49 | INFO ] 🧩 Model added for round 143 (5/9) from ['node_8']
[ 2026-03-29 19:42:53 | node | INFO ] 🧩 Model added for round 143 (7/8) from ['node_7']
[ 2026-03-29 19:42:53 | node_21 | INFO ] 🧩 Model added for round 143 (8/11) from ['node_2']
[ 2026-03-29 19:42:53 | node_39 | INFO ] 🧩 Model added for round 143 (5/10) from ['node_42']
[ 2026-03-29 19:42:53 | node_47 | INFO ] 🧩 Model added for round 143 (5/12) from ['node_21']
[ 2026-03-29 19:42:53 | node_32 | INFO ] 🎉 Round 143 of 150 finished.
[ 2026-03-29 19:42:53 | node_24 | INFO ] 🧩 Model added for round 143 (7/8) from ['node_9']
[ 2026-03-29 19:42:53 | node_36 | INFO ] 🧩 Model added for round 143 (6/8) from ['node_48']
[ 2026-03-29 19:42:53 | node_32 | INFO ] 🗳️ [DETERMINISTIC] Train set assigned (No Voting). Size: 50
[ 2026-03-29 19:42:54 | node_16 | INFO ] 🧩 Model added for round 143 (7/8) from ['node_19']
[ 2026-03-29 19:42:54 | node_44 | INFO ] 📈 Evaluated. Results: {'test_loss': 0.0037144278176128864, 'test_accuracy': 0.9909123778343201, 'test_precision': 0.21817857027053833, 'test_recall': 0.5860876441001892, 'test_f1': 0.30971771478652954, 'communication_cost': 5831264}
[ 2026-03-29 19:42:54 | node_35 | INFO ] 🧩 Model added for round 143 (9/11) from ['node_10']
[ 2026-03-29 19:42:54 | node_40 | INFO ] 📈 Evaluated. Results: {'test_loss': 0.004306823946535587, 'test_accuracy': 0.9899226427078247, 'test_precision': 0.21164309978485107, 'test_recall': 0.5744226574897766, 'test_f1': 0.30469655990600586, 'communication_cost': 7289080}
[ 2026-03-29 19:42:54 | node_44 | INFO ] 📢 Broadcasting metrics.
[ 2026-03-29 19:42:54 | node_29 | INFO ] 🧩 Model added for round 143 (7/8) from ['node_23']
[ 2026-03-29 19:42:54 | node_23 | INFO ] 🧩 Model added for round 143 (11/13) from ['node_45']
[ 2026-03-29 19:42:54 | node_32 | INFO ] ♻️ Proactively processing 6 early models for round 143.
[ 2026-03-29 19:42:54 | node_47 | INFO ] 🎓 Training step done.
[ 2026-03-29 19:42:54 | node_36 | INFO ] 🧩 Model added for round 143 (7/8) from ['node_39']
[ 2026-03-29 19:42:54 | node_32 | INFO ] 🧩 Model added for round 143 (1/9) from ['node_13']
[ 2026-03-29 19:42:54 | node_40 | INFO ] 📢 Broadcasting metrics.
[ 2026-03-29 19:42:54 | node_4 | INFO ] 📤 Sending model to 9 direct neighbors: ['node_7', 'node_9', 'node_12', 'node_18', 'node_28', 'node_33', 'node_40', 'node_45', 'node_48']
[ 2026-03-29 19:42:54 | node_37 | INFO ] 🧩 Model added for round 143 (8/11) from ['node_30']
[ 2026-03-29 19:42:54 | node_47 | INFO ] 🛠️ Calling force_add_local_model...
[ 2026-03-29 19:42:54 | node_32 | INFO ] 🧩 Model added for round 143 (2/9) from ['node_49']
[ 2026-03-29 19:42:54 | node_37 | INFO ] 🧩 Model added for round 143 (9/11) from ['node_35']
[ 2026-03-29 19:42:54 | node_47 | INFO ] ✅ [FORCE] Local model added for round 143. (6/12)
[ 2026-03-29 19:42:54 | node_32 | INFO ] 🧩 Model added for round 143 (3/9) from ['node_46']
[ 2026-03-29 19:42:54 | node_32 | INFO ] 🧩 Model added for round 143 (4/9) from ['node_11']
[ 2026-03-29 19:42:54 | node_33 | INFO ] 🧩 Model added for round 143 (7/9) from ['node_22']
[ 2026-03-29 19:42:54 | node_37 | INFO ] 📤 Sending model to 10 direct neighbors: ['node_7', 'node_9', 'node_15', 'node_20', 'node_21', 'node_24', 'node_28', 'node_30', 'node_35', 'node_38']
[ 2026-03-29 19:42:54 | node_32 | INFO ] 🧩 Model added for round 143 (5/9) from ['node_39']
[ 2026-03-29 19:42:54 | node_32 | INFO ] 🧩 Model added for round 143 (6/9) from ['node_18']
[ 2026-03-29 19:42:54 | node_43 | INFO ] 🎓 Training step done.
[ 2026-03-29 19:42:54 | node_7 | INFO ] 🧩 Model added for round 143 (11/14) from ['node_4']
[ 2026-03-29 19:42:54 | node_32 | INFO ] 🏋️‍♀️ Preparing training...
[ 2026-03-29 19:42:54 | node_43 | INFO ] 🛠️ Calling force_add_local_model...
[ 2026-03-29 19:42:54 | node_26 | INFO ] ⏹️  Gossiping exited for 10 equal rounds.
[ 2026-03-29 19:42:54 | node_42 | INFO ] 🧩 Model added for round 143 (5/9) from ['node_15']
[ 2026-03-29 19:42:55 | node_43 | INFO ] ✅ [FORCE] Local model added for round 143. (5/8)
[ 2026-03-29 19:42:55 | node_45 | INFO ] 🧩 Model added for round 143 (7/12) from ['node_18']
[ 2026-03-29 19:42:55 | node_7 | INFO ] 🧩 Model added for round 143 (12/14) from ['node_37']
[ 2026-03-29 19:42:55 | node_4 | INFO ] 🧩 Model added for round 143 (9/10) from ['node_7']
[ 2026-03-29 19:42:55 | node_26 | INFO ] 🔬 Evaluating...
[ 2026-03-29 19:42:55 | node_10 | INFO ] 🧩 Model added for round 143 (8/8) from ['node']
[ 2026-03-29 19:42:55 | node_25 | INFO ] 🧩 Model added for round 143 (6/8) from ['node_9']
[ 2026-03-29 19:42:55 | node_21 | INFO ] 🧩 Model added for round 143 (9/11) from ['node_19']
[ 2026-03-29 19:42:55 | node_1 | INFO ] 🎉 Round 143 of 150 finished.
[ 2026-03-29 19:42:55 | node_1 | INFO ] 🗳️ [DETERMINISTIC] Train set assigned (No Voting). Size: 50
[ 2026-03-29 19:42:55 | node_46 | INFO ] 🧩 Model added for round 143 (3/7) from ['node_2']
[ 2026-03-29 19:42:55 | node_33 | INFO ] 🧩 Model added for round 143 (8/9) from ['node_23']
[ 2026-03-29 19:42:56 | node_42 | INFO ] 🧩 Model added for round 143 (6/9) from ['node_39']
[ 2026-03-29 19:42:56 | node_1 | INFO ] ♻️ Proactively processing 7 early models for round 143.
[ 2026-03-29 19:42:56 | node_49 | INFO ] 🧩 Model added for round 143 (6/9) from ['node_21']
[ 2026-03-29 19:42:56 | node_43 | INFO ] 🧩 Model added for round 143 (6/8) from ['node_48']
[ 2026-03-29 19:42:56 | node_1 | INFO ] 🧩 Model added for round 143 (1/9) from ['node_25']
[ 2026-03-29 19:42:56 | node_41 | INFO ] 🧩 Model added for round 143 (6/9) from ['node_42']
[ 2026-03-29 19:42:56 | node_1 | INFO ] 🧩 Model added for round 143 (2/9) from ['node_12']
[ 2026-03-29 19:42:56 | node_1 | INFO ] 🧩 Model added for round 143 (3/9) from ['node_8']
[ 2026-03-29 19:42:56 | node_39 | INFO ] 🧩 Model added for round 143 (6/10) from ['node_22']
[ 2026-03-29 19:42:56 | node_1 | INFO ] 🧩 Model added for round 143 (4/9) from ['node_34']
[ 2026-03-29 19:42:56 | node_39 | INFO ] 🧩 Model added for round 143 (7/10) from ['node_30']
[ 2026-03-29 19:42:56 | node_1 | INFO ] 🧩 Model added for round 143 (5/9) from ['node_38']
[ 2026-03-29 19:42:56 | node_10 | INFO ] 🧠 Aggregation complete. Setting new model.
[ 2026-03-29 19:42:56 | node_39 | INFO ] 🧩 Model added for round 143 (8/10) from ['node_35']
[ 2026-03-29 19:42:56 | node_27 | INFO ] 🧩 Model added for round 143 (4/5) from ['node_45']
[ 2026-03-29 19:42:56 | node_1 | INFO ] 🧩 Model added for round 143 (6/9) from ['node_17']
[ 2026-03-29 19:42:56 | node_26 | INFO ] 📈 Evaluated. Results: {'test_loss': 0.003308586310595274, 'test_accuracy': 0.9937916398048401, 'test_precision': 0.36720407009124756, 'test_recall': 0.7068398594856262, 'test_f1': 0.47424885630607605, 'communication_cost': 6560172}
[ 2026-03-29 19:42:56 | node_1 | INFO ] 🧩 Model added for round 143 (7/9) from ['node_48']
[ 2026-03-29 19:42:56 | node_1 | INFO ] 🏋️‍♀️ Preparing training...
[ 2026-03-29 19:42:56 | node_26 | INFO ] 📢 Broadcasting metrics.
[ 2026-03-29 19:42:57 | node_9 | INFO ] 🧩 Model added for round 143 (8/12) from ['node_7']
[ 2026-03-29 19:42:57 | node_41 | INFO ] 📤 Sending model to 8 direct neighbors: ['node_8', 'node_17', 'node_19', 'node_26', 'node_31', 'node_32', 'node_42', 'node_46']
[ 2026-03-29 19:42:57 | node_14 | INFO ] 🧩 Model added for round 143 (4/7) from ['node']
[ 2026-03-29 19:42:57 | node_32 | INFO ] 🎓 Training step done.
[ 2026-03-29 19:42:57 | node_36 | INFO ] 🧩 Model added for round 143 (8/8) from ['node_9']
[ 2026-03-29 19:42:57 | node_47 | INFO ] 🧩 Model added for round 143 (7/12) from ['node_18']
[ 2026-03-29 19:42:57 | node_9 | INFO ] 🧩 Model added for round 143 (9/12) from ['node_4']
[ 2026-03-29 19:42:57 | node_32 | INFO ] 🛠️ Calling force_add_local_model...
[ 2026-03-29 19:42:57 | node_47 | INFO ] 🧩 Model added for round 143 (8/12) from ['node_2']
[ 2026-03-29 19:42:57 | node_32 | INFO ] ✅ [FORCE] Local model added for round 143. (7/9)
[ 2026-03-29 19:42:57 | node_8 | INFO ] 🧩 Model added for round 143 (9/12) from ['node_41']
[ 2026-03-29 19:42:57 | node_35 | INFO ] 🧩 Model added for round 143 (10/11) from ['node_23']
[ 2026-03-29 19:42:57 | node_29 | INFO ] 🧩 Model added for round 143 (8/8) from ['node_45']
[ 2026-03-29 19:42:57 | node_47 | INFO ] 🧩 Model added for round 143 (9/12) from ['node_48']
[ 2026-03-29 19:42:57 | node_9 | INFO ] 🧩 Model added for round 143 (10/12) from ['node_37']
[ 2026-03-29 19:42:57 | node_22 | INFO ] 🧩 Model added for round 143 (8/9) from ['node_19']
[ 2026-03-29 19:42:57 | node_47 | INFO ] 🧩 Model added for round 143 (10/12) from ['node_39']
[ 2026-03-29 19:42:57 | node_10 | INFO ] 🗣️ Gossiping aggregated model.
[ 2026-03-29 19:42:58 | node_36 | INFO ] 🧠 Aggregation complete. Setting new model.
[ 2026-03-29 19:42:58 | node_29 | INFO ] 🧠 Aggregation complete. Setting new model.
[ 2026-03-29 19:42:58 | node_29 | INFO ] 🗣️ Gossiping aggregated model.
[ 2026-03-29 19:42:58 | node_44 | INFO ] 🎉 Round 143 of 150 finished.
[ 2026-03-29 19:42:58 | node_44 | INFO ] 🗳️ [DETERMINISTIC] Train set assigned (No Voting). Size: 50
[ 2026-03-29 19:42:58 | node_36 | INFO ] 🗣️ Gossiping aggregated model.
[ 2026-03-29 19:42:58 | node_49 | INFO ] 🧩 Model added for round 143 (7/9) from ['node_35']
[ 2026-03-29 19:42:58 | node_1 | INFO ] 🎓 Training step done.
[ 2026-03-29 19:42:59 | node_37 | INFO ] 🧩 Model added for round 143 (10/11) from ['node_9']
[ 2026-03-29 19:42:59 | node_44 | INFO ] ♻️ Proactively processing 6 early models for round 143.
[ 2026-03-29 19:42:59 | node_42 | INFO ] 🧩 Model added for round 143 (7/9) from ['node_23']
[ 2026-03-29 19:42:59 | node_14 | INFO ] 🧩 Model added for round 143 (5/7) from ['node_7']
[ 2026-03-29 19:42:59 | node_1 | INFO ] 🛠️ Calling force_add_local_model...
[ 2026-03-29 19:42:59 | node_44 | INFO ] 🧩 Model added for round 143 (1/9) from ['node_46']
[ 2026-03-29 19:42:59 | node_44 | INFO ] 🧩 Model added for round 143 (2/9) from ['node_11']
[ 2026-03-29 19:42:59 | node_1 | INFO ] ✅ [FORCE] Local model added for round 143. (8/9)
[ 2026-03-29 19:42:59 | node_12 | INFO ] 🧩 Model added for round 143 (4/6) from ['node_4']
[ 2026-03-29 19:42:59 | node_44 | INFO ] 🧩 Model added for round 143 (3/9) from ['node_34']
[ 2026-03-29 19:42:59 | node_41 | INFO ] 🧩 Model added for round 143 (7/9) from ['node_19']
[ 2026-03-29 19:42:59 | node_44 | INFO ] 🧩 Model added for round 143 (4/9) from ['node_8']
[ 2026-03-29 19:42:59 | node_43 | INFO ] 🧩 Model added for round 143 (7/8) from ['node_45']
[ 2026-03-29 19:42:59 | node_44 | INFO ] 🧩 Model added for round 143 (5/9) from ['node_15']
[ 2026-03-29 19:42:59 | node_44 | INFO ] 🧩 Model added for round 143 (6/9) from ['node_30']
[ 2026-03-29 19:42:59 | node_47 | INFO ] 📤 Sending model to 11 direct neighbors: ['node_2', 'node_3', 'node_6', 'node_7', 'node_9', 'node_18', 'node_21', 'node_27', 'node_38', 'node_39', 'node_48']
[ 2026-03-29 19:42:59 | node_44 | INFO ] 🏋️‍♀️ Preparing training...
[ 2026-03-29 19:42:59 | node_30 | INFO ] 🧩 Model added for round 143 (7/10) from ['node']
[ 2026-03-29 19:42:59 | node_15 | INFO ] 🧩 Model added for round 143 (7/9) from ['node_37']
[ 2026-03-29 19:42:59 | node_17 | INFO ] 🧩 Model added for round 143 (4/6) from ['node_41']
[ 2026-03-29 19:42:59 | node_40 | INFO ] 🎉 Round 143 of 150 finished.
[ 2026-03-29 19:42:59 | node_2 | INFO ] 🧩 Model added for round 143 (9/9) from ['node_47']
[ 2026-03-29 19:42:59 | node_40 | INFO ] 🗳️ [DETERMINISTIC] Train set assigned (No Voting). Size: 50
[ 2026-03-29 19:43:00 | node_43 | INFO ] 📤 Sending model to 7 direct neighbors: ['node_8', 'node_14', 'node_23', 'node_25', 'node_34', 'node_45', 'node_48']
[ 2026-03-29 19:43:00 | node_40 | INFO ] ♻️ Proactively processing 7 early models for round 143.
[ 2026-03-29 19:43:00 | node_40 | INFO ] 🧩 Model added for round 143 (1/11) from ['node_14']
[ 2026-03-29 19:43:00 | node_40 | INFO ] 🧩 Model added for round 143 (2/11) from ['node_11']
[ 2026-03-29 19:43:00 | node_40 | INFO ] 🧩 Model added for round 143 (3/11) from ['node_20']
[ 2026-03-29 19:43:00 | node_18 | INFO ] 🧩 Model added for round 143 (7/9) from ['node_4']
[ 2026-03-29 19:43:00 | node_16 | INFO ] 🧩 Model added for round 143 (8/8) from ['node_7']
[ 2026-03-29 19:43:00 | node_40 | INFO ] 🧩 Model added for round 143 (4/11) from ['node_38']
[ 2026-03-29 19:43:00 | node_40 | INFO ] 🧩 Model added for round 143 (5/11) from ['node_15']
[ 2026-03-29 19:43:00 | node_8 | INFO ] 🧩 Model added for round 143 (10/12) from ['node_43']
[ 2026-03-29 19:43:00 | node_40 | INFO ] 🧩 Model added for round 143 (6/11) from ['node_48']
[ 2026-03-29 19:43:00 | node_43 | INFO ] 🧩 Model added for round 143 (8/8) from ['node_23']
[ 2026-03-29 19:43:00 | node_40 | INFO ] 🧩 Model added for round 143 (7/11) from ['node_42']
[ 2026-03-29 19:43:00 | node_40 | INFO ] 🏋️‍♀️ Preparing training...
[ 2026-03-29 19:43:00 | node_2 | INFO ] 🧠 Aggregation complete. Setting new model.
[ 2026-03-29 19:43:00 | node_16 | INFO ] 🧠 Aggregation complete. Setting new model.
[ 2026-03-29 19:43:00 | node_40 | INFO ] 🧩 Model added for round 143 (8/11) from ['node_9']
[ 2026-03-29 19:43:00 | node_46 | INFO ] 🧩 Model added for round 143 (4/7) from ['node_19']
[ 2026-03-29 19:43:00 | node_26 | INFO ] 🎉 Round 143 of 150 finished.
[ 2026-03-29 19:43:01 | node_26 | INFO ] 🗳️ [DETERMINISTIC] Train set assigned (No Voting). Size: 50
[ 2026-03-29 19:43:01 | node_26 | INFO ] ♻️ Proactively processing 6 early models for round 143.
[ 2026-03-29 19:43:01 | node_26 | INFO ] 🧩 Model added for round 143 (1/10) from ['node_17']
[ 2026-03-29 19:43:01 | node_16 | INFO ] 🗣️ Gossiping aggregated model.
[ 2026-03-29 19:43:01 | node_26 | INFO ] 🧩 Model added for round 143 (2/10) from ['node_12']
[ 2026-03-29 19:43:01 | node_26 | INFO ] 🧩 Model added for round 143 (3/10) from ['node_13']
[ 2026-03-29 19:43:01 | node_26 | INFO ] 🧩 Model added for round 143 (4/10) from ['node_34']
[ 2026-03-29 19:43:01 | node_2 | INFO ] 🗣️ Gossiping aggregated model.
[ 2026-03-29 19:43:01 | node_26 | INFO ] 🧩 Model added for round 143 (5/10) from ['node_23']
[ 2026-03-29 19:43:01 | node_26 | INFO ] 🧩 Model added for round 143 (6/10) from ['node']
[ 2026-03-29 19:43:01 | node_26 | INFO ] 🏋️‍♀️ Preparing training...
[ 2026-03-29 19:43:01 | node_20 | INFO ] 🧩 Model added for round 143 (8/10) from ['node_37']
[ 2026-03-29 19:43:01 | node_19 | INFO ] 🧩 Model added for round 143 (8/9) from ['node_41']
[ 2026-03-29 19:43:01 | node_31 | INFO ] 🧩 Model added for round 143 (7/8) from ['node']
[ 2026-03-29 19:43:01 | node_3 | INFO ] 🧩 Model added for round 143 (6/6) from ['node_47']
[ 2026-03-29 19:43:01 | node_19 | INFO ] 🧩 Model added for round 143 (9/9) from ['node_7']
[ 2026-03-29 19:43:01 | node_28 | INFO ] 🧩 Model added for round 143 (6/7) from ['node_4']
[ 2026-03-29 19:43:01 | node_44 | INFO ] 🎓 Training step done.
[ 2026-03-29 19:43:01 | node_49 | INFO ] 🧩 Model added for round 143 (8/9) from ['node_19']
[ 2026-03-29 19:43:01 | node_44 | INFO ] 🛠️ Calling force_add_local_model...
[ 2026-03-29 19:43:01 | node_47 | INFO ] 🧩 Model added for round 143 (11/12) from ['node_9']
[ 2026-03-29 19:43:01 | node_45 | INFO ] 🧩 Model added for round 143 (8/12) from ['node_23']
[ 2026-03-29 19:43:02 | node_44 | INFO ] ✅ [FORCE] Local model added for round 143. (7/9)
[ 2026-03-29 19:43:02 | node_14 | INFO ] 🧩 Model added for round 143 (6/7) from ['node_43']
[ 2026-03-29 19:43:02 | node_3 | INFO ] 🧠 Aggregation complete. Setting new model.
[ 2026-03-29 19:43:02 | node_32 | INFO ] 📤 Sending model to 8 direct neighbors: ['node_7', 'node_11', 'node_13', 'node_18', 'node_39', 'node_41', 'node_46', 'node_49']
[ 2026-03-29 19:43:02 | node_40 | INFO ] 🎓 Training step done.
[ 2026-03-29 19:43:03 | node_33 | INFO ] 🧩 Model added for round 143 (9/9) from ['node_4']
[ 2026-03-29 19:43:03 | node_26 | INFO ] 🧩 Model added for round 143 (7/10) from ['node_41']
[ 2026-03-29 19:43:03 | node_6 | INFO ] 🧩 Model added for round 143 (7/7) from ['node_47']
[ 2026-03-29 19:43:03 | node_40 | INFO ] 🛠️ Calling force_add_local_model...
[ 2026-03-29 19:43:03 | node_3 | INFO ] 🗣️ Gossiping aggregated model.
[ 2026-03-29 19:43:03 | node_21 | INFO ] 🧩 Model added for round 143 (10/11) from ['node_37']
[ 2026-03-29 19:43:03 | node_40 | INFO ] ✅ [FORCE] Local model added for round 143. (9/11)
[ 2026-03-29 19:43:03 | node_20 | INFO ] 🧩 Model added for round 143 (9/10) from ['node_7']
[ 2026-03-29 19:43:03 | node_7 | INFO ] 🧩 Model added for round 143 (13/14) from ['node_32']
[ 2026-03-29 19:43:03 | node_45 | INFO ] 🧩 Model added for round 143 (9/12) from ['node']
[ 2026-03-29 19:43:03 | node_23 | INFO ] 🧩 Model added for round 143 (12/13) from ['node_43']
[ 2026-03-29 19:43:03 | node_6 | INFO ] 🧠 Aggregation complete. Setting new model.
[ 2026-03-29 19:43:03 | node_33 | INFO ] 🧠 Aggregation complete. Setting new model.
[ 2026-03-29 19:43:03 | node_48 | INFO ] 🧩 Model added for round 143 (6/11) from ['node_23']
[ 2026-03-29 19:43:03 | node_19 | INFO ] 🧠 Aggregation complete. Setting new model.
[ 2026-03-29 19:43:04 | node_26 | INFO ] 🎓 Training step done.
[ 2026-03-29 19:43:04 | node_26 | INFO ] 🛠️ Calling force_add_local_model...
[ 2026-03-29 19:43:04 | node_1 | INFO ] 📤 Sending model to 8 direct neighbors: ['node_8', 'node_12', 'node_17', 'node_25', 'node_26', 'node_34', 'node_38', 'node_48']
[ 2026-03-29 19:43:04 | node_26 | INFO ] ✅ [FORCE] Local model added for round 143. (8/10)
[ 2026-03-29 19:43:04 | node_7 | INFO ] 🧩 Model added for round 143 (14/14) from ['node_47']
[ 2026-03-29 19:43:04 | node_6 | INFO ] 🗣️ Gossiping aggregated model.
[ 2026-03-29 19:43:04 | node_8 | INFO ] 🧩 Model added for round 143 (11/12) from ['node_1']
[ 2026-03-29 19:43:04 | node_40 | INFO ] 🧩 Model added for round 143 (10/11) from ['node_4']
[ 2026-03-29 19:43:04 | node_31 | INFO ] 🧩 Model added for round 143 (8/8) from ['node_41']
[ 2026-03-29 19:43:05 | node_33 | INFO ] 🗣️ Gossiping aggregated model.
[ 2026-03-29 19:43:05 | node_22 | INFO ] 🧩 Model added for round 143 (9/9) from ['node_7']
[ 2026-03-29 19:43:05 | node_24 | INFO ] 🧩 Model added for round 143 (8/8) from ['node_37']
[ 2026-03-29 19:43:05 | node_19 | INFO ] 🗣️ Gossiping aggregated model.
[ 2026-03-29 19:43:05 | node_25 | INFO ] 🧩 Model added for round 143 (7/8) from ['node_43']
[ 2026-03-29 19:43:05 | node_11 | INFO ] 🧩 Model added for round 143 (5/7) from ['node_32']
[ 2026-03-29 19:43:05 | node_31 | INFO ] 🧠 Aggregation complete. Setting new model.
[ 2026-03-29 19:43:05 | node_24 | INFO ] 🧠 Aggregation complete. Setting new model.
[ 2026-03-29 19:43:05 | node_22 | INFO ] 🧠 Aggregation complete. Setting new model.
[ 2026-03-29 19:43:06 | node_24 | INFO ] 🗣️ Gossiping aggregated model.
[ 2026-03-29 19:43:06 | node_31 | INFO ] 🗣️ Gossiping aggregated model.
[ 2026-03-29 19:43:07 | node_22 | INFO ] 🗣️ Gossiping aggregated model.
[ 2026-03-29 19:43:07 | node_44 | INFO ] 📤 Sending model to 8 direct neighbors: ['node_8', 'node_11', 'node_15', 'node_26', 'node_30', 'node_34', 'node_40', 'node_46']
[ 2026-03-29 19:43:07 | node_45 | INFO ] 🧩 Model added for round 143 (10/12) from ['node_4']
[ 2026-03-29 19:43:07 | node_32 | INFO ] 🧩 Model added for round 143 (8/9) from ['node_41']
[ 2026-03-29 19:43:07 | node_28 | INFO ] 🧩 Model added for round 143 (7/7) from ['node_37']
[ 2026-03-29 19:43:07 | node_34 | INFO ] 🧩 Model added for round 143 (7/10) from ['node_43']
[ 2026-03-29 19:43:07 | node_9 | INFO ] 🧩 Model added for round 143 (11/12) from ['node_47']
[ 2026-03-29 19:43:07 | node_30 | INFO ] 🧩 Model added for round 143 (8/10) from ['node_7']
[ 2026-03-29 19:43:07 | node_12 | INFO ] 🧩 Model added for round 143 (5/6) from ['node_1']
[ 2026-03-29 19:43:07 | node_13 | INFO ] 🧩 Model added for round 143 (5/6) from ['node_32']
[ 2026-03-29 19:43:08 | node_8 | INFO ] 🧩 Model added for round 143 (12/12) from ['node_44']
[ 2026-03-29 19:43:08 | node_40 | INFO ] 📤 Sending model to 10 direct neighbors: ['node_4', 'node_9', 'node_11', 'node_14', 'node_15', 'node_20', 'node_38', 'node_42', 'node_44', 'node_48']
[ 2026-03-29 19:43:08 | node_42 | INFO ] 🧩 Model added for round 143 (8/9) from ['node_41']
[ 2026-03-29 19:43:09 | node_32 | INFO ] 🧩 Model added for round 143 (9/9) from ['node_7']
[ 2026-03-29 19:43:09 | node_48 | INFO ] 🧩 Model added for round 143 (7/11) from ['node_4']
[ 2026-03-29 19:43:09 | node_30 | INFO ] 🧩 Model added for round 143 (9/10) from ['node_37']
[ 2026-03-29 19:43:09 | node_45 | INFO ] 🧩 Model added for round 143 (11/12) from ['node_43']
[ 2026-03-29 19:43:09 | node_17 | INFO ] 🧩 Model added for round 143 (5/6) from ['node_1']
[ 2026-03-29 19:43:09 | node_4 | INFO ] 🧩 Model added for round 143 (10/10) from ['node_40']
[ 2026-03-29 19:43:09 | node_18 | INFO ] 🧩 Model added for round 143 (8/9) from ['node_32']
[ 2026-03-29 19:43:09 | node_26 | INFO ] 📤 Sending model to 9 direct neighbors: ['node', 'node_1', 'node_12', 'node_13', 'node_17', 'node_23', 'node_34', 'node_41', 'node_44']
[ 2026-03-29 19:43:09 | node_18 | INFO ] 🧩 Model added for round 143 (9/9) from ['node_47']
[ 2026-03-29 19:43:10 | node_11 | INFO ] 🧩 Model added for round 143 (6/7) from ['node_44']
[ 2026-03-29 19:43:10 | node | INFO ] 🧩 Model added for round 143 (8/8) from ['node_26']
[ 2026-03-29 19:43:10 | node_25 | INFO ] 🧩 Model added for round 143 (8/8) from ['node_1']
[ 2026-03-29 19:43:10 | node_37 | INFO ] 🧩 Model added for round 143 (11/11) from ['node_7']
[ 2026-03-29 19:43:10 | node_48 | INFO ] 🧩 Model added for round 143 (8/11) from ['node_43']
[ 2026-03-29 19:43:10 | node_46 | INFO ] 🧩 Model added for round 143 (5/7) from ['node_41']
[ 2026-03-29 19:43:11 | node_9 | INFO ] 🧩 Model added for round 143 (12/12) from ['node_40']
[ 2026-03-29 19:43:11 | node_35 | INFO ] 🧩 Model added for round 143 (11/11) from ['node_37']
[ 2026-03-29 19:43:11 | node_39 | INFO ] 🧩 Model added for round 143 (9/10) from ['node_32']
[ 2026-03-29 19:43:11 | node_21 | INFO ] 🧩 Model added for round 143 (11/11) from ['node_47']
[ 2026-03-29 19:43:11 | node_15 | INFO ] 🧩 Model added for round 143 (8/9) from ['node_44']
[ 2026-03-29 19:43:11 | node_26 | INFO ] 🧩 Model added for round 143 (9/10) from ['node_1']
[ 2026-03-29 19:43:12 | node_1 | INFO ] 🧩 Model added for round 143 (9/9) from ['node_26']
[ 2026-03-29 19:43:12 | node_28 | INFO ] 🧠 Aggregation complete. Setting new model.
[ 2026-03-29 19:43:12 | node_41 | INFO ] 🧩 Model added for round 143 (8/9) from ['node_32']
[ 2026-03-29 19:43:12 | node_38 | INFO ] 🧩 Model added for round 143 (8/11) from ['node_37']
[ 2026-03-29 19:43:12 | node_45 | INFO ] 🧩 Model added for round 143 (12/12) from ['node_7']
[ 2026-03-29 19:43:12 | node_11 | INFO ] 🧩 Model added for round 143 (7/7) from ['node_40']
[ 2026-03-29 19:43:12 | node_27 | INFO ] 🧩 Model added for round 143 (5/5) from ['node_47']
[ 2026-03-29 19:43:12 | node_26 | INFO ] 🧩 Model added for round 143 (10/10) from ['node_44']
[ 2026-03-29 19:43:12 | node | INFO ] 🧠 Aggregation complete. Setting new model.
[ 2026-03-29 19:43:12 | node_18 | INFO ] 🧠 Aggregation complete. Setting new model.
[ 2026-03-29 19:43:12 | node_25 | INFO ] 🧠 Aggregation complete. Setting new model.
[ 2026-03-29 19:43:12 | node_43 | INFO ] 🧠 Aggregation complete. Setting new model.
[ 2026-03-29 19:43:12 | node_4 | INFO ] 🧠 Aggregation complete. Setting new model.
[ 2026-03-29 19:43:12 | node_8 | INFO ] 🧠 Aggregation complete. Setting new model.
[ 2026-03-29 19:43:13 | node_28 | INFO ] 🗣️ Gossiping aggregated model.
[ 2026-03-29 19:43:13 | node_25 | INFO ] 🗣️ Gossiping aggregated model.
[ 2026-03-29 19:43:13 | node_4 | INFO ] 🗣️ Gossiping aggregated model.
[ 2026-03-29 19:43:13 | node_43 | INFO ] 🗣️ Gossiping aggregated model.
[ 2026-03-29 19:43:13 | node_9 | INFO ] 🧠 Aggregation complete. Setting new model.
[ 2026-03-29 19:43:14 | node | INFO ] 🗣️ Gossiping aggregated model.
[ 2026-03-29 19:43:14 | node_38 | INFO ] 🧩 Model added for round 143 (9/11) from ['node_47']
[ 2026-03-29 19:43:14 | node_18 | INFO ] 🗣️ Gossiping aggregated model.
[ 2026-03-29 19:43:14 | node_34 | INFO ] 🧩 Model added for round 143 (8/10) from ['node_1']
[ 2026-03-29 19:43:14 | node_35 | INFO ] 🧠 Aggregation complete. Setting new model.
[ 2026-03-29 19:43:14 | node_8 | INFO ] 🗣️ Gossiping aggregated model.
[ 2026-03-29 19:43:14 | node_12 | INFO ] 🧩 Model added for round 143 (6/6) from ['node_26']
[ 2026-03-29 19:43:14 | node_14 | INFO ] 🧩 Model added for round 143 (7/7) from ['node_40']
[ 2026-03-29 19:43:14 | node_30 | INFO ] 🧩 Model added for round 143 (10/10) from ['node_44']
[ 2026-03-29 19:43:14 | node_46 | INFO ] 🧩 Model added for round 143 (6/7) from ['node_32']
[ 2026-03-29 19:43:14 | node_47 | INFO ] 🧩 Model added for round 143 (12/12) from ['node_7']
[ 2026-03-29 19:43:15 | node_9 | INFO ] 🗣️ Gossiping aggregated model.
[ 2026-03-29 19:43:15 | node_35 | INFO ] 🗣️ Gossiping aggregated model.
[ 2026-03-29 19:43:15 | node_13 | INFO ] 🧩 Model added for round 143 (6/6) from ['node_26']
[ 2026-03-29 19:43:15 | node_5 | INFO ] ⏹️  Gossiping exited for 10 equal rounds.
[ 2026-03-29 19:43:15 | node_5 | INFO ] 🔬 Evaluating...
[ 2026-03-29 19:43:16 | node_49 | INFO ] 🧩 Model added for round 143 (9/9) from ['node_32']
[ 2026-03-29 19:43:16 | node_38 | INFO ] 🧩 Model added for round 143 (10/11) from ['node_1']
[ 2026-03-29 19:43:16 | node_15 | INFO ] 🧩 Model added for round 143 (9/9) from ['node_40']
[ 2026-03-29 19:43:16 | node_34 | INFO ] 🧩 Model added for round 143 (9/10) from ['node_44']
[ 2026-03-29 19:43:16 | node_39 | INFO ] 🧩 Model added for round 143 (10/10) from ['node_47']
[ 2026-03-29 19:43:16 | node_21 | INFO ] 🧠 Aggregation complete. Setting new model.
[ 2026-03-29 19:43:16 | node_27 | INFO ] 🧠 Aggregation complete. Setting new model.
[ 2026-03-29 19:43:16 | node_12 | INFO ] 🧠 Aggregation complete. Setting new model.
[ 2026-03-29 19:43:16 | node_11 | INFO ] 🧠 Aggregation complete. Setting new model.
[ 2026-03-29 19:43:17 | node_13 | INFO ] 🧠 Aggregation complete. Setting new model.
[ 2026-03-29 19:43:17 | node_37 | INFO ] 🧠 Aggregation complete. Setting new model.
[ 2026-03-29 19:43:17 | node_14 | INFO ] 🧠 Aggregation complete. Setting new model.
[ 2026-03-29 19:43:17 | node_15 | INFO ] 🧠 Aggregation complete. Setting new model.
[ 2026-03-29 19:43:17 | node_45 | INFO ] 🧠 Aggregation complete. Setting new model.
[ 2026-03-29 19:43:17 | node_49 | INFO ] 🧠 Aggregation complete. Setting new model.
[ 2026-03-29 19:43:17 | node_30 | INFO ] 🧠 Aggregation complete. Setting new model.
[ 2026-03-29 19:43:17 | node_7 | INFO ] 🧠 Aggregation complete. Setting new model.
[ 2026-03-29 19:43:17 | node_39 | INFO ] 🧠 Aggregation complete. Setting new model.
[ 2026-03-29 19:43:17 | node_27 | INFO ] 🗣️ Gossiping aggregated model.
[ 2026-03-29 19:43:17 | node_17 | INFO ] 🧩 Model added for round 143 (6/6) from ['node_26']
[ 2026-03-29 19:43:17 | node_5 | INFO ] 📈 Evaluated. Results: {'test_loss': 0.0025686915032565594, 'test_accuracy': 0.9928925037384033, 'test_precision': 0.3312774896621704, 'test_recall': 0.7947236895561218, 'test_f1': 0.4576765298843384, 'communication_cost': 2915632}
[ 2026-03-29 19:43:17 | node_5 | INFO ] 📢 Broadcasting metrics.
[ 2026-03-29 19:43:17 | node_12 | INFO ] 🗣️ Gossiping aggregated model.
[ 2026-03-29 19:43:18 | node_13 | INFO ] 🗣️ Gossiping aggregated model.
[ 2026-03-29 19:43:18 | node_11 | INFO ] 🗣️ Gossiping aggregated model.
[ 2026-03-29 19:43:18 | node_14 | INFO ] 🗣️ Gossiping aggregated model.
[ 2026-03-29 19:43:18 | node_21 | INFO ] 🗣️ Gossiping aggregated model.
[ 2026-03-29 19:43:18 | node_49 | INFO ] 🗣️ Gossiping aggregated model.
[ 2026-03-29 19:43:18 | node_15 | INFO ] 🗣️ Gossiping aggregated model.
[ 2026-03-29 19:43:18 | node_39 | INFO ] 🗣️ Gossiping aggregated model.
[ 2026-03-29 19:43:18 | node_45 | INFO ] 🗣️ Gossiping aggregated model.
[ 2026-03-29 19:43:18 | node_30 | INFO ] 🗣️ Gossiping aggregated model.
[ 2026-03-29 19:43:18 | node_37 | INFO ] 🗣️ Gossiping aggregated model.
[ 2026-03-29 19:43:19 | node_7 | INFO ] 🗣️ Gossiping aggregated model.
[ 2026-03-29 19:43:19 | node_48 | INFO ] 🧩 Model added for round 143 (9/11) from ['node_47']
[ 2026-03-29 19:43:19 | node_17 | INFO ] 🧠 Aggregation complete. Setting new model.
[ 2026-03-29 19:43:19 | node_48 | INFO ] 🧩 Model added for round 143 (10/11) from ['node_1']
[ 2026-03-29 19:43:19 | node_24 | INFO ] 🤫 Gossip finished.
[ 2026-03-29 19:43:19 | node_23 | INFO ] 🧩 Model added for round 143 (13/13) from ['node_26']
[ 2026-03-29 19:43:19 | node_24 | INFO ] 🔬 Evaluating...
[ 2026-03-29 19:43:19 | node_40 | INFO ] 🧩 Model added for round 143 (11/11) from ['node_44']
[ 2026-03-29 19:43:19 | node_20 | INFO ] 🧩 Model added for round 143 (10/10) from ['node_40']
[ 2026-03-29 19:43:19 | node_22 | INFO ] 🤫 Gossip finished.
[ 2026-03-29 19:43:19 | node_22 | INFO ] 🔬 Evaluating...
[ 2026-03-29 19:43:19 | node_5 | INFO ] 🎉 Round 144 of 150 finished.
[ 2026-03-29 19:43:19 | node_17 | INFO ] 🗣️ Gossiping aggregated model.
[ 2026-03-29 19:43:20 | node_5 | INFO ] 🗳️ [DETERMINISTIC] Train set assigned (No Voting). Size: 50
[ 2026-03-29 19:43:20 | node_5 | INFO ] 🏋️‍♀️ Preparing training...
[ 2026-03-29 19:43:20 | node_38 | INFO ] 🧩 Model added for round 143 (11/11) from ['node_40']
[ 2026-03-29 19:43:20 | node_46 | INFO ] 🧩 Model added for round 143 (7/7) from ['node_44']
[ 2026-03-29 19:43:21 | node_32 | INFO ] 🧠 Aggregation complete. Setting new model.
[ 2026-03-29 19:43:21 | node_20 | INFO ] 🧠 Aggregation complete. Setting new model.
[ 2026-03-29 19:43:21 | node_1 | INFO ] 🧠 Aggregation complete. Setting new model.
[ 2026-03-29 19:43:21 | node_47 | INFO ] 🧠 Aggregation complete. Setting new model.
[ 2026-03-29 19:43:21 | node_38 | INFO ] 🧠 Aggregation complete. Setting new model.
[ 2026-03-29 19:43:21 | node_46 | INFO ] 🧠 Aggregation complete. Setting new model.
[ 2026-03-29 19:43:21 | node_23 | INFO ] 🧠 Aggregation complete. Setting new model.
[ 2026-03-29 19:43:21 | node_34 | INFO ] 🧩 Model added for round 143 (10/10) from ['node_26']
[ 2026-03-29 19:43:21 | node_22 | INFO ] 📈 Evaluated. Results: {'test_loss': 0.0034673484042286873, 'test_accuracy': 0.989652693271637, 'test_precision': 0.17930090427398682, 'test_recall': 0.5518115758895874, 'test_f1': 0.2595613896846771, 'communication_cost': 5831264}
[ 2026-03-29 19:43:21 | node_22 | INFO ] 📢 Broadcasting metrics.
[ 2026-03-29 19:43:22 | node_34 | INFO ] 🧠 Aggregation complete. Setting new model.
[ 2026-03-29 19:43:22 | node_46 | INFO ] 🗣️ Gossiping aggregated model.
[ 2026-03-29 19:43:22 | node_32 | INFO ] 🗣️ Gossiping aggregated model.
[ 2026-03-29 19:43:22 | node_18 | INFO ] 🤫 Gossip finished.
[ 2026-03-29 19:43:22 | node_18 | INFO ] 🔬 Evaluating...
[ 2026-03-29 19:43:22 | node_3 | INFO ] 🤫 Gossip finished.
[ 2026-03-29 19:43:22 | node_1 | INFO ] 🗣️ Gossiping aggregated model.
[ 2026-03-29 19:43:22 | node_3 | INFO ] 🔬 Evaluating...
[ 2026-03-29 19:43:22 | node_24 | INFO ] 📈 Evaluated. Results: {'test_loss': 0.004863351583480835, 'test_accuracy': 0.9900125861167908, 'test_precision': 0.18123391270637512, 'test_recall': 0.5288568139076233, 'test_f1': 0.26882123947143555, 'communication_cost': 5102356}
[ 2026-03-29 19:43:22 | node_38 | INFO ] 🗣️ Gossiping aggregated model.
[ 2026-03-29 19:43:22 | node_2 | INFO ] 🤫 Gossip finished.
[ 2026-03-29 19:43:22 | node_20 | INFO ] 🗣️ Gossiping aggregated model.
[ 2026-03-29 19:43:22 | node_47 | INFO ] 🗣️ Gossiping aggregated model.
[ 2026-03-29 19:43:22 | node_2 | INFO ] 🔬 Evaluating...
[ 2026-03-29 19:43:22 | node_23 | INFO ] 🗣️ Gossiping aggregated model.
[ 2026-03-29 19:43:22 | node_24 | INFO ] 📢 Broadcasting metrics.
[ 2026-03-29 19:43:22 | node_5 | INFO ] 🎓 Training step done.
[ 2026-03-29 19:43:22 | node_49 | INFO ] 🤫 Gossip finished.
[ 2026-03-29 19:43:22 | node_5 | INFO ] 🛠️ Calling force_add_local_model...
[ 2026-03-29 19:43:23 | node_5 | INFO ] ✅ [FORCE] Local model added for round 144. (1/5)
[ 2026-03-29 19:43:23 | node_49 | INFO ] 🔬 Evaluating...
[ 2026-03-29 19:43:23 | node_41 | INFO ] 🧩 Model added for round 143 (9/9) from ['node_26']
[ 2026-03-29 19:43:23 | node_27 | INFO ] 🤫 Gossip finished.
[ 2026-03-29 19:43:23 | node_45 | INFO ] 🤫 Gossip finished.
[ 2026-03-29 19:43:23 | node_42 | INFO ] 🧩 Model added for round 143 (9/9) from ['node_40']
[ 2026-03-29 19:43:23 | node_27 | INFO ] 🔬 Evaluating...
[ 2026-03-29 19:43:23 | node_45 | INFO ] 🔬 Evaluating...
[ 2026-03-29 19:43:23 | node_21 | INFO ] 🤫 Gossip finished.
[ 2026-03-29 19:43:23 | node_34 | INFO ] 🗣️ Gossiping aggregated model.
[ 2026-03-29 19:43:23 | node_21 | INFO ] 🔬 Evaluating...
[ 2026-03-29 19:43:23 | node_33 | INFO ] 🤫 Gossip finished.
[ 2026-03-29 19:43:23 | node_41 | INFO ] 🧠 Aggregation complete. Setting new model.
[ 2026-03-29 19:43:23 | node_42 | INFO ] 🧠 Aggregation complete. Setting new model.
[ 2026-03-29 19:43:23 | node_37 | INFO ] 🤫 Gossip finished.
[ 2026-03-29 19:43:23 | node_33 | INFO ] 🔬 Evaluating...
[ 2026-03-29 19:43:23 | node_3 | INFO ] 📈 Evaluated. Results: {'test_loss': 0.00291574583388865, 'test_accuracy': 0.9921727180480957, 'test_precision': 0.23964883387088776, 'test_recall': 0.7378017902374268, 'test_f1': 0.3558821976184845, 'communication_cost': 3644540}
[ 2026-03-29 19:43:23 | node_2 | INFO ] 📈 Evaluated. Results: {'test_loss': 0.004875447601079941, 'test_accuracy': 0.9924426674842834, 'test_precision': 0.24034641683101654, 'test_recall': 0.507457971572876, 'test_f1': 0.32365313172340393, 'communication_cost': 5831264}
[ 2026-03-29 19:43:23 | node_37 | INFO ] 🔬 Evaluating...
[ 2026-03-29 19:43:24 | node_2 | INFO ] 📢 Broadcasting metrics.
[ 2026-03-29 19:43:24 | node_3 | INFO ] 📢 Broadcasting metrics.
[ 2026-03-29 19:43:24 | node_18 | INFO ] 📈 Evaluated. Results: {'test_loss': 0.00236993539147079, 'test_accuracy': 0.9916329383850098, 'test_precision': 0.21087494492530823, 'test_recall': 0.7582502365112305, 'test_f1': 0.3213483691215515, 'communication_cost': 5831264}
[ 2026-03-29 19:43:24 | node_28 | INFO ] 🤫 Gossip finished.
[ 2026-03-29 19:43:24 | node_49 | INFO ] 📈 Evaluated. Results: {'test_loss': 0.004531574435532093, 'test_accuracy': 0.9909123778343201, 'test_precision': 0.24001239240169525, 'test_recall': 0.5589587092399597, 'test_f1': 0.33065155148506165, 'communication_cost': 5831264}
[ 2026-03-29 19:43:24 | node_27 | INFO ] 📈 Evaluated. Results: {'test_loss': 0.0032454479951411486, 'test_accuracy': 0.9902825355529785, 'test_precision': 0.2053176909685135, 'test_recall': 0.6579475402832031, 'test_f1': 0.3102884888648987, 'communication_cost': 2915632}
[ 2026-03-29 19:43:24 | node_28 | INFO ] 🔬 Evaluating...
[ 2026-03-29 19:43:24 | node_42 | INFO ] 🗣️ Gossiping aggregated model.
[ 2026-03-29 19:43:24 | node_10 | INFO ] 🤫 Gossip finished.
[ 2026-03-29 19:43:24 | node_19 | INFO ] 🤫 Gossip finished.
[ 2026-03-29 19:43:24 | node_10 | INFO ] 🔬 Evaluating...
[ 2026-03-29 19:43:24 | node_19 | INFO ] 🔬 Evaluating...
[ 2026-03-29 19:43:24 | node_45 | INFO ] 📈 Evaluated. Results: {'test_loss': 0.0032435355242341757, 'test_accuracy': 0.9905524849891663, 'test_precision': 0.2569299042224884, 'test_recall': 0.7361795902252197, 'test_f1': 0.37978461384773254, 'communication_cost': 8017988}
[ 2026-03-29 19:43:24 | node_41 | INFO ] 🗣️ Gossiping aggregated model.
[ 2026-03-29 19:43:24 | node_18 | INFO ] 📢 Broadcasting metrics.
[ 2026-03-29 19:43:24 | node_21 | INFO ] 📈 Evaluated. Results: {'test_loss': 0.0024831045884639025, 'test_accuracy': 0.9938815832138062, 'test_precision': 0.3222869634628296, 'test_recall': 0.7191388607025146, 'test_f1': 0.4342288076877594, 'communication_cost': 7289080}
[ 2026-03-29 19:43:25 | node_44 | INFO ] 🧩 Model added for round 143 (8/9) from ['node_40']
[ 2026-03-29 19:43:25 | node_49 | INFO ] 📢 Broadcasting metrics.
[ 2026-03-29 19:43:25 | node_22 | INFO ] 🎉 Round 144 of 150 finished.
[ 2026-03-29 19:43:25 | node_39 | INFO ] 🤫 Gossip finished.
[ 2026-03-29 19:43:25 | node_44 | INFO ] 🧩 Model added for round 143 (9/9) from ['node_26']
[ 2026-03-29 19:43:25 | node_22 | INFO ] 🗳️ [DETERMINISTIC] Train set assigned (No Voting). Size: 50
[ 2026-03-29 19:43:25 | node_33 | INFO ] 📈 Evaluated. Results: {'test_loss': 0.004921245388686657, 'test_accuracy': 0.9930717945098877, 'test_precision': 0.32254359126091003, 'test_recall': 0.5554905533790588, 'test_f1': 0.3967289924621582, 'communication_cost': 5831264}
[ 2026-03-29 19:43:25 | node_22 | INFO ] 🏋️‍♀️ Preparing training...
[ 2026-03-29 19:43:25 | node_39 | INFO ] 🔬 Evaluating...
[ 2026-03-29 19:43:25 | node_25 | INFO ] 🤫 Gossip finished.
[ 2026-03-29 19:43:25 | node_36 | INFO ] ⏹️  Gossiping exited for 10 equal rounds.
[ 2026-03-29 19:43:25 | node_25 | INFO ] 🔬 Evaluating...
[ 2026-03-29 19:43:25 | node_27 | INFO ] 📢 Broadcasting metrics.
[ 2026-03-29 19:43:25 | node_36 | INFO ] 🔬 Evaluating...
[ 2026-03-29 19:43:25 | node_45 | INFO ] 📢 Broadcasting metrics.
[ 2026-03-29 19:43:25 | node_29 | INFO ] 🤫 Gossip finished.
[ 2026-03-29 19:43:25 | node_37 | INFO ] 📈 Evaluated. Results: {'test_loss': 0.0034213040489703417, 'test_accuracy': 0.9912722706794739, 'test_precision': 0.29560422897338867, 'test_recall': 0.7390314936637878, 'test_f1': 0.41623976826667786, 'communication_cost': 7289080}
[ 2026-03-29 19:43:25 | node_29 | INFO ] 🔬 Evaluating...
[ 2026-03-29 19:43:25 | node_3 | INFO ] 🎉 Round 144 of 150 finished.
[ 2026-03-29 19:43:25 | node_21 | INFO ] 📢 Broadcasting metrics.
[ 2026-03-29 19:43:26 | node_19 | INFO ] 📈 Evaluated. Results: {'test_loss': 0.0025003061164170504, 'test_accuracy': 0.993971586227417, 'test_precision': 0.2402895987033844, 'test_recall': 0.4910580515861511, 'test_f1': 0.31134751439094543, 'communication_cost': 5831264}
[ 2026-03-29 19:43:26 | node_3 | INFO ] 🗳️ [DETERMINISTIC] Train set assigned (No Voting). Size: 50
[ 2026-03-29 19:43:26 | node_3 | INFO ] 🏋️‍♀️ Preparing training...
[ 2026-03-29 19:43:26 | node_28 | INFO ] 📈 Evaluated. Results: {'test_loss': 0.004575577098876238, 'test_accuracy': 0.9890228509902954, 'test_precision': 0.15798668563365936, 'test_recall': 0.5378990173339844, 'test_f1': 0.23940490186214447, 'communication_cost': 4373448}
[ 2026-03-29 19:43:26 | node_33 | INFO ] 📢 Broadcasting metrics.
[ 2026-03-29 19:43:26 | node_24 | INFO ] 🎉 Round 144 of 150 finished.
[ 2026-03-29 19:43:26 | node_24 | INFO ] 🗳️ [DETERMINISTIC] Train set assigned (No Voting). Size: 50
[ 2026-03-29 19:43:26 | node_24 | INFO ] 🏋️‍♀️ Preparing training...
[ 2026-03-29 19:43:26 | node_10 | INFO ] 📈 Evaluated. Results: {'test_loss': 0.0038829557597637177, 'test_accuracy': 0.9902834296226501, 'test_precision': 0.20157910883426666, 'test_recall': 0.5830732583999634, 'test_f1': 0.29512304067611694, 'communication_cost': 5102356}
[ 2026-03-29 19:43:26 | node_37 | INFO ] 📢 Broadcasting metrics.
[ 2026-03-29 19:43:26 | node_25 | INFO ] 📈 Evaluated. Results: {'test_loss': 0.003795816097408533, 'test_accuracy': 0.9929818511009216, 'test_precision': 0.3129522204399109, 'test_recall': 0.5943072438240051, 'test_f1': 0.39916789531707764, 'communication_cost': 5102356}
[ 2026-03-29 19:43:26 | node_2 | INFO ] 🎉 Round 144 of 150 finished.
[ 2026-03-29 19:43:26 | node_39 | INFO ] 📈 Evaluated. Results: {'test_loss': 0.0035134311765432358, 'test_accuracy': 0.9918121099472046, 'test_precision': 0.24040104448795319, 'test_recall': 0.6211605668067932, 'test_f1': 0.3374554514884949, 'communication_cost': 6560172}
[ 2026-03-29 19:43:27 | node_2 | INFO ] 🗳️ [DETERMINISTIC] Train set assigned (No Voting). Size: 50
[ 2026-03-29 19:43:27 | node_19 | INFO ] 📢 Broadcasting metrics.
[ 2026-03-29 19:43:27 | node_48 | INFO ] 🧩 Model added for round 143 (11/11) from ['node_40']
[ 2026-03-29 19:43:27 | node_28 | INFO ] 📢 Broadcasting metrics.
[ 2026-03-29 19:43:27 | node_10 | INFO ] 📢 Broadcasting metrics.
[ 2026-03-29 19:43:27 | node_25 | INFO ] 📢 Broadcasting metrics.
[ 2026-03-29 19:43:27 | node_39 | INFO ] 📢 Broadcasting metrics.
[ 2026-03-29 19:43:27 | node_26 | INFO ] 🧠 Aggregation complete. Setting new model.
[ 2026-03-29 19:43:27 | node_44 | INFO ] 🧠 Aggregation complete. Setting new model.
[ 2026-03-29 19:43:27 | node_2 | INFO ] 🏋️‍♀️ Preparing training...
[ 2026-03-29 19:43:27 | node_27 | INFO ] 🎉 Round 144 of 150 finished.
[ 2026-03-29 19:43:27 | node_27 | INFO ] 🗳️ [DETERMINISTIC] Train set assigned (No Voting). Size: 50
[ 2026-03-29 19:43:27 | node_29 | INFO ] 📈 Evaluated. Results: {'test_loss': 0.00474687060341239, 'test_accuracy': 0.9909123778343201, 'test_precision': 0.2069341093301773, 'test_recall': 0.47919201850891113, 'test_f1': 0.2869339883327484, 'communication_cost': 5102356}
[ 2026-03-29 19:43:27 | node_27 | INFO ] 🏋️‍♀️ Preparing training...
[ 2026-03-29 19:43:27 | node_18 | INFO ] 🎉 Round 144 of 150 finished.
[ 2026-03-29 19:43:27 | node_18 | INFO ] 🗳️ [DETERMINISTIC] Train set assigned (No Voting). Size: 50
[ 2026-03-29 19:43:28 | node_36 | INFO ] 📈 Evaluated. Results: {'test_loss': 0.003367334371432662, 'test_accuracy': 0.9919920563697815, 'test_precision': 0.3045927584171295, 'test_recall': 0.6442775130271912, 'test_f1': 0.40457046031951904, 'communication_cost': 5102356}
[ 2026-03-29 19:43:28 | node_29 | INFO ] 📢 Broadcasting metrics.
[ 2026-03-29 19:43:28 | node_18 | INFO ] 🏋️‍♀️ Preparing training...
[ 2026-03-29 19:43:28 | node_5 | INFO ] 📤 Sending model to 4 direct neighbors: ['node_23', 'node_28', 'node_36', 'node_45']
[ 2026-03-29 19:43:28 | node_36 | INFO ] 📢 Broadcasting metrics.
[ 2026-03-29 19:43:28 | node_22 | INFO ] 🎓 Training step done.
[ 2026-03-29 19:43:28 | node_22 | INFO ] 🛠️ Calling force_add_local_model...
[ 2026-03-29 19:43:28 | node_22 | INFO ] ✅ [FORCE] Local model added for round 144. (1/9)
[ 2026-03-29 19:43:28 | node_12 | INFO ] 🤫 Gossip finished.
[ 2026-03-29 19:43:28 | node_40 | INFO ] 🧠 Aggregation complete. Setting new model.
[ 2026-03-29 19:43:28 | node_48 | INFO ] 🧠 Aggregation complete. Setting new model.
[ 2026-03-29 19:43:28 | node_26 | INFO ] 🗣️ Gossiping aggregated model.
[ 2026-03-29 19:43:28 | node_12 | INFO ] 🔬 Evaluating...
[ 2026-03-29 19:43:28 | node_44 | INFO ] 🗣️ Gossiping aggregated model.
[ 2026-03-29 19:43:28 | node_49 | INFO ] 🎉 Round 144 of 150 finished.
[ 2026-03-29 19:43:28 | node_49 | INFO ] 🗳️ [DETERMINISTIC] Train set assigned (No Voting). Size: 50
[ 2026-03-29 19:43:29 | node_49 | INFO ] 🏋️‍♀️ Preparing training...
[ 2026-03-29 19:43:29 | node_30 | INFO ] 🤫 Gossip finished.
[ 2026-03-29 19:43:29 | node_13 | INFO ] 🤫 Gossip finished.
[ 2026-03-29 19:43:29 | node_30 | INFO ] 🔬 Evaluating...
[ 2026-03-29 19:43:29 | node_3 | INFO ] 🎓 Training step done.
[ 2026-03-29 19:43:29 | node_13 | INFO ] 🔬 Evaluating...
[ 2026-03-29 19:43:29 | node_16 | INFO ] ⏹️  Gossiping exited for 10 equal rounds.
[ 2026-03-29 19:43:29 | node_3 | INFO ] 🛠️ Calling force_add_local_model...
[ 2026-03-29 19:43:29 | node_3 | INFO ] ✅ [FORCE] Local model added for round 144. (1/6)
[ 2026-03-29 19:43:29 | node_16 | INFO ] 🔬 Evaluating...
[ 2026-03-29 19:43:29 | node_17 | INFO ] 🤫 Gossip finished.
[ 2026-03-29 19:43:29 | node_24 | INFO ] 🎓 Training step done.
[ 2026-03-29 19:43:29 | node_17 | INFO ] 🔬 Evaluating...
[ 2026-03-29 19:43:29 | node_24 | INFO ] 🛠️ Calling force_add_local_model...
[ 2026-03-29 19:43:29 | node_24 | INFO ] ✅ [FORCE] Local model added for round 144. (1/8)
[ 2026-03-29 19:43:29 | node_28 | INFO ] 🎉 Round 144 of 150 finished.
[ 2026-03-29 19:43:29 | node_8 | INFO ] 🤫 Gossip finished.
[ 2026-03-29 19:43:29 | node_48 | INFO ] 🗣️ Gossiping aggregated model.
[ 2026-03-29 19:43:29 | node_45 | INFO ] 🎉 Round 144 of 150 finished.
[ 2026-03-29 19:43:30 | node_28 | INFO ] 🗳️ [DETERMINISTIC] Train set assigned (No Voting). Size: 50
[ 2026-03-29 19:43:30 | node_8 | INFO ] 🔬 Evaluating...
[ 2026-03-29 19:43:30 | node_45 | INFO ] 🗳️ [DETERMINISTIC] Train set assigned (No Voting). Size: 50
[ 2026-03-29 19:43:30 | node_43 | INFO ] 🤫 Gossip finished.
[ 2026-03-29 19:43:30 | node_47 | INFO ] 🤫 Gossip finished.
[ 2026-03-29 19:43:30 | node_28 | INFO ] ♻️ Proactively processing 1 early models for round 144.
[ 2026-03-29 19:43:30 | node_43 | INFO ] 🔬 Evaluating...
[ 2026-03-29 19:43:30 | node_40 | INFO ] 🗣️ Gossiping aggregated model.
[ 2026-03-29 19:43:30 | node_47 | INFO ] 🔬 Evaluating...
[ 2026-03-29 19:43:30 | node_45 | INFO ] ♻️ Proactively processing 1 early models for round 144.
[ 2026-03-29 19:43:30 | node_12 | INFO ] 📈 Evaluated. Results: {'test_loss': 0.0030036973766982555, 'test_accuracy': 0.9922627210617065, 'test_precision': 0.21745455265045166, 'test_recall': 0.6416771411895752, 'test_f1': 0.3149218261241913, 'communication_cost': 3644540}
[ 2026-03-29 19:43:30 | node_28 | INFO ] 🧩 Model added for round 144 (1/7) from ['node_5']
[ 2026-03-29 19:43:30 | node_45 | INFO ] 🧩 Model added for round 144 (1/12) from ['node_5']
[ 2026-03-29 19:43:30 | node_28 | INFO ] 🏋️‍♀️ Preparing training...
[ 2026-03-29 19:43:30 | node_12 | INFO ] 📢 Broadcasting metrics.
[ 2026-03-29 19:43:30 | node_45 | INFO ] 🏋️‍♀️ Preparing training...
[ 2026-03-29 19:43:30 | node_20 | INFO ] 🤫 Gossip finished.
[ 2026-03-29 19:43:30 | node_33 | INFO ] 🎉 Round 144 of 150 finished.
[ 2026-03-29 19:43:30 | node_30 | INFO ] 📈 Evaluated. Results: {'test_loss': 0.005608465522527695, 'test_accuracy': 0.9894727468490601, 'test_precision': 0.22332076728343964, 'test_recall': 0.5382263660430908, 'test_f1': 0.3029702603816986, 'communication_cost': 6560172}
[ 2026-03-29 19:43:30 | node_23 | INFO ] 🤫 Gossip finished.
[ 2026-03-29 19:43:30 | node_30 | INFO ] 📢 Broadcasting metrics.
[ 2026-03-29 19:43:30 | node_20 | INFO ] 🔬 Evaluating...
[ 2026-03-29 19:43:30 | node_33 | INFO ] 🗳️ [DETERMINISTIC] Train set assigned (No Voting). Size: 50
[ 2026-03-29 19:43:30 | node_23 | INFO ] 🔬 Evaluating...
[ 2026-03-29 19:43:31 | node_27 | INFO ] 🎓 Training step done.
[ 2026-03-29 19:43:31 | node_25 | INFO ] 🎉 Round 144 of 150 finished.
[ 2026-03-29 19:43:31 | node_18 | INFO ] 🎓 Training step done.
[ 2026-03-29 19:43:31 | node_33 | INFO ] 🏋️‍♀️ Preparing training...
[ 2026-03-29 19:43:31 | node_27 | INFO ] 🛠️ Calling force_add_local_model...
[ 2026-03-29 19:43:31 | node_18 | INFO ] 🛠️ Calling force_add_local_model...
[ 2026-03-29 19:43:31 | node_13 | INFO ] 📈 Evaluated. Results: {'test_loss': 0.005019784439355135, 'test_accuracy': 0.9909131526947021, 'test_precision': 0.25632840394973755, 'test_recall': 0.594760000705719, 'test_f1': 0.3484291136264801, 'communication_cost': 3644540}
[ 2026-03-29 19:43:31 | node_27 | INFO ] ✅ [FORCE] Local model added for round 144. (1/5)
[ 2026-03-29 19:43:31 | node_25 | INFO ] 🗳️ [DETERMINISTIC] Train set assigned (No Voting). Size: 50
[ 2026-03-29 19:43:31 | node_18 | INFO ] ✅ [FORCE] Local model added for round 144. (1/9)
[ 2026-03-29 19:43:31 | node_13 | INFO ] 📢 Broadcasting metrics.
[ 2026-03-29 19:43:31 | node_16 | INFO ] 📈 Evaluated. Results: {'test_loss': 0.005542608443647623, 'test_accuracy': 0.9906432628631592, 'test_precision': 0.30295783281326294, 'test_recall': 0.5725477933883667, 'test_f1': 0.38901272416114807, 'communication_cost': 5102356}
[ 2026-03-29 19:43:31 | node_2 | INFO ] 🎓 Training step done.
[ 2026-03-29 19:43:31 | node_21 | INFO ] 🎉 Round 144 of 150 finished.
[ 2026-03-29 19:43:31 | node_17 | INFO ] 📈 Evaluated. Results: {'test_loss': 0.00395819079130888, 'test_accuracy': 0.9919928312301636, 'test_precision': 0.2645685374736786, 'test_recall': 0.5945647954940796, 'test_f1': 0.36204394698143005, 'communication_cost': 3644540}
[ 2026-03-29 19:43:31 | node_2 | INFO ] 🛠️ Calling force_add_local_model...
[ 2026-03-29 19:43:31 | node_2 | INFO ] ✅ [FORCE] Local model added for round 144. (1/9)
[ 2026-03-29 19:43:31 | node_16 | INFO ] 📢 Broadcasting metrics.
[ 2026-03-29 19:43:31 | node_25 | INFO ] 🏋️‍♀️ Preparing training...
[ 2026-03-29 19:43:31 | node_17 | INFO ] 📢 Broadcasting metrics.
[ 2026-03-29 19:43:31 | node_10 | INFO ] 🎉 Round 144 of 150 finished.
[ 2026-03-29 19:43:31 | node_21 | INFO ] 🗳️ [DETERMINISTIC] Train set assigned (No Voting). Size: 50
[ 2026-03-29 19:43:31 | node_10 | INFO ] 🗳️ [DETERMINISTIC] Train set assigned (No Voting). Size: 50
[ 2026-03-29 19:43:31 | node_48 | INFO ] 🤫 Gossip finished.
[ 2026-03-29 19:43:31 | node_21 | INFO ] 🏋️‍♀️ Preparing training...
[ 2026-03-29 19:43:31 | node_10 | INFO ] 🏋️‍♀️ Preparing training...
[ 2026-03-29 19:43:31 | node_48 | INFO ] 🔬 Evaluating...
[ 2026-03-29 19:43:31 | node_19 | INFO ] 🎉 Round 144 of 150 finished.
[ 2026-03-29 19:43:32 | node_19 | INFO ] 🗳️ [DETERMINISTIC] Train set assigned (No Voting). Size: 50
[ 2026-03-29 19:43:32 | node_39 | INFO ] 🎉 Round 144 of 150 finished.
[ 2026-03-29 19:43:32 | node_19 | INFO ] 🏋️‍♀️ Preparing training...
[ 2026-03-29 19:43:32 | node_39 | INFO ] 🗳️ [DETERMINISTIC] Train set assigned (No Voting). Size: 50
[ 2026-03-29 19:43:32 | node_36 | INFO ] 🎉 Round 144 of 150 finished.
[ 2026-03-29 19:43:32 | node_29 | INFO ] 🎉 Round 144 of 150 finished.
[ 2026-03-29 19:43:32 | node_49 | INFO ] 🎓 Training step done.
[ 2026-03-29 19:43:32 | node_49 | INFO ] 🛠️ Calling force_add_local_model...
[ 2026-03-29 19:43:32 | node_37 | INFO ] 🎉 Round 144 of 150 finished.
[ 2026-03-29 19:43:32 | node_36 | INFO ] 🗳️ [DETERMINISTIC] Train set assigned (No Voting). Size: 50
[ 2026-03-29 19:43:32 | node_39 | INFO ] 🏋️‍♀️ Preparing training...
[ 2026-03-29 19:43:32 | node_29 | INFO ] 🗳️ [DETERMINISTIC] Train set assigned (No Voting). Size: 50
[ 2026-03-29 19:43:32 | node_49 | INFO ] ✅ [FORCE] Local model added for round 144. (1/9)
[ 2026-03-29 19:43:32 | node_37 | INFO ] 🗳️ [DETERMINISTIC] Train set assigned (No Voting). Size: 50
[ 2026-03-29 19:43:32 | node_8 | INFO ] 📈 Evaluated. Results: {'test_loss': 0.004729557316750288, 'test_accuracy': 0.9911831021308899, 'test_precision': 0.316794216632843, 'test_recall': 0.7274188995361328, 'test_f1': 0.4248718023300171, 'communication_cost': 8017988}
[ 2026-03-29 19:43:32 | node_36 | INFO ] ♻️ Proactively processing 1 early models for round 144.
[ 2026-03-29 19:43:32 | node_29 | INFO ] 🏋️‍♀️ Preparing training...
[ 2026-03-29 19:43:32 | node_23 | INFO ] 📈 Evaluated. Results: {'test_loss': 0.0051970346830785275, 'test_accuracy': 0.9909123778343201, 'test_precision': 0.25191307067871094, 'test_recall': 0.5562825798988342, 'test_f1': 0.34433650970458984, 'communication_cost': 8746896}
[ 2026-03-29 19:43:32 | node_36 | INFO ] 🧩 Model added for round 144 (1/8) from ['node_5']
[ 2026-03-29 19:43:32 | node_36 | INFO ] 🏋️‍♀️ Preparing training...
[ 2026-03-29 19:43:32 | node_37 | INFO ] 🏋️‍♀️ Preparing training...
[ 2026-03-29 19:43:32 | node_43 | INFO ] 📈 Evaluated. Results: {'test_loss': 0.0038519278168678284, 'test_accuracy': 0.9919021129608154, 'test_precision': 0.29517725110054016, 'test_recall': 0.7174494862556458, 'test_f1': 0.4147792458534241, 'communication_cost': 5102356}
[ 2026-03-29 19:43:33 | node_8 | INFO ] 📢 Broadcasting metrics.
[ 2026-03-29 19:43:33 | node_23 | INFO ] 📢 Broadcasting metrics.
[ 2026-03-29 19:43:33 | node_43 | INFO ] 📢 Broadcasting metrics.
[ 2026-03-29 19:43:33 | node_12 | INFO ] 🎉 Round 144 of 150 finished.
[ 2026-03-29 19:43:33 | node_22 | INFO ] 📤 Sending model to 8 direct neighbors: ['node_7', 'node_9', 'node_11', 'node_15', 'node_19', 'node_21', 'node_33', 'node_39']
[ 2026-03-29 19:43:33 | node_47 | INFO ] 📈 Evaluated. Results: {'test_loss': 0.004351743496954441, 'test_accuracy': 0.9915422201156616, 'test_precision': 0.24032317101955414, 'test_recall': 0.516797661781311, 'test_f1': 0.3264673352241516, 'communication_cost': 8017988}
[ 2026-03-29 19:43:33 | node_12 | INFO ] 🗳️ [DETERMINISTIC] Train set assigned (No Voting). Size: 50
[ 2026-03-29 19:43:33 | node_47 | INFO ] 📢 Broadcasting metrics.
[ 2026-03-29 19:43:33 | node_12 | INFO ] 🏋️‍♀️ Preparing training...
[ 2026-03-29 19:43:33 | node_20 | INFO ] 📈 Evaluated. Results: {'test_loss': 0.00306558795273304, 'test_accuracy': 0.9904624819755554, 'test_precision': 0.2369903028011322, 'test_recall': 0.7081427574157715, 'test_f1': 0.34823328256607056, 'communication_cost': 6560172}
[ 2026-03-29 19:43:34 | node_17 | INFO ] 🎉 Round 144 of 150 finished.
[ 2026-03-29 19:43:34 | node_20 | INFO ] 📢 Broadcasting metrics.
[ 2026-03-29 19:43:34 | node_17 | INFO ] 🗳️ [DETERMINISTIC] Train set assigned (No Voting). Size: 50
[ 2026-03-29 19:43:34 | node_13 | INFO ] 🎉 Round 144 of 150 finished.
[ 2026-03-29 19:43:34 | node_45 | INFO ] 🎓 Training step done.
[ 2026-03-29 19:43:34 | node_13 | INFO ] 🗳️ [DETERMINISTIC] Train set assigned (No Voting). Size: 50
[ 2026-03-29 19:43:34 | node_45 | INFO ] 🛠️ Calling force_add_local_model...
[ 2026-03-29 19:43:34 | node_17 | INFO ] 🏋️‍♀️ Preparing training...
[ 2026-03-29 19:43:34 | node_45 | INFO ] ✅ [FORCE] Local model added for round 144. (2/12)
[ 2026-03-29 19:43:34 | node_3 | INFO ] 📤 Sending model to 5 direct neighbors: ['node_21', 'node_30', 'node_31', 'node_34', 'node_47']
[ 2026-03-29 19:43:34 | node_13 | INFO ] 🏋️‍♀️ Preparing training...
[ 2026-03-29 19:43:34 | node_28 | INFO ] 🎓 Training step done.
[ 2026-03-29 19:43:34 | node_48 | INFO ] 📈 Evaluated. Results: {'test_loss': 0.002727062674239278, 'test_accuracy': 0.9934316873550415, 'test_precision': 0.3825799226760864, 'test_recall': 0.733348548412323, 'test_f1': 0.47066766023635864, 'communication_cost': 7289080}
[ 2026-03-29 19:43:34 | node_28 | INFO ] 🛠️ Calling force_add_local_model...
[ 2026-03-29 19:43:34 | node_21 | INFO ] 🧩 Model added for round 144 (1/11) from ['node_3']
[ 2026-03-29 19:43:34 | node_24 | INFO ] 📤 Sending model to 7 direct neighbors: ['node_9', 'node_21', 'node_31', 'node_33', 'node_35', 'node_36', 'node_37']
[ 2026-03-29 19:43:34 | node_48 | INFO ] 📢 Broadcasting metrics.
[ 2026-03-29 19:43:34 | node_28 | INFO ] ✅ [FORCE] Local model added for round 144. (2/7)
[ 2026-03-29 19:43:35 | node_33 | INFO ] 🎓 Training step done.
[ 2026-03-29 19:43:35 | node_16 | INFO ] 🎉 Round 144 of 150 finished.
[ 2026-03-29 19:43:35 | node_33 | INFO ] 🛠️ Calling force_add_local_model...
[ 2026-03-29 19:43:35 | node_33 | INFO ] ✅ [FORCE] Local model added for round 144. (1/9)
[ 2026-03-29 19:43:35 | node_31 | INFO ] ⏹️  Gossiping exited for 10 equal rounds.
[ 2026-03-29 19:43:35 | node_16 | INFO ] 🗳️ [DETERMINISTIC] Train set assigned (No Voting). Size: 50
[ 2026-03-29 19:43:35 | node_31 | INFO ] 🔬 Evaluating...
[ 2026-03-29 19:43:35 | node_16 | INFO ] 🏋️‍♀️ Preparing training...
[ 2026-03-29 19:43:35 | node_10 | INFO ] 🎓 Training step done.
[ 2026-03-29 19:43:35 | node_21 | INFO ] 🧩 Model added for round 144 (2/11) from ['node_24']
[ 2026-03-29 19:43:35 | node_10 | INFO ] 🛠️ Calling force_add_local_model...
[ 2026-03-29 19:43:35 | node_10 | INFO ] ✅ [FORCE] Local model added for round 144. (1/8)
[ 2026-03-29 19:43:35 | node_30 | INFO ] 🎉 Round 144 of 150 finished.
[ 2026-03-29 19:43:35 | node_21 | INFO ] 🎓 Training step done.
[ 2026-03-29 19:43:36 | node_21 | INFO ] 🛠️ Calling force_add_local_model...
[ 2026-03-29 19:43:36 | node_30 | INFO ] 🗳️ [DETERMINISTIC] Train set assigned (No Voting). Size: 50
[ 2026-03-29 19:43:36 | node_21 | INFO ] ✅ [FORCE] Local model added for round 144. (3/11)
[ 2026-03-29 19:43:36 | node_19 | INFO ] 🎓 Training step done.
[ 2026-03-29 19:43:36 | node_19 | INFO ] 🧩 Model added for round 144 (1/9) from ['node_22']
[ 2026-03-29 19:43:36 | node_25 | INFO ] 🎓 Training step done.
[ 2026-03-29 19:43:36 | node_19 | INFO ] 🛠️ Calling force_add_local_model...
[ 2026-03-29 19:43:36 | node_25 | INFO ] 🛠️ Calling force_add_local_model...
[ 2026-03-29 19:43:36 | node_19 | INFO ] ✅ [FORCE] Local model added for round 144. (2/9)
[ 2026-03-29 19:43:36 | node_25 | INFO ] ✅ [FORCE] Local model added for round 144. (1/8)
[ 2026-03-29 19:43:36 | node_30 | INFO ] 🏋️‍♀️ Preparing training...
[ 2026-03-29 19:43:36 | node_27 | INFO ] 📤 Sending model to 4 direct neighbors: ['node_8', 'node_45', 'node_47', 'node_49']
[ 2026-03-29 19:43:36 | node_18 | INFO ] 📤 Sending model to 8 direct neighbors: ['node_4', 'node_11', 'node_20', 'node_23', 'node_32', 'node_38', 'node_45', 'node_47']
[ 2026-03-29 19:43:36 | node_2 | INFO ] 📤 Sending model to 8 direct neighbors: ['node_6', 'node_9', 'node_10', 'node_15', 'node_19', 'node_21', 'node_46', 'node_47']
[ 2026-03-29 19:43:36 | node_30 | INFO ] 🧩 Model added for round 144 (1/10) from ['node_3']
[ 2026-03-29 19:43:36 | node_37 | INFO ] 🎓 Training step done.
[ 2026-03-29 19:43:36 | node_37 | INFO ] 🛠️ Calling force_add_local_model...
[ 2026-03-29 19:43:36 | node_37 | INFO ] ✅ [FORCE] Local model added for round 144. (1/11)
[ 2026-03-29 19:43:36 | node_39 | INFO ] 🎓 Training step done.
[ 2026-03-29 19:43:36 | node_36 | INFO ] 🎓 Training step done.
[ 2026-03-29 19:43:36 | node_39 | INFO ] 🛠️ Calling force_add_local_model...
[ 2026-03-29 19:43:36 | node_43 | INFO ] 🎉 Round 144 of 150 finished.
[ 2026-03-29 19:43:36 | node_36 | INFO ] 🛠️ Calling force_add_local_model...
[ 2026-03-29 19:43:36 | node_39 | INFO ] ✅ [FORCE] Local model added for round 144. (1/10)
[ 2026-03-29 19:43:36 | node_36 | INFO ] ✅ [FORCE] Local model added for round 144. (2/8)
[ 2026-03-29 19:43:36 | node_43 | INFO ] 🗳️ [DETERMINISTIC] Train set assigned (No Voting). Size: 50
[ 2026-03-29 19:43:36 | node_45 | INFO ] 🧩 Model added for round 144 (3/12) from ['node_27']
[ 2026-03-29 19:43:37 | node_43 | INFO ] 🏋️‍♀️ Preparing training...
[ 2026-03-29 19:43:37 | node_31 | INFO ] 📈 Evaluated. Results: {'test_loss': 0.004167275968939066, 'test_accuracy': 0.9916321635246277, 'test_precision': 0.2766457200050354, 'test_recall': 0.6633642911911011, 'test_f1': 0.3855278193950653, 'communication_cost': 5102356}
[ 2026-03-29 19:43:37 | node_29 | INFO ] 🎓 Training step done.
[ 2026-03-29 19:43:37 | node_29 | INFO ] 🛠️ Calling force_add_local_model...
[ 2026-03-29 19:43:37 | node_31 | INFO ] 📢 Broadcasting metrics.
[ 2026-03-29 19:43:37 | node_29 | INFO ] ✅ [FORCE] Local model added for round 144. (1/8)
[ 2026-03-29 19:43:37 | node_12 | INFO ] 🎓 Training step done.
[ 2026-03-29 19:43:37 | node_12 | INFO ] 🛠️ Calling force_add_local_model...
[ 2026-03-29 19:43:37 | node_12 | INFO ] ✅ [FORCE] Local model added for round 144. (1/6)
[ 2026-03-29 19:43:37 | node_10 | INFO ] 🧩 Model added for round 144 (2/8) from ['node_2']
[ 2026-03-29 19:43:37 | node_49 | INFO ] 📤 Sending model to 8 direct neighbors: ['node_8', 'node_19', 'node_21', 'node_27', 'node_29', 'node_32', 'node_33', 'node_35']
[ 2026-03-29 19:43:37 | node_13 | INFO ] 🎓 Training step done.
[ 2026-03-29 19:43:37 | node_21 | INFO ] 🧩 Model added for round 144 (4/11) from ['node_22']
[ 2026-03-29 19:43:37 | node_13 | INFO ] 🛠️ Calling force_add_local_model...
[ 2026-03-29 19:43:37 | node_4 | INFO ] ⏹️  Gossiping exited for 10 equal rounds.
[ 2026-03-29 19:43:37 | node_17 | INFO ] 🎓 Training step done.
[ 2026-03-29 19:43:37 | node_13 | INFO ] ✅ [FORCE] Local model added for round 144. (1/6)
[ 2026-03-29 19:43:37 | node_17 | INFO ] 🛠️ Calling force_add_local_model...
[ 2026-03-29 19:43:37 | node_33 | INFO ] 🧩 Model added for round 144 (2/9) from ['node_24']
[ 2026-03-29 19:43:37 | node_4 | INFO ] 🔬 Evaluating...
[ 2026-03-29 19:43:37 | node_17 | INFO ] ✅ [FORCE] Local model added for round 144. (1/6)
[ 2026-03-29 19:43:38 | node_7 | INFO ] ⏹️  Gossiping exited for 10 equal rounds.
[ 2026-03-29 19:43:38 | node | INFO ] ⏹️  Gossiping exited for 10 equal rounds.
[ 2026-03-29 19:43:38 | node_16 | INFO ] 🎓 Training step done.
[ 2026-03-29 19:43:38 | node_7 | INFO ] 🔬 Evaluating...
[ 2026-03-29 19:43:38 | node_16 | INFO ] 🛠️ Calling force_add_local_model...
[ 2026-03-29 19:43:38 | node | INFO ] 🔬 Evaluating...
[ 2026-03-29 19:43:38 | node_16 | INFO ] ✅ [FORCE] Local model added for round 144. (1/8)
[ 2026-03-29 19:43:38 | node_19 | INFO ] 🧩 Model added for round 144 (3/9) from ['node_49']
[ 2026-03-29 19:43:38 | node_30 | INFO ] 🎓 Training step done.
[ 2026-03-29 19:43:38 | node_30 | INFO ] 🛠️ Calling force_add_local_model...
[ 2026-03-29 19:43:38 | node_8 | INFO ] 🎉 Round 144 of 150 finished.
[ 2026-03-29 19:43:38 | node_30 | INFO ] ✅ [FORCE] Local model added for round 144. (2/10)
[ 2026-03-29 19:43:38 | node_8 | INFO ] 🗳️ [DETERMINISTIC] Train set assigned (No Voting). Size: 50
[ 2026-03-29 19:43:39 | node_8 | INFO ] ♻️ Proactively processing 2 early models for round 144.
[ 2026-03-29 19:43:39 | node_45 | INFO ] 🧩 Model added for round 144 (4/12) from ['node_18']
[ 2026-03-29 19:43:39 | node_8 | INFO ] 🧩 Model added for round 144 (1/12) from ['node_27']
[ 2026-03-29 19:43:39 | node_8 | INFO ] 🧩 Model added for round 144 (2/12) from ['node_49']
[ 2026-03-29 19:43:39 | node_43 | INFO ] 🎓 Training step done.
[ 2026-03-29 19:43:39 | node_8 | INFO ] 🏋️‍♀️ Preparing training...
[ 2026-03-29 19:43:39 | node_43 | INFO ] 🛠️ Calling force_add_local_model...
[ 2026-03-29 19:43:39 | node_19 | INFO ] 🧩 Model added for round 144 (4/9) from ['node_2']
[ 2026-03-29 19:43:39 | node_20 | INFO ] 🎉 Round 144 of 150 finished.
[ 2026-03-29 19:43:39 | node_43 | INFO ] ✅ [FORCE] Local model added for round 144. (1/8)
[ 2026-03-29 19:43:39 | node_7 | INFO ] 📈 Evaluated. Results: {'test_loss': 0.0034072985872626305, 'test_accuracy': 0.9914529919624329, 'test_precision': 0.27184566855430603, 'test_recall': 0.677964985370636, 'test_f1': 0.38783887028694153, 'communication_cost': 9475804}
[ 2026-03-29 19:43:39 | node_4 | INFO ] 📈 Evaluated. Results: {'test_loss': 0.003867567516863346, 'test_accuracy': 0.9915429353713989, 'test_precision': 0.1894298791885376, 'test_recall': 0.4994474947452545, 'test_f1': 0.270273894071579, 'communication_cost': 6560172}
[ 2026-03-29 19:43:39 | node_49 | INFO ] 🧩 Model added for round 144 (2/9) from ['node_27']
[ 2026-03-29 19:43:39 | node_45 | INFO ] 📤 Sending model to 11 direct neighbors: ['node', 'node_4', 'node_5', 'node_6', 'node_7', 'node_16', 'node_18', 'node_23', 'node_27', 'node_29', 'node_43']
[ 2026-03-29 19:43:39 | node_20 | INFO ] 🗳️ [DETERMINISTIC] Train set assigned (No Voting). Size: 50
[ 2026-03-29 19:43:39 | node | INFO ] 📈 Evaluated. Results: {'test_loss': 0.002998854499310255, 'test_accuracy': 0.99073326587677, 'test_precision': 0.28668925166130066, 'test_recall': 0.7037495970726013, 'test_f1': 0.4023953378200531, 'communication_cost': 5102356}
[ 2026-03-29 19:43:39 | node_7 | INFO ] 📢 Broadcasting metrics.
[ 2026-03-29 19:43:39 | node_47 | INFO ] 🎉 Round 144 of 150 finished.
[ 2026-03-29 19:43:39 | node_4 | INFO ] 📢 Broadcasting metrics.
[ 2026-03-29 19:43:39 | node_23 | INFO ] 🎉 Round 144 of 150 finished.
[ 2026-03-29 19:43:39 | node_33 | INFO ] 🧩 Model added for round 144 (3/9) from ['node_22']
[ 2026-03-29 19:43:39 | node | INFO ] 📢 Broadcasting metrics.
[ 2026-03-29 19:43:39 | node_47 | INFO ] 🗳️ [DETERMINISTIC] Train set assigned (No Voting). Size: 50
[ 2026-03-29 19:43:39 | node_20 | INFO ] ♻️ Proactively processing 1 early models for round 144.
[ 2026-03-29 19:43:39 | node_23 | INFO ] 🗳️ [DETERMINISTIC] Train set assigned (No Voting). Size: 50
[ 2026-03-29 19:43:39 | node_20 | INFO ] 🧩 Model added for round 144 (1/10) from ['node_18']
[ 2026-03-29 19:43:39 | node_20 | INFO ] 🏋️‍♀️ Preparing training...
[ 2026-03-29 19:43:39 | node_47 | INFO ] ♻️ Proactively processing 2 early models for round 144.
[ 2026-03-29 19:43:39 | node_28 | INFO ] 📤 Sending model to 6 direct neighbors: ['node_4', 'node_5', 'node_16', 'node_33', 'node_34', 'node_37']
[ 2026-03-29 19:43:39 | node_47 | INFO ] 🧩 Model added for round 144 (1/12) from ['node_27']
[ 2026-03-29 19:43:39 | node_23 | INFO ] ♻️ Proactively processing 2 early models for round 144.
[ 2026-03-29 19:43:39 | node_36 | INFO ] 🧩 Model added for round 144 (3/8) from ['node_24']
[ 2026-03-29 19:43:39 | node_14 | INFO ] ⏹️  Gossiping exited for 10 equal rounds.
[ 2026-03-29 19:43:39 | node_23 | INFO ] 🧩 Model added for round 144 (1/13) from ['node_5']
[ 2026-03-29 19:43:39 | node_47 | INFO ] 🧩 Model added for round 144 (2/12) from ['node_3']
[ 2026-03-29 19:43:40 | node_23 | INFO ] 🧩 Model added for round 144 (2/13) from ['node_18']
[ 2026-03-29 19:43:40 | node_47 | INFO ] 🏋️‍♀️ Preparing training...
[ 2026-03-29 19:43:40 | node_21 | INFO ] 🧩 Model added for round 144 (5/11) from ['node_49']
[ 2026-03-29 19:43:40 | node_23 | INFO ] 🏋️‍♀️ Preparing training...
[ 2026-03-29 19:43:40 | node_14 | INFO ] 🔬 Evaluating...
[ 2026-03-29 19:43:40 | node_33 | INFO ] 📤 Sending model to 8 direct neighbors: ['node_4', 'node_22', 'node_23', 'node_24', 'node_28', 'node_34', 'node_39', 'node_49']
[ 2026-03-29 19:43:40 | node_35 | INFO ] ⏹️  Gossiping exited for 10 equal rounds.
[ 2026-03-29 19:43:40 | node_9 | INFO ] ⏹️  Gossiping exited for 10 equal rounds.
[ 2026-03-29 19:43:40 | node_35 | INFO ] 🔬 Evaluating...
[ 2026-03-29 19:43:40 | node_48 | INFO ] 🎉 Round 144 of 150 finished.
[ 2026-03-29 19:43:40 | node_9 | INFO ] 🔬 Evaluating...
[ 2026-03-29 19:43:40 | node_48 | INFO ] 🗳️ [DETERMINISTIC] Train set assigned (No Voting). Size: 50
[ 2026-03-29 19:43:40 | node_5 | INFO ] 🧩 Model added for round 144 (2/5) from ['node_45']
[ 2026-03-29 19:43:40 | node_5 | INFO ] 🧩 Model added for round 144 (3/5) from ['node_28']
[ 2026-03-29 19:43:40 | node_48 | INFO ] 🏋️‍♀️ Preparing training...
[ 2026-03-29 19:43:40 | node_15 | INFO ] ⏹️  Gossiping exited for 10 equal rounds.
[ 2026-03-29 19:43:40 | node_10 | INFO ] 📤 Sending model to 7 direct neighbors: ['node', 'node_2', 'node_14', 'node_20', 'node_31', 'node_34', 'node_35']
[ 2026-03-29 19:43:40 | node_21 | INFO ] 🧩 Model added for round 144 (6/11) from ['node_2']
[ 2026-03-29 19:43:41 | node_21 | INFO ] 📤 Sending model to 10 direct neighbors: ['node_2', 'node_3', 'node_6', 'node_19', 'node_22', 'node_24', 'node_37', 'node_38', 'node_47', 'node_49']
[ 2026-03-29 19:43:41 | node_15 | INFO ] 🔬 Evaluating...
[ 2026-03-29 19:43:41 | node_22 | INFO ] 🧩 Model added for round 144 (2/9) from ['node_33']
[ 2026-03-29 19:43:41 | node_47 | INFO ] 🧩 Model added for round 144 (3/12) from ['node_18']
[ 2026-03-29 19:43:41 | node_39 | INFO ] 🧩 Model added for round 144 (2/10) from ['node_22']
[ 2026-03-29 19:43:41 | node_19 | INFO ] 📤 Sending model to 8 direct neighbors: ['node_2', 'node_7', 'node_16', 'node_21', 'node_22', 'node_41', 'node_46', 'node_49']
[ 2026-03-29 19:43:41 | node_25 | INFO ] 📤 Sending model to 7 direct neighbors: ['node_1', 'node_9', 'node_13', 'node_30', 'node_35', 'node_42', 'node_43']
[ 2026-03-29 19:43:41 | node_37 | INFO ] 🧩 Model added for round 144 (2/11) from ['node_24']
[ 2026-03-29 19:43:41 | node_8 | INFO ] 🎓 Training step done.
[ 2026-03-29 19:43:41 | node_31 | INFO ] 🎉 Round 144 of 150 finished.
[ 2026-03-29 19:43:41 | node_8 | INFO ] 🛠️ Calling force_add_local_model...
[ 2026-03-29 19:43:41 | node_2 | INFO ] 🧩 Model added for round 144 (2/9) from ['node_21']
[ 2026-03-29 19:43:41 | node_8 | INFO ] ✅ [FORCE] Local model added for round 144. (3/12)
[ 2026-03-29 19:43:41 | node_2 | INFO ] 🧩 Model added for round 144 (3/9) from ['node_19']
[ 2026-03-29 19:43:41 | node_31 | INFO ] 🗳️ [DETERMINISTIC] Train set assigned (No Voting). Size: 50
[ 2026-03-29 19:43:41 | node_2 | INFO ] 🧩 Model added for round 144 (4/9) from ['node_10']
[ 2026-03-29 19:43:41 | node_37 | INFO ] 📤 Sending model to 10 direct neighbors: ['node_7', 'node_9', 'node_15', 'node_20', 'node_21', 'node_24', 'node_28', 'node_30', 'node_35', 'node_38']
[ 2026-03-29 19:43:41 | node_31 | INFO ] ♻️ Proactively processing 2 early models for round 144.
[ 2026-03-29 19:43:41 | node_39 | INFO ] 📤 Sending model to 9 direct neighbors: ['node_13', 'node_22', 'node_30', 'node_32', 'node_33', 'node_35', 'node_36', 'node_42', 'node_47']
[ 2026-03-29 19:43:41 | node_31 | INFO ] 🧩 Model added for round 144 (1/8) from ['node_24']
[ 2026-03-29 19:43:41 | node_36 | INFO ] 📤 Sending model to 7 direct neighbors: ['node_5', 'node_9', 'node_12', 'node_20', 'node_24', 'node_39', 'node_48']
[ 2026-03-29 19:43:41 | node_16 | INFO ] 🧩 Model added for round 144 (2/8) from ['node_28']
[ 2026-03-29 19:43:41 | node_31 | INFO ] 🧩 Model added for round 144 (2/8) from ['node_3']
[ 2026-03-29 19:43:42 | node_31 | INFO ] 🏋️‍♀️ Preparing training...
[ 2026-03-29 19:43:42 | node_27 | INFO ] 🧩 Model added for round 144 (2/5) from ['node_49']
[ 2026-03-29 19:43:42 | node_14 | INFO ] 📈 Evaluated. Results: {'test_loss': 0.0033715111203491688, 'test_accuracy': 0.9914529919624329, 'test_precision': 0.3071761429309845, 'test_recall': 0.716796875, 'test_f1': 0.40760529041290283, 'communication_cost': 4373448}
[ 2026-03-29 19:43:42 | node_29 | INFO ] 📤 Sending model to 7 direct neighbors: ['node_11', 'node_23', 'node_31', 'node_38', 'node_42', 'node_45', 'node_49']
[ 2026-03-29 19:43:42 | node_14 | INFO ] 📢 Broadcasting metrics.
[ 2026-03-29 19:43:42 | node_13 | INFO ] 🧩 Model added for round 144 (2/6) from ['node_39']
[ 2026-03-29 19:43:42 | node_5 | INFO ] 🧩 Model added for round 144 (4/5) from ['node_36']
[ 2026-03-29 19:43:42 | node_12 | INFO ] 📤 Sending model to 5 direct neighbors: ['node_1', 'node_4', 'node_26', 'node_36', 'node_38']
[ 2026-03-29 19:43:42 | node_13 | INFO ] 🧩 Model added for round 144 (3/6) from ['node_25']
[ 2026-03-29 19:43:42 | node_20 | INFO ] 🎓 Training step done.
[ 2026-03-29 19:43:42 | node_35 | INFO ] 📈 Evaluated. Results: {'test_loss': 0.0028742796275764704, 'test_accuracy': 0.9907324314117432, 'test_precision': 0.24418304860591888, 'test_recall': 0.7269659638404846, 'test_f1': 0.36179327964782715, 'communication_cost': 7289080}
[ 2026-03-29 19:43:42 | node_47 | INFO ] 🎓 Training step done.
[ 2026-03-29 19:43:42 | node_16 | INFO ] 🧩 Model added for round 144 (3/8) from ['node_45']
[ 2026-03-29 19:43:42 | node_20 | INFO ] 🛠️ Calling force_add_local_model...
[ 2026-03-29 19:43:42 | node_47 | INFO ] 🛠️ Calling force_add_local_model...
[ 2026-03-29 19:43:42 | node_35 | INFO ] 📢 Broadcasting metrics.
[ 2026-03-29 19:43:42 | node_13 | INFO ] 📤 Sending model to 5 direct neighbors: ['node_25', 'node_26', 'node_32', 'node_39', 'node_46']
[ 2026-03-29 19:43:42 | node_9 | INFO ] 📈 Evaluated. Results: {'test_loss': 0.002716262126341462, 'test_accuracy': 0.991093099117279, 'test_precision': 0.24597713351249695, 'test_recall': 0.7495733499526978, 'test_f1': 0.36565396189689636, 'communication_cost': 8017988}
[ 2026-03-29 19:43:42 | node_20 | INFO ] ✅ [FORCE] Local model added for round 144. (2/10)
[ 2026-03-29 19:43:42 | node_23 | INFO ] 🎓 Training step done.
[ 2026-03-29 19:43:42 | node_47 | INFO ] ✅ [FORCE] Local model added for round 144. (4/12)
[ 2026-03-29 19:43:42 | node_17 | INFO ] 📤 Sending model to 5 direct neighbors: ['node_1', 'node_26', 'node_31', 'node_38', 'node_41']
[ 2026-03-29 19:43:42 | node_9 | INFO ] 📢 Broadcasting metrics.
[ 2026-03-29 19:43:43 | node_23 | INFO ] 🛠️ Calling force_add_local_model...
[ 2026-03-29 19:43:43 | node_15 | INFO ] 📈 Evaluated. Results: {'test_loss': 0.0036462924908846617, 'test_accuracy': 0.9888439178466797, 'test_precision': 0.2502812147140503, 'test_recall': 0.7298782467842102, 'test_f1': 0.3611593246459961, 'communication_cost': 5831264}
[ 2026-03-29 19:43:43 | node_23 | INFO ] ✅ [FORCE] Local model added for round 144. (3/13)
[ 2026-03-29 19:43:43 | node_15 | INFO ] 📢 Broadcasting metrics.
[ 2026-03-29 19:43:43 | node_23 | INFO ] 🧩 Model added for round 144 (4/13) from ['node_33']
[ 2026-03-29 19:43:43 | node_25 | INFO ] 🧩 Model added for round 144 (2/8) from ['node_13']
[ 2026-03-29 19:43:43 | node_23 | INFO ] 🧩 Model added for round 144 (5/13) from ['node_29']
[ 2026-03-29 19:43:43 | node_16 | INFO ] 📤 Sending model to 7 direct neighbors: ['node_7', 'node_15', 'node_19', 'node_28', 'node_38', 'node_42', 'node_45']
[ 2026-03-29 19:43:43 | node_48 | INFO ] 🎓 Training step done.
[ 2026-03-29 19:43:43 | node_20 | INFO ] 🧩 Model added for round 144 (3/10) from ['node_37']
[ 2026-03-29 19:43:43 | node_29 | INFO ] 🧩 Model added for round 144 (2/8) from ['node_49']
[ 2026-03-29 19:43:43 | node_48 | INFO ] 🛠️ Calling force_add_local_model...
[ 2026-03-29 19:43:43 | node_3 | INFO ] 🧩 Model added for round 144 (2/6) from ['node_21']
[ 2026-03-29 19:43:43 | node_30 | INFO ] 📤 Sending model to 9 direct neighbors: ['node', 'node_3', 'node_6', 'node_7', 'node_25', 'node_35', 'node_37', 'node_39', 'node_44']
[ 2026-03-29 19:43:43 | node_48 | INFO ] ✅ [FORCE] Local model added for round 144. (1/11)
[ 2026-03-29 19:43:43 | node_47 | INFO ] 🧩 Model added for round 144 (5/12) from ['node_2']
[ 2026-03-29 19:43:44 | node_33 | INFO ] 🧩 Model added for round 144 (4/9) from ['node_28']
[ 2026-03-29 19:43:44 | node_22 | INFO ] 🧩 Model added for round 144 (3/9) from ['node_39']
[ 2026-03-29 19:43:44 | node_31 | INFO ] 🎓 Training step done.
[ 2026-03-29 19:43:44 | node_43 | INFO ] 📤 Sending model to 7 direct neighbors: ['node_8', 'node_14', 'node_23', 'node_25', 'node_34', 'node_45', 'node_48']
[ 2026-03-29 19:43:44 | node_46 | INFO ] ⏹️  Gossiping exited for 10 equal rounds.
[ 2026-03-29 19:43:44 | node_31 | INFO ] 🛠️ Calling force_add_local_model...
[ 2026-03-29 19:43:44 | node_16 | INFO ] 🧩 Model added for round 144 (4/8) from ['node_19']
[ 2026-03-29 19:43:44 | node_30 | INFO ] 🧩 Model added for round 144 (3/10) from ['node_25']
[ 2026-03-29 19:43:44 | node_20 | INFO ] 🧩 Model added for round 144 (4/10) from ['node_10']
[ 2026-03-29 19:43:44 | node_31 | INFO ] ✅ [FORCE] Local model added for round 144. (3/8)
[ 2026-03-29 19:43:44 | node_12 | INFO ] 🧩 Model added for round 144 (2/6) from ['node_36']
[ 2026-03-29 19:43:44 | node_46 | INFO ] 🔬 Evaluating...
[ 2026-03-29 19:43:44 | node | INFO ] 🎉 Round 144 of 150 finished.
[ 2026-03-29 19:43:44 | node_36 | INFO ] 🧩 Model added for round 144 (4/8) from ['node_12']
[ 2026-03-29 19:43:45 | node_31 | INFO ] 🧩 Model added for round 144 (4/8) from ['node_17']
[ 2026-03-29 19:43:45 | node_11 | INFO ] ⏹️  Gossiping exited for 10 equal rounds.
[ 2026-03-29 19:43:45 | node_8 | INFO ] 🧩 Model added for round 144 (4/12) from ['node_43']
[ 2026-03-29 19:43:45 | node | INFO ] 🗳️ [DETERMINISTIC] Train set assigned (No Voting). Size: 50
[ 2026-03-29 19:43:45 | node_18 | INFO ] 🧩 Model added for round 144 (2/9) from ['node_45']
[ 2026-03-29 19:43:45 | node_42 | INFO ] ⏹️  Gossiping exited for 10 equal rounds.
[ 2026-03-29 19:43:45 | node_3 | INFO ] 🧩 Model added for round 144 (3/6) from ['node_30']
[ 2026-03-29 19:43:45 | node_11 | INFO ] 🔬 Evaluating...
[ 2026-03-29 19:43:45 | node | INFO ] ♻️ Proactively processing 3 early models for round 144.
[ 2026-03-29 19:43:45 | node_42 | INFO ] 🔬 Evaluating...
[ 2026-03-29 19:43:45 | node_19 | INFO ] 🧩 Model added for round 144 (5/9) from ['node_16']
[ 2026-03-29 19:43:45 | node | INFO ] 🧩 Model added for round 144 (1/8) from ['node_45']
[ 2026-03-29 19:43:45 | node | INFO ] 🧩 Model added for round 144 (2/8) from ['node_10']
[ 2026-03-29 19:43:45 | node | INFO ] 🧩 Model added for round 144 (3/8) from ['node_30']
[ 2026-03-29 19:43:45 | node | INFO ] 🏋️‍♀️ Preparing training...
[ 2026-03-29 19:43:46 | node_19 | INFO ] 🧩 Model added for round 144 (6/9) from ['node_21']
[ 2026-03-29 19:43:46 | node_1 | INFO ] ⏹️  Gossiping exited for 10 equal rounds.
[ 2026-03-29 19:43:46 | node_21 | INFO ] 🧩 Model added for round 144 (7/11) from ['node_37']
[ 2026-03-29 19:43:46 | node_4 | INFO ] 🎉 Round 144 of 150 finished.
[ 2026-03-29 19:43:46 | node_6 | INFO ] ⏹️  Gossiping exited for 10 equal rounds.
[ 2026-03-29 19:43:46 | node_20 | INFO ] 🧩 Model added for round 144 (5/10) from ['node_36']
[ 2026-03-29 19:43:46 | node_46 | INFO ] 📈 Evaluated. Results: {'test_loss': 0.0029102780390530825, 'test_accuracy': 0.9947813749313354, 'test_precision': 0.3692357838153839, 'test_recall': 0.7055510878562927, 'test_f1': 0.4801144599914551, 'communication_cost': 4373448}
[ 2026-03-29 19:43:46 | node_4 | INFO ] 🗳️ [DETERMINISTIC] Train set assigned (No Voting). Size: 50
[ 2026-03-29 19:43:46 | node_24 | INFO ] 🧩 Model added for round 144 (2/8) from ['node_33']
[ 2026-03-29 19:43:46 | node_30 | INFO ] 🧩 Model added for round 144 (4/10) from ['node_39']
[ 2026-03-29 19:43:46 | node_33 | INFO ] 🧩 Model added for round 144 (5/9) from ['node_49']
[ 2026-03-29 19:43:46 | node_1 | INFO ] 🔬 Evaluating...
[ 2026-03-29 19:43:46 | node_8 | INFO ] 📤 Sending model to 11 direct neighbors: ['node_1', 'node_14', 'node_15', 'node_23', 'node_27', 'node_35', 'node_41', 'node_43', 'node_44', 'node_48', 'node_49']
[ 2026-03-29 19:43:46 | node_21 | INFO ] 🧩 Model added for round 144 (8/11) from ['node_19']
[ 2026-03-29 19:43:46 | node_46 | INFO ] 📢 Broadcasting metrics.
[ 2026-03-29 19:43:46 | node_31 | INFO ] 🧩 Model added for round 144 (5/8) from ['node_29']
[ 2026-03-29 19:43:46 | node_6 | INFO ] 🔬 Evaluating...
[ 2026-03-29 19:43:46 | node_4 | INFO ] ♻️ Proactively processing 5 early models for round 144.
[ 2026-03-29 19:43:46 | node_4 | INFO ] 🧩 Model added for round 144 (1/10) from ['node_18']
[ 2026-03-29 19:43:47 | node_11 | INFO ] 📈 Evaluated. Results: {'test_loss': 0.002834875136613846, 'test_accuracy': 0.9918128848075867, 'test_precision': 0.3468320667743683, 'test_recall': 0.8126736283302307, 'test_f1': 0.4791020154953003, 'communication_cost': 4373448}
[ 2026-03-29 19:43:47 | node_4 | INFO ] 🧩 Model added for round 144 (2/10) from ['node_45']
[ 2026-03-29 19:43:47 | node_39 | INFO ] 🧩 Model added for round 144 (3/10) from ['node_13']
[ 2026-03-29 19:43:47 | node_42 | INFO ] 📈 Evaluated. Results: {'test_loss': 0.003609870560467243, 'test_accuracy': 0.9905524849891663, 'test_precision': 0.22681349515914917, 'test_recall': 0.6328119039535522, 'test_f1': 0.3267775774002075, 'communication_cost': 5831264}
[ 2026-03-29 19:43:47 | node_37 | INFO ] 🧩 Model added for round 144 (3/11) from ['node_28']
[ 2026-03-29 19:43:47 | node_4 | INFO ] 🧩 Model added for round 144 (3/10) from ['node_28']
[ 2026-03-29 19:43:47 | node_11 | INFO ] 📢 Broadcasting metrics.
[ 2026-03-29 19:43:47 | node_4 | INFO ] 🧩 Model added for round 144 (4/10) from ['node_33']
[ 2026-03-29 19:43:47 | node_4 | INFO ] 🧩 Model added for round 144 (5/10) from ['node_12']
[ 2026-03-29 19:43:47 | node_31 | INFO ] 🧩 Model added for round 144 (6/8) from ['node_10']
[ 2026-03-29 19:43:47 | node_34 | INFO ] ⏹️  Gossiping exited for 10 equal rounds.
[ 2026-03-29 19:43:47 | node_42 | INFO ] 📢 Broadcasting metrics.
[ 2026-03-29 19:43:47 | node_4 | INFO ] 🏋️‍♀️ Preparing training...
[ 2026-03-29 19:43:47 | node_23 | INFO ] 🧩 Model added for round 144 (6/13) from ['node_45']
[ 2026-03-29 19:43:47 | node_32 | INFO ] ⏹️  Gossiping exited for 10 equal rounds.
[ 2026-03-29 19:43:47 | node_14 | INFO ] 🎉 Round 144 of 150 finished.
[ 2026-03-29 19:43:47 | node_34 | INFO ] 🔬 Evaluating...
[ 2026-03-29 19:43:47 | node_28 | INFO ] 🧩 Model added for round 144 (3/7) from ['node_16']
[ 2026-03-29 19:43:47 | node_14 | INFO ] 🗳️ [DETERMINISTIC] Train set assigned (No Voting). Size: 50
[ 2026-03-29 19:43:47 | node_32 | INFO ] 🔬 Evaluating...
[ 2026-03-29 19:43:47 | node_1 | INFO ] 📈 Evaluated. Results: {'test_loss': 0.00527911726385355, 'test_accuracy': 0.9920827746391296, 'test_precision': 0.26006385684013367, 'test_recall': 0.5074506998062134, 'test_f1': 0.3328869640827179, 'communication_cost': 5831264}
[ 2026-03-29 19:43:47 | node_25 | INFO ] 🧩 Model added for round 144 (3/8) from ['node_30']
[ 2026-03-29 19:43:47 | node_1 | INFO ] 📢 Broadcasting metrics.
[ 2026-03-29 19:43:47 | node_20 | INFO ] 📤 Sending model to 9 direct neighbors: ['node_7', 'node_10', 'node_18', 'node_34', 'node_35', 'node_36', 'node_37', 'node_40', 'node_48']
[ 2026-03-29 19:43:47 | node_14 | INFO ] ♻️ Proactively processing 3 early models for round 144.
[ 2026-03-29 19:43:48 | node_6 | INFO ] 📈 Evaluated. Results: {'test_loss': 0.004293786361813545, 'test_accuracy': 0.9925326108932495, 'test_precision': 0.2679324746131897, 'test_recall': 0.48725345730781555, 'test_f1': 0.3401138484477997, 'communication_cost': 4373448}
[ 2026-03-29 19:43:48 | node_47 | INFO ] 📤 Sending model to 11 direct neighbors: ['node_2', 'node_3', 'node_6', 'node_7', 'node_9', 'node_18', 'node_21', 'node_27', 'node_38', 'node_39', 'node_48']
[ 2026-03-29 19:43:48 | node_14 | INFO ] 🧩 Model added for round 144 (1/7) from ['node_10']
[ 2026-03-29 19:43:48 | node_43 | INFO ] 🧩 Model added for round 144 (2/8) from ['node_25']
[ 2026-03-29 19:43:48 | node_6 | INFO ] 📢 Broadcasting metrics.
[ 2026-03-29 19:43:48 | node | INFO ] 🎓 Training step done.
[ 2026-03-29 19:43:48 | node_14 | INFO ] 🧩 Model added for round 144 (2/7) from ['node_43']
[ 2026-03-29 19:43:48 | node_23 | INFO ] 📤 Sending model to 12 direct neighbors: ['node_5', 'node_8', 'node_9', 'node_18', 'node_26', 'node_29', 'node_33', 'node_35', 'node_42', 'node_43', 'node_45', 'node_48']
[ 2026-03-29 19:43:48 | node | INFO ] 🛠️ Calling force_add_local_model...
[ 2026-03-29 19:43:48 | node_14 | INFO ] 🧩 Model added for round 144 (3/7) from ['node_8']
[ 2026-03-29 19:43:48 | node_23 | INFO ] 🧩 Model added for round 144 (7/13) from ['node_43']
[ 2026-03-29 19:43:48 | node | INFO ] ✅ [FORCE] Local model added for round 144. (4/8)
[ 2026-03-29 19:43:48 | node_14 | INFO ] 🏋️‍♀️ Preparing training...
[ 2026-03-29 19:43:48 | node_22 | INFO ] 🧩 Model added for round 144 (4/9) from ['node_21']
[ 2026-03-29 19:43:48 | node_28 | INFO ] 🧩 Model added for round 144 (4/7) from ['node_33']
[ 2026-03-29 19:43:48 | node_2 | INFO ] 🧩 Model added for round 144 (5/9) from ['node_47']
[ 2026-03-29 19:43:48 | node_32 | INFO ] 📈 Evaluated. Results: {'test_loss': 0.0034557105973362923, 'test_accuracy': 0.9917221665382385, 'test_precision': 0.2803710103034973, 'test_recall': 0.6099385619163513, 'test_f1': 0.3719682991504669, 'communication_cost': 5831264}
[ 2026-03-29 19:43:48 | node_5 | INFO ] 🧩 Model added for round 144 (5/5) from ['node_23']
[ 2026-03-29 19:43:49 | node_24 | INFO ] 🧩 Model added for round 144 (3/8) from ['node_37']
[ 2026-03-29 19:43:49 | node_23 | INFO ] 🧩 Model added for round 144 (8/13) from ['node_8']
[ 2026-03-29 19:43:49 | node_48 | INFO ] 📤 Sending model to 10 direct neighbors: ['node_1', 'node_4', 'node_6', 'node_8', 'node_20', 'node_23', 'node_36', 'node_40', 'node_43', 'node_47']
[ 2026-03-29 19:43:49 | node_32 | INFO ] 📢 Broadcasting metrics.
[ 2026-03-29 19:43:49 | node_10 | INFO ] 🧩 Model added for round 144 (3/8) from ['node_20']
[ 2026-03-29 19:43:49 | node_24 | INFO ] 🧩 Model added for round 144 (4/8) from ['node_36']
[ 2026-03-29 19:43:49 | node_22 | INFO ] 🧩 Model added for round 144 (5/9) from ['node_19']
[ 2026-03-29 19:43:49 | node_34 | INFO ] 📈 Evaluated. Results: {'test_loss': 0.003025815589353442, 'test_accuracy': 0.9912722706794739, 'test_precision': 0.25761109590530396, 'test_recall': 0.6606134176254272, 'test_f1': 0.35970187187194824, 'communication_cost': 6560172}
[ 2026-03-29 19:43:49 | node_5 | INFO ] 🧠 Aggregation complete. Setting new model.
[ 2026-03-29 19:43:49 | node_4 | INFO ] 🎓 Training step done.
[ 2026-03-29 19:43:49 | node_7 | INFO ] 🎉 Round 144 of 150 finished.
[ 2026-03-29 19:43:49 | node_41 | INFO ] ⏹️  Gossiping exited for 10 equal rounds.
[ 2026-03-29 19:43:49 | node_4 | INFO ] 🛠️ Calling force_add_local_model...
[ 2026-03-29 19:43:49 | node_7 | INFO ] 🗳️ [DETERMINISTIC] Train set assigned (No Voting). Size: 50
[ 2026-03-29 19:43:49 | node_41 | INFO ] 🔬 Evaluating...
[ 2026-03-29 19:43:49 | node_31 | INFO ] 📤 Sending model to 7 direct neighbors: ['node', 'node_3', 'node_10', 'node_17', 'node_24', 'node_29', 'node_41']
[ 2026-03-29 19:43:49 | node_7 | INFO ] ♻️ Proactively processing 7 early models for round 144.
[ 2026-03-29 19:43:49 | node_7 | INFO ] 🧩 Model added for round 144 (1/14) from ['node_22']
[ 2026-03-29 19:43:49 | node_7 | INFO ] 🧩 Model added for round 144 (2/14) from ['node_37']
[ 2026-03-29 19:43:49 | node_15 | INFO ] 🎉 Round 144 of 150 finished.
[ 2026-03-29 19:43:49 | node_7 | INFO ] 🧩 Model added for round 144 (3/14) from ['node_45']
[ 2026-03-29 19:43:50 | node_5 | INFO ] 🗣️ Gossiping aggregated model.
[ 2026-03-29 19:43:50 | node_15 | INFO ] 🗳️ [DETERMINISTIC] Train set assigned (No Voting). Size: 50
[ 2026-03-29 19:43:50 | node_7 | INFO ] 🧩 Model added for round 144 (4/14) from ['node_19']
[ 2026-03-29 19:43:50 | node_34 | INFO ] 📢 Broadcasting metrics.
[ 2026-03-29 19:43:50 | node_38 | INFO ] ⏹️  Gossiping exited for 10 equal rounds.
[ 2026-03-29 19:43:50 | node_7 | INFO ] 🧩 Model added for round 144 (5/14) from ['node_16']
[ 2026-03-29 19:43:50 | node_15 | INFO ] ♻️ Proactively processing 5 early models for round 144.
[ 2026-03-29 19:43:50 | node_4 | INFO ] ✅ [FORCE] Local model added for round 144. (6/10)
[ 2026-03-29 19:43:50 | node_7 | INFO ] 🧩 Model added for round 144 (6/14) from ['node_30']
[ 2026-03-29 19:43:50 | node_15 | INFO ] 🧩 Model added for round 144 (1/9) from ['node_22']
[ 2026-03-29 19:43:50 | node_15 | INFO ] 🧩 Model added for round 144 (2/9) from ['node_2']
[ 2026-03-29 19:43:50 | node_7 | INFO ] 🧩 Model added for round 144 (7/14) from ['node_20']
[ 2026-03-29 19:43:50 | node_7 | INFO ] 🏋️‍♀️ Preparing training...
[ 2026-03-29 19:43:50 | node_15 | INFO ] 🧩 Model added for round 144 (3/9) from ['node_37']
[ 2026-03-29 19:43:50 | node_38 | INFO ] 🔬 Evaluating...
[ 2026-03-29 19:43:50 | node_15 | INFO ] 🧩 Model added for round 144 (4/9) from ['node_16']
[ 2026-03-29 19:43:50 | node_15 | INFO ] 🧩 Model added for round 144 (5/9) from ['node_8']
[ 2026-03-29 19:43:50 | node_15 | INFO ] 🏋️‍♀️ Preparing training...
[ 2026-03-29 19:43:50 | node_45 | INFO ] 🧩 Model added for round 144 (5/12) from ['node_29']
[ 2026-03-29 19:43:50 | node_14 | INFO ] 🎓 Training step done.
[ 2026-03-29 19:43:50 | node_35 | INFO ] 🎉 Round 144 of 150 finished.
[ 2026-03-29 19:43:50 | node_33 | INFO ] 🧩 Model added for round 144 (6/9) from ['node_39']
[ 2026-03-29 19:43:50 | node_8 | INFO ] 🧩 Model added for round 144 (5/12) from ['node_23']
[ 2026-03-29 19:43:50 | node_27 | INFO ] 🧩 Model added for round 144 (3/5) from ['node_45']
[ 2026-03-29 19:43:50 | node_24 | INFO ] 🧩 Model added for round 144 (5/8) from ['node_21']
[ 2026-03-29 19:43:50 | node_28 | INFO ] 🧩 Model added for round 144 (5/7) from ['node_37']
[ 2026-03-29 19:43:50 | node_3 | INFO ] 🧩 Model added for round 144 (4/6) from ['node_47']
[ 2026-03-29 19:43:50 | node | INFO ] 🧩 Model added for round 144 (5/8) from ['node_31']
[ 2026-03-29 19:43:50 | node_18 | INFO ] 🧩 Model added for round 144 (3/9) from ['node_20']
[ 2026-03-29 19:43:50 | node_14 | INFO ] 🛠️ Calling force_add_local_model...
[ 2026-03-29 19:43:50 | node_35 | INFO ] 🗳️ [DETERMINISTIC] Train set assigned (No Voting). Size: 50
[ 2026-03-29 19:43:50 | node_14 | INFO ] ✅ [FORCE] Local model added for round 144. (4/7)
[ 2026-03-29 19:43:51 | node_46 | INFO ] 🎉 Round 144 of 150 finished.
[ 2026-03-29 19:43:51 | node_35 | INFO ] ♻️ Proactively processing 5 early models for round 144.
[ 2026-03-29 19:43:51 | node_39 | INFO ] 🧩 Model added for round 144 (4/10) from ['node_33']
[ 2026-03-29 19:43:51 | node_37 | INFO ] 🧩 Model added for round 144 (4/11) from ['node_30']
[ 2026-03-29 19:43:51 | node_35 | INFO ] 🧩 Model added for round 144 (1/11) from ['node_24']
[ 2026-03-29 19:43:51 | node_45 | INFO ] 🧩 Model added for round 144 (6/12) from ['node_16']
[ 2026-03-29 19:43:51 | node_46 | INFO ] 🗳️ [DETERMINISTIC] Train set assigned (No Voting). Size: 50
[ 2026-03-29 19:43:51 | node_4 | INFO ] 🧩 Model added for round 144 (7/10) from ['node_48']
[ 2026-03-29 19:43:51 | node_39 | INFO ] 🧩 Model added for round 144 (5/10) from ['node_36']
[ 2026-03-29 19:43:51 | node_25 | INFO ] 🧩 Model added for round 144 (4/8) from ['node_43']
[ 2026-03-29 19:43:51 | node_35 | INFO ] 🧩 Model added for round 144 (2/11) from ['node_25']
[ 2026-03-29 19:43:51 | node_35 | INFO ] 🧩 Model added for round 144 (3/11) from ['node_49']
[ 2026-03-29 19:43:51 | node_46 | INFO ] ♻️ Proactively processing 2 early models for round 144.
[ 2026-03-29 19:43:51 | node_35 | INFO ] 🧩 Model added for round 144 (4/11) from ['node_10']
[ 2026-03-29 19:43:51 | node_46 | INFO ] 🧩 Model added for round 144 (1/7) from ['node_2']
[ 2026-03-29 19:43:51 | node_35 | INFO ] 🧩 Model added for round 144 (5/11) from ['node_30']
[ 2026-03-29 19:43:51 | node_46 | INFO ] 🧩 Model added for round 144 (2/7) from ['node_13']
[ 2026-03-29 19:43:51 | node_35 | INFO ] 🏋️‍♀️ Preparing training...
[ 2026-03-29 19:43:51 | node_11 | INFO ] 🎉 Round 144 of 150 finished.
[ 2026-03-29 19:43:51 | node_46 | INFO ] 🏋️‍♀️ Preparing training...
[ 2026-03-29 19:43:51 | node_27 | INFO ] 🧩 Model added for round 144 (4/5) from ['node_8']
[ 2026-03-29 19:43:51 | node_11 | INFO ] 🗳️ [DETERMINISTIC] Train set assigned (No Voting). Size: 50
[ 2026-03-29 19:43:51 | node_9 | INFO ] 🎉 Round 144 of 150 finished.
[ 2026-03-29 19:43:51 | node_41 | INFO ] 📈 Evaluated. Results: {'test_loss': 0.004054166376590729, 'test_accuracy': 0.9917221665382385, 'test_precision': 0.2958466112613678, 'test_recall': 0.6794819831848145, 'test_f1': 0.400068461894989, 'communication_cost': 5831264}
[ 2026-03-29 19:43:51 | node_46 | INFO ] 🧩 Model added for round 144 (3/7) from ['node_19']
[ 2026-03-29 19:43:51 | node_29 | INFO ] 🧩 Model added for round 144 (3/8) from ['node_45']
[ 2026-03-29 19:43:51 | node_41 | INFO ] 📢 Broadcasting metrics.
[ 2026-03-29 19:43:51 | node_9 | INFO ] 🗳️ [DETERMINISTIC] Train set assigned (No Voting). Size: 50
[ 2026-03-29 19:43:51 | node_11 | INFO ] ♻️ Proactively processing 3 early models for round 144.
[ 2026-03-29 19:43:52 | node_11 | INFO ] 🧩 Model added for round 144 (1/7) from ['node_22']
[ 2026-03-29 19:43:52 | node_11 | INFO ] 🧩 Model added for round 144 (2/7) from ['node_18']
[ 2026-03-29 19:43:52 | node_38 | INFO ] 📈 Evaluated. Results: {'test_loss': 0.003788328729569912, 'test_accuracy': 0.9893827438354492, 'test_precision': 0.18846729397773743, 'test_recall': 0.5844177603721619, 'test_f1': 0.2823827564716339, 'communication_cost': 7289080}
[ 2026-03-29 19:43:52 | node_11 | INFO ] 🧩 Model added for round 144 (3/7) from ['node_29']
[ 2026-03-29 19:43:52 | node_9 | INFO ] ♻️ Proactively processing 6 early models for round 144.
[ 2026-03-29 19:43:52 | node_11 | INFO ] 🏋️‍♀️ Preparing training...
[ 2026-03-29 19:43:52 | node_6 | INFO ] 🎉 Round 144 of 150 finished.
[ 2026-03-29 19:43:52 | node_9 | INFO ] 🧩 Model added for round 144 (1/12) from ['node_22']
[ 2026-03-29 19:43:52 | node_38 | INFO ] 📢 Broadcasting metrics.
[ 2026-03-29 19:43:52 | node_9 | INFO ] 🧩 Model added for round 144 (2/12) from ['node_24']
[ 2026-03-29 19:43:52 | node_30 | INFO ] 🧩 Model added for round 144 (5/10) from ['node_37']
[ 2026-03-29 19:43:52 | node_3 | INFO ] 🧩 Model added for round 144 (5/6) from ['node_31']
[ 2026-03-29 19:43:52 | node_6 | INFO ] 🗳️ [DETERMINISTIC] Train set assigned (No Voting). Size: 50
[ 2026-03-29 19:43:52 | node_9 | INFO ] 🧩 Model added for round 144 (3/12) from ['node_2']
[ 2026-03-29 19:43:52 | node_37 | INFO ] 🧩 Model added for round 144 (5/11) from ['node_21']
[ 2026-03-29 19:43:52 | node_9 | INFO ] 🧩 Model added for round 144 (4/12) from ['node_25']
[ 2026-03-29 19:43:52 | node_35 | INFO ] 🧩 Model added for round 144 (6/11) from ['node_39']
[ 2026-03-29 19:43:52 | node_7 | INFO ] 🧩 Model added for round 144 (8/14) from ['node_47']
[ 2026-03-29 19:43:52 | node_9 | INFO ] 🧩 Model added for round 144 (5/12) from ['node_37']
[ 2026-03-29 19:43:52 | node_6 | INFO ] ♻️ Proactively processing 5 early models for round 144.
[ 2026-03-29 19:43:52 | node_9 | INFO ] 🧩 Model added for round 144 (6/12) from ['node_36']
[ 2026-03-29 19:43:52 | node_6 | INFO ] 🧩 Model added for round 144 (1/7) from ['node_2']
[ 2026-03-29 19:43:52 | node_15 | INFO ] 🎓 Training step done.
[ 2026-03-29 19:43:52 | node_9 | INFO ] 🏋️‍♀️ Preparing training...
[ 2026-03-29 19:43:52 | node_35 | INFO ] 🧩 Model added for round 144 (7/11) from ['node_8']
[ 2026-03-29 19:43:52 | node_15 | INFO ] 🛠️ Calling force_add_local_model...
[ 2026-03-29 19:43:52 | node_42 | INFO ] 🎉 Round 144 of 150 finished.
[ 2026-03-29 19:43:52 | node_6 | INFO ] 🧩 Model added for round 144 (2/7) from ['node_45']
[ 2026-03-29 19:43:53 | node_6 | INFO ] 🧩 Model added for round 144 (3/7) from ['node_21']
[ 2026-03-29 19:43:53 | node_15 | INFO ] ✅ [FORCE] Local model added for round 144. (6/9)
[ 2026-03-29 19:43:53 | node_9 | INFO ] 🧩 Model added for round 144 (7/12) from ['node_23']
[ 2026-03-29 19:43:53 | node_42 | INFO ] 🗳️ [DETERMINISTIC] Train set assigned (No Voting). Size: 50
[ 2026-03-29 19:43:53 | node_6 | INFO ] 🧩 Model added for round 144 (4/7) from ['node_30']
[ 2026-03-29 19:43:53 | node_7 | INFO ] 🎓 Training step done.
[ 2026-03-29 19:43:53 | node_49 | INFO ] 🧩 Model added for round 144 (3/9) from ['node_29']
[ 2026-03-29 19:43:53 | node_35 | INFO ] 🧩 Model added for round 144 (8/11) from ['node_20']
[ 2026-03-29 19:43:53 | node_6 | INFO ] 🧩 Model added for round 144 (5/7) from ['node_47']
[ 2026-03-29 19:43:53 | node_7 | INFO ] 🛠️ Calling force_add_local_model...
[ 2026-03-29 19:43:53 | node_1 | INFO ] 🎉 Round 144 of 150 finished.
[ 2026-03-29 19:43:53 | node_6 | INFO ] 🏋️‍♀️ Preparing training...
[ 2026-03-29 19:43:53 | node_49 | INFO ] 🧩 Model added for round 144 (4/9) from ['node_33']
[ 2026-03-29 19:43:53 | node_7 | INFO ] ✅ [FORCE] Local model added for round 144. (9/14)
[ 2026-03-29 19:43:53 | node_48 | INFO ] 🧩 Model added for round 144 (2/11) from ['node_36']
[ 2026-03-29 19:43:53 | node_42 | INFO ] ♻️ Proactively processing 3 early models for round 144.
[ 2026-03-29 19:43:53 | node_6 | INFO ] 🧩 Model added for round 144 (6/7) from ['node_48']
[ 2026-03-29 19:43:53 | node_1 | INFO ] 🗳️ [DETERMINISTIC] Train set assigned (No Voting). Size: 50
[ 2026-03-29 19:43:53 | node | INFO ] 📤 Sending model to 7 direct neighbors: ['node_7', 'node_10', 'node_14', 'node_26', 'node_30', 'node_31', 'node_45']
[ 2026-03-29 19:43:53 | node_42 | INFO ] 🧩 Model added for round 144 (1/9) from ['node_25']
[ 2026-03-29 19:43:53 | node_39 | INFO ] 🧩 Model added for round 144 (6/10) from ['node_30']
[ 2026-03-29 19:43:53 | node_45 | INFO ] 🧩 Model added for round 144 (7/12) from ['node_43']
[ 2026-03-29 19:43:53 | node_49 | INFO ] 🧩 Model added for round 144 (5/9) from ['node_19']
[ 2026-03-29 19:43:53 | node_42 | INFO ] 🧩 Model added for round 144 (2/9) from ['node_29']
[ 2026-03-29 19:43:53 | node_1 | INFO ] ♻️ Proactively processing 5 early models for round 144.
[ 2026-03-29 19:43:53 | node_42 | INFO ] 🧩 Model added for round 144 (3/9) from ['node_16']
[ 2026-03-29 19:43:53 | node_1 | INFO ] 🧩 Model added for round 144 (1/9) from ['node_25']
[ 2026-03-29 19:43:53 | node_42 | INFO ] 🏋️‍♀️ Preparing training...
[ 2026-03-29 19:43:53 | node_1 | INFO ] 🧩 Model added for round 144 (2/9) from ['node_12']
[ 2026-03-29 19:43:53 | node_43 | INFO ] 🧩 Model added for round 144 (3/8) from ['node_45']
[ 2026-03-29 19:43:53 | node_46 | INFO ] 🎓 Training step done.
[ 2026-03-29 19:43:53 | node_7 | INFO ] 🧩 Model added for round 144 (10/14) from ['node']
[ 2026-03-29 19:43:53 | node_35 | INFO ] 🎓 Training step done.
[ 2026-03-29 19:43:54 | node_1 | INFO ] 🧩 Model added for round 144 (3/9) from ['node_17']
[ 2026-03-29 19:43:54 | node_46 | INFO ] 🛠️ Calling force_add_local_model...
[ 2026-03-29 19:43:54 | node_35 | INFO ] 🛠️ Calling force_add_local_model...
[ 2026-03-29 19:43:54 | node_1 | INFO ] 🧩 Model added for round 144 (4/9) from ['node_8']
[ 2026-03-29 19:43:54 | node_10 | INFO ] 🧩 Model added for round 144 (4/8) from ['node_31']
[ 2026-03-29 19:43:54 | node_35 | INFO ] ✅ [FORCE] Local model added for round 144. (9/11)
[ 2026-03-29 19:43:54 | node_1 | INFO ] 🧩 Model added for round 144 (5/9) from ['node_48']
[ 2026-03-29 19:43:54 | node_46 | INFO ] ✅ [FORCE] Local model added for round 144. (4/7)
[ 2026-03-29 19:43:54 | node_1 | INFO ] 🏋️‍♀️ Preparing training...
[ 2026-03-29 19:43:54 | node_32 | INFO ] 🎉 Round 144 of 150 finished.
[ 2026-03-29 19:43:54 | node_11 | INFO ] 🎓 Training step done.
[ 2026-03-29 19:43:54 | node_35 | INFO ] 🧩 Model added for round 144 (10/11) from ['node_37']
[ 2026-03-29 19:43:54 | node_32 | INFO ] 🗳️ [DETERMINISTIC] Train set assigned (No Voting). Size: 50
[ 2026-03-29 19:43:54 | node_11 | INFO ] 🛠️ Calling force_add_local_model...
[ 2026-03-29 19:43:54 | node_11 | INFO ] ✅ [FORCE] Local model added for round 144. (4/7)
[ 2026-03-29 19:43:54 | node_32 | INFO ] ♻️ Proactively processing 4 early models for round 144.
[ 2026-03-29 19:43:54 | node_36 | INFO ] 🧩 Model added for round 144 (5/8) from ['node_39']
[ 2026-03-29 19:43:54 | node_32 | INFO ] 🧩 Model added for round 144 (1/9) from ['node_18']
[ 2026-03-29 19:43:54 | node_32 | INFO ] 🧩 Model added for round 144 (2/9) from ['node_49']
[ 2026-03-29 19:43:54 | node_8 | INFO ] 🧩 Model added for round 144 (6/12) from ['node_48']
[ 2026-03-29 19:43:55 | node_32 | INFO ] 🧩 Model added for round 144 (3/9) from ['node_13']
[ 2026-03-29 19:43:55 | node_32 | INFO ] 🧩 Model added for round 144 (4/9) from ['node_39']
[ 2026-03-29 19:43:55 | node_47 | INFO ] 🧩 Model added for round 144 (6/12) from ['node_21']
[ 2026-03-29 19:43:55 | node_9 | INFO ] 🎓 Training step done.
[ 2026-03-29 19:43:55 | node_32 | INFO ] 🏋️‍♀️ Preparing training...
[ 2026-03-29 19:43:55 | node_4 | INFO ] 📤 Sending model to 9 direct neighbors: ['node_7', 'node_9', 'node_12', 'node_18', 'node_28', 'node_33', 'node_40', 'node_45', 'node_48']
[ 2026-03-29 19:43:55 | node_9 | INFO ] 🛠️ Calling force_add_local_model...
[ 2026-03-29 19:43:55 | node_9 | INFO ] ✅ [FORCE] Local model added for round 144. (8/12)
[ 2026-03-29 19:43:55 | node_36 | INFO ] 🧩 Model added for round 144 (6/8) from ['node_20']
[ 2026-03-29 19:43:55 | node_9 | INFO ] 🧩 Model added for round 144 (9/12) from ['node_47']
[ 2026-03-29 19:43:55 | node_26 | INFO ] ⏹️  Gossiping exited for 10 equal rounds.
[ 2026-03-29 19:43:55 | node_18 | INFO ] 🧩 Model added for round 144 (4/9) from ['node_23']
[ 2026-03-29 19:43:55 | node_40 | INFO ] ⏹️  Gossiping exited for 10 equal rounds.
[ 2026-03-29 19:43:55 | node_44 | INFO ] ⏹️  Gossiping exited for 10 equal rounds.
[ 2026-03-29 19:43:55 | node_17 | INFO ] 🧩 Model added for round 144 (2/6) from ['node_31']
[ 2026-03-29 19:43:55 | node_6 | INFO ] 🎓 Training step done.
[ 2026-03-29 19:43:55 | node_43 | INFO ] 🧩 Model added for round 144 (4/8) from ['node_8']
[ 2026-03-29 19:43:55 | node_40 | INFO ] 🔬 Evaluating...
[ 2026-03-29 19:43:55 | node_26 | INFO ] 🔬 Evaluating...
[ 2026-03-29 19:43:55 | node_6 | INFO ] 🛠️ Calling force_add_local_model...
[ 2026-03-29 19:43:55 | node_7 | INFO ] 🧩 Model added for round 144 (11/14) from ['node_4']
[ 2026-03-29 19:43:55 | node_44 | INFO ] 🔬 Evaluating...
[ 2026-03-29 19:43:55 | node_48 | INFO ] 🧩 Model added for round 144 (3/11) from ['node_43']
[ 2026-03-29 19:43:55 | node_6 | INFO ] ✅ [FORCE] Local model added for round 144. (7/7)
[ 2026-03-29 19:43:55 | node_14 | INFO ] 📤 Sending model to 6 direct neighbors: ['node', 'node_7', 'node_8', 'node_10', 'node_40', 'node_43']
[ 2026-03-29 19:43:56 | node_42 | INFO ] 🎓 Training step done.
[ 2026-03-29 19:43:56 | node_34 | INFO ] 🎉 Round 144 of 150 finished.
[ 2026-03-29 19:43:56 | node_42 | INFO ] 🛠️ Calling force_add_local_model...
[ 2026-03-29 19:43:56 | node_42 | INFO ] ✅ [FORCE] Local model added for round 144. (4/9)
[ 2026-03-29 19:43:56 | node_34 | INFO ] 🗳️ [DETERMINISTIC] Train set assigned (No Voting). Size: 50
[ 2026-03-29 19:43:56 | node | INFO ] 🧩 Model added for round 144 (6/8) from ['node_14']
[ 2026-03-29 19:43:56 | node_1 | INFO ] 🎓 Training step done.
[ 2026-03-29 19:43:56 | node_10 | INFO ] 🧩 Model added for round 144 (5/8) from ['node']
[ 2026-03-29 19:43:56 | node_34 | INFO ] ♻️ Proactively processing 6 early models for round 144.
[ 2026-03-29 19:43:56 | node_1 | INFO ] 🛠️ Calling force_add_local_model...
[ 2026-03-29 19:43:56 | node_42 | INFO ] 🧩 Model added for round 144 (5/9) from ['node_39']
[ 2026-03-29 19:43:56 | node_34 | INFO ] 🧩 Model added for round 144 (1/10) from ['node_3']
[ 2026-03-29 19:43:56 | node_1 | INFO ] ✅ [FORCE] Local model added for round 144. (6/9)
[ 2026-03-29 19:43:56 | node_34 | INFO ] 🧩 Model added for round 144 (2/10) from ['node_28']
[ 2026-03-29 19:43:56 | node_34 | INFO ] 🧩 Model added for round 144 (3/10) from ['node_10']
[ 2026-03-29 19:43:56 | node_34 | INFO ] 🧩 Model added for round 144 (4/10) from ['node_33']
[ 2026-03-29 19:43:56 | node_24 | INFO ] 🧩 Model added for round 144 (6/8) from ['node_31']
[ 2026-03-29 19:43:56 | node_34 | INFO ] 🧩 Model added for round 144 (5/10) from ['node_20']
[ 2026-03-29 19:43:56 | node_34 | INFO ] 🧩 Model added for round 144 (6/10) from ['node_43']
[ 2026-03-29 19:43:56 | node_26 | INFO ] 📈 Evaluated. Results: {'test_loss': 0.0033452464267611504, 'test_accuracy': 0.9938815832138062, 'test_precision': 0.3688008785247803, 'test_recall': 0.7068398594856262, 'test_f1': 0.4759901762008667, 'communication_cost': 6560172}
[ 2026-03-29 19:43:56 | node_34 | INFO ] 🏋️‍♀️ Preparing training...
[ 2026-03-29 19:43:56 | node_37 | INFO ] 🧩 Model added for round 144 (6/11) from ['node_20']
[ 2026-03-29 19:43:57 | node_41 | INFO ] 🎉 Round 144 of 150 finished.
[ 2026-03-29 19:43:57 | node_26 | INFO ] 📢 Broadcasting metrics.
[ 2026-03-29 19:43:57 | node_20 | INFO ] 🧩 Model added for round 144 (6/10) from ['node_48']
[ 2026-03-29 19:43:57 | node_41 | INFO ] 🗳️ [DETERMINISTIC] Train set assigned (No Voting). Size: 50
[ 2026-03-29 19:43:57 | node_49 | INFO ] 🧩 Model added for round 144 (6/9) from ['node_21']
[ 2026-03-29 19:43:57 | node_41 | INFO ] ♻️ Proactively processing 3 early models for round 144.
[ 2026-03-29 19:43:57 | node_40 | INFO ] 📈 Evaluated. Results: {'test_loss': 0.00426729628816247, 'test_accuracy': 0.9899226427078247, 'test_precision': 0.21164309978485107, 'test_recall': 0.5744226574897766, 'test_f1': 0.30469655990600586, 'communication_cost': 7289080}
[ 2026-03-29 19:43:57 | node_32 | INFO ] 🎓 Training step done.
[ 2026-03-29 19:43:57 | node_41 | INFO ] 🧩 Model added for round 144 (1/9) from ['node_17']
[ 2026-03-29 19:43:57 | node_44 | INFO ] 📈 Evaluated. Results: {'test_loss': 0.0037601448129862547, 'test_accuracy': 0.991092324256897, 'test_precision': 0.22411920130252838, 'test_recall': 0.5860876441001892, 'test_f1': 0.3155863881111145, 'communication_cost': 5831264}
[ 2026-03-29 19:43:57 | node_32 | INFO ] 🛠️ Calling force_add_local_model...
[ 2026-03-29 19:43:57 | node_40 | INFO ] 📢 Broadcasting metrics.
[ 2026-03-29 19:43:57 | node_41 | INFO ] 🧩 Model added for round 144 (2/9) from ['node_19']
[ 2026-03-29 19:43:57 | node_44 | INFO ] 📢 Broadcasting metrics.
[ 2026-03-29 19:43:57 | node_41 | INFO ] 🧩 Model added for round 144 (3/9) from ['node_8']
[ 2026-03-29 19:43:57 | node_32 | INFO ] ✅ [FORCE] Local model added for round 144. (5/9)
[ 2026-03-29 19:43:57 | node_29 | INFO ] 🧩 Model added for round 144 (4/8) from ['node_23']
[ 2026-03-29 19:43:57 | node_18 | INFO ] 🧩 Model added for round 144 (5/9) from ['node_47']
[ 2026-03-29 19:43:57 | node_48 | INFO ] 🧩 Model added for round 144 (4/11) from ['node_8']
[ 2026-03-29 19:43:57 | node_41 | INFO ] 🏋️‍♀️ Preparing training...
[ 2026-03-29 19:43:57 | node_14 | INFO ] 🧩 Model added for round 144 (5/7) from ['node']
[ 2026-03-29 19:43:58 | node_7 | INFO ] 🧩 Model added for round 144 (12/14) from ['node_14']
[ 2026-03-29 19:43:58 | node_15 | INFO ] 📤 Sending model to 8 direct neighbors: ['node_2', 'node_8', 'node_16', 'node_22', 'node_37', 'node_40', 'node_42', 'node_44']
[ 2026-03-29 19:43:58 | node_9 | INFO ] 🧩 Model added for round 144 (10/12) from ['node_4']
[ 2026-03-29 19:43:58 | node_47 | INFO ] 🧩 Model added for round 144 (7/12) from ['node_39']
[ 2026-03-29 19:43:58 | node_29 | INFO ] 🧩 Model added for round 144 (5/8) from ['node_31']
[ 2026-03-29 19:43:58 | node_7 | INFO ] 📤 Sending model to 13 direct neighbors: ['node', 'node_4', 'node_9', 'node_14', 'node_16', 'node_19', 'node_20', 'node_22', 'node_30', 'node_32', 'node_37', 'node_45', 'node_47']
[ 2026-03-29 19:43:58 | node_2 | INFO ] 🧩 Model added for round 144 (6/9) from ['node_15']
[ 2026-03-29 19:43:58 | node_38 | INFO ] 🎉 Round 144 of 150 finished.
[ 2026-03-29 19:43:59 | node_38 | INFO ] 🗳️ [DETERMINISTIC] Train set assigned (No Voting). Size: 50
[ 2026-03-29 19:43:59 | node_23 | INFO ] 🧩 Model added for round 144 (9/13) from ['node_48']
[ 2026-03-29 19:43:59 | node | INFO ] 🧩 Model added for round 144 (7/8) from ['node_7']
[ 2026-03-29 19:43:59 | node_34 | INFO ] 🎓 Training step done.
[ 2026-03-29 19:43:59 | node_34 | INFO ] 🛠️ Calling force_add_local_model...
[ 2026-03-29 19:43:59 | node_35 | INFO ] 📤 Sending model to 10 direct neighbors: ['node_8', 'node_10', 'node_20', 'node_23', 'node_24', 'node_25', 'node_30', 'node_37', 'node_39', 'node_49']
[ 2026-03-29 19:43:59 | node_38 | INFO ] ♻️ Proactively processing 7 early models for round 144.
[ 2026-03-29 19:43:59 | node_34 | INFO ] ✅ [FORCE] Local model added for round 144. (7/10)
[ 2026-03-29 19:43:59 | node_46 | INFO ] 📤 Sending model to 6 direct neighbors: ['node_2', 'node_13', 'node_19', 'node_32', 'node_41', 'node_44']
[ 2026-03-29 19:43:59 | node_33 | INFO ] 🧩 Model added for round 144 (7/9) from ['node_23']
[ 2026-03-29 19:43:59 | node_38 | INFO ] 🧩 Model added for round 144 (1/11) from ['node_18']
[ 2026-03-29 19:43:59 | node_38 | INFO ] 🧩 Model added for round 144 (2/11) from ['node_12']
[ 2026-03-29 19:43:59 | node_21 | INFO ] 🧩 Model added for round 144 (9/11) from ['node_47']
[ 2026-03-29 19:43:59 | node_38 | INFO ] 🧩 Model added for round 144 (3/11) from ['node_17']
[ 2026-03-29 19:43:59 | node_48 | INFO ] 🧩 Model added for round 144 (5/11) from ['node_20']
[ 2026-03-29 19:43:59 | node_38 | INFO ] 🧩 Model added for round 144 (4/11) from ['node_29']
[ 2026-03-29 19:43:59 | node_38 | INFO ] 🧩 Model added for round 144 (5/11) from ['node_16']
[ 2026-03-29 19:43:59 | node_38 | INFO ] 🧩 Model added for round 144 (6/11) from ['node_21']
[ 2026-03-29 19:43:59 | node_8 | INFO ] 🧩 Model added for round 144 (7/12) from ['node_35']
[ 2026-03-29 19:43:59 | node_49 | INFO ] 🧩 Model added for round 144 (7/9) from ['node_8']
[ 2026-03-29 19:43:59 | node_41 | INFO ] 🎓 Training step done.
[ 2026-03-29 19:43:59 | node_38 | INFO ] 🧩 Model added for round 144 (7/11) from ['node_37']
[ 2026-03-29 19:43:59 | node_41 | INFO ] 🛠️ Calling force_add_local_model...
[ 2026-03-29 19:43:59 | node_2 | INFO ] 🧩 Model added for round 144 (7/9) from ['node_46']
[ 2026-03-29 19:43:59 | node_38 | INFO ] 🏋️‍♀️ Preparing training...
[ 2026-03-29 19:43:59 | node_41 | INFO ] ✅ [FORCE] Local model added for round 144. (4/9)
[ 2026-03-29 19:43:59 | node_11 | INFO ] 📤 Sending model to 6 direct neighbors: ['node_18', 'node_22', 'node_29', 'node_32', 'node_40', 'node_44']
[ 2026-03-29 19:43:59 | node_30 | INFO ] 🧩 Model added for round 144 (6/10) from ['node']
[ 2026-03-29 19:43:59 | node_41 | INFO ] 🧩 Model added for round 144 (5/9) from ['node_31']
[ 2026-03-29 19:44:00 | node_18 | INFO ] 🧩 Model added for round 144 (6/9) from ['node_11']
[ 2026-03-29 19:44:00 | node_12 | INFO ] 🧩 Model added for round 144 (3/6) from ['node_4']
[ 2026-03-29 19:44:00 | node_8 | INFO ] 🧩 Model added for round 144 (8/12) from ['node_15']
[ 2026-03-29 19:44:00 | node_4 | INFO ] 🧩 Model added for round 144 (8/10) from ['node_7']
[ 2026-03-29 19:44:00 | node_8 | INFO ] 🧩 Model added for round 144 (9/12) from ['node_14']
[ 2026-03-29 19:44:00 | node_9 | INFO ] 📤 Sending model to 11 direct neighbors: ['node_2', 'node_4', 'node_7', 'node_22', 'node_23', 'node_24', 'node_25', 'node_36', 'node_37', 'node_40', 'node_47']
[ 2026-03-29 19:44:00 | node_35 | INFO ] 🧩 Model added for round 144 (11/11) from ['node_23']
[ 2026-03-29 19:44:00 | node_2 | INFO ] 🧩 Model added for round 144 (8/9) from ['node_9']
[ 2026-03-29 19:44:00 | node_6 | INFO ] 📤 Sending model to 6 direct neighbors: ['node_2', 'node_21', 'node_30', 'node_45', 'node_47', 'node_48']
[ 2026-03-29 19:44:00 | node_36 | INFO ] 🧩 Model added for round 144 (7/8) from ['node_48']
[ 2026-03-29 19:44:01 | node_27 | INFO ] 🧩 Model added for round 144 (5/5) from ['node_47']
[ 2026-03-29 19:44:01 | node_13 | INFO ] 🧩 Model added for round 144 (4/6) from ['node_46']
[ 2026-03-29 19:44:01 | node_42 | INFO ] 📤 Sending model to 8 direct neighbors: ['node_15', 'node_16', 'node_23', 'node_25', 'node_29', 'node_39', 'node_40', 'node_41']
[ 2026-03-29 19:44:01 | node_18 | INFO ] 🧩 Model added for round 144 (7/9) from ['node_4']
[ 2026-03-29 19:44:01 | node_2 | INFO ] 🧩 Model added for round 144 (9/9) from ['node_6']
[ 2026-03-29 19:44:01 | node_31 | INFO ] 🧩 Model added for round 144 (7/8) from ['node']
[ 2026-03-29 19:44:01 | node_10 | INFO ] 🧩 Model added for round 144 (6/8) from ['node_35']
[ 2026-03-29 19:44:01 | node_1 | INFO ] 📤 Sending model to 8 direct neighbors: ['node_8', 'node_12', 'node_17', 'node_25', 'node_26', 'node_34', 'node_38', 'node_48']
[ 2026-03-29 19:44:01 | node_22 | INFO ] 🧩 Model added for round 144 (6/9) from ['node_11']
[ 2026-03-29 19:44:01 | node_15 | INFO ] 🧩 Model added for round 144 (7/9) from ['node_42']
[ 2026-03-29 19:44:01 | node_27 | INFO ] 🧠 Aggregation complete. Setting new model.
[ 2026-03-29 19:44:01 | node_2 | INFO ] 🧠 Aggregation complete. Setting new model.
[ 2026-03-29 19:44:01 | node_38 | INFO ] 🎓 Training step done.
[ 2026-03-29 19:44:01 | node_38 | INFO ] 🛠️ Calling force_add_local_model...
[ 2026-03-29 19:44:01 | node_44 | INFO ] 🎉 Round 144 of 150 finished.
[ 2026-03-29 19:44:02 | node_44 | INFO ] 🗳️ [DETERMINISTIC] Train set assigned (No Voting). Size: 50
[ 2026-03-29 19:44:02 | node_26 | INFO ] 🎉 Round 144 of 150 finished.
[ 2026-03-29 19:44:02 | node_38 | INFO ] ✅ [FORCE] Local model added for round 144. (8/11)
[ 2026-03-29 19:44:02 | node_26 | INFO ] 🗳️ [DETERMINISTIC] Train set assigned (No Voting). Size: 50
[ 2026-03-29 19:44:02 | node_44 | INFO ] ♻️ Proactively processing 2 early models for round 144.
[ 2026-03-29 19:44:02 | node_26 | INFO ] ♻️ Proactively processing 5 early models for round 144.
[ 2026-03-29 19:44:02 | node_26 | INFO ] 🧩 Model added for round 144 (1/10) from ['node_17']
[ 2026-03-29 19:44:02 | node_26 | INFO ] 🧩 Model added for round 144 (2/10) from ['node_12']
[ 2026-03-29 19:44:02 | node_27 | INFO ] 🗣️ Gossiping aggregated model.
[ 2026-03-29 19:44:02 | node_44 | INFO ] 🧩 Model added for round 144 (1/9) from ['node_30']
[ 2026-03-29 19:44:02 | node_26 | INFO ] 🧩 Model added for round 144 (3/10) from ['node_13']
[ 2026-03-29 19:44:02 | node_44 | INFO ] 🧩 Model added for round 144 (2/9) from ['node_8']
[ 2026-03-29 19:44:02 | node_8 | INFO ] 🧩 Model added for round 144 (10/12) from ['node_1']
[ 2026-03-29 19:44:02 | node_9 | INFO ] 🧩 Model added for round 144 (11/12) from ['node_7']
[ 2026-03-29 19:44:02 | node_10 | INFO ] 🧩 Model added for round 144 (7/8) from ['node_14']
[ 2026-03-29 19:44:02 | node_44 | INFO ] 🏋️‍♀️ Preparing training...
[ 2026-03-29 19:44:02 | node_38 | INFO ] 🧩 Model added for round 144 (9/11) from ['node_47']
[ 2026-03-29 19:44:02 | node_19 | INFO ] 🧩 Model added for round 144 (7/9) from ['node_46']
[ 2026-03-29 19:44:02 | node_26 | INFO ] 🧩 Model added for round 144 (4/10) from ['node_23']
[ 2026-03-29 19:44:02 | node_16 | INFO ] 🧩 Model added for round 144 (5/8) from ['node_15']
[ 2026-03-29 19:44:02 | node_26 | INFO ] 🧩 Model added for round 144 (5/10) from ['node']
[ 2026-03-29 19:44:02 | node_42 | INFO ] 🧩 Model added for round 144 (6/9) from ['node_23']
[ 2026-03-29 19:44:02 | node_26 | INFO ] 🏋️‍♀️ Preparing training...
[ 2026-03-29 19:44:02 | node_32 | INFO ] 📤 Sending model to 8 direct neighbors: ['node_7', 'node_11', 'node_13', 'node_18', 'node_39', 'node_41', 'node_46', 'node_49']
[ 2026-03-29 19:44:02 | node_45 | INFO ] 🧩 Model added for round 144 (8/12) from ['node']
[ 2026-03-29 19:44:02 | node_4 | INFO ] 🧩 Model added for round 144 (9/10) from ['node_9']
[ 2026-03-29 19:44:02 | node_43 | INFO ] 🧩 Model added for round 144 (5/8) from ['node_48']
[ 2026-03-29 19:44:02 | node_2 | INFO ] 🗣️ Gossiping aggregated model.
[ 2026-03-29 19:44:03 | node_20 | INFO ] 🧩 Model added for round 144 (7/10) from ['node_35']
[ 2026-03-29 19:44:03 | node_40 | INFO ] 🎉 Round 144 of 150 finished.
[ 2026-03-29 19:44:03 | node_28 | INFO ] 🧩 Model added for round 144 (6/7) from ['node_4']
[ 2026-03-29 19:44:03 | node_29 | INFO ] 🧩 Model added for round 144 (6/8) from ['node_11']
[ 2026-03-29 19:44:03 | node_40 | INFO ] 🗳️ [DETERMINISTIC] Train set assigned (No Voting). Size: 50
[ 2026-03-29 19:44:03 | node_7 | INFO ] 🧩 Model added for round 144 (13/14) from ['node_32']
[ 2026-03-29 19:44:03 | node_21 | INFO ] 🧩 Model added for round 144 (10/11) from ['node_6']
[ 2026-03-29 19:44:03 | node_40 | INFO ] ♻️ Proactively processing 2 early models for round 144.
[ 2026-03-29 19:44:03 | node_16 | INFO ] 🧩 Model added for round 144 (6/8) from ['node_42']
[ 2026-03-29 19:44:03 | node_40 | INFO ] 🧩 Model added for round 144 (1/11) from ['node_20']
[ 2026-03-29 19:44:03 | node_40 | INFO ] 🧩 Model added for round 144 (2/11) from ['node_48']
[ 2026-03-29 19:44:03 | node_40 | INFO ] 🏋️‍♀️ Preparing training...
[ 2026-03-29 19:44:04 | node_40 | INFO ] 🧩 Model added for round 144 (3/11) from ['node_14']
[ 2026-03-29 19:44:04 | node_22 | INFO ] 🧩 Model added for round 144 (7/9) from ['node_15']
[ 2026-03-29 19:44:04 | node_32 | INFO ] 🧩 Model added for round 144 (6/9) from ['node_46']
[ 2026-03-29 19:44:04 | node_43 | INFO ] 🧩 Model added for round 144 (6/8) from ['node_23']
[ 2026-03-29 19:44:04 | node_34 | INFO ] 📤 Sending model to 9 direct neighbors: ['node_1', 'node_3', 'node_10', 'node_20', 'node_26', 'node_28', 'node_33', 'node_43', 'node_44']
[ 2026-03-29 19:44:04 | node_47 | INFO ] 🧩 Model added for round 144 (8/12) from ['node_48']
[ 2026-03-29 19:44:04 | node_33 | INFO ] 🧩 Model added for round 144 (8/9) from ['node_4']
[ 2026-03-29 19:44:04 | node_12 | INFO ] 🧩 Model added for round 144 (4/6) from ['node_1']
[ 2026-03-29 19:44:04 | node_44 | INFO ] 🎓 Training step done.
[ 2026-03-29 19:44:04 | node_39 | INFO ] 🧩 Model added for round 144 (7/10) from ['node_47']
[ 2026-03-29 19:44:04 | node_44 | INFO ] 🛠️ Calling force_add_local_model...
[ 2026-03-29 19:44:04 | node_14 | INFO ] 🧩 Model added for round 144 (6/7) from ['node_7']
[ 2026-03-29 19:44:04 | node_7 | INFO ] 🧩 Model added for round 144 (14/14) from ['node_9']
[ 2026-03-29 19:44:04 | node_26 | INFO ] 🎓 Training step done.
[ 2026-03-29 19:44:04 | node_32 | INFO ] 🧩 Model added for round 144 (7/9) from ['node_11']
[ 2026-03-29 19:44:04 | node_44 | INFO ] ✅ [FORCE] Local model added for round 144. (3/9)
[ 2026-03-29 19:44:04 | node_26 | INFO ] 🛠️ Calling force_add_local_model...
[ 2026-03-29 19:44:04 | node_1 | INFO ] 🧩 Model added for round 144 (7/9) from ['node_34']
[ 2026-03-29 19:44:04 | node_26 | INFO ] ✅ [FORCE] Local model added for round 144. (6/10)
[ 2026-03-29 19:44:04 | node_41 | INFO ] 📤 Sending model to 8 direct neighbors: ['node_8', 'node_17', 'node_19', 'node_26', 'node_31', 'node_32', 'node_42', 'node_46']
[ 2026-03-29 19:44:05 | node_23 | INFO ] 🧩 Model added for round 144 (10/13) from ['node_35']
[ 2026-03-29 19:44:05 | node_23 | INFO ] 🧩 Model added for round 144 (11/13) from ['node_42']
[ 2026-03-29 19:44:05 | node_8 | INFO ] 🧩 Model added for round 144 (11/12) from ['node_41']
[ 2026-03-29 19:44:05 | node_30 | INFO ] 🧩 Model added for round 144 (7/10) from ['node_6']
[ 2026-03-29 19:44:05 | node_40 | INFO ] 🎓 Training step done.
[ 2026-03-29 19:44:05 | node_40 | INFO ] 🛠️ Calling force_add_local_model...
[ 2026-03-29 19:44:05 | node_17 | INFO ] 🧩 Model added for round 144 (3/6) from ['node_1']
[ 2026-03-29 19:44:05 | node_37 | INFO ] 🧩 Model added for round 144 (7/11) from ['node_15']
[ 2026-03-29 19:44:05 | node_45 | INFO ] 🧩 Model added for round 144 (9/12) from ['node_23']
[ 2026-03-29 19:44:05 | node_11 | INFO ] 🧩 Model added for round 144 (5/7) from ['node_32']
[ 2026-03-29 19:44:05 | node_40 | INFO ] ✅ [FORCE] Local model added for round 144. (4/11)
[ 2026-03-29 19:44:05 | node_41 | INFO ] 🧩 Model added for round 144 (6/9) from ['node_46']
[ 2026-03-29 19:44:06 | node_43 | INFO ] 🧩 Model added for round 144 (7/8) from ['node_14']
[ 2026-03-29 19:44:06 | node_16 | INFO ] 🧩 Model added for round 144 (7/8) from ['node_7']
[ 2026-03-29 19:44:06 | node_40 | INFO ] 🧩 Model added for round 144 (5/11) from ['node_4']
[ 2026-03-29 19:44:06 | node_48 | INFO ] 🧩 Model added for round 144 (6/11) from ['node_47']
[ 2026-03-29 19:44:06 | node_3 | INFO ] 🧩 Model added for round 144 (6/6) from ['node_34']
[ 2026-03-29 19:44:06 | node_40 | INFO ] 🧩 Model added for round 144 (6/11) from ['node_11']
[ 2026-03-29 19:44:06 | node_25 | INFO ] 🧩 Model added for round 144 (5/8) from ['node_1']
[ 2026-03-29 19:44:06 | node_22 | INFO ] 🧩 Model added for round 144 (8/9) from ['node_9']
[ 2026-03-29 19:44:06 | node_3 | INFO ] 🧠 Aggregation complete. Setting new model.
[ 2026-03-29 19:44:07 | node_45 | INFO ] 🧩 Model added for round 144 (10/12) from ['node_6']
[ 2026-03-29 19:44:07 | node_13 | INFO ] 🧩 Model added for round 144 (5/6) from ['node_32']
[ 2026-03-29 19:44:07 | node_38 | INFO ] 📤 Sending model to 10 direct neighbors: ['node_1', 'node_12', 'node_16', 'node_17', 'node_18', 'node_21', 'node_29', 'node_37', 'node_40', 'node_47']
[ 2026-03-29 19:44:07 | node_25 | INFO ] 🧩 Model added for round 144 (6/8) from ['node_42']
[ 2026-03-29 19:44:07 | node_24 | INFO ] 🧩 Model added for round 144 (7/8) from ['node_35']
[ 2026-03-29 19:44:07 | node_17 | INFO ] 🧩 Model added for round 144 (4/6) from ['node_41']
[ 2026-03-29 19:44:07 | node_19 | INFO ] 🧩 Model added for round 144 (8/9) from ['node_7']
[ 2026-03-29 19:44:07 | node_40 | INFO ] 🧩 Model added for round 144 (7/11) from ['node_15']
[ 2026-03-29 19:44:07 | node_44 | INFO ] 🧩 Model added for round 144 (4/9) from ['node_46']
[ 2026-03-29 19:44:07 | node_1 | INFO ] 🧩 Model added for round 144 (8/9) from ['node_38']
[ 2026-03-29 19:44:07 | node_10 | INFO ] 🧩 Model added for round 144 (8/8) from ['node_34']
[ 2026-03-29 19:44:07 | node_3 | INFO ] 🗣️ Gossiping aggregated model.
[ 2026-03-29 19:44:07 | node_48 | INFO ] 🧩 Model added for round 144 (7/11) from ['node_23']
[ 2026-03-29 19:44:08 | node_45 | INFO ] 🧩 Model added for round 144 (11/12) from ['node_4']
[ 2026-03-29 19:44:08 | node_18 | INFO ] 🧩 Model added for round 144 (8/9) from ['node_32']
[ 2026-03-29 19:44:08 | node_26 | INFO ] 🧩 Model added for round 144 (7/10) from ['node_1']
[ 2026-03-29 19:44:08 | node_44 | INFO ] 🧩 Model added for round 144 (5/9) from ['node_11']
[ 2026-03-29 19:44:08 | node_23 | INFO ] 🧩 Model added for round 144 (12/13) from ['node_9']
[ 2026-03-29 19:44:08 | node_29 | INFO ] 🧩 Model added for round 144 (7/8) from ['node_42']
[ 2026-03-29 19:44:08 | node_25 | INFO ] 🧩 Model added for round 144 (7/8) from ['node_35']
[ 2026-03-29 19:44:08 | node_19 | INFO ] 🧩 Model added for round 144 (9/9) from ['node_41']
[ 2026-03-29 19:44:08 | node_10 | INFO ] 🧠 Aggregation complete. Setting new model.
[ 2026-03-29 19:44:09 | node_47 | INFO ] 🧩 Model added for round 144 (9/12) from ['node_6']
[ 2026-03-29 19:44:09 | node_10 | INFO ] 🗣️ Gossiping aggregated model.
[ 2026-03-29 19:44:09 | node_20 | INFO ] 🧩 Model added for round 144 (8/10) from ['node_7']
[ 2026-03-29 19:44:09 | node_44 | INFO ] 📤 Sending model to 8 direct neighbors: ['node_8', 'node_11', 'node_15', 'node_26', 'node_30', 'node_34', 'node_40', 'node_46']
[ 2026-03-29 19:44:09 | node_26 | INFO ] 📤 Sending model to 9 direct neighbors: ['node', 'node_1', 'node_12', 'node_13', 'node_17', 'node_23', 'node_34', 'node_41', 'node_44']
[ 2026-03-29 19:44:09 | node_20 | INFO ] 🧩 Model added for round 144 (9/10) from ['node_34']
[ 2026-03-29 19:44:10 | node_42 | INFO ] 🧩 Model added for round 144 (7/9) from ['node_15']
[ 2026-03-29 19:44:10 | node_12 | INFO ] 🧩 Model added for round 144 (5/6) from ['node_38']
[ 2026-03-29 19:44:10 | node_39 | INFO ] 🧩 Model added for round 144 (8/10) from ['node_32']
[ 2026-03-29 19:44:10 | node_34 | INFO ] 🧩 Model added for round 144 (8/10) from ['node_1']
[ 2026-03-29 19:44:10 | node_39 | INFO ] 🧩 Model added for round 144 (9/10) from ['node_42']
[ 2026-03-29 19:44:10 | node_26 | INFO ] 🧩 Model added for round 144 (8/10) from ['node_41']
[ 2026-03-29 19:44:10 | node_48 | INFO ] 🧩 Model added for round 144 (8/11) from ['node_4']
[ 2026-03-29 19:44:10 | node_30 | INFO ] 🧩 Model added for round 144 (8/10) from ['node_35']
[ 2026-03-29 19:44:10 | node_40 | INFO ] 📤 Sending model to 10 direct neighbors: ['node_4', 'node_9', 'node_11', 'node_14', 'node_15', 'node_20', 'node_38', 'node_42', 'node_44', 'node_48']
[ 2026-03-29 19:44:11 | node_24 | INFO ] 🧩 Model added for round 144 (8/8) from ['node_9']
[ 2026-03-29 19:44:11 | node | INFO ] 🧩 Model added for round 144 (8/8) from ['node_26']
[ 2026-03-29 19:44:11 | node_8 | INFO ] 🧩 Model added for round 144 (12/12) from ['node_44']
[ 2026-03-29 19:44:11 | node_16 | INFO ] 🧩 Model added for round 144 (8/8) from ['node_38']
[ 2026-03-29 19:44:11 | node_48 | INFO ] 🧩 Model added for round 144 (9/11) from ['node_6']
[ 2026-03-29 19:44:11 | node_22 | INFO ] 🧩 Model added for round 144 (9/9) from ['node_7']
[ 2026-03-29 19:44:11 | node_4 | INFO ] 🧩 Model added for round 144 (10/10) from ['node_40']
[ 2026-03-29 19:44:12 | node_26 | INFO ] 🧩 Model added for round 144 (9/10) from ['node_34']
[ 2026-03-29 19:44:12 | node_44 | INFO ] 🧩 Model added for round 144 (6/9) from ['node_15']
[ 2026-03-29 19:44:12 | node_38 | INFO ] 🧩 Model added for round 144 (10/11) from ['node_1']
[ 2026-03-29 19:44:12 | node_40 | INFO ] 🧩 Model added for round 144 (8/11) from ['node_42']
[ 2026-03-29 19:44:12 | node_41 | INFO ] 🧩 Model added for round 144 (7/9) from ['node_32']
[ 2026-03-29 19:44:12 | node_31 | INFO ] 🧩 Model added for round 144 (8/8) from ['node_41']
[ 2026-03-29 19:44:12 | node_25 | INFO ] 🧩 Model added for round 144 (8/8) from ['node_9']
[ 2026-03-29 19:44:13 | node_1 | INFO ] 🧩 Model added for round 144 (9/9) from ['node_26']
[ 2026-03-29 19:44:13 | node_11 | INFO ] 🧩 Model added for round 144 (6/7) from ['node_44']
[ 2026-03-29 19:44:13 | node_37 | INFO ] 🧩 Model added for round 144 (8/11) from ['node_35']
[ 2026-03-29 19:44:13 | node_17 | INFO ] 🧩 Model added for round 144 (5/6) from ['node_38']
[ 2026-03-29 19:44:13 | node_30 | INFO ] 🧩 Model added for round 144 (9/10) from ['node_7']
[ 2026-03-29 19:44:13 | node_9 | INFO ] 🧩 Model added for round 144 (12/12) from ['node_40']
[ 2026-03-29 19:44:13 | node_19 | INFO ] 🧠 Aggregation complete. Setting new model.
[ 2026-03-29 19:44:13 | node_6 | INFO ] 🧠 Aggregation complete. Setting new model.
[ 2026-03-29 19:44:13 | node_46 | INFO ] 🧩 Model added for round 144 (5/7) from ['node_32']
[ 2026-03-29 19:44:13 | node_24 | INFO ] 🧠 Aggregation complete. Setting new model.
[ 2026-03-29 19:44:13 | node_28 | INFO ] 🧩 Model added for round 144 (7/7) from ['node_34']
[ 2026-03-29 19:44:13 | node | INFO ] 🧠 Aggregation complete. Setting new model.
[ 2026-03-29 19:44:14 | node_31 | INFO ] 🧠 Aggregation complete. Setting new model.
[ 2026-03-29 19:44:14 | node_25 | INFO ] 🧠 Aggregation complete. Setting new model.
[ 2026-03-29 19:44:14 | node_16 | INFO ] 🧠 Aggregation complete. Setting new model.
[ 2026-03-29 19:44:14 | node | INFO ] 🗣️ Gossiping aggregated model.
[ 2026-03-29 19:44:14 | node_48 | INFO ] 🧩 Model added for round 144 (10/11) from ['node_1']
[ 2026-03-29 19:44:14 | node_6 | INFO ] 🗣️ Gossiping aggregated model.
[ 2026-03-29 19:44:14 | node_24 | INFO ] 🗣️ Gossiping aggregated model.
[ 2026-03-29 19:44:14 | node_19 | INFO ] 🗣️ Gossiping aggregated model.
[ 2026-03-29 19:44:15 | node_18 | INFO ] 🧩 Model added for round 144 (9/9) from ['node_38']
[ 2026-03-29 19:44:15 | node_25 | INFO ] 🗣️ Gossiping aggregated model.
[ 2026-03-29 19:44:15 | node_31 | INFO ] 🗣️ Gossiping aggregated model.
[ 2026-03-29 19:44:15 | node_32 | INFO ] 🧩 Model added for round 144 (8/9) from ['node_41']
[ 2026-03-29 19:44:15 | node_12 | INFO ] 🧩 Model added for round 144 (6/6) from ['node_26']
[ 2026-03-29 19:44:15 | node_41 | INFO ] 🧩 Model added for round 144 (8/9) from ['node_42']
[ 2026-03-29 19:44:15 | node_36 | INFO ] 🧩 Model added for round 144 (8/8) from ['node_9']
[ 2026-03-29 19:44:15 | node_16 | INFO ] 🗣️ Gossiping aggregated model.
[ 2026-03-29 19:44:15 | node_22 | INFO ] 🧠 Aggregation complete. Setting new model.
[ 2026-03-29 19:44:15 | node_33 | INFO ] 🧩 Model added for round 144 (9/9) from ['node_34']
[ 2026-03-29 19:44:15 | node_11 | INFO ] 🧩 Model added for round 144 (7/7) from ['node_40']
[ 2026-03-29 19:44:15 | node_15 | INFO ] 🧩 Model added for round 144 (8/9) from ['node_44']
[ 2026-03-29 19:44:15 | node_32 | INFO ] 🧩 Model added for round 144 (9/9) from ['node_7']
[ 2026-03-29 19:44:15 | node_49 | INFO ] 🧩 Model added for round 144 (8/9) from ['node_32']
[ 2026-03-29 19:44:15 | node_39 | INFO ] 🧩 Model added for round 144 (10/10) from ['node_35']
[ 2026-03-29 19:44:15 | node_4 | INFO ] 🧠 Aggregation complete. Setting new model.
[ 2026-03-29 19:44:16 | node_12 | INFO ] 🧠 Aggregation complete. Setting new model.
[ 2026-03-29 19:44:16 | node_28 | INFO ] 🧠 Aggregation complete. Setting new model.
[ 2026-03-29 19:44:16 | node_8 | INFO ] 🧠 Aggregation complete. Setting new model.
[ 2026-03-29 19:44:16 | node_18 | INFO ] 🧠 Aggregation complete. Setting new model.
[ 2026-03-29 19:44:16 | node_36 | INFO ] 🧠 Aggregation complete. Setting new model.
[ 2026-03-29 19:44:16 | node_11 | INFO ] 🧠 Aggregation complete. Setting new model.
[ 2026-03-29 19:44:16 | node_13 | INFO ] 🧩 Model added for round 144 (6/6) from ['node_26']
[ 2026-03-29 19:44:16 | node_22 | INFO ] 🗣️ Gossiping aggregated model.
[ 2026-03-29 19:44:17 | node_12 | INFO ] 🗣️ Gossiping aggregated model.
[ 2026-03-29 19:44:17 | node_4 | INFO ] 🗣️ Gossiping aggregated model.
[ 2026-03-29 19:44:17 | node_28 | INFO ] 🗣️ Gossiping aggregated model.
[ 2026-03-29 19:44:17 | node_8 | INFO ] 🗣️ Gossiping aggregated model.
[ 2026-03-29 19:44:17 | node_42 | INFO ] 🧩 Model added for round 144 (8/9) from ['node_41']
[ 2026-03-29 19:44:17 | node_33 | INFO ] 🧠 Aggregation complete. Setting new model.
[ 2026-03-29 19:44:17 | node_14 | INFO ] 🧩 Model added for round 144 (7/7) from ['node_40']
[ 2026-03-29 19:44:17 | node_36 | INFO ] 🗣️ Gossiping aggregated model.
[ 2026-03-29 19:44:17 | node_11 | INFO ] 🗣️ Gossiping aggregated model.
[ 2026-03-29 19:44:17 | node_37 | INFO ] 🧩 Model added for round 144 (9/11) from ['node_9']
[ 2026-03-29 19:44:17 | node_21 | INFO ] 🧩 Model added for round 144 (11/11) from ['node_38']
[ 2026-03-29 19:44:17 | node_18 | INFO ] 🗣️ Gossiping aggregated model.
[ 2026-03-29 19:44:17 | node_37 | INFO ] 🧩 Model added for round 144 (10/11) from ['node_7']
[ 2026-03-29 19:44:18 | node_43 | INFO ] 🧩 Model added for round 144 (8/8) from ['node_34']
[ 2026-03-29 19:44:18 | node_49 | INFO ] 🧩 Model added for round 144 (9/9) from ['node_35']
[ 2026-03-29 19:44:18 | node_26 | INFO ] 🧩 Model added for round 144 (10/10) from ['node_44']
[ 2026-03-29 19:44:18 | node_17 | INFO ] 🧩 Model added for round 144 (6/6) from ['node_26']
[ 2026-03-29 19:44:18 | node_33 | INFO ] 🗣️ Gossiping aggregated model.
[ 2026-03-29 19:44:18 | node_39 | INFO ] 🧠 Aggregation complete. Setting new model.
[ 2026-03-29 19:44:19 | node_15 | INFO ] 🧩 Model added for round 144 (9/9) from ['node_40']
[ 2026-03-29 19:44:19 | node_46 | INFO ] 🧩 Model added for round 144 (6/7) from ['node_41']
[ 2026-03-29 19:44:19 | node_40 | INFO ] 🧩 Model added for round 144 (9/11) from ['node_9']
[ 2026-03-29 19:44:19 | node_29 | INFO ] 🧩 Model added for round 144 (8/8) from ['node_38']
[ 2026-03-29 19:44:19 | node_44 | INFO ] 🧩 Model added for round 144 (7/9) from ['node_34']
[ 2026-03-29 19:44:19 | node_45 | INFO ] 🧩 Model added for round 144 (12/12) from ['node_7']
[ 2026-03-29 19:44:19 | node_23 | INFO ] 🧩 Model added for round 144 (13/13) from ['node_26']
[ 2026-03-29 19:44:19 | node_30 | INFO ] 🧩 Model added for round 144 (10/10) from ['node_44']
[ 2026-03-29 19:44:19 | node_1 | INFO ] 🧠 Aggregation complete. Setting new model.
[ 2026-03-29 19:44:19 | node_39 | INFO ] 🗣️ Gossiping aggregated model.
[ 2026-03-29 19:44:20 | node_5 | INFO ] ⏹️  Gossiping exited for 10 equal rounds.
[ 2026-03-29 19:44:20 | node_5 | INFO ] 🔬 Evaluating...
[ 2026-03-29 19:44:20 | node_1 | INFO ] 🗣️ Gossiping aggregated model.
[ 2026-03-29 19:44:21 | node_37 | INFO ] 🧩 Model added for round 144 (11/11) from ['node_38']
[ 2026-03-29 19:44:21 | node_20 | INFO ] 🧩 Model added for round 144 (10/10) from ['node_40']
[ 2026-03-29 19:44:21 | node_47 | INFO ] 🧩 Model added for round 144 (10/12) from ['node_7']
[ 2026-03-29 19:44:21 | node_13 | INFO ] 🧠 Aggregation complete. Setting new model.
[ 2026-03-29 19:44:21 | node_34 | INFO ] 🧩 Model added for round 144 (9/10) from ['node_44']
[ 2026-03-29 19:44:21 | node_47 | INFO ] 🧩 Model added for round 144 (11/12) from ['node_9']
[ 2026-03-29 19:44:21 | node_34 | INFO ] 🧩 Model added for round 144 (10/10) from ['node_26']
[ 2026-03-29 19:44:22 | node_43 | INFO ] 🧠 Aggregation complete. Setting new model.
[ 2026-03-29 19:44:22 | node_17 | INFO ] 🧠 Aggregation complete. Setting new model.
[ 2026-03-29 19:44:22 | node_14 | INFO ] 🧠 Aggregation complete. Setting new model.
[ 2026-03-29 19:44:22 | node_13 | INFO ] 🗣️ Gossiping aggregated model.
[ 2026-03-29 19:44:22 | node_29 | INFO ] 🧠 Aggregation complete. Setting new model.
[ 2026-03-29 19:44:22 | node_32 | INFO ] 🧠 Aggregation complete. Setting new model.
[ 2026-03-29 19:44:22 | node_15 | INFO ] 🧠 Aggregation complete. Setting new model.
[ 2026-03-29 19:44:22 | node_49 | INFO ] 🧠 Aggregation complete. Setting new model.
[ 2026-03-29 19:44:23 | node_17 | INFO ] 🗣️ Gossiping aggregated model.
[ 2026-03-29 19:44:23 | node_40 | INFO ] 🧩 Model added for round 144 (10/11) from ['node_38']
[ 2026-03-29 19:44:23 | node_14 | INFO ] 🗣️ Gossiping aggregated model.
[ 2026-03-29 19:44:23 | node_43 | INFO ] 🗣️ Gossiping aggregated model.
[ 2026-03-29 19:44:23 | node_38 | INFO ] 🧩 Model added for round 144 (11/11) from ['node_40']
[ 2026-03-29 19:44:23 | node_29 | INFO ] 🗣️ Gossiping aggregated model.
[ 2026-03-29 19:44:23 | node_5 | INFO ] 📈 Evaluated. Results: {'test_loss': 0.002571071730926633, 'test_accuracy': 0.9931623935699463, 'test_precision': 0.34024062752723694, 'test_recall': 0.7947236895561218, 'test_f1': 0.46661266684532166, 'communication_cost': 2915632}
[ 2026-03-29 19:44:23 | node_40 | INFO ] 🧩 Model added for round 144 (11/11) from ['node_44']
[ 2026-03-29 19:44:23 | node_32 | INFO ] 🗣️ Gossiping aggregated model.
[ 2026-03-29 19:44:23 | node_15 | INFO ] 🗣️ Gossiping aggregated model.
[ 2026-03-29 19:44:23 | node_49 | INFO ] 🗣️ Gossiping aggregated model.
[ 2026-03-29 19:44:24 | node_5 | INFO ] 📢 Broadcasting metrics.
[ 2026-03-29 19:44:24 | node_21 | INFO ] 🧠 Aggregation complete. Setting new model.
[ 2026-03-29 19:44:24 | node_41 | INFO ] 🧩 Model added for round 144 (9/9) from ['node_26']
[ 2026-03-29 19:44:24 | node_35 | INFO ] 🧠 Aggregation complete. Setting new model.
[ 2026-03-29 19:44:25 | node_47 | INFO ] 🧩 Model added for round 144 (12/12) from ['node_38']
[ 2026-03-29 19:44:25 | node_30 | INFO ] 🧠 Aggregation complete. Setting new model.
[ 2026-03-29 19:44:25 | node_5 | INFO ] 🎉 Round 145 of 150 finished.
[ 2026-03-29 19:44:25 | node_5 | INFO ] 🗳️ [DETERMINISTIC] Train set assigned (No Voting). Size: 50
[ 2026-03-29 19:44:25 | node_21 | INFO ] 🗣️ Gossiping aggregated model.
[ 2026-03-29 19:44:25 | node_42 | INFO ] 🧩 Model added for round 144 (9/9) from ['node_40']
[ 2026-03-29 19:44:25 | node_46 | INFO ] 🧩 Model added for round 144 (7/7) from ['node_44']
[ 2026-03-29 19:44:25 | node_5 | INFO ] 🏋️‍♀️ Preparing training...
[ 2026-03-29 19:44:25 | node_20 | INFO ] 🧠 Aggregation complete. Setting new model.
[ 2026-03-29 19:44:25 | node_44 | INFO ] 🧩 Model added for round 144 (8/9) from ['node_26']
[ 2026-03-29 19:44:26 | node_49 | INFO ] 🤫 Gossip finished.
[ 2026-03-29 19:44:26 | node_35 | INFO ] 🗣️ Gossiping aggregated model.
[ 2026-03-29 19:44:26 | node_49 | INFO ] 🔬 Evaluating...
[ 2026-03-29 19:44:26 | node_30 | INFO ] 🗣️ Gossiping aggregated model.
[ 2026-03-29 19:44:26 | node_45 | INFO ] 🧠 Aggregation complete. Setting new model.
[ 2026-03-29 19:44:26 | node_37 | INFO ] 🧠 Aggregation complete. Setting new model.
[ 2026-03-29 19:44:26 | node_23 | INFO ] 🧠 Aggregation complete. Setting new model.
[ 2026-03-29 19:44:26 | node_34 | INFO ] 🧠 Aggregation complete. Setting new model.
[ 2026-03-29 19:44:26 | node_44 | INFO ] 🧩 Model added for round 144 (9/9) from ['node_40']
[ 2026-03-29 19:44:26 | node_41 | INFO ] 🧠 Aggregation complete. Setting new model.
[ 2026-03-29 19:44:26 | node_46 | INFO ] 🧠 Aggregation complete. Setting new model.
[ 2026-03-29 19:44:26 | node_9 | INFO ] 🧠 Aggregation complete. Setting new model.
[ 2026-03-29 19:44:26 | node_47 | INFO ] 🧠 Aggregation complete. Setting new model.
[ 2026-03-29 19:44:26 | node_38 | INFO ] 🧠 Aggregation complete. Setting new model.
[ 2026-03-29 19:44:27 | node_20 | INFO ] 🗣️ Gossiping aggregated model.
[ 2026-03-29 19:44:27 | node_18 | INFO ] 🤫 Gossip finished.
[ 2026-03-29 19:44:27 | node_46 | INFO ] 🗣️ Gossiping aggregated model.
[ 2026-03-29 19:44:27 | node_18 | INFO ] 🔬 Evaluating...
[ 2026-03-29 19:44:27 | node_31 | INFO ] 🤫 Gossip finished.
[ 2026-03-29 19:44:27 | node_3 | INFO ] 🤫 Gossip finished.
[ 2026-03-29 19:44:27 | node_41 | INFO ] 🗣️ Gossiping aggregated model.
[ 2026-03-29 19:44:27 | node_3 | INFO ] 🔬 Evaluating...
[ 2026-03-29 19:44:27 | node_31 | INFO ] 🔬 Evaluating...
[ 2026-03-29 19:44:27 | node_28 | INFO ] 🤫 Gossip finished.
[ 2026-03-29 19:44:27 | node_45 | INFO ] 🗣️ Gossiping aggregated model.
[ 2026-03-29 19:44:27 | node_28 | INFO ] 🔬 Evaluating...
[ 2026-03-29 19:44:28 | node_23 | INFO ] 🗣️ Gossiping aggregated model.
[ 2026-03-29 19:44:28 | node_47 | INFO ] 🗣️ Gossiping aggregated model.
[ 2026-03-29 19:44:28 | node_9 | INFO ] 🗣️ Gossiping aggregated model.
[ 2026-03-29 19:44:28 | node_49 | INFO ] 📈 Evaluated. Results: {'test_loss': 0.004449364263564348, 'test_accuracy': 0.9915422201156616, 'test_precision': 0.25591355562210083, 'test_recall': 0.5589587092399597, 'test_f1': 0.3459073305130005, 'communication_cost': 5831264}
[ 2026-03-29 19:44:28 | node_34 | INFO ] 🗣️ Gossiping aggregated model.
[ 2026-03-29 19:44:28 | node_38 | INFO ] 🗣️ Gossiping aggregated model.
[ 2026-03-29 19:44:28 | node_42 | INFO ] 🧠 Aggregation complete. Setting new model.
[ 2026-03-29 19:44:28 | node_37 | INFO ] 🗣️ Gossiping aggregated model.
[ 2026-03-29 19:44:28 | node_10 | INFO ] 🤫 Gossip finished.
[ 2026-03-29 19:44:28 | node_49 | INFO ] 📢 Broadcasting metrics.
[ 2026-03-29 19:44:28 | node_10 | INFO ] 🔬 Evaluating...
[ 2026-03-29 19:44:28 | node_7 | INFO ] 🧠 Aggregation complete. Setting new model.
[ 2026-03-29 19:44:28 | node_48 | INFO ] 🧩 Model added for round 144 (11/11) from ['node_40']
[ 2026-03-29 19:44:28 | node_5 | INFO ] 🎓 Training step done.
[ 2026-03-29 19:44:28 | node_24 | INFO ] 🤫 Gossip finished.
[ 2026-03-29 19:44:28 | node_5 | INFO ] 🛠️ Calling force_add_local_model...
[ 2026-03-29 19:44:29 | node_5 | INFO ] ✅ [FORCE] Local model added for round 145. (1/5)
[ 2026-03-29 19:44:29 | node_2 | INFO ] 🤫 Gossip finished.
[ 2026-03-29 19:44:29 | node_44 | INFO ] 🧠 Aggregation complete. Setting new model.
[ 2026-03-29 19:44:29 | node_26 | INFO ] 🧠 Aggregation complete. Setting new model.
[ 2026-03-29 19:44:29 | node_48 | INFO ] 🧠 Aggregation complete. Setting new model.
[ 2026-03-29 19:44:29 | node_33 | INFO ] 🤫 Gossip finished.
[ 2026-03-29 19:44:29 | node_35 | INFO ] 🤫 Gossip finished.
[ 2026-03-29 19:44:29 | node_24 | INFO ] 🔬 Evaluating...
[ 2026-03-29 19:44:29 | node_33 | INFO ] 🔬 Evaluating...
[ 2026-03-29 19:44:29 | node_2 | INFO ] 🔬 Evaluating...
[ 2026-03-29 19:44:29 | node_35 | INFO ] 🔬 Evaluating...
[ 2026-03-29 19:44:29 | node_39 | INFO ] 🤫 Gossip finished.
[ 2026-03-29 19:44:29 | node_18 | INFO ] 📈 Evaluated. Results: {'test_loss': 0.0023447684943675995, 'test_accuracy': 0.9921727180480957, 'test_precision': 0.22455215454101562, 'test_recall': 0.7582502365112305, 'test_f1': 0.33700358867645264, 'communication_cost': 5831264}
[ 2026-03-29 19:44:29 | node_39 | INFO ] 🔬 Evaluating...
[ 2026-03-29 19:44:29 | node_42 | INFO ] 🗣️ Gossiping aggregated model.
[ 2026-03-29 19:44:29 | node_27 | INFO ] ⏹️  Gossiping exited for 10 equal rounds.
[ 2026-03-29 19:44:29 | node_10 | INFO ] 📈 Evaluated. Results: {'test_loss': 0.0038907527923583984, 'test_accuracy': 0.9905533194541931, 'test_precision': 0.20678548514842987, 'test_recall': 0.5830732583999634, 'test_f1': 0.3010234236717224, 'communication_cost': 5102356}
[ 2026-03-29 19:44:29 | node_27 | INFO ] 🔬 Evaluating...
[ 2026-03-29 19:44:29 | node_44 | INFO ] 🗣️ Gossiping aggregated model.
[ 2026-03-29 19:44:29 | node_18 | INFO ] 📢 Broadcasting metrics.
[ 2026-03-29 19:44:30 | node_3 | INFO ] 📈 Evaluated. Results: {'test_loss': 0.0029076114296913147, 'test_accuracy': 0.9919028282165527, 'test_precision': 0.23285283148288727, 'test_recall': 0.7378017902374268, 'test_f1': 0.34870362281799316, 'communication_cost': 3644540}
[ 2026-03-29 19:44:30 | node_19 | INFO ] 🤫 Gossip finished.
[ 2026-03-29 19:44:30 | node_19 | INFO ] 🔬 Evaluating...
[ 2026-03-29 19:44:30 | node_26 | INFO ] 🗣️ Gossiping aggregated model.
[ 2026-03-29 19:44:30 | node_28 | INFO ] 📈 Evaluated. Results: {'test_loss': 0.0045109824277460575, 'test_accuracy': 0.9892928004264832, 'test_precision': 0.1617402583360672, 'test_recall': 0.5378990173339844, 'test_f1': 0.24360620975494385, 'communication_cost': 4373448}
[ 2026-03-29 19:44:30 | node_10 | INFO ] 📢 Broadcasting metrics.
[ 2026-03-29 19:44:30 | node_26 | INFO ] 🤫 Gossip finished.
[ 2026-03-29 19:44:30 | node_31 | INFO ] 📈 Evaluated. Results: {'test_loss': 0.004154921509325504, 'test_accuracy': 0.991182267665863, 'test_precision': 0.26467204093933105, 'test_recall': 0.6633642911911011, 'test_f1': 0.3727586269378662, 'communication_cost': 5102356}
[ 2026-03-29 19:44:30 | node_26 | INFO ] 🔬 Evaluating...
[ 2026-03-29 19:44:30 | node_48 | INFO ] 🗣️ Gossiping aggregated model.
[ 2026-03-29 19:44:30 | node_25 | INFO ] 🤫 Gossip finished.
[ 2026-03-29 19:44:30 | node_25 | INFO ] 🔬 Evaluating...
[ 2026-03-29 19:44:30 | node_3 | INFO ] 📢 Broadcasting metrics.
[ 2026-03-29 19:44:30 | node_24 | INFO ] 📈 Evaluated. Results: {'test_loss': 0.004718158394098282, 'test_accuracy': 0.9902825355529785, 'test_precision': 0.18594671785831451, 'test_recall': 0.5288568139076233, 'test_f1': 0.274079293012619, 'communication_cost': 5102356}
[ 2026-03-29 19:44:30 | node_7 | INFO ] 🗣️ Gossiping aggregated model.
[ 2026-03-29 19:44:30 | node_7 | INFO ] 🤫 Gossip finished.
[ 2026-03-29 19:44:30 | node_7 | INFO ] 🔬 Evaluating...
[ 2026-03-29 19:44:30 | node_37 | INFO ] 🤫 Gossip finished.
[ 2026-03-29 19:44:30 | node_37 | INFO ] 🔬 Evaluating...
[ 2026-03-29 19:44:30 | node_35 | INFO ] 📈 Evaluated. Results: {'test_loss': 0.0028502829372882843, 'test_accuracy': 0.9912722706794739, 'test_precision': 0.2577459216117859, 'test_recall': 0.7269659638404846, 'test_f1': 0.3758610188961029, 'communication_cost': 7289080}
[ 2026-03-29 19:44:30 | node_28 | INFO ] 📢 Broadcasting metrics.
[ 2026-03-29 19:44:30 | node_6 | INFO ] 🤫 Gossip finished.
[ 2026-03-29 19:44:30 | node_6 | INFO ] 🔬 Evaluating...
[ 2026-03-29 19:44:31 | node_16 | INFO ] 🤫 Gossip finished.
[ 2026-03-29 19:44:31 | node_31 | INFO ] 📢 Broadcasting metrics.
[ 2026-03-29 19:44:31 | node_12 | INFO ] 🤫 Gossip finished.
[ 2026-03-29 19:44:31 | node_16 | INFO ] 🔬 Evaluating...
[ 2026-03-29 19:44:31 | node_36 | INFO ] 🤫 Gossip finished.
[ 2026-03-29 19:44:31 | node_2 | INFO ] 📈 Evaluated. Results: {'test_loss': 0.004841560963541269, 'test_accuracy': 0.9928025007247925, 'test_precision': 0.25102362036705017, 'test_recall': 0.507457971572876, 'test_f1': 0.33315223455429077, 'communication_cost': 5831264}
[ 2026-03-29 19:44:31 | node_12 | INFO ] 🔬 Evaluating...
[ 2026-03-29 19:44:31 | node_36 | INFO ] 🔬 Evaluating...
[ 2026-03-29 19:44:31 | node_45 | INFO ] 🤫 Gossip finished.
[ 2026-03-29 19:44:31 | node_45 | INFO ] 🔬 Evaluating...
[ 2026-03-29 19:44:31 | node_17 | INFO ] 🤫 Gossip finished.
[ 2026-03-29 19:44:31 | node_24 | INFO ] 📢 Broadcasting metrics.
[ 2026-03-29 19:44:31 | node_17 | INFO ] 🔬 Evaluating...
[ 2026-03-29 19:44:31 | node_33 | INFO ] 📈 Evaluated. Results: {'test_loss': 0.004880924243479967, 'test_accuracy': 0.993971586227417, 'test_precision': 0.3603045642375946, 'test_recall': 0.5554905533790588, 'test_f1': 0.4284018278121948, 'communication_cost': 5831264}
[ 2026-03-29 19:44:32 | node_30 | INFO ] 🤫 Gossip finished.
[ 2026-03-29 19:44:32 | node_35 | INFO ] 📢 Broadcasting metrics.
[ 2026-03-29 19:44:32 | node_2 | INFO ] 📢 Broadcasting metrics.
[ 2026-03-29 19:44:32 | node_33 | INFO ] 📢 Broadcasting metrics.
[ 2026-03-29 19:44:32 | node_40 | INFO ] 🧠 Aggregation complete. Setting new model.
[ 2026-03-29 19:44:32 | node_30 | INFO ] 🔬 Evaluating...
[ 2026-03-29 19:44:32 | node_39 | INFO ] 📈 Evaluated. Results: {'test_loss': 0.003500881604850292, 'test_accuracy': 0.9922620058059692, 'test_precision': 0.2558639645576477, 'test_recall': 0.6211605668067932, 'test_f1': 0.3491462767124176, 'communication_cost': 6560172}
[ 2026-03-29 19:44:32 | node_27 | INFO ] 📈 Evaluated. Results: {'test_loss': 0.00325116072781384, 'test_accuracy': 0.989652693271637, 'test_precision': 0.19505757093429565, 'test_recall': 0.6579475402832031, 'test_f1': 0.2978389859199524, 'communication_cost': 2915632}
[ 2026-03-29 19:44:32 | node_39 | INFO ] 📢 Broadcasting metrics.
[ 2026-03-29 19:44:32 | node_7 | INFO ] 📈 Evaluated. Results: {'test_loss': 0.0034106564708054066, 'test_accuracy': 0.9916329383850098, 'test_precision': 0.27834874391555786, 'test_recall': 0.677964985370636, 'test_f1': 0.39403071999549866, 'communication_cost': 9475804}
[ 2026-03-29 19:44:32 | node_27 | INFO ] 📢 Broadcasting metrics.
[ 2026-03-29 19:44:32 | node_9 | INFO ] 🤫 Gossip finished.
[ 2026-03-29 19:44:32 | node_37 | INFO ] 📈 Evaluated. Results: {'test_loss': 0.003407540963962674, 'test_accuracy': 0.9912722706794739, 'test_precision': 0.2935895025730133, 'test_recall': 0.7390314936637878, 'test_f1': 0.414428174495697, 'communication_cost': 7289080}
[ 2026-03-29 19:44:32 | node_9 | INFO ] 🔬 Evaluating...
[ 2026-03-29 19:44:32 | node_7 | INFO ] 📢 Broadcasting metrics.
[ 2026-03-29 19:44:32 | node_49 | INFO ] 🎉 Round 145 of 150 finished.
[ 2026-03-29 19:44:33 | node_49 | INFO ] 🗳️ [DETERMINISTIC] Train set assigned (No Voting). Size: 50
[ 2026-03-29 19:44:33 | node_37 | INFO ] 📢 Broadcasting metrics.
[ 2026-03-29 19:44:33 | node_14 | INFO ] 🤫 Gossip finished.
[ 2026-03-29 19:44:33 | node_19 | INFO ] 📈 Evaluated. Results: {'test_loss': 0.0025081767234951258, 'test_accuracy': 0.993971586227417, 'test_precision': 0.2367459088563919, 'test_recall': 0.47058334946632385, 'test_f1': 0.3034016788005829, 'communication_cost': 5831264}
[ 2026-03-29 19:44:33 | node_49 | INFO ] 🏋️‍♀️ Preparing training...
[ 2026-03-29 19:44:33 | node_14 | INFO ] 🔬 Evaluating...
[ 2026-03-29 19:44:33 | node_26 | INFO ] 📈 Evaluated. Results: {'test_loss': 0.003293620655313134, 'test_accuracy': 0.99424147605896, 'test_precision': 0.39066243171691895, 'test_recall': 0.7068398594856262, 'test_f1': 0.4958362877368927, 'communication_cost': 6560172}
[ 2026-03-29 19:44:33 | node_36 | INFO ] 📈 Evaluated. Results: {'test_loss': 0.0034041639883071184, 'test_accuracy': 0.9923520088195801, 'test_precision': 0.31835776567459106, 'test_recall': 0.6442775130271912, 'test_f1': 0.4151132106781006, 'communication_cost': 5102356}
[ 2026-03-29 19:44:33 | node_10 | INFO ] 🎉 Round 145 of 150 finished.
[ 2026-03-29 19:44:33 | node_25 | INFO ] 📈 Evaluated. Results: {'test_loss': 0.0037558746989816427, 'test_accuracy': 0.9919021129608154, 'test_precision': 0.28728464245796204, 'test_recall': 0.61478191614151, 'test_f1': 0.380141943693161, 'communication_cost': 5102356}
[ 2026-03-29 19:44:33 | node_10 | INFO ] 🗳️ [DETERMINISTIC] Train set assigned (No Voting). Size: 50
[ 2026-03-29 19:44:33 | node_3 | INFO ] 🎉 Round 145 of 150 finished.
[ 2026-03-29 19:44:33 | node_3 | INFO ] 🗳️ [DETERMINISTIC] Train set assigned (No Voting). Size: 50
[ 2026-03-29 19:44:33 | node_10 | INFO ] 🏋️‍♀️ Preparing training...
[ 2026-03-29 19:44:33 | node_28 | INFO ] 🎉 Round 145 of 150 finished.
[ 2026-03-29 19:44:33 | node_28 | INFO ] 🗳️ [DETERMINISTIC] Train set assigned (No Voting). Size: 50
[ 2026-03-29 19:44:33 | node_3 | INFO ] 🏋️‍♀️ Preparing training...
[ 2026-03-29 19:44:33 | node_40 | INFO ] 🗣️ Gossiping aggregated model.
[ 2026-03-29 19:44:33 | node_40 | INFO ] 🤫 Gossip finished.
[ 2026-03-29 19:44:33 | node_40 | INFO ] 🔬 Evaluating...
[ 2026-03-29 19:44:33 | node_6 | INFO ] 📈 Evaluated. Results: {'test_loss': 0.004336437210440636, 'test_accuracy': 0.9919028282165527, 'test_precision': 0.25171375274658203, 'test_recall': 0.50772625207901, 'test_f1': 0.3295443058013916, 'communication_cost': 4373448}
[ 2026-03-29 19:44:33 | node_18 | INFO ] 🎉 Round 145 of 150 finished.
[ 2026-03-29 19:44:33 | node_19 | INFO ] 📢 Broadcasting metrics.
[ 2026-03-29 19:44:33 | node_18 | INFO ] 🗳️ [DETERMINISTIC] Train set assigned (No Voting). Size: 50
[ 2026-03-29 19:44:33 | node_28 | INFO ] 🏋️‍♀️ Preparing training...
[ 2026-03-29 19:44:33 | node_4 | INFO ] 🤫 Gossip finished.
[ 2026-03-29 19:44:33 | node_12 | INFO ] 📈 Evaluated. Results: {'test_loss': 0.0029909396544098854, 'test_accuracy': 0.9920827746391296, 'test_precision': 0.2074982076883316, 'test_recall': 0.6416771411895752, 'test_f1': 0.3060912787914276, 'communication_cost': 3644540}
[ 2026-03-29 19:44:33 | node_18 | INFO ] 🏋️‍♀️ Preparing training...
[ 2026-03-29 19:44:34 | node_4 | INFO ] 🔬 Evaluating...
[ 2026-03-29 19:44:34 | node_16 | INFO ] 📈 Evaluated. Results: {'test_loss': 0.005599721800535917, 'test_accuracy': 0.9903733730316162, 'test_precision': 0.3028213679790497, 'test_recall': 0.5930206179618835, 'test_f1': 0.39279887080192566, 'communication_cost': 5102356}
[ 2026-03-29 19:44:34 | node_17 | INFO ] 📈 Evaluated. Results: {'test_loss': 0.003904645564034581, 'test_accuracy': 0.9911831021308899, 'test_precision': 0.2568570077419281, 'test_recall': 0.6567144989967346, 'test_f1': 0.364501953125, 'communication_cost': 3644540}
[ 2026-03-29 19:44:34 | node_5 | INFO ] 📤 Sending model to 4 direct neighbors: ['node_23', 'node_28', 'node_36', 'node_45']
[ 2026-03-29 19:44:34 | node_45 | INFO ] 📈 Evaluated. Results: {'test_loss': 0.003235255368053913, 'test_accuracy': 0.9901925325393677, 'test_precision': 0.2484804391860962, 'test_recall': 0.7361795902252197, 'test_f1': 0.37067461013793945, 'communication_cost': 8017988}
[ 2026-03-29 19:44:34 | node_48 | INFO ] 🤫 Gossip finished.
[ 2026-03-29 19:44:34 | node_26 | INFO ] 📢 Broadcasting metrics.
[ 2026-03-29 19:44:34 | node_9 | INFO ] 📈 Evaluated. Results: {'test_loss': 0.0027330508455634117, 'test_accuracy': 0.9911831021308899, 'test_precision': 0.24727730453014374, 'test_recall': 0.7495733499526978, 'test_f1': 0.36722686886787415, 'communication_cost': 8017988}
[ 2026-03-29 19:44:34 | node_11 | INFO ] 🤫 Gossip finished.
[ 2026-03-29 19:44:34 | node_48 | INFO ] 🔬 Evaluating...
[ 2026-03-29 19:44:34 | node_11 | INFO ] 🔬 Evaluating...
[ 2026-03-29 19:44:34 | node_30 | INFO ] 📈 Evaluated. Results: {'test_loss': 0.0056017255410552025, 'test_accuracy': 0.9897426962852478, 'test_precision': 0.22614158689975739, 'test_recall': 0.5151923894882202, 'test_f1': 0.30239853262901306, 'communication_cost': 6560172}
[ 2026-03-29 19:44:34 | node_27 | INFO ] 🎉 Round 145 of 150 finished.
[ 2026-03-29 19:44:34 | node_36 | INFO ] 📢 Broadcasting metrics.
[ 2026-03-29 19:44:34 | node_27 | INFO ] 🗳️ [DETERMINISTIC] Train set assigned (No Voting). Size: 50
[ 2026-03-29 19:44:34 | node_20 | INFO ] 🤫 Gossip finished.
[ 2026-03-29 19:44:34 | node_44 | INFO ] 🤫 Gossip finished.
[ 2026-03-29 19:44:34 | node_24 | INFO ] 🎉 Round 145 of 150 finished.
[ 2026-03-29 19:44:34 | node_20 | INFO ] 🔬 Evaluating...
[ 2026-03-29 19:44:34 | node_27 | INFO ] 🏋️‍♀️ Preparing training...
[ 2026-03-29 19:44:34 | node_44 | INFO ] 🔬 Evaluating...
[ 2026-03-29 19:44:34 | node_24 | INFO ] 🗳️ [DETERMINISTIC] Train set assigned (No Voting). Size: 50
[ 2026-03-29 19:44:34 | node_14 | INFO ] 📈 Evaluated. Results: {'test_loss': 0.0033882944844663143, 'test_accuracy': 0.9918128848075867, 'test_precision': 0.31612929701805115, 'test_recall': 0.7036357522010803, 'test_f1': 0.4134176969528198, 'communication_cost': 4373448}
[ 2026-03-29 19:44:34 | node_31 | INFO ] 🎉 Round 145 of 150 finished.
[ 2026-03-29 19:44:34 | node_38 | INFO ] 🤫 Gossip finished.
[ 2026-03-29 19:44:34 | node_38 | INFO ] 🔬 Evaluating...
[ 2026-03-29 19:44:34 | node_24 | INFO ] 🏋️‍♀️ Preparing training...
[ 2026-03-29 19:44:35 | node_25 | INFO ] 📢 Broadcasting metrics.
[ 2026-03-29 19:44:35 | node_31 | INFO ] 🗳️ [DETERMINISTIC] Train set assigned (No Voting). Size: 50
[ 2026-03-29 19:44:35 | node_42 | INFO ] 🤫 Gossip finished.
[ 2026-03-29 19:44:35 | node_42 | INFO ] 🔬 Evaluating...
[ 2026-03-29 19:44:35 | node_31 | INFO ] 🏋️‍♀️ Preparing training...
[ 2026-03-29 19:44:35 | node_6 | INFO ] 📢 Broadcasting metrics.
[ 2026-03-29 19:44:35 | node_33 | INFO ] 🎉 Round 145 of 150 finished.
[ 2026-03-29 19:44:35 | node_33 | INFO ] 🗳️ [DETERMINISTIC] Train set assigned (No Voting). Size: 50
[ 2026-03-29 19:44:35 | node_12 | INFO ] 📢 Broadcasting metrics.
[ 2026-03-29 19:44:35 | node_16 | INFO ] 📢 Broadcasting metrics.
[ 2026-03-29 19:44:35 | node_17 | INFO ] 📢 Broadcasting metrics.
[ 2026-03-29 19:44:35 | node_45 | INFO ] 📢 Broadcasting metrics.
[ 2026-03-29 19:44:35 | node_9 | INFO ] 📢 Broadcasting metrics.
[ 2026-03-29 19:44:35 | node_30 | INFO ] 📢 Broadcasting metrics.
[ 2026-03-29 19:44:35 | node_14 | INFO ] 📢 Broadcasting metrics.
[ 2026-03-29 19:44:36 | node_33 | INFO ] 🏋️‍♀️ Preparing training...
[ 2026-03-29 19:44:36 | node_28 | INFO ] 🧩 Model added for round 145 (1/7) from ['node_5']
[ 2026-03-29 19:44:36 | node_2 | INFO ] 🎉 Round 145 of 150 finished.
[ 2026-03-29 19:44:36 | node_4 | INFO ] 📈 Evaluated. Results: {'test_loss': 0.003889699699357152, 'test_accuracy': 0.9913630485534668, 'test_precision': 0.18331663310527802, 'test_recall': 0.4994474947452545, 'test_f1': 0.2647863030433655, 'communication_cost': 6560172}
[ 2026-03-29 19:44:36 | node_40 | INFO ] 📈 Evaluated. Results: {'test_loss': 0.0043381983414292336, 'test_accuracy': 0.9898326396942139, 'test_precision': 0.2094932645559311, 'test_recall': 0.5744226574897766, 'test_f1': 0.3027597963809967, 'communication_cost': 7289080}
[ 2026-03-29 19:44:36 | node_4 | INFO ] 📢 Broadcasting metrics.
[ 2026-03-29 19:44:36 | node_11 | INFO ] 📈 Evaluated. Results: {'test_loss': 0.002810589736327529, 'test_accuracy': 0.9915429353713989, 'test_precision': 0.33812811970710754, 'test_recall': 0.8126736283302307, 'test_f1': 0.471422404050827, 'communication_cost': 4373448}
[ 2026-03-29 19:44:36 | node_40 | INFO ] 📢 Broadcasting metrics.
[ 2026-03-29 19:44:36 | node_49 | INFO ] 🎓 Training step done.
[ 2026-03-29 19:44:36 | node_2 | INFO ] 🗳️ [DETERMINISTIC] Train set assigned (No Voting). Size: 50
[ 2026-03-29 19:44:36 | node_48 | INFO ] 📈 Evaluated. Results: {'test_loss': 0.00270669418387115, 'test_accuracy': 0.9930717945098877, 'test_precision': 0.3587605059146881, 'test_recall': 0.7070239782333374, 'test_f1': 0.4516034424304962, 'communication_cost': 7289080}
[ 2026-03-29 19:44:36 | node_11 | INFO ] 📢 Broadcasting metrics.
[ 2026-03-29 19:44:36 | node_49 | INFO ] 🛠️ Calling force_add_local_model...
[ 2026-03-29 19:44:37 | node_48 | INFO ] 📢 Broadcasting metrics.
[ 2026-03-29 19:44:37 | node_49 | INFO ] ✅ [FORCE] Local model added for round 145. (1/9)
[ 2026-03-29 19:44:37 | node_39 | INFO ] 🎉 Round 145 of 150 finished.
[ 2026-03-29 19:44:37 | node_2 | INFO ] 🏋️‍♀️ Preparing training...
[ 2026-03-29 19:44:37 | node_10 | INFO ] 🎓 Training step done.
[ 2026-03-29 19:44:37 | node_39 | INFO ] 🗳️ [DETERMINISTIC] Train set assigned (No Voting). Size: 50
[ 2026-03-29 19:44:37 | node_10 | INFO ] 🛠️ Calling force_add_local_model...
[ 2026-03-29 19:44:37 | node_10 | INFO ] ✅ [FORCE] Local model added for round 145. (1/8)
[ 2026-03-29 19:44:37 | node_20 | INFO ] 📈 Evaluated. Results: {'test_loss': 0.003050711005926132, 'test_accuracy': 0.9913622736930847, 'test_precision': 0.24290163815021515, 'test_recall': 0.6774308085441589, 'test_f1': 0.3519907295703888, 'communication_cost': 6560172}
[ 2026-03-29 19:44:37 | node_39 | INFO ] 🏋️‍♀️ Preparing training...
[ 2026-03-29 19:44:37 | node_38 | INFO ] 📈 Evaluated. Results: {'test_loss': 0.003786894027143717, 'test_accuracy': 0.9893827438354492, 'test_precision': 0.18907620012760162, 'test_recall': 0.5844177603721619, 'test_f1': 0.283355176448822, 'communication_cost': 7289080}
[ 2026-03-29 19:44:37 | node_44 | INFO ] 📈 Evaluated. Results: {'test_loss': 0.0037239689845591784, 'test_accuracy': 0.9903724789619446, 'test_precision': 0.20679490268230438, 'test_recall': 0.5860876441001892, 'test_f1': 0.29789239168167114, 'communication_cost': 5831264}
[ 2026-03-29 19:44:37 | node_20 | INFO ] 📢 Broadcasting metrics.
[ 2026-03-29 19:44:37 | node_42 | INFO ] 📈 Evaluated. Results: {'test_loss': 0.0036064519081264734, 'test_accuracy': 0.9898326396942139, 'test_precision': 0.2168007642030716, 'test_recall': 0.6495639681816101, 'test_f1': 0.3187752664089203, 'communication_cost': 5831264}
[ 2026-03-29 19:44:37 | node_3 | INFO ] 🎓 Training step done.
[ 2026-03-29 19:44:37 | node_38 | INFO ] 📢 Broadcasting metrics.
[ 2026-03-29 19:44:37 | node_44 | INFO ] 📢 Broadcasting metrics.
[ 2026-03-29 19:44:37 | node_28 | INFO ] 🎓 Training step done.
[ 2026-03-29 19:44:37 | node_3 | INFO ] 🛠️ Calling force_add_local_model...
[ 2026-03-29 19:44:37 | node_42 | INFO ] 📢 Broadcasting metrics.
[ 2026-03-29 19:44:37 | node_28 | INFO ] 🛠️ Calling force_add_local_model...
[ 2026-03-29 19:44:37 | node_3 | INFO ] ✅ [FORCE] Local model added for round 145. (1/6)
[ 2026-03-29 19:44:37 | node_28 | INFO ] ✅ [FORCE] Local model added for round 145. (2/7)
[ 2026-03-29 19:44:38 | node_18 | INFO ] 🎓 Training step done.
[ 2026-03-29 19:44:38 | node_18 | INFO ] 🛠️ Calling force_add_local_model...
[ 2026-03-29 19:44:38 | node_35 | INFO ] 🎉 Round 145 of 150 finished.
[ 2026-03-29 19:44:38 | node_18 | INFO ] ✅ [FORCE] Local model added for round 145. (1/9)
[ 2026-03-29 19:44:38 | node_35 | INFO ] 🗳️ [DETERMINISTIC] Train set assigned (No Voting). Size: 50
[ 2026-03-29 19:44:38 | node_27 | INFO ] 🎓 Training step done.
[ 2026-03-29 19:44:38 | node_27 | INFO ] 🛠️ Calling force_add_local_model...
[ 2026-03-29 19:44:38 | node_35 | INFO ] 🏋️‍♀️ Preparing training...
[ 2026-03-29 19:44:38 | node_27 | INFO ] ✅ [FORCE] Local model added for round 145. (1/5)
[ 2026-03-29 19:44:38 | node_24 | INFO ] 🎓 Training step done.
[ 2026-03-29 19:44:38 | node_24 | INFO ] 🛠️ Calling force_add_local_model...
[ 2026-03-29 19:44:38 | node_37 | INFO ] 🎉 Round 145 of 150 finished.
[ 2026-03-29 19:44:38 | node_24 | INFO ] ✅ [FORCE] Local model added for round 145. (1/8)
[ 2026-03-29 19:44:38 | node_36 | INFO ] 🎉 Round 145 of 150 finished.
[ 2026-03-29 19:44:38 | node_37 | INFO ] 🗳️ [DETERMINISTIC] Train set assigned (No Voting). Size: 50
[ 2026-03-29 19:44:38 | node_19 | INFO ] 🎉 Round 145 of 150 finished.
[ 2026-03-29 19:44:39 | node_36 | INFO ] 🗳️ [DETERMINISTIC] Train set assigned (No Voting). Size: 50
[ 2026-03-29 19:44:39 | node_31 | INFO ] 🎓 Training step done.
[ 2026-03-29 19:44:39 | node_31 | INFO ] 🛠️ Calling force_add_local_model...
[ 2026-03-29 19:44:39 | node_19 | INFO ] 🗳️ [DETERMINISTIC] Train set assigned (No Voting). Size: 50
[ 2026-03-29 19:44:39 | node_37 | INFO ] 🏋️‍♀️ Preparing training...
[ 2026-03-29 19:44:39 | node_31 | INFO ] ✅ [FORCE] Local model added for round 145. (1/8)
[ 2026-03-29 19:44:39 | node_36 | INFO ] ♻️ Proactively processing 1 early models for round 145.
[ 2026-03-29 19:44:39 | node_36 | INFO ] 🧩 Model added for round 145 (1/8) from ['node_5']
[ 2026-03-29 19:44:39 | node_19 | INFO ] 🏋️‍♀️ Preparing training...
[ 2026-03-29 19:44:39 | node_36 | INFO ] 🏋️‍♀️ Preparing training...
[ 2026-03-29 19:44:39 | node_17 | INFO ] 🎉 Round 145 of 150 finished.
[ 2026-03-29 19:44:39 | node_33 | INFO ] 🎓 Training step done.
[ 2026-03-29 19:44:39 | node_25 | INFO ] 🎉 Round 145 of 150 finished.
[ 2026-03-29 19:44:39 | node_6 | INFO ] 🎉 Round 145 of 150 finished.
[ 2026-03-29 19:44:39 | node_33 | INFO ] 🛠️ Calling force_add_local_model...
[ 2026-03-29 19:44:39 | node_12 | INFO ] 🎉 Round 145 of 150 finished.
[ 2026-03-29 19:44:39 | node_17 | INFO ] 🗳️ [DETERMINISTIC] Train set assigned (No Voting). Size: 50
[ 2026-03-29 19:44:39 | node_33 | INFO ] ✅ [FORCE] Local model added for round 145. (1/9)
[ 2026-03-29 19:44:39 | node | INFO ] ⏹️  Gossiping exited for 10 equal rounds.
[ 2026-03-29 19:44:39 | node_25 | INFO ] 🗳️ [DETERMINISTIC] Train set assigned (No Voting). Size: 50
[ 2026-03-29 19:44:39 | node_6 | INFO ] 🗳️ [DETERMINISTIC] Train set assigned (No Voting). Size: 50
[ 2026-03-29 19:44:39 | node_12 | INFO ] 🗳️ [DETERMINISTIC] Train set assigned (No Voting). Size: 50
[ 2026-03-29 19:44:39 | node_2 | INFO ] 🎓 Training step done.
[ 2026-03-29 19:44:39 | node_2 | INFO ] 🛠️ Calling force_add_local_model...
[ 2026-03-29 19:44:39 | node_17 | INFO ] 🏋️‍♀️ Preparing training...
[ 2026-03-29 19:44:39 | node | INFO ] 🔬 Evaluating...
[ 2026-03-29 19:44:39 | node_25 | INFO ] 🏋️‍♀️ Preparing training...
[ 2026-03-29 19:44:39 | node_2 | INFO ] ✅ [FORCE] Local model added for round 145. (1/9)
[ 2026-03-29 19:44:39 | node_12 | INFO ] 🏋️‍♀️ Preparing training...
[ 2026-03-29 19:44:39 | node_6 | INFO ] 🏋️‍♀️ Preparing training...
[ 2026-03-29 19:44:39 | node_26 | INFO ] 🎉 Round 145 of 150 finished.
[ 2026-03-29 19:44:40 | node_39 | INFO ] 🎓 Training step done.
[ 2026-03-29 19:44:40 | node_14 | INFO ] 🎉 Round 145 of 150 finished.
[ 2026-03-29 19:44:40 | node_39 | INFO ] 🛠️ Calling force_add_local_model...
[ 2026-03-29 19:44:40 | node_26 | INFO ] 🗳️ [DETERMINISTIC] Train set assigned (No Voting). Size: 50
[ 2026-03-29 19:44:40 | node_39 | INFO ] ✅ [FORCE] Local model added for round 145. (1/10)
[ 2026-03-29 19:44:40 | node_14 | INFO ] 🗳️ [DETERMINISTIC] Train set assigned (No Voting). Size: 50
[ 2026-03-29 19:44:40 | node_26 | INFO ] 🏋️‍♀️ Preparing training...
[ 2026-03-29 19:44:40 | node_14 | INFO ] 🏋️‍♀️ Preparing training...
[ 2026-03-29 19:44:40 | node_11 | INFO ] 🎉 Round 145 of 150 finished.
[ 2026-03-29 19:44:40 | node_7 | INFO ] 🎉 Round 145 of 150 finished.
[ 2026-03-29 19:44:40 | node_11 | INFO ] 🗳️ [DETERMINISTIC] Train set assigned (No Voting). Size: 50
[ 2026-03-29 19:44:40 | node_7 | INFO ] 🗳️ [DETERMINISTIC] Train set assigned (No Voting). Size: 50
[ 2026-03-29 19:44:40 | node_7 | INFO ] 🏋️‍♀️ Preparing training...
[ 2026-03-29 19:44:40 | node_11 | INFO ] 🏋️‍♀️ Preparing training...
[ 2026-03-29 19:44:40 | node_16 | INFO ] 🎉 Round 145 of 150 finished.
[ 2026-03-29 19:44:41 | node_16 | INFO ] 🗳️ [DETERMINISTIC] Train set assigned (No Voting). Size: 50
[ 2026-03-29 19:44:41 | node_35 | INFO ] 🎓 Training step done.
[ 2026-03-29 19:44:41 | node_35 | INFO ] 🛠️ Calling force_add_local_model...
[ 2026-03-29 19:44:41 | node_16 | INFO ] 🏋️‍♀️ Preparing training...
[ 2026-03-29 19:44:41 | node_35 | INFO ] ✅ [FORCE] Local model added for round 145. (1/11)
[ 2026-03-29 19:44:41 | node_22 | INFO ] ⏹️  Gossiping exited for 10 equal rounds.
[ 2026-03-29 19:44:41 | node_30 | INFO ] 🎉 Round 145 of 150 finished.
[ 2026-03-29 19:44:41 | node_30 | INFO ] 🗳️ [DETERMINISTIC] Train set assigned (No Voting). Size: 50
[ 2026-03-29 19:44:41 | node_22 | INFO ] 🔬 Evaluating...
[ 2026-03-29 19:44:42 | node_30 | INFO ] 🏋️‍♀️ Preparing training...
[ 2026-03-29 19:44:42 | node_49 | INFO ] 📤 Sending model to 8 direct neighbors: ['node_8', 'node_19', 'node_21', 'node_27', 'node_29', 'node_32', 'node_33', 'node_35']
[ 2026-03-29 19:44:42 | node_19 | INFO ] 🎓 Training step done.
[ 2026-03-29 19:44:42 | node_10 | INFO ] 📤 Sending model to 7 direct neighbors: ['node', 'node_2', 'node_14', 'node_20', 'node_31', 'node_34', 'node_35']
[ 2026-03-29 19:44:42 | node_19 | INFO ] 🛠️ Calling force_add_local_model...
[ 2026-03-29 19:44:42 | node_19 | INFO ] ✅ [FORCE] Local model added for round 145. (1/9)
[ 2026-03-29 19:44:42 | node_4 | INFO ] 🎉 Round 145 of 150 finished.
[ 2026-03-29 19:44:42 | node_37 | INFO ] 🎓 Training step done.
[ 2026-03-29 19:44:42 | node_42 | INFO ] 🎉 Round 145 of 150 finished.
[ 2026-03-29 19:44:42 | node_37 | INFO ] 🛠️ Calling force_add_local_model...
[ 2026-03-29 19:44:42 | node_4 | INFO ] 🗳️ [DETERMINISTIC] Train set assigned (No Voting). Size: 50
[ 2026-03-29 19:44:42 | node_37 | INFO ] ✅ [FORCE] Local model added for round 145. (1/11)
[ 2026-03-29 19:44:42 | node_42 | INFO ] 🗳️ [DETERMINISTIC] Train set assigned (No Voting). Size: 50
[ 2026-03-29 19:44:42 | node | INFO ] 📈 Evaluated. Results: {'test_loss': 0.0030297008343040943, 'test_accuracy': 0.9905533194541931, 'test_precision': 0.2779146432876587, 'test_recall': 0.7037495970726013, 'test_f1': 0.39489060640335083, 'communication_cost': 5102356}
[ 2026-03-29 19:44:42 | node_4 | INFO ] 🏋️‍♀️ Preparing training...
[ 2026-03-29 19:44:42 | node_42 | INFO ] 🏋️‍♀️ Preparing training...
[ 2026-03-29 19:44:42 | node_44 | INFO ] 🎉 Round 145 of 150 finished.
[ 2026-03-29 19:44:42 | node | INFO ] 📢 Broadcasting metrics.
[ 2026-03-29 19:44:42 | node_19 | INFO ] 🧩 Model added for round 145 (2/9) from ['node_49']
[ 2026-03-29 19:44:42 | node_3 | INFO ] 📤 Sending model to 5 direct neighbors: ['node_21', 'node_30', 'node_31', 'node_34', 'node_47']
[ 2026-03-29 19:44:42 | node_28 | INFO ] 📤 Sending model to 6 direct neighbors: ['node_4', 'node_5', 'node_16', 'node_33', 'node_34', 'node_37']
[ 2026-03-29 19:44:42 | node_44 | INFO ] 🗳️ [DETERMINISTIC] Train set assigned (No Voting). Size: 50
[ 2026-03-29 19:44:43 | node_40 | INFO ] 🎉 Round 145 of 150 finished.
[ 2026-03-29 19:44:43 | node_45 | INFO ] 🎉 Round 145 of 150 finished.
[ 2026-03-29 19:44:43 | node_40 | INFO ] 🗳️ [DETERMINISTIC] Train set assigned (No Voting). Size: 50
[ 2026-03-29 19:44:43 | node_9 | INFO ] 🎉 Round 145 of 150 finished.
[ 2026-03-29 19:44:43 | node_45 | INFO ] 🗳️ [DETERMINISTIC] Train set assigned (No Voting). Size: 50
[ 2026-03-29 19:44:43 | node_20 | INFO ] 🎉 Round 145 of 150 finished.
[ 2026-03-29 19:44:43 | node_9 | INFO ] 🗳️ [DETERMINISTIC] Train set assigned (No Voting). Size: 50
[ 2026-03-29 19:44:43 | node_20 | INFO ] 🗳️ [DETERMINISTIC] Train set assigned (No Voting). Size: 50
[ 2026-03-29 19:44:43 | node_2 | INFO ] 🧩 Model added for round 145 (2/9) from ['node_10']
[ 2026-03-29 19:44:43 | node_36 | INFO ] 🎓 Training step done.
[ 2026-03-29 19:44:43 | node_40 | INFO ] 🏋️‍♀️ Preparing training...
[ 2026-03-29 19:44:43 | node_44 | INFO ] 🏋️‍♀️ Preparing training...
[ 2026-03-29 19:44:43 | node_36 | INFO ] 🛠️ Calling force_add_local_model...
[ 2026-03-29 19:44:43 | node_45 | INFO ] ♻️ Proactively processing 1 early models for round 145.
[ 2026-03-29 19:44:43 | node_48 | INFO ] 🎉 Round 145 of 150 finished.
[ 2026-03-29 19:44:43 | node_45 | INFO ] 🧩 Model added for round 145 (1/12) from ['node_5']
[ 2026-03-29 19:44:43 | node_18 | INFO ] 📤 Sending model to 8 direct neighbors: ['node_4', 'node_11', 'node_20', 'node_23', 'node_32', 'node_38', 'node_45', 'node_47']
[ 2026-03-29 19:44:43 | node_4 | INFO ] 🧩 Model added for round 145 (1/10) from ['node_28']
[ 2026-03-29 19:44:43 | node_36 | INFO ] ✅ [FORCE] Local model added for round 145. (2/8)
[ 2026-03-29 19:44:43 | node_9 | INFO ] 🏋️‍♀️ Preparing training...
[ 2026-03-29 19:44:43 | node_20 | INFO ] 🏋️‍♀️ Preparing training...
[ 2026-03-29 19:44:43 | node_45 | INFO ] 🏋️‍♀️ Preparing training...
[ 2026-03-29 19:44:43 | node_48 | INFO ] 🗳️ [DETERMINISTIC] Train set assigned (No Voting). Size: 50
[ 2026-03-29 19:44:43 | node_25 | INFO ] 🎓 Training step done.
[ 2026-03-29 19:44:43 | node_48 | INFO ] 🏋️‍♀️ Preparing training...
[ 2026-03-29 19:44:43 | node_27 | INFO ] 📤 Sending model to 4 direct neighbors: ['node_8', 'node_45', 'node_47', 'node_49']
[ 2026-03-29 19:44:43 | node_25 | INFO ] 🛠️ Calling force_add_local_model...
[ 2026-03-29 19:44:43 | node_8 | INFO ] ⏹️  Gossiping exited for 10 equal rounds.
[ 2026-03-29 19:44:43 | node_4 | INFO ] 🧩 Model added for round 145 (2/10) from ['node_18']
[ 2026-03-29 19:44:43 | node_30 | INFO ] 🧩 Model added for round 145 (1/10) from ['node_3']
[ 2026-03-29 19:44:43 | node_25 | INFO ] ✅ [FORCE] Local model added for round 145. (1/8)
[ 2026-03-29 19:44:43 | node_6 | INFO ] 🎓 Training step done.
[ 2026-03-29 19:44:44 | node_38 | INFO ] 🎉 Round 145 of 150 finished.
[ 2026-03-29 19:44:44 | node_24 | INFO ] 📤 Sending model to 7 direct neighbors: ['node_9', 'node_21', 'node_31', 'node_33', 'node_35', 'node_36', 'node_37']
[ 2026-03-29 19:44:44 | node_8 | INFO ] 🔬 Evaluating...
[ 2026-03-29 19:44:44 | node_6 | INFO ] 🛠️ Calling force_add_local_model...
[ 2026-03-29 19:44:44 | node_12 | INFO ] 🎓 Training step done.
[ 2026-03-29 19:44:44 | node_6 | INFO ] ✅ [FORCE] Local model added for round 145. (1/7)
[ 2026-03-29 19:44:44 | node_31 | INFO ] 📤 Sending model to 7 direct neighbors: ['node', 'node_3', 'node_10', 'node_17', 'node_24', 'node_29', 'node_41']
[ 2026-03-29 19:44:44 | node_12 | INFO ] 🛠️ Calling force_add_local_model...
[ 2026-03-29 19:44:44 | node_38 | INFO ] 🗳️ [DETERMINISTIC] Train set assigned (No Voting). Size: 50
[ 2026-03-29 19:44:44 | node_17 | INFO ] 🎓 Training step done.
[ 2026-03-29 19:44:44 | node_12 | INFO ] ✅ [FORCE] Local model added for round 145. (1/6)
[ 2026-03-29 19:44:44 | node_17 | INFO ] 🛠️ Calling force_add_local_model...
[ 2026-03-29 19:44:44 | node_17 | INFO ] ✅ [FORCE] Local model added for round 145. (1/6)
[ 2026-03-29 19:44:44 | node_38 | INFO ] 🏋️‍♀️ Preparing training...
[ 2026-03-29 19:44:44 | node_9 | INFO ] 🧩 Model added for round 145 (1/12) from ['node_24']
[ 2026-03-29 19:44:44 | node_45 | INFO ] 🧩 Model added for round 145 (2/12) from ['node_27']
[ 2026-03-29 19:44:44 | node_33 | INFO ] 📤 Sending model to 8 direct neighbors: ['node_4', 'node_22', 'node_23', 'node_24', 'node_28', 'node_34', 'node_39', 'node_49']
[ 2026-03-29 19:44:44 | node_7 | INFO ] 🎓 Training step done.
[ 2026-03-29 19:44:44 | node_2 | INFO ] 📤 Sending model to 8 direct neighbors: ['node_6', 'node_9', 'node_10', 'node_15', 'node_19', 'node_21', 'node_46', 'node_47']
[ 2026-03-29 19:44:44 | node_7 | INFO ] 🛠️ Calling force_add_local_model...
[ 2026-03-29 19:44:45 | node_11 | INFO ] 🎓 Training step done.
[ 2026-03-29 19:44:45 | node_7 | INFO ] ✅ [FORCE] Local model added for round 145. (1/14)
[ 2026-03-29 19:44:45 | node_11 | INFO ] 🛠️ Calling force_add_local_model...
[ 2026-03-29 19:44:45 | node_39 | INFO ] 📤 Sending model to 9 direct neighbors: ['node_13', 'node_22', 'node_30', 'node_32', 'node_33', 'node_35', 'node_36', 'node_42', 'node_47']
[ 2026-03-29 19:44:45 | node_22 | INFO ] 📈 Evaluated. Results: {'test_loss': 0.0035079701337963343, 'test_accuracy': 0.9906424283981323, 'test_precision': 0.19937218725681305, 'test_recall': 0.5518115758895874, 'test_f1': 0.2789360284805298, 'communication_cost': 5831264}
[ 2026-03-29 19:44:45 | node_4 | INFO ] 🧩 Model added for round 145 (3/10) from ['node_33']
[ 2026-03-29 19:44:45 | node_11 | INFO ] ✅ [FORCE] Local model added for round 145. (1/7)
[ 2026-03-29 19:44:45 | node_3 | INFO ] 🧩 Model added for round 145 (2/6) from ['node_31']
[ 2026-03-29 19:44:45 | node_14 | INFO ] 🎓 Training step done.
[ 2026-03-29 19:44:45 | node_6 | INFO ] 🧩 Model added for round 145 (2/7) from ['node_2']
[ 2026-03-29 19:44:45 | node_14 | INFO ] 🧩 Model added for round 145 (1/7) from ['node_10']
[ 2026-03-29 19:44:45 | node_22 | INFO ] 📢 Broadcasting metrics.
[ 2026-03-29 19:44:45 | node_14 | INFO ] 🛠️ Calling force_add_local_model...
[ 2026-03-29 19:44:45 | node_27 | INFO ] 🧩 Model added for round 145 (2/5) from ['node_49']
[ 2026-03-29 19:44:45 | node_14 | INFO ] ✅ [FORCE] Local model added for round 145. (2/7)
[ 2026-03-29 19:44:45 | node_5 | INFO ] 🧩 Model added for round 145 (2/5) from ['node_28']
[ 2026-03-29 19:44:45 | node_8 | INFO ] 📈 Evaluated. Results: {'test_loss': 0.0047213006764650345, 'test_accuracy': 0.9902834296226501, 'test_precision': 0.29382964968681335, 'test_recall': 0.7274188995361328, 'test_f1': 0.4011681079864502, 'communication_cost': 8017988}
[ 2026-03-29 19:44:45 | node_8 | INFO ] 📢 Broadcasting metrics.
[ 2026-03-29 19:44:45 | node_13 | INFO ] ⏹️  Gossiping exited for 10 equal rounds.
[ 2026-03-29 19:44:45 | node_26 | INFO ] 🎓 Training step done.
[ 2026-03-29 19:44:45 | node_26 | INFO ] 🛠️ Calling force_add_local_model...
[ 2026-03-29 19:44:45 | node_11 | INFO ] 🧩 Model added for round 145 (2/7) from ['node_18']
[ 2026-03-29 19:44:45 | node_31 | INFO ] 🧩 Model added for round 145 (2/8) from ['node_3']
[ 2026-03-29 19:44:46 | node_13 | INFO ] 🔬 Evaluating...
[ 2026-03-29 19:44:46 | node_26 | INFO ] ✅ [FORCE] Local model added for round 145. (1/10)
[ 2026-03-29 19:44:46 | node_16 | INFO ] 🎓 Training step done.
[ 2026-03-29 19:44:46 | node_30 | INFO ] 🧩 Model added for round 145 (2/10) from ['node_39']
[ 2026-03-29 19:44:46 | node_16 | INFO ] 🛠️ Calling force_add_local_model...
[ 2026-03-29 19:44:46 | node_16 | INFO ] ✅ [FORCE] Local model added for round 145. (1/8)
[ 2026-03-29 19:44:46 | node_35 | INFO ] 📤 Sending model to 10 direct neighbors: ['node_8', 'node_10', 'node_20', 'node_23', 'node_24', 'node_25', 'node_30', 'node_37', 'node_39', 'node_49']
[ 2026-03-29 19:44:46 | node_29 | INFO ] ⏹️  Gossiping exited for 10 equal rounds.
[ 2026-03-29 19:44:46 | node_10 | INFO ] 🧩 Model added for round 145 (2/8) from ['node_31']
[ 2026-03-29 19:44:46 | node_16 | INFO ] 🧩 Model added for round 145 (2/8) from ['node_28']
[ 2026-03-29 19:44:46 | node_20 | INFO ] 🧩 Model added for round 145 (1/10) from ['node_10']
[ 2026-03-29 19:44:46 | node_9 | INFO ] 🧩 Model added for round 145 (2/12) from ['node_2']
[ 2026-03-29 19:44:46 | node_30 | INFO ] 🎓 Training step done.
[ 2026-03-29 19:44:46 | node_30 | INFO ] 🛠️ Calling force_add_local_model...
[ 2026-03-29 19:44:47 | node_30 | INFO ] ✅ [FORCE] Local model added for round 145. (3/10)
[ 2026-03-29 19:44:47 | node_4 | INFO ] 🎓 Training step done.
[ 2026-03-29 19:44:47 | node_29 | INFO ] 🔬 Evaluating...
[ 2026-03-29 19:44:47 | node_4 | INFO ] 🛠️ Calling force_add_local_model...
[ 2026-03-29 19:44:47 | node_4 | INFO ] ✅ [FORCE] Local model added for round 145. (4/10)
[ 2026-03-29 19:44:47 | node_44 | INFO ] 🎓 Training step done.
[ 2026-03-29 19:44:47 | node_31 | INFO ] 🧩 Model added for round 145 (3/8) from ['node_24']
[ 2026-03-29 19:44:47 | node_20 | INFO ] 🧩 Model added for round 145 (2/10) from ['node_18']
[ 2026-03-29 19:44:47 | node_48 | INFO ] 🎓 Training step done.
[ 2026-03-29 19:44:47 | node_44 | INFO ] 🛠️ Calling force_add_local_model...
[ 2026-03-29 19:44:47 | node_9 | INFO ] 🎓 Training step done.
[ 2026-03-29 19:44:47 | node_48 | INFO ] 🛠️ Calling force_add_local_model...
[ 2026-03-29 19:44:47 | node_9 | INFO ] 🛠️ Calling force_add_local_model...
[ 2026-03-29 19:44:47 | node_19 | INFO ] 📤 Sending model to 8 direct neighbors: ['node_2', 'node_7', 'node_16', 'node_21', 'node_22', 'node_41', 'node_46', 'node_49']
[ 2026-03-29 19:44:47 | node_44 | INFO ] ✅ [FORCE] Local model added for round 145. (1/9)
[ 2026-03-29 19:44:47 | node_49 | INFO ] 🧩 Model added for round 145 (2/9) from ['node_27']
[ 2026-03-29 19:44:47 | node_10 | INFO ] 🧩 Model added for round 145 (3/8) from ['node_35']
[ 2026-03-29 19:44:47 | node_42 | INFO ] 🎓 Training step done.
[ 2026-03-29 19:44:47 | node_48 | INFO ] ✅ [FORCE] Local model added for round 145. (1/11)
[ 2026-03-29 19:44:47 | node_9 | INFO ] ✅ [FORCE] Local model added for round 145. (3/12)
[ 2026-03-29 19:44:47 | node_42 | INFO ] 🛠️ Calling force_add_local_model...
[ 2026-03-29 19:44:47 | node_37 | INFO ] 📤 Sending model to 10 direct neighbors: ['node_7', 'node_9', 'node_15', 'node_20', 'node_21', 'node_24', 'node_28', 'node_30', 'node_35', 'node_38']
[ 2026-03-29 19:44:47 | node_42 | INFO ] ✅ [FORCE] Local model added for round 145. (1/9)
[ 2026-03-29 19:44:47 | node | INFO ] 🎉 Round 145 of 150 finished.
[ 2026-03-29 19:44:47 | node_40 | INFO ] 🎓 Training step done.
[ 2026-03-29 19:44:47 | node_33 | INFO ] 🧩 Model added for round 145 (2/9) from ['node_49']
[ 2026-03-29 19:44:47 | node_20 | INFO ] 🎓 Training step done.
[ 2026-03-29 19:44:47 | node_45 | INFO ] 🎓 Training step done.
[ 2026-03-29 19:44:47 | node_40 | INFO ] 🛠️ Calling force_add_local_model...
[ 2026-03-29 19:44:47 | node_20 | INFO ] 🛠️ Calling force_add_local_model...
[ 2026-03-29 19:44:48 | node_45 | INFO ] 🛠️ Calling force_add_local_model...
[ 2026-03-29 19:44:48 | node | INFO ] 🗳️ [DETERMINISTIC] Train set assigned (No Voting). Size: 50
[ 2026-03-29 19:44:48 | node_20 | INFO ] ✅ [FORCE] Local model added for round 145. (3/10)
[ 2026-03-29 19:44:48 | node_40 | INFO ] ✅ [FORCE] Local model added for round 145. (1/11)
[ 2026-03-29 19:44:48 | node_45 | INFO ] ✅ [FORCE] Local model added for round 145. (3/12)
[ 2026-03-29 19:44:48 | node_2 | INFO ] 🧩 Model added for round 145 (3/9) from ['node_19']
[ 2026-03-29 19:44:48 | node_1 | INFO ] ⏹️  Gossiping exited for 10 equal rounds.
[ 2026-03-29 19:44:48 | node_13 | INFO ] 📈 Evaluated. Results: {'test_loss': 0.004908371716737747, 'test_accuracy': 0.9911831021308899, 'test_precision': 0.2627011835575104, 'test_recall': 0.594760000705719, 'test_f1': 0.3557588756084442, 'communication_cost': 3644540}
[ 2026-03-29 19:44:48 | node_38 | INFO ] 🎓 Training step done.
[ 2026-03-29 19:44:48 | node | INFO ] ♻️ Proactively processing 2 early models for round 145.
[ 2026-03-29 19:44:48 | node_7 | INFO ] 🧩 Model added for round 145 (2/14) from ['node_37']
[ 2026-03-29 19:44:48 | node_13 | INFO ] 📢 Broadcasting metrics.
[ 2026-03-29 19:44:48 | node_38 | INFO ] 🛠️ Calling force_add_local_model...
[ 2026-03-29 19:44:48 | node | INFO ] 🧩 Model added for round 145 (1/8) from ['node_10']
[ 2026-03-29 19:44:48 | node_24 | INFO ] 🧩 Model added for round 145 (2/8) from ['node_33']
[ 2026-03-29 19:44:48 | node_36 | INFO ] 📤 Sending model to 7 direct neighbors: ['node_5', 'node_9', 'node_12', 'node_20', 'node_24', 'node_39', 'node_48']
[ 2026-03-29 19:44:48 | node_1 | INFO ] 🔬 Evaluating...
[ 2026-03-29 19:44:48 | node | INFO ] 🧩 Model added for round 145 (2/8) from ['node_31']
[ 2026-03-29 19:44:48 | node_38 | INFO ] ✅ [FORCE] Local model added for round 145. (1/11)
[ 2026-03-29 19:44:48 | node | INFO ] 🏋️‍♀️ Preparing training...
[ 2026-03-29 19:44:48 | node_34 | INFO ] ⏹️  Gossiping exited for 10 equal rounds.
[ 2026-03-29 19:44:48 | node_17 | INFO ] 🧩 Model added for round 145 (2/6) from ['node_31']
[ 2026-03-29 19:44:48 | node_29 | INFO ] 📈 Evaluated. Results: {'test_loss': 0.004744651261717081, 'test_accuracy': 0.9901025891304016, 'test_precision': 0.191702738404274, 'test_recall': 0.47919201850891113, 'test_f1': 0.27237260341644287, 'communication_cost': 5102356}
[ 2026-03-29 19:44:48 | node_33 | INFO ] 🧩 Model added for round 145 (3/9) from ['node_28']
[ 2026-03-29 19:44:48 | node_43 | INFO ] ⏹️  Gossiping exited for 10 equal rounds.
[ 2026-03-29 19:44:48 | node_29 | INFO ] 📢 Broadcasting metrics.
[ 2026-03-29 19:44:48 | node_34 | INFO ] 🔬 Evaluating...
[ 2026-03-29 19:44:48 | node_25 | INFO ] 📤 Sending model to 7 direct neighbors: ['node_1', 'node_9', 'node_13', 'node_30', 'node_35', 'node_42', 'node_43']
[ 2026-03-29 19:44:48 | node_5 | INFO ] 🧩 Model added for round 145 (3/5) from ['node_36']
[ 2026-03-29 19:44:48 | node_33 | INFO ] 🧩 Model added for round 145 (4/9) from ['node_39']
[ 2026-03-29 19:44:49 | node_43 | INFO ] 🔬 Evaluating...
[ 2026-03-29 19:44:49 | node_31 | INFO ] 🧩 Model added for round 145 (4/8) from ['node_10']
[ 2026-03-29 19:44:49 | node_33 | INFO ] 🧩 Model added for round 145 (5/9) from ['node_24']
[ 2026-03-29 19:44:49 | node_10 | INFO ] 🧩 Model added for round 145 (4/8) from ['node_2']
[ 2026-03-29 19:44:49 | node_6 | INFO ] 📤 Sending model to 6 direct neighbors: ['node_2', 'node_21', 'node_30', 'node_45', 'node_47', 'node_48']
[ 2026-03-29 19:44:49 | node_20 | INFO ] 🧩 Model added for round 145 (4/10) from ['node_35']
[ 2026-03-29 19:44:49 | node_12 | INFO ] 📤 Sending model to 5 direct neighbors: ['node_1', 'node_4', 'node_26', 'node_36', 'node_38']
[ 2026-03-29 19:44:49 | node_17 | INFO ] 📤 Sending model to 5 direct neighbors: ['node_1', 'node_26', 'node_31', 'node_38', 'node_41']
[ 2026-03-29 19:44:49 | node_2 | INFO ] 🧩 Model added for round 145 (4/9) from ['node_6']
[ 2026-03-29 19:44:49 | node_35 | INFO ] 🧩 Model added for round 145 (2/11) from ['node_49']
[ 2026-03-29 19:44:49 | node_1 | INFO ] 📈 Evaluated. Results: {'test_loss': 0.005269152577966452, 'test_accuracy': 0.9919028282165527, 'test_precision': 0.25546175241470337, 'test_recall': 0.5074506998062134, 'test_f1': 0.32770466804504395, 'communication_cost': 5831264}
[ 2026-03-29 19:44:49 | node_34 | INFO ] 📈 Evaluated. Results: {'test_loss': 0.0029935429338365793, 'test_accuracy': 0.9914522171020508, 'test_precision': 0.26060232520103455, 'test_recall': 0.7074126601219177, 'test_f1': 0.3734104633331299, 'communication_cost': 6560172}
[ 2026-03-29 19:44:49 | node_9 | INFO ] 🧩 Model added for round 145 (4/12) from ['node_25']
[ 2026-03-29 19:44:50 | node_24 | INFO ] 🧩 Model added for round 145 (3/8) from ['node_31']
[ 2026-03-29 19:44:50 | node_7 | INFO ] 📤 Sending model to 13 direct neighbors: ['node', 'node_4', 'node_9', 'node_14', 'node_16', 'node_19', 'node_20', 'node_22', 'node_30', 'node_32', 'node_37', 'node_45', 'node_47']
[ 2026-03-29 19:44:50 | node_7 | INFO ] 🧩 Model added for round 145 (3/14) from ['node_19']
[ 2026-03-29 19:44:50 | node_34 | INFO ] 📢 Broadcasting metrics.
[ 2026-03-29 19:44:50 | node_9 | INFO ] 🧩 Model added for round 145 (5/12) from ['node_36']
[ 2026-03-29 19:44:50 | node_1 | INFO ] 📢 Broadcasting metrics.
[ 2026-03-29 19:44:50 | node_28 | INFO ] 🧩 Model added for round 145 (3/7) from ['node_33']
[ 2026-03-29 19:44:50 | node_43 | INFO ] 📈 Evaluated. Results: {'test_loss': 0.003847908228635788, 'test_accuracy': 0.9915422201156616, 'test_precision': 0.2831679880619049, 'test_recall': 0.7174494862556458, 'test_f1': 0.40298664569854736, 'communication_cost': 5102356}
[ 2026-03-29 19:44:50 | node_43 | INFO ] 📢 Broadcasting metrics.
[ 2026-03-29 19:44:50 | node_11 | INFO ] 📤 Sending model to 6 direct neighbors: ['node_18', 'node_22', 'node_29', 'node_32', 'node_40', 'node_44']
[ 2026-03-29 19:44:50 | node_14 | INFO ] 📤 Sending model to 6 direct neighbors: ['node', 'node_7', 'node_8', 'node_10', 'node_40', 'node_43']
[ 2026-03-29 19:44:50 | node_4 | INFO ] 🧩 Model added for round 145 (5/10) from ['node_12']
[ 2026-03-29 19:44:50 | node | INFO ] 🎓 Training step done.
[ 2026-03-29 19:44:50 | node_38 | INFO ] 🧩 Model added for round 145 (2/11) from ['node_18']
[ 2026-03-29 19:44:50 | node | INFO ] 🧩 Model added for round 145 (3/8) from ['node_7']
[ 2026-03-29 19:44:50 | node | INFO ] 🛠️ Calling force_add_local_model...
[ 2026-03-29 19:44:50 | node | INFO ] ✅ [FORCE] Local model added for round 145. (4/8)
[ 2026-03-29 19:44:50 | node_22 | INFO ] 🎉 Round 145 of 150 finished.
[ 2026-03-29 19:44:50 | node_26 | INFO ] 🧩 Model added for round 145 (2/10) from ['node_17']
[ 2026-03-29 19:44:51 | node_18 | INFO ] 🧩 Model added for round 145 (2/9) from ['node_11']
[ 2026-03-29 19:44:51 | node_35 | INFO ] 🧩 Model added for round 145 (3/11) from ['node_39']
[ 2026-03-29 19:44:51 | node_22 | INFO ] 🗳️ [DETERMINISTIC] Train set assigned (No Voting). Size: 50
[ 2026-03-29 19:44:51 | node_26 | INFO ] 📤 Sending model to 9 direct neighbors: ['node', 'node_1', 'node_12', 'node_13', 'node_17', 'node_23', 'node_34', 'node_41', 'node_44']
[ 2026-03-29 19:44:51 | node_15 | INFO ] ⏹️  Gossiping exited for 10 equal rounds.
[ 2026-03-29 19:44:51 | node | INFO ] 🧩 Model added for round 145 (5/8) from ['node_14']
[ 2026-03-29 19:44:51 | node_9 | INFO ] 🧩 Model added for round 145 (6/12) from ['node_37']
[ 2026-03-29 19:44:51 | node_35 | INFO ] 🧩 Model added for round 145 (4/11) from ['node_24']
[ 2026-03-29 19:44:51 | node_22 | INFO ] ♻️ Proactively processing 2 early models for round 145.
[ 2026-03-29 19:44:51 | node_37 | INFO ] 🧩 Model added for round 145 (2/11) from ['node_28']
[ 2026-03-29 19:44:51 | node_15 | INFO ] 🔬 Evaluating...
[ 2026-03-29 19:44:51 | node_22 | INFO ] 🧩 Model added for round 145 (1/9) from ['node_39']
[ 2026-03-29 19:44:51 | node_22 | INFO ] 🧩 Model added for round 145 (2/9) from ['node_33']
[ 2026-03-29 19:44:51 | node_35 | INFO ] 🧩 Model added for round 145 (5/11) from ['node_10']
[ 2026-03-29 19:44:51 | node_16 | INFO ] 📤 Sending model to 7 direct neighbors: ['node_7', 'node_15', 'node_19', 'node_28', 'node_38', 'node_42', 'node_45']
[ 2026-03-29 19:44:51 | node_22 | INFO ] 🏋️‍♀️ Preparing training...
[ 2026-03-29 19:44:51 | node | INFO ] 🧩 Model added for round 145 (6/8) from ['node_26']
[ 2026-03-29 19:44:51 | node_19 | INFO ] 🧩 Model added for round 145 (3/9) from ['node_2']
[ 2026-03-29 19:44:52 | node_13 | INFO ] 🎉 Round 145 of 150 finished.
[ 2026-03-29 19:44:52 | node_7 | INFO ] 🧩 Model added for round 145 (4/14) from ['node_16']
[ 2026-03-29 19:44:52 | node_30 | INFO ] 📤 Sending model to 9 direct neighbors: ['node', 'node_3', 'node_6', 'node_7', 'node_25', 'node_35', 'node_37', 'node_39', 'node_44']
[ 2026-03-29 19:44:52 | node_24 | INFO ] 🧩 Model added for round 145 (4/8) from ['node_35']
[ 2026-03-29 19:44:52 | node_13 | INFO ] 🗳️ [DETERMINISTIC] Train set assigned (No Voting). Size: 50
[ 2026-03-29 19:44:52 | node_39 | INFO ] 🧩 Model added for round 145 (2/10) from ['node_33']
[ 2026-03-29 19:44:52 | node_4 | INFO ] 📤 Sending model to 9 direct neighbors: ['node_7', 'node_9', 'node_12', 'node_18', 'node_28', 'node_33', 'node_40', 'node_45', 'node_48']
[ 2026-03-29 19:44:52 | node_15 | INFO ] 📈 Evaluated. Results: {'test_loss': 0.0036370521411299706, 'test_accuracy': 0.9885740280151367, 'test_precision': 0.2449362874031067, 'test_recall': 0.7562004327774048, 'test_f1': 0.3606615662574768, 'communication_cost': 5831264}
[ 2026-03-29 19:44:52 | node_32 | INFO ] ⏹️  Gossiping exited for 10 equal rounds.
[ 2026-03-29 19:44:52 | node_30 | INFO ] 🧩 Model added for round 145 (4/10) from ['node_6']
[ 2026-03-29 19:44:52 | node_13 | INFO ] ♻️ Proactively processing 1 early models for round 145.
[ 2026-03-29 19:44:52 | node_4 | INFO ] 🧩 Model added for round 145 (6/10) from ['node_7']
[ 2026-03-29 19:44:52 | node | INFO ] 🧩 Model added for round 145 (7/8) from ['node_30']
[ 2026-03-29 19:44:52 | node_13 | INFO ] 🧩 Model added for round 145 (1/6) from ['node_39']
[ 2026-03-29 19:44:52 | node_15 | INFO ] 📢 Broadcasting metrics.
[ 2026-03-29 19:44:52 | node_13 | INFO ] 🏋️‍♀️ Preparing training...
[ 2026-03-29 19:44:52 | node_44 | INFO ] 📤 Sending model to 8 direct neighbors: ['node_8', 'node_11', 'node_15', 'node_26', 'node_30', 'node_34', 'node_40', 'node_46']
[ 2026-03-29 19:44:52 | node_13 | INFO ] 🧩 Model added for round 145 (2/6) from ['node_25']
[ 2026-03-29 19:44:52 | node_32 | INFO ] 🔬 Evaluating...
[ 2026-03-29 19:44:52 | node_48 | INFO ] 📤 Sending model to 10 direct neighbors: ['node_1', 'node_4', 'node_6', 'node_8', 'node_20', 'node_23', 'node_36', 'node_40', 'node_43', 'node_47']
[ 2026-03-29 19:44:52 | node_9 | INFO ] 📤 Sending model to 11 direct neighbors: ['node_2', 'node_4', 'node_7', 'node_22', 'node_23', 'node_24', 'node_25', 'node_36', 'node_37', 'node_40', 'node_47']
[ 2026-03-29 19:44:52 | node_12 | INFO ] 🧩 Model added for round 145 (2/6) from ['node_36']
[ 2026-03-29 19:44:52 | node_42 | INFO ] 📤 Sending model to 8 direct neighbors: ['node_15', 'node_16', 'node_23', 'node_25', 'node_29', 'node_39', 'node_40', 'node_41']
[ 2026-03-29 19:44:53 | node_7 | INFO ] 🧩 Model added for round 145 (5/14) from ['node_4']
[ 2026-03-29 19:44:53 | node_26 | INFO ] 🧩 Model added for round 145 (3/10) from ['node_12']
[ 2026-03-29 19:44:53 | node_22 | INFO ] 🧩 Model added for round 145 (3/9) from ['node_11']
[ 2026-03-29 19:44:53 | node_21 | INFO ] ⏹️  Gossiping exited for 10 equal rounds.
[ 2026-03-29 19:44:53 | node_20 | INFO ] 📤 Sending model to 9 direct neighbors: ['node_7', 'node_10', 'node_18', 'node_34', 'node_35', 'node_36', 'node_37', 'node_40', 'node_48']
[ 2026-03-29 19:44:53 | node_16 | INFO ] 🧩 Model added for round 145 (3/8) from ['node_19']
[ 2026-03-29 19:44:53 | node_40 | INFO ] 📤 Sending model to 10 direct neighbors: ['node_4', 'node_9', 'node_11', 'node_14', 'node_15', 'node_20', 'node_38', 'node_42', 'node_44', 'node_48']
[ 2026-03-29 19:44:53 | node_45 | INFO ] 🧩 Model added for round 145 (4/12) from ['node_18']
[ 2026-03-29 19:44:53 | node_45 | INFO ] 📤 Sending model to 11 direct neighbors: ['node', 'node_4', 'node_5', 'node_6', 'node_7', 'node_16', 'node_18', 'node_23', 'node_27', 'node_29', 'node_43']
[ 2026-03-29 19:44:53 | node_7 | INFO ] 🧩 Model added for round 145 (6/14) from ['node_14']
[ 2026-03-29 19:44:53 | node_31 | INFO ] 🧩 Model added for round 145 (5/8) from ['node_17']
[ 2026-03-29 19:44:53 | node_21 | INFO ] 🔬 Evaluating...
[ 2026-03-29 19:44:53 | node_2 | INFO ] 🧩 Model added for round 145 (5/9) from ['node_9']
[ 2026-03-29 19:44:53 | node_38 | INFO ] 📤 Sending model to 10 direct neighbors: ['node_1', 'node_12', 'node_16', 'node_17', 'node_18', 'node_21', 'node_29', 'node_37', 'node_40', 'node_47']
[ 2026-03-29 19:44:53 | node_36 | INFO ] 🧩 Model added for round 145 (3/8) from ['node_39']
[ 2026-03-29 19:44:53 | node | INFO ] 🧩 Model added for round 145 (8/8) from ['node_45']
[ 2026-03-29 19:44:53 | node_4 | INFO ] 🧩 Model added for round 145 (7/10) from ['node_40']
[ 2026-03-29 19:44:53 | node_7 | INFO ] 🧩 Model added for round 145 (7/14) from ['node_20']
[ 2026-03-29 19:44:53 | node_11 | INFO ] 🧩 Model added for round 145 (3/7) from ['node_44']
[ 2026-03-29 19:44:53 | node_22 | INFO ] 🎓 Training step done.
[ 2026-03-29 19:44:53 | node_36 | INFO ] 🧩 Model added for round 145 (4/8) from ['node_24']
[ 2026-03-29 19:44:53 | node_8 | INFO ] 🎉 Round 145 of 150 finished.
[ 2026-03-29 19:44:54 | node_22 | INFO ] 🛠️ Calling force_add_local_model...
[ 2026-03-29 19:44:54 | node_4 | INFO ] 🧩 Model added for round 145 (8/10) from ['node_48']
[ 2026-03-29 19:44:54 | node_8 | INFO ] 🗳️ [DETERMINISTIC] Train set assigned (No Voting). Size: 50
[ 2026-03-29 19:44:54 | node_22 | INFO ] ✅ [FORCE] Local model added for round 145. (4/9)
[ 2026-03-29 19:44:54 | node_29 | INFO ] 🎉 Round 145 of 150 finished.
[ 2026-03-29 19:44:54 | node_25 | INFO ] 🧩 Model added for round 145 (2/8) from ['node_35']
[ 2026-03-29 19:44:54 | node_16 | INFO ] 🧩 Model added for round 145 (4/8) from ['node_42']
[ 2026-03-29 19:44:54 | node_8 | INFO ] ♻️ Proactively processing 4 early models for round 145.
[ 2026-03-29 19:44:54 | node_29 | INFO ] 🗳️ [DETERMINISTIC] Train set assigned (No Voting). Size: 50
[ 2026-03-29 19:44:54 | node_12 | INFO ] 🧩 Model added for round 145 (3/6) from ['node_26']
[ 2026-03-29 19:44:54 | node_32 | INFO ] 📈 Evaluated. Results: {'test_loss': 0.003427535993978381, 'test_accuracy': 0.9928918480873108, 'test_precision': 0.31813573837280273, 'test_recall': 0.6099385619163513, 'test_f1': 0.40454015135765076, 'communication_cost': 5831264}
[ 2026-03-29 19:44:54 | node_30 | INFO ] 🧩 Model added for round 145 (5/10) from ['node_25']
[ 2026-03-29 19:44:54 | node_8 | INFO ] 🧩 Model added for round 145 (1/12) from ['node_49']
[ 2026-03-29 19:44:54 | node_8 | INFO ] 🧩 Model added for round 145 (2/12) from ['node_27']
[ 2026-03-29 19:44:54 | node_32 | INFO ] 📢 Broadcasting metrics.
[ 2026-03-29 19:44:54 | node_20 | INFO ] 🧩 Model added for round 145 (5/10) from ['node_36']
[ 2026-03-29 19:44:54 | node_8 | INFO ] 🧩 Model added for round 145 (3/12) from ['node_35']
[ 2026-03-29 19:44:54 | node_29 | INFO ] ♻️ Proactively processing 2 early models for round 145.
[ 2026-03-29 19:44:54 | node_3 | INFO ] 🧩 Model added for round 145 (3/6) from ['node_30']
[ 2026-03-29 19:44:54 | node_20 | INFO ] 🧩 Model added for round 145 (6/10) from ['node_37']
[ 2026-03-29 19:44:54 | node_12 | INFO ] 🧩 Model added for round 145 (4/6) from ['node_38']
[ 2026-03-29 19:44:54 | node_13 | INFO ] 🎓 Training step done.
[ 2026-03-29 19:44:54 | node_8 | INFO ] 🧩 Model added for round 145 (4/12) from ['node_44']
[ 2026-03-29 19:44:54 | node_29 | INFO ] 🧩 Model added for round 145 (1/8) from ['node_49']
[ 2026-03-29 19:44:54 | node_13 | INFO ] 🛠️ Calling force_add_local_model...
[ 2026-03-29 19:44:55 | node_8 | INFO ] 🏋️‍♀️ Preparing training...
[ 2026-03-29 19:44:55 | node_29 | INFO ] 🧩 Model added for round 145 (2/8) from ['node_31']
[ 2026-03-29 19:44:55 | node_49 | INFO ] 🧩 Model added for round 145 (3/9) from ['node_33']
[ 2026-03-29 19:44:55 | node_29 | INFO ] 🏋️‍♀️ Preparing training...
[ 2026-03-29 19:44:55 | node_45 | INFO ] 🧩 Model added for round 145 (5/12) from ['node_6']
[ 2026-03-29 19:44:55 | node_13 | INFO ] ✅ [FORCE] Local model added for round 145. (3/6)
[ 2026-03-29 19:44:55 | node_21 | INFO ] 📈 Evaluated. Results: {'test_loss': 0.002509421668946743, 'test_accuracy': 0.9941515326499939, 'test_precision': 0.3308742344379425, 'test_recall': 0.7191388607025146, 'test_f1': 0.4431592524051666, 'communication_cost': 7289080}
[ 2026-03-29 19:44:55 | node_9 | INFO ] 🧩 Model added for round 145 (7/12) from ['node_7']
[ 2026-03-29 19:44:55 | node_46 | INFO ] ⏹️  Gossiping exited for 10 equal rounds.
[ 2026-03-29 19:44:55 | node_21 | INFO ] 📢 Broadcasting metrics.
[ 2026-03-29 19:44:55 | node_29 | INFO ] 🧩 Model added for round 145 (3/8) from ['node_11']
[ 2026-03-29 19:44:55 | node_46 | INFO ] 🔬 Evaluating...
[ 2026-03-29 19:44:55 | node_38 | INFO ] 🧩 Model added for round 145 (3/11) from ['node_17']
[ 2026-03-29 19:44:55 | node_36 | INFO ] 🧩 Model added for round 145 (5/8) from ['node_12']
[ 2026-03-29 19:44:55 | node_22 | INFO ] 🧩 Model added for round 145 (5/9) from ['node_19']
[ 2026-03-29 19:44:55 | node | INFO ] 📤 Sending model to 7 direct neighbors: ['node_7', 'node_10', 'node_14', 'node_26', 'node_30', 'node_31', 'node_45']
[ 2026-03-29 19:44:55 | node_4 | INFO ] 🧩 Model added for round 145 (9/10) from ['node_9']
[ 2026-03-29 19:44:56 | node_42 | INFO ] 🧩 Model added for round 145 (2/9) from ['node_39']
[ 2026-03-29 19:44:56 | node_37 | INFO ] 🧩 Model added for round 145 (3/11) from ['node_24']
[ 2026-03-29 19:44:56 | node_4 | INFO ] 🧩 Model added for round 145 (10/10) from ['node_45']
[ 2026-03-29 19:44:56 | node_19 | INFO ] 🧩 Model added for round 145 (4/9) from ['node_16']
[ 2026-03-29 19:44:56 | node_43 | INFO ] 🎉 Round 145 of 150 finished.
[ 2026-03-29 19:44:56 | node_13 | INFO ] 🧩 Model added for round 145 (4/6) from ['node_26']
[ 2026-03-29 19:44:56 | node_43 | INFO ] 🗳️ [DETERMINISTIC] Train set assigned (No Voting). Size: 50
[ 2026-03-29 19:44:56 | node_26 | INFO ] 🧩 Model added for round 145 (4/10) from ['node_44']
[ 2026-03-29 19:44:56 | node_6 | INFO ] 🧩 Model added for round 145 (3/7) from ['node_30']
[ 2026-03-29 19:44:56 | node_9 | INFO ] 🧩 Model added for round 145 (8/12) from ['node_40']
[ 2026-03-29 19:44:56 | node_23 | INFO ] ⏹️  Gossiping exited for 10 equal rounds.
[ 2026-03-29 19:44:56 | node_7 | INFO ] 🧩 Model added for round 145 (8/14) from ['node']
[ 2026-03-29 19:44:56 | node_30 | INFO ] 🧩 Model added for round 145 (6/10) from ['node_35']
[ 2026-03-29 19:44:56 | node_6 | INFO ] 🧩 Model added for round 145 (4/7) from ['node_48']
[ 2026-03-29 19:44:56 | node_43 | INFO ] 🏋️‍♀️ Preparing training...
[ 2026-03-29 19:44:56 | node_16 | INFO ] 🧩 Model added for round 145 (5/8) from ['node_38']
[ 2026-03-29 19:44:56 | node_46 | INFO ] 📈 Evaluated. Results: {'test_loss': 0.002911242190748453, 'test_accuracy': 0.9941515326499939, 'test_precision': 0.34052395820617676, 'test_recall': 0.7055510878562927, 'test_f1': 0.4558446407318115, 'communication_cost': 4373448}
[ 2026-03-29 19:44:56 | node_9 | INFO ] 🧩 Model added for round 145 (9/12) from ['node_4']
[ 2026-03-29 19:44:56 | node_1 | INFO ] 🎉 Round 145 of 150 finished.
[ 2026-03-29 19:44:56 | node_23 | INFO ] 🔬 Evaluating...
[ 2026-03-29 19:44:56 | node_8 | INFO ] 🧩 Model added for round 145 (5/12) from ['node_14']
[ 2026-03-29 19:44:56 | node_46 | INFO ] 📢 Broadcasting metrics.
[ 2026-03-29 19:44:57 | node_8 | INFO ] 🎓 Training step done.
[ 2026-03-29 19:44:57 | node_1 | INFO ] 🗳️ [DETERMINISTIC] Train set assigned (No Voting). Size: 50
[ 2026-03-29 19:44:57 | node_35 | INFO ] 🧩 Model added for round 145 (6/11) from ['node_25']
[ 2026-03-29 19:44:57 | node_41 | INFO ] ⏹️  Gossiping exited for 10 equal rounds.
[ 2026-03-29 19:44:57 | node_25 | INFO ] 🧩 Model added for round 145 (3/8) from ['node_42']
[ 2026-03-29 19:44:57 | node_8 | INFO ] 🛠️ Calling force_add_local_model...
[ 2026-03-29 19:44:57 | node_29 | INFO ] 🎓 Training step done.
[ 2026-03-29 19:44:57 | node_8 | INFO ] ✅ [FORCE] Local model added for round 145. (6/12)
[ 2026-03-29 19:44:57 | node_24 | INFO ] 🧩 Model added for round 145 (5/8) from ['node_36']
[ 2026-03-29 19:44:57 | node_29 | INFO ] 🛠️ Calling force_add_local_model...
[ 2026-03-29 19:44:57 | node_1 | INFO ] ♻️ Proactively processing 6 early models for round 145.
[ 2026-03-29 19:44:57 | node_41 | INFO ] 🔬 Evaluating...
[ 2026-03-29 19:44:57 | node_10 | INFO ] 🧩 Model added for round 145 (5/8) from ['node_20']
[ 2026-03-29 19:44:57 | node_1 | INFO ] 🧩 Model added for round 145 (1/9) from ['node_25']
[ 2026-03-29 19:44:57 | node_29 | INFO ] ✅ [FORCE] Local model added for round 145. (4/8)
[ 2026-03-29 19:44:57 | node_1 | INFO ] 🧩 Model added for round 145 (2/9) from ['node_12']
[ 2026-03-29 19:44:57 | node_1 | INFO ] 🧩 Model added for round 145 (3/9) from ['node_17']
[ 2026-03-29 19:44:57 | node_34 | INFO ] 🎉 Round 145 of 150 finished.
[ 2026-03-29 19:44:57 | node_1 | INFO ] 🧩 Model added for round 145 (4/9) from ['node_48']
[ 2026-03-29 19:44:57 | node_1 | INFO ] 🧩 Model added for round 145 (5/9) from ['node_26']
[ 2026-03-29 19:44:57 | node_34 | INFO ] 🗳️ [DETERMINISTIC] Train set assigned (No Voting). Size: 50
[ 2026-03-29 19:44:57 | node_24 | INFO ] 🧩 Model added for round 145 (6/8) from ['node_37']
[ 2026-03-29 19:44:57 | node_1 | INFO ] 🧩 Model added for round 145 (6/9) from ['node_38']
[ 2026-03-29 19:44:58 | node_17 | INFO ] 🧩 Model added for round 145 (3/6) from ['node_26']
[ 2026-03-29 19:44:58 | node_1 | INFO ] 🏋️‍♀️ Preparing training...
[ 2026-03-29 19:44:58 | node_14 | INFO ] 🧩 Model added for round 145 (3/7) from ['node_7']
[ 2026-03-29 19:44:58 | node_38 | INFO ] 🧩 Model added for round 145 (4/11) from ['node_12']
[ 2026-03-29 19:44:58 | node_34 | INFO ] ♻️ Proactively processing 4 early models for round 145.
[ 2026-03-29 19:44:58 | node_34 | INFO ] 🧩 Model added for round 145 (1/10) from ['node_3']
[ 2026-03-29 19:44:58 | node_34 | INFO ] 🧩 Model added for round 145 (2/10) from ['node_28']
[ 2026-03-29 19:44:58 | node_40 | INFO ] 🧩 Model added for round 145 (2/11) from ['node_11']
[ 2026-03-29 19:44:58 | node_7 | INFO ] 🧩 Model added for round 145 (9/14) from ['node_30']
[ 2026-03-29 19:44:58 | node_23 | INFO ] 📈 Evaluated. Results: {'test_loss': 0.005169600713998079, 'test_accuracy': 0.9906424283981323, 'test_precision': 0.24251048266887665, 'test_recall': 0.5562825798988342, 'test_f1': 0.33439168334007263, 'communication_cost': 8746896}
[ 2026-03-29 19:44:58 | node_34 | INFO ] 🧩 Model added for round 145 (3/10) from ['node_10']
[ 2026-03-29 19:44:58 | node_28 | INFO ] 🧩 Model added for round 145 (4/7) from ['node_16']
[ 2026-03-29 19:44:58 | node_41 | INFO ] 📈 Evaluated. Results: {'test_loss': 0.004032143857330084, 'test_accuracy': 0.991092324256897, 'test_precision': 0.28062230348587036, 'test_recall': 0.6794819831848145, 'test_f1': 0.3838523328304291, 'communication_cost': 5831264}
[ 2026-03-29 19:44:58 | node_48 | INFO ] 🧩 Model added for round 145 (2/11) from ['node_6']
[ 2026-03-29 19:44:58 | node_7 | INFO ] 🧩 Model added for round 145 (10/14) from ['node_9']
[ 2026-03-29 19:44:58 | node_34 | INFO ] 🧩 Model added for round 145 (4/10) from ['node_33']
[ 2026-03-29 19:44:58 | node_23 | INFO ] 📢 Broadcasting metrics.
[ 2026-03-29 19:44:58 | node_34 | INFO ] 🏋️‍♀️ Preparing training...
[ 2026-03-29 19:44:58 | node_41 | INFO ] 📢 Broadcasting metrics.
[ 2026-03-29 19:44:58 | node_8 | INFO ] 🧩 Model added for round 145 (7/12) from ['node_48']
[ 2026-03-29 19:44:58 | node_5 | INFO ] 🧩 Model added for round 145 (4/5) from ['node_45']
[ 2026-03-29 19:44:58 | node_17 | INFO ] 🧩 Model added for round 145 (4/6) from ['node_38']
[ 2026-03-29 19:44:58 | node_43 | INFO ] 🎓 Training step done.
[ 2026-03-29 19:44:59 | node_43 | INFO ] 🛠️ Calling force_add_local_model...
[ 2026-03-29 19:44:59 | node_30 | INFO ] 🧩 Model added for round 145 (7/10) from ['node_44']
[ 2026-03-29 19:44:59 | node_43 | INFO ] ✅ [FORCE] Local model added for round 145. (1/8)
[ 2026-03-29 19:44:59 | node_37 | INFO ] 🧩 Model added for round 145 (4/11) from ['node_35']
[ 2026-03-29 19:44:59 | node_22 | INFO ] 📤 Sending model to 8 direct neighbors: ['node_7', 'node_9', 'node_11', 'node_15', 'node_19', 'node_21', 'node_33', 'node_39']
[ 2026-03-29 19:44:59 | node_29 | INFO ] 🧩 Model added for round 145 (5/8) from ['node_42']
[ 2026-03-29 19:44:59 | node_39 | INFO ] 🧩 Model added for round 145 (3/10) from ['node_36']
[ 2026-03-29 19:44:59 | node_49 | INFO ] 🧩 Model added for round 145 (4/9) from ['node_19']
[ 2026-03-29 19:44:59 | node_11 | INFO ] 🧩 Model added for round 145 (4/7) from ['node_40']
[ 2026-03-29 19:44:59 | node_18 | INFO ] 🧩 Model added for round 145 (3/9) from ['node_20']
[ 2026-03-29 19:44:59 | node_15 | INFO ] 🎉 Round 145 of 150 finished.
[ 2026-03-29 19:44:59 | node_15 | INFO ] 🗳️ [DETERMINISTIC] Train set assigned (No Voting). Size: 50
[ 2026-03-29 19:44:59 | node_12 | INFO ] 🧩 Model added for round 145 (5/6) from ['node_4']
[ 2026-03-29 19:44:59 | node_10 | INFO ] 🧩 Model added for round 145 (6/8) from ['node_14']
[ 2026-03-29 19:44:59 | node_7 | INFO ] 🧩 Model added for round 145 (11/14) from ['node_22']
[ 2026-03-29 19:44:59 | node_16 | INFO ] 🧩 Model added for round 145 (6/8) from ['node_7']
[ 2026-03-29 19:44:59 | node_42 | INFO ] 🧩 Model added for round 145 (3/9) from ['node_25']
[ 2026-03-29 19:45:00 | node_15 | INFO ] ♻️ Proactively processing 5 early models for round 145.
[ 2026-03-29 19:45:00 | node_10 | INFO ] 🧩 Model added for round 145 (7/8) from ['node']
[ 2026-03-29 19:45:00 | node_28 | INFO ] 🧩 Model added for round 145 (5/7) from ['node_37']
[ 2026-03-29 19:45:00 | node_15 | INFO ] 🧩 Model added for round 145 (1/9) from ['node_2']
[ 2026-03-29 19:45:00 | node_34 | INFO ] 🧩 Model added for round 145 (5/10) from ['node_26']
[ 2026-03-29 19:45:00 | node_15 | INFO ] 🧩 Model added for round 145 (2/9) from ['node_42']
[ 2026-03-29 19:45:00 | node_13 | INFO ] 📤 Sending model to 5 direct neighbors: ['node_25', 'node_26', 'node_32', 'node_39', 'node_46']
[ 2026-03-29 19:45:00 | node_6 | INFO ] 🧩 Model added for round 145 (5/7) from ['node_45']
[ 2026-03-29 19:45:00 | node_15 | INFO ] 🧩 Model added for round 145 (3/9) from ['node_37']
[ 2026-03-29 19:45:00 | node_18 | INFO ] 🧩 Model added for round 145 (4/9) from ['node_38']
[ 2026-03-29 19:45:00 | node_1 | INFO ] 🎓 Training step done.
[ 2026-03-29 19:45:00 | node_15 | INFO ] 🧩 Model added for round 145 (4/9) from ['node_16']
[ 2026-03-29 19:45:00 | node_38 | INFO ] 🧩 Model added for round 145 (5/11) from ['node_16']
[ 2026-03-29 19:45:00 | node_1 | INFO ] 🛠️ Calling force_add_local_model...
[ 2026-03-29 19:45:00 | node_15 | INFO ] 🧩 Model added for round 145 (5/9) from ['node_44']
[ 2026-03-29 19:45:00 | node_1 | INFO ] ✅ [FORCE] Local model added for round 145. (7/9)
[ 2026-03-29 19:45:00 | node_15 | INFO ] 🏋️‍♀️ Preparing training...
[ 2026-03-29 19:45:00 | node_25 | INFO ] 🧩 Model added for round 145 (4/8) from ['node_13']
[ 2026-03-29 19:45:00 | node_34 | INFO ] 🎓 Training step done.
[ 2026-03-29 19:45:00 | node_44 | INFO ] 🧩 Model added for round 145 (2/9) from ['node_11']
[ 2026-03-29 19:45:01 | node_34 | INFO ] 🛠️ Calling force_add_local_model...
[ 2026-03-29 19:45:01 | node_34 | INFO ] ✅ [FORCE] Local model added for round 145. (6/10)
[ 2026-03-29 19:45:01 | node_32 | INFO ] 🎉 Round 145 of 150 finished.
[ 2026-03-29 19:45:01 | node_39 | INFO ] 🧩 Model added for round 145 (4/10) from ['node_42']
[ 2026-03-29 19:45:01 | node_14 | INFO ] 🧩 Model added for round 145 (4/7) from ['node_40']
[ 2026-03-29 19:45:01 | node_32 | INFO ] 🗳️ [DETERMINISTIC] Train set assigned (No Voting). Size: 50
[ 2026-03-29 19:45:01 | node_34 | INFO ] 🧩 Model added for round 145 (7/10) from ['node_44']
[ 2026-03-29 19:45:01 | node_18 | INFO ] 🧩 Model added for round 145 (5/9) from ['node_4']
[ 2026-03-29 19:45:01 | node_25 | INFO ] 🧩 Model added for round 145 (5/8) from ['node_30']
[ 2026-03-29 19:45:01 | node_34 | INFO ] 🧩 Model added for round 145 (8/10) from ['node_20']
[ 2026-03-29 19:45:01 | node_20 | INFO ] 🧩 Model added for round 145 (7/10) from ['node_48']
[ 2026-03-29 19:45:01 | node_32 | INFO ] ♻️ Proactively processing 4 early models for round 145.
[ 2026-03-29 19:45:01 | node_22 | INFO ] 🧩 Model added for round 145 (6/9) from ['node_9']
[ 2026-03-29 19:45:01 | node_46 | INFO ] 🎉 Round 145 of 150 finished.
[ 2026-03-29 19:45:01 | node_48 | INFO ] 🧩 Model added for round 145 (3/11) from ['node_36']
[ 2026-03-29 19:45:01 | node_39 | INFO ] 🧩 Model added for round 145 (5/10) from ['node_35']
[ 2026-03-29 19:45:01 | node_32 | INFO ] 🧩 Model added for round 145 (1/9) from ['node_49']
[ 2026-03-29 19:45:01 | node_40 | INFO ] 🧩 Model added for round 145 (3/11) from ['node_14']
[ 2026-03-29 19:45:01 | node_19 | INFO ] 🧩 Model added for round 145 (5/9) from ['node_7']
[ 2026-03-29 19:45:01 | node_32 | INFO ] 🧩 Model added for round 145 (2/9) from ['node_39']
[ 2026-03-29 19:45:01 | node_30 | INFO ] 🧩 Model added for round 145 (8/10) from ['node_37']
[ 2026-03-29 19:45:01 | node_46 | INFO ] 🗳️ [DETERMINISTIC] Train set assigned (No Voting). Size: 50
[ 2026-03-29 19:45:01 | node_32 | INFO ] 🧩 Model added for round 145 (3/9) from ['node_18']
[ 2026-03-29 19:45:02 | node_7 | INFO ] 🧩 Model added for round 145 (12/14) from ['node_45']
[ 2026-03-29 19:45:02 | node_32 | INFO ] 🧩 Model added for round 145 (4/9) from ['node_11']
[ 2026-03-29 19:45:02 | node_14 | INFO ] 🧩 Model added for round 145 (5/7) from ['node']
[ 2026-03-29 19:45:02 | node_32 | INFO ] 🏋️‍♀️ Preparing training...
[ 2026-03-29 19:45:02 | node_46 | INFO ] ♻️ Proactively processing 2 early models for round 145.
[ 2026-03-29 19:45:02 | node_43 | INFO ] 🧩 Model added for round 145 (2/8) from ['node_25']
[ 2026-03-29 19:45:02 | node_46 | INFO ] 🧩 Model added for round 145 (1/7) from ['node_2']
[ 2026-03-29 19:45:02 | node_46 | INFO ] 🧩 Model added for round 145 (2/7) from ['node_19']
[ 2026-03-29 19:45:02 | node_46 | INFO ] 🏋️‍♀️ Preparing training...
[ 2026-03-29 19:45:02 | node_8 | INFO ] 📤 Sending model to 11 direct neighbors: ['node_1', 'node_14', 'node_15', 'node_23', 'node_27', 'node_35', 'node_41', 'node_43', 'node_44', 'node_48', 'node_49']
[ 2026-03-29 19:45:02 | node_15 | INFO ] 🎓 Training step done.
[ 2026-03-29 19:45:02 | node_29 | INFO ] 📤 Sending model to 7 direct neighbors: ['node_11', 'node_23', 'node_31', 'node_38', 'node_42', 'node_45', 'node_49']
[ 2026-03-29 19:45:02 | node_15 | INFO ] 🛠️ Calling force_add_local_model...
[ 2026-03-29 19:45:02 | node_26 | INFO ] 🧩 Model added for round 145 (5/10) from ['node_13']
[ 2026-03-29 19:45:02 | node_15 | INFO ] ✅ [FORCE] Local model added for round 145. (6/9)
[ 2026-03-29 19:45:02 | node_42 | INFO ] 🧩 Model added for round 145 (4/9) from ['node_16']
[ 2026-03-29 19:45:02 | node_1 | INFO ] 🧩 Model added for round 145 (8/9) from ['node_8']
[ 2026-03-29 19:45:03 | node_29 | INFO ] 🧩 Model added for round 145 (6/8) from ['node_38']
[ 2026-03-29 19:45:03 | node_15 | INFO ] 🧩 Model added for round 145 (7/9) from ['node_40']
[ 2026-03-29 19:45:03 | node_9 | INFO ] 🧩 Model added for round 145 (10/12) from ['node_22']
[ 2026-03-29 19:45:03 | node_44 | INFO ] 🧩 Model added for round 145 (3/9) from ['node_26']
[ 2026-03-29 19:45:03 | node_11 | INFO ] 🧩 Model added for round 145 (5/7) from ['node_29']
[ 2026-03-29 19:45:03 | node_21 | INFO ] 🎉 Round 145 of 150 finished.
[ 2026-03-29 19:45:03 | node_35 | INFO ] 🧩 Model added for round 145 (7/11) from ['node_30']
[ 2026-03-29 19:45:03 | node_21 | INFO ] 🗳️ [DETERMINISTIC] Train set assigned (No Voting). Size: 50
[ 2026-03-29 19:45:03 | node_28 | INFO ] 🧩 Model added for round 145 (6/7) from ['node_4']
[ 2026-03-29 19:45:03 | node_40 | INFO ] 🧩 Model added for round 145 (4/11) from ['node_42']
[ 2026-03-29 19:45:03 | node_26 | INFO ] 🧩 Model added for round 145 (6/10) from ['node']
[ 2026-03-29 19:45:03 | node_21 | INFO ] ♻️ Proactively processing 8 early models for round 145.
[ 2026-03-29 19:45:03 | node_40 | INFO ] 🧩 Model added for round 145 (5/11) from ['node_44']
[ 2026-03-29 19:45:03 | node_21 | INFO ] 🧩 Model added for round 145 (1/11) from ['node_3']
[ 2026-03-29 19:45:03 | node_20 | INFO ] 🧩 Model added for round 145 (8/10) from ['node_7']
[ 2026-03-29 19:45:04 | node_21 | INFO ] 🧩 Model added for round 145 (2/11) from ['node_49']
[ 2026-03-29 19:45:04 | node_35 | INFO ] 🧩 Model added for round 145 (8/11) from ['node_20']
[ 2026-03-29 19:45:04 | node_49 | INFO ] 🧩 Model added for round 145 (5/9) from ['node_35']
[ 2026-03-29 19:45:04 | node_32 | INFO ] 🎓 Training step done.
[ 2026-03-29 19:45:04 | node_21 | INFO ] 🧩 Model added for round 145 (3/11) from ['node_24']
[ 2026-03-29 19:45:04 | node_32 | INFO ] 🛠️ Calling force_add_local_model...
[ 2026-03-29 19:45:04 | node_21 | INFO ] 🧩 Model added for round 145 (4/11) from ['node_6']
[ 2026-03-29 19:45:04 | node_43 | INFO ] 📤 Sending model to 7 direct neighbors: ['node_8', 'node_14', 'node_23', 'node_25', 'node_34', 'node_45', 'node_48']
[ 2026-03-29 19:45:04 | node_24 | INFO ] 🧩 Model added for round 145 (7/8) from ['node_9']
[ 2026-03-29 19:45:04 | node_21 | INFO ] 🧩 Model added for round 145 (5/11) from ['node_2']
[ 2026-03-29 19:45:04 | node_32 | INFO ] ✅ [FORCE] Local model added for round 145. (5/9)
[ 2026-03-29 19:45:04 | node_35 | INFO ] 🧩 Model added for round 145 (9/11) from ['node_37']
[ 2026-03-29 19:45:04 | node_21 | INFO ] 🧩 Model added for round 145 (6/11) from ['node_19']
[ 2026-03-29 19:45:04 | node_43 | INFO ] 🧩 Model added for round 145 (3/8) from ['node_14']
[ 2026-03-29 19:45:04 | node_21 | INFO ] 🧩 Model added for round 145 (7/11) from ['node_37']
[ 2026-03-29 19:45:04 | node_36 | INFO ] 🧩 Model added for round 145 (6/8) from ['node_48']
[ 2026-03-29 19:45:04 | node_46 | INFO ] 🎓 Training step done.
[ 2026-03-29 19:45:04 | node_21 | INFO ] 🧩 Model added for round 145 (8/11) from ['node_38']
[ 2026-03-29 19:45:04 | node_46 | INFO ] 🛠️ Calling force_add_local_model...
[ 2026-03-29 19:45:04 | node_21 | INFO ] 🏋️‍♀️ Preparing training...
[ 2026-03-29 19:45:04 | node_8 | INFO ] 🧩 Model added for round 145 (8/12) from ['node_43']
[ 2026-03-29 19:45:04 | node_46 | INFO ] ✅ [FORCE] Local model added for round 145. (3/7)
[ 2026-03-29 19:45:04 | node_16 | INFO ] 🧩 Model added for round 145 (7/8) from ['node_45']
[ 2026-03-29 19:45:04 | node_41 | INFO ] 🎉 Round 145 of 150 finished.
[ 2026-03-29 19:45:05 | node_14 | INFO ] 🧩 Model added for round 145 (6/7) from ['node_8']
[ 2026-03-29 19:45:05 | node_45 | INFO ] 🧩 Model added for round 145 (6/12) from ['node_16']
[ 2026-03-29 19:45:05 | node_37 | INFO ] 🧩 Model added for round 145 (5/11) from ['node_38']
[ 2026-03-29 19:45:05 | node_32 | INFO ] 🧩 Model added for round 145 (6/9) from ['node_13']
[ 2026-03-29 19:45:05 | node_41 | INFO ] 🗳️ [DETERMINISTIC] Train set assigned (No Voting). Size: 50
[ 2026-03-29 19:45:05 | node_20 | INFO ] 🧩 Model added for round 145 (9/10) from ['node_40']
[ 2026-03-29 19:45:05 | node_33 | INFO ] 🧩 Model added for round 145 (6/9) from ['node_4']
[ 2026-03-29 19:45:05 | node_41 | INFO ] ♻️ Proactively processing 4 early models for round 145.
[ 2026-03-29 19:45:05 | node_41 | INFO ] 🧩 Model added for round 145 (1/9) from ['node_31']
[ 2026-03-29 19:45:05 | node_41 | INFO ] 🧩 Model added for round 145 (2/9) from ['node_19']
[ 2026-03-29 19:45:05 | node_31 | INFO ] 🧩 Model added for round 145 (6/8) from ['node_29']
[ 2026-03-29 19:45:05 | node_41 | INFO ] 🧩 Model added for round 145 (3/9) from ['node_17']
[ 2026-03-29 19:45:05 | node_1 | INFO ] 📤 Sending model to 8 direct neighbors: ['node_8', 'node_12', 'node_17', 'node_25', 'node_26', 'node_34', 'node_38', 'node_48']
[ 2026-03-29 19:45:05 | node_41 | INFO ] 🧩 Model added for round 145 (4/9) from ['node_26']
[ 2026-03-29 19:45:05 | node_11 | INFO ] 🧩 Model added for round 145 (6/7) from ['node_22']
[ 2026-03-29 19:45:05 | node_41 | INFO ] 🏋️‍♀️ Preparing training...
[ 2026-03-29 19:45:05 | node_37 | INFO ] 🧩 Model added for round 145 (6/11) from ['node_30']
[ 2026-03-29 19:45:05 | node_30 | INFO ] 🧩 Model added for round 145 (9/10) from ['node']
[ 2026-03-29 19:45:05 | node_25 | INFO ] 🧩 Model added for round 145 (6/8) from ['node_9']
[ 2026-03-29 19:45:06 | node_41 | INFO ] 🧩 Model added for round 145 (5/9) from ['node_42']
[ 2026-03-29 19:45:06 | node_22 | INFO ] 🧩 Model added for round 145 (7/9) from ['node_7']
[ 2026-03-29 19:45:06 | node_46 | INFO ] 🧩 Model added for round 145 (4/7) from ['node_44']
[ 2026-03-29 19:45:06 | node_8 | INFO ] 🧩 Model added for round 145 (9/12) from ['node_1']
[ 2026-03-29 19:45:06 | node_34 | INFO ] 📤 Sending model to 9 direct neighbors: ['node_1', 'node_3', 'node_10', 'node_20', 'node_26', 'node_28', 'node_33', 'node_43', 'node_44']
[ 2026-03-29 19:45:06 | node_36 | INFO ] 🧩 Model added for round 145 (7/8) from ['node_20']
[ 2026-03-29 19:45:06 | node_40 | INFO ] 🧩 Model added for round 145 (6/11) from ['node_48']
[ 2026-03-29 19:45:06 | node_15 | INFO ] 🧩 Model added for round 145 (8/9) from ['node_8']
[ 2026-03-29 19:45:06 | node_38 | INFO ] 🧩 Model added for round 145 (6/11) from ['node_37']
[ 2026-03-29 19:45:06 | node_18 | INFO ] 🧩 Model added for round 145 (6/9) from ['node_45']
[ 2026-03-29 19:45:06 | node_1 | INFO ] 🧩 Model added for round 145 (9/9) from ['node_34']
[ 2026-03-29 19:45:06 | node_21 | INFO ] 🎓 Training step done.
[ 2026-03-29 19:45:06 | node_21 | INFO ] 🛠️ Calling force_add_local_model...
[ 2026-03-29 19:45:06 | node_21 | INFO ] ✅ [FORCE] Local model added for round 145. (9/11)
[ 2026-03-29 19:45:06 | node_39 | INFO ] 🧩 Model added for round 145 (6/10) from ['node_13']
[ 2026-03-29 19:45:07 | node_40 | INFO ] 🧩 Model added for round 145 (7/11) from ['node_4']
[ 2026-03-29 19:45:07 | node_14 | INFO ] 🧩 Model added for round 145 (7/7) from ['node_43']
[ 2026-03-29 19:45:07 | node_38 | INFO ] 🧩 Model added for round 145 (7/11) from ['node_29']
[ 2026-03-29 19:45:07 | node_15 | INFO ] 🧩 Model added for round 145 (9/9) from ['node_22']
[ 2026-03-29 19:45:07 | node_38 | INFO ] 🧩 Model added for round 145 (8/11) from ['node_40']
[ 2026-03-29 19:45:07 | node_23 | INFO ] 🎉 Round 145 of 150 finished.
[ 2026-03-29 19:45:07 | node_40 | INFO ] 🧩 Model added for round 145 (8/11) from ['node_38']
[ 2026-03-29 19:45:07 | node_23 | INFO ] 🗳️ [DETERMINISTIC] Train set assigned (No Voting). Size: 50
[ 2026-03-29 19:45:07 | node_36 | INFO ] 🧩 Model added for round 145 (8/8) from ['node_9']
[ 2026-03-29 19:45:07 | node_14 | INFO ] 🧠 Aggregation complete. Setting new model.
[ 2026-03-29 19:45:07 | node_23 | INFO ] ♻️ Proactively processing 9 early models for round 145.
[ 2026-03-29 19:45:07 | node_23 | INFO ] 🧩 Model added for round 145 (1/13) from ['node_5']
[ 2026-03-29 19:45:07 | node_23 | INFO ] 🧩 Model added for round 145 (2/13) from ['node_33']
[ 2026-03-29 19:45:07 | node_23 | INFO ] 🧩 Model added for round 145 (3/13) from ['node_18']
[ 2026-03-29 19:45:07 | node_23 | INFO ] 🧩 Model added for round 145 (4/13) from ['node_35']
[ 2026-03-29 19:45:07 | node_15 | INFO ] 📤 Sending model to 8 direct neighbors: ['node_2', 'node_8', 'node_16', 'node_22', 'node_37', 'node_40', 'node_42', 'node_44']
[ 2026-03-29 19:45:07 | node_23 | INFO ] 🧩 Model added for round 145 (5/13) from ['node_42']
[ 2026-03-29 19:45:07 | node_23 | INFO ] 🧩 Model added for round 145 (6/13) from ['node_26']
[ 2026-03-29 19:45:08 | node_23 | INFO ] 🧩 Model added for round 145 (7/13) from ['node_9']
[ 2026-03-29 19:45:08 | node_23 | INFO ] 🧩 Model added for round 145 (8/13) from ['node_48']
[ 2026-03-29 19:45:08 | node_23 | INFO ] 🧩 Model added for round 145 (9/13) from ['node_29']
[ 2026-03-29 19:45:08 | node_23 | INFO ] 🏋️‍♀️ Preparing training...
[ 2026-03-29 19:45:08 | node_39 | INFO ] 🧩 Model added for round 145 (7/10) from ['node_30']
[ 2026-03-29 19:45:08 | node_23 | INFO ] 🧩 Model added for round 145 (10/13) from ['node_8']
[ 2026-03-29 19:45:08 | node_41 | INFO ] 🎓 Training step done.
[ 2026-03-29 19:45:08 | node_37 | INFO ] 🧩 Model added for round 145 (7/11) from ['node_20']
[ 2026-03-29 19:45:08 | node_30 | INFO ] 🧩 Model added for round 145 (10/10) from ['node_7']
[ 2026-03-29 19:45:08 | node_31 | INFO ] 🧩 Model added for round 145 (7/8) from ['node']
[ 2026-03-29 19:45:08 | node_3 | INFO ] 🧩 Model added for round 145 (4/6) from ['node_34']
[ 2026-03-29 19:45:08 | node_41 | INFO ] 🛠️ Calling force_add_local_model...
[ 2026-03-29 19:45:08 | node_41 | INFO ] ✅ [FORCE] Local model added for round 145. (6/9)
[ 2026-03-29 19:45:08 | node_14 | INFO ] 🗣️ Gossiping aggregated model.
[ 2026-03-29 19:45:08 | node_43 | INFO ] 🧩 Model added for round 145 (4/8) from ['node_48']
[ 2026-03-29 19:45:08 | node_23 | INFO ] 🧩 Model added for round 145 (11/13) from ['node_45']
[ 2026-03-29 19:45:08 | node_12 | INFO ] 🧩 Model added for round 145 (6/6) from ['node_1']
[ 2026-03-29 19:45:08 | node_2 | INFO ] 🧩 Model added for round 145 (6/9) from ['node_15']
[ 2026-03-29 19:45:08 | node_36 | INFO ] 🧠 Aggregation complete. Setting new model.
[ 2026-03-29 19:45:08 | node_23 | INFO ] 🧩 Model added for round 145 (12/13) from ['node_43']
[ 2026-03-29 19:45:08 | node_46 | INFO ] 🧩 Model added for round 145 (5/7) from ['node_13']
[ 2026-03-29 19:45:09 | node_19 | INFO ] 🧩 Model added for round 145 (6/9) from ['node_22']
[ 2026-03-29 19:45:09 | node_42 | INFO ] 🧩 Model added for round 145 (5/9) from ['node_40']
[ 2026-03-29 19:45:09 | node_45 | INFO ] 🧩 Model added for round 145 (7/12) from ['node_4']
[ 2026-03-29 19:45:09 | node_12 | INFO ] 🧠 Aggregation complete. Setting new model.
[ 2026-03-29 19:45:09 | node_32 | INFO ] 📤 Sending model to 8 direct neighbors: ['node_7', 'node_11', 'node_13', 'node_18', 'node_39', 'node_41', 'node_46', 'node_49']
[ 2026-03-29 19:45:09 | node_37 | INFO ] 🧩 Model added for round 145 (8/11) from ['node_9']
[ 2026-03-29 19:45:09 | node_42 | INFO ] 🧩 Model added for round 145 (6/9) from ['node_29']
[ 2026-03-29 19:45:09 | node_10 | INFO ] 🧩 Model added for round 145 (8/8) from ['node_34']
[ 2026-03-29 19:45:09 | node_7 | INFO ] 🧩 Model added for round 145 (13/14) from ['node_32']
[ 2026-03-29 19:45:09 | node_46 | INFO ] 📤 Sending model to 6 direct neighbors: ['node_2', 'node_13', 'node_19', 'node_32', 'node_41', 'node_44']
[ 2026-03-29 19:45:09 | node_17 | INFO ] 🧩 Model added for round 145 (5/6) from ['node_1']
[ 2026-03-29 19:45:09 | node_45 | INFO ] 🧩 Model added for round 145 (8/12) from ['node']
[ 2026-03-29 19:45:09 | node_36 | INFO ] 🗣️ Gossiping aggregated model.
[ 2026-03-29 19:45:10 | node_12 | INFO ] 🗣️ Gossiping aggregated model.
[ 2026-03-29 19:45:10 | node_44 | INFO ] 🧩 Model added for round 145 (4/9) from ['node_30']
[ 2026-03-29 19:45:10 | node_32 | INFO ] 🧩 Model added for round 145 (7/9) from ['node_7']
[ 2026-03-29 19:45:10 | node_2 | INFO ] 🧩 Model added for round 145 (7/9) from ['node_46']
[ 2026-03-29 19:45:10 | node_10 | INFO ] 🧠 Aggregation complete. Setting new model.
[ 2026-03-29 19:45:10 | node_40 | INFO ] 🧩 Model added for round 145 (9/11) from ['node_20']
[ 2026-03-29 19:45:10 | node_8 | INFO ] 🧩 Model added for round 145 (10/12) from ['node_15']
[ 2026-03-29 19:45:10 | node_23 | INFO ] 🎓 Training step done.
[ 2026-03-29 19:45:10 | node_23 | INFO ] 🛠️ Calling force_add_local_model...
[ 2026-03-29 19:45:10 | node_23 | INFO ] ✅ [FORCE] Local model added for round 145. (13/13)
[ 2026-03-29 19:45:10 | node_27 | INFO ] 🧩 Model added for round 145 (3/5) from ['node_8']
[ 2026-03-29 19:45:10 | node_21 | INFO ] 🧩 Model added for round 145 (10/11) from ['node_22']
[ 2026-03-29 19:45:11 | node_27 | INFO ] 🧩 Model added for round 145 (4/5) from ['node_45']
[ 2026-03-29 19:45:11 | node_44 | INFO ] 🧩 Model added for round 145 (5/9) from ['node_40']
[ 2026-03-29 19:45:11 | node_25 | INFO ] 🧩 Model added for round 145 (7/8) from ['node_43']
[ 2026-03-29 19:45:11 | node_25 | INFO ] 🧩 Model added for round 145 (8/8) from ['node_1']
[ 2026-03-29 19:45:11 | node_45 | INFO ] 🧩 Model added for round 145 (9/12) from ['node_29']
[ 2026-03-29 19:45:11 | node_40 | INFO ] 🧩 Model added for round 145 (10/11) from ['node_9']
[ 2026-03-29 19:45:11 | node_20 | INFO ] 🧩 Model added for round 145 (10/10) from ['node_34']
[ 2026-03-29 19:45:11 | node_48 | INFO ] 🧩 Model added for round 145 (4/11) from ['node_4']
[ 2026-03-29 19:45:11 | node_10 | INFO ] 🗣️ Gossiping aggregated model.
[ 2026-03-29 19:45:11 | node_21 | INFO ] 📤 Sending model to 10 direct neighbors: ['node_2', 'node_3', 'node_6', 'node_19', 'node_22', 'node_24', 'node_37', 'node_38', 'node_47', 'node_49']
[ 2026-03-29 19:45:11 | node_37 | INFO ] 🧩 Model added for round 145 (9/11) from ['node_7']
[ 2026-03-29 19:45:11 | node_35 | INFO ] 🧩 Model added for round 145 (10/11) from ['node_8']
[ 2026-03-29 19:45:11 | node_25 | INFO ] 🧠 Aggregation complete. Setting new model.
[ 2026-03-29 19:45:11 | node_13 | INFO ] 🧩 Model added for round 145 (5/6) from ['node_46']
[ 2026-03-29 19:45:12 | node_30 | INFO ] 🧠 Aggregation complete. Setting new model.
[ 2026-03-29 19:45:12 | node_29 | INFO ] 🧩 Model added for round 145 (7/8) from ['node_45']
[ 2026-03-29 19:45:12 | node | INFO ] 🧠 Aggregation complete. Setting new model.
[ 2026-03-29 19:45:12 | node_25 | INFO ] 🗣️ Gossiping aggregated model.
[ 2026-03-29 19:45:13 | node | INFO ] 🗣️ Gossiping aggregated model.
[ 2026-03-29 19:45:13 | node_2 | INFO ] 🧩 Model added for round 145 (8/9) from ['node_21']
[ 2026-03-29 19:45:13 | node_30 | INFO ] 🗣️ Gossiping aggregated model.
[ 2026-03-29 19:45:13 | node_34 | INFO ] 🧩 Model added for round 145 (9/10) from ['node_43']
[ 2026-03-29 19:45:13 | node_48 | INFO ] 🧩 Model added for round 145 (5/11) from ['node_20']
[ 2026-03-29 19:45:13 | node_16 | INFO ] 🧩 Model added for round 145 (8/8) from ['node_15']
[ 2026-03-29 19:45:13 | node_11 | INFO ] 🧩 Model added for round 145 (7/7) from ['node_32']
[ 2026-03-29 19:45:13 | node_48 | INFO ] 🧩 Model added for round 145 (6/11) from ['node_40']
[ 2026-03-29 19:45:13 | node_33 | INFO ] 🧩 Model added for round 145 (7/9) from ['node_22']
[ 2026-03-29 19:45:13 | node_41 | INFO ] 📤 Sending model to 8 direct neighbors: ['node_8', 'node_17', 'node_19', 'node_26', 'node_31', 'node_32', 'node_42', 'node_46']
[ 2026-03-29 19:45:13 | node_26 | INFO ] 🧩 Model added for round 145 (7/10) from ['node_1']
[ 2026-03-29 19:45:13 | node_26 | INFO ] 🧩 Model added for round 145 (8/10) from ['node_34']
[ 2026-03-29 19:45:13 | node_19 | INFO ] 🧩 Model added for round 145 (7/9) from ['node_46']
[ 2026-03-29 19:45:13 | node_49 | INFO ] 🧩 Model added for round 145 (6/9) from ['node_29']
[ 2026-03-29 19:45:14 | node_41 | INFO ] 🧩 Model added for round 145 (7/9) from ['node_8']
[ 2026-03-29 19:45:14 | node_43 | INFO ] 🧩 Model added for round 145 (5/8) from ['node_45']
[ 2026-03-29 19:45:14 | node_45 | INFO ] 🧩 Model added for round 145 (10/12) from ['node_7']
[ 2026-03-29 19:45:14 | node_13 | INFO ] 🧩 Model added for round 145 (6/6) from ['node_32']
[ 2026-03-29 19:45:15 | node_3 | INFO ] 🧩 Model added for round 145 (5/6) from ['node_21']
[ 2026-03-29 19:45:15 | node_22 | INFO ] 🧩 Model added for round 145 (8/9) from ['node_15']
[ 2026-03-29 19:45:15 | node_39 | INFO ] 🧩 Model added for round 145 (8/10) from ['node_22']
[ 2026-03-29 19:45:15 | node_45 | INFO ] 🧩 Model added for round 145 (11/12) from ['node_43']
[ 2026-03-29 19:45:15 | node_8 | INFO ] 🧩 Model added for round 145 (11/12) from ['node_41']
[ 2026-03-29 19:45:15 | node_34 | INFO ] 🧩 Model added for round 145 (10/10) from ['node_1']
[ 2026-03-29 19:45:15 | node_28 | INFO ] 🧩 Model added for round 145 (7/7) from ['node_34']
[ 2026-03-29 19:45:15 | node_32 | INFO ] 🧩 Model added for round 145 (8/9) from ['node_46']
[ 2026-03-29 19:45:15 | node_23 | INFO ] 📤 Sending model to 12 direct neighbors: ['node_5', 'node_8', 'node_9', 'node_18', 'node_26', 'node_29', 'node_33', 'node_35', 'node_42', 'node_43', 'node_45', 'node_48']
[ 2026-03-29 19:45:16 | node_43 | INFO ] 🧩 Model added for round 145 (6/8) from ['node_8']
[ 2026-03-29 19:45:16 | node_18 | INFO ] 🧩 Model added for round 145 (7/9) from ['node_32']
[ 2026-03-29 19:45:16 | node_6 | INFO ] 🧩 Model added for round 145 (6/7) from ['node_21']
[ 2026-03-29 19:45:16 | node_5 | INFO ] 🧩 Model added for round 145 (5/5) from ['node_23']
[ 2026-03-29 19:45:16 | node_33 | INFO ] 🧩 Model added for round 145 (8/9) from ['node_34']
[ 2026-03-29 19:45:16 | node_11 | INFO ] 🧠 Aggregation complete. Setting new model.
[ 2026-03-29 19:45:16 | node_37 | INFO ] 🧩 Model added for round 145 (10/11) from ['node_15']
[ 2026-03-29 19:45:17 | node_16 | INFO ] 🧠 Aggregation complete. Setting new model.
[ 2026-03-29 19:45:17 | node_48 | INFO ] 🧩 Model added for round 145 (7/11) from ['node_43']
[ 2026-03-29 19:45:17 | node_41 | INFO ] 🧩 Model added for round 145 (8/9) from ['node_46']
[ 2026-03-29 19:45:17 | node_11 | INFO ] 🗣️ Gossiping aggregated model.
[ 2026-03-29 19:45:17 | node_38 | INFO ] 🧩 Model added for round 145 (9/11) from ['node_1']
[ 2026-03-29 19:45:17 | node_4 | INFO ] 🧠 Aggregation complete. Setting new model.
[ 2026-03-29 19:45:17 | node_17 | INFO ] 🧩 Model added for round 145 (6/6) from ['node_41']
[ 2026-03-29 19:45:17 | node_44 | INFO ] 🧩 Model added for round 145 (6/9) from ['node_8']
[ 2026-03-29 19:45:17 | node_19 | INFO ] 🧩 Model added for round 145 (8/9) from ['node_21']
[ 2026-03-29 19:45:17 | node_39 | INFO ] 🧩 Model added for round 145 (9/10) from ['node_32']
[ 2026-03-29 19:45:17 | node_8 | INFO ] 🧩 Model added for round 145 (12/12) from ['node_23']
[ 2026-03-29 19:45:17 | node_43 | INFO ] 🧩 Model added for round 145 (7/8) from ['node_34']
[ 2026-03-29 19:45:17 | node_13 | INFO ] 🧠 Aggregation complete. Setting new model.
[ 2026-03-29 19:45:17 | node_28 | INFO ] 🧠 Aggregation complete. Setting new model.
[ 2026-03-29 19:45:17 | node_5 | INFO ] 🧠 Aggregation complete. Setting new model.
[ 2026-03-29 19:45:17 | node_20 | INFO ] 🧠 Aggregation complete. Setting new model.
[ 2026-03-29 19:45:17 | node_17 | INFO ] 🧠 Aggregation complete. Setting new model.
[ 2026-03-29 19:45:18 | node_16 | INFO ] 🗣️ Gossiping aggregated model.
[ 2026-03-29 19:45:18 | node_13 | INFO ] 🗣️ Gossiping aggregated model.
[ 2026-03-29 19:45:18 | node_5 | INFO ] 🗣️ Gossiping aggregated model.
[ 2026-03-29 19:45:18 | node_47 | INFO ] ⏹️  Gossiping exited for 10 equal rounds.
[ 2026-03-29 19:45:18 | node_17 | INFO ] 🗣️ Gossiping aggregated model.
[ 2026-03-29 19:45:18 | node_47 | INFO ] 🔬 Evaluating...
[ 2026-03-29 19:45:18 | node_28 | INFO ] 🗣️ Gossiping aggregated model.
[ 2026-03-29 19:45:18 | node_4 | INFO ] 🗣️ Gossiping aggregated model.
[ 2026-03-29 19:45:18 | node_20 | INFO ] 🗣️ Gossiping aggregated model.
[ 2026-03-29 19:45:19 | node_19 | INFO ] 🧩 Model added for round 145 (9/9) from ['node_41']
[ 2026-03-29 19:45:19 | node_40 | INFO ] 🧩 Model added for round 145 (11/11) from ['node_15']
[ 2026-03-29 19:45:19 | node_48 | INFO ] 🧩 Model added for round 145 (8/11) from ['node_8']
[ 2026-03-29 19:45:19 | node_44 | INFO ] 🧩 Model added for round 145 (7/9) from ['node_46']
[ 2026-03-29 19:45:19 | node_9 | INFO ] 🧩 Model added for round 145 (11/12) from ['node_23']
[ 2026-03-29 19:45:19 | node_41 | INFO ] 🧩 Model added for round 145 (9/9) from ['node_32']
[ 2026-03-29 19:45:19 | node_22 | INFO ] 🧩 Model added for round 145 (9/9) from ['node_21']
[ 2026-03-29 19:45:19 | node_48 | INFO ] 🧩 Model added for round 145 (9/11) from ['node_1']
[ 2026-03-29 19:45:19 | node_44 | INFO ] 🧩 Model added for round 145 (8/9) from ['node_34']
[ 2026-03-29 19:45:19 | node_19 | INFO ] 🧠 Aggregation complete. Setting new model.
[ 2026-03-29 19:45:19 | node_40 | INFO ] 🧠 Aggregation complete. Setting new model.
[ 2026-03-29 19:45:19 | node_22 | INFO ] 🧠 Aggregation complete. Setting new model.
[ 2026-03-29 19:45:20 | node_47 | INFO ] 📈 Evaluated. Results: {'test_loss': 0.004410807508975267, 'test_accuracy': 0.9914522171020508, 'test_precision': 0.24190206825733185, 'test_recall': 0.5219162702560425, 'test_f1': 0.3292396366596222, 'communication_cost': 8017988}
[ 2026-03-29 19:45:20 | node_47 | INFO ] 📢 Broadcasting metrics.
[ 2026-03-29 19:45:20 | node_19 | INFO ] 🗣️ Gossiping aggregated model.
[ 2026-03-29 19:45:20 | node_22 | INFO ] 🗣️ Gossiping aggregated model.
[ 2026-03-29 19:45:20 | node_40 | INFO ] 🗣️ Gossiping aggregated model.
[ 2026-03-29 19:45:21 | node_26 | INFO ] 🧩 Model added for round 145 (9/10) from ['node_41']
[ 2026-03-29 19:45:21 | node_49 | INFO ] 🧩 Model added for round 145 (7/9) from ['node_8']
[ 2026-03-29 19:45:21 | node_24 | INFO ] 🧩 Model added for round 145 (8/8) from ['node_21']
[ 2026-03-29 19:45:21 | node_46 | INFO ] 🧩 Model added for round 145 (6/7) from ['node_32']
[ 2026-03-29 19:45:21 | node_18 | INFO ] 🧩 Model added for round 145 (8/9) from ['node_23']
[ 2026-03-29 19:45:21 | node_42 | INFO ] 🧩 Model added for round 145 (7/9) from ['node_15']
[ 2026-03-29 19:45:22 | node_37 | INFO ] 🧩 Model added for round 145 (11/11) from ['node_21']
[ 2026-03-29 19:45:22 | node_26 | INFO ] 🧩 Model added for round 145 (10/10) from ['node_23']
[ 2026-03-29 19:45:22 | node_49 | INFO ] 🧩 Model added for round 145 (8/9) from ['node_32']
[ 2026-03-29 19:45:22 | node_31 | INFO ] 🧩 Model added for round 145 (8/8) from ['node_41']
[ 2026-03-29 19:45:23 | node_24 | INFO ] 🧠 Aggregation complete. Setting new model.
[ 2026-03-29 19:45:23 | node_34 | INFO ] 🧠 Aggregation complete. Setting new model.
[ 2026-03-29 19:45:23 | node_1 | INFO ] 🧠 Aggregation complete. Setting new model.
[ 2026-03-29 19:45:23 | node_37 | INFO ] 🧠 Aggregation complete. Setting new model.
[ 2026-03-29 19:45:23 | node_8 | INFO ] 🧠 Aggregation complete. Setting new model.
[ 2026-03-29 19:45:23 | node_37 | INFO ] 🗣️ Gossiping aggregated model.
[ 2026-03-29 19:45:24 | node_24 | INFO ] 🗣️ Gossiping aggregated model.
[ 2026-03-29 19:45:24 | node_44 | INFO ] 🧩 Model added for round 145 (9/9) from ['node_15']
[ 2026-03-29 19:45:24 | node_1 | INFO ] 🗣️ Gossiping aggregated model.
[ 2026-03-29 19:45:24 | node_8 | INFO ] 🗣️ Gossiping aggregated model.
[ 2026-03-29 19:45:24 | node_34 | INFO ] 🗣️ Gossiping aggregated model.
[ 2026-03-29 19:45:24 | node_47 | INFO ] 🎉 Round 145 of 150 finished.
[ 2026-03-29 19:45:24 | node_47 | INFO ] 🗳️ [DETERMINISTIC] Train set assigned (No Voting). Size: 50
[ 2026-03-29 19:45:24 | node_47 | INFO ] ♻️ Proactively processing 10 early models for round 145.
[ 2026-03-29 19:45:24 | node_47 | INFO ] 🧩 Model added for round 145 (1/12) from ['node_27']
[ 2026-03-29 19:45:24 | node_47 | INFO ] 🧩 Model added for round 145 (2/12) from ['node_3']
[ 2026-03-29 19:45:24 | node_47 | INFO ] 🧩 Model added for round 145 (3/12) from ['node_2']
[ 2026-03-29 19:45:24 | node_47 | INFO ] 🧩 Model added for round 145 (4/12) from ['node_18']
[ 2026-03-29 19:45:24 | node_47 | INFO ] 🧩 Model added for round 145 (5/12) from ['node_6']
[ 2026-03-29 19:45:24 | node_47 | INFO ] 🧩 Model added for round 145 (6/12) from ['node_39']
[ 2026-03-29 19:45:24 | node_47 | INFO ] 🧩 Model added for round 145 (7/12) from ['node_38']
[ 2026-03-29 19:45:24 | node_47 | INFO ] 🧩 Model added for round 145 (8/12) from ['node_48']
[ 2026-03-29 19:45:24 | node_47 | INFO ] 🧩 Model added for round 145 (9/12) from ['node_9']
[ 2026-03-29 19:45:24 | node_32 | INFO ] 🧩 Model added for round 145 (9/9) from ['node_41']
[ 2026-03-29 19:45:24 | node_47 | INFO ] 🧩 Model added for round 145 (10/12) from ['node_7']
[ 2026-03-29 19:45:25 | node_47 | INFO ] 🏋️‍♀️ Preparing training...
[ 2026-03-29 19:45:25 | node_38 | INFO ] 🧩 Model added for round 145 (10/11) from ['node_21']
[ 2026-03-29 19:45:25 | node_29 | INFO ] 🧩 Model added for round 145 (8/8) from ['node_23']
[ 2026-03-29 19:45:25 | node_31 | INFO ] 🧠 Aggregation complete. Setting new model.
[ 2026-03-29 19:45:25 | node_32 | INFO ] 🧠 Aggregation complete. Setting new model.
[ 2026-03-29 19:45:25 | node_26 | INFO ] 🧠 Aggregation complete. Setting new model.
[ 2026-03-29 19:45:25 | node_44 | INFO ] 🧠 Aggregation complete. Setting new model.
[ 2026-03-29 19:45:25 | node_15 | INFO ] 🧠 Aggregation complete. Setting new model.
[ 2026-03-29 19:45:25 | node_29 | INFO ] 🧠 Aggregation complete. Setting new model.
[ 2026-03-29 19:45:26 | node_31 | INFO ] 🗣️ Gossiping aggregated model.
[ 2026-03-29 19:45:26 | node_15 | INFO ] 🗣️ Gossiping aggregated model.
[ 2026-03-29 19:45:26 | node_29 | INFO ] 🗣️ Gossiping aggregated model.
[ 2026-03-29 19:45:26 | node_32 | INFO ] 🗣️ Gossiping aggregated model.
[ 2026-03-29 19:45:26 | node_26 | INFO ] 🗣️ Gossiping aggregated model.
[ 2026-03-29 19:45:27 | node_44 | INFO ] 🗣️ Gossiping aggregated model.
[ 2026-03-29 19:45:27 | node_33 | INFO ] 🧩 Model added for round 145 (9/9) from ['node_23']
[ 2026-03-29 19:45:27 | node_42 | INFO ] 🧩 Model added for round 145 (8/9) from ['node_41']
[ 2026-03-29 19:45:27 | node_47 | INFO ] 🧩 Model added for round 145 (11/12) from ['node_21']
[ 2026-03-29 19:45:27 | node_47 | INFO ] 🎓 Training step done.
[ 2026-03-29 19:45:27 | node_47 | INFO ] 🛠️ Calling force_add_local_model...
[ 2026-03-29 19:45:27 | node_47 | INFO ] ✅ [FORCE] Local model added for round 145. (12/12)
[ 2026-03-29 19:45:27 | node_33 | INFO ] 🧠 Aggregation complete. Setting new model.
[ 2026-03-29 19:45:28 | node_33 | INFO ] 🗣️ Gossiping aggregated model.
[ 2026-03-29 19:45:29 | node_35 | INFO ] 🧩 Model added for round 145 (11/11) from ['node_23']
[ 2026-03-29 19:45:29 | node_46 | INFO ] 🧩 Model added for round 145 (7/7) from ['node_41']
[ 2026-03-29 19:45:29 | node_49 | INFO ] 🧩 Model added for round 145 (9/9) from ['node_21']
[ 2026-03-29 19:45:31 | node_42 | INFO ] 🧩 Model added for round 145 (9/9) from ['node_23']
[ 2026-03-29 19:45:31 | node_41 | INFO ] 🧠 Aggregation complete. Setting new model.
[ 2026-03-29 19:45:31 | node_49 | INFO ] 🧠 Aggregation complete. Setting new model.
[ 2026-03-29 19:45:31 | node_46 | INFO ] 🧠 Aggregation complete. Setting new model.
[ 2026-03-29 19:45:31 | node_35 | INFO ] 🧠 Aggregation complete. Setting new model.
[ 2026-03-29 19:45:31 | node_42 | INFO ] 🧠 Aggregation complete. Setting new model.
[ 2026-03-29 19:45:32 | node_46 | INFO ] 🗣️ Gossiping aggregated model.
[ 2026-03-29 19:45:32 | node_49 | INFO ] 🗣️ Gossiping aggregated model.
[ 2026-03-29 19:45:32 | node_42 | INFO ] 🗣️ Gossiping aggregated model.
[ 2026-03-29 19:45:32 | node_41 | INFO ] 🗣️ Gossiping aggregated model.
[ 2026-03-29 19:45:32 | node_35 | INFO ] 🗣️ Gossiping aggregated model.
[ 2026-03-29 19:45:32 | node_47 | INFO ] 📤 Sending model to 11 direct neighbors: ['node_2', 'node_3', 'node_6', 'node_7', 'node_9', 'node_18', 'node_21', 'node_27', 'node_38', 'node_39', 'node_48']
[ 2026-03-29 19:45:33 | node_43 | INFO ] 🧩 Model added for round 145 (8/8) from ['node_23']
[ 2026-03-29 19:45:33 | node_12 | INFO ] ⏹️  Gossiping exited for 10 equal rounds.
[ 2026-03-29 19:45:33 | node_2 | INFO ] 🧩 Model added for round 145 (9/9) from ['node_47']
[ 2026-03-29 19:45:33 | node_12 | INFO ] 🔬 Evaluating...
[ 2026-03-29 19:45:34 | node_45 | INFO ] 🧩 Model added for round 145 (12/12) from ['node_23']
[ 2026-03-29 19:45:34 | node_12 | INFO ] 📈 Evaluated. Results: {'test_loss': 0.0029936758801341057, 'test_accuracy': 0.9915429353713989, 'test_precision': 0.20109255611896515, 'test_recall': 0.6416771411895752, 'test_f1': 0.2978378236293793, 'communication_cost': 3644540}
[ 2026-03-29 19:45:35 | node_3 | INFO ] 🧩 Model added for round 145 (6/6) from ['node_47']
[ 2026-03-29 19:45:35 | node_12 | INFO ] 📢 Broadcasting metrics.
[ 2026-03-29 19:45:35 | node_43 | INFO ] 🧠 Aggregation complete. Setting new model.
[ 2026-03-29 19:45:35 | node_2 | INFO ] 🧠 Aggregation complete. Setting new model.
[ 2026-03-29 19:45:35 | node_45 | INFO ] 🧠 Aggregation complete. Setting new model.
[ 2026-03-29 19:45:35 | node_3 | INFO ] 🧠 Aggregation complete. Setting new model.
[ 2026-03-29 19:45:36 | node_3 | INFO ] 🗣️ Gossiping aggregated model.
[ 2026-03-29 19:45:36 | node_43 | INFO ] 🗣️ Gossiping aggregated model.
[ 2026-03-29 19:45:36 | node_2 | INFO ] 🗣️ Gossiping aggregated model.
[ 2026-03-29 19:45:36 | node_45 | INFO ] 🗣️ Gossiping aggregated model.
[ 2026-03-29 19:45:36 | node_6 | INFO ] 🧩 Model added for round 145 (7/7) from ['node_47']
[ 2026-03-29 19:45:37 | node_48 | INFO ] 🧩 Model added for round 145 (10/11) from ['node_23']
[ 2026-03-29 19:45:37 | node_12 | INFO ] 🎉 Round 146 of 150 finished.
[ 2026-03-29 19:45:37 | node_12 | INFO ] 🗳️ [DETERMINISTIC] Train set assigned (No Voting). Size: 50
[ 2026-03-29 19:45:37 | node_12 | INFO ] 🏋️‍♀️ Preparing training...
[ 2026-03-29 19:45:38 | node_7 | INFO ] 🧩 Model added for round 145 (14/14) from ['node_47']
[ 2026-03-29 19:45:39 | node_36 | INFO ] ⏹️  Gossiping exited for 10 equal rounds.
[ 2026-03-29 19:45:39 | node_36 | INFO ] 🔬 Evaluating...
[ 2026-03-29 19:45:39 | node_6 | INFO ] 🧠 Aggregation complete. Setting new model.
[ 2026-03-29 19:45:39 | node_7 | INFO ] 🧠 Aggregation complete. Setting new model.
[ 2026-03-29 19:45:39 | node_23 | INFO ] 🧠 Aggregation complete. Setting new model.
[ 2026-03-29 19:45:39 | node_14 | INFO ] 🤫 Gossip finished.
[ 2026-03-29 19:45:40 | node_12 | INFO ] 🎓 Training step done.
[ 2026-03-29 19:45:40 | node_9 | INFO ] 🧩 Model added for round 145 (12/12) from ['node_47']
[ 2026-03-29 19:45:40 | node_12 | INFO ] 🛠️ Calling force_add_local_model...
[ 2026-03-29 19:45:40 | node_14 | INFO ] 🔬 Evaluating...
[ 2026-03-29 19:45:40 | node_12 | INFO ] ✅ [FORCE] Local model added for round 146. (1/6)
[ 2026-03-29 19:45:40 | node_36 | INFO ] 📈 Evaluated. Results: {'test_loss': 0.0033492124639451504, 'test_accuracy': 0.9921720623970032, 'test_precision': 0.3108380436897278, 'test_recall': 0.6442775130271912, 'test_f1': 0.4094496965408325, 'communication_cost': 5102356}
[ 2026-03-29 19:45:40 | node_6 | INFO ] 🗣️ Gossiping aggregated model.
[ 2026-03-29 19:45:40 | node_36 | INFO ] 📢 Broadcasting metrics.
[ 2026-03-29 19:45:40 | node_5 | INFO ] 🤫 Gossip finished.
[ 2026-03-29 19:45:40 | node_5 | INFO ] 🔬 Evaluating...
[ 2026-03-29 19:45:40 | node_9 | INFO ] 🧠 Aggregation complete. Setting new model.
[ 2026-03-29 19:45:40 | node_7 | INFO ] 🗣️ Gossiping aggregated model.
[ 2026-03-29 19:45:40 | node_23 | INFO ] 🗣️ Gossiping aggregated model.
[ 2026-03-29 19:45:41 | node_14 | INFO ] 📈 Evaluated. Results: {'test_loss': 0.003345235250890255, 'test_accuracy': 0.9924426674842834, 'test_precision': 0.33897462487220764, 'test_recall': 0.7036357522010803, 'test_f1': 0.4314063489437103, 'communication_cost': 4373448}
[ 2026-03-29 19:45:41 | node_26 | INFO ] 🤫 Gossip finished.
[ 2026-03-29 19:45:41 | node_26 | INFO ] 🔬 Evaluating...
[ 2026-03-29 19:45:41 | node_14 | INFO ] 📢 Broadcasting metrics.
[ 2026-03-29 19:45:41 | node_5 | INFO ] 📈 Evaluated. Results: {'test_loss': 0.002576779341325164, 'test_accuracy': 0.9933423399925232, 'test_precision': 0.34586337208747864, 'test_recall': 0.7815625071525574, 'test_f1': 0.46988919377326965, 'communication_cost': 2915632}
[ 2026-03-29 19:45:41 | node_13 | INFO ] ⏹️  Gossiping exited for 10 equal rounds.
[ 2026-03-29 19:45:41 | node_13 | INFO ] 🔬 Evaluating...
[ 2026-03-29 19:45:41 | node_5 | INFO ] 📢 Broadcasting metrics.
[ 2026-03-29 19:45:41 | node_10 | INFO ] ⏹️  Gossiping exited for 10 equal rounds.
[ 2026-03-29 19:45:41 | node_9 | INFO ] 🗣️ Gossiping aggregated model.
[ 2026-03-29 19:45:42 | node_28 | INFO ] ⏹️  Gossiping exited for 10 equal rounds.
[ 2026-03-29 19:45:42 | node_10 | INFO ] 🔬 Evaluating...
[ 2026-03-29 19:45:42 | node_18 | INFO ] 🧩 Model added for round 145 (9/9) from ['node_47']
[ 2026-03-29 19:45:42 | node_28 | INFO ] 🔬 Evaluating...
[ 2026-03-29 19:45:42 | node_26 | INFO ] 📈 Evaluated. Results: {'test_loss': 0.0032781423069536686, 'test_accuracy': 0.9937016367912292, 'test_precision': 0.363272100687027, 'test_recall': 0.7068398594856262, 'test_f1': 0.469006210565567, 'communication_cost': 6560172}
[ 2026-03-29 19:45:42 | node_26 | INFO ] 📢 Broadcasting metrics.
[ 2026-03-29 19:45:43 | node_36 | INFO ] 🎉 Round 146 of 150 finished.
[ 2026-03-29 19:45:43 | node_36 | INFO ] 🗳️ [DETERMINISTIC] Train set assigned (No Voting). Size: 50
[ 2026-03-29 19:45:43 | node_5 | INFO ] 🎉 Round 146 of 150 finished.
[ 2026-03-29 19:45:43 | node_36 | INFO ] 🏋️‍♀️ Preparing training...
[ 2026-03-29 19:45:43 | node_5 | INFO ] 🗳️ [DETERMINISTIC] Train set assigned (No Voting). Size: 50
[ 2026-03-29 19:45:43 | node_10 | INFO ] 📈 Evaluated. Results: {'test_loss': 0.003895954228937626, 'test_accuracy': 0.99073326587677, 'test_precision': 0.20977558195590973, 'test_recall': 0.5830732583999634, 'test_f1': 0.3047233819961548, 'communication_cost': 5102356}
[ 2026-03-29 19:45:43 | node_5 | INFO ] 🏋️‍♀️ Preparing training...
[ 2026-03-29 19:45:43 | node_14 | INFO ] 🎉 Round 146 of 150 finished.
[ 2026-03-29 19:45:43 | node_14 | INFO ] 🗳️ [DETERMINISTIC] Train set assigned (No Voting). Size: 50
[ 2026-03-29 19:45:43 | node_28 | INFO ] 📈 Evaluated. Results: {'test_loss': 0.004569084849208593, 'test_accuracy': 0.9892928004264832, 'test_precision': 0.16413341462612152, 'test_recall': 0.5378990173339844, 'test_f1': 0.2463294267654419, 'communication_cost': 4373448}
[ 2026-03-29 19:45:43 | node_14 | INFO ] 🏋️‍♀️ Preparing training...
[ 2026-03-29 19:45:43 | node_10 | INFO ] 📢 Broadcasting metrics.
[ 2026-03-29 19:45:44 | node_21 | INFO ] 🧩 Model added for round 145 (11/11) from ['node_47']
[ 2026-03-29 19:45:44 | node_28 | INFO ] 📢 Broadcasting metrics.
[ 2026-03-29 19:45:44 | node_18 | INFO ] 🧠 Aggregation complete. Setting new model.
[ 2026-03-29 19:45:44 | node_21 | INFO ] 🧠 Aggregation complete. Setting new model.
[ 2026-03-29 19:45:45 | node_12 | INFO ] 📤 Sending model to 5 direct neighbors: ['node_1', 'node_4', 'node_26', 'node_36', 'node_38']
[ 2026-03-29 19:45:45 | node_13 | INFO ] 📈 Evaluated. Results: {'test_loss': 0.004947559908032417, 'test_accuracy': 0.9903733730316162, 'test_precision': 0.2375282496213913, 'test_recall': 0.594760000705719, 'test_f1': 0.3316585123538971, 'communication_cost': 3644540}
[ 2026-03-29 19:45:45 | node_18 | INFO ] 🗣️ Gossiping aggregated model.
[ 2026-03-29 19:45:45 | node_13 | INFO ] 📢 Broadcasting metrics.
[ 2026-03-29 19:45:45 | node_27 | INFO ] 🧩 Model added for round 145 (5/5) from ['node_47']
[ 2026-03-29 19:45:45 | node_36 | INFO ] 🎓 Training step done.
[ 2026-03-29 19:45:46 | node_17 | INFO ] ⏹️  Gossiping exited for 10 equal rounds.
[ 2026-03-29 19:45:46 | node_36 | INFO ] 🛠️ Calling force_add_local_model...
[ 2026-03-29 19:45:46 | node_36 | INFO ] ✅ [FORCE] Local model added for round 146. (1/8)
[ 2026-03-29 19:45:46 | node_5 | INFO ] 🎓 Training step done.
[ 2026-03-29 19:45:46 | node_5 | INFO ] 🛠️ Calling force_add_local_model...
[ 2026-03-29 19:45:46 | node_17 | INFO ] 🔬 Evaluating...
[ 2026-03-29 19:45:46 | node_5 | INFO ] ✅ [FORCE] Local model added for round 146. (1/5)
[ 2026-03-29 19:45:46 | node_27 | INFO ] 🧠 Aggregation complete. Setting new model.
[ 2026-03-29 19:45:46 | node_21 | INFO ] 🗣️ Gossiping aggregated model.
[ 2026-03-29 19:45:46 | node_10 | INFO ] 🎉 Round 146 of 150 finished.
[ 2026-03-29 19:45:46 | node_24 | INFO ] 🤫 Gossip finished.
[ 2026-03-29 19:45:46 | node_10 | INFO ] 🗳️ [DETERMINISTIC] Train set assigned (No Voting). Size: 50
[ 2026-03-29 19:45:46 | node_14 | INFO ] 🎓 Training step done.
[ 2026-03-29 19:45:46 | node_24 | INFO ] 🔬 Evaluating...
[ 2026-03-29 19:45:46 | node_14 | INFO ] 🛠️ Calling force_add_local_model...
[ 2026-03-29 19:45:46 | node_10 | INFO ] 🏋️‍♀️ Preparing training...
[ 2026-03-29 19:45:46 | node_14 | INFO ] ✅ [FORCE] Local model added for round 146. (1/7)
[ 2026-03-29 19:45:46 | node_38 | INFO ] 🧩 Model added for round 145 (11/11) from ['node_47']
[ 2026-03-29 19:45:46 | node_27 | INFO ] 🗣️ Gossiping aggregated model.
[ 2026-03-29 19:45:47 | node_26 | INFO ] 🎉 Round 146 of 150 finished.
[ 2026-03-29 19:45:47 | node_36 | INFO ] 🧩 Model added for round 146 (2/8) from ['node_12']
[ 2026-03-29 19:45:47 | node_17 | INFO ] 📈 Evaluated. Results: {'test_loss': 0.0038975488860160112, 'test_accuracy': 0.9906432628631592, 'test_precision': 0.24910902976989746, 'test_recall': 0.6720690727233887, 'test_f1': 0.3578333854675293, 'communication_cost': 3644540}
[ 2026-03-29 19:45:47 | node_26 | INFO ] 🗳️ [DETERMINISTIC] Train set assigned (No Voting). Size: 50
[ 2026-03-29 19:45:47 | node_28 | INFO ] 🎉 Round 146 of 150 finished.
[ 2026-03-29 19:45:47 | node_17 | INFO ] 📢 Broadcasting metrics.
[ 2026-03-29 19:45:47 | node_28 | INFO ] 🗳️ [DETERMINISTIC] Train set assigned (No Voting). Size: 50
[ 2026-03-29 19:45:47 | node_26 | INFO ] ♻️ Proactively processing 1 early models for round 146.
[ 2026-03-29 19:45:47 | node_26 | INFO ] 🧩 Model added for round 146 (1/10) from ['node_12']
[ 2026-03-29 19:45:47 | node_38 | INFO ] 🧠 Aggregation complete. Setting new model.
[ 2026-03-29 19:45:47 | node_16 | INFO ] ⏹️  Gossiping exited for 10 equal rounds.
[ 2026-03-29 19:45:47 | node_26 | INFO ] 🏋️‍♀️ Preparing training...
[ 2026-03-29 19:45:47 | node_28 | INFO ] 🏋️‍♀️ Preparing training...
[ 2026-03-29 19:45:47 | node_16 | INFO ] 🔬 Evaluating...
[ 2026-03-29 19:45:47 | node_24 | INFO ] 📈 Evaluated. Results: {'test_loss': 0.004644830711185932, 'test_accuracy': 0.991182267665863, 'test_precision': 0.2024882733821869, 'test_recall': 0.5288568139076233, 'test_f1': 0.2915402948856354, 'communication_cost': 5102356}
[ 2026-03-29 19:45:48 | node_40 | INFO ] ⏹️  Gossiping exited for 10 equal rounds.
[ 2026-03-29 19:45:48 | node_40 | INFO ] 🔬 Evaluating...
[ 2026-03-29 19:45:48 | node_24 | INFO ] 📢 Broadcasting metrics.
[ 2026-03-29 19:45:48 | node_13 | INFO ] 🎉 Round 146 of 150 finished.
[ 2026-03-29 19:45:48 | node_13 | INFO ] 🗳️ [DETERMINISTIC] Train set assigned (No Voting). Size: 50
[ 2026-03-29 19:45:48 | node_13 | INFO ] 🏋️‍♀️ Preparing training...
[ 2026-03-29 19:45:48 | node_38 | INFO ] 🗣️ Gossiping aggregated model.
[ 2026-03-29 19:45:48 | node_10 | INFO ] 🎓 Training step done.
[ 2026-03-29 19:45:49 | node_10 | INFO ] 🛠️ Calling force_add_local_model...
[ 2026-03-29 19:45:49 | node_39 | INFO ] 🧩 Model added for round 145 (10/10) from ['node_47']
[ 2026-03-29 19:45:49 | node_10 | INFO ] ✅ [FORCE] Local model added for round 146. (1/8)
[ 2026-03-29 19:45:49 | node_16 | INFO ] 📈 Evaluated. Results: {'test_loss': 0.00557439960539341, 'test_accuracy': 0.99073326587677, 'test_precision': 0.3009363114833832, 'test_recall': 0.5571931600570679, 'test_f1': 0.3836355209350586, 'communication_cost': 5102356}
[ 2026-03-29 19:45:49 | node_39 | INFO ] 🧠 Aggregation complete. Setting new model.
[ 2026-03-29 19:45:49 | node_16 | INFO ] 📢 Broadcasting metrics.
[ 2026-03-29 19:45:49 | node_17 | INFO ] 🎉 Round 146 of 150 finished.
[ 2026-03-29 19:45:49 | node_17 | INFO ] 🗳️ [DETERMINISTIC] Train set assigned (No Voting). Size: 50
[ 2026-03-29 19:45:49 | node_29 | INFO ] 🤫 Gossip finished.
[ 2026-03-29 19:45:49 | node_29 | INFO ] 🔬 Evaluating...
[ 2026-03-29 19:45:49 | node_17 | INFO ] 🏋️‍♀️ Preparing training...
[ 2026-03-29 19:45:49 | node_40 | INFO ] 📈 Evaluated. Results: {'test_loss': 0.004250053316354752, 'test_accuracy': 0.9898326396942139, 'test_precision': 0.21458075940608978, 'test_recall': 0.5974566340446472, 'test_f1': 0.3106769025325775, 'communication_cost': 7289080}
[ 2026-03-29 19:45:50 | node_40 | INFO ] 📢 Broadcasting metrics.
[ 2026-03-29 19:45:50 | node_39 | INFO ] 🗣️ Gossiping aggregated model.
[ 2026-03-29 19:45:50 | node_30 | INFO ] 🤫 Gossip finished.
[ 2026-03-29 19:45:50 | node_28 | INFO ] 🎓 Training step done.
[ 2026-03-29 19:45:50 | node_48 | INFO ] 🧩 Model added for round 145 (11/11) from ['node_47']
[ 2026-03-29 19:45:50 | node_26 | INFO ] 🎓 Training step done.
[ 2026-03-29 19:45:50 | node_28 | INFO ] 🛠️ Calling force_add_local_model...
[ 2026-03-29 19:45:50 | node_30 | INFO ] 🔬 Evaluating...
[ 2026-03-29 19:45:50 | node_26 | INFO ] 🛠️ Calling force_add_local_model...
[ 2026-03-29 19:45:50 | node_28 | INFO ] ✅ [FORCE] Local model added for round 146. (1/7)
[ 2026-03-29 19:45:50 | node_26 | INFO ] ✅ [FORCE] Local model added for round 146. (2/10)
[ 2026-03-29 19:45:51 | node_13 | INFO ] 🎓 Training step done.
[ 2026-03-29 19:45:51 | node_13 | INFO ] 🛠️ Calling force_add_local_model...
[ 2026-03-29 19:45:51 | node_13 | INFO ] ✅ [FORCE] Local model added for round 146. (1/6)
[ 2026-03-29 19:45:51 | node_36 | INFO ] 📤 Sending model to 7 direct neighbors: ['node_5', 'node_9', 'node_12', 'node_20', 'node_24', 'node_39', 'node_48']
[ 2026-03-29 19:45:51 | node_1 | INFO ] ⏹️  Gossiping exited for 10 equal rounds.
[ 2026-03-29 19:45:51 | node_48 | INFO ] 🧠 Aggregation complete. Setting new model.
[ 2026-03-29 19:45:51 | node_1 | INFO ] 🔬 Evaluating...
[ 2026-03-29 19:45:51 | node_32 | INFO ] 🤫 Gossip finished.
[ 2026-03-29 19:45:51 | node_29 | INFO ] 📈 Evaluated. Results: {'test_loss': 0.004737127106636763, 'test_accuracy': 0.9904624819755554, 'test_precision': 0.19688546657562256, 'test_recall': 0.47919201850891113, 'test_f1': 0.2775087356567383, 'communication_cost': 5102356}
[ 2026-03-29 19:45:51 | node_24 | INFO ] 🎉 Round 146 of 150 finished.
[ 2026-03-29 19:45:51 | node_33 | INFO ] 🤫 Gossip finished.
[ 2026-03-29 19:45:51 | node_5 | INFO ] 📤 Sending model to 4 direct neighbors: ['node_23', 'node_28', 'node_36', 'node_45']
[ 2026-03-29 19:45:51 | node_33 | INFO ] 🔬 Evaluating...
[ 2026-03-29 19:45:51 | node_32 | INFO ] 🔬 Evaluating...
[ 2026-03-29 19:45:51 | node_24 | INFO ] 🗳️ [DETERMINISTIC] Train set assigned (No Voting). Size: 50
[ 2026-03-29 19:45:51 | node_8 | INFO ] 🤫 Gossip finished.
[ 2026-03-29 19:45:51 | node_29 | INFO ] 📢 Broadcasting metrics.
[ 2026-03-29 19:45:51 | node_8 | INFO ] 🔬 Evaluating...
[ 2026-03-29 19:45:51 | node_24 | INFO ] 🏋️‍♀️ Preparing training...
[ 2026-03-29 19:45:51 | node_30 | INFO ] 📈 Evaluated. Results: {'test_loss': 0.005594500340521336, 'test_accuracy': 0.9903724789619446, 'test_precision': 0.2344740778207779, 'test_recall': 0.5151923894882202, 'test_f1': 0.309652715921402, 'communication_cost': 6560172}
[ 2026-03-29 19:45:51 | node_14 | INFO ] 📤 Sending model to 6 direct neighbors: ['node', 'node_7', 'node_8', 'node_10', 'node_40', 'node_43']
[ 2026-03-29 19:45:52 | node_30 | INFO ] 📢 Broadcasting metrics.
[ 2026-03-29 19:45:52 | node_48 | INFO ] 🗣️ Gossiping aggregated model.
[ 2026-03-29 19:45:52 | node_16 | INFO ] 🎉 Round 146 of 150 finished.
[ 2026-03-29 19:45:52 | node_5 | INFO ] 🧩 Model added for round 146 (2/5) from ['node_36']
[ 2026-03-29 19:45:52 | node_17 | INFO ] 🎓 Training step done.
[ 2026-03-29 19:45:52 | node_16 | INFO ] 🗳️ [DETERMINISTIC] Train set assigned (No Voting). Size: 50
[ 2026-03-29 19:45:52 | node_17 | INFO ] 🛠️ Calling force_add_local_model...
[ 2026-03-29 19:45:52 | node_17 | INFO ] ✅ [FORCE] Local model added for round 146. (1/6)
[ 2026-03-29 19:45:52 | node_44 | INFO ] ⏹️  Gossiping exited for 10 equal rounds.
[ 2026-03-29 19:45:52 | node_16 | INFO ] 🏋️‍♀️ Preparing training...
[ 2026-03-29 19:45:52 | node_47 | INFO ] 🧠 Aggregation complete. Setting new model.
[ 2026-03-29 19:45:52 | node_28 | INFO ] 🧩 Model added for round 146 (2/7) from ['node_5']
[ 2026-03-29 19:45:52 | node_31 | INFO ] ⏹️  Gossiping exited for 10 equal rounds.
[ 2026-03-29 19:45:52 | node_31 | INFO ] 🔬 Evaluating...
[ 2026-03-29 19:45:52 | node_44 | INFO ] 🔬 Evaluating...
[ 2026-03-29 19:45:53 | node_1 | INFO ] 📈 Evaluated. Results: {'test_loss': 0.005225649103522301, 'test_accuracy': 0.9918128848075867, 'test_precision': 0.2588351368904114, 'test_recall': 0.5304826498031616, 'test_f1': 0.3381520211696625, 'communication_cost': 5831264}
[ 2026-03-29 19:45:53 | node_33 | INFO ] 📈 Evaluated. Results: {'test_loss': 0.0049120462499558926, 'test_accuracy': 0.9932517409324646, 'test_precision': 0.3222568929195404, 'test_recall': 0.5554905533790588, 'test_f1': 0.39983296394348145, 'communication_cost': 5831264}
[ 2026-03-29 19:45:53 | node_32 | INFO ] 📈 Evaluated. Results: {'test_loss': 0.0034338871482759714, 'test_accuracy': 0.9923520088195801, 'test_precision': 0.28584742546081543, 'test_recall': 0.5836139917373657, 'test_f1': 0.3720879852771759, 'communication_cost': 5831264}
[ 2026-03-29 19:45:53 | node_8 | INFO ] 📈 Evaluated. Results: {'test_loss': 0.004730748478323221, 'test_accuracy': 0.991003155708313, 'test_precision': 0.308865487575531, 'test_recall': 0.7274188995361328, 'test_f1': 0.418226957321167, 'communication_cost': 8017988}
[ 2026-03-29 19:45:53 | node_3 | INFO ] 🤫 Gossip finished.
[ 2026-03-29 19:45:53 | node_3 | INFO ] 🔬 Evaluating...
[ 2026-03-29 19:45:53 | node_1 | INFO ] 📢 Broadcasting metrics.
[ 2026-03-29 19:45:53 | node_27 | INFO ] 🤫 Gossip finished.
[ 2026-03-29 19:45:53 | node_27 | INFO ] 🔬 Evaluating...
[ 2026-03-29 19:45:53 | node_33 | INFO ] 📢 Broadcasting metrics.
[ 2026-03-29 19:45:53 | node_47 | INFO ] 🗣️ Gossiping aggregated model.
[ 2026-03-29 19:45:53 | node_48 | INFO ] 🤫 Gossip finished.
[ 2026-03-29 19:45:53 | node_29 | INFO ] 🎉 Round 146 of 150 finished.
[ 2026-03-29 19:45:53 | node_29 | INFO ] 🗳️ [DETERMINISTIC] Train set assigned (No Voting). Size: 50
[ 2026-03-29 19:45:53 | node_15 | INFO ] ⏹️  Gossiping exited for 10 equal rounds.
[ 2026-03-29 19:45:53 | node_48 | INFO ] 🔬 Evaluating...
[ 2026-03-29 19:45:54 | node_31 | INFO ] 📈 Evaluated. Results: {'test_loss': 0.004130332265049219, 'test_accuracy': 0.9917221665382385, 'test_precision': 0.28185003995895386, 'test_recall': 0.6633642911911011, 'test_f1': 0.39130377769470215, 'communication_cost': 5102356}
[ 2026-03-29 19:45:54 | node_29 | INFO ] 🏋️‍♀️ Preparing training...
[ 2026-03-29 19:45:54 | node_32 | INFO ] 📢 Broadcasting metrics.
[ 2026-03-29 19:45:54 | node_15 | INFO ] 🔬 Evaluating...
[ 2026-03-29 19:45:54 | node_10 | INFO ] 📤 Sending model to 7 direct neighbors: ['node', 'node_2', 'node_14', 'node_20', 'node_31', 'node_34', 'node_35']
[ 2026-03-29 19:45:54 | node_44 | INFO ] 📈 Evaluated. Results: {'test_loss': 0.0037059644237160683, 'test_accuracy': 0.9904624819755554, 'test_precision': 0.20758239924907684, 'test_recall': 0.5860876441001892, 'test_f1': 0.2990812361240387, 'communication_cost': 5831264}
[ 2026-03-29 19:45:54 | node_8 | INFO ] 📢 Broadcasting metrics.
[ 2026-03-29 19:45:54 | node_36 | INFO ] 🧩 Model added for round 146 (3/8) from ['node_5']
[ 2026-03-29 19:45:54 | node_31 | INFO ] 📢 Broadcasting metrics.
[ 2026-03-29 19:45:54 | node_24 | INFO ] 🎓 Training step done.
[ 2026-03-29 19:45:54 | node_44 | INFO ] 📢 Broadcasting metrics.
[ 2026-03-29 19:45:54 | node_10 | INFO ] 🧩 Model added for round 146 (2/8) from ['node_14']
[ 2026-03-29 19:45:54 | node_12 | INFO ] 🧩 Model added for round 146 (2/6) from ['node_36']
[ 2026-03-29 19:45:54 | node_24 | INFO ] 🛠️ Calling force_add_local_model...
[ 2026-03-29 19:45:54 | node_6 | INFO ] 🤫 Gossip finished.
[ 2026-03-29 19:45:54 | node_24 | INFO ] ✅ [FORCE] Local model added for round 146. (1/8)
[ 2026-03-29 19:45:54 | node_6 | INFO ] 🔬 Evaluating...
[ 2026-03-29 19:45:54 | node_3 | INFO ] 📈 Evaluated. Results: {'test_loss': 0.0028853004332631826, 'test_accuracy': 0.9911831021308899, 'test_precision': 0.21605323255062103, 'test_recall': 0.7378017902374268, 'test_f1': 0.3300158679485321, 'communication_cost': 3644540}
[ 2026-03-29 19:45:55 | node_3 | INFO ] 📢 Broadcasting metrics.
[ 2026-03-29 19:45:55 | node_27 | INFO ] 📈 Evaluated. Results: {'test_loss': 0.0032386567909270525, 'test_accuracy': 0.9895626902580261, 'test_precision': 0.19316911697387695, 'test_recall': 0.6579475402832031, 'test_f1': 0.2956147789955139, 'communication_cost': 2915632}
[ 2026-03-29 19:45:55 | node_18 | INFO ] 🤫 Gossip finished.
[ 2026-03-29 19:45:55 | node_27 | INFO ] 📢 Broadcasting metrics.
[ 2026-03-29 19:45:55 | node_40 | INFO ] 🎉 Round 146 of 150 finished.
[ 2026-03-29 19:45:55 | node_18 | INFO ] 🔬 Evaluating...
[ 2026-03-29 19:45:55 | node_48 | INFO ] 📈 Evaluated. Results: {'test_loss': 0.002701761666685343, 'test_accuracy': 0.992621898651123, 'test_precision': 0.3361271619796753, 'test_recall': 0.733348548412323, 'test_f1': 0.44192031025886536, 'communication_cost': 7289080}
[ 2026-03-29 19:45:55 | node_40 | INFO ] 🗳️ [DETERMINISTIC] Train set assigned (No Voting). Size: 50
[ 2026-03-29 19:45:55 | node_48 | INFO ] 📢 Broadcasting metrics.
[ 2026-03-29 19:45:55 | node_14 | INFO ] 🧩 Model added for round 146 (2/7) from ['node_10']
[ 2026-03-29 19:45:55 | node_16 | INFO ] 🎓 Training step done.
[ 2026-03-29 19:45:55 | node_15 | INFO ] 📈 Evaluated. Results: {'test_loss': 0.0036373448092490435, 'test_accuracy': 0.9891138076782227, 'test_precision': 0.2542620301246643, 'test_recall': 0.7298782467842102, 'test_f1': 0.3657548725605011, 'communication_cost': 5831264}
[ 2026-03-29 19:45:55 | node_16 | INFO ] 🛠️ Calling force_add_local_model...
[ 2026-03-29 19:45:55 | node_40 | INFO ] 🏋️‍♀️ Preparing training...
[ 2026-03-29 19:45:55 | node_15 | INFO ] 📢 Broadcasting metrics.
[ 2026-03-29 19:45:55 | node_16 | INFO ] ✅ [FORCE] Local model added for round 146. (1/8)
[ 2026-03-29 19:45:55 | node_28 | INFO ] 📤 Sending model to 6 direct neighbors: ['node_4', 'node_5', 'node_16', 'node_33', 'node_34', 'node_37']
[ 2026-03-29 19:45:55 | node_26 | INFO ] 📤 Sending model to 9 direct neighbors: ['node', 'node_1', 'node_12', 'node_13', 'node_17', 'node_23', 'node_34', 'node_41', 'node_44']
[ 2026-03-29 19:45:55 | node_6 | INFO ] 📈 Evaluated. Results: {'test_loss': 0.004293170291930437, 'test_accuracy': 0.991003155708313, 'test_precision': 0.22592146694660187, 'test_recall': 0.50772625207901, 'test_f1': 0.30779796838760376, 'communication_cost': 4373448}
[ 2026-03-29 19:45:56 | node_6 | INFO ] 📢 Broadcasting metrics.
[ 2026-03-29 19:45:56 | node_40 | INFO ] 🧩 Model added for round 146 (1/11) from ['node_14']
[ 2026-03-29 19:45:56 | node_24 | INFO ] 🧩 Model added for round 146 (2/8) from ['node_36']
[ 2026-03-29 19:45:56 | node_13 | INFO ] 📤 Sending model to 5 direct neighbors: ['node_25', 'node_26', 'node_32', 'node_39', 'node_46']
[ 2026-03-29 19:45:56 | node_30 | INFO ] 🎉 Round 146 of 150 finished.
[ 2026-03-29 19:45:56 | node_18 | INFO ] 📈 Evaluated. Results: {'test_loss': 0.0023289883974939585, 'test_accuracy': 0.9919028282165527, 'test_precision': 0.2180490344762802, 'test_recall': 0.7582502365112305, 'test_f1': 0.3296087086200714, 'communication_cost': 5831264}
[ 2026-03-29 19:45:56 | node_30 | INFO ] 🗳️ [DETERMINISTIC] Train set assigned (No Voting). Size: 50
[ 2026-03-29 19:45:56 | node_18 | INFO ] 📢 Broadcasting metrics.
[ 2026-03-29 19:45:56 | node_49 | INFO ] ⏹️  Gossiping exited for 10 equal rounds.
[ 2026-03-29 19:45:56 | node_29 | INFO ] 🎓 Training step done.
[ 2026-03-29 19:45:56 | node_5 | INFO ] 🧩 Model added for round 146 (3/5) from ['node_28']
[ 2026-03-29 19:45:56 | node_29 | INFO ] 🛠️ Calling force_add_local_model...
[ 2026-03-29 19:45:56 | node_30 | INFO ] 🏋️‍♀️ Preparing training...
[ 2026-03-29 19:45:56 | node_29 | INFO ] ✅ [FORCE] Local model added for round 146. (1/8)
[ 2026-03-29 19:45:56 | node_49 | INFO ] 🔬 Evaluating...
[ 2026-03-29 19:45:57 | node_12 | INFO ] 🧩 Model added for round 146 (3/6) from ['node_26']
[ 2026-03-29 19:45:57 | node_26 | INFO ] 🧩 Model added for round 146 (3/10) from ['node_13']
[ 2026-03-29 19:45:57 | node_27 | INFO ] 🎉 Round 146 of 150 finished.
[ 2026-03-29 19:45:57 | node_17 | INFO ] 📤 Sending model to 5 direct neighbors: ['node_1', 'node_26', 'node_31', 'node_38', 'node_41']
[ 2026-03-29 19:45:57 | node_25 | INFO ] ⏹️  Gossiping exited for 10 equal rounds.
[ 2026-03-29 19:45:57 | node_16 | INFO ] 🧩 Model added for round 146 (2/8) from ['node_28']
[ 2026-03-29 19:45:57 | node_40 | INFO ] 🎓 Training step done.
[ 2026-03-29 19:45:57 | node_27 | INFO ] 🗳️ [DETERMINISTIC] Train set assigned (No Voting). Size: 50
[ 2026-03-29 19:45:57 | node_1 | INFO ] 🎉 Round 146 of 150 finished.
[ 2026-03-29 19:45:57 | node_49 | INFO ] 📈 Evaluated. Results: {'test_loss': 0.004468521568924189, 'test_accuracy': 0.9917221665382385, 'test_precision': 0.26105213165283203, 'test_recall': 0.5589587092399597, 'test_f1': 0.34999895095825195, 'communication_cost': 5831264}
[ 2026-03-29 19:45:57 | node_40 | INFO ] 🛠️ Calling force_add_local_model...
[ 2026-03-29 19:45:57 | node_40 | INFO ] ✅ [FORCE] Local model added for round 146. (2/11)
[ 2026-03-29 19:45:57 | node_1 | INFO ] 🗳️ [DETERMINISTIC] Train set assigned (No Voting). Size: 50
[ 2026-03-29 19:45:57 | node_49 | INFO ] 📢 Broadcasting metrics.
[ 2026-03-29 19:45:57 | node_25 | INFO ] 🔬 Evaluating...
[ 2026-03-29 19:45:57 | node_3 | INFO ] 🎉 Round 146 of 150 finished.
[ 2026-03-29 19:45:57 | node_27 | INFO ] 🏋️‍♀️ Preparing training...
[ 2026-03-29 19:45:58 | node_3 | INFO ] 🗳️ [DETERMINISTIC] Train set assigned (No Voting). Size: 50
[ 2026-03-29 19:45:58 | node_1 | INFO ] ♻️ Proactively processing 3 early models for round 146.
[ 2026-03-29 19:45:58 | node_33 | INFO ] 🎉 Round 146 of 150 finished.
[ 2026-03-29 19:45:58 | node | INFO ] ⏹️  Gossiping exited for 10 equal rounds.
[ 2026-03-29 19:45:58 | node_13 | INFO ] 🧩 Model added for round 146 (2/6) from ['node_26']
[ 2026-03-29 19:45:58 | node_1 | INFO ] 🧩 Model added for round 146 (1/9) from ['node_12']
[ 2026-03-29 19:45:58 | node_33 | INFO ] 🗳️ [DETERMINISTIC] Train set assigned (No Voting). Size: 50
[ 2026-03-29 19:45:58 | node_1 | INFO ] 🧩 Model added for round 146 (2/9) from ['node_26']
[ 2026-03-29 19:45:58 | node_1 | INFO ] 🧩 Model added for round 146 (3/9) from ['node_17']
[ 2026-03-29 19:45:58 | node_3 | INFO ] 🏋️‍♀️ Preparing training...
[ 2026-03-29 19:45:58 | node_1 | INFO ] 🏋️‍♀️ Preparing training...
[ 2026-03-29 19:45:58 | node | INFO ] 🔬 Evaluating...
[ 2026-03-29 19:45:58 | node_46 | INFO ] ⏹️  Gossiping exited for 10 equal rounds.
[ 2026-03-29 19:45:58 | node_26 | INFO ] 🧩 Model added for round 146 (4/10) from ['node_17']
[ 2026-03-29 19:45:58 | node_33 | INFO ] 🏋️‍♀️ Preparing training...
[ 2026-03-29 19:45:58 | node_46 | INFO ] 🔬 Evaluating...
[ 2026-03-29 19:45:58 | node_31 | INFO ] 🎉 Round 146 of 150 finished.
[ 2026-03-29 19:45:58 | node_31 | INFO ] 🗳️ [DETERMINISTIC] Train set assigned (No Voting). Size: 50
[ 2026-03-29 19:45:58 | node_30 | INFO ] 🎓 Training step done.
[ 2026-03-29 19:45:59 | node_30 | INFO ] 🛠️ Calling force_add_local_model...
[ 2026-03-29 19:45:59 | node_32 | INFO ] 🎉 Round 146 of 150 finished.
[ 2026-03-29 19:45:59 | node_30 | INFO ] ✅ [FORCE] Local model added for round 146. (1/10)
[ 2026-03-29 19:45:59 | node_31 | INFO ] ♻️ Proactively processing 1 early models for round 146.
[ 2026-03-29 19:45:59 | node_25 | INFO ] 📈 Evaluated. Results: {'test_loss': 0.003785602282732725, 'test_accuracy': 0.9924419522285461, 'test_precision': 0.2928444445133209, 'test_recall': 0.5943072438240051, 'test_f1': 0.3818695545196533, 'communication_cost': 5102356}
[ 2026-03-29 19:45:59 | node_33 | INFO ] 🧩 Model added for round 146 (1/9) from ['node_28']
[ 2026-03-29 19:45:59 | node_31 | INFO ] 🧩 Model added for round 146 (1/8) from ['node_10']
[ 2026-03-29 19:45:59 | node_32 | INFO ] 🗳️ [DETERMINISTIC] Train set assigned (No Voting). Size: 50
[ 2026-03-29 19:45:59 | node_31 | INFO ] 🏋️‍♀️ Preparing training...
[ 2026-03-29 19:45:59 | node_25 | INFO ] 📢 Broadcasting metrics.
[ 2026-03-29 19:45:59 | node_44 | INFO ] 🎉 Round 146 of 150 finished.
[ 2026-03-29 19:45:59 | node_2 | INFO ] ⏹️  Gossiping exited for 10 equal rounds.
[ 2026-03-29 19:45:59 | node_17 | INFO ] 🧩 Model added for round 146 (2/6) from ['node_26']
[ 2026-03-29 19:45:59 | node_32 | INFO ] ♻️ Proactively processing 1 early models for round 146.
[ 2026-03-29 19:45:59 | node_32 | INFO ] 🧩 Model added for round 146 (1/9) from ['node_13']
[ 2026-03-29 19:45:59 | node_44 | INFO ] 🗳️ [DETERMINISTIC] Train set assigned (No Voting). Size: 50
[ 2026-03-29 19:45:59 | node_32 | INFO ] 🏋️‍♀️ Preparing training...
[ 2026-03-29 19:45:59 | node_2 | INFO ] 🔬 Evaluating...
[ 2026-03-29 19:45:59 | node | INFO ] 📈 Evaluated. Results: {'test_loss': 0.0030323644168674946, 'test_accuracy': 0.9908232092857361, 'test_precision': 0.28432005643844604, 'test_recall': 0.6832767724990845, 'test_f1': 0.3967399299144745, 'communication_cost': 5102356}
[ 2026-03-29 19:45:59 | node_44 | INFO ] 🏋️‍♀️ Preparing training...
[ 2026-03-29 19:45:59 | node_24 | INFO ] 📤 Sending model to 7 direct neighbors: ['node_9', 'node_21', 'node_31', 'node_33', 'node_35', 'node_36', 'node_37']
[ 2026-03-29 19:45:59 | node_46 | INFO ] 📈 Evaluated. Results: {'test_loss': 0.0029269964434206486, 'test_accuracy': 0.9943314790725708, 'test_precision': 0.33967125415802, 'test_recall': 0.6792265176773071, 'test_f1': 0.4476349651813507, 'communication_cost': 4373448}
[ 2026-03-29 19:45:59 | node | INFO ] 📢 Broadcasting metrics.
[ 2026-03-29 19:45:59 | node_6 | INFO ] 🎉 Round 146 of 150 finished.
[ 2026-03-29 19:45:59 | node_46 | INFO ] 📢 Broadcasting metrics.
[ 2026-03-29 19:45:59 | node_6 | INFO ] 🗳️ [DETERMINISTIC] Train set assigned (No Voting). Size: 50
[ 2026-03-29 19:46:00 | node_6 | INFO ] 🏋️‍♀️ Preparing training...
[ 2026-03-29 19:46:00 | node_31 | INFO ] 🧩 Model added for round 146 (2/8) from ['node_17']
[ 2026-03-29 19:46:00 | node_15 | INFO ] 🎉 Round 146 of 150 finished.
[ 2026-03-29 19:46:00 | node_27 | INFO ] 🎓 Training step done.
[ 2026-03-29 19:46:00 | node_27 | INFO ] 🛠️ Calling force_add_local_model...
[ 2026-03-29 19:46:00 | node_15 | INFO ] 🗳️ [DETERMINISTIC] Train set assigned (No Voting). Size: 50
[ 2026-03-29 19:46:00 | node_27 | INFO ] ✅ [FORCE] Local model added for round 146. (1/5)
[ 2026-03-29 19:46:00 | node_16 | INFO ] 📤 Sending model to 7 direct neighbors: ['node_7', 'node_15', 'node_19', 'node_28', 'node_38', 'node_42', 'node_45']
[ 2026-03-29 19:46:00 | node_31 | INFO ] 🧩 Model added for round 146 (3/8) from ['node_24']
[ 2026-03-29 19:46:00 | node_15 | INFO ] 🏋️‍♀️ Preparing training...
[ 2026-03-29 19:46:00 | node_3 | INFO ] 🎓 Training step done.
[ 2026-03-29 19:46:00 | node_8 | INFO ] 🎉 Round 146 of 150 finished.
[ 2026-03-29 19:46:01 | node_3 | INFO ] 🛠️ Calling force_add_local_model...
[ 2026-03-29 19:46:01 | node_2 | INFO ] 📈 Evaluated. Results: {'test_loss': 0.0048222229816019535, 'test_accuracy': 0.9929824471473694, 'test_precision': 0.2602364122867584, 'test_recall': 0.507457971572876, 'test_f1': 0.3389327824115753, 'communication_cost': 5831264}
[ 2026-03-29 19:46:01 | node_3 | INFO ] ✅ [FORCE] Local model added for round 146. (1/6)
[ 2026-03-29 19:46:01 | node_2 | INFO ] 📢 Broadcasting metrics.
[ 2026-03-29 19:46:01 | node_8 | INFO ] 🗳️ [DETERMINISTIC] Train set assigned (No Voting). Size: 50
[ 2026-03-29 19:46:01 | node_1 | INFO ] 🎓 Training step done.
[ 2026-03-29 19:46:01 | node_18 | INFO ] 🎉 Round 146 of 150 finished.
[ 2026-03-29 19:46:01 | node_33 | INFO ] 🎓 Training step done.
[ 2026-03-29 19:46:01 | node_1 | INFO ] 🛠️ Calling force_add_local_model...
[ 2026-03-29 19:46:01 | node_33 | INFO ] 🛠️ Calling force_add_local_model...
[ 2026-03-29 19:46:01 | node_8 | INFO ] ♻️ Proactively processing 1 early models for round 146.
[ 2026-03-29 19:46:01 | node_1 | INFO ] ✅ [FORCE] Local model added for round 146. (4/9)
[ 2026-03-29 19:46:01 | node_18 | INFO ] 🗳️ [DETERMINISTIC] Train set assigned (No Voting). Size: 50
[ 2026-03-29 19:46:01 | node_48 | INFO ] 🎉 Round 146 of 150 finished.
[ 2026-03-29 19:46:01 | node_33 | INFO ] ✅ [FORCE] Local model added for round 146. (2/9)
[ 2026-03-29 19:46:01 | node_8 | INFO ] 🧩 Model added for round 146 (1/12) from ['node_14']
[ 2026-03-29 19:46:01 | node_15 | INFO ] 🧩 Model added for round 146 (1/9) from ['node_16']
[ 2026-03-29 19:46:01 | node_8 | INFO ] 🏋️‍♀️ Preparing training...
[ 2026-03-29 19:46:01 | node_48 | INFO ] 🗳️ [DETERMINISTIC] Train set assigned (No Voting). Size: 50
[ 2026-03-29 19:46:01 | node_18 | INFO ] 🏋️‍♀️ Preparing training...
[ 2026-03-29 19:46:01 | node_44 | INFO ] 🧩 Model added for round 146 (1/9) from ['node_26']
[ 2026-03-29 19:46:01 | node_29 | INFO ] 📤 Sending model to 7 direct neighbors: ['node_11', 'node_23', 'node_31', 'node_38', 'node_42', 'node_45', 'node_49']
[ 2026-03-29 19:46:01 | node_31 | INFO ] 🎓 Training step done.
[ 2026-03-29 19:46:01 | node_48 | INFO ] ♻️ Proactively processing 1 early models for round 146.
[ 2026-03-29 19:46:02 | node_31 | INFO ] 🛠️ Calling force_add_local_model...
[ 2026-03-29 19:46:02 | node_48 | INFO ] 🧩 Model added for round 146 (1/11) from ['node_36']
[ 2026-03-29 19:46:02 | node_31 | INFO ] ✅ [FORCE] Local model added for round 146. (4/8)
[ 2026-03-29 19:46:02 | node_48 | INFO ] 🏋️‍♀️ Preparing training...
[ 2026-03-29 19:46:02 | node_32 | INFO ] 🎓 Training step done.
[ 2026-03-29 19:46:02 | node_32 | INFO ] 🛠️ Calling force_add_local_model...
[ 2026-03-29 19:46:02 | node_44 | INFO ] 🎓 Training step done.
[ 2026-03-29 19:46:02 | node_32 | INFO ] ✅ [FORCE] Local model added for round 146. (2/9)
[ 2026-03-29 19:46:02 | node_44 | INFO ] 🛠️ Calling force_add_local_model...
[ 2026-03-29 19:46:02 | node_33 | INFO ] 🧩 Model added for round 146 (3/9) from ['node_24']
[ 2026-03-29 19:46:02 | node_44 | INFO ] ✅ [FORCE] Local model added for round 146. (2/9)
[ 2026-03-29 19:46:02 | node_6 | INFO ] 🎓 Training step done.
[ 2026-03-29 19:46:02 | node_6 | INFO ] 🛠️ Calling force_add_local_model...
[ 2026-03-29 19:46:02 | node_40 | INFO ] 📤 Sending model to 10 direct neighbors: ['node_4', 'node_9', 'node_11', 'node_14', 'node_15', 'node_20', 'node_38', 'node_42', 'node_44', 'node_48']
[ 2026-03-29 19:46:03 | node_31 | INFO ] 🧩 Model added for round 146 (5/8) from ['node_29']
[ 2026-03-29 19:46:03 | node_6 | INFO ] ✅ [FORCE] Local model added for round 146. (1/7)
[ 2026-03-29 19:46:03 | node_49 | INFO ] 🎉 Round 146 of 150 finished.
[ 2026-03-29 19:46:03 | node_19 | INFO ] ⏹️  Gossiping exited for 10 equal rounds.
[ 2026-03-29 19:46:03 | node_49 | INFO ] 🗳️ [DETERMINISTIC] Train set assigned (No Voting). Size: 50
[ 2026-03-29 19:46:03 | node_19 | INFO ] 🔬 Evaluating...
[ 2026-03-29 19:46:03 | node_15 | INFO ] 🎓 Training step done.
[ 2026-03-29 19:46:03 | node_49 | INFO ] 🏋️‍♀️ Preparing training...
[ 2026-03-29 19:46:03 | node_15 | INFO ] 🛠️ Calling force_add_local_model...
[ 2026-03-29 19:46:03 | node_45 | INFO ] ⏹️  Gossiping exited for 10 equal rounds.
[ 2026-03-29 19:46:03 | node_15 | INFO ] ✅ [FORCE] Local model added for round 146. (2/9)
[ 2026-03-29 19:46:03 | node_25 | INFO ] 🎉 Round 146 of 150 finished.
[ 2026-03-29 19:46:03 | node_28 | INFO ] 🧩 Model added for round 146 (3/7) from ['node_16']
[ 2026-03-29 19:46:03 | node_45 | INFO ] 🔬 Evaluating...
[ 2026-03-29 19:46:03 | node_46 | INFO ] 🎉 Round 146 of 150 finished.
[ 2026-03-29 19:46:03 | node_8 | INFO ] 🎓 Training step done.
[ 2026-03-29 19:46:03 | node_25 | INFO ] 🗳️ [DETERMINISTIC] Train set assigned (No Voting). Size: 50
[ 2026-03-29 19:46:03 | node_8 | INFO ] 🛠️ Calling force_add_local_model...
[ 2026-03-29 19:46:04 | node_46 | INFO ] 🗳️ [DETERMINISTIC] Train set assigned (No Voting). Size: 50
[ 2026-03-29 19:46:04 | node_18 | INFO ] 🎓 Training step done.
[ 2026-03-29 19:46:04 | node_8 | INFO ] ✅ [FORCE] Local model added for round 146. (2/12)
[ 2026-03-29 19:46:04 | node_18 | INFO ] 🛠️ Calling force_add_local_model...
[ 2026-03-29 19:46:04 | node_30 | INFO ] 📤 Sending model to 9 direct neighbors: ['node', 'node_3', 'node_6', 'node_7', 'node_25', 'node_35', 'node_37', 'node_39', 'node_44']
[ 2026-03-29 19:46:04 | node_25 | INFO ] ♻️ Proactively processing 1 early models for round 146.
[ 2026-03-29 19:46:04 | node_18 | INFO ] ✅ [FORCE] Local model added for round 146. (1/9)
[ 2026-03-29 19:46:04 | node_46 | INFO ] ♻️ Proactively processing 1 early models for round 146.
[ 2026-03-29 19:46:04 | node_25 | INFO ] 🧩 Model added for round 146 (1/8) from ['node_13']
[ 2026-03-29 19:46:04 | node_48 | INFO ] 🎓 Training step done.
[ 2026-03-29 19:46:04 | node_46 | INFO ] 🧩 Model added for round 146 (1/7) from ['node_13']
[ 2026-03-29 19:46:04 | node_25 | INFO ] 🏋️‍♀️ Preparing training...
[ 2026-03-29 19:46:04 | node_48 | INFO ] 🛠️ Calling force_add_local_model...
[ 2026-03-29 19:46:04 | node_46 | INFO ] 🏋️‍♀️ Preparing training...
[ 2026-03-29 19:46:04 | node | INFO ] 🎉 Round 146 of 150 finished.
[ 2026-03-29 19:46:04 | node_19 | INFO ] 📈 Evaluated. Results: {'test_loss': 0.002512301318347454, 'test_accuracy': 0.993971586227417, 'test_precision': 0.24314215779304504, 'test_recall': 0.4910580515861511, 'test_f1': 0.31335654854774475, 'communication_cost': 5831264}
[ 2026-03-29 19:46:04 | node_48 | INFO ] ✅ [FORCE] Local model added for round 146. (2/11)
[ 2026-03-29 19:46:04 | node | INFO ] 🗳️ [DETERMINISTIC] Train set assigned (No Voting). Size: 50
[ 2026-03-29 19:46:04 | node_19 | INFO ] 📢 Broadcasting metrics.
[ 2026-03-29 19:46:04 | node_14 | INFO ] 🧩 Model added for round 146 (3/7) from ['node_40']
[ 2026-03-29 19:46:04 | node_9 | INFO ] ⏹️  Gossiping exited for 10 equal rounds.
[ 2026-03-29 19:46:04 | node | INFO ] ♻️ Proactively processing 4 early models for round 146.
[ 2026-03-29 19:46:04 | node | INFO ] 🧩 Model added for round 146 (1/8) from ['node_14']
[ 2026-03-29 19:46:04 | node_45 | INFO ] 📈 Evaluated. Results: {'test_loss': 0.0032333475537598133, 'test_accuracy': 0.9910023212432861, 'test_precision': 0.2623525559902191, 'test_recall': 0.7131455540657043, 'test_f1': 0.3824380040168762, 'communication_cost': 8017988}
[ 2026-03-29 19:46:04 | node | INFO ] 🧩 Model added for round 146 (2/8) from ['node_10']
[ 2026-03-29 19:46:04 | node_9 | INFO ] 🔬 Evaluating...
[ 2026-03-29 19:46:04 | node_36 | INFO ] 🧩 Model added for round 146 (4/8) from ['node_24']
[ 2026-03-29 19:46:04 | node | INFO ] 🧩 Model added for round 146 (3/8) from ['node_26']
[ 2026-03-29 19:46:05 | node | INFO ] 🧩 Model added for round 146 (4/8) from ['node_30']
[ 2026-03-29 19:46:05 | node_45 | INFO ] 📢 Broadcasting metrics.
[ 2026-03-29 19:46:05 | node | INFO ] 🏋️‍♀️ Preparing training...
[ 2026-03-29 19:46:05 | node_3 | INFO ] 🧩 Model added for round 146 (2/6) from ['node_30']
[ 2026-03-29 19:46:05 | node_27 | INFO ] 📤 Sending model to 4 direct neighbors: ['node_8', 'node_45', 'node_47', 'node_49']
[ 2026-03-29 19:46:05 | node_49 | INFO ] 🎓 Training step done.
[ 2026-03-29 19:46:05 | node_49 | INFO ] 🛠️ Calling force_add_local_model...
[ 2026-03-29 19:46:05 | node_49 | INFO ] 🧩 Model added for round 146 (1/9) from ['node_29']
[ 2026-03-29 19:46:05 | node_49 | INFO ] ✅ [FORCE] Local model added for round 146. (2/9)
[ 2026-03-29 19:46:06 | node_9 | INFO ] 📈 Evaluated. Results: {'test_loss': 0.0027242156211286783, 'test_accuracy': 0.9915429353713989, 'test_precision': 0.2477162778377533, 'test_recall': 0.7102121710777283, 'test_f1': 0.3630675971508026, 'communication_cost': 8017988}
[ 2026-03-29 19:46:06 | node_15 | INFO ] 🧩 Model added for round 146 (3/9) from ['node_40']
[ 2026-03-29 19:46:06 | node_3 | INFO ] 📤 Sending model to 5 direct neighbors: ['node_21', 'node_30', 'node_31', 'node_34', 'node_47']
[ 2026-03-29 19:46:06 | node_2 | INFO ] 🎉 Round 146 of 150 finished.
[ 2026-03-29 19:46:06 | node_9 | INFO ] 📢 Broadcasting metrics.
[ 2026-03-29 19:46:06 | node_8 | INFO ] 🧩 Model added for round 146 (3/12) from ['node_27']
[ 2026-03-29 19:46:06 | node_2 | INFO ] 🗳️ [DETERMINISTIC] Train set assigned (No Voting). Size: 50
[ 2026-03-29 19:46:06 | node_6 | INFO ] 🧩 Model added for round 146 (2/7) from ['node_30']
[ 2026-03-29 19:46:06 | node_20 | INFO ] ⏹️  Gossiping exited for 10 equal rounds.
[ 2026-03-29 19:46:06 | node_25 | INFO ] 🎓 Training step done.
[ 2026-03-29 19:46:06 | node_2 | INFO ] ♻️ Proactively processing 1 early models for round 146.
[ 2026-03-29 19:46:06 | node_1 | INFO ] 📤 Sending model to 8 direct neighbors: ['node_8', 'node_12', 'node_17', 'node_25', 'node_26', 'node_34', 'node_38', 'node_48']
[ 2026-03-29 19:46:06 | node_25 | INFO ] 🛠️ Calling force_add_local_model...
[ 2026-03-29 19:46:06 | node_2 | INFO ] 🧩 Model added for round 146 (1/9) from ['node_10']
[ 2026-03-29 19:46:06 | node_33 | INFO ] 📤 Sending model to 8 direct neighbors: ['node_4', 'node_22', 'node_23', 'node_24', 'node_28', 'node_34', 'node_39', 'node_49']
[ 2026-03-29 19:46:06 | node_2 | INFO ] 🏋️‍♀️ Preparing training...
[ 2026-03-29 19:46:06 | node_25 | INFO ] ✅ [FORCE] Local model added for round 146. (2/8)
[ 2026-03-29 19:46:06 | node_20 | INFO ] 🔬 Evaluating...
[ 2026-03-29 19:46:06 | node_7 | INFO ] ⏹️  Gossiping exited for 10 equal rounds.
[ 2026-03-29 19:46:06 | node_46 | INFO ] 🎓 Training step done.
[ 2026-03-29 19:46:06 | node_46 | INFO ] 🛠️ Calling force_add_local_model...
[ 2026-03-29 19:46:06 | node_46 | INFO ] ✅ [FORCE] Local model added for round 146. (2/7)
[ 2026-03-29 19:46:06 | node_7 | INFO ] 🔬 Evaluating...
[ 2026-03-29 19:46:07 | node_31 | INFO ] 📤 Sending model to 7 direct neighbors: ['node', 'node_3', 'node_10', 'node_17', 'node_24', 'node_29', 'node_41']
[ 2026-03-29 19:46:07 | node_8 | INFO ] 🧩 Model added for round 146 (4/12) from ['node_1']
[ 2026-03-29 19:46:07 | node | INFO ] 🎓 Training step done.
[ 2026-03-29 19:46:07 | node_30 | INFO ] 🧩 Model added for round 146 (2/10) from ['node_3']
[ 2026-03-29 19:46:07 | node | INFO ] 🛠️ Calling force_add_local_model...
[ 2026-03-29 19:46:07 | node | INFO ] ✅ [FORCE] Local model added for round 146. (5/8)
[ 2026-03-29 19:46:07 | node_32 | INFO ] 📤 Sending model to 8 direct neighbors: ['node_7', 'node_11', 'node_13', 'node_18', 'node_39', 'node_41', 'node_46', 'node_49']
[ 2026-03-29 19:46:07 | node | INFO ] 🧩 Model added for round 146 (6/8) from ['node_31']
[ 2026-03-29 19:46:07 | node_44 | INFO ] 📤 Sending model to 8 direct neighbors: ['node_8', 'node_11', 'node_15', 'node_26', 'node_30', 'node_34', 'node_40', 'node_46']
[ 2026-03-29 19:46:07 | node_20 | INFO ] 📈 Evaluated. Results: {'test_loss': 0.0030241284985095263, 'test_accuracy': 0.991092324256897, 'test_precision': 0.2404763400554657, 'test_recall': 0.6774308085441589, 'test_f1': 0.34852734208106995, 'communication_cost': 6560172}
[ 2026-03-29 19:46:07 | node_20 | INFO ] 📢 Broadcasting metrics.
[ 2026-03-29 19:46:08 | node_7 | INFO ] 📈 Evaluated. Results: {'test_loss': 0.0034018266014754772, 'test_accuracy': 0.9919928312301636, 'test_precision': 0.28706979751586914, 'test_recall': 0.677964985370636, 'test_f1': 0.4025256335735321, 'communication_cost': 9475804}
[ 2026-03-29 19:46:08 | node_6 | INFO ] 📤 Sending model to 6 direct neighbors: ['node_2', 'node_21', 'node_30', 'node_45', 'node_47', 'node_48']
[ 2026-03-29 19:46:08 | node_8 | INFO ] 🧩 Model added for round 146 (5/12) from ['node_44']
[ 2026-03-29 19:46:08 | node_7 | INFO ] 📢 Broadcasting metrics.
[ 2026-03-29 19:46:08 | node_25 | INFO ] 🧩 Model added for round 146 (3/8) from ['node_30']
[ 2026-03-29 19:46:08 | node_23 | INFO ] ⏹️  Gossiping exited for 10 equal rounds.
[ 2026-03-29 19:46:08 | node_24 | INFO ] 🧩 Model added for round 146 (3/8) from ['node_33']
[ 2026-03-29 19:46:08 | node_23 | INFO ] 🔬 Evaluating...
[ 2026-03-29 19:46:08 | node_2 | INFO ] 🧩 Model added for round 146 (2/9) from ['node_6']
[ 2026-03-29 19:46:08 | node_2 | INFO ] 🎓 Training step done.
[ 2026-03-29 19:46:08 | node_15 | INFO ] 📤 Sending model to 8 direct neighbors: ['node_2', 'node_8', 'node_16', 'node_22', 'node_37', 'node_40', 'node_42', 'node_44']
[ 2026-03-29 19:46:08 | node_2 | INFO ] 🛠️ Calling force_add_local_model...
[ 2026-03-29 19:46:08 | node_13 | INFO ] 🧩 Model added for round 146 (3/6) from ['node_32']
[ 2026-03-29 19:46:08 | node_37 | INFO ] ⏹️  Gossiping exited for 10 equal rounds.
[ 2026-03-29 19:46:08 | node_2 | INFO ] ✅ [FORCE] Local model added for round 146. (3/9)
[ 2026-03-29 19:46:09 | node_31 | INFO ] 🧩 Model added for round 146 (6/8) from ['node_3']
[ 2026-03-29 19:46:09 | node_37 | INFO ] 🔬 Evaluating...
[ 2026-03-29 19:46:09 | node_12 | INFO ] 🧩 Model added for round 146 (4/6) from ['node_1']
[ 2026-03-29 19:46:09 | node_8 | INFO ] 📤 Sending model to 11 direct neighbors: ['node_1', 'node_14', 'node_15', 'node_23', 'node_27', 'node_35', 'node_41', 'node_43', 'node_44', 'node_48', 'node_49']
[ 2026-03-29 19:46:09 | node_3 | INFO ] 🧩 Model added for round 146 (3/6) from ['node_31']
[ 2026-03-29 19:46:09 | node_44 | INFO ] 🧩 Model added for round 146 (3/9) from ['node_40']
[ 2026-03-29 19:46:09 | node_2 | INFO ] 🧩 Model added for round 146 (4/9) from ['node_15']
[ 2026-03-29 19:46:09 | node_18 | INFO ] 📤 Sending model to 8 direct neighbors: ['node_4', 'node_11', 'node_20', 'node_23', 'node_32', 'node_38', 'node_45', 'node_47']
[ 2026-03-29 19:46:09 | node_49 | INFO ] 🧩 Model added for round 146 (3/9) from ['node_27']
[ 2026-03-29 19:46:09 | node_19 | INFO ] 🎉 Round 146 of 150 finished.
[ 2026-03-29 19:46:09 | node_48 | INFO ] 📤 Sending model to 10 direct neighbors: ['node_1', 'node_4', 'node_6', 'node_8', 'node_20', 'node_23', 'node_36', 'node_40', 'node_43', 'node_47']
[ 2026-03-29 19:46:09 | node_1 | INFO ] 🧩 Model added for round 146 (5/9) from ['node_8']
[ 2026-03-29 19:46:09 | node_19 | INFO ] 🗳️ [DETERMINISTIC] Train set assigned (No Voting). Size: 50
[ 2026-03-29 19:46:09 | node_23 | INFO ] 📈 Evaluated. Results: {'test_loss': 0.00515236658975482, 'test_accuracy': 0.9910023212432861, 'test_precision': 0.2527422308921814, 'test_recall': 0.5562825798988342, 'test_f1': 0.3440304696559906, 'communication_cost': 8746896}
[ 2026-03-29 19:46:09 | node_23 | INFO ] 📢 Broadcasting metrics.
[ 2026-03-29 19:46:09 | node_19 | INFO ] ♻️ Proactively processing 1 early models for round 146.
[ 2026-03-29 19:46:09 | node_34 | INFO ] ⏹️  Gossiping exited for 10 equal rounds.
[ 2026-03-29 19:46:09 | node_19 | INFO ] 🧩 Model added for round 146 (1/9) from ['node_16']
[ 2026-03-29 19:46:10 | node_19 | INFO ] 🏋️‍♀️ Preparing training...
[ 2026-03-29 19:46:10 | node_37 | INFO ] 📈 Evaluated. Results: {'test_loss': 0.0033851414918899536, 'test_accuracy': 0.9922620058059692, 'test_precision': 0.327215313911438, 'test_recall': 0.7390314936637878, 'test_f1': 0.446323037147522, 'communication_cost': 7289080}
[ 2026-03-29 19:46:10 | node_28 | INFO ] 🧩 Model added for round 146 (4/7) from ['node_33']
[ 2026-03-29 19:46:10 | node_18 | INFO ] 🧩 Model added for round 146 (2/9) from ['node_32']
[ 2026-03-29 19:46:10 | node_1 | INFO ] 🧩 Model added for round 146 (6/9) from ['node_48']
[ 2026-03-29 19:46:10 | node_34 | INFO ] 🔬 Evaluating...
[ 2026-03-29 19:46:10 | node_37 | INFO ] 📢 Broadcasting metrics.
[ 2026-03-29 19:46:10 | node_21 | INFO ] ⏹️  Gossiping exited for 10 equal rounds.
[ 2026-03-29 19:46:10 | node_17 | INFO ] 🧩 Model added for round 146 (3/6) from ['node_1']
[ 2026-03-29 19:46:10 | node_21 | INFO ] 🔬 Evaluating...
[ 2026-03-29 19:46:10 | node_10 | INFO ] 🧩 Model added for round 146 (3/8) from ['node_31']
[ 2026-03-29 19:46:10 | node_4 | INFO ] ⏹️  Gossiping exited for 10 equal rounds.
[ 2026-03-29 19:46:10 | node_30 | INFO ] 🧩 Model added for round 146 (3/10) from ['node_6']
[ 2026-03-29 19:46:10 | node_4 | INFO ] 🔬 Evaluating...
[ 2026-03-29 19:46:10 | node_15 | INFO ] 🧩 Model added for round 146 (4/9) from ['node_44']
[ 2026-03-29 19:46:11 | node_48 | INFO ] 🧩 Model added for round 146 (3/11) from ['node_40']
[ 2026-03-29 19:46:11 | node_8 | INFO ] 🧩 Model added for round 146 (6/12) from ['node_15']
[ 2026-03-29 19:46:11 | node_49 | INFO ] 📤 Sending model to 8 direct neighbors: ['node_8', 'node_19', 'node_21', 'node_27', 'node_29', 'node_32', 'node_33', 'node_35']
[ 2026-03-29 19:46:11 | node_34 | INFO ] 📈 Evaluated. Results: {'test_loss': 0.002983562881127, 'test_accuracy': 0.9906424283981323, 'test_precision': 0.23618373274803162, 'test_recall': 0.6869379878044128, 'test_f1': 0.34570735692977905, 'communication_cost': 6560172}
[ 2026-03-29 19:46:11 | node_34 | INFO ] 📢 Broadcasting metrics.
[ 2026-03-29 19:46:11 | node_44 | INFO ] 🧩 Model added for round 146 (4/9) from ['node_30']
[ 2026-03-29 19:46:11 | node_14 | INFO ] 🧩 Model added for round 146 (4/7) from ['node_8']
[ 2026-03-29 19:46:11 | node_45 | INFO ] 🎉 Round 146 of 150 finished.
[ 2026-03-29 19:46:11 | node_8 | INFO ] 🧩 Model added for round 146 (7/12) from ['node_49']
[ 2026-03-29 19:46:11 | node_21 | INFO ] 📈 Evaluated. Results: {'test_loss': 0.0025057666935026646, 'test_accuracy': 0.9941515326499939, 'test_precision': 0.3357678949832916, 'test_recall': 0.7191388607025146, 'test_f1': 0.44601109623908997, 'communication_cost': 7289080}
[ 2026-03-29 19:46:11 | node_45 | INFO ] 🗳️ [DETERMINISTIC] Train set assigned (No Voting). Size: 50
[ 2026-03-29 19:46:11 | node_25 | INFO ] 📤 Sending model to 7 direct neighbors: ['node_1', 'node_9', 'node_13', 'node_30', 'node_35', 'node_42', 'node_43']
[ 2026-03-29 19:46:11 | node_32 | INFO ] 🧩 Model added for round 146 (3/9) from ['node_18']
[ 2026-03-29 19:46:11 | node_21 | INFO ] 📢 Broadcasting metrics.
[ 2026-03-29 19:46:11 | node_4 | INFO ] 📈 Evaluated. Results: {'test_loss': 0.003825392574071884, 'test_accuracy': 0.9914529919624329, 'test_precision': 0.19351880252361298, 'test_recall': 0.5455113649368286, 'test_f1': 0.2808007299900055, 'communication_cost': 6560172}
[ 2026-03-29 19:46:11 | node_25 | INFO ] 🧩 Model added for round 146 (4/8) from ['node_1']
[ 2026-03-29 19:46:11 | node_45 | INFO ] ♻️ Proactively processing 4 early models for round 146.
[ 2026-03-29 19:46:12 | node_4 | INFO ] 📢 Broadcasting metrics.
[ 2026-03-29 19:46:12 | node_45 | INFO ] 🧩 Model added for round 146 (1/12) from ['node_5']
[ 2026-03-29 19:46:12 | node_46 | INFO ] 📤 Sending model to 6 direct neighbors: ['node_2', 'node_13', 'node_19', 'node_32', 'node_41', 'node_44']
[ 2026-03-29 19:46:12 | node_45 | INFO ] 🧩 Model added for round 146 (2/12) from ['node_29']
[ 2026-03-29 19:46:12 | node_45 | INFO ] 🧩 Model added for round 146 (3/12) from ['node_16']
[ 2026-03-29 19:46:12 | node_19 | INFO ] 🎓 Training step done.
[ 2026-03-29 19:46:12 | node_19 | INFO ] 🛠️ Calling force_add_local_model...
[ 2026-03-29 19:46:12 | node_1 | INFO ] 🧩 Model added for round 146 (7/9) from ['node_25']
[ 2026-03-29 19:46:12 | node_45 | INFO ] 🧩 Model added for round 146 (4/12) from ['node_27']
[ 2026-03-29 19:46:12 | node | INFO ] 📤 Sending model to 7 direct neighbors: ['node_7', 'node_10', 'node_14', 'node_26', 'node_30', 'node_31', 'node_45']
[ 2026-03-29 19:46:12 | node_45 | INFO ] 🏋️‍♀️ Preparing training...
[ 2026-03-29 19:46:12 | node_19 | INFO ] ✅ [FORCE] Local model added for round 146. (2/9)
[ 2026-03-29 19:46:12 | node_17 | INFO ] 🧩 Model added for round 146 (4/6) from ['node_31']
[ 2026-03-29 19:46:12 | node_2 | INFO ] 🧩 Model added for round 146 (5/9) from ['node_46']
[ 2026-03-29 19:46:12 | node_49 | INFO ] 🧩 Model added for round 146 (4/9) from ['node_33']
[ 2026-03-29 19:46:12 | node_6 | INFO ] 🧩 Model added for round 146 (3/7) from ['node_48']
[ 2026-03-29 19:46:12 | node_22 | INFO ] ⏹️  Gossiping exited for 10 equal rounds.
[ 2026-03-29 19:46:13 | node_45 | INFO ] 🧩 Model added for round 146 (5/12) from ['node_6']
[ 2026-03-29 19:46:13 | node_26 | INFO ] 🧩 Model added for round 146 (5/10) from ['node_44']
[ 2026-03-29 19:46:13 | node_22 | INFO ] 🔬 Evaluating...
[ 2026-03-29 19:46:13 | node_46 | INFO ] 🧩 Model added for round 146 (3/7) from ['node_32']
[ 2026-03-29 19:46:13 | node_15 | INFO ] 🧩 Model added for round 146 (5/9) from ['node_8']
[ 2026-03-29 19:46:13 | node_9 | INFO ] 🎉 Round 146 of 150 finished.
[ 2026-03-29 19:46:13 | node_10 | INFO ] 🧩 Model added for round 146 (4/8) from ['node']
[ 2026-03-29 19:46:13 | node_9 | INFO ] 🗳️ [DETERMINISTIC] Train set assigned (No Voting). Size: 50
[ 2026-03-29 19:46:13 | node_16 | INFO ] 🧩 Model added for round 146 (3/8) from ['node_15']
[ 2026-03-29 19:46:13 | node_9 | INFO ] ♻️ Proactively processing 3 early models for round 146.
[ 2026-03-29 19:46:13 | node_9 | INFO ] 🧩 Model added for round 146 (1/12) from ['node_36']
[ 2026-03-29 19:46:13 | node_9 | INFO ] 🧩 Model added for round 146 (2/12) from ['node_24']
[ 2026-03-29 19:46:13 | node_26 | INFO ] 🧩 Model added for round 146 (6/10) from ['node_1']
[ 2026-03-29 19:46:13 | node_9 | INFO ] 🧩 Model added for round 146 (3/12) from ['node_40']
[ 2026-03-29 19:46:13 | node_9 | INFO ] 🏋️‍♀️ Preparing training...
[ 2026-03-29 19:46:13 | node_24 | INFO ] 🧩 Model added for round 146 (4/8) from ['node_31']
[ 2026-03-29 19:46:14 | node_2 | INFO ] 📤 Sending model to 8 direct neighbors: ['node_6', 'node_9', 'node_10', 'node_15', 'node_19', 'node_21', 'node_46', 'node_47']
[ 2026-03-29 19:46:14 | node_19 | INFO ] 🧩 Model added for round 146 (3/9) from ['node_49']
[ 2026-03-29 19:46:14 | node_20 | INFO ] 🎉 Round 146 of 150 finished.
[ 2026-03-29 19:46:14 | node_22 | INFO ] 📈 Evaluated. Results: {'test_loss': 0.0034926992375403643, 'test_accuracy': 0.991182267665863, 'test_precision': 0.21510711312294006, 'test_recall': 0.5518115758895874, 'test_f1': 0.29124000668525696, 'communication_cost': 5831264}
[ 2026-03-29 19:46:14 | node_20 | INFO ] 🗳️ [DETERMINISTIC] Train set assigned (No Voting). Size: 50
[ 2026-03-29 19:46:14 | node_45 | INFO ] 🧩 Model added for round 146 (6/12) from ['node_18']
[ 2026-03-29 19:46:14 | node_22 | INFO ] 📢 Broadcasting metrics.
[ 2026-03-29 19:46:14 | node_9 | INFO ] 🧩 Model added for round 146 (4/12) from ['node_25']
[ 2026-03-29 19:46:14 | node_8 | INFO ] 🧩 Model added for round 146 (8/12) from ['node_48']
[ 2026-03-29 19:46:14 | node_45 | INFO ] 🎓 Training step done.
[ 2026-03-29 19:46:14 | node_45 | INFO ] 🛠️ Calling force_add_local_model...
[ 2026-03-29 19:46:14 | node_20 | INFO ] ♻️ Proactively processing 4 early models for round 146.
[ 2026-03-29 19:46:14 | node_38 | INFO ] ⏹️  Gossiping exited for 10 equal rounds.
[ 2026-03-29 19:46:14 | node_6 | INFO ] 🧩 Model added for round 146 (4/7) from ['node_2']
[ 2026-03-29 19:46:14 | node_20 | INFO ] 🧩 Model added for round 146 (1/10) from ['node_36']
[ 2026-03-29 19:46:14 | node_45 | INFO ] ✅ [FORCE] Local model added for round 146. (7/12)
[ 2026-03-29 19:46:14 | node_20 | INFO ] 🧩 Model added for round 146 (2/10) from ['node_10']
[ 2026-03-29 19:46:14 | node_13 | INFO ] 🧩 Model added for round 146 (4/6) from ['node_46']
[ 2026-03-29 19:46:14 | node_20 | INFO ] 🧩 Model added for round 146 (3/10) from ['node_40']
[ 2026-03-29 19:46:14 | node_38 | INFO ] 🔬 Evaluating...
[ 2026-03-29 19:46:14 | node_49 | INFO ] 🧩 Model added for round 146 (5/9) from ['node_32']
[ 2026-03-29 19:46:14 | node_20 | INFO ] 🧩 Model added for round 146 (4/10) from ['node_18']
[ 2026-03-29 19:46:14 | node_20 | INFO ] 🏋️‍♀️ Preparing training...
[ 2026-03-29 19:46:15 | node_14 | INFO ] 🧩 Model added for round 146 (5/7) from ['node']
[ 2026-03-29 19:46:15 | node_30 | INFO ] 🧩 Model added for round 146 (4/10) from ['node_44']
[ 2026-03-29 19:46:15 | node_27 | INFO ] 🧩 Model added for round 146 (2/5) from ['node_8']
[ 2026-03-29 19:46:15 | node_29 | INFO ] 🧩 Model added for round 146 (2/8) from ['node_31']
[ 2026-03-29 19:46:15 | node_38 | INFO ] 📈 Evaluated. Results: {'test_loss': 0.0037876504939049482, 'test_accuracy': 0.9892928004264832, 'test_precision': 0.18740706145763397, 'test_recall': 0.5844177603721619, 'test_f1': 0.2817128300666809, 'communication_cost': 7289080}
[ 2026-03-29 19:46:15 | node_38 | INFO ] 📢 Broadcasting metrics.
[ 2026-03-29 19:46:15 | node_41 | INFO ] ⏹️  Gossiping exited for 10 equal rounds.
[ 2026-03-29 19:46:15 | node_9 | INFO ] 🧩 Model added for round 146 (5/12) from ['node_2']
[ 2026-03-29 19:46:15 | node_48 | INFO ] 🧩 Model added for round 146 (4/11) from ['node_6']
[ 2026-03-29 19:46:16 | node_9 | INFO ] 🎓 Training step done.
[ 2026-03-29 19:46:16 | node_19 | INFO ] 🧩 Model added for round 146 (4/9) from ['node_46']
[ 2026-03-29 19:46:16 | node_9 | INFO ] 🛠️ Calling force_add_local_model...
[ 2026-03-29 19:46:16 | node_41 | INFO ] 🔬 Evaluating...
[ 2026-03-29 19:46:16 | node_9 | INFO ] ✅ [FORCE] Local model added for round 146. (6/12)
[ 2026-03-29 19:46:16 | node_40 | INFO ] 🧩 Model added for round 146 (3/11) from ['node_15']
[ 2026-03-29 19:46:16 | node_39 | INFO ] ⏹️  Gossiping exited for 10 equal rounds.
[ 2026-03-29 19:46:16 | node_27 | INFO ] 🧩 Model added for round 146 (3/5) from ['node_49']
[ 2026-03-29 19:46:16 | node_26 | INFO ] 🧩 Model added for round 146 (7/10) from ['node']
[ 2026-03-29 19:46:16 | node_39 | INFO ] 🔬 Evaluating...
[ 2026-03-29 19:46:16 | node_20 | INFO ] 🧩 Model added for round 146 (5/10) from ['node_48']
[ 2026-03-29 19:46:16 | node_13 | INFO ] 🧩 Model added for round 146 (5/6) from ['node_25']
[ 2026-03-29 19:46:16 | node_48 | INFO ] 🧩 Model added for round 146 (5/11) from ['node_1']
[ 2026-03-29 19:46:17 | node_20 | INFO ] 🎓 Training step done.
[ 2026-03-29 19:46:17 | node_20 | INFO ] 🛠️ Calling force_add_local_model...
[ 2026-03-29 19:46:17 | node_7 | INFO ] 🎉 Round 146 of 150 finished.
[ 2026-03-29 19:46:17 | node_20 | INFO ] ✅ [FORCE] Local model added for round 146. (6/10)
[ 2026-03-29 19:46:17 | node_41 | INFO ] 📈 Evaluated. Results: {'test_loss': 0.004020322114229202, 'test_accuracy': 0.9908223748207092, 'test_precision': 0.2711526155471802, 'test_recall': 0.6794819831848145, 'test_f1': 0.3765399754047394, 'communication_cost': 5831264}
[ 2026-03-29 19:46:17 | node_7 | INFO ] 🗳️ [DETERMINISTIC] Train set assigned (No Voting). Size: 50
[ 2026-03-29 19:46:17 | node_37 | INFO ] 🎉 Round 146 of 150 finished.
[ 2026-03-29 19:46:17 | node_41 | INFO ] 📢 Broadcasting metrics.
[ 2026-03-29 19:46:17 | node_7 | INFO ] ♻️ Proactively processing 5 early models for round 146.
[ 2026-03-29 19:46:17 | node_37 | INFO ] 🗳️ [DETERMINISTIC] Train set assigned (No Voting). Size: 50
[ 2026-03-29 19:46:17 | node_7 | INFO ] 🧩 Model added for round 146 (1/14) from ['node_14']
[ 2026-03-29 19:46:17 | node_19 | INFO ] 📤 Sending model to 8 direct neighbors: ['node_2', 'node_7', 'node_16', 'node_21', 'node_22', 'node_41', 'node_46', 'node_49']
[ 2026-03-29 19:46:17 | node_7 | INFO ] 🧩 Model added for round 146 (2/14) from ['node_16']
[ 2026-03-29 19:46:17 | node_7 | INFO ] 🧩 Model added for round 146 (3/14) from ['node_30']
[ 2026-03-29 19:46:17 | node_34 | INFO ] 🎉 Round 146 of 150 finished.
[ 2026-03-29 19:46:17 | node_29 | INFO ] 🧩 Model added for round 146 (3/8) from ['node_49']
[ 2026-03-29 19:46:17 | node_37 | INFO ] ♻️ Proactively processing 4 early models for round 146.
[ 2026-03-29 19:46:17 | node_7 | INFO ] 🧩 Model added for round 146 (4/14) from ['node_32']
[ 2026-03-29 19:46:17 | node_37 | INFO ] 🧩 Model added for round 146 (1/11) from ['node_28']
[ 2026-03-29 19:46:17 | node_39 | INFO ] 📈 Evaluated. Results: {'test_loss': 0.003489817725494504, 'test_accuracy': 0.9918121099472046, 'test_precision': 0.2409493625164032, 'test_recall': 0.6211605668067932, 'test_f1': 0.3369523584842682, 'communication_cost': 6560172}
[ 2026-03-29 19:46:17 | node_7 | INFO ] 🧩 Model added for round 146 (5/14) from ['node']
[ 2026-03-29 19:46:17 | node_34 | INFO ] 🗳️ [DETERMINISTIC] Train set assigned (No Voting). Size: 50
[ 2026-03-29 19:46:17 | node_40 | INFO ] 🧩 Model added for round 146 (4/11) from ['node_44']
[ 2026-03-29 19:46:17 | node_37 | INFO ] 🧩 Model added for round 146 (2/11) from ['node_24']
[ 2026-03-29 19:46:17 | node_7 | INFO ] 🏋️‍♀️ Preparing training...
[ 2026-03-29 19:46:17 | node_37 | INFO ] 🧩 Model added for round 146 (3/11) from ['node_30']
[ 2026-03-29 19:46:17 | node_39 | INFO ] 📢 Broadcasting metrics.
[ 2026-03-29 19:46:17 | node_23 | INFO ] 🎉 Round 146 of 150 finished.
[ 2026-03-29 19:46:17 | node_37 | INFO ] 🧩 Model added for round 146 (4/11) from ['node_15']
[ 2026-03-29 19:46:18 | node_32 | INFO ] 🧩 Model added for round 146 (4/9) from ['node_46']
[ 2026-03-29 19:46:18 | node_2 | INFO ] 🧩 Model added for round 146 (6/9) from ['node_19']
[ 2026-03-29 19:46:18 | node_34 | INFO ] ♻️ Proactively processing 7 early models for round 146.
[ 2026-03-29 19:46:18 | node_37 | INFO ] 🏋️‍♀️ Preparing training...
[ 2026-03-29 19:46:18 | node_4 | INFO ] 🎉 Round 146 of 150 finished.
[ 2026-03-29 19:46:18 | node_23 | INFO ] 🗳️ [DETERMINISTIC] Train set assigned (No Voting). Size: 50
[ 2026-03-29 19:46:18 | node_34 | INFO ] 🧩 Model added for round 146 (1/10) from ['node_10']
[ 2026-03-29 19:46:18 | node_34 | INFO ] 🧩 Model added for round 146 (2/10) from ['node_26']
[ 2026-03-29 19:46:18 | node_30 | INFO ] 🧩 Model added for round 146 (5/10) from ['node_25']
[ 2026-03-29 19:46:18 | node_4 | INFO ] 🗳️ [DETERMINISTIC] Train set assigned (No Voting). Size: 50
[ 2026-03-29 19:46:18 | node_34 | INFO ] 🧩 Model added for round 146 (3/10) from ['node_28']
[ 2026-03-29 19:46:18 | node_44 | INFO ] 🧩 Model added for round 146 (5/9) from ['node_8']
[ 2026-03-29 19:46:18 | node_23 | INFO ] ♻️ Proactively processing 6 early models for round 146.
[ 2026-03-29 19:46:18 | node_34 | INFO ] 🧩 Model added for round 146 (4/10) from ['node_3']
[ 2026-03-29 19:46:18 | node_10 | INFO ] 🧩 Model added for round 146 (5/8) from ['node_2']
[ 2026-03-29 19:46:18 | node_23 | INFO ] 🧩 Model added for round 146 (1/13) from ['node_5']
[ 2026-03-29 19:46:18 | node_34 | INFO ] 🧩 Model added for round 146 (5/10) from ['node_33']
[ 2026-03-29 19:46:18 | node_23 | INFO ] 🧩 Model added for round 146 (2/13) from ['node_26']
[ 2026-03-29 19:46:18 | node_4 | INFO ] ♻️ Proactively processing 6 early models for round 146.
[ 2026-03-29 19:46:18 | node_21 | INFO ] 🎉 Round 146 of 150 finished.
[ 2026-03-29 19:46:18 | node_34 | INFO ] 🧩 Model added for round 146 (6/10) from ['node_1']
[ 2026-03-29 19:46:18 | node_23 | INFO ] 🧩 Model added for round 146 (3/13) from ['node_29']
[ 2026-03-29 19:46:18 | node_30 | INFO ] 🧩 Model added for round 146 (6/10) from ['node']
[ 2026-03-29 19:46:18 | node_4 | INFO ] 🧩 Model added for round 146 (1/10) from ['node_12']
[ 2026-03-29 19:46:18 | node_34 | INFO ] 🧩 Model added for round 146 (7/10) from ['node_44']
[ 2026-03-29 19:46:18 | node_23 | INFO ] 🧩 Model added for round 146 (4/13) from ['node_33']
[ 2026-03-29 19:46:18 | node_4 | INFO ] 🧩 Model added for round 146 (2/10) from ['node_28']
[ 2026-03-29 19:46:18 | node_21 | INFO ] 🗳️ [DETERMINISTIC] Train set assigned (No Voting). Size: 50
[ 2026-03-29 19:46:18 | node_34 | INFO ] 🏋️‍♀️ Preparing training...
[ 2026-03-29 19:46:18 | node_23 | INFO ] 🧩 Model added for round 146 (5/13) from ['node_18']
[ 2026-03-29 19:46:18 | node_4 | INFO ] 🧩 Model added for round 146 (3/10) from ['node_40']
[ 2026-03-29 19:46:18 | node_23 | INFO ] 🧩 Model added for round 146 (6/13) from ['node_8']
[ 2026-03-29 19:46:18 | node_4 | INFO ] 🧩 Model added for round 146 (4/10) from ['node_33']
[ 2026-03-29 19:46:18 | node_23 | INFO ] 🏋️‍♀️ Preparing training...
[ 2026-03-29 19:46:18 | node_23 | INFO ] 🧩 Model added for round 146 (7/13) from ['node_48']
[ 2026-03-29 19:46:18 | node_4 | INFO ] 🧩 Model added for round 146 (5/10) from ['node_18']
[ 2026-03-29 19:46:18 | node_21 | INFO ] ♻️ Proactively processing 4 early models for round 146.
[ 2026-03-29 19:46:18 | node_4 | INFO ] 🧩 Model added for round 146 (6/10) from ['node_48']
[ 2026-03-29 19:46:18 | node_21 | INFO ] 🧩 Model added for round 146 (1/11) from ['node_24']
[ 2026-03-29 19:46:18 | node_4 | INFO ] 🏋️‍♀️ Preparing training...
[ 2026-03-29 19:46:19 | node_21 | INFO ] 🧩 Model added for round 146 (2/11) from ['node_3']
[ 2026-03-29 19:46:19 | node_44 | INFO ] 🧩 Model added for round 146 (6/9) from ['node_15']
[ 2026-03-29 19:46:19 | node_21 | INFO ] 🧩 Model added for round 146 (3/11) from ['node_6']
[ 2026-03-29 19:46:19 | node_21 | INFO ] 🧩 Model added for round 146 (4/11) from ['node_49']
[ 2026-03-29 19:46:19 | node_21 | INFO ] 🏋️‍♀️ Preparing training...
[ 2026-03-29 19:46:19 | node_32 | INFO ] 🧩 Model added for round 146 (5/9) from ['node_49']
[ 2026-03-29 19:46:19 | node_22 | INFO ] 🎉 Round 146 of 150 finished.
[ 2026-03-29 19:46:19 | node_45 | INFO ] 📤 Sending model to 11 direct neighbors: ['node', 'node_4', 'node_5', 'node_6', 'node_7', 'node_16', 'node_18', 'node_23', 'node_27', 'node_29', 'node_43']
[ 2026-03-29 19:46:19 | node_22 | INFO ] 🗳️ [DETERMINISTIC] Train set assigned (No Voting). Size: 50
[ 2026-03-29 19:46:19 | node_7 | INFO ] 🧩 Model added for round 146 (6/14) from ['node_19']
[ 2026-03-29 19:46:19 | node_22 | INFO ] ♻️ Proactively processing 2 early models for round 146.
[ 2026-03-29 19:46:19 | node_46 | INFO ] 🧩 Model added for round 146 (4/7) from ['node_44']
[ 2026-03-29 19:46:19 | node_22 | INFO ] 🧩 Model added for round 146 (1/9) from ['node_33']
[ 2026-03-29 19:46:19 | node_15 | INFO ] 🧩 Model added for round 146 (6/9) from ['node_2']
[ 2026-03-29 19:46:19 | node_48 | INFO ] 🧩 Model added for round 146 (6/11) from ['node_8']
[ 2026-03-29 19:46:19 | node_7 | INFO ] 🎓 Training step done.
[ 2026-03-29 19:46:20 | node_22 | INFO ] 🧩 Model added for round 146 (2/9) from ['node_15']
[ 2026-03-29 19:46:20 | node_7 | INFO ] 🛠️ Calling force_add_local_model...
[ 2026-03-29 19:46:20 | node | INFO ] 🧩 Model added for round 146 (7/8) from ['node_45']
[ 2026-03-29 19:46:20 | node_22 | INFO ] 🏋️‍♀️ Preparing training...
[ 2026-03-29 19:46:20 | node_44 | INFO ] 🧩 Model added for round 146 (7/9) from ['node_46']
[ 2026-03-29 19:46:20 | node_7 | INFO ] ✅ [FORCE] Local model added for round 146. (7/14)
[ 2026-03-29 19:46:20 | node_47 | INFO ] ⏹️  Gossiping exited for 10 equal rounds.
[ 2026-03-29 19:46:20 | node_31 | INFO ] 🧩 Model added for round 146 (7/8) from ['node']
[ 2026-03-29 19:46:20 | node_47 | INFO ] 🔬 Evaluating...
[ 2026-03-29 19:46:20 | node_37 | INFO ] 🎓 Training step done.
[ 2026-03-29 19:46:20 | node_37 | INFO ] 🛠️ Calling force_add_local_model...
[ 2026-03-29 19:46:20 | node_37 | INFO ] ✅ [FORCE] Local model added for round 146. (5/11)
[ 2026-03-29 19:46:20 | node_36 | INFO ] 🧩 Model added for round 146 (5/8) from ['node_48']
[ 2026-03-29 19:46:20 | node_33 | INFO ] 🧩 Model added for round 146 (4/9) from ['node_49']
[ 2026-03-29 19:46:20 | node_34 | INFO ] 🎓 Training step done.
[ 2026-03-29 19:46:20 | node_34 | INFO ] 🛠️ Calling force_add_local_model...
[ 2026-03-29 19:46:21 | node_34 | INFO ] ✅ [FORCE] Local model added for round 146. (8/10)
[ 2026-03-29 19:46:21 | node_42 | INFO ] ⏹️  Gossiping exited for 10 equal rounds.
[ 2026-03-29 19:46:21 | node_42 | INFO ] 🔬 Evaluating...
[ 2026-03-29 19:46:21 | node_23 | INFO ] 🎓 Training step done.
[ 2026-03-29 19:46:21 | node_23 | INFO ] 🛠️ Calling force_add_local_model...
[ 2026-03-29 19:46:21 | node_9 | INFO ] 📤 Sending model to 11 direct neighbors: ['node_2', 'node_4', 'node_7', 'node_22', 'node_23', 'node_24', 'node_25', 'node_36', 'node_37', 'node_40', 'node_47']
[ 2026-03-29 19:46:21 | node_23 | INFO ] ✅ [FORCE] Local model added for round 146. (8/13)
[ 2026-03-29 19:46:21 | node_4 | INFO ] 🎓 Training step done.
[ 2026-03-29 19:46:21 | node_4 | INFO ] 🧩 Model added for round 146 (7/10) from ['node_45']
[ 2026-03-29 19:46:21 | node_19 | INFO ] 🧩 Model added for round 146 (5/9) from ['node_2']
[ 2026-03-29 19:46:21 | node_4 | INFO ] 🛠️ Calling force_add_local_model...
[ 2026-03-29 19:46:21 | node_4 | INFO ] ✅ [FORCE] Local model added for round 146. (8/10)
[ 2026-03-29 19:46:21 | node_21 | INFO ] 🎓 Training step done.
[ 2026-03-29 19:46:21 | node_47 | INFO ] 📈 Evaluated. Results: {'test_loss': 0.004424878396093845, 'test_accuracy': 0.991182267665863, 'test_precision': 0.23746289312839508, 'test_recall': 0.5372722744941711, 'test_f1': 0.32739725708961487, 'communication_cost': 8017988}
[ 2026-03-29 19:46:21 | node_45 | INFO ] 🧩 Model added for round 146 (8/12) from ['node']
[ 2026-03-29 19:46:21 | node_2 | INFO ] 🧩 Model added for round 146 (7/9) from ['node_9']
[ 2026-03-29 19:46:21 | node_49 | INFO ] 🧩 Model added for round 146 (6/9) from ['node_8']
[ 2026-03-29 19:46:21 | node_21 | INFO ] 🛠️ Calling force_add_local_model...
[ 2026-03-29 19:46:21 | node_47 | INFO ] 📢 Broadcasting metrics.
[ 2026-03-29 19:46:21 | node_21 | INFO ] ✅ [FORCE] Local model added for round 146. (5/11)
[ 2026-03-29 19:46:21 | node_38 | INFO ] 🎉 Round 146 of 150 finished.
[ 2026-03-29 19:46:21 | node_16 | INFO ] 🧩 Model added for round 146 (4/8) from ['node_19']
[ 2026-03-29 19:46:21 | node_38 | INFO ] 🗳️ [DETERMINISTIC] Train set assigned (No Voting). Size: 50
[ 2026-03-29 19:46:21 | node_41 | INFO ] 🎉 Round 146 of 150 finished.
[ 2026-03-29 19:46:22 | node_41 | INFO ] 🗳️ [DETERMINISTIC] Train set assigned (No Voting). Size: 50
[ 2026-03-29 19:46:22 | node_38 | INFO ] ♻️ Proactively processing 7 early models for round 146.
[ 2026-03-29 19:46:22 | node_40 | INFO ] 🧩 Model added for round 146 (5/11) from ['node_48']
[ 2026-03-29 19:46:22 | node_38 | INFO ] 🧩 Model added for round 146 (1/11) from ['node_12']
[ 2026-03-29 19:46:22 | node_38 | INFO ] 🧩 Model added for round 146 (2/11) from ['node_17']
[ 2026-03-29 19:46:22 | node_41 | INFO ] ♻️ Proactively processing 6 early models for round 146.
[ 2026-03-29 19:46:22 | node_38 | INFO ] 🧩 Model added for round 146 (3/11) from ['node_29']
[ 2026-03-29 19:46:22 | node_41 | INFO ] 🧩 Model added for round 146 (1/9) from ['node_26']
[ 2026-03-29 19:46:22 | node_20 | INFO ] 📤 Sending model to 9 direct neighbors: ['node_7', 'node_10', 'node_18', 'node_34', 'node_35', 'node_36', 'node_37', 'node_40', 'node_48']
[ 2026-03-29 19:46:22 | node_38 | INFO ] 🧩 Model added for round 146 (4/11) from ['node_16']
[ 2026-03-29 19:46:22 | node_42 | INFO ] 📈 Evaluated. Results: {'test_loss': 0.0035576820373535156, 'test_accuracy': 0.9906424283981323, 'test_precision': 0.23283644020557404, 'test_recall': 0.6495639681816101, 'test_f1': 0.33634260296821594, 'communication_cost': 5831264}
[ 2026-03-29 19:46:22 | node_41 | INFO ] 🧩 Model added for round 146 (2/9) from ['node_17']
[ 2026-03-29 19:46:22 | node_38 | INFO ] 🧩 Model added for round 146 (5/11) from ['node_40']
[ 2026-03-29 19:46:22 | node_41 | INFO ] 🧩 Model added for round 146 (3/9) from ['node_32']
[ 2026-03-29 19:46:22 | node_35 | INFO ] ⏹️  Gossiping exited for 10 equal rounds.
[ 2026-03-29 19:46:22 | node_42 | INFO ] 📢 Broadcasting metrics.
[ 2026-03-29 19:46:22 | node_38 | INFO ] 🧩 Model added for round 146 (6/11) from ['node_18']
[ 2026-03-29 19:46:22 | node_41 | INFO ] 🧩 Model added for round 146 (4/9) from ['node_8']
[ 2026-03-29 19:46:22 | node_38 | INFO ] 🧩 Model added for round 146 (7/11) from ['node_1']
[ 2026-03-29 19:46:22 | node_41 | INFO ] 🧩 Model added for round 146 (5/9) from ['node_31']
[ 2026-03-29 19:46:22 | node_22 | INFO ] 🎓 Training step done.
[ 2026-03-29 19:46:22 | node_38 | INFO ] 🏋️‍♀️ Preparing training...
[ 2026-03-29 19:46:22 | node_41 | INFO ] 🧩 Model added for round 146 (6/9) from ['node_46']
[ 2026-03-29 19:46:22 | node_22 | INFO ] 🛠️ Calling force_add_local_model...
[ 2026-03-29 19:46:22 | node_41 | INFO ] 🏋️‍♀️ Preparing training...
[ 2026-03-29 19:46:22 | node_35 | INFO ] 🔬 Evaluating...
[ 2026-03-29 19:46:22 | node_22 | INFO ] ✅ [FORCE] Local model added for round 146. (3/9)
[ 2026-03-29 19:46:22 | node_7 | INFO ] 🧩 Model added for round 146 (8/14) from ['node_20']
[ 2026-03-29 19:46:22 | node_21 | INFO ] 🧩 Model added for round 146 (6/11) from ['node_2']
[ 2026-03-29 19:46:23 | node_5 | INFO ] 🧩 Model added for round 146 (4/5) from ['node_45']
[ 2026-03-29 19:46:23 | node_39 | INFO ] 🎉 Round 146 of 150 finished.
[ 2026-03-29 19:46:23 | node_4 | INFO ] 🧩 Model added for round 146 (9/10) from ['node_9']
[ 2026-03-29 19:46:23 | node_21 | INFO ] 🧩 Model added for round 146 (7/11) from ['node_19']
[ 2026-03-29 19:46:23 | node_39 | INFO ] 🗳️ [DETERMINISTIC] Train set assigned (No Voting). Size: 50
[ 2026-03-29 19:46:23 | node_39 | INFO ] ♻️ Proactively processing 5 early models for round 146.
[ 2026-03-29 19:46:23 | node_39 | INFO ] 🧩 Model added for round 146 (1/10) from ['node_36']
[ 2026-03-29 19:46:23 | node_39 | INFO ] 🧩 Model added for round 146 (2/10) from ['node_13']
[ 2026-03-29 19:46:23 | node_43 | INFO ] ⏹️  Gossiping exited for 10 equal rounds.
[ 2026-03-29 19:46:23 | node_39 | INFO ] 🧩 Model added for round 146 (3/10) from ['node_30']
[ 2026-03-29 19:46:23 | node_39 | INFO ] 🧩 Model added for round 146 (4/10) from ['node_32']
[ 2026-03-29 19:46:23 | node_39 | INFO ] 🧩 Model added for round 146 (5/10) from ['node_33']
[ 2026-03-29 19:46:23 | node_43 | INFO ] 🔬 Evaluating...
[ 2026-03-29 19:46:23 | node_39 | INFO ] 🏋️‍♀️ Preparing training...
[ 2026-03-29 19:46:23 | node_6 | INFO ] 🧩 Model added for round 146 (5/7) from ['node_45']
[ 2026-03-29 19:46:23 | node_35 | INFO ] 📈 Evaluated. Results: {'test_loss': 0.002824371214956045, 'test_accuracy': 0.9918121099472046, 'test_precision': 0.2725535035133362, 'test_recall': 0.7269659638404846, 'test_f1': 0.39148756861686707, 'communication_cost': 7289080}
[ 2026-03-29 19:46:23 | node_35 | INFO ] 📢 Broadcasting metrics.
[ 2026-03-29 19:46:24 | node_46 | INFO ] 🧩 Model added for round 146 (5/7) from ['node_2']
[ 2026-03-29 19:46:24 | node_7 | INFO ] 🧩 Model added for round 146 (9/14) from ['node_9']
[ 2026-03-29 19:46:24 | node_43 | INFO ] 📈 Evaluated. Results: {'test_loss': 0.003857240080833435, 'test_accuracy': 0.9919021129608154, 'test_precision': 0.291141539812088, 'test_recall': 0.6990222930908203, 'test_f1': 0.40802687406539917, 'communication_cost': 5102356}
[ 2026-03-29 19:46:24 | node_22 | INFO ] 🧩 Model added for round 146 (4/9) from ['node_19']
[ 2026-03-29 19:46:24 | node_10 | INFO ] 🧩 Model added for round 146 (6/8) from ['node_20']
[ 2026-03-29 19:46:24 | node_43 | INFO ] 📢 Broadcasting metrics.
[ 2026-03-29 19:46:24 | node_38 | INFO ] 🎓 Training step done.
[ 2026-03-29 19:46:24 | node_38 | INFO ] 🛠️ Calling force_add_local_model...
[ 2026-03-29 19:46:24 | node_7 | INFO ] 🧩 Model added for round 146 (10/14) from ['node_45']
[ 2026-03-29 19:46:24 | node_38 | INFO ] ✅ [FORCE] Local model added for round 146. (8/11)
[ 2026-03-29 19:46:25 | node_41 | INFO ] 🎓 Training step done.
[ 2026-03-29 19:46:25 | node_41 | INFO ] 🛠️ Calling force_add_local_model...
[ 2026-03-29 19:46:25 | node_7 | INFO ] 📤 Sending model to 13 direct neighbors: ['node', 'node_4', 'node_9', 'node_14', 'node_16', 'node_19', 'node_20', 'node_22', 'node_30', 'node_32', 'node_37', 'node_45', 'node_47']
[ 2026-03-29 19:46:25 | node_41 | INFO ] ✅ [FORCE] Local model added for round 146. (7/9)
[ 2026-03-29 19:46:25 | node | INFO ] 🧩 Model added for round 146 (8/8) from ['node_7']
[ 2026-03-29 19:46:25 | node_18 | INFO ] 🧩 Model added for round 146 (3/9) from ['node_20']
[ 2026-03-29 19:46:25 | node_41 | INFO ] 🧩 Model added for round 146 (8/9) from ['node_19']
[ 2026-03-29 19:46:25 | node_39 | INFO ] 🎓 Training step done.
[ 2026-03-29 19:46:25 | node_37 | INFO ] 📤 Sending model to 10 direct neighbors: ['node_7', 'node_9', 'node_15', 'node_20', 'node_21', 'node_24', 'node_28', 'node_30', 'node_35', 'node_38']
[ 2026-03-29 19:46:25 | node_39 | INFO ] 🛠️ Calling force_add_local_model...
[ 2026-03-29 19:46:25 | node_39 | INFO ] ✅ [FORCE] Local model added for round 146. (6/10)
[ 2026-03-29 19:46:25 | node_42 | INFO ] 🎉 Round 146 of 150 finished.
[ 2026-03-29 19:46:26 | node_22 | INFO ] 🧩 Model added for round 146 (5/9) from ['node_9']
[ 2026-03-29 19:46:26 | node_34 | INFO ] 📤 Sending model to 9 direct neighbors: ['node_1', 'node_3', 'node_10', 'node_20', 'node_26', 'node_28', 'node_33', 'node_43', 'node_44']
[ 2026-03-29 19:46:26 | node | INFO ] 🧠 Aggregation complete. Setting new model.
[ 2026-03-29 19:46:26 | node_42 | INFO ] 🗳️ [DETERMINISTIC] Train set assigned (No Voting). Size: 50
[ 2026-03-29 19:46:26 | node_7 | INFO ] 🧩 Model added for round 146 (11/14) from ['node_37']
[ 2026-03-29 19:46:26 | node_42 | INFO ] ♻️ Proactively processing 5 early models for round 146.
[ 2026-03-29 19:46:26 | node_42 | INFO ] 🧩 Model added for round 146 (1/9) from ['node_29']
[ 2026-03-29 19:46:26 | node_47 | INFO ] 🎉 Round 146 of 150 finished.
[ 2026-03-29 19:46:26 | node_42 | INFO ] 🧩 Model added for round 146 (2/9) from ['node_16']
[ 2026-03-29 19:46:26 | node_11 | INFO ] ⏹️  Gossiping exited for 10 equal rounds.
[ 2026-03-29 19:46:26 | node_47 | INFO ] 🗳️ [DETERMINISTIC] Train set assigned (No Voting). Size: 50
[ 2026-03-29 19:46:26 | node_23 | INFO ] 📤 Sending model to 12 direct neighbors: ['node_5', 'node_8', 'node_9', 'node_18', 'node_26', 'node_29', 'node_33', 'node_35', 'node_42', 'node_43', 'node_45', 'node_48']
[ 2026-03-29 19:46:26 | node_42 | INFO ] 🧩 Model added for round 146 (3/9) from ['node_40']
[ 2026-03-29 19:46:26 | node_47 | INFO ] ♻️ Proactively processing 6 early models for round 146.
[ 2026-03-29 19:46:26 | node_47 | INFO ] 🧩 Model added for round 146 (1/12) from ['node_27']
[ 2026-03-29 19:46:26 | node_42 | INFO ] 🧩 Model added for round 146 (4/9) from ['node_15']
[ 2026-03-29 19:46:26 | node_47 | INFO ] 🧩 Model added for round 146 (2/12) from ['node_3']
[ 2026-03-29 19:46:26 | node_42 | INFO ] 🧩 Model added for round 146 (5/9) from ['node_25']
[ 2026-03-29 19:46:26 | node_42 | INFO ] 🏋️‍♀️ Preparing training...
[ 2026-03-29 19:46:26 | node_11 | INFO ] 🔬 Evaluating...
[ 2026-03-29 19:46:26 | node_47 | INFO ] 🧩 Model added for round 146 (3/12) from ['node_6']
[ 2026-03-29 19:46:26 | node_47 | INFO ] 🧩 Model added for round 146 (4/12) from ['node_18']
[ 2026-03-29 19:46:26 | node_4 | INFO ] 📤 Sending model to 9 direct neighbors: ['node_7', 'node_9', 'node_12', 'node_18', 'node_28', 'node_33', 'node_40', 'node_45', 'node_48']
[ 2026-03-29 19:46:26 | node_47 | INFO ] 🧩 Model added for round 146 (5/12) from ['node_48']
[ 2026-03-29 19:46:26 | node_47 | INFO ] 🧩 Model added for round 146 (6/12) from ['node_2']
[ 2026-03-29 19:46:26 | node_47 | INFO ] 🏋️‍♀️ Preparing training...
[ 2026-03-29 19:46:26 | node | INFO ] 🗣️ Gossiping aggregated model.
[ 2026-03-29 19:46:26 | node_21 | INFO ] 📤 Sending model to 10 direct neighbors: ['node_2', 'node_3', 'node_6', 'node_19', 'node_22', 'node_24', 'node_37', 'node_38', 'node_47', 'node_49']
[ 2026-03-29 19:46:27 | node_1 | INFO ] 🧩 Model added for round 146 (8/9) from ['node_34']
[ 2026-03-29 19:46:27 | node_43 | INFO ] 🎉 Round 146 of 150 finished.
[ 2026-03-29 19:46:27 | node_43 | INFO ] 🗳️ [DETERMINISTIC] Train set assigned (No Voting). Size: 50
[ 2026-03-29 19:46:27 | node_43 | INFO ] ♻️ Proactively processing 4 early models for round 146.
[ 2026-03-29 19:46:27 | node_43 | INFO ] 🧩 Model added for round 146 (1/8) from ['node_14']
[ 2026-03-29 19:46:27 | node_43 | INFO ] 🧩 Model added for round 146 (2/8) from ['node_8']
[ 2026-03-29 19:46:27 | node_43 | INFO ] 🧩 Model added for round 146 (3/8) from ['node_25']
[ 2026-03-29 19:46:27 | node_43 | INFO ] 🧩 Model added for round 146 (4/8) from ['node_48']
[ 2026-03-29 19:46:27 | node_43 | INFO ] 🏋️‍♀️ Preparing training...
[ 2026-03-29 19:46:27 | node_16 | INFO ] 🧩 Model added for round 146 (5/8) from ['node_45']
[ 2026-03-29 19:46:27 | node_46 | INFO ] 🧩 Model added for round 146 (6/7) from ['node_19']
[ 2026-03-29 19:46:27 | node_4 | INFO ] 🧩 Model added for round 146 (10/10) from ['node_7']
[ 2026-03-29 19:46:27 | node_5 | INFO ] 🧩 Model added for round 146 (5/5) from ['node_23']
[ 2026-03-29 19:46:27 | node_22 | INFO ] 📤 Sending model to 8 direct neighbors: ['node_7', 'node_9', 'node_11', 'node_15', 'node_19', 'node_21', 'node_33', 'node_39']
[ 2026-03-29 19:46:27 | node_2 | INFO ] 🧩 Model added for round 146 (8/9) from ['node_21']
[ 2026-03-29 19:46:27 | node_35 | INFO ] 🎉 Round 146 of 150 finished.
[ 2026-03-29 19:46:27 | node_7 | INFO ] 🧩 Model added for round 146 (12/14) from ['node_4']
[ 2026-03-29 19:46:28 | node_35 | INFO ] 🗳️ [DETERMINISTIC] Train set assigned (No Voting). Size: 50
[ 2026-03-29 19:46:28 | node_34 | INFO ] 🧩 Model added for round 146 (9/10) from ['node_20']
[ 2026-03-29 19:46:28 | node_11 | INFO ] 📈 Evaluated. Results: {'test_loss': 0.0028319405391812325, 'test_accuracy': 0.9915429353713989, 'test_precision': 0.33812811970710754, 'test_recall': 0.8126736283302307, 'test_f1': 0.471422404050827, 'communication_cost': 4373448}
[ 2026-03-29 19:46:28 | node_35 | INFO ] ♻️ Proactively processing 6 early models for round 146.
[ 2026-03-29 19:46:28 | node_35 | INFO ] 🧩 Model added for round 146 (1/11) from ['node_10']
[ 2026-03-29 19:46:28 | node_35 | INFO ] 🧩 Model added for round 146 (2/11) from ['node_24']
[ 2026-03-29 19:46:28 | node_35 | INFO ] 🧩 Model added for round 146 (3/11) from ['node_30']
[ 2026-03-29 19:46:28 | node_23 | INFO ] 🧩 Model added for round 146 (9/13) from ['node_9']
[ 2026-03-29 19:46:28 | node_35 | INFO ] 🧩 Model added for round 146 (4/11) from ['node_8']
[ 2026-03-29 19:46:28 | node_35 | INFO ] 🧩 Model added for round 146 (5/11) from ['node_25']
[ 2026-03-29 19:46:28 | node_35 | INFO ] 🧩 Model added for round 146 (6/11) from ['node_49']
[ 2026-03-29 19:46:28 | node_35 | INFO ] 🏋️‍♀️ Preparing training...
[ 2026-03-29 19:46:28 | node_11 | INFO ] 📢 Broadcasting metrics.
[ 2026-03-29 19:46:28 | node_9 | INFO ] 🧩 Model added for round 146 (7/12) from ['node_37']
[ 2026-03-29 19:46:28 | node_3 | INFO ] 🧩 Model added for round 146 (4/6) from ['node_34']
[ 2026-03-29 19:46:28 | node_7 | INFO ] 🧩 Model added for round 146 (13/14) from ['node_22']
[ 2026-03-29 19:46:29 | node_18 | INFO ] 🧩 Model added for round 146 (4/9) from ['node_45']
[ 2026-03-29 19:46:29 | node_8 | INFO ] 🧩 Model added for round 146 (9/12) from ['node_23']
[ 2026-03-29 19:46:29 | node_3 | INFO ] 🧩 Model added for round 146 (5/6) from ['node_21']
[ 2026-03-29 19:46:29 | node_49 | INFO ] 🧩 Model added for round 146 (7/9) from ['node_19']
[ 2026-03-29 19:46:29 | node_9 | INFO ] 🧩 Model added for round 146 (8/12) from ['node_7']
[ 2026-03-29 19:46:29 | node_42 | INFO ] 🎓 Training step done.
[ 2026-03-29 19:46:29 | node_5 | INFO ] 🧠 Aggregation complete. Setting new model.
[ 2026-03-29 19:46:29 | node_42 | INFO ] 🛠️ Calling force_add_local_model...
[ 2026-03-29 19:46:29 | node_42 | INFO ] ✅ [FORCE] Local model added for round 146. (6/9)
[ 2026-03-29 19:46:29 | node_47 | INFO ] 🎓 Training step done.
[ 2026-03-29 19:46:29 | node_35 | INFO ] 🧩 Model added for round 146 (7/11) from ['node_20']
[ 2026-03-29 19:46:29 | node_47 | INFO ] 🛠️ Calling force_add_local_model...
[ 2026-03-29 19:46:29 | node_47 | INFO ] ✅ [FORCE] Local model added for round 146. (7/12)
[ 2026-03-29 19:46:29 | node_43 | INFO ] 🎓 Training step done.
[ 2026-03-29 19:46:29 | node_43 | INFO ] 🛠️ Calling force_add_local_model...
[ 2026-03-29 19:46:29 | node_5 | INFO ] 🗣️ Gossiping aggregated model.
[ 2026-03-29 19:46:29 | node_38 | INFO ] 📤 Sending model to 10 direct neighbors: ['node_1', 'node_12', 'node_16', 'node_17', 'node_18', 'node_21', 'node_29', 'node_37', 'node_40', 'node_47']
[ 2026-03-29 19:46:29 | node_43 | INFO ] ✅ [FORCE] Local model added for round 146. (5/8)
[ 2026-03-29 19:46:30 | node_10 | INFO ] 🧩 Model added for round 146 (7/8) from ['node_34']
[ 2026-03-29 19:46:30 | node_6 | INFO ] 🧩 Model added for round 146 (6/7) from ['node_21']
[ 2026-03-29 19:46:30 | node_41 | INFO ] 📤 Sending model to 8 direct neighbors: ['node_8', 'node_17', 'node_19', 'node_26', 'node_31', 'node_32', 'node_42', 'node_46']
[ 2026-03-29 19:46:30 | node_9 | INFO ] 🧩 Model added for round 146 (9/12) from ['node_4']
[ 2026-03-29 19:46:30 | node_1 | INFO ] 🧩 Model added for round 146 (9/9) from ['node_38']
[ 2026-03-29 19:46:30 | node_15 | INFO ] 🧩 Model added for round 146 (7/9) from ['node_37']
[ 2026-03-29 19:46:30 | node_24 | INFO ] 🧩 Model added for round 146 (5/8) from ['node_9']
[ 2026-03-29 19:46:30 | node_23 | INFO ] 🧩 Model added for round 146 (10/13) from ['node_45']
[ 2026-03-29 19:46:30 | node_35 | INFO ] 🎓 Training step done.
[ 2026-03-29 19:46:30 | node_8 | INFO ] 🧩 Model added for round 146 (10/12) from ['node_41']
[ 2026-03-29 19:46:30 | node_35 | INFO ] 🛠️ Calling force_add_local_model...
[ 2026-03-29 19:46:30 | node_9 | INFO ] 🧩 Model added for round 146 (10/12) from ['node_23']
[ 2026-03-29 19:46:30 | node_1 | INFO ] 🧠 Aggregation complete. Setting new model.
[ 2026-03-29 19:46:30 | node_14 | INFO ] 🧩 Model added for round 146 (6/7) from ['node_7']
[ 2026-03-29 19:46:30 | node_35 | INFO ] ✅ [FORCE] Local model added for round 146. (8/11)
[ 2026-03-29 19:46:31 | node_39 | INFO ] 📤 Sending model to 9 direct neighbors: ['node_13', 'node_22', 'node_30', 'node_32', 'node_33', 'node_35', 'node_36', 'node_42', 'node_47']
[ 2026-03-29 19:46:31 | node_11 | INFO ] 🎉 Round 146 of 150 finished.
[ 2026-03-29 19:46:31 | node_11 | INFO ] 🗳️ [DETERMINISTIC] Train set assigned (No Voting). Size: 50
[ 2026-03-29 19:46:31 | node_11 | INFO ] ♻️ Proactively processing 5 early models for round 146.
[ 2026-03-29 19:46:31 | node_11 | INFO ] 🧩 Model added for round 146 (1/7) from ['node_29']
[ 2026-03-29 19:46:31 | node_11 | INFO ] 🧩 Model added for round 146 (2/7) from ['node_40']
[ 2026-03-29 19:46:31 | node_11 | INFO ] 🧩 Model added for round 146 (3/7) from ['node_32']
[ 2026-03-29 19:46:31 | node_11 | INFO ] 🧩 Model added for round 146 (4/7) from ['node_18']
[ 2026-03-29 19:46:31 | node_1 | INFO ] 🗣️ Gossiping aggregated model.
[ 2026-03-29 19:46:31 | node_11 | INFO ] 🧩 Model added for round 146 (5/7) from ['node_44']
[ 2026-03-29 19:46:31 | node_11 | INFO ] 🏋️‍♀️ Preparing training...
[ 2026-03-29 19:46:31 | node_36 | INFO ] 🧩 Model added for round 146 (6/8) from ['node_20']
[ 2026-03-29 19:46:32 | node_9 | INFO ] 🧩 Model added for round 146 (11/12) from ['node_22']
[ 2026-03-29 19:46:32 | node_13 | INFO ] 🧩 Model added for round 146 (6/6) from ['node_39']
[ 2026-03-29 19:46:32 | node_12 | INFO ] 🧩 Model added for round 146 (5/6) from ['node_38']
[ 2026-03-29 19:46:32 | node_19 | INFO ] 🧩 Model added for round 146 (6/9) from ['node_21']
[ 2026-03-29 19:46:32 | node_25 | INFO ] 🧩 Model added for round 146 (5/8) from ['node_9']
[ 2026-03-29 19:46:32 | node_20 | INFO ] 🧩 Model added for round 146 (7/10) from ['node_34']
[ 2026-03-29 19:46:32 | node_16 | INFO ] 🧩 Model added for round 146 (6/8) from ['node_7']
[ 2026-03-29 19:46:32 | node_12 | INFO ] 🧩 Model added for round 146 (6/6) from ['node_4']
[ 2026-03-29 19:46:32 | node_17 | INFO ] 🧩 Model added for round 146 (5/6) from ['node_41']
[ 2026-03-29 19:46:33 | node_20 | INFO ] 🧩 Model added for round 146 (8/10) from ['node_37']
[ 2026-03-29 19:46:33 | node_27 | INFO ] 🧩 Model added for round 146 (4/5) from ['node_45']
[ 2026-03-29 19:46:33 | node_18 | INFO ] 🧩 Model added for round 146 (5/9) from ['node_23']
[ 2026-03-29 19:46:33 | node_22 | INFO ] 🧩 Model added for round 146 (6/9) from ['node_21']
[ 2026-03-29 19:46:33 | node_16 | INFO ] 🧩 Model added for round 146 (7/8) from ['node_38']
[ 2026-03-29 19:46:33 | node_22 | INFO ] 🧩 Model added for round 146 (7/9) from ['node_39']
[ 2026-03-29 19:46:34 | node_36 | INFO ] 🧩 Model added for round 146 (7/8) from ['node_9']
[ 2026-03-29 19:46:34 | node_19 | INFO ] 🧩 Model added for round 146 (7/9) from ['node_41']
[ 2026-03-29 19:46:34 | node_11 | INFO ] 🧩 Model added for round 146 (6/7) from ['node_22']
[ 2026-03-29 19:46:34 | node_37 | INFO ] 🧩 Model added for round 146 (6/11) from ['node_20']
[ 2026-03-29 19:46:39 | node_42 | INFO ] 📤 Sending model to 8 direct neighbors: ['node_15', 'node_16', 'node_23', 'node_25', 'node_29', 'node_39', 'node_40', 'node_41']
[ 2026-03-29 19:46:39 | node_26 | INFO ] 🧩 Model added for round 146 (8/10) from ['node_34']
[ 2026-03-29 19:46:39 | node_43 | INFO ] 📤 Sending model to 7 direct neighbors: ['node_8', 'node_14', 'node_23', 'node_25', 'node_34', 'node_45', 'node_48']
[ 2026-03-29 19:46:39 | node_47 | INFO ] 📤 Sending model to 11 direct neighbors: ['node_2', 'node_3', 'node_6', 'node_7', 'node_9', 'node_18', 'node_21', 'node_27', 'node_38', 'node_39', 'node_48']
[ 2026-03-29 19:46:39 | node_35 | INFO ] 📤 Sending model to 10 direct neighbors: ['node_8', 'node_10', 'node_20', 'node_23', 'node_24', 'node_25', 'node_30', 'node_37', 'node_39', 'node_49']
[ 2026-03-29 19:46:40 | node_18 | INFO ] 🧩 Model added for round 146 (6/9) from ['node_4']
[ 2026-03-29 19:46:40 | node_29 | INFO ] 🧩 Model added for round 146 (4/8) from ['node_45']
[ 2026-03-29 19:46:40 | node_12 | INFO ] 🧠 Aggregation complete. Setting new model.
[ 2026-03-29 19:46:40 | node_13 | INFO ] 🧠 Aggregation complete. Setting new model.
[ 2026-03-29 19:46:40 | node_19 | INFO ] 🧩 Model added for round 146 (8/9) from ['node_7']
[ 2026-03-29 19:46:40 | node_11 | INFO ] 🎓 Training step done.
[ 2026-03-29 19:46:40 | node_11 | INFO ] 🛠️ Calling force_add_local_model...
[ 2026-03-29 19:46:40 | node_11 | INFO ] ✅ [FORCE] Local model added for round 146. (7/7)
[ 2026-03-29 19:46:40 | node_15 | INFO ] 🧩 Model added for round 146 (8/9) from ['node_42']
[ 2026-03-29 19:46:40 | node_8 | INFO ] 🧩 Model added for round 146 (11/12) from ['node_35']
[ 2026-03-29 19:46:40 | node_2 | INFO ] 🧩 Model added for round 146 (9/9) from ['node_47']
[ 2026-03-29 19:46:40 | node_8 | INFO ] 🧩 Model added for round 146 (12/12) from ['node_43']
[ 2026-03-29 19:46:40 | node_21 | INFO ] 🧩 Model added for round 146 (8/11) from ['node_37']
[ 2026-03-29 19:46:41 | node_26 | INFO ] 🧩 Model added for round 146 (9/10) from ['node_23']
[ 2026-03-29 19:46:41 | node_2 | INFO ] 🧠 Aggregation complete. Setting new model.
[ 2026-03-29 19:46:41 | node_13 | INFO ] 🗣️ Gossiping aggregated model.
[ 2026-03-29 19:46:41 | node_8 | INFO ] 🧠 Aggregation complete. Setting new model.
[ 2026-03-29 19:46:41 | node_12 | INFO ] 🗣️ Gossiping aggregated model.
[ 2026-03-29 19:46:42 | node_2 | INFO ] 🗣️ Gossiping aggregated model.
[ 2026-03-29 19:46:42 | node_37 | INFO ] 🧩 Model added for round 146 (7/11) from ['node_9']
[ 2026-03-29 19:46:43 | node_43 | INFO ] 🧩 Model added for round 146 (6/8) from ['node_45']
[ 2026-03-29 19:46:43 | node_30 | INFO ] 🧩 Model added for round 146 (7/10) from ['node_39']
[ 2026-03-29 19:46:43 | node_24 | INFO ] 🧩 Model added for round 146 (6/8) from ['node_21']
[ 2026-03-29 19:46:43 | node_26 | INFO ] 🧩 Model added for round 146 (10/10) from ['node_41']
[ 2026-03-29 19:46:43 | node_15 | INFO ] 🧩 Model added for round 146 (9/9) from ['node_22']
[ 2026-03-29 19:46:43 | node_28 | INFO ] 🧩 Model added for round 146 (5/7) from ['node_4']
[ 2026-03-29 19:46:43 | node_8 | INFO ] 🗣️ Gossiping aggregated model.
[ 2026-03-29 19:46:43 | node_20 | INFO ] 🧩 Model added for round 146 (9/10) from ['node_7']
[ 2026-03-29 19:46:43 | node_17 | INFO ] 🧩 Model added for round 146 (6/6) from ['node_38']
[ 2026-03-29 19:46:43 | node_3 | INFO ] 🧩 Model added for round 146 (6/6) from ['node_47']
[ 2026-03-29 19:46:43 | node_16 | INFO ] 🧩 Model added for round 146 (8/8) from ['node_42']
[ 2026-03-29 19:46:43 | node_28 | INFO ] 🧩 Model added for round 146 (6/7) from ['node_34']
[ 2026-03-29 19:46:43 | node_40 | INFO ] 🧩 Model added for round 146 (6/11) from ['node_20']
[ 2026-03-29 19:46:43 | node_10 | INFO ] 🧩 Model added for round 146 (8/8) from ['node_35']
[ 2026-03-29 19:46:44 | node_24 | INFO ] 🧩 Model added for round 146 (7/8) from ['node_37']
[ 2026-03-29 19:46:44 | node_14 | INFO ] 🧩 Model added for round 146 (7/7) from ['node_43']
[ 2026-03-29 19:46:44 | node_29 | INFO ] 🧩 Model added for round 146 (5/8) from ['node_23']
[ 2026-03-29 19:46:45 | node_32 | INFO ] 🧩 Model added for round 146 (6/9) from ['node_39']
[ 2026-03-29 19:46:45 | node_18 | INFO ] 🧩 Model added for round 146 (7/9) from ['node_38']
[ 2026-03-29 19:46:45 | node_37 | INFO ] 🧩 Model added for round 146 (8/11) from ['node_21']
[ 2026-03-29 19:46:45 | node_40 | INFO ] 🧩 Model added for round 146 (7/11) from ['node_9']
[ 2026-03-29 19:46:45 | node_33 | INFO ] 🧩 Model added for round 146 (5/9) from ['node_4']
[ 2026-03-29 19:46:45 | node_22 | INFO ] 🧩 Model added for round 146 (8/9) from ['node_7']
[ 2026-03-29 19:46:45 | node_6 | INFO ] 🧩 Model added for round 146 (7/7) from ['node_47']
[ 2026-03-29 19:46:45 | node_33 | INFO ] 🧩 Model added for round 146 (6/9) from ['node_34']
[ 2026-03-29 19:46:45 | node_11 | INFO ] 📤 Sending model to 6 direct neighbors: ['node_18', 'node_22', 'node_29', 'node_32', 'node_40', 'node_44']
[ 2026-03-29 19:46:45 | node_23 | INFO ] 🧩 Model added for round 146 (11/13) from ['node_42']
[ 2026-03-29 19:46:45 | node_31 | INFO ] 🧩 Model added for round 146 (8/8) from ['node_41']
[ 2026-03-29 19:46:45 | node_28 | INFO ] 🧩 Model added for round 146 (7/7) from ['node_37']
[ 2026-03-29 19:46:45 | node_20 | INFO ] 🧩 Model added for round 146 (10/10) from ['node_35']
[ 2026-03-29 19:46:45 | node_23 | INFO ] 🧩 Model added for round 146 (12/13) from ['node_43']
[ 2026-03-29 19:46:46 | node_19 | INFO ] 🧩 Model added for round 146 (9/9) from ['node_22']
[ 2026-03-29 19:46:46 | node_48 | INFO ] 🧩 Model added for round 146 (7/11) from ['node_20']
[ 2026-03-29 19:46:46 | node_33 | INFO ] 🧩 Model added for round 146 (7/9) from ['node_23']
[ 2026-03-29 19:46:46 | node_21 | INFO ] 🧩 Model added for round 146 (9/11) from ['node_38']
[ 2026-03-29 19:46:46 | node_18 | INFO ] 🧩 Model added for round 146 (8/9) from ['node_11']
[ 2026-03-29 19:46:46 | node_3 | INFO ] 🧠 Aggregation complete. Setting new model.
[ 2026-03-29 19:46:46 | node_15 | INFO ] 🧠 Aggregation complete. Setting new model.
[ 2026-03-29 19:46:46 | node_33 | INFO ] 🧩 Model added for round 146 (8/9) from ['node_39']
[ 2026-03-29 19:46:46 | node_17 | INFO ] 🧠 Aggregation complete. Setting new model.
[ 2026-03-29 19:46:47 | node_3 | INFO ] 🗣️ Gossiping aggregated model.
[ 2026-03-29 19:46:47 | node_7 | INFO ] 🧩 Model added for round 146 (14/14) from ['node_47']
[ 2026-03-29 19:46:47 | node_17 | INFO ] 🗣️ Gossiping aggregated model.
[ 2026-03-29 19:46:47 | node_40 | INFO ] 🧩 Model added for round 146 (8/11) from ['node_4']
[ 2026-03-29 19:46:47 | node_30 | INFO ] 🧩 Model added for round 146 (8/10) from ['node_7']
[ 2026-03-29 19:46:47 | node_43 | INFO ] 🧩 Model added for round 146 (7/8) from ['node_34']
[ 2026-03-29 19:46:47 | node_32 | INFO ] 🧩 Model added for round 146 (7/9) from ['node_41']
[ 2026-03-29 19:46:47 | node_47 | INFO ] 🧩 Model added for round 146 (8/12) from ['node_9']
[ 2026-03-29 19:46:47 | node_30 | INFO ] 🧩 Model added for round 146 (9/10) from ['node_37']
[ 2026-03-29 19:46:47 | node_15 | INFO ] 🗣️ Gossiping aggregated model.
[ 2026-03-29 19:46:48 | node_25 | INFO ] 🧩 Model added for round 146 (6/8) from ['node_42']
[ 2026-03-29 19:46:48 | node_38 | INFO ] 🧩 Model added for round 146 (9/11) from ['node_21']
[ 2026-03-29 19:46:48 | node_35 | INFO ] 🧩 Model added for round 146 (9/11) from ['node_23']
[ 2026-03-29 19:46:48 | node_23 | INFO ] 🧩 Model added for round 146 (13/13) from ['node_35']
[ 2026-03-29 19:46:48 | node_10 | INFO ] 🧠 Aggregation complete. Setting new model.
[ 2026-03-29 19:46:48 | node_29 | INFO ] 🧩 Model added for round 146 (6/8) from ['node_38']
[ 2026-03-29 19:46:48 | node_21 | INFO ] 🧩 Model added for round 146 (10/11) from ['node_22']
[ 2026-03-29 19:46:48 | node_31 | INFO ] 🧠 Aggregation complete. Setting new model.
[ 2026-03-29 19:46:48 | node_14 | INFO ] 🧠 Aggregation complete. Setting new model.
[ 2026-03-29 19:46:48 | node_6 | INFO ] 🧠 Aggregation complete. Setting new model.
[ 2026-03-29 19:46:48 | node_22 | INFO ] 🧩 Model added for round 146 (9/9) from ['node_11']
[ 2026-03-29 19:46:48 | node_16 | INFO ] 🧠 Aggregation complete. Setting new model.
[ 2026-03-29 19:46:48 | node_28 | INFO ] 🧠 Aggregation complete. Setting new model.
[ 2026-03-29 19:46:48 | node_26 | INFO ] 🧠 Aggregation complete. Setting new model.
[ 2026-03-29 19:46:48 | node_19 | INFO ] 🧠 Aggregation complete. Setting new model.
[ 2026-03-29 19:46:48 | node_20 | INFO ] 🧠 Aggregation complete. Setting new model.
[ 2026-03-29 19:46:48 | node_35 | INFO ] 🧩 Model added for round 146 (10/11) from ['node_39']
[ 2026-03-29 19:46:48 | node_25 | INFO ] 🧩 Model added for round 146 (7/8) from ['node_43']
[ 2026-03-29 19:46:48 | node_6 | INFO ] 🗣️ Gossiping aggregated model.
[ 2026-03-29 19:46:48 | node_28 | INFO ] 🗣️ Gossiping aggregated model.
[ 2026-03-29 19:46:48 | node_31 | INFO ] 🗣️ Gossiping aggregated model.
[ 2026-03-29 19:46:49 | node_10 | INFO ] 🗣️ Gossiping aggregated model.
[ 2026-03-29 19:46:49 | node_16 | INFO ] 🗣️ Gossiping aggregated model.
[ 2026-03-29 19:46:49 | node_14 | INFO ] 🗣️ Gossiping aggregated model.
[ 2026-03-29 19:46:49 | node_19 | INFO ] 🗣️ Gossiping aggregated model.
[ 2026-03-29 19:46:49 | node_26 | INFO ] 🗣️ Gossiping aggregated model.
[ 2026-03-29 19:46:49 | node_20 | INFO ] 🗣️ Gossiping aggregated model.
[ 2026-03-29 19:46:49 | node_44 | INFO ] 🧩 Model added for round 146 (8/9) from ['node_34']
[ 2026-03-29 19:46:49 | node_42 | INFO ] 🧩 Model added for round 146 (7/9) from ['node_41']
[ 2026-03-29 19:46:50 | node_37 | INFO ] 🧩 Model added for round 146 (9/11) from ['node_38']
[ 2026-03-29 19:46:50 | node_34 | INFO ] 🧩 Model added for round 146 (10/10) from ['node_43']
[ 2026-03-29 19:46:50 | node_35 | INFO ] 🧩 Model added for round 146 (11/11) from ['node_37']
[ 2026-03-29 19:46:50 | node_45 | INFO ] 🧩 Model added for round 146 (9/12) from ['node_4']
[ 2026-03-29 19:46:50 | node_32 | INFO ] 🧩 Model added for round 146 (8/9) from ['node_7']
[ 2026-03-29 19:46:50 | node_29 | INFO ] 🧩 Model added for round 146 (7/8) from ['node_42']
[ 2026-03-29 19:46:50 | node_42 | INFO ] 🧩 Model added for round 146 (8/9) from ['node_23']
[ 2026-03-29 19:46:50 | node_24 | INFO ] 🧩 Model added for round 146 (8/8) from ['node_35']
[ 2026-03-29 19:46:50 | node_9 | INFO ] 🧩 Model added for round 146 (12/12) from ['node_47']
[ 2026-03-29 19:46:50 | node_29 | INFO ] 🧩 Model added for round 146 (8/8) from ['node_11']
[ 2026-03-29 19:46:50 | node_36 | INFO ] 🧩 Model added for round 146 (8/8) from ['node_39']
[ 2026-03-29 19:46:50 | node_33 | INFO ] 🧩 Model added for round 146 (9/9) from ['node_22']
[ 2026-03-29 19:46:50 | node_47 | INFO ] 🧩 Model added for round 146 (9/12) from ['node_21']
[ 2026-03-29 19:46:51 | node_46 | INFO ] 🧩 Model added for round 146 (7/7) from ['node_41']
[ 2026-03-29 19:46:52 | node_39 | INFO ] 🧩 Model added for round 146 (7/10) from ['node_42']
[ 2026-03-29 19:46:52 | node_43 | INFO ] 🧩 Model added for round 146 (8/8) from ['node_23']
[ 2026-03-29 19:46:52 | node_25 | INFO ] 🧩 Model added for round 146 (8/8) from ['node_35']
[ 2026-03-29 19:46:52 | node_38 | INFO ] 🧩 Model added for round 146 (10/11) from ['node_37']
[ 2026-03-29 19:46:52 | node_32 | INFO ] 🧩 Model added for round 146 (9/9) from ['node_11']
[ 2026-03-29 19:46:52 | node_45 | INFO ] 🧩 Model added for round 146 (10/12) from ['node_43']
[ 2026-03-29 19:46:52 | node_40 | INFO ] 🧩 Model added for round 146 (9/11) from ['node_38']
[ 2026-03-29 19:46:52 | node_42 | INFO ] 🧩 Model added for round 146 (9/9) from ['node_39']
[ 2026-03-29 19:46:52 | node_48 | INFO ] 🧩 Model added for round 146 (8/11) from ['node_4']
[ 2026-03-29 19:46:52 | node_37 | INFO ] 🧩 Model added for round 146 (10/11) from ['node_7']
[ 2026-03-29 19:46:52 | node_18 | INFO ] 🧩 Model added for round 146 (9/9) from ['node_47']
[ 2026-03-29 19:46:53 | node_49 | INFO ] 🧩 Model added for round 146 (8/9) from ['node_21']
[ 2026-03-29 19:46:53 | node_39 | INFO ] 🧩 Model added for round 146 (8/10) from ['node_22']
[ 2026-03-29 19:46:53 | node_25 | INFO ] 🧠 Aggregation complete. Setting new model.
[ 2026-03-29 19:46:53 | node_36 | INFO ] 🧠 Aggregation complete. Setting new model.
[ 2026-03-29 19:46:54 | node_33 | INFO ] 🧠 Aggregation complete. Setting new model.
[ 2026-03-29 19:46:54 | node_40 | INFO ] 🧩 Model added for round 146 (10/11) from ['node_11']
[ 2026-03-29 19:46:54 | node_30 | INFO ] 🧩 Model added for round 146 (10/10) from ['node_35']
[ 2026-03-29 19:46:54 | node_24 | INFO ] 🧠 Aggregation complete. Setting new model.
[ 2026-03-29 19:46:54 | node_29 | INFO ] 🧠 Aggregation complete. Setting new model.
[ 2026-03-29 19:46:54 | node_45 | INFO ] 🧩 Model added for round 146 (11/12) from ['node_23']
[ 2026-03-29 19:46:54 | node_25 | INFO ] 🗣️ Gossiping aggregated model.
[ 2026-03-29 19:46:55 | node_33 | INFO ] 🗣️ Gossiping aggregated model.
[ 2026-03-29 19:46:55 | node_29 | INFO ] 🗣️ Gossiping aggregated model.
[ 2026-03-29 19:46:55 | node_36 | INFO ] 🗣️ Gossiping aggregated model.
[ 2026-03-29 19:46:55 | node_24 | INFO ] 🗣️ Gossiping aggregated model.
[ 2026-03-29 19:46:55 | node_21 | INFO ] 🧩 Model added for round 146 (11/11) from ['node_47']
[ 2026-03-29 19:46:55 | node_40 | INFO ] 🧩 Model added for round 146 (11/11) from ['node_42']
[ 2026-03-29 19:46:55 | node_47 | INFO ] 🧩 Model added for round 146 (10/12) from ['node_39']
[ 2026-03-29 19:46:55 | node_47 | INFO ] 🧩 Model added for round 146 (11/12) from ['node_38']
[ 2026-03-29 19:46:55 | node_48 | INFO ] 🧩 Model added for round 146 (9/11) from ['node_43']
[ 2026-03-29 19:46:56 | node_45 | INFO ] 🧩 Model added for round 146 (12/12) from ['node_7']
[ 2026-03-29 19:46:56 | node_46 | INFO ] 🧠 Aggregation complete. Setting new model.
[ 2026-03-29 19:46:56 | node_44 | INFO ] 🧩 Model added for round 146 (9/9) from ['node_11']
[ 2026-03-29 19:46:56 | node_37 | INFO ] 🧩 Model added for round 146 (11/11) from ['node_35']
[ 2026-03-29 19:46:56 | node_18 | INFO ] 🧠 Aggregation complete. Setting new model.
[ 2026-03-29 19:46:57 | node_48 | INFO ] 🧩 Model added for round 146 (10/11) from ['node_23']
[ 2026-03-29 19:46:57 | node_27 | INFO ] 🧩 Model added for round 146 (5/5) from ['node_47']
[ 2026-03-29 19:46:57 | node_34 | INFO ] 🧠 Aggregation complete. Setting new model.
[ 2026-03-29 19:46:57 | node_41 | INFO ] 🧩 Model added for round 146 (9/9) from ['node_42']
[ 2026-03-29 19:46:57 | node_46 | INFO ] 🗣️ Gossiping aggregated model.
[ 2026-03-29 19:46:57 | node_32 | INFO ] 🧠 Aggregation complete. Setting new model.
[ 2026-03-29 19:46:57 | node_9 | INFO ] 🧠 Aggregation complete. Setting new model.
[ 2026-03-29 19:46:58 | node_22 | INFO ] 🧠 Aggregation complete. Setting new model.
[ 2026-03-29 19:46:58 | node_27 | INFO ] 🧠 Aggregation complete. Setting new model.
[ 2026-03-29 19:46:58 | node_47 | INFO ] 🧩 Model added for round 146 (12/12) from ['node_7']
[ 2026-03-29 19:46:58 | node_41 | INFO ] 🧠 Aggregation complete. Setting new model.
[ 2026-03-29 19:46:58 | node_37 | INFO ] 🧠 Aggregation complete. Setting new model.
[ 2026-03-29 19:46:58 | node_30 | INFO ] 🧠 Aggregation complete. Setting new model.
[ 2026-03-29 19:46:58 | node_43 | INFO ] 🧠 Aggregation complete. Setting new model.
[ 2026-03-29 19:46:58 | node_21 | INFO ] 🧠 Aggregation complete. Setting new model.
[ 2026-03-29 19:46:59 | node_38 | INFO ] 🧩 Model added for round 146 (11/11) from ['node_47']
[ 2026-03-29 19:46:59 | node_4 | INFO ] 🧠 Aggregation complete. Setting new model.
[ 2026-03-29 19:46:59 | node_18 | INFO ] 🗣️ Gossiping aggregated model.
[ 2026-03-29 19:46:59 | node_44 | INFO ] 🧠 Aggregation complete. Setting new model.
[ 2026-03-29 19:46:59 | node_45 | INFO ] 🧠 Aggregation complete. Setting new model.
[ 2026-03-29 19:46:59 | node_40 | INFO ] 🧠 Aggregation complete. Setting new model.
[ 2026-03-29 19:46:59 | node_27 | INFO ] 🗣️ Gossiping aggregated model.
[ 2026-03-29 19:46:59 | node_32 | INFO ] 🗣️ Gossiping aggregated model.
[ 2026-03-29 19:46:59 | node_34 | INFO ] 🗣️ Gossiping aggregated model.
[ 2026-03-29 19:46:59 | node_11 | INFO ] 🧠 Aggregation complete. Setting new model.
[ 2026-03-29 19:46:59 | node_38 | INFO ] 🧠 Aggregation complete. Setting new model.
[ 2026-03-29 19:46:59 | node_42 | INFO ] 🧠 Aggregation complete. Setting new model.
[ 2026-03-29 19:46:59 | node_39 | INFO ] 🧩 Model added for round 146 (9/10) from ['node_35']
[ 2026-03-29 19:46:59 | node_22 | INFO ] 🗣️ Gossiping aggregated model.
[ 2026-03-29 19:46:59 | node_41 | INFO ] 🗣️ Gossiping aggregated model.
[ 2026-03-29 19:46:59 | node_9 | INFO ] 🗣️ Gossiping aggregated model.
[ 2026-03-29 19:46:59 | node_43 | INFO ] 🗣️ Gossiping aggregated model.
[ 2026-03-29 19:46:59 | node_44 | INFO ] 🗣️ Gossiping aggregated model.
[ 2026-03-29 19:46:59 | node_30 | INFO ] 🗣️ Gossiping aggregated model.
[ 2026-03-29 19:47:00 | node_37 | INFO ] 🗣️ Gossiping aggregated model.
[ 2026-03-29 19:47:00 | node_4 | INFO ] 🗣️ Gossiping aggregated model.
[ 2026-03-29 19:47:00 | node_40 | INFO ] 🗣️ Gossiping aggregated model.
[ 2026-03-29 19:47:00 | node_11 | INFO ] 🗣️ Gossiping aggregated model.
[ 2026-03-29 19:47:00 | node_11 | INFO ] 🤫 Gossip finished.
[ 2026-03-29 19:47:00 | node_46 | INFO ] 🤫 Gossip finished.
[ 2026-03-29 19:47:00 | node_11 | INFO ] 🔬 Evaluating...
[ 2026-03-29 19:47:00 | node_46 | INFO ] 🔬 Evaluating...
[ 2026-03-29 19:47:00 | node_42 | INFO ] 🗣️ Gossiping aggregated model.
[ 2026-03-29 19:47:00 | node_21 | INFO ] 🗣️ Gossiping aggregated model.
[ 2026-03-29 19:47:00 | node_45 | INFO ] 🗣️ Gossiping aggregated model.
[ 2026-03-29 19:47:00 | node_12 | INFO ] 🤫 Gossip finished.
[ 2026-03-29 19:47:00 | node_12 | INFO ] 🔬 Evaluating...
[ 2026-03-29 19:47:00 | node_38 | INFO ] 🗣️ Gossiping aggregated model.
[ 2026-03-29 19:47:01 | node_28 | INFO ] 🤫 Gossip finished.
[ 2026-03-29 19:47:01 | node_28 | INFO ] 🔬 Evaluating...
[ 2026-03-29 19:47:01 | node_17 | INFO ] 🤫 Gossip finished.
[ 2026-03-29 19:47:01 | node_17 | INFO ] 🔬 Evaluating...
[ 2026-03-29 19:47:01 | node_15 | INFO ] 🤫 Gossip finished.
[ 2026-03-29 19:47:01 | node_15 | INFO ] 🔬 Evaluating...
[ 2026-03-29 19:47:01 | node_49 | INFO ] 🧩 Model added for round 146 (9/9) from ['node_35']
[ 2026-03-29 19:47:01 | node_11 | INFO ] 📈 Evaluated. Results: {'test_loss': 0.0028304976876825094, 'test_accuracy': 0.9918128848075867, 'test_precision': 0.3489431142807007, 'test_recall': 0.8126736283302307, 'test_f1': 0.48030611872673035, 'communication_cost': 4373448}
[ 2026-03-29 19:47:01 | node_39 | INFO ] 🧩 Model added for round 146 (10/10) from ['node_47']
[ 2026-03-29 19:47:01 | node_11 | INFO ] 📢 Broadcasting metrics.
[ 2026-03-29 19:47:02 | node_44 | INFO ] 🤫 Gossip finished.
[ 2026-03-29 19:47:02 | node_44 | INFO ] 🔬 Evaluating...
[ 2026-03-29 19:47:02 | node_34 | INFO ] 🤫 Gossip finished.
[ 2026-03-29 19:47:02 | node_49 | INFO ] 🧠 Aggregation complete. Setting new model.
[ 2026-03-29 19:47:02 | node_23 | INFO ] 🧠 Aggregation complete. Setting new model.
[ 2026-03-29 19:47:02 | node_34 | INFO ] 🔬 Evaluating...
[ 2026-03-29 19:47:02 | node_39 | INFO ] 🧠 Aggregation complete. Setting new model.
[ 2026-03-29 19:47:02 | node_7 | INFO ] 🧠 Aggregation complete. Setting new model.
[ 2026-03-29 19:47:02 | node_46 | INFO ] 📈 Evaluated. Results: {'test_loss': 0.0028853327967226505, 'test_accuracy': 0.9940615296363831, 'test_precision': 0.3366849422454834, 'test_recall': 0.7055510878562927, 'test_f1': 0.4518560469150543, 'communication_cost': 4373448}
[ 2026-03-29 19:47:02 | node_12 | INFO ] 📈 Evaluated. Results: {'test_loss': 0.002986377337947488, 'test_accuracy': 0.9922627210617065, 'test_precision': 0.21341639757156372, 'test_recall': 0.6416771411895752, 'test_f1': 0.3124270737171173, 'communication_cost': 3644540}
[ 2026-03-29 19:47:02 | node | INFO ] 🤫 Gossip finished.
[ 2026-03-29 19:47:02 | node | INFO ] 🔬 Evaluating...
[ 2026-03-29 19:47:03 | node_28 | INFO ] 📈 Evaluated. Results: {'test_loss': 0.004529938101768494, 'test_accuracy': 0.9890228509902954, 'test_precision': 0.15989291667938232, 'test_recall': 0.5378990173339844, 'test_f1': 0.24104243516921997, 'communication_cost': 4373448}
[ 2026-03-29 19:47:03 | node_46 | INFO ] 📢 Broadcasting metrics.
[ 2026-03-29 19:47:03 | node_17 | INFO ] 📈 Evaluated. Results: {'test_loss': 0.0038535690400749445, 'test_accuracy': 0.9904633164405823, 'test_precision': 0.2411566823720932, 'test_recall': 0.6567144989967346, 'test_f1': 0.3461531400680542, 'communication_cost': 3644540}
[ 2026-03-29 19:47:03 | node_19 | INFO ] 🤫 Gossip finished.
[ 2026-03-29 19:47:03 | node_49 | INFO ] 🗣️ Gossiping aggregated model.
[ 2026-03-29 19:47:03 | node_19 | INFO ] 🔬 Evaluating...
[ 2026-03-29 19:47:03 | node_15 | INFO ] 📈 Evaluated. Results: {'test_loss': 0.0036337862256914377, 'test_accuracy': 0.9889338612556458, 'test_precision': 0.2550742030143738, 'test_recall': 0.7298782467842102, 'test_f1': 0.3644726872444153, 'communication_cost': 5831264}
[ 2026-03-29 19:47:03 | node_12 | INFO ] 📢 Broadcasting metrics.
[ 2026-03-29 19:47:03 | node_44 | INFO ] 📈 Evaluated. Results: {'test_loss': 0.0037400147411972284, 'test_accuracy': 0.9907324314117432, 'test_precision': 0.21485629677772522, 'test_recall': 0.5860876441001892, 'test_f1': 0.3053991496562958, 'communication_cost': 5831264}
[ 2026-03-29 19:47:03 | node_39 | INFO ] 🗣️ Gossiping aggregated model.
[ 2026-03-29 19:47:03 | node_14 | INFO ] 🤫 Gossip finished.
[ 2026-03-29 19:47:03 | node_14 | INFO ] 🔬 Evaluating...
[ 2026-03-29 19:47:03 | node_28 | INFO ] 📢 Broadcasting metrics.
[ 2026-03-29 19:47:03 | node_23 | INFO ] 🗣️ Gossiping aggregated model.
[ 2026-03-29 19:47:03 | node_34 | INFO ] 📈 Evaluated. Results: {'test_loss': 0.0029849354177713394, 'test_accuracy': 0.9917221665382385, 'test_precision': 0.2717450261116028, 'test_recall': 0.7074126601219177, 'test_f1': 0.38303956389427185, 'communication_cost': 6560172}
[ 2026-03-29 19:47:03 | node_13 | INFO ] 🤫 Gossip finished.
[ 2026-03-29 19:47:04 | node_13 | INFO ] 🔬 Evaluating...
[ 2026-03-29 19:47:04 | node | INFO ] 📈 Evaluated. Results: {'test_loss': 0.003031984204426408, 'test_accuracy': 0.9911831021308899, 'test_precision': 0.29572638869285583, 'test_recall': 0.7037495970726013, 'test_f1': 0.41208815574645996, 'communication_cost': 5102356}
[ 2026-03-29 19:47:04 | node_17 | INFO ] 📢 Broadcasting metrics.
[ 2026-03-29 19:47:04 | node_16 | INFO ] 🤫 Gossip finished.
[ 2026-03-29 19:47:04 | node_48 | INFO ] 🧩 Model added for round 146 (11/11) from ['node_47']
[ 2026-03-29 19:47:04 | node_16 | INFO ] 🔬 Evaluating...
[ 2026-03-29 19:47:04 | node_7 | INFO ] 🗣️ Gossiping aggregated model.
[ 2026-03-29 19:47:04 | node_11 | INFO ] 🎉 Round 147 of 150 finished.
[ 2026-03-29 19:47:04 | node_15 | INFO ] 📢 Broadcasting metrics.
[ 2026-03-29 19:47:04 | node_11 | INFO ] 🗳️ [DETERMINISTIC] Train set assigned (No Voting). Size: 50
[ 2026-03-29 19:47:04 | node_22 | INFO ] 🤫 Gossip finished.
[ 2026-03-29 19:47:04 | node_22 | INFO ] 🔬 Evaluating...
[ 2026-03-29 19:47:04 | node_19 | INFO ] 📈 Evaluated. Results: {'test_loss': 0.002494401764124632, 'test_accuracy': 0.9937916398048401, 'test_precision': 0.24443282186985016, 'test_recall': 0.603668749332428, 'test_f1': 0.32846325635910034, 'communication_cost': 5831264}
[ 2026-03-29 19:47:04 | node_5 | INFO ] ⏹️  Gossiping exited for 10 equal rounds.
[ 2026-03-29 19:47:04 | node_5 | INFO ] 🔬 Evaluating...
[ 2026-03-29 19:47:04 | node_11 | INFO ] 🏋️‍♀️ Preparing training...
[ 2026-03-29 19:47:05 | node_44 | INFO ] 📢 Broadcasting metrics.
[ 2026-03-29 19:47:05 | node_34 | INFO ] 📢 Broadcasting metrics.
[ 2026-03-29 19:47:05 | node | INFO ] 📢 Broadcasting metrics.
[ 2026-03-29 19:47:05 | node_19 | INFO ] 📢 Broadcasting metrics.
[ 2026-03-29 19:47:05 | node_35 | INFO ] 🧠 Aggregation complete. Setting new model.
[ 2026-03-29 19:47:05 | node_48 | INFO ] 🧠 Aggregation complete. Setting new model.
[ 2026-03-29 19:47:05 | node_12 | INFO ] 🎉 Round 147 of 150 finished.
[ 2026-03-29 19:47:05 | node_46 | INFO ] 🎉 Round 147 of 150 finished.
[ 2026-03-29 19:47:05 | node_42 | INFO ] 🤫 Gossip finished.
[ 2026-03-29 19:47:05 | node_12 | INFO ] 🗳️ [DETERMINISTIC] Train set assigned (No Voting). Size: 50
[ 2026-03-29 19:47:05 | node_46 | INFO ] 🗳️ [DETERMINISTIC] Train set assigned (No Voting). Size: 50
[ 2026-03-29 19:47:05 | node_29 | INFO ] 🤫 Gossip finished.
[ 2026-03-29 19:47:05 | node_13 | INFO ] 📈 Evaluated. Results: {'test_loss': 0.00500629935413599, 'test_accuracy': 0.991093099117279, 'test_precision': 0.261360764503479, 'test_recall': 0.594760000705719, 'test_f1': 0.35361209511756897, 'communication_cost': 3644540}
[ 2026-03-29 19:47:05 | node_14 | INFO ] 📈 Evaluated. Results: {'test_loss': 0.0033650032710283995, 'test_accuracy': 0.9925326108932495, 'test_precision': 0.34772154688835144, 'test_recall': 0.7036357522010803, 'test_f1': 0.4361913204193115, 'communication_cost': 4373448}
[ 2026-03-29 19:47:05 | node_46 | INFO ] 🏋️‍♀️ Preparing training...
[ 2026-03-29 19:47:05 | node_29 | INFO ] 🔬 Evaluating...
[ 2026-03-29 19:47:05 | node_12 | INFO ] 🏋️‍♀️ Preparing training...
[ 2026-03-29 19:47:05 | node_42 | INFO ] 🔬 Evaluating...
[ 2026-03-29 19:47:05 | node_16 | INFO ] 📈 Evaluated. Results: {'test_loss': 0.00552246393635869, 'test_accuracy': 0.9905533194541931, 'test_precision': 0.29595398902893066, 'test_recall': 0.5571931600570679, 'test_f1': 0.3791065216064453, 'communication_cost': 5102356}
[ 2026-03-29 19:47:06 | node_1 | INFO ] 🤫 Gossip finished.
[ 2026-03-29 19:47:06 | node_13 | INFO ] 📢 Broadcasting metrics.
[ 2026-03-29 19:47:06 | node_24 | INFO ] 🤫 Gossip finished.
[ 2026-03-29 19:47:06 | node_1 | INFO ] 🔬 Evaluating...
[ 2026-03-29 19:47:06 | node_22 | INFO ] 📈 Evaluated. Results: {'test_loss': 0.003482696833088994, 'test_accuracy': 0.9910023212432861, 'test_precision': 0.20995265245437622, 'test_recall': 0.5518115758895874, 'test_f1': 0.28714507818222046, 'communication_cost': 5831264}
[ 2026-03-29 19:47:06 | node_25 | INFO ] 🤫 Gossip finished.
[ 2026-03-29 19:47:06 | node_24 | INFO ] 🔬 Evaluating...
[ 2026-03-29 19:47:06 | node_5 | INFO ] 📈 Evaluated. Results: {'test_loss': 0.0025810161605477333, 'test_accuracy': 0.9932523369789124, 'test_precision': 0.3443194329738617, 'test_recall': 0.7947236895561218, 'test_f1': 0.4692525565624237, 'communication_cost': 2915632}
[ 2026-03-29 19:47:06 | node_25 | INFO ] 🔬 Evaluating...
[ 2026-03-29 19:47:06 | node_45 | INFO ] 🤫 Gossip finished.
[ 2026-03-29 19:47:06 | node_45 | INFO ] 🔬 Evaluating...
[ 2026-03-29 19:47:06 | node_4 | INFO ] 🤫 Gossip finished.
[ 2026-03-29 19:47:06 | node_28 | INFO ] 🎉 Round 147 of 150 finished.
[ 2026-03-29 19:47:06 | node_4 | INFO ] 🔬 Evaluating...
[ 2026-03-29 19:47:06 | node_35 | INFO ] 🗣️ Gossiping aggregated model.
[ 2026-03-29 19:47:06 | node_14 | INFO ] 📢 Broadcasting metrics.
[ 2026-03-29 19:47:06 | node_28 | INFO ] 🗳️ [DETERMINISTIC] Train set assigned (No Voting). Size: 50
[ 2026-03-29 19:47:06 | node_48 | INFO ] 🗣️ Gossiping aggregated model.
[ 2026-03-29 19:47:06 | node_36 | INFO ] 🤫 Gossip finished.
[ 2026-03-29 19:47:06 | node_36 | INFO ] 🔬 Evaluating...
[ 2026-03-29 19:47:06 | node_28 | INFO ] 🏋️‍♀️ Preparing training...
[ 2026-03-29 19:47:06 | node_20 | INFO ] 🤫 Gossip finished.
[ 2026-03-29 19:47:07 | node_23 | INFO ] 🤫 Gossip finished.
[ 2026-03-29 19:47:07 | node_23 | INFO ] 🔬 Evaluating...
[ 2026-03-29 19:47:07 | node_20 | INFO ] 🔬 Evaluating...
[ 2026-03-29 19:47:07 | node_16 | INFO ] 📢 Broadcasting metrics.
[ 2026-03-29 19:47:07 | node_17 | INFO ] 🎉 Round 147 of 150 finished.
[ 2026-03-29 19:47:07 | node_17 | INFO ] 🗳️ [DETERMINISTIC] Train set assigned (No Voting). Size: 50
[ 2026-03-29 19:47:07 | node_43 | INFO ] 🤫 Gossip finished.
[ 2026-03-29 19:47:07 | node_22 | INFO ] 📢 Broadcasting metrics.
[ 2026-03-29 19:47:07 | node_43 | INFO ] 🔬 Evaluating...
[ 2026-03-29 19:47:07 | node_17 | INFO ] 🏋️‍♀️ Preparing training...
[ 2026-03-29 19:47:07 | node_5 | INFO ] 📢 Broadcasting metrics.
[ 2026-03-29 19:47:07 | node_29 | INFO ] 📈 Evaluated. Results: {'test_loss': 0.004721618257462978, 'test_accuracy': 0.9903724789619446, 'test_precision': 0.1954679787158966, 'test_recall': 0.47919201850891113, 'test_f1': 0.2760462462902069, 'communication_cost': 5102356}
[ 2026-03-29 19:47:08 | node_29 | INFO ] 📢 Broadcasting metrics.
[ 2026-03-29 19:47:08 | node_47 | INFO ] 🧠 Aggregation complete. Setting new model.
[ 2026-03-29 19:47:08 | node_37 | INFO ] 🤫 Gossip finished.
[ 2026-03-29 19:47:08 | node_2 | INFO ] ⏹️  Gossiping exited for 10 equal rounds.
[ 2026-03-29 19:47:08 | node_37 | INFO ] 🔬 Evaluating...
[ 2026-03-29 19:47:08 | node_42 | INFO ] 📈 Evaluated. Results: {'test_loss': 0.003584234043955803, 'test_accuracy': 0.9901025891304016, 'test_precision': 0.22180019319057465, 'test_recall': 0.6495639681816101, 'test_f1': 0.3240230679512024, 'communication_cost': 5831264}
[ 2026-03-29 19:47:08 | node_2 | INFO ] 🔬 Evaluating...
[ 2026-03-29 19:47:08 | node_42 | INFO ] 📢 Broadcasting metrics.
[ 2026-03-29 19:47:08 | node_11 | INFO ] 🎓 Training step done.
[ 2026-03-29 19:47:08 | node_11 | INFO ] 🛠️ Calling force_add_local_model...
[ 2026-03-29 19:47:08 | node_1 | INFO ] 📈 Evaluated. Results: {'test_loss': 0.005252978298813105, 'test_accuracy': 0.9918128848075867, 'test_precision': 0.2588351368904114, 'test_recall': 0.5304826498031616, 'test_f1': 0.3381520211696625, 'communication_cost': 5831264}
[ 2026-03-29 19:47:09 | node_11 | INFO ] ✅ [FORCE] Local model added for round 147. (1/7)
[ 2026-03-29 19:47:09 | node_1 | INFO ] 📢 Broadcasting metrics.
[ 2026-03-29 19:47:09 | node_25 | INFO ] 📈 Evaluated. Results: {'test_loss': 0.003747364040464163, 'test_accuracy': 0.9924419522285461, 'test_precision': 0.2968619763851166, 'test_recall': 0.61478191614151, 'test_f1': 0.3904190957546234, 'communication_cost': 5102356}
[ 2026-03-29 19:47:09 | node_45 | INFO ] 📈 Evaluated. Results: {'test_loss': 0.0032181134447455406, 'test_accuracy': 0.9901925325393677, 'test_precision': 0.2481805831193924, 'test_recall': 0.7361795902252197, 'test_f1': 0.3702951967716217, 'communication_cost': 8017988}
[ 2026-03-29 19:47:09 | node_9 | INFO ] 🤫 Gossip finished.
[ 2026-03-29 19:47:09 | node_25 | INFO ] 📢 Broadcasting metrics.
[ 2026-03-29 19:47:09 | node_15 | INFO ] 🎉 Round 147 of 150 finished.
[ 2026-03-29 19:47:09 | node_13 | INFO ] 🎉 Round 147 of 150 finished.
[ 2026-03-29 19:47:09 | node_45 | INFO ] 📢 Broadcasting metrics.
[ 2026-03-29 19:47:09 | node_9 | INFO ] 🔬 Evaluating...
[ 2026-03-29 19:47:09 | node_15 | INFO ] 🗳️ [DETERMINISTIC] Train set assigned (No Voting). Size: 50
[ 2026-03-29 19:47:09 | node_13 | INFO ] 🗳️ [DETERMINISTIC] Train set assigned (No Voting). Size: 50
[ 2026-03-29 19:47:09 | node_24 | INFO ] 📈 Evaluated. Results: {'test_loss': 0.004743706900626421, 'test_accuracy': 0.9898326396942139, 'test_precision': 0.17850139737129211, 'test_recall': 0.5288568139076233, 'test_f1': 0.26583966612815857, 'communication_cost': 5102356}
[ 2026-03-29 19:47:09 | node_15 | INFO ] 🏋️‍♀️ Preparing training...
[ 2026-03-29 19:47:09 | node_24 | INFO ] 📢 Broadcasting metrics.
[ 2026-03-29 19:47:09 | node_13 | INFO ] 🏋️‍♀️ Preparing training...
[ 2026-03-29 19:47:09 | node | INFO ] 🎉 Round 147 of 150 finished.
[ 2026-03-29 19:47:09 | node_20 | INFO ] 📈 Evaluated. Results: {'test_loss': 0.003045754274353385, 'test_accuracy': 0.9910023212432861, 'test_precision': 0.23872138559818268, 'test_recall': 0.6774308085441589, 'test_f1': 0.34642738103866577, 'communication_cost': 6560172}
[ 2026-03-29 19:47:09 | node | INFO ] 🗳️ [DETERMINISTIC] Train set assigned (No Voting). Size: 50
[ 2026-03-29 19:47:09 | node_4 | INFO ] 📈 Evaluated. Results: {'test_loss': 0.0038491650484502316, 'test_accuracy': 0.9919928312301636, 'test_precision': 0.20700706541538239, 'test_recall': 0.5455113649368286, 'test_f1': 0.29478350281715393, 'communication_cost': 6560172}
[ 2026-03-29 19:47:09 | node_23 | INFO ] 📈 Evaluated. Results: {'test_loss': 0.0051885200664401054, 'test_accuracy': 0.9913622736930847, 'test_precision': 0.2654597759246826, 'test_recall': 0.5562825798988342, 'test_f1': 0.3569469153881073, 'communication_cost': 8746896}
[ 2026-03-29 19:47:09 | node_43 | INFO ] 📈 Evaluated. Results: {'test_loss': 0.0038615146186202765, 'test_accuracy': 0.9920820593833923, 'test_precision': 0.29606759548187256, 'test_recall': 0.6990222930908203, 'test_f1': 0.41326579451560974, 'communication_cost': 5102356}
[ 2026-03-29 19:47:09 | node | INFO ] 🏋️‍♀️ Preparing training...
[ 2026-03-29 19:47:09 | node_36 | INFO ] 📈 Evaluated. Results: {'test_loss': 0.0033728349953889847, 'test_accuracy': 0.9920820593833923, 'test_precision': 0.30944201350212097, 'test_recall': 0.6442775130271912, 'test_f1': 0.40791407227516174, 'communication_cost': 5102356}
[ 2026-03-29 19:47:09 | node_47 | INFO ] 🗣️ Gossiping aggregated model.
[ 2026-03-29 19:47:10 | node_20 | INFO ] 📢 Broadcasting metrics.
[ 2026-03-29 19:47:10 | node_4 | INFO ] 📢 Broadcasting metrics.
[ 2026-03-29 19:47:10 | node_3 | INFO ] 🤫 Gossip finished.
[ 2026-03-29 19:47:10 | node_23 | INFO ] 📢 Broadcasting metrics.
[ 2026-03-29 19:47:10 | node_12 | INFO ] 🎓 Training step done.
[ 2026-03-29 19:47:10 | node_19 | INFO ] 🎉 Round 147 of 150 finished.
[ 2026-03-29 19:47:10 | node_36 | INFO ] 📢 Broadcasting metrics.
[ 2026-03-29 19:47:10 | node_43 | INFO ] 📢 Broadcasting metrics.
[ 2026-03-29 19:47:10 | node_12 | INFO ] 🛠️ Calling force_add_local_model...
[ 2026-03-29 19:47:10 | node_37 | INFO ] 📈 Evaluated. Results: {'test_loss': 0.00340875331312418, 'test_accuracy': 0.9910023212432861, 'test_precision': 0.28727445006370544, 'test_recall': 0.7390314936637878, 'test_f1': 0.40766945481300354, 'communication_cost': 7289080}
[ 2026-03-29 19:47:10 | node_3 | INFO ] 🔬 Evaluating...
[ 2026-03-29 19:47:10 | node_44 | INFO ] 🎉 Round 147 of 150 finished.
[ 2026-03-29 19:47:10 | node_12 | INFO ] ✅ [FORCE] Local model added for round 147. (1/6)
[ 2026-03-29 19:47:10 | node_19 | INFO ] 🗳️ [DETERMINISTIC] Train set assigned (No Voting). Size: 50
[ 2026-03-29 19:47:10 | node_2 | INFO ] 📈 Evaluated. Results: {'test_loss': 0.004840198904275894, 'test_accuracy': 0.9928025007247925, 'test_precision': 0.2516939043998718, 'test_recall': 0.507457971572876, 'test_f1': 0.3334091007709503, 'communication_cost': 5831264}
[ 2026-03-29 19:47:10 | node_37 | INFO ] 📢 Broadcasting metrics.
[ 2026-03-29 19:47:10 | node_2 | INFO ] 📢 Broadcasting metrics.
[ 2026-03-29 19:47:10 | node_44 | INFO ] 🗳️ [DETERMINISTIC] Train set assigned (No Voting). Size: 50
[ 2026-03-29 19:47:10 | node_6 | INFO ] 🤫 Gossip finished.
[ 2026-03-29 19:47:10 | node_46 | INFO ] 🎓 Training step done.
[ 2026-03-29 19:47:10 | node_19 | INFO ] 🏋️‍♀️ Preparing training...
[ 2026-03-29 19:47:10 | node_5 | INFO ] 🎉 Round 147 of 150 finished.
[ 2026-03-29 19:47:10 | node_39 | INFO ] 🤫 Gossip finished.
[ 2026-03-29 19:47:10 | node_14 | INFO ] 🎉 Round 147 of 150 finished.
[ 2026-03-29 19:47:10 | node_6 | INFO ] 🔬 Evaluating...
[ 2026-03-29 19:47:10 | node_46 | INFO ] 🛠️ Calling force_add_local_model...
[ 2026-03-29 19:47:10 | node_44 | INFO ] 🏋️‍♀️ Preparing training...
[ 2026-03-29 19:47:10 | node_46 | INFO ] ✅ [FORCE] Local model added for round 147. (1/7)
[ 2026-03-29 19:47:10 | node_5 | INFO ] 🗳️ [DETERMINISTIC] Train set assigned (No Voting). Size: 50
[ 2026-03-29 19:47:10 | node_9 | INFO ] 📈 Evaluated. Results: {'test_loss': 0.0027361761312931776, 'test_accuracy': 0.9909131526947021, 'test_precision': 0.24145156145095825, 'test_recall': 0.7495733499526978, 'test_f1': 0.3607461154460907, 'communication_cost': 8017988}
[ 2026-03-29 19:47:10 | node_39 | INFO ] 🔬 Evaluating...
[ 2026-03-29 19:47:10 | node_34 | INFO ] 🎉 Round 147 of 150 finished.
[ 2026-03-29 19:47:10 | node_14 | INFO ] 🗳️ [DETERMINISTIC] Train set assigned (No Voting). Size: 50
[ 2026-03-29 19:47:10 | node_9 | INFO ] 📢 Broadcasting metrics.
[ 2026-03-29 19:47:10 | node_34 | INFO ] 🗳️ [DETERMINISTIC] Train set assigned (No Voting). Size: 50
[ 2026-03-29 19:47:10 | node_5 | INFO ] 🏋️‍♀️ Preparing training...
[ 2026-03-29 19:47:10 | node_14 | INFO ] 🏋️‍♀️ Preparing training...
[ 2026-03-29 19:47:11 | node_28 | INFO ] 🎓 Training step done.
[ 2026-03-29 19:47:11 | node_34 | INFO ] 🏋️‍♀️ Preparing training...
[ 2026-03-29 19:47:11 | node_28 | INFO ] 🛠️ Calling force_add_local_model...
[ 2026-03-29 19:47:11 | node_28 | INFO ] ✅ [FORCE] Local model added for round 147. (1/7)
[ 2026-03-29 19:47:11 | node_17 | INFO ] 🎓 Training step done.
[ 2026-03-29 19:47:11 | node_17 | INFO ] 🛠️ Calling force_add_local_model...
[ 2026-03-29 19:47:11 | node_17 | INFO ] ✅ [FORCE] Local model added for round 147. (1/6)
[ 2026-03-29 19:47:11 | node_22 | INFO ] 🎉 Round 147 of 150 finished.
[ 2026-03-29 19:47:11 | node_16 | INFO ] 🎉 Round 147 of 150 finished.
[ 2026-03-29 19:47:12 | node_22 | INFO ] 🗳️ [DETERMINISTIC] Train set assigned (No Voting). Size: 50
[ 2026-03-29 19:47:12 | node_16 | INFO ] 🗳️ [DETERMINISTIC] Train set assigned (No Voting). Size: 50
[ 2026-03-29 19:47:12 | node_3 | INFO ] 📈 Evaluated. Results: {'test_loss': 0.002864541718736291, 'test_accuracy': 0.9917228817939758, 'test_precision': 0.2260187566280365, 'test_recall': 0.7378017902374268, 'test_f1': 0.34143465757369995, 'communication_cost': 3644540}
[ 2026-03-29 19:47:12 | node_3 | INFO ] 📢 Broadcasting metrics.
[ 2026-03-29 19:47:12 | node_22 | INFO ] 🏋️‍♀️ Preparing training...
[ 2026-03-29 19:47:12 | node_16 | INFO ] 🏋️‍♀️ Preparing training...
[ 2026-03-29 19:47:12 | node_39 | INFO ] 📈 Evaluated. Results: {'test_loss': 0.0035287572536617517, 'test_accuracy': 0.992621898651123, 'test_precision': 0.2673579156398773, 'test_recall': 0.6211605668067932, 'test_f1': 0.35899826884269714, 'communication_cost': 6560172}
[ 2026-03-29 19:47:12 | node_6 | INFO ] 📈 Evaluated. Results: {'test_loss': 0.00428856210783124, 'test_accuracy': 0.9920827746391296, 'test_precision': 0.25302228331565857, 'test_recall': 0.48725345730781555, 'test_f1': 0.3270873427391052, 'communication_cost': 4373448}
[ 2026-03-29 19:47:12 | node_29 | INFO ] 🎉 Round 147 of 150 finished.
[ 2026-03-29 19:47:12 | node_29 | INFO ] 🗳️ [DETERMINISTIC] Train set assigned (No Voting). Size: 50
[ 2026-03-29 19:47:12 | node_39 | INFO ] 📢 Broadcasting metrics.
[ 2026-03-29 19:47:12 | node_6 | INFO ] 📢 Broadcasting metrics.
[ 2026-03-29 19:47:12 | node | INFO ] 🎓 Training step done.
[ 2026-03-29 19:47:12 | node_29 | INFO ] 🏋️‍♀️ Preparing training...
[ 2026-03-29 19:47:12 | node | INFO ] 🛠️ Calling force_add_local_model...
[ 2026-03-29 19:47:13 | node | INFO ] ✅ [FORCE] Local model added for round 147. (1/8)
[ 2026-03-29 19:47:13 | node_13 | INFO ] 🎓 Training step done.
[ 2026-03-29 19:47:13 | node_13 | INFO ] 🛠️ Calling force_add_local_model...
[ 2026-03-29 19:47:13 | node_13 | INFO ] ✅ [FORCE] Local model added for round 147. (1/6)
[ 2026-03-29 19:47:13 | node_25 | INFO ] 🎉 Round 147 of 150 finished.
[ 2026-03-29 19:47:13 | node_25 | INFO ] 🗳️ [DETERMINISTIC] Train set assigned (No Voting). Size: 50
[ 2026-03-29 19:47:13 | node_24 | INFO ] 🎉 Round 147 of 150 finished.
[ 2026-03-29 19:47:13 | node_42 | INFO ] 🎉 Round 147 of 150 finished.
[ 2026-03-29 19:47:13 | node_24 | INFO ] 🗳️ [DETERMINISTIC] Train set assigned (No Voting). Size: 50
[ 2026-03-29 19:47:13 | node_25 | INFO ] 🏋️‍♀️ Preparing training...
[ 2026-03-29 19:47:13 | node_42 | INFO ] 🗳️ [DETERMINISTIC] Train set assigned (No Voting). Size: 50
[ 2026-03-29 19:47:13 | node_1 | INFO ] 🎉 Round 147 of 150 finished.
[ 2026-03-29 19:47:13 | node_24 | INFO ] 🏋️‍♀️ Preparing training...
[ 2026-03-29 19:47:13 | node_42 | INFO ] 🏋️‍♀️ Preparing training...
[ 2026-03-29 19:47:13 | node_1 | INFO ] 🗳️ [DETERMINISTIC] Train set assigned (No Voting). Size: 50
[ 2026-03-29 19:47:13 | node_43 | INFO ] 🎉 Round 147 of 150 finished.
[ 2026-03-29 19:47:13 | node_43 | INFO ] 🗳️ [DETERMINISTIC] Train set assigned (No Voting). Size: 50
[ 2026-03-29 19:47:14 | node_1 | INFO ] 🏋️‍♀️ Preparing training...
[ 2026-03-29 19:47:14 | node_11 | INFO ] 📤 Sending model to 6 direct neighbors: ['node_18', 'node_22', 'node_29', 'node_32', 'node_40', 'node_44']
[ 2026-03-29 19:47:14 | node_43 | INFO ] 🏋️‍♀️ Preparing training...
[ 2026-03-29 19:47:14 | node_5 | INFO ] 🎓 Training step done.
[ 2026-03-29 19:47:14 | node_5 | INFO ] 🛠️ Calling force_add_local_model...
[ 2026-03-29 19:47:14 | node_36 | INFO ] 🎉 Round 147 of 150 finished.
[ 2026-03-29 19:47:14 | node_5 | INFO ] ✅ [FORCE] Local model added for round 147. (1/5)
[ 2026-03-29 19:47:14 | node_15 | INFO ] 🎓 Training step done.
[ 2026-03-29 19:47:14 | node_36 | INFO ] 🗳️ [DETERMINISTIC] Train set assigned (No Voting). Size: 50
[ 2026-03-29 19:47:14 | node_15 | INFO ] 🛠️ Calling force_add_local_model...
[ 2026-03-29 19:47:14 | node_15 | INFO ] ✅ [FORCE] Local model added for round 147. (1/9)
[ 2026-03-29 19:47:14 | node_19 | INFO ] 🎓 Training step done.
[ 2026-03-29 19:47:14 | node_36 | INFO ] 🏋️‍♀️ Preparing training...
[ 2026-03-29 19:47:14 | node_19 | INFO ] 🛠️ Calling force_add_local_model...
[ 2026-03-29 19:47:14 | node_22 | INFO ] 🧩 Model added for round 147 (1/9) from ['node_11']
[ 2026-03-29 19:47:14 | node_19 | INFO ] ✅ [FORCE] Local model added for round 147. (1/9)
[ 2026-03-29 19:47:14 | node_3 | INFO ] 🎉 Round 147 of 150 finished.
[ 2026-03-29 19:47:14 | node_2 | INFO ] 🎉 Round 147 of 150 finished.
[ 2026-03-29 19:47:14 | node_3 | INFO ] 🗳️ [DETERMINISTIC] Train set assigned (No Voting). Size: 50
[ 2026-03-29 19:47:14 | node_4 | INFO ] 🎉 Round 147 of 150 finished.
[ 2026-03-29 19:47:14 | node_44 | INFO ] 🎓 Training step done.
[ 2026-03-29 19:47:14 | node_2 | INFO ] 🗳️ [DETERMINISTIC] Train set assigned (No Voting). Size: 50
[ 2026-03-29 19:47:15 | node_20 | INFO ] 🎉 Round 147 of 150 finished.
[ 2026-03-29 19:47:15 | node_44 | INFO ] 🛠️ Calling force_add_local_model...
[ 2026-03-29 19:47:15 | node_4 | INFO ] 🗳️ [DETERMINISTIC] Train set assigned (No Voting). Size: 50
[ 2026-03-29 19:47:15 | node_44 | INFO ] ✅ [FORCE] Local model added for round 147. (1/9)
[ 2026-03-29 19:47:15 | node_3 | INFO ] 🏋️‍♀️ Preparing training...
[ 2026-03-29 19:47:15 | node_20 | INFO ] 🗳️ [DETERMINISTIC] Train set assigned (No Voting). Size: 50
[ 2026-03-29 19:47:15 | node_2 | INFO ] 🏋️‍♀️ Preparing training...
[ 2026-03-29 19:47:15 | node_4 | INFO ] 🏋️‍♀️ Preparing training...
[ 2026-03-29 19:47:15 | node_45 | INFO ] 🎉 Round 147 of 150 finished.
[ 2026-03-29 19:47:15 | node_20 | INFO ] 🏋️‍♀️ Preparing training...
[ 2026-03-29 19:47:15 | node_8 | INFO ] ⏹️  Gossiping exited for 10 equal rounds.
[ 2026-03-29 19:47:15 | node_45 | INFO ] 🗳️ [DETERMINISTIC] Train set assigned (No Voting). Size: 50
[ 2026-03-29 19:47:15 | node_12 | INFO ] 📤 Sending model to 5 direct neighbors: ['node_1', 'node_4', 'node_26', 'node_36', 'node_38']
[ 2026-03-29 19:47:15 | node_34 | INFO ] 🎓 Training step done.
[ 2026-03-29 19:47:15 | node_8 | INFO ] 🔬 Evaluating...
[ 2026-03-29 19:47:15 | node_34 | INFO ] 🛠️ Calling force_add_local_model...
[ 2026-03-29 19:47:15 | node_14 | INFO ] 🎓 Training step done.
[ 2026-03-29 19:47:15 | node_45 | INFO ] 🏋️‍♀️ Preparing training...
[ 2026-03-29 19:47:15 | node_14 | INFO ] 🛠️ Calling force_add_local_model...
[ 2026-03-29 19:47:15 | node_34 | INFO ] ✅ [FORCE] Local model added for round 147. (1/10)
[ 2026-03-29 19:47:15 | node_14 | INFO ] ✅ [FORCE] Local model added for round 147. (1/7)
[ 2026-03-29 19:47:15 | node_46 | INFO ] 📤 Sending model to 6 direct neighbors: ['node_2', 'node_13', 'node_19', 'node_32', 'node_41', 'node_44']
[ 2026-03-29 19:47:15 | node_1 | INFO ] 🧩 Model added for round 147 (1/9) from ['node_12']
[ 2026-03-29 19:47:15 | node_37 | INFO ] 🎉 Round 147 of 150 finished.
[ 2026-03-29 19:47:15 | node_37 | INFO ] 🗳️ [DETERMINISTIC] Train set assigned (No Voting). Size: 50
[ 2026-03-29 19:47:16 | node_6 | INFO ] 🎉 Round 147 of 150 finished.
[ 2026-03-29 19:47:16 | node_37 | INFO ] 🏋️‍♀️ Preparing training...
[ 2026-03-29 19:47:16 | node_29 | INFO ] 🧩 Model added for round 147 (1/8) from ['node_11']
[ 2026-03-29 19:47:16 | node_2 | INFO ] 🧩 Model added for round 147 (1/9) from ['node_46']
[ 2026-03-29 19:47:16 | node_6 | INFO ] 🗳️ [DETERMINISTIC] Train set assigned (No Voting). Size: 50
[ 2026-03-29 19:47:16 | node_9 | INFO ] 🎉 Round 147 of 150 finished.
[ 2026-03-29 19:47:16 | node_28 | INFO ] 📤 Sending model to 6 direct neighbors: ['node_4', 'node_5', 'node_16', 'node_33', 'node_34', 'node_37']
[ 2026-03-29 19:47:16 | node_22 | INFO ] 🎓 Training step done.
[ 2026-03-29 19:47:16 | node_23 | INFO ] 🎉 Round 147 of 150 finished.
[ 2026-03-29 19:47:16 | node_9 | INFO ] 🗳️ [DETERMINISTIC] Train set assigned (No Voting). Size: 50
[ 2026-03-29 19:47:16 | node_6 | INFO ] 🏋️‍♀️ Preparing training...
[ 2026-03-29 19:47:16 | node_22 | INFO ] 🛠️ Calling force_add_local_model...
[ 2026-03-29 19:47:16 | node_22 | INFO ] ✅ [FORCE] Local model added for round 147. (2/9)
[ 2026-03-29 19:47:16 | node_23 | INFO ] 🗳️ [DETERMINISTIC] Train set assigned (No Voting). Size: 50
[ 2026-03-29 19:47:16 | node_4 | INFO ] 🧩 Model added for round 147 (1/10) from ['node_28']
[ 2026-03-29 19:47:16 | node_29 | INFO ] 🎓 Training step done.
[ 2026-03-29 19:47:16 | node_9 | INFO ] 🏋️‍♀️ Preparing training...
[ 2026-03-29 19:47:16 | node_29 | INFO ] 🛠️ Calling force_add_local_model...
[ 2026-03-29 19:47:16 | node_23 | INFO ] 🏋️‍♀️ Preparing training...
[ 2026-03-29 19:47:17 | node_17 | INFO ] 📤 Sending model to 5 direct neighbors: ['node_1', 'node_26', 'node_31', 'node_38', 'node_41']
[ 2026-03-29 19:47:17 | node_29 | INFO ] ✅ [FORCE] Local model added for round 147. (2/8)
[ 2026-03-29 19:47:17 | node_16 | INFO ] 🎓 Training step done.
[ 2026-03-29 19:47:17 | node_16 | INFO ] 🛠️ Calling force_add_local_model...
[ 2026-03-29 19:47:17 | node_16 | INFO ] ✅ [FORCE] Local model added for round 147. (1/8)
[ 2026-03-29 19:47:17 | node_1 | INFO ] 🧩 Model added for round 147 (2/9) from ['node_17']
[ 2026-03-29 19:47:17 | node_33 | INFO ] ⏹️  Gossiping exited for 10 equal rounds.
[ 2026-03-29 19:47:17 | node_8 | INFO ] 📈 Evaluated. Results: {'test_loss': 0.0047442978248000145, 'test_accuracy': 0.9905533194541931, 'test_precision': 0.3014450967311859, 'test_recall': 0.7274188995361328, 'test_f1': 0.40850764513015747, 'communication_cost': 8017988}
[ 2026-03-29 19:47:17 | node_33 | INFO ] 🔬 Evaluating...
[ 2026-03-29 19:47:17 | node_8 | INFO ] 📢 Broadcasting metrics.
[ 2026-03-29 19:47:17 | node_4 | INFO ] 🧩 Model added for round 147 (2/10) from ['node_12']
[ 2026-03-29 19:47:17 | node_39 | INFO ] 🎉 Round 147 of 150 finished.
[ 2026-03-29 19:47:17 | node_39 | INFO ] 🗳️ [DETERMINISTIC] Train set assigned (No Voting). Size: 50
[ 2026-03-29 19:47:18 | node_13 | INFO ] 🧩 Model added for round 147 (2/6) from ['node_46']
[ 2026-03-29 19:47:18 | node | INFO ] 📤 Sending model to 7 direct neighbors: ['node_7', 'node_10', 'node_14', 'node_26', 'node_30', 'node_31', 'node_45']
[ 2026-03-29 19:47:18 | node_39 | INFO ] 🏋️‍♀️ Preparing training...
[ 2026-03-29 19:47:18 | node_10 | INFO ] ⏹️  Gossiping exited for 10 equal rounds.
[ 2026-03-29 19:47:18 | node_13 | INFO ] 📤 Sending model to 5 direct neighbors: ['node_25', 'node_26', 'node_32', 'node_39', 'node_46']
[ 2026-03-29 19:47:18 | node_5 | INFO ] 🧩 Model added for round 147 (2/5) from ['node_28']
[ 2026-03-29 19:47:18 | node_10 | INFO ] 🔬 Evaluating...
[ 2026-03-29 19:47:19 | node_3 | INFO ] 🎓 Training step done.
[ 2026-03-29 19:47:19 | node_25 | INFO ] 🧩 Model added for round 147 (1/8) from ['node_13']
[ 2026-03-29 19:47:19 | node_3 | INFO ] 🛠️ Calling force_add_local_model...
[ 2026-03-29 19:47:19 | node_44 | INFO ] 🧩 Model added for round 147 (2/9) from ['node_11']
[ 2026-03-29 19:47:19 | node_31 | INFO ] ⏹️  Gossiping exited for 10 equal rounds.
[ 2026-03-29 19:47:19 | node_3 | INFO ] ✅ [FORCE] Local model added for round 147. (1/6)
[ 2026-03-29 19:47:19 | node_5 | INFO ] 📤 Sending model to 4 direct neighbors: ['node_23', 'node_28', 'node_36', 'node_45']
[ 2026-03-29 19:47:19 | node_42 | INFO ] 🎓 Training step done.
[ 2026-03-29 19:47:19 | node_15 | INFO ] 📤 Sending model to 8 direct neighbors: ['node_2', 'node_8', 'node_16', 'node_22', 'node_37', 'node_40', 'node_42', 'node_44']
[ 2026-03-29 19:47:19 | node_42 | INFO ] 🛠️ Calling force_add_local_model...
[ 2026-03-29 19:47:19 | node_19 | INFO ] 📤 Sending model to 8 direct neighbors: ['node_2', 'node_7', 'node_16', 'node_21', 'node_22', 'node_41', 'node_46', 'node_49']
[ 2026-03-29 19:47:19 | node_31 | INFO ] 🔬 Evaluating...
[ 2026-03-29 19:47:19 | node_25 | INFO ] 🎓 Training step done.
[ 2026-03-29 19:47:19 | node_42 | INFO ] ✅ [FORCE] Local model added for round 147. (1/9)
[ 2026-03-29 19:47:19 | node_25 | INFO ] 🛠️ Calling force_add_local_model...
[ 2026-03-29 19:47:19 | node_20 | INFO ] 🎓 Training step done.
[ 2026-03-29 19:47:19 | node_24 | INFO ] 🎓 Training step done.
[ 2026-03-29 19:47:19 | node_23 | INFO ] 🧩 Model added for round 147 (1/13) from ['node_5']
[ 2026-03-29 19:47:20 | node_2 | INFO ] 🧩 Model added for round 147 (2/9) from ['node_15']
[ 2026-03-29 19:47:20 | node_20 | INFO ] 🛠️ Calling force_add_local_model...
[ 2026-03-29 19:47:20 | node_25 | INFO ] ✅ [FORCE] Local model added for round 147. (2/8)
[ 2026-03-29 19:47:20 | node_24 | INFO ] 🛠️ Calling force_add_local_model...
[ 2026-03-29 19:47:20 | node_44 | INFO ] 📤 Sending model to 8 direct neighbors: ['node_8', 'node_11', 'node_15', 'node_26', 'node_30', 'node_34', 'node_40', 'node_46']
[ 2026-03-29 19:47:20 | node_33 | INFO ] 📈 Evaluated. Results: {'test_loss': 0.0048949518240988255, 'test_accuracy': 0.9934316873550415, 'test_precision': 0.33868974447250366, 'test_recall': 0.5554905533790588, 'test_f1': 0.4102133512496948, 'communication_cost': 5831264}
[ 2026-03-29 19:47:20 | node_2 | INFO ] 🎓 Training step done.
[ 2026-03-29 19:47:20 | node_19 | INFO ] 🧩 Model added for round 147 (2/9) from ['node_46']
[ 2026-03-29 19:47:20 | node_20 | INFO ] ✅ [FORCE] Local model added for round 147. (1/10)
[ 2026-03-29 19:47:20 | node_14 | INFO ] 🧩 Model added for round 147 (2/7) from ['node']
[ 2026-03-29 19:47:20 | node_2 | INFO ] 🧩 Model added for round 147 (3/9) from ['node_19']
[ 2026-03-29 19:47:20 | node_33 | INFO ] 📢 Broadcasting metrics.
[ 2026-03-29 19:47:20 | node_6 | INFO ] 🎓 Training step done.
[ 2026-03-29 19:47:20 | node_2 | INFO ] 🛠️ Calling force_add_local_model...
[ 2026-03-29 19:47:20 | node_24 | INFO ] ✅ [FORCE] Local model added for round 147. (1/8)
[ 2026-03-29 19:47:20 | node_1 | INFO ] 🎓 Training step done.
[ 2026-03-29 19:47:20 | node_6 | INFO ] 🛠️ Calling force_add_local_model...
[ 2026-03-29 19:47:20 | node_2 | INFO ] ✅ [FORCE] Local model added for round 147. (4/9)
[ 2026-03-29 19:47:20 | node_1 | INFO ] 🛠️ Calling force_add_local_model...
[ 2026-03-29 19:47:20 | node_6 | INFO ] ✅ [FORCE] Local model added for round 147. (1/7)
[ 2026-03-29 19:47:20 | node_43 | INFO ] 🎓 Training step done.
[ 2026-03-29 19:47:20 | node_16 | INFO ] 🧩 Model added for round 147 (2/8) from ['node_28']
[ 2026-03-29 19:47:20 | node_1 | INFO ] ✅ [FORCE] Local model added for round 147. (3/9)
[ 2026-03-29 19:47:20 | node_43 | INFO ] 🛠️ Calling force_add_local_model...
[ 2026-03-29 19:47:20 | node_34 | INFO ] 📤 Sending model to 9 direct neighbors: ['node_1', 'node_3', 'node_10', 'node_20', 'node_26', 'node_28', 'node_33', 'node_43', 'node_44']
[ 2026-03-29 19:47:20 | node_43 | INFO ] ✅ [FORCE] Local model added for round 147. (1/8)
[ 2026-03-29 19:47:20 | node_9 | INFO ] 🎓 Training step done.
[ 2026-03-29 19:47:20 | node_9 | INFO ] 🛠️ Calling force_add_local_model...
[ 2026-03-29 19:47:20 | node_14 | INFO ] 📤 Sending model to 6 direct neighbors: ['node', 'node_7', 'node_8', 'node_10', 'node_40', 'node_43']
[ 2026-03-29 19:47:20 | node_45 | INFO ] 🎓 Training step done.
[ 2026-03-29 19:47:20 | node_36 | INFO ] 🧩 Model added for round 147 (1/8) from ['node_12']
[ 2026-03-29 19:47:20 | node_9 | INFO ] ✅ [FORCE] Local model added for round 147. (1/12)
[ 2026-03-29 19:47:20 | node_45 | INFO ] 🛠️ Calling force_add_local_model...
[ 2026-03-29 19:47:21 | node_36 | INFO ] 🎓 Training step done.
[ 2026-03-29 19:47:21 | node_11 | INFO ] 🧩 Model added for round 147 (2/7) from ['node_44']
[ 2026-03-29 19:47:21 | node_10 | INFO ] 📈 Evaluated. Results: {'test_loss': 0.003862709505483508, 'test_accuracy': 0.991093099117279, 'test_precision': 0.21862761676311493, 'test_recall': 0.5830732583999634, 'test_f1': 0.3138568699359894, 'communication_cost': 5102356}
[ 2026-03-29 19:47:21 | node_36 | INFO ] 🛠️ Calling force_add_local_model...
[ 2026-03-29 19:47:21 | node_10 | INFO ] 📢 Broadcasting metrics.
[ 2026-03-29 19:47:21 | node_45 | INFO ] ✅ [FORCE] Local model added for round 147. (1/12)
[ 2026-03-29 19:47:21 | node_23 | INFO ] 🎓 Training step done.
[ 2026-03-29 19:47:21 | node_31 | INFO ] 📈 Evaluated. Results: {'test_loss': 0.0041775209829211235, 'test_accuracy': 0.9914522171020508, 'test_precision': 0.27597013115882874, 'test_recall': 0.6817914843559265, 'test_f1': 0.3869039714336395, 'communication_cost': 5102356}
[ 2026-03-29 19:47:21 | node_1 | INFO ] 🧩 Model added for round 147 (4/9) from ['node_34']
[ 2026-03-29 19:47:21 | node_4 | INFO ] 🎓 Training step done.
[ 2026-03-29 19:47:21 | node_23 | INFO ] 🛠️ Calling force_add_local_model...
[ 2026-03-29 19:47:21 | node_41 | INFO ] ⏹️  Gossiping exited for 10 equal rounds.
[ 2026-03-29 19:47:21 | node_36 | INFO ] ✅ [FORCE] Local model added for round 147. (2/8)
[ 2026-03-29 19:47:21 | node_4 | INFO ] 🛠️ Calling force_add_local_model...
[ 2026-03-29 19:47:21 | node_23 | INFO ] ✅ [FORCE] Local model added for round 147. (2/13)
[ 2026-03-29 19:47:21 | node_31 | INFO ] 📢 Broadcasting metrics.
[ 2026-03-29 19:47:21 | node | INFO ] 🧩 Model added for round 147 (2/8) from ['node_14']
[ 2026-03-29 19:47:21 | node_4 | INFO ] ✅ [FORCE] Local model added for round 147. (3/10)
[ 2026-03-29 19:47:21 | node_41 | INFO ] 🔬 Evaluating...
[ 2026-03-29 19:47:21 | node_22 | INFO ] 📤 Sending model to 8 direct neighbors: ['node_7', 'node_9', 'node_11', 'node_15', 'node_19', 'node_21', 'node_33', 'node_39']
[ 2026-03-29 19:47:21 | node_27 | INFO ] ⏹️  Gossiping exited for 10 equal rounds.
[ 2026-03-29 19:47:21 | node_39 | INFO ] 🎓 Training step done.
[ 2026-03-29 19:47:21 | node_39 | INFO ] 🛠️ Calling force_add_local_model...
[ 2026-03-29 19:47:21 | node_39 | INFO ] ✅ [FORCE] Local model added for round 147. (1/10)
[ 2026-03-29 19:47:21 | node_27 | INFO ] 🔬 Evaluating...
[ 2026-03-29 19:47:21 | node_37 | INFO ] 🎓 Training step done.
[ 2026-03-29 19:47:21 | node_37 | INFO ] 🛠️ Calling force_add_local_model...
[ 2026-03-29 19:47:22 | node_29 | INFO ] 📤 Sending model to 7 direct neighbors: ['node_11', 'node_23', 'node_31', 'node_38', 'node_42', 'node_45', 'node_49']
[ 2026-03-29 19:47:22 | node_37 | INFO ] ✅ [FORCE] Local model added for round 147. (1/11)
[ 2026-03-29 19:47:22 | node_16 | INFO ] 📤 Sending model to 7 direct neighbors: ['node_7', 'node_15', 'node_19', 'node_28', 'node_38', 'node_42', 'node_45']
[ 2026-03-29 19:47:22 | node_39 | INFO ] 🧩 Model added for round 147 (2/10) from ['node_13']
[ 2026-03-29 19:47:22 | node_41 | INFO ] 📈 Evaluated. Results: {'test_loss': 0.0039928751066327095, 'test_accuracy': 0.991182267665863, 'test_precision': 0.28285208344459534, 'test_recall': 0.6627299785614014, 'test_f1': 0.3826064467430115, 'communication_cost': 5831264}
[ 2026-03-29 19:47:22 | node_9 | INFO ] 🧩 Model added for round 147 (2/12) from ['node_22']
[ 2026-03-29 19:47:22 | node_11 | INFO ] 🧩 Model added for round 147 (3/7) from ['node_29']
[ 2026-03-29 19:47:22 | node_15 | INFO ] 🧩 Model added for round 147 (2/9) from ['node_44']
[ 2026-03-29 19:47:22 | node_41 | INFO ] 📢 Broadcasting metrics.
[ 2026-03-29 19:47:22 | node_26 | INFO ] ⏹️  Gossiping exited for 10 equal rounds.
[ 2026-03-29 19:47:22 | node_16 | INFO ] 🧩 Model added for round 147 (3/8) from ['node_15']
[ 2026-03-29 19:47:22 | node_28 | INFO ] 🧩 Model added for round 147 (2/7) from ['node_5']
[ 2026-03-29 19:47:22 | node_16 | INFO ] 🧩 Model added for round 147 (4/8) from ['node_19']
[ 2026-03-29 19:47:22 | node_27 | INFO ] 📈 Evaluated. Results: {'test_loss': 0.0032347815576940775, 'test_accuracy': 0.9899226427078247, 'test_precision': 0.19972021877765656, 'test_recall': 0.6579475402832031, 'test_f1': 0.3035508692264557, 'communication_cost': 2915632}
[ 2026-03-29 19:47:23 | node_18 | INFO ] ⏹️  Gossiping exited for 10 equal rounds.
[ 2026-03-29 19:47:23 | node_34 | INFO ] 🧩 Model added for round 147 (2/10) from ['node_28']
[ 2026-03-29 19:47:23 | node_27 | INFO ] 📢 Broadcasting metrics.
[ 2026-03-29 19:47:23 | node_40 | INFO ] ⏹️  Gossiping exited for 10 equal rounds.
[ 2026-03-29 19:47:23 | node_26 | INFO ] 🔬 Evaluating...
[ 2026-03-29 19:47:23 | node_44 | INFO ] 🧩 Model added for round 147 (3/9) from ['node_46']
[ 2026-03-29 19:47:23 | node_3 | INFO ] 🧩 Model added for round 147 (2/6) from ['node_34']
[ 2026-03-29 19:47:23 | node_18 | INFO ] 🔬 Evaluating...
[ 2026-03-29 19:47:23 | node_40 | INFO ] 🔬 Evaluating...
[ 2026-03-29 19:47:23 | node_15 | INFO ] 🧩 Model added for round 147 (3/9) from ['node_16']
[ 2026-03-29 19:47:23 | node_45 | INFO ] 🧩 Model added for round 147 (2/12) from ['node']
[ 2026-03-29 19:47:24 | node_26 | INFO ] 📈 Evaluated. Results: {'test_loss': 0.0032884622924029827, 'test_accuracy': 0.9937916398048401, 'test_precision': 0.36720407009124756, 'test_recall': 0.7068398594856262, 'test_f1': 0.47424885630607605, 'communication_cost': 6560172}
[ 2026-03-29 19:47:24 | node_23 | INFO ] 🧩 Model added for round 147 (3/13) from ['node_29']
[ 2026-03-29 19:47:24 | node_26 | INFO ] 📢 Broadcasting metrics.
[ 2026-03-29 19:47:24 | node_36 | INFO ] 🧩 Model added for round 147 (3/8) from ['node_5']
[ 2026-03-29 19:47:24 | node_18 | INFO ] 📈 Evaluated. Results: {'test_loss': 0.0023322245106101036, 'test_accuracy': 0.9919028282165527, 'test_precision': 0.21770241856575012, 'test_recall': 0.7582502365112305, 'test_f1': 0.33007004857063293, 'communication_cost': 5831264}
[ 2026-03-29 19:47:24 | node_40 | INFO ] 📈 Evaluated. Results: {'test_loss': 0.004301766399294138, 'test_accuracy': 0.9902825355529785, 'test_precision': 0.220505952835083, 'test_recall': 0.5744226574897766, 'test_f1': 0.31257182359695435, 'communication_cost': 7289080}
[ 2026-03-29 19:47:24 | node_3 | INFO ] 📤 Sending model to 5 direct neighbors: ['node_21', 'node_30', 'node_31', 'node_34', 'node_47']
[ 2026-03-29 19:47:24 | node_18 | INFO ] 📢 Broadcasting metrics.
[ 2026-03-29 19:47:24 | node_22 | INFO ] 🧩 Model added for round 147 (3/9) from ['node_15']
[ 2026-03-29 19:47:24 | node_40 | INFO ] 📢 Broadcasting metrics.
[ 2026-03-29 19:47:24 | node_46 | INFO ] 🧩 Model added for round 147 (2/7) from ['node_13']
[ 2026-03-29 19:47:24 | node_42 | INFO ] 📤 Sending model to 8 direct neighbors: ['node_15', 'node_16', 'node_23', 'node_25', 'node_29', 'node_39', 'node_40', 'node_41']
[ 2026-03-29 19:47:24 | node_11 | INFO ] 🧩 Model added for round 147 (4/7) from ['node_22']
[ 2026-03-29 19:47:24 | node_22 | INFO ] 🧩 Model added for round 147 (4/9) from ['node_19']
[ 2026-03-29 19:47:25 | node_37 | INFO ] 🧩 Model added for round 147 (2/11) from ['node_28']
[ 2026-03-29 19:47:25 | node_20 | INFO ] 🧩 Model added for round 147 (2/10) from ['node_34']
[ 2026-03-29 19:47:25 | node_43 | INFO ] 🧩 Model added for round 147 (2/8) from ['node_14']
[ 2026-03-29 19:47:25 | node_38 | INFO ] ⏹️  Gossiping exited for 10 equal rounds.
[ 2026-03-29 19:47:25 | node_19 | INFO ] 🧩 Model added for round 147 (3/9) from ['node_16']
[ 2026-03-29 19:47:25 | node_25 | INFO ] 📤 Sending model to 7 direct neighbors: ['node_1', 'node_9', 'node_13', 'node_30', 'node_35', 'node_42', 'node_43']
[ 2026-03-29 19:47:25 | node_32 | INFO ] ⏹️  Gossiping exited for 10 equal rounds.
[ 2026-03-29 19:47:25 | node_20 | INFO ] 📤 Sending model to 9 direct neighbors: ['node_7', 'node_10', 'node_18', 'node_34', 'node_35', 'node_36', 'node_37', 'node_40', 'node_48']
[ 2026-03-29 19:47:25 | node_38 | INFO ] 🔬 Evaluating...
[ 2026-03-29 19:47:25 | node_24 | INFO ] 📤 Sending model to 7 direct neighbors: ['node_9', 'node_21', 'node_31', 'node_33', 'node_35', 'node_36', 'node_37']
[ 2026-03-29 19:47:25 | node_15 | INFO ] 🧩 Model added for round 147 (4/9) from ['node_42']
[ 2026-03-29 19:47:25 | node_34 | INFO ] 🧩 Model added for round 147 (3/10) from ['node_44']
[ 2026-03-29 19:47:25 | node_2 | INFO ] 📤 Sending model to 8 direct neighbors: ['node_6', 'node_9', 'node_10', 'node_15', 'node_19', 'node_21', 'node_46', 'node_47']
[ 2026-03-29 19:47:25 | node_32 | INFO ] 🔬 Evaluating...
[ 2026-03-29 19:47:25 | node_1 | INFO ] 📤 Sending model to 8 direct neighbors: ['node_8', 'node_12', 'node_17', 'node_25', 'node_26', 'node_34', 'node_38', 'node_48']
[ 2026-03-29 19:47:25 | node_6 | INFO ] 📤 Sending model to 6 direct neighbors: ['node_2', 'node_21', 'node_30', 'node_45', 'node_47', 'node_48']
[ 2026-03-29 19:47:25 | node_27 | INFO ] 🎉 Round 147 of 150 finished.
[ 2026-03-29 19:47:25 | node_1 | INFO ] 🧩 Model added for round 147 (5/9) from ['node_25']
[ 2026-03-29 19:47:25 | node_43 | INFO ] 📤 Sending model to 7 direct neighbors: ['node_8', 'node_14', 'node_23', 'node_25', 'node_34', 'node_45', 'node_48']
[ 2026-03-29 19:47:25 | node_27 | INFO ] 🗳️ [DETERMINISTIC] Train set assigned (No Voting). Size: 50
[ 2026-03-29 19:47:25 | node_33 | INFO ] 🎉 Round 147 of 150 finished.
[ 2026-03-29 19:47:26 | node_9 | INFO ] 📤 Sending model to 11 direct neighbors: ['node_2', 'node_4', 'node_7', 'node_22', 'node_23', 'node_24', 'node_25', 'node_36', 'node_37', 'node_40', 'node_47']
[ 2026-03-29 19:47:26 | node_9 | INFO ] 🧩 Model added for round 147 (3/12) from ['node_24']
[ 2026-03-29 19:47:26 | node_6 | INFO ] 🧩 Model added for round 147 (2/7) from ['node_2']
[ 2026-03-29 19:47:26 | node_45 | INFO ] 🧩 Model added for round 147 (3/12) from ['node_5']
[ 2026-03-29 19:47:26 | node_33 | INFO ] 🗳️ [DETERMINISTIC] Train set assigned (No Voting). Size: 50
[ 2026-03-29 19:47:26 | node_10 | INFO ] 🎉 Round 147 of 150 finished.
[ 2026-03-29 19:47:26 | node_2 | INFO ] 🧩 Model added for round 147 (5/9) from ['node_6']
[ 2026-03-29 19:47:26 | node_27 | INFO ] 🏋️‍♀️ Preparing training...
[ 2026-03-29 19:47:26 | node_45 | INFO ] 📤 Sending model to 11 direct neighbors: ['node', 'node_4', 'node_5', 'node_6', 'node_7', 'node_16', 'node_18', 'node_23', 'node_27', 'node_29', 'node_43']
[ 2026-03-29 19:47:26 | node_31 | INFO ] 🎉 Round 147 of 150 finished.
[ 2026-03-29 19:47:26 | node_10 | INFO ] 🗳️ [DETERMINISTIC] Train set assigned (No Voting). Size: 50
[ 2026-03-29 19:47:26 | node_36 | INFO ] 📤 Sending model to 7 direct neighbors: ['node_5', 'node_9', 'node_12', 'node_20', 'node_24', 'node_39', 'node_48']
[ 2026-03-29 19:47:26 | node_38 | INFO ] 📈 Evaluated. Results: {'test_loss': 0.0037682324182242155, 'test_accuracy': 0.9890228509902954, 'test_precision': 0.18745334446430206, 'test_recall': 0.6028449535369873, 'test_f1': 0.2838561534881592, 'communication_cost': 7289080}
[ 2026-03-29 19:47:26 | node_23 | INFO ] 📤 Sending model to 12 direct neighbors: ['node_5', 'node_8', 'node_9', 'node_18', 'node_26', 'node_29', 'node_33', 'node_35', 'node_42', 'node_43', 'node_45', 'node_48']
[ 2026-03-29 19:47:26 | node_33 | INFO ] ♻️ Proactively processing 1 early models for round 147.
[ 2026-03-29 19:47:26 | node_4 | INFO ] 📤 Sending model to 9 direct neighbors: ['node_7', 'node_9', 'node_12', 'node_18', 'node_28', 'node_33', 'node_40', 'node_45', 'node_48']
[ 2026-03-29 19:47:26 | node_32 | INFO ] 📈 Evaluated. Results: {'test_loss': 0.0034287141170352697, 'test_accuracy': 0.992531955242157, 'test_precision': 0.29710301756858826, 'test_recall': 0.6099385619163513, 'test_f1': 0.38934049010276794, 'communication_cost': 5831264}
[ 2026-03-29 19:47:26 | node_8 | INFO ] 🎉 Round 147 of 150 finished.
[ 2026-03-29 19:47:26 | node_38 | INFO ] 📢 Broadcasting metrics.
[ 2026-03-29 19:47:26 | node_31 | INFO ] 🗳️ [DETERMINISTIC] Train set assigned (No Voting). Size: 50
[ 2026-03-29 19:47:26 | node_34 | INFO ] 🧩 Model added for round 147 (4/10) from ['node_3']
[ 2026-03-29 19:47:26 | node_33 | INFO ] 🧩 Model added for round 147 (1/9) from ['node_28']
[ 2026-03-29 19:47:26 | node_49 | INFO ] ⏹️  Gossiping exited for 10 equal rounds.
[ 2026-03-29 19:47:26 | node_7 | INFO ] ⏹️  Gossiping exited for 10 equal rounds.
[ 2026-03-29 19:47:26 | node_32 | INFO ] 📢 Broadcasting metrics.
[ 2026-03-29 19:47:26 | node_10 | INFO ] ♻️ Proactively processing 4 early models for round 147.
[ 2026-03-29 19:47:26 | node_33 | INFO ] 🏋️‍♀️ Preparing training...
[ 2026-03-29 19:47:26 | node_2 | INFO ] 🧩 Model added for round 147 (6/9) from ['node_9']
[ 2026-03-29 19:47:26 | node_8 | INFO ] 🗳️ [DETERMINISTIC] Train set assigned (No Voting). Size: 50
[ 2026-03-29 19:47:26 | node_37 | INFO ] 🧩 Model added for round 147 (3/11) from ['node_15']
[ 2026-03-29 19:47:26 | node_15 | INFO ] 🧩 Model added for round 147 (5/9) from ['node_22']
[ 2026-03-29 19:47:26 | node_10 | INFO ] 🧩 Model added for round 147 (1/8) from ['node']
[ 2026-03-29 19:47:26 | node_31 | INFO ] ♻️ Proactively processing 3 early models for round 147.
[ 2026-03-29 19:47:26 | node_39 | INFO ] 📤 Sending model to 9 direct neighbors: ['node_13', 'node_22', 'node_30', 'node_32', 'node_33', 'node_35', 'node_36', 'node_42', 'node_47']
[ 2026-03-29 19:47:27 | node_10 | INFO ] 🧩 Model added for round 147 (2/8) from ['node_14']
[ 2026-03-29 19:47:27 | node | INFO ] 🧩 Model added for round 147 (3/8) from ['node_45']
[ 2026-03-29 19:47:27 | node_31 | INFO ] 🧩 Model added for round 147 (1/8) from ['node_17']
[ 2026-03-29 19:47:27 | node_12 | INFO ] 🧩 Model added for round 147 (2/6) from ['node_1']
[ 2026-03-29 19:47:27 | node_49 | INFO ] 🔬 Evaluating...
[ 2026-03-29 19:47:27 | node_7 | INFO ] 🔬 Evaluating...
[ 2026-03-29 19:47:27 | node_10 | INFO ] 🧩 Model added for round 147 (3/8) from ['node_34']
[ 2026-03-29 19:47:27 | node_31 | INFO ] 🧩 Model added for round 147 (2/8) from ['node']
[ 2026-03-29 19:47:27 | node_5 | INFO ] 🧩 Model added for round 147 (3/5) from ['node_36']
[ 2026-03-29 19:47:27 | node_8 | INFO ] ♻️ Proactively processing 5 early models for round 147.
[ 2026-03-29 19:47:27 | node_37 | INFO ] 📤 Sending model to 10 direct neighbors: ['node_7', 'node_9', 'node_15', 'node_20', 'node_21', 'node_24', 'node_28', 'node_30', 'node_35', 'node_38']
[ 2026-03-29 19:47:27 | node_10 | INFO ] 🧩 Model added for round 147 (4/8) from ['node_20']
[ 2026-03-29 19:47:27 | node_31 | INFO ] 🧩 Model added for round 147 (3/8) from ['node_3']
[ 2026-03-29 19:47:27 | node_8 | INFO ] 🧩 Model added for round 147 (1/12) from ['node_44']
[ 2026-03-29 19:47:27 | node_5 | INFO ] 🧩 Model added for round 147 (4/5) from ['node_23']
[ 2026-03-29 19:47:27 | node_14 | INFO ] 🧩 Model added for round 147 (3/7) from ['node_43']
[ 2026-03-29 19:47:27 | node_10 | INFO ] 🏋️‍♀️ Preparing training...
[ 2026-03-29 19:47:27 | node_30 | INFO ] ⏹️  Gossiping exited for 10 equal rounds.
[ 2026-03-29 19:47:27 | node_31 | INFO ] 🏋️‍♀️ Preparing training...
[ 2026-03-29 19:47:27 | node_8 | INFO ] 🧩 Model added for round 147 (2/12) from ['node_15']
[ 2026-03-29 19:47:27 | node_31 | INFO ] 🧩 Model added for round 147 (4/8) from ['node_29']
[ 2026-03-29 19:47:27 | node_8 | INFO ] 🧩 Model added for round 147 (3/12) from ['node_14']
[ 2026-03-29 19:47:27 | node_28 | INFO ] 🧩 Model added for round 147 (3/7) from ['node_16']
[ 2026-03-29 19:47:27 | node_8 | INFO ] 🧩 Model added for round 147 (4/12) from ['node_1']
[ 2026-03-29 19:47:27 | node_13 | INFO ] 🧩 Model added for round 147 (3/6) from ['node_39']
[ 2026-03-29 19:47:27 | node_30 | INFO ] 🔬 Evaluating...
[ 2026-03-29 19:47:27 | node_8 | INFO ] 🧩 Model added for round 147 (5/12) from ['node_43']
[ 2026-03-29 19:47:27 | node_8 | INFO ] 🏋️‍♀️ Preparing training...
[ 2026-03-29 19:47:27 | node_34 | INFO ] 🧩 Model added for round 147 (5/10) from ['node_20']
[ 2026-03-29 19:47:27 | node_46 | INFO ] 🧩 Model added for round 147 (3/7) from ['node_19']
[ 2026-03-29 19:47:28 | node_16 | INFO ] 🧩 Model added for round 147 (5/8) from ['node_42']
[ 2026-03-29 19:47:28 | node_9 | INFO ] 🧩 Model added for round 147 (4/12) from ['node_4']
[ 2026-03-29 19:47:28 | node_28 | INFO ] 🧩 Model added for round 147 (4/7) from ['node_34']
[ 2026-03-29 19:47:28 | node_9 | INFO ] 🧩 Model added for round 147 (5/12) from ['node_2']
[ 2026-03-29 19:47:28 | node_49 | INFO ] 📈 Evaluated. Results: {'test_loss': 0.004519805312156677, 'test_accuracy': 0.9909123778343201, 'test_precision': 0.23736000061035156, 'test_recall': 0.5359246730804443, 'test_f1': 0.3237413167953491, 'communication_cost': 5831264}
[ 2026-03-29 19:47:28 | node_7 | INFO ] 📈 Evaluated. Results: {'test_loss': 0.003394484054297209, 'test_accuracy': 0.9922627210617065, 'test_precision': 0.2938838005065918, 'test_recall': 0.677964985370636, 'test_f1': 0.40940818190574646, 'communication_cost': 9475804}
[ 2026-03-29 19:47:28 | node_9 | INFO ] 🧩 Model added for round 147 (6/12) from ['node_25']
[ 2026-03-29 19:47:28 | node_49 | INFO ] 📢 Broadcasting metrics.
[ 2026-03-29 19:47:28 | node_9 | INFO ] 🧩 Model added for round 147 (7/12) from ['node_37']
[ 2026-03-29 19:47:28 | node_7 | INFO ] 📢 Broadcasting metrics.
[ 2026-03-29 19:47:28 | node_46 | INFO ] 🧩 Model added for round 147 (4/7) from ['node_44']
[ 2026-03-29 19:47:28 | node_9 | INFO ] 🧩 Model added for round 147 (8/12) from ['node_36']
[ 2026-03-29 19:47:28 | node_48 | INFO ] ⏹️  Gossiping exited for 10 equal rounds.
[ 2026-03-29 19:47:28 | node_8 | INFO ] 🧩 Model added for round 147 (6/12) from ['node_23']
[ 2026-03-29 19:47:28 | node_27 | INFO ] 🎓 Training step done.
[ 2026-03-29 19:47:28 | node_27 | INFO ] 🛠️ Calling force_add_local_model...
[ 2026-03-29 19:47:28 | node_17 | INFO ] 🧩 Model added for round 147 (2/6) from ['node_1']
[ 2026-03-29 19:47:28 | node_41 | INFO ] 🎉 Round 147 of 150 finished.
[ 2026-03-29 19:47:28 | node_27 | INFO ] ✅ [FORCE] Local model added for round 147. (1/5)
[ 2026-03-29 19:47:29 | node_48 | INFO ] 🔬 Evaluating...
[ 2026-03-29 19:47:29 | node_30 | INFO ] 📈 Evaluated. Results: {'test_loss': 0.00559716671705246, 'test_accuracy': 0.9893827438354492, 'test_precision': 0.22161979973316193, 'test_recall': 0.5382263660430908, 'test_f1': 0.3009994328022003, 'communication_cost': 6560172}
[ 2026-03-29 19:47:29 | node_41 | INFO ] 🗳️ [DETERMINISTIC] Train set assigned (No Voting). Size: 50
[ 2026-03-29 19:47:29 | node_4 | INFO ] 🧩 Model added for round 147 (4/10) from ['node_45']
[ 2026-03-29 19:47:29 | node_30 | INFO ] 📢 Broadcasting metrics.
[ 2026-03-29 19:47:29 | node_33 | INFO ] 🎓 Training step done.
[ 2026-03-29 19:47:29 | node_19 | INFO ] 🧩 Model added for round 147 (4/9) from ['node_22']
[ 2026-03-29 19:47:29 | node_4 | INFO ] 🧩 Model added for round 147 (5/10) from ['node_9']
[ 2026-03-29 19:47:29 | node_33 | INFO ] 🛠️ Calling force_add_local_model...
[ 2026-03-29 19:47:29 | node_23 | INFO ] 🧩 Model added for round 147 (4/13) from ['node_43']
[ 2026-03-29 19:47:29 | node_22 | INFO ] 🧩 Model added for round 147 (5/9) from ['node_39']
[ 2026-03-29 19:47:29 | node_41 | INFO ] ♻️ Proactively processing 3 early models for round 147.
[ 2026-03-29 19:47:29 | node_33 | INFO ] ✅ [FORCE] Local model added for round 147. (2/9)
[ 2026-03-29 19:47:29 | node_41 | INFO ] 🧩 Model added for round 147 (1/9) from ['node_17']
[ 2026-03-29 19:47:29 | node_41 | INFO ] 🧩 Model added for round 147 (2/9) from ['node_46']
[ 2026-03-29 19:47:29 | node_31 | INFO ] 🧩 Model added for round 147 (5/8) from ['node_24']
[ 2026-03-29 19:47:29 | node_31 | INFO ] 🎓 Training step done.
[ 2026-03-29 19:47:29 | node_41 | INFO ] 🧩 Model added for round 147 (3/9) from ['node_19']
[ 2026-03-29 19:47:29 | node_41 | INFO ] 🏋️‍♀️ Preparing training...
[ 2026-03-29 19:47:29 | node_31 | INFO ] 🛠️ Calling force_add_local_model...
[ 2026-03-29 19:47:29 | node_45 | INFO ] 🧩 Model added for round 147 (4/12) from ['node_6']
[ 2026-03-29 19:47:30 | node_31 | INFO ] ✅ [FORCE] Local model added for round 147. (6/8)
[ 2026-03-29 19:47:30 | node_23 | INFO ] 🧩 Model added for round 147 (5/13) from ['node_42']
[ 2026-03-29 19:47:30 | node_21 | INFO ] ⏹️  Gossiping exited for 10 equal rounds.
[ 2026-03-29 19:47:30 | node_33 | INFO ] 🧩 Model added for round 147 (3/9) from ['node_34']
[ 2026-03-29 19:47:30 | node_42 | INFO ] 🧩 Model added for round 147 (2/9) from ['node_16']
[ 2026-03-29 19:47:30 | node_48 | INFO ] 📈 Evaluated. Results: {'test_loss': 0.002700565615668893, 'test_accuracy': 0.9928918480873108, 'test_precision': 0.3549453318119049, 'test_recall': 0.7070239782333374, 'test_f1': 0.44706472754478455, 'communication_cost': 7289080}
[ 2026-03-29 19:47:30 | node_10 | INFO ] 🎓 Training step done.
[ 2026-03-29 19:47:30 | node_42 | INFO ] 🧩 Model added for round 147 (3/9) from ['node_29']
[ 2026-03-29 19:47:30 | node_10 | INFO ] 🛠️ Calling force_add_local_model...
[ 2026-03-29 19:47:30 | node_48 | INFO ] 📢 Broadcasting metrics.
[ 2026-03-29 19:47:30 | node_42 | INFO ] 🧩 Model added for round 147 (4/9) from ['node_15']
[ 2026-03-29 19:47:30 | node_21 | INFO ] 🔬 Evaluating...
[ 2026-03-29 19:47:30 | node_10 | INFO ] ✅ [FORCE] Local model added for round 147. (5/8)
[ 2026-03-29 19:47:30 | node_8 | INFO ] 🎓 Training step done.
[ 2026-03-29 19:47:30 | node_25 | INFO ] 🧩 Model added for round 147 (3/8) from ['node_1']
[ 2026-03-29 19:47:30 | node_8 | INFO ] 🛠️ Calling force_add_local_model...
[ 2026-03-29 19:47:30 | node_8 | INFO ] ✅ [FORCE] Local model added for round 147. (7/12)
[ 2026-03-29 19:47:31 | node_36 | INFO ] 🧩 Model added for round 147 (4/8) from ['node_20']
[ 2026-03-29 19:47:31 | node_12 | INFO ] 🧩 Model added for round 147 (3/6) from ['node_4']
[ 2026-03-29 19:47:31 | node_10 | INFO ] 🧩 Model added for round 147 (6/8) from ['node_2']
[ 2026-03-29 19:47:31 | node_18 | INFO ] 🎉 Round 147 of 150 finished.
[ 2026-03-29 19:47:31 | node_15 | INFO ] 🧩 Model added for round 147 (6/9) from ['node_37']
[ 2026-03-29 19:47:31 | node_13 | INFO ] 🧩 Model added for round 147 (4/6) from ['node_25']
[ 2026-03-29 19:47:31 | node_18 | INFO ] 🗳️ [DETERMINISTIC] Train set assigned (No Voting). Size: 50
[ 2026-03-29 19:47:31 | node_12 | INFO ] 🧩 Model added for round 147 (4/6) from ['node_36']
[ 2026-03-29 19:47:31 | node_21 | INFO ] 📈 Evaluated. Results: {'test_loss': 0.00250727660022676, 'test_accuracy': 0.9941515326499939, 'test_precision': 0.33327043056488037, 'test_recall': 0.7191388607025146, 'test_f1': 0.44415777921676636, 'communication_cost': 7289080}
[ 2026-03-29 19:47:31 | node_9 | INFO ] 🧩 Model added for round 147 (9/12) from ['node_23']
[ 2026-03-29 19:47:31 | node_18 | INFO ] ♻️ Proactively processing 2 early models for round 147.
[ 2026-03-29 19:47:31 | node_33 | INFO ] 🧩 Model added for round 147 (4/9) from ['node_24']
[ 2026-03-29 19:47:31 | node_5 | INFO ] 🧩 Model added for round 147 (5/5) from ['node_45']
[ 2026-03-29 19:47:31 | node_21 | INFO ] 📢 Broadcasting metrics.
[ 2026-03-29 19:47:31 | node_18 | INFO ] 🧩 Model added for round 147 (1/9) from ['node_11']
[ 2026-03-29 19:47:31 | node_26 | INFO ] 🎉 Round 147 of 150 finished.
[ 2026-03-29 19:47:31 | node_18 | INFO ] 🧩 Model added for round 147 (2/9) from ['node_20']
[ 2026-03-29 19:47:31 | node_18 | INFO ] 🏋️‍♀️ Preparing training...
[ 2026-03-29 19:47:31 | node_26 | INFO ] 🗳️ [DETERMINISTIC] Train set assigned (No Voting). Size: 50
[ 2026-03-29 19:47:31 | node_33 | INFO ] 🧩 Model added for round 147 (5/9) from ['node_22']
[ 2026-03-29 19:47:32 | node_43 | INFO ] 🧩 Model added for round 147 (3/8) from ['node_34']
[ 2026-03-29 19:47:32 | node_45 | INFO ] 🧩 Model added for round 147 (5/12) from ['node_16']
[ 2026-03-29 19:47:32 | node_25 | INFO ] 🧩 Model added for round 147 (4/8) from ['node_43']
[ 2026-03-29 19:47:32 | node_5 | INFO ] 🧠 Aggregation complete. Setting new model.
[ 2026-03-29 19:47:32 | node_22 | INFO ] 🧩 Model added for round 147 (6/9) from ['node_9']
[ 2026-03-29 19:47:32 | node_26 | INFO ] ♻️ Proactively processing 6 early models for round 147.
[ 2026-03-29 19:47:32 | node_45 | INFO ] 🧩 Model added for round 147 (6/12) from ['node_29']
[ 2026-03-29 19:47:32 | node_26 | INFO ] 🧩 Model added for round 147 (1/10) from ['node_17']
[ 2026-03-29 19:47:32 | node_26 | INFO ] 🧩 Model added for round 147 (2/10) from ['node_12']
[ 2026-03-29 19:47:32 | node_26 | INFO ] 🧩 Model added for round 147 (3/10) from ['node_13']
[ 2026-03-29 19:47:32 | node_26 | INFO ] 🧩 Model added for round 147 (4/10) from ['node']
[ 2026-03-29 19:47:32 | node_26 | INFO ] 🧩 Model added for round 147 (5/10) from ['node_44']
[ 2026-03-29 19:47:32 | node_26 | INFO ] 🧩 Model added for round 147 (6/10) from ['node_34']
[ 2026-03-29 19:47:32 | node_26 | INFO ] 🏋️‍♀️ Preparing training...
[ 2026-03-29 19:47:32 | node_5 | INFO ] 🗣️ Gossiping aggregated model.
[ 2026-03-29 19:47:32 | node_40 | INFO ] 🎉 Round 147 of 150 finished.
[ 2026-03-29 19:47:32 | node_40 | INFO ] 🗳️ [DETERMINISTIC] Train set assigned (No Voting). Size: 50
[ 2026-03-29 19:47:32 | node_44 | INFO ] 🧩 Model added for round 147 (4/9) from ['node_15']
[ 2026-03-29 19:47:32 | node_33 | INFO ] 🧩 Model added for round 147 (6/9) from ['node_39']
[ 2026-03-29 19:47:32 | node_26 | INFO ] 🧩 Model added for round 147 (7/10) from ['node_1']
[ 2026-03-29 19:47:32 | node_41 | INFO ] 🎓 Training step done.
[ 2026-03-29 19:47:32 | node_18 | INFO ] 🧩 Model added for round 147 (3/9) from ['node_4']
[ 2026-03-29 19:47:32 | node_37 | INFO ] 🧩 Model added for round 147 (4/11) from ['node_20']
[ 2026-03-29 19:47:32 | node_40 | INFO ] ♻️ Proactively processing 4 early models for round 147.
[ 2026-03-29 19:47:32 | node_25 | INFO ] 🧩 Model added for round 147 (5/8) from ['node_42']
[ 2026-03-29 19:47:33 | node_15 | INFO ] 🧩 Model added for round 147 (7/9) from ['node_2']
[ 2026-03-29 19:47:33 | node_41 | INFO ] 🛠️ Calling force_add_local_model...
[ 2026-03-29 19:47:33 | node_40 | INFO ] 🧩 Model added for round 147 (1/11) from ['node_11']
[ 2026-03-29 19:47:33 | node_40 | INFO ] 🧩 Model added for round 147 (2/11) from ['node_14']
[ 2026-03-29 19:47:33 | node_20 | INFO ] 🧩 Model added for round 147 (3/10) from ['node_36']
[ 2026-03-29 19:47:33 | node_41 | INFO ] ✅ [FORCE] Local model added for round 147. (4/9)
[ 2026-03-29 19:47:33 | node_40 | INFO ] 🧩 Model added for round 147 (3/11) from ['node_44']
[ 2026-03-29 19:47:33 | node_32 | INFO ] 🎉 Round 147 of 150 finished.
[ 2026-03-29 19:47:33 | node_6 | INFO ] 🧩 Model added for round 147 (3/7) from ['node_45']
[ 2026-03-29 19:47:33 | node_40 | INFO ] 🧩 Model added for round 147 (4/11) from ['node_15']
[ 2026-03-29 19:47:33 | node_40 | INFO ] 🏋️‍♀️ Preparing training...
[ 2026-03-29 19:47:33 | node_20 | INFO ] 🧩 Model added for round 147 (4/10) from ['node_37']
[ 2026-03-29 19:47:33 | node_32 | INFO ] 🗳️ [DETERMINISTIC] Train set assigned (No Voting). Size: 50
[ 2026-03-29 19:47:33 | node_32 | INFO ] ♻️ Proactively processing 4 early models for round 147.
[ 2026-03-29 19:47:33 | node_32 | INFO ] 🧩 Model added for round 147 (1/9) from ['node_11']
[ 2026-03-29 19:47:33 | node_36 | INFO ] 🧩 Model added for round 147 (5/8) from ['node_24']
[ 2026-03-29 19:47:34 | node_32 | INFO ] 🧩 Model added for round 147 (2/9) from ['node_13']
[ 2026-03-29 19:47:34 | node_27 | INFO ] 📤 Sending model to 4 direct neighbors: ['node_8', 'node_45', 'node_47', 'node_49']
[ 2026-03-29 19:47:34 | node_39 | INFO ] 🧩 Model added for round 147 (3/10) from ['node_22']
[ 2026-03-29 19:47:34 | node_44 | INFO ] 🧩 Model added for round 147 (5/9) from ['node_34']
[ 2026-03-29 19:47:34 | node_42 | INFO ] 🧩 Model added for round 147 (5/9) from ['node_25']
[ 2026-03-29 19:47:34 | node_32 | INFO ] 🧩 Model added for round 147 (3/9) from ['node_46']
[ 2026-03-29 19:47:34 | node_34 | INFO ] 🧩 Model added for round 147 (6/10) from ['node_43']
[ 2026-03-29 19:47:34 | node_32 | INFO ] 🧩 Model added for round 147 (4/9) from ['node_39']
[ 2026-03-29 19:47:34 | node_18 | INFO ] 🧩 Model added for round 147 (4/9) from ['node_23']
[ 2026-03-29 19:47:34 | node_32 | INFO ] 🏋️‍♀️ Preparing training...
[ 2026-03-29 19:47:34 | node_23 | INFO ] 🧩 Model added for round 147 (6/13) from ['node_9']
[ 2026-03-29 19:47:34 | node_18 | INFO ] 🎓 Training step done.
[ 2026-03-29 19:47:34 | node_38 | INFO ] 🎉 Round 147 of 150 finished.
[ 2026-03-29 19:47:34 | node_18 | INFO ] 🛠️ Calling force_add_local_model...
[ 2026-03-29 19:47:34 | node_49 | INFO ] 🎉 Round 147 of 150 finished.
[ 2026-03-29 19:47:34 | node_33 | INFO ] 📤 Sending model to 8 direct neighbors: ['node_4', 'node_22', 'node_23', 'node_24', 'node_28', 'node_34', 'node_39', 'node_49']
[ 2026-03-29 19:47:34 | node_8 | INFO ] 🧩 Model added for round 147 (8/12) from ['node_27']
[ 2026-03-29 19:47:34 | node_38 | INFO ] 🗳️ [DETERMINISTIC] Train set assigned (No Voting). Size: 50
[ 2026-03-29 19:47:34 | node_18 | INFO ] ✅ [FORCE] Local model added for round 147. (5/9)
[ 2026-03-29 19:47:34 | node_49 | INFO ] 🗳️ [DETERMINISTIC] Train set assigned (No Voting). Size: 50
[ 2026-03-29 19:47:34 | node_26 | INFO ] 🎓 Training step done.
[ 2026-03-29 19:47:34 | node_26 | INFO ] 🛠️ Calling force_add_local_model...
[ 2026-03-29 19:47:35 | node_38 | INFO ] ♻️ Proactively processing 4 early models for round 147.
[ 2026-03-29 19:47:35 | node_26 | INFO ] ✅ [FORCE] Local model added for round 147. (8/10)
[ 2026-03-29 19:47:35 | node_49 | INFO ] ♻️ Proactively processing 2 early models for round 147.
[ 2026-03-29 19:47:35 | node_38 | INFO ] 🧩 Model added for round 147 (1/11) from ['node_17']
[ 2026-03-29 19:47:35 | node_29 | INFO ] 🧩 Model added for round 147 (3/8) from ['node_42']
[ 2026-03-29 19:47:35 | node_31 | INFO ] 📤 Sending model to 7 direct neighbors: ['node', 'node_3', 'node_10', 'node_17', 'node_24', 'node_29', 'node_41']
[ 2026-03-29 19:47:35 | node_49 | INFO ] 🧩 Model added for round 147 (1/9) from ['node_19']
[ 2026-03-29 19:47:35 | node_38 | INFO ] 🧩 Model added for round 147 (2/11) from ['node_12']
[ 2026-03-29 19:47:35 | node_4 | INFO ] 🧩 Model added for round 147 (6/10) from ['node_33']
[ 2026-03-29 19:47:35 | node_28 | INFO ] 🧩 Model added for round 147 (5/7) from ['node_4']
[ 2026-03-29 19:47:35 | node_49 | INFO ] 🧩 Model added for round 147 (2/9) from ['node_29']
[ 2026-03-29 19:47:35 | node_38 | INFO ] 🧩 Model added for round 147 (3/11) from ['node_16']
[ 2026-03-29 19:47:35 | node_19 | INFO ] 🧩 Model added for round 147 (5/9) from ['node_2']
[ 2026-03-29 19:47:35 | node_49 | INFO ] 🏋️‍♀️ Preparing training...
[ 2026-03-29 19:47:35 | node_38 | INFO ] 🧩 Model added for round 147 (4/11) from ['node_29']
[ 2026-03-29 19:47:35 | node_34 | INFO ] 🧩 Model added for round 147 (7/10) from ['node_1']
[ 2026-03-29 19:47:35 | node_38 | INFO ] 🏋️‍♀️ Preparing training...
[ 2026-03-29 19:47:35 | node_35 | INFO ] ⏹️  Gossiping exited for 10 equal rounds.
[ 2026-03-29 19:47:35 | node_40 | INFO ] 🧩 Model added for round 147 (5/11) from ['node_20']
[ 2026-03-29 19:47:35 | node_10 | INFO ] 📤 Sending model to 7 direct neighbors: ['node', 'node_2', 'node_14', 'node_20', 'node_31', 'node_34', 'node_35']
[ 2026-03-29 19:47:35 | node_24 | INFO ] 🧩 Model added for round 147 (2/8) from ['node_36']
[ 2026-03-29 19:47:35 | node_36 | INFO ] 🧩 Model added for round 147 (6/8) from ['node_39']
[ 2026-03-29 19:47:35 | node | INFO ] 🧩 Model added for round 147 (4/8) from ['node_31']
[ 2026-03-29 19:47:35 | node_16 | INFO ] 🧩 Model added for round 147 (6/8) from ['node_45']
[ 2026-03-29 19:47:35 | node_35 | INFO ] 🔬 Evaluating...
[ 2026-03-29 19:47:35 | node_37 | INFO ] 🧩 Model added for round 147 (5/11) from ['node_24']
[ 2026-03-29 19:47:35 | node_8 | INFO ] 📤 Sending model to 11 direct neighbors: ['node_1', 'node_14', 'node_15', 'node_23', 'node_27', 'node_35', 'node_41', 'node_43', 'node_44', 'node_48', 'node_49']
[ 2026-03-29 19:47:35 | node_30 | INFO ] 🎉 Round 147 of 150 finished.
[ 2026-03-29 19:47:36 | node_30 | INFO ] 🗳️ [DETERMINISTIC] Train set assigned (No Voting). Size: 50
[ 2026-03-29 19:47:36 | node | INFO ] 🧩 Model added for round 147 (5/8) from ['node_10']
[ 2026-03-29 19:47:36 | node_43 | INFO ] 🧩 Model added for round 147 (4/8) from ['node_25']
[ 2026-03-29 19:47:36 | node_40 | INFO ] 🎓 Training step done.
[ 2026-03-29 19:47:36 | node_40 | INFO ] 🛠️ Calling force_add_local_model...
[ 2026-03-29 19:47:36 | node_32 | INFO ] 🎓 Training step done.
[ 2026-03-29 19:47:36 | node_30 | INFO ] ♻️ Proactively processing 6 early models for round 147.
[ 2026-03-29 19:47:36 | node_1 | INFO ] 🧩 Model added for round 147 (6/9) from ['node_8']
[ 2026-03-29 19:47:36 | node_26 | INFO ] 🧩 Model added for round 147 (9/10) from ['node_23']
[ 2026-03-29 19:47:36 | node_24 | INFO ] 🧩 Model added for round 147 (3/8) from ['node_37']
[ 2026-03-29 19:47:36 | node_40 | INFO ] ✅ [FORCE] Local model added for round 147. (6/11)
[ 2026-03-29 19:47:36 | node_45 | INFO ] 🧩 Model added for round 147 (7/12) from ['node_43']
[ 2026-03-29 19:47:36 | node_32 | INFO ] 🛠️ Calling force_add_local_model...
[ 2026-03-29 19:47:36 | node_30 | INFO ] 🧩 Model added for round 147 (1/10) from ['node']
[ 2026-03-29 19:47:36 | node_30 | INFO ] 🧩 Model added for round 147 (2/10) from ['node_44']
[ 2026-03-29 19:47:36 | node_32 | INFO ] ✅ [FORCE] Local model added for round 147. (5/9)
[ 2026-03-29 19:47:36 | node_30 | INFO ] 🧩 Model added for round 147 (3/10) from ['node_3']
[ 2026-03-29 19:47:36 | node_30 | INFO ] 🧩 Model added for round 147 (4/10) from ['node_6']
[ 2026-03-29 19:47:36 | node_30 | INFO ] 🧩 Model added for round 147 (5/10) from ['node_39']
[ 2026-03-29 19:47:36 | node_33 | INFO ] 🧩 Model added for round 147 (7/9) from ['node_4']
[ 2026-03-29 19:47:36 | node_30 | INFO ] 🧩 Model added for round 147 (6/10) from ['node_25']
[ 2026-03-29 19:47:36 | node_35 | INFO ] 📈 Evaluated. Results: {'test_loss': 0.002868566894903779, 'test_accuracy': 0.991092324256897, 'test_precision': 0.2521648406982422, 'test_recall': 0.7269659638404846, 'test_f1': 0.37043070793151855, 'communication_cost': 7289080}
[ 2026-03-29 19:47:37 | node_39 | INFO ] 🧩 Model added for round 147 (4/10) from ['node_42']
[ 2026-03-29 19:47:37 | node_30 | INFO ] 🏋️‍♀️ Preparing training...
[ 2026-03-29 19:47:37 | node_35 | INFO ] 📢 Broadcasting metrics.
[ 2026-03-29 19:47:37 | node_45 | INFO ] 🧩 Model added for round 147 (8/12) from ['node_27']
[ 2026-03-29 19:47:37 | node_24 | INFO ] 🧩 Model added for round 147 (4/8) from ['node_9']
[ 2026-03-29 19:47:37 | node_39 | INFO ] 🧩 Model added for round 147 (5/10) from ['node_36']
[ 2026-03-29 19:47:37 | node_22 | INFO ] 🧩 Model added for round 147 (7/9) from ['node_33']
[ 2026-03-29 19:47:37 | node_3 | INFO ] 🧩 Model added for round 147 (3/6) from ['node_31']
[ 2026-03-29 19:47:37 | node_49 | INFO ] 🎓 Training step done.
[ 2026-03-29 19:47:37 | node_42 | INFO ] 🧩 Model added for round 147 (6/9) from ['node_39']
[ 2026-03-29 19:47:37 | node_38 | INFO ] 🧩 Model added for round 147 (5/11) from ['node_1']
[ 2026-03-29 19:47:37 | node_18 | INFO ] 🧩 Model added for round 147 (6/9) from ['node_45']
[ 2026-03-29 19:47:37 | node_49 | INFO ] 🛠️ Calling force_add_local_model...
[ 2026-03-29 19:47:37 | node_49 | INFO ] ✅ [FORCE] Local model added for round 147. (3/9)
[ 2026-03-29 19:47:37 | node_46 | INFO ] 🧩 Model added for round 147 (5/7) from ['node_2']
[ 2026-03-29 19:47:37 | node_48 | INFO ] 🎉 Round 147 of 150 finished.
[ 2026-03-29 19:47:37 | node_7 | INFO ] 🎉 Round 147 of 150 finished.
[ 2026-03-29 19:47:38 | node_2 | INFO ] 🧩 Model added for round 147 (7/9) from ['node_10']
[ 2026-03-29 19:47:38 | node_48 | INFO ] 🗳️ [DETERMINISTIC] Train set assigned (No Voting). Size: 50
[ 2026-03-29 19:47:38 | node_38 | INFO ] 🎓 Training step done.
[ 2026-03-29 19:47:38 | node_7 | INFO ] 🗳️ [DETERMINISTIC] Train set assigned (No Voting). Size: 50
[ 2026-03-29 19:47:38 | node_38 | INFO ] 🛠️ Calling force_add_local_model...
[ 2026-03-29 19:47:38 | node_28 | INFO ] 🧩 Model added for round 147 (6/7) from ['node_37']
[ 2026-03-29 19:47:38 | node_38 | INFO ] ✅ [FORCE] Local model added for round 147. (6/11)
[ 2026-03-29 19:47:38 | node_41 | INFO ] 📤 Sending model to 8 direct neighbors: ['node_8', 'node_17', 'node_19', 'node_26', 'node_31', 'node_32', 'node_42', 'node_46']
[ 2026-03-29 19:47:38 | node_48 | INFO ] ♻️ Proactively processing 2 early models for round 147.
[ 2026-03-29 19:47:38 | node_7 | INFO ] ♻️ Proactively processing 10 early models for round 147.
[ 2026-03-29 19:47:38 | node_48 | INFO ] 🧩 Model added for round 147 (1/11) from ['node_6']
[ 2026-03-29 19:47:38 | node_47 | INFO ] ⏹️  Gossiping exited for 10 equal rounds.
[ 2026-03-29 19:47:38 | node_14 | INFO ] 🧩 Model added for round 147 (4/7) from ['node_8']
[ 2026-03-29 19:47:38 | node_7 | INFO ] 🧩 Model added for round 147 (1/14) from ['node']
[ 2026-03-29 19:47:38 | node_48 | INFO ] 🧩 Model added for round 147 (2/11) from ['node_20']
[ 2026-03-29 19:47:38 | node_7 | INFO ] 🧩 Model added for round 147 (2/14) from ['node_22']
[ 2026-03-29 19:47:38 | node_29 | INFO ] 🧩 Model added for round 147 (4/8) from ['node_23']
[ 2026-03-29 19:47:38 | node_48 | INFO ] 🏋️‍♀️ Preparing training...
[ 2026-03-29 19:47:38 | node_7 | INFO ] 🧩 Model added for round 147 (3/14) from ['node_19']
[ 2026-03-29 19:47:38 | node_47 | INFO ] 🔬 Evaluating...
[ 2026-03-29 19:47:38 | node_7 | INFO ] 🧩 Model added for round 147 (4/14) from ['node_16']
[ 2026-03-29 19:47:38 | node_7 | INFO ] 🧩 Model added for round 147 (5/14) from ['node_14']
[ 2026-03-29 19:47:38 | node_7 | INFO ] 🧩 Model added for round 147 (6/14) from ['node_20']
[ 2026-03-29 19:47:38 | node_40 | INFO ] 🧩 Model added for round 147 (7/11) from ['node_4']
[ 2026-03-29 19:47:38 | node_8 | INFO ] 🧩 Model added for round 147 (9/12) from ['node_41']
[ 2026-03-29 19:47:38 | node_7 | INFO ] 🧩 Model added for round 147 (7/14) from ['node_4']
[ 2026-03-29 19:47:38 | node_48 | INFO ] 🧩 Model added for round 147 (3/11) from ['node_43']
[ 2026-03-29 19:47:38 | node_10 | INFO ] 🧩 Model added for round 147 (7/8) from ['node_31']
[ 2026-03-29 19:47:38 | node_7 | INFO ] 🧩 Model added for round 147 (8/14) from ['node_37']
[ 2026-03-29 19:47:38 | node_21 | INFO ] 🎉 Round 147 of 150 finished.
[ 2026-03-29 19:47:38 | node_25 | INFO ] 🧩 Model added for round 147 (6/8) from ['node_9']
[ 2026-03-29 19:47:39 | node_7 | INFO ] 🧩 Model added for round 147 (9/14) from ['node_9']
[ 2026-03-29 19:47:39 | node_40 | INFO ] 🧩 Model added for round 147 (8/11) from ['node_42']
[ 2026-03-29 19:47:39 | node_7 | INFO ] 🧩 Model added for round 147 (10/14) from ['node_45']
[ 2026-03-29 19:47:39 | node_30 | INFO ] 🎓 Training step done.
[ 2026-03-29 19:47:39 | node_21 | INFO ] 🗳️ [DETERMINISTIC] Train set assigned (No Voting). Size: 50
[ 2026-03-29 19:47:39 | node_7 | INFO ] 🏋️‍♀️ Preparing training...
[ 2026-03-29 19:47:39 | node_30 | INFO ] 🛠️ Calling force_add_local_model...
[ 2026-03-29 19:47:39 | node_23 | INFO ] 🧩 Model added for round 147 (7/13) from ['node_33']
[ 2026-03-29 19:47:39 | node_21 | INFO ] ♻️ Proactively processing 7 early models for round 147.
[ 2026-03-29 19:47:39 | node_30 | INFO ] ✅ [FORCE] Local model added for round 147. (7/10)
[ 2026-03-29 19:47:39 | node_21 | INFO ] 🧩 Model added for round 147 (1/11) from ['node_19']
[ 2026-03-29 19:47:39 | node_23 | INFO ] 🧩 Model added for round 147 (8/13) from ['node_45']
[ 2026-03-29 19:47:39 | node_48 | INFO ] 🧩 Model added for round 147 (4/11) from ['node_36']
[ 2026-03-29 19:47:39 | node_21 | INFO ] 🧩 Model added for round 147 (2/11) from ['node_3']
[ 2026-03-29 19:47:39 | node_21 | INFO ] 🧩 Model added for round 147 (3/11) from ['node_6']
[ 2026-03-29 19:47:39 | node_47 | INFO ] 📈 Evaluated. Results: {'test_loss': 0.004394920542836189, 'test_accuracy': 0.9912722706794739, 'test_precision': 0.24628418684005737, 'test_recall': 0.562865674495697, 'test_f1': 0.34194931387901306, 'communication_cost': 8017988}
[ 2026-03-29 19:47:39 | node_21 | INFO ] 🧩 Model added for round 147 (4/11) from ['node_24']
[ 2026-03-29 19:47:39 | node_48 | INFO ] 🧩 Model added for round 147 (5/11) from ['node_1']
[ 2026-03-29 19:47:39 | node_30 | INFO ] 🧩 Model added for round 147 (8/10) from ['node_37']
[ 2026-03-29 19:47:39 | node_47 | INFO ] 📢 Broadcasting metrics.
[ 2026-03-29 19:47:39 | node_21 | INFO ] 🧩 Model added for round 147 (5/11) from ['node_22']
[ 2026-03-29 19:47:39 | node_21 | INFO ] 🧩 Model added for round 147 (6/11) from ['node_37']
[ 2026-03-29 19:47:39 | node_18 | INFO ] 📤 Sending model to 8 direct neighbors: ['node_4', 'node_11', 'node_20', 'node_23', 'node_32', 'node_38', 'node_45', 'node_47']
[ 2026-03-29 19:47:39 | node_14 | INFO ] 🧩 Model added for round 147 (5/7) from ['node_10']
[ 2026-03-29 19:47:39 | node_21 | INFO ] 🧩 Model added for round 147 (7/11) from ['node_2']
[ 2026-03-29 19:47:39 | node_49 | INFO ] 🧩 Model added for round 147 (4/9) from ['node_27']
[ 2026-03-29 19:47:39 | node_21 | INFO ] 🏋️‍♀️ Preparing training...
[ 2026-03-29 19:47:40 | node_15 | INFO ] 🧩 Model added for round 147 (8/9) from ['node_8']
[ 2026-03-29 19:47:40 | node_26 | INFO ] 📤 Sending model to 9 direct neighbors: ['node', 'node_1', 'node_12', 'node_13', 'node_17', 'node_23', 'node_34', 'node_41', 'node_44']
[ 2026-03-29 19:47:40 | node_33 | INFO ] 🧩 Model added for round 147 (8/9) from ['node_23']
[ 2026-03-29 19:47:40 | node_4 | INFO ] 🧩 Model added for round 147 (7/10) from ['node_18']
[ 2026-03-29 19:47:40 | node_17 | INFO ] 🧩 Model added for round 147 (3/6) from ['node_31']
[ 2026-03-29 19:47:40 | node | INFO ] 🧩 Model added for round 147 (6/8) from ['node_26']
[ 2026-03-29 19:47:40 | node_36 | INFO ] 🧩 Model added for round 147 (7/8) from ['node_9']
[ 2026-03-29 19:47:40 | node_45 | INFO ] 🧩 Model added for round 147 (9/12) from ['node_4']
[ 2026-03-29 19:47:40 | node_48 | INFO ] 🎓 Training step done.
[ 2026-03-29 19:47:40 | node_41 | INFO ] 🧩 Model added for round 147 (5/9) from ['node_42']
[ 2026-03-29 19:47:41 | node_17 | INFO ] 🧩 Model added for round 147 (4/6) from ['node_41']
[ 2026-03-29 19:47:41 | node_48 | INFO ] 🛠️ Calling force_add_local_model...
[ 2026-03-29 19:47:41 | node_48 | INFO ] ✅ [FORCE] Local model added for round 147. (6/11)
[ 2026-03-29 19:47:41 | node_20 | INFO ] 🧩 Model added for round 147 (5/10) from ['node_10']
[ 2026-03-29 19:47:41 | node_24 | INFO ] 🧩 Model added for round 147 (5/8) from ['node_33']
[ 2026-03-29 19:47:41 | node_23 | INFO ] 🧩 Model added for round 147 (9/13) from ['node_8']
[ 2026-03-29 19:47:41 | node_40 | INFO ] 📤 Sending model to 10 direct neighbors: ['node_4', 'node_9', 'node_11', 'node_14', 'node_15', 'node_20', 'node_38', 'node_42', 'node_44', 'node_48']
[ 2026-03-29 19:47:41 | node_27 | INFO ] 🧩 Model added for round 147 (2/5) from ['node_45']
[ 2026-03-29 19:47:41 | node_32 | INFO ] 📤 Sending model to 8 direct neighbors: ['node_7', 'node_11', 'node_13', 'node_18', 'node_39', 'node_41', 'node_46', 'node_49']
[ 2026-03-29 19:47:41 | node_24 | INFO ] 🧩 Model added for round 147 (6/8) from ['node_31']
[ 2026-03-29 19:47:41 | node_7 | INFO ] 🎓 Training step done.
[ 2026-03-29 19:47:41 | node_38 | INFO ] 🧩 Model added for round 147 (7/11) from ['node_37']
[ 2026-03-29 19:47:41 | node_7 | INFO ] 🛠️ Calling force_add_local_model...
[ 2026-03-29 19:47:41 | node_11 | INFO ] 🧩 Model added for round 147 (5/7) from ['node_18']
[ 2026-03-29 19:47:41 | node_7 | INFO ] ✅ [FORCE] Local model added for round 147. (11/14)
[ 2026-03-29 19:47:42 | node_1 | INFO ] 🧩 Model added for round 147 (7/9) from ['node_26']
[ 2026-03-29 19:47:42 | node_21 | INFO ] 🎓 Training step done.
[ 2026-03-29 19:47:42 | node_37 | INFO ] 🧩 Model added for round 147 (6/11) from ['node_9']
[ 2026-03-29 19:47:42 | node_4 | INFO ] 🧩 Model added for round 147 (8/10) from ['node_40']
[ 2026-03-29 19:47:42 | node_21 | INFO ] 🛠️ Calling force_add_local_model...
[ 2026-03-29 19:47:42 | node_7 | INFO ] 🧩 Model added for round 147 (12/14) from ['node_32']
[ 2026-03-29 19:47:42 | node_21 | INFO ] ✅ [FORCE] Local model added for round 147. (8/11)
[ 2026-03-29 19:47:42 | node_19 | INFO ] 🧩 Model added for round 147 (6/9) from ['node_41']
[ 2026-03-29 19:47:42 | node_42 | INFO ] 🧩 Model added for round 147 (7/9) from ['node_23']
[ 2026-03-29 19:47:42 | node_29 | INFO ] 🧩 Model added for round 147 (5/8) from ['node_45']
[ 2026-03-29 19:47:42 | node_48 | INFO ] 🧩 Model added for round 147 (7/11) from ['node_4']
[ 2026-03-29 19:47:42 | node_49 | INFO ] 📤 Sending model to 8 direct neighbors: ['node_8', 'node_19', 'node_21', 'node_27', 'node_29', 'node_32', 'node_33', 'node_35']
[ 2026-03-29 19:47:43 | node_31 | INFO ] 🧩 Model added for round 147 (7/8) from ['node_10']
[ 2026-03-29 19:47:43 | node_28 | INFO ] 🧩 Model added for round 147 (7/7) from ['node_33']
[ 2026-03-29 19:47:43 | node_35 | INFO ] 🎉 Round 147 of 150 finished.
[ 2026-03-29 19:47:43 | node_35 | INFO ] 🗳️ [DETERMINISTIC] Train set assigned (No Voting). Size: 50
[ 2026-03-29 19:47:43 | node_29 | INFO ] 🧩 Model added for round 147 (6/8) from ['node_31']
[ 2026-03-29 19:47:43 | node_20 | INFO ] 🧩 Model added for round 147 (6/10) from ['node_18']
[ 2026-03-29 19:47:43 | node_8 | INFO ] 🧩 Model added for round 147 (10/12) from ['node_49']
[ 2026-03-29 19:47:43 | node_38 | INFO ] 📤 Sending model to 10 direct neighbors: ['node_1', 'node_12', 'node_16', 'node_17', 'node_18', 'node_21', 'node_29', 'node_37', 'node_40', 'node_47']
[ 2026-03-29 19:47:43 | node_35 | INFO ] ♻️ Proactively processing 6 early models for round 147.
[ 2026-03-29 19:47:43 | node_35 | INFO ] 🧩 Model added for round 147 (1/11) from ['node_20']
[ 2026-03-29 19:47:43 | node_35 | INFO ] 🧩 Model added for round 147 (2/11) from ['node_24']
[ 2026-03-29 19:47:43 | node_12 | INFO ] 🧩 Model added for round 147 (5/6) from ['node_26']
[ 2026-03-29 19:47:43 | node_35 | INFO ] 🧩 Model added for round 147 (3/11) from ['node_25']
[ 2026-03-29 19:47:43 | node_35 | INFO ] 🧩 Model added for round 147 (4/11) from ['node_39']
[ 2026-03-29 19:47:43 | node_9 | INFO ] 🧩 Model added for round 147 (10/12) from ['node_40']
[ 2026-03-29 19:47:43 | node_26 | INFO ] 🧩 Model added for round 147 (10/10) from ['node_41']
[ 2026-03-29 19:47:43 | node_27 | INFO ] 🧩 Model added for round 147 (3/5) from ['node_8']
[ 2026-03-29 19:47:43 | node_1 | INFO ] 🧩 Model added for round 147 (8/9) from ['node_38']
[ 2026-03-29 19:47:43 | node_35 | INFO ] 🧩 Model added for round 147 (5/11) from ['node_37']
[ 2026-03-29 19:47:43 | node_43 | INFO ] 🧩 Model added for round 147 (5/8) from ['node_23']
[ 2026-03-29 19:47:43 | node_28 | INFO ] 🧠 Aggregation complete. Setting new model.
[ 2026-03-29 19:47:43 | node_35 | INFO ] 🧩 Model added for round 147 (6/11) from ['node_23']
[ 2026-03-29 19:47:43 | node_40 | INFO ] 🧩 Model added for round 147 (9/11) from ['node_9']
[ 2026-03-29 19:47:43 | node_35 | INFO ] 🏋️‍♀️ Preparing training...
[ 2026-03-29 19:47:44 | node_28 | INFO ] 🗣️ Gossiping aggregated model.
[ 2026-03-29 19:47:44 | node_30 | INFO ] 📤 Sending model to 9 direct neighbors: ['node', 'node_3', 'node_6', 'node_7', 'node_25', 'node_35', 'node_37', 'node_39', 'node_44']
[ 2026-03-29 19:47:44 | node_43 | INFO ] 🧩 Model added for round 147 (6/8) from ['node_45']
[ 2026-03-29 19:47:44 | node_41 | INFO ] 🧩 Model added for round 147 (6/9) from ['node_31']
[ 2026-03-29 19:47:44 | node_34 | INFO ] 🧩 Model added for round 147 (8/10) from ['node_33']
[ 2026-03-29 19:47:44 | node_35 | INFO ] 🧩 Model added for round 147 (7/11) from ['node_8']
[ 2026-03-29 19:47:44 | node_11 | INFO ] 🧩 Model added for round 147 (6/7) from ['node_32']
[ 2026-03-29 19:47:44 | node_13 | INFO ] 🧩 Model added for round 147 (5/6) from ['node_26']
[ 2026-03-29 19:47:44 | node_34 | INFO ] 🧩 Model added for round 147 (9/10) from ['node_10']
[ 2026-03-29 19:47:45 | node_19 | INFO ] 🧩 Model added for round 147 (7/9) from ['node_49']
[ 2026-03-29 19:47:45 | node_23 | INFO ] 🧩 Model added for round 147 (10/13) from ['node_18']
[ 2026-03-29 19:47:45 | node_45 | INFO ] 🧩 Model added for round 147 (10/12) from ['node_23']
[ 2026-03-29 19:47:45 | node_31 | INFO ] 🧩 Model added for round 147 (8/8) from ['node_41']
[ 2026-03-29 19:47:45 | node | INFO ] 🧩 Model added for round 147 (7/8) from ['node_30']
[ 2026-03-29 19:47:45 | node_47 | INFO ] 🎉 Round 147 of 150 finished.
[ 2026-03-29 19:47:45 | node_11 | INFO ] 🧩 Model added for round 147 (7/7) from ['node_40']
[ 2026-03-29 19:47:45 | node_47 | INFO ] 🗳️ [DETERMINISTIC] Train set assigned (No Voting). Size: 50
[ 2026-03-29 19:47:45 | node_12 | INFO ] 🧩 Model added for round 147 (6/6) from ['node_38']
[ 2026-03-29 19:47:45 | node_47 | INFO ] ♻️ Proactively processing 6 early models for round 147.
[ 2026-03-29 19:47:45 | node_47 | INFO ] 🧩 Model added for round 147 (1/12) from ['node_3']
[ 2026-03-29 19:47:45 | node_47 | INFO ] 🧩 Model added for round 147 (2/12) from ['node_6']
[ 2026-03-29 19:47:45 | node_47 | INFO ] 🧩 Model added for round 147 (3/12) from ['node_2']
[ 2026-03-29 19:47:45 | node_47 | INFO ] 🧩 Model added for round 147 (4/12) from ['node_39']
[ 2026-03-29 19:47:45 | node_47 | INFO ] 🧩 Model added for round 147 (5/12) from ['node_27']
[ 2026-03-29 19:47:45 | node_12 | INFO ] 🧠 Aggregation complete. Setting new model.
[ 2026-03-29 19:47:45 | node_47 | INFO ] 🧩 Model added for round 147 (6/12) from ['node_9']
[ 2026-03-29 19:47:46 | node_11 | INFO ] 🧠 Aggregation complete. Setting new model.
[ 2026-03-29 19:47:46 | node_17 | INFO ] 🧩 Model added for round 147 (5/6) from ['node_26']
[ 2026-03-29 19:47:46 | node_47 | INFO ] 🏋️‍♀️ Preparing training...
[ 2026-03-29 19:47:46 | node_48 | INFO ] 📤 Sending model to 10 direct neighbors: ['node_1', 'node_4', 'node_6', 'node_8', 'node_20', 'node_23', 'node_36', 'node_40', 'node_43', 'node_47']
[ 2026-03-29 19:47:46 | node_12 | INFO ] 🗣️ Gossiping aggregated model.
[ 2026-03-29 19:47:46 | node_11 | INFO ] 🗣️ Gossiping aggregated model.
[ 2026-03-29 19:47:46 | node_32 | INFO ] 🧩 Model added for round 147 (6/9) from ['node_18']
[ 2026-03-29 19:47:46 | node_13 | INFO ] 🧩 Model added for round 147 (6/6) from ['node_32']
[ 2026-03-29 19:47:46 | node_14 | INFO ] 🧩 Model added for round 147 (6/7) from ['node_40']
[ 2026-03-29 19:47:46 | node_35 | INFO ] 🧩 Model added for round 147 (8/11) from ['node_10']
[ 2026-03-29 19:47:46 | node_39 | INFO ] 🧩 Model added for round 147 (6/10) from ['node_33']
[ 2026-03-29 19:47:46 | node_3 | INFO ] 🧩 Model added for round 147 (4/6) from ['node_30']
[ 2026-03-29 19:47:46 | node_21 | INFO ] 🧩 Model added for round 147 (9/11) from ['node_49']
[ 2026-03-29 19:47:46 | node_16 | INFO ] 🧩 Model added for round 147 (7/8) from ['node_38']
[ 2026-03-29 19:47:46 | node_48 | INFO ] 🧩 Model added for round 147 (8/11) from ['node_23']
[ 2026-03-29 19:47:46 | node_41 | INFO ] 🧩 Model added for round 147 (7/9) from ['node_8']
[ 2026-03-29 19:47:46 | node_32 | INFO ] 🧩 Model added for round 147 (7/9) from ['node_41']
[ 2026-03-29 19:47:47 | node_1 | INFO ] 🧩 Model added for round 147 (9/9) from ['node_48']
[ 2026-03-29 19:47:47 | node_23 | INFO ] 🧩 Model added for round 147 (11/13) from ['node_26']
[ 2026-03-29 19:47:47 | node_7 | INFO ] 📤 Sending model to 13 direct neighbors: ['node', 'node_4', 'node_9', 'node_14', 'node_16', 'node_19', 'node_20', 'node_22', 'node_30', 'node_32', 'node_37', 'node_45', 'node_47']
[ 2026-03-29 19:47:47 | node_13 | INFO ] 🧠 Aggregation complete. Setting new model.
[ 2026-03-29 19:47:47 | node_31 | INFO ] 🧠 Aggregation complete. Setting new model.
[ 2026-03-29 19:47:47 | node_1 | INFO ] 🧠 Aggregation complete. Setting new model.
[ 2026-03-29 19:47:47 | node_21 | INFO ] 📤 Sending model to 10 direct neighbors: ['node_2', 'node_3', 'node_6', 'node_19', 'node_22', 'node_24', 'node_37', 'node_38', 'node_47', 'node_49']
[ 2026-03-29 19:47:47 | node_35 | INFO ] 🎓 Training step done.
[ 2026-03-29 19:47:47 | node | INFO ] 🧩 Model added for round 147 (8/8) from ['node_7']
[ 2026-03-29 19:47:47 | node_35 | INFO ] 🛠️ Calling force_add_local_model...
[ 2026-03-29 19:47:47 | node_35 | INFO ] ✅ [FORCE] Local model added for round 147. (9/11)
[ 2026-03-29 19:47:48 | node_2 | INFO ] 🧩 Model added for round 147 (8/9) from ['node_21']
[ 2026-03-29 19:47:48 | node_13 | INFO ] 🗣️ Gossiping aggregated model.
[ 2026-03-29 19:47:48 | node_18 | INFO ] 🧩 Model added for round 147 (7/9) from ['node_32']
[ 2026-03-29 19:47:48 | node | INFO ] 🧠 Aggregation complete. Setting new model.
[ 2026-03-29 19:47:48 | node_6 | INFO ] 🧩 Model added for round 147 (4/7) from ['node_30']
[ 2026-03-29 19:47:48 | node_31 | INFO ] 🗣️ Gossiping aggregated model.
[ 2026-03-29 19:47:48 | node_1 | INFO ] 🗣️ Gossiping aggregated model.
[ 2026-03-29 19:47:49 | node_27 | INFO ] 🧩 Model added for round 147 (4/5) from ['node_49']
[ 2026-03-29 19:47:49 | node_17 | INFO ] 🧩 Model added for round 147 (6/6) from ['node_38']
[ 2026-03-29 19:47:49 | node_42 | INFO ] 🧩 Model added for round 147 (8/9) from ['node_41']
[ 2026-03-29 19:47:49 | node_47 | INFO ] 🎓 Training step done.
[ 2026-03-29 19:47:49 | node_49 | INFO ] 🧩 Model added for round 147 (5/9) from ['node_33']
[ 2026-03-29 19:47:49 | node_38 | INFO ] 🧩 Model added for round 147 (8/11) from ['node_18']
[ 2026-03-29 19:47:49 | node_43 | INFO ] 🧩 Model added for round 147 (7/8) from ['node_8']
[ 2026-03-29 19:47:49 | node_15 | INFO ] 🧩 Model added for round 147 (9/9) from ['node_40']
[ 2026-03-29 19:47:49 | node_34 | INFO ] 🧩 Model added for round 147 (10/10) from ['node_26']
[ 2026-03-29 19:47:49 | node_4 | INFO ] 🧩 Model added for round 147 (9/10) from ['node_48']
[ 2026-03-29 19:47:49 | node_47 | INFO ] 🛠️ Calling force_add_local_model...
[ 2026-03-29 19:47:49 | node_4 | INFO ] 🧩 Model added for round 147 (10/10) from ['node_7']
[ 2026-03-29 19:47:49 | node_47 | INFO ] ✅ [FORCE] Local model added for round 147. (7/12)
[ 2026-03-29 19:47:49 | node_3 | INFO ] 🧩 Model added for round 147 (5/6) from ['node_21']
[ 2026-03-29 19:47:49 | node | INFO ] 🗣️ Gossiping aggregated model.
[ 2026-03-29 19:47:49 | node_7 | INFO ] 🧩 Model added for round 147 (13/14) from ['node_30']
[ 2026-03-29 19:47:49 | node_39 | INFO ] 🧩 Model added for round 147 (7/10) from ['node_32']
[ 2026-03-29 19:47:50 | node_17 | INFO ] 🧠 Aggregation complete. Setting new model.
[ 2026-03-29 19:47:50 | node_15 | INFO ] 🧠 Aggregation complete. Setting new model.
[ 2026-03-29 19:47:50 | node_4 | INFO ] 🧠 Aggregation complete. Setting new model.
[ 2026-03-29 19:47:50 | node_34 | INFO ] 🧠 Aggregation complete. Setting new model.
[ 2026-03-29 19:47:50 | node_29 | INFO ] 🧩 Model added for round 147 (7/8) from ['node_49']
[ 2026-03-29 19:47:50 | node_18 | INFO ] 🧩 Model added for round 147 (8/9) from ['node_38']
[ 2026-03-29 19:47:50 | node_6 | INFO ] 🧩 Model added for round 147 (5/7) from ['node_21']
[ 2026-03-29 19:47:50 | node_44 | INFO ] 🧩 Model added for round 147 (6/9) from ['node_8']
[ 2026-03-29 19:47:51 | node_46 | INFO ] 🧩 Model added for round 147 (6/7) from ['node_41']
[ 2026-03-29 19:47:51 | node_17 | INFO ] 🗣️ Gossiping aggregated model.
[ 2026-03-29 19:47:51 | node_9 | INFO ] 🧩 Model added for round 147 (11/12) from ['node_7']
[ 2026-03-29 19:47:51 | node_41 | INFO ] 🧩 Model added for round 147 (8/9) from ['node_26']
[ 2026-03-29 19:47:51 | node_6 | INFO ] 🧩 Model added for round 147 (6/7) from ['node_48']
[ 2026-03-29 19:47:51 | node_45 | INFO ] 🧩 Model added for round 147 (11/12) from ['node_18']
[ 2026-03-29 19:47:51 | node_20 | INFO ] 🧩 Model added for round 147 (7/10) from ['node_40']
[ 2026-03-29 19:47:51 | node_15 | INFO ] 🗣️ Gossiping aggregated model.
[ 2026-03-29 19:47:51 | node_4 | INFO ] 🗣️ Gossiping aggregated model.
[ 2026-03-29 19:47:51 | node_34 | INFO ] 🗣️ Gossiping aggregated model.
[ 2026-03-29 19:47:51 | node_41 | INFO ] 🧩 Model added for round 147 (9/9) from ['node_32']
[ 2026-03-29 19:47:51 | node_32 | INFO ] 🧩 Model added for round 147 (8/9) from ['node_49']
[ 2026-03-29 19:47:52 | node_25 | INFO ] 🧩 Model added for round 147 (7/8) from ['node_30']
[ 2026-03-29 19:47:52 | node_19 | INFO ] 🧩 Model added for round 147 (8/9) from ['node_21']
[ 2026-03-29 19:47:52 | node_21 | INFO ] 🧩 Model added for round 147 (10/11) from ['node_38']
[ 2026-03-29 19:47:52 | node_48 | INFO ] 🧩 Model added for round 147 (9/11) from ['node_8']
[ 2026-03-29 19:47:52 | node_8 | INFO ] 🧩 Model added for round 147 (11/12) from ['node_48']
[ 2026-03-29 19:47:52 | node_41 | INFO ] 🧠 Aggregation complete. Setting new model.
[ 2026-03-29 19:47:52 | node_44 | INFO ] 🧩 Model added for round 147 (7/9) from ['node_26']
[ 2026-03-29 19:47:52 | node_35 | INFO ] 📤 Sending model to 10 direct neighbors: ['node_8', 'node_10', 'node_20', 'node_23', 'node_24', 'node_25', 'node_30', 'node_37', 'node_39', 'node_49']
[ 2026-03-29 19:47:53 | node_38 | INFO ] 🧩 Model added for round 147 (9/11) from ['node_40']
[ 2026-03-29 19:47:53 | node_46 | INFO ] 🧩 Model added for round 147 (7/7) from ['node_32']
[ 2026-03-29 19:47:53 | node_14 | INFO ] 🧩 Model added for round 147 (7/7) from ['node_7']
[ 2026-03-29 19:47:53 | node_47 | INFO ] 🧩 Model added for round 147 (8/12) from ['node_18']
[ 2026-03-29 19:47:53 | node_33 | INFO ] 🧩 Model added for round 147 (9/9) from ['node_49']
[ 2026-03-29 19:47:53 | node_35 | INFO ] 🧩 Model added for round 147 (10/11) from ['node_30']
[ 2026-03-29 19:47:53 | node_8 | INFO ] 🧩 Model added for round 147 (12/12) from ['node_35']
[ 2026-03-29 19:47:53 | node_41 | INFO ] 🗣️ Gossiping aggregated model.
[ 2026-03-29 19:47:53 | node_22 | INFO ] 🧩 Model added for round 147 (8/9) from ['node_21']
[ 2026-03-29 19:47:54 | node_29 | INFO ] 🧩 Model added for round 147 (8/8) from ['node_38']
[ 2026-03-29 19:47:54 | node_14 | INFO ] 🧠 Aggregation complete. Setting new model.
[ 2026-03-29 19:47:54 | node_46 | INFO ] 🧠 Aggregation complete. Setting new model.
[ 2026-03-29 19:47:54 | node_33 | INFO ] 🧠 Aggregation complete. Setting new model.
[ 2026-03-29 19:47:54 | node_26 | INFO ] 🧠 Aggregation complete. Setting new model.
[ 2026-03-29 19:47:54 | node_47 | INFO ] 📤 Sending model to 11 direct neighbors: ['node_2', 'node_3', 'node_6', 'node_7', 'node_9', 'node_18', 'node_21', 'node_27', 'node_38', 'node_39', 'node_48']
[ 2026-03-29 19:47:54 | node_33 | INFO ] 🗣️ Gossiping aggregated model.
[ 2026-03-29 19:47:54 | node_14 | INFO ] 🗣️ Gossiping aggregated model.
[ 2026-03-29 19:47:54 | node_46 | INFO ] 🗣️ Gossiping aggregated model.
[ 2026-03-29 19:47:54 | node_49 | INFO ] 🧩 Model added for round 147 (6/9) from ['node_8']
[ 2026-03-29 19:47:54 | node_26 | INFO ] 🗣️ Gossiping aggregated model.
[ 2026-03-29 19:47:54 | node_20 | INFO ] 🧩 Model added for round 147 (8/10) from ['node_48']
[ 2026-03-29 19:47:55 | node_49 | INFO ] 🧩 Model added for round 147 (7/9) from ['node_32']
[ 2026-03-29 19:47:55 | node_16 | INFO ] 🧩 Model added for round 147 (8/8) from ['node_7']
[ 2026-03-29 19:47:55 | node_24 | INFO ] 🧩 Model added for round 147 (7/8) from ['node_21']
[ 2026-03-29 19:47:55 | node_42 | INFO ] 🧩 Model added for round 147 (9/9) from ['node_40']
[ 2026-03-29 19:47:55 | node_37 | INFO ] 🧩 Model added for round 147 (7/11) from ['node_30']
[ 2026-03-29 19:47:55 | node_35 | INFO ] 🧩 Model added for round 147 (11/11) from ['node_49']
[ 2026-03-29 19:47:55 | node_2 | INFO ] 🧩 Model added for round 147 (9/9) from ['node_47']
[ 2026-03-29 19:47:56 | node_37 | INFO ] 🧩 Model added for round 147 (8/11) from ['node_38']
[ 2026-03-29 19:47:56 | node_10 | INFO ] 🧩 Model added for round 147 (8/8) from ['node_35']
[ 2026-03-29 19:47:56 | node_23 | INFO ] 🧩 Model added for round 147 (12/13) from ['node_48']
[ 2026-03-29 19:47:57 | node_19 | INFO ] 🧩 Model added for round 147 (9/9) from ['node_7']
[ 2026-03-29 19:47:57 | node_20 | INFO ] 🧩 Model added for round 147 (9/10) from ['node_35']
[ 2026-03-29 19:47:57 | node_44 | INFO ] 🧩 Model added for round 147 (8/9) from ['node_40']
[ 2026-03-29 19:47:57 | node_3 | INFO ] 🧩 Model added for round 147 (6/6) from ['node_47']
[ 2026-03-29 19:47:57 | node_39 | INFO ] 🧩 Model added for round 147 (8/10) from ['node_30']
[ 2026-03-29 19:47:57 | node_37 | INFO ] 🧩 Model added for round 147 (9/11) from ['node_21']
[ 2026-03-29 19:47:57 | node_16 | INFO ] 🧠 Aggregation complete. Setting new model.
[ 2026-03-29 19:47:58 | node_42 | INFO ] 🧠 Aggregation complete. Setting new model.
[ 2026-03-29 19:47:58 | node_16 | INFO ] 🗣️ Gossiping aggregated model.
[ 2026-03-29 19:47:58 | node_40 | INFO ] 🧩 Model added for round 147 (10/11) from ['node_38']
[ 2026-03-29 19:47:58 | node_29 | INFO ] 🧠 Aggregation complete. Setting new model.
[ 2026-03-29 19:47:58 | node_36 | INFO ] 🧩 Model added for round 147 (8/8) from ['node_48']
[ 2026-03-29 19:47:59 | node_6 | INFO ] 🧩 Model added for round 147 (7/7) from ['node_47']
[ 2026-03-29 19:47:59 | node_20 | INFO ] 🧩 Model added for round 147 (10/10) from ['node_7']
[ 2026-03-29 19:47:59 | node_44 | INFO ] 🧩 Model added for round 147 (9/9) from ['node_30']
[ 2026-03-29 19:47:59 | node_48 | INFO ] 🧩 Model added for round 147 (10/11) from ['node_40']
[ 2026-03-29 19:47:59 | node_23 | INFO ] 🧩 Model added for round 147 (13/13) from ['node_35']
[ 2026-03-29 19:47:59 | node_2 | INFO ] 🧠 Aggregation complete. Setting new model.
[ 2026-03-29 19:47:59 | node_38 | INFO ] 🧩 Model added for round 147 (10/11) from ['node_21']
[ 2026-03-29 19:47:59 | node_10 | INFO ] 🧠 Aggregation complete. Setting new model.
[ 2026-03-29 19:47:59 | node_8 | INFO ] 🧠 Aggregation complete. Setting new model.
[ 2026-03-29 19:47:59 | node_19 | INFO ] 🧠 Aggregation complete. Setting new model.
[ 2026-03-29 19:47:59 | node_3 | INFO ] 🧠 Aggregation complete. Setting new model.
[ 2026-03-29 19:47:59 | node_36 | INFO ] 🧠 Aggregation complete. Setting new model.
[ 2026-03-29 19:47:59 | node_42 | INFO ] 🗣️ Gossiping aggregated model.
[ 2026-03-29 19:47:59 | node_29 | INFO ] 🗣️ Gossiping aggregated model.
[ 2026-03-29 19:47:59 | node_3 | INFO ] 🗣️ Gossiping aggregated model.
[ 2026-03-29 19:47:59 | node_19 | INFO ] 🗣️ Gossiping aggregated model.
[ 2026-03-29 19:48:00 | node_36 | INFO ] 🗣️ Gossiping aggregated model.
[ 2026-03-29 19:48:00 | node_10 | INFO ] 🗣️ Gossiping aggregated model.
[ 2026-03-29 19:48:00 | node_2 | INFO ] 🗣️ Gossiping aggregated model.
[ 2026-03-29 19:48:00 | node_47 | INFO ] 🧩 Model added for round 147 (9/12) from ['node_38']
[ 2026-03-29 19:48:00 | node_8 | INFO ] 🗣️ Gossiping aggregated model.
[ 2026-03-29 19:48:01 | node_40 | INFO ] 🧩 Model added for round 147 (11/11) from ['node_48']
[ 2026-03-29 19:48:01 | node_22 | INFO ] 🧩 Model added for round 147 (9/9) from ['node_7']
[ 2026-03-29 19:48:01 | node_7 | INFO ] 🧩 Model added for round 147 (14/14) from ['node_47']
[ 2026-03-29 19:48:01 | node_47 | INFO ] 🧩 Model added for round 147 (10/12) from ['node_21']
[ 2026-03-29 19:48:01 | node_24 | INFO ] 🧩 Model added for round 147 (8/8) from ['node_35']
[ 2026-03-29 19:48:01 | node_6 | INFO ] 🧠 Aggregation complete. Setting new model.
[ 2026-03-29 19:48:02 | node_44 | INFO ] 🧠 Aggregation complete. Setting new model.
[ 2026-03-29 19:48:02 | node_22 | INFO ] 🧠 Aggregation complete. Setting new model.
[ 2026-03-29 19:48:02 | node_30 | INFO ] 🧩 Model added for round 147 (9/10) from ['node_7']
[ 2026-03-29 19:48:02 | node_20 | INFO ] 🧠 Aggregation complete. Setting new model.
[ 2026-03-29 19:48:02 | node_5 | INFO ] ⏹️  Gossiping exited for 10 equal rounds.
[ 2026-03-29 19:48:02 | node_24 | INFO ] 🧠 Aggregation complete. Setting new model.
[ 2026-03-29 19:48:02 | node_6 | INFO ] 🗣️ Gossiping aggregated model.
[ 2026-03-29 19:48:02 | node_43 | INFO ] 🧩 Model added for round 147 (8/8) from ['node_48']
[ 2026-03-29 19:48:02 | node_23 | INFO ] 🧠 Aggregation complete. Setting new model.
[ 2026-03-29 19:48:02 | node_5 | INFO ] 🔬 Evaluating...
[ 2026-03-29 19:48:03 | node_25 | INFO ] 🧩 Model added for round 147 (8/8) from ['node_35']
[ 2026-03-29 19:48:03 | node_40 | INFO ] 🧠 Aggregation complete. Setting new model.
[ 2026-03-29 19:48:03 | node_49 | INFO ] 🧩 Model added for round 147 (8/9) from ['node_21']
[ 2026-03-29 19:48:03 | node_43 | INFO ] 🧠 Aggregation complete. Setting new model.
[ 2026-03-29 19:48:03 | node_9 | INFO ] 🧩 Model added for round 147 (12/12) from ['node_47']
[ 2026-03-29 19:48:03 | node_25 | INFO ] 🧠 Aggregation complete. Setting new model.
[ 2026-03-29 19:48:03 | node_44 | INFO ] 🗣️ Gossiping aggregated model.
[ 2026-03-29 19:48:04 | node_22 | INFO ] 🗣️ Gossiping aggregated model.
[ 2026-03-29 19:48:04 | node_5 | INFO ] 📈 Evaluated. Results: {'test_loss': 0.002516172593459487, 'test_accuracy': 0.9931623935699463, 'test_precision': 0.34438395500183105, 'test_recall': 0.7947236895561218, 'test_f1': 0.4683453142642975, 'communication_cost': 2915632}
[ 2026-03-29 19:48:04 | node_24 | INFO ] 🗣️ Gossiping aggregated model.
[ 2026-03-29 19:48:04 | node_5 | INFO ] 📢 Broadcasting metrics.
[ 2026-03-29 19:48:04 | node_20 | INFO ] 🗣️ Gossiping aggregated model.
[ 2026-03-29 19:48:04 | node_31 | INFO ] 🤫 Gossip finished.
[ 2026-03-29 19:48:04 | node_9 | INFO ] 🧠 Aggregation complete. Setting new model.
[ 2026-03-29 19:48:04 | node_31 | INFO ] 🔬 Evaluating...
[ 2026-03-29 19:48:04 | node_47 | INFO ] 🧩 Model added for round 147 (11/12) from ['node_48']
[ 2026-03-29 19:48:04 | node_30 | INFO ] 🧩 Model added for round 147 (10/10) from ['node_35']
[ 2026-03-29 19:48:04 | node_43 | INFO ] 🗣️ Gossiping aggregated model.
[ 2026-03-29 19:48:04 | node_32 | INFO ] 🧩 Model added for round 147 (9/9) from ['node_7']
[ 2026-03-29 19:48:04 | node_25 | INFO ] 🗣️ Gossiping aggregated model.
[ 2026-03-29 19:48:04 | node_40 | INFO ] 🗣️ Gossiping aggregated model.
[ 2026-03-29 19:48:04 | node_23 | INFO ] 🗣️ Gossiping aggregated model.
[ 2026-03-29 19:48:05 | node_31 | INFO ] 📈 Evaluated. Results: {'test_loss': 0.004144694656133652, 'test_accuracy': 0.9915422201156616, 'test_precision': 0.2782527506351471, 'test_recall': 0.6817914843559265, 'test_f1': 0.39018675684928894, 'communication_cost': 5102356}
[ 2026-03-29 19:48:05 | node_9 | INFO ] 🗣️ Gossiping aggregated model.
[ 2026-03-29 19:48:05 | node_31 | INFO ] 📢 Broadcasting metrics.
[ 2026-03-29 19:48:06 | node_5 | INFO ] 🎉 Round 148 of 150 finished.
[ 2026-03-29 19:48:06 | node_18 | INFO ] 🧩 Model added for round 147 (9/9) from ['node_47']
[ 2026-03-29 19:48:06 | node_37 | INFO ] 🧩 Model added for round 147 (10/11) from ['node_35']
[ 2026-03-29 19:48:06 | node_30 | INFO ] 🧠 Aggregation complete. Setting new model.
[ 2026-03-29 19:48:06 | node_32 | INFO ] 🧠 Aggregation complete. Setting new model.
[ 2026-03-29 19:48:06 | node_5 | INFO ] 🗳️ [DETERMINISTIC] Train set assigned (No Voting). Size: 50
[ 2026-03-29 19:48:06 | node_37 | INFO ] 🧩 Model added for round 147 (11/11) from ['node_7']
[ 2026-03-29 19:48:06 | node_5 | INFO ] 🏋️‍♀️ Preparing training...
[ 2026-03-29 19:48:06 | node_18 | INFO ] 🧠 Aggregation complete. Setting new model.
[ 2026-03-29 19:48:06 | node_37 | INFO ] 🧠 Aggregation complete. Setting new model.
[ 2026-03-29 19:48:07 | node_32 | INFO ] 🗣️ Gossiping aggregated model.
[ 2026-03-29 19:48:07 | node_30 | INFO ] 🗣️ Gossiping aggregated model.
[ 2026-03-29 19:48:07 | node_46 | INFO ] 🤫 Gossip finished.
[ 2026-03-29 19:48:07 | node_46 | INFO ] 🔬 Evaluating...
[ 2026-03-29 19:48:07 | node_41 | INFO ] 🤫 Gossip finished.
[ 2026-03-29 19:48:07 | node_15 | INFO ] 🤫 Gossip finished.
[ 2026-03-29 19:48:07 | node_18 | INFO ] 🗣️ Gossiping aggregated model.
[ 2026-03-29 19:48:07 | node_37 | INFO ] 🗣️ Gossiping aggregated model.
[ 2026-03-29 19:48:07 | node_41 | INFO ] 🔬 Evaluating...
[ 2026-03-29 19:48:07 | node_15 | INFO ] 🔬 Evaluating...
[ 2026-03-29 19:48:08 | node_11 | INFO ] 🤫 Gossip finished.
[ 2026-03-29 19:48:08 | node_11 | INFO ] 🔬 Evaluating...
[ 2026-03-29 19:48:08 | node_21 | INFO ] 🧩 Model added for round 147 (11/11) from ['node_47']
[ 2026-03-29 19:48:08 | node_28 | INFO ] 🤫 Gossip finished.
[ 2026-03-29 19:48:08 | node_31 | INFO ] 🎉 Round 148 of 150 finished.
[ 2026-03-29 19:48:08 | node_31 | INFO ] 🗳️ [DETERMINISTIC] Train set assigned (No Voting). Size: 50
[ 2026-03-29 19:48:08 | node_28 | INFO ] 🔬 Evaluating...
[ 2026-03-29 19:48:08 | node_31 | INFO ] 🏋️‍♀️ Preparing training...
[ 2026-03-29 19:48:08 | node_45 | INFO ] 🧩 Model added for round 147 (12/12) from ['node_7']
[ 2026-03-29 19:48:08 | node_39 | INFO ] 🧩 Model added for round 147 (9/10) from ['node_35']
[ 2026-03-29 19:48:08 | node_46 | INFO ] 📈 Evaluated. Results: {'test_loss': 0.002891884185373783, 'test_accuracy': 0.9946014285087585, 'test_precision': 0.3628234267234802, 'test_recall': 0.7055510878562927, 'test_f1': 0.47413164377212524, 'communication_cost': 4373448}
[ 2026-03-29 19:48:08 | node_46 | INFO ] 📢 Broadcasting metrics.
[ 2026-03-29 19:48:09 | node_5 | INFO ] 🎓 Training step done.
[ 2026-03-29 19:48:09 | node_5 | INFO ] 🛠️ Calling force_add_local_model...
[ 2026-03-29 19:48:09 | node_5 | INFO ] ✅ [FORCE] Local model added for round 148. (1/5)
[ 2026-03-29 19:48:09 | node_21 | INFO ] 🧠 Aggregation complete. Setting new model.
[ 2026-03-29 19:48:09 | node_45 | INFO ] 🧠 Aggregation complete. Setting new model.
[ 2026-03-29 19:48:09 | node_15 | INFO ] 📈 Evaluated. Results: {'test_loss': 0.0036575845442712307, 'test_accuracy': 0.9885740280151367, 'test_precision': 0.25010594725608826, 'test_recall': 0.7298782467842102, 'test_f1': 0.3587280511856079, 'communication_cost': 5831264}
[ 2026-03-29 19:48:09 | node_41 | INFO ] 📈 Evaluated. Results: {'test_loss': 0.0039780596271157265, 'test_accuracy': 0.991092324256897, 'test_precision': 0.28062230348587036, 'test_recall': 0.6794819831848145, 'test_f1': 0.3838523328304291, 'communication_cost': 5831264}
[ 2026-03-29 19:48:09 | node_15 | INFO ] 📢 Broadcasting metrics.
[ 2026-03-29 19:48:09 | node_11 | INFO ] 📈 Evaluated. Results: {'test_loss': 0.002814006758853793, 'test_accuracy': 0.9917228817939758, 'test_precision': 0.34499478340148926, 'test_recall': 0.8126736283302307, 'test_f1': 0.4771654009819031, 'communication_cost': 4373448}
[ 2026-03-29 19:48:09 | node_28 | INFO ] 📈 Evaluated. Results: {'test_loss': 0.0045592463575303555, 'test_accuracy': 0.9888429045677185, 'test_precision': 0.1574980467557907, 'test_recall': 0.5378990173339844, 'test_f1': 0.23855572938919067, 'communication_cost': 4373448}
[ 2026-03-29 19:48:09 | node_12 | INFO ] ⏹️  Gossiping exited for 10 equal rounds.
[ 2026-03-29 19:48:09 | node_12 | INFO ] 🔬 Evaluating...
[ 2026-03-29 19:48:10 | node_41 | INFO ] 📢 Broadcasting metrics.
[ 2026-03-29 19:48:10 | node_21 | INFO ] 🗣️ Gossiping aggregated model.
[ 2026-03-29 19:48:10 | node_45 | INFO ] 🗣️ Gossiping aggregated model.
[ 2026-03-29 19:48:10 | node_11 | INFO ] 📢 Broadcasting metrics.
[ 2026-03-29 19:48:10 | node_28 | INFO ] 📢 Broadcasting metrics.
[ 2026-03-29 19:48:10 | node_49 | INFO ] 🧩 Model added for round 147 (9/9) from ['node_35']
[ 2026-03-29 19:48:10 | node_47 | INFO ] 🧩 Model added for round 147 (12/12) from ['node_7']
[ 2026-03-29 19:48:10 | node_27 | INFO ] 🧩 Model added for round 147 (5/5) from ['node_47']
[ 2026-03-29 19:48:11 | node_12 | INFO ] 📈 Evaluated. Results: {'test_loss': 0.00297308131121099, 'test_accuracy': 0.9928025007247925, 'test_precision': 0.220793679356575, 'test_recall': 0.6212042570114136, 'test_f1': 0.3156176507472992, 'communication_cost': 3644540}
[ 2026-03-29 19:48:11 | node_12 | INFO ] 📢 Broadcasting metrics.
[ 2026-03-29 19:48:11 | node_27 | INFO ] 🧠 Aggregation complete. Setting new model.
[ 2026-03-29 19:48:11 | node_31 | INFO ] 🎓 Training step done.
[ 2026-03-29 19:48:11 | node_49 | INFO ] 🧠 Aggregation complete. Setting new model.
[ 2026-03-29 19:48:11 | node_31 | INFO ] 🛠️ Calling force_add_local_model...
[ 2026-03-29 19:48:11 | node_31 | INFO ] ✅ [FORCE] Local model added for round 148. (1/8)
[ 2026-03-29 19:48:11 | node_46 | INFO ] 🎉 Round 148 of 150 finished.
[ 2026-03-29 19:48:11 | node_46 | INFO ] 🗳️ [DETERMINISTIC] Train set assigned (No Voting). Size: 50
[ 2026-03-29 19:48:12 | node_38 | INFO ] 🧩 Model added for round 147 (11/11) from ['node_47']
[ 2026-03-29 19:48:12 | node_27 | INFO ] 🗣️ Gossiping aggregated model.
[ 2026-03-29 19:48:12 | node_46 | INFO ] 🏋️‍♀️ Preparing training...
[ 2026-03-29 19:48:13 | node_35 | INFO ] 🧠 Aggregation complete. Setting new model.
[ 2026-03-29 19:48:13 | node_49 | INFO ] 🗣️ Gossiping aggregated model.
[ 2026-03-29 19:48:13 | node_38 | INFO ] 🧠 Aggregation complete. Setting new model.
[ 2026-03-29 19:48:13 | node_7 | INFO ] 🧠 Aggregation complete. Setting new model.
[ 2026-03-29 19:48:13 | node_15 | INFO ] 🎉 Round 148 of 150 finished.
[ 2026-03-29 19:48:13 | node_15 | INFO ] 🗳️ [DETERMINISTIC] Train set assigned (No Voting). Size: 50
[ 2026-03-29 19:48:13 | node_15 | INFO ] 🏋️‍♀️ Preparing training...
[ 2026-03-29 19:48:14 | node_39 | INFO ] 🧩 Model added for round 147 (10/10) from ['node_47']
[ 2026-03-29 19:48:14 | node_11 | INFO ] 🎉 Round 148 of 150 finished.
[ 2026-03-29 19:48:14 | node_29 | INFO ] 🤫 Gossip finished.
[ 2026-03-29 19:48:14 | node_11 | INFO ] 🗳️ [DETERMINISTIC] Train set assigned (No Voting). Size: 50
[ 2026-03-29 19:48:14 | node_29 | INFO ] 🔬 Evaluating...
[ 2026-03-29 19:48:14 | node_5 | INFO ] 📤 Sending model to 4 direct neighbors: ['node_23', 'node_28', 'node_36', 'node_45']
[ 2026-03-29 19:48:14 | node_12 | INFO ] 🎉 Round 148 of 150 finished.
[ 2026-03-29 19:48:14 | node_11 | INFO ] 🏋️‍♀️ Preparing training...
[ 2026-03-29 19:48:14 | node_12 | INFO ] 🗳️ [DETERMINISTIC] Train set assigned (No Voting). Size: 50
[ 2026-03-29 19:48:14 | node_24 | INFO ] 🤫 Gossip finished.
[ 2026-03-29 19:48:14 | node_28 | INFO ] 🎉 Round 148 of 150 finished.
[ 2026-03-29 19:48:14 | node_35 | INFO ] 🗣️ Gossiping aggregated model.
[ 2026-03-29 19:48:14 | node_39 | INFO ] 🧠 Aggregation complete. Setting new model.
[ 2026-03-29 19:48:14 | node_24 | INFO ] 🔬 Evaluating...
[ 2026-03-29 19:48:14 | node_38 | INFO ] 🗣️ Gossiping aggregated model.
[ 2026-03-29 19:48:14 | node_13 | INFO ] ⏹️  Gossiping exited for 10 equal rounds.
[ 2026-03-29 19:48:14 | node_28 | INFO ] 🗳️ [DETERMINISTIC] Train set assigned (No Voting). Size: 50
[ 2026-03-29 19:48:14 | node_41 | INFO ] 🎉 Round 148 of 150 finished.
[ 2026-03-29 19:48:14 | node_12 | INFO ] 🏋️‍♀️ Preparing training...
[ 2026-03-29 19:48:14 | node_49 | INFO ] 🤫 Gossip finished.
[ 2026-03-29 19:48:14 | node_41 | INFO ] 🗳️ [DETERMINISTIC] Train set assigned (No Voting). Size: 50
[ 2026-03-29 19:48:14 | node_25 | INFO ] 🤫 Gossip finished.
[ 2026-03-29 19:48:14 | node_46 | INFO ] 🎓 Training step done.
[ 2026-03-29 19:48:14 | node_28 | INFO ] 🏋️‍♀️ Preparing training...
[ 2026-03-29 19:48:14 | node_13 | INFO ] 🔬 Evaluating...
[ 2026-03-29 19:48:14 | node_49 | INFO ] 🔬 Evaluating...
[ 2026-03-29 19:48:14 | node_46 | INFO ] 🛠️ Calling force_add_local_model...
[ 2026-03-29 19:48:14 | node_28 | INFO ] 🧩 Model added for round 148 (1/7) from ['node_5']
[ 2026-03-29 19:48:14 | node_25 | INFO ] 🔬 Evaluating...
[ 2026-03-29 19:48:14 | node_41 | INFO ] 🏋️‍♀️ Preparing training...
[ 2026-03-29 19:48:15 | node_46 | INFO ] ✅ [FORCE] Local model added for round 148. (1/7)
[ 2026-03-29 19:48:15 | node_16 | INFO ] 🤫 Gossip finished.
[ 2026-03-29 19:48:15 | node_1 | INFO ] ⏹️  Gossiping exited for 10 equal rounds.
[ 2026-03-29 19:48:15 | node_19 | INFO ] 🤫 Gossip finished.
[ 2026-03-29 19:48:15 | node_7 | INFO ] 🗣️ Gossiping aggregated model.
[ 2026-03-29 19:48:15 | node_16 | INFO ] 🔬 Evaluating...
[ 2026-03-29 19:48:15 | node_19 | INFO ] 🔬 Evaluating...
[ 2026-03-29 19:48:15 | node_1 | INFO ] 🔬 Evaluating...
[ 2026-03-29 19:48:15 | node_29 | INFO ] 📈 Evaluated. Results: {'test_loss': 0.00475721200928092, 'test_accuracy': 0.9907324314117432, 'test_precision': 0.20220763981342316, 'test_recall': 0.47919201850891113, 'test_f1': 0.2825934588909149, 'communication_cost': 5102356}
[ 2026-03-29 19:48:15 | node_29 | INFO ] 📢 Broadcasting metrics.
[ 2026-03-29 19:48:15 | node_48 | INFO ] 🧩 Model added for round 147 (11/11) from ['node_47']
[ 2026-03-29 19:48:16 | node_48 | INFO ] 🧠 Aggregation complete. Setting new model.
[ 2026-03-29 19:48:16 | node_39 | INFO ] 🗣️ Gossiping aggregated model.
[ 2026-03-29 19:48:16 | node_30 | INFO ] 🤫 Gossip finished.
[ 2026-03-29 19:48:16 | node_24 | INFO ] 📈 Evaluated. Results: {'test_loss': 0.004731560591608286, 'test_accuracy': 0.9898326396942139, 'test_precision': 0.17703084647655487, 'test_recall': 0.5288568139076233, 'test_f1': 0.26400452852249146, 'communication_cost': 5102356}
[ 2026-03-29 19:48:16 | node_30 | INFO ] 🔬 Evaluating...
[ 2026-03-29 19:48:16 | node_13 | INFO ] 📈 Evaluated. Results: {'test_loss': 0.004918202757835388, 'test_accuracy': 0.991003155708313, 'test_precision': 0.2623251676559448, 'test_recall': 0.594760000705719, 'test_f1': 0.35349857807159424, 'communication_cost': 3644540}
[ 2026-03-29 19:48:16 | node_33 | INFO ] 🤫 Gossip finished.
[ 2026-03-29 19:48:16 | node_31 | INFO ] 📤 Sending model to 7 direct neighbors: ['node', 'node_3', 'node_10', 'node_17', 'node_24', 'node_29', 'node_41']
[ 2026-03-29 19:48:16 | node_24 | INFO ] 📢 Broadcasting metrics.
[ 2026-03-29 19:48:16 | node_20 | INFO ] 🤫 Gossip finished.
[ 2026-03-29 19:48:16 | node_33 | INFO ] 🔬 Evaluating...
[ 2026-03-29 19:48:16 | node_25 | INFO ] 📈 Evaluated. Results: {'test_loss': 0.0036575982812792063, 'test_accuracy': 0.9927119016647339, 'test_precision': 0.31409507989883423, 'test_recall': 0.6762059926986694, 'test_f1': 0.41349202394485474, 'communication_cost': 5102356}
[ 2026-03-29 19:48:16 | node_20 | INFO ] 🔬 Evaluating...
[ 2026-03-29 19:48:16 | node | INFO ] ⏹️  Gossiping exited for 10 equal rounds.
[ 2026-03-29 19:48:17 | node_23 | INFO ] 🤫 Gossip finished.
[ 2026-03-29 19:48:17 | node_15 | INFO ] 🎓 Training step done.
[ 2026-03-29 19:48:17 | node_13 | INFO ] 📢 Broadcasting metrics.
[ 2026-03-29 19:48:17 | node_25 | INFO ] 📢 Broadcasting metrics.
[ 2026-03-29 19:48:17 | node_49 | INFO ] 📈 Evaluated. Results: {'test_loss': 0.004446959588676691, 'test_accuracy': 0.9917221665382385, 'test_precision': 0.26105213165283203, 'test_recall': 0.5589587092399597, 'test_f1': 0.34999895095825195, 'communication_cost': 5831264}
[ 2026-03-29 19:48:17 | node_15 | INFO ] 🛠️ Calling force_add_local_model...
[ 2026-03-29 19:48:17 | node_1 | INFO ] 📈 Evaluated. Results: {'test_loss': 0.005249209236353636, 'test_accuracy': 0.9923526644706726, 'test_precision': 0.276744544506073, 'test_recall': 0.5304826498031616, 'test_f1': 0.3521593511104584, 'communication_cost': 5831264}
[ 2026-03-29 19:48:17 | node_23 | INFO ] 🔬 Evaluating...
[ 2026-03-29 19:48:17 | node | INFO ] 🔬 Evaluating...
[ 2026-03-29 19:48:17 | node_16 | INFO ] 📈 Evaluated. Results: {'test_loss': 0.005633966997265816, 'test_accuracy': 0.9915429353713989, 'test_precision': 0.32681727409362793, 'test_recall': 0.5571931600570679, 'test_f1': 0.40492427349090576, 'communication_cost': 5102356}
[ 2026-03-29 19:48:17 | node_15 | INFO ] ✅ [FORCE] Local model added for round 148. (1/9)
[ 2026-03-29 19:48:17 | node_49 | INFO ] 📢 Broadcasting metrics.
[ 2026-03-29 19:48:17 | node_19 | INFO ] 📈 Evaluated. Results: {'test_loss': 0.0024928392376750708, 'test_accuracy': 0.9941515326499939, 'test_precision': 0.24735550582408905, 'test_recall': 0.47058334946632385, 'test_f1': 0.31342822313308716, 'communication_cost': 5831264}
[ 2026-03-29 19:48:17 | node_36 | INFO ] 🤫 Gossip finished.
[ 2026-03-29 19:48:17 | node_1 | INFO ] 📢 Broadcasting metrics.
[ 2026-03-29 19:48:17 | node_16 | INFO ] 📢 Broadcasting metrics.
[ 2026-03-29 19:48:17 | node_19 | INFO ] 📢 Broadcasting metrics.
[ 2026-03-29 19:48:17 | node_36 | INFO ] 🔬 Evaluating...
[ 2026-03-29 19:48:17 | node_11 | INFO ] 🎓 Training step done.
[ 2026-03-29 19:48:17 | node_48 | INFO ] 🗣️ Gossiping aggregated model.
[ 2026-03-29 19:48:17 | node_11 | INFO ] 🛠️ Calling force_add_local_model...
[ 2026-03-29 19:48:17 | node_4 | INFO ] 🤫 Gossip finished.
[ 2026-03-29 19:48:17 | node_11 | INFO ] ✅ [FORCE] Local model added for round 148. (1/7)
[ 2026-03-29 19:48:18 | node_47 | INFO ] 🧠 Aggregation complete. Setting new model.
[ 2026-03-29 19:48:18 | node_4 | INFO ] 🔬 Evaluating...
[ 2026-03-29 19:48:18 | node_30 | INFO ] 📈 Evaluated. Results: {'test_loss': 0.0055881463922560215, 'test_accuracy': 0.9906424283981323, 'test_precision': 0.24978750944137573, 'test_recall': 0.5382263660430908, 'test_f1': 0.32589319348335266, 'communication_cost': 6560172}
[ 2026-03-29 19:48:18 | node_33 | INFO ] 📈 Evaluated. Results: {'test_loss': 0.004888514988124371, 'test_accuracy': 0.9932517409324646, 'test_precision': 0.3264755606651306, 'test_recall': 0.5554905533790588, 'test_f1': 0.4009418189525604, 'communication_cost': 5831264}
[ 2026-03-29 19:48:18 | node_30 | INFO ] 📢 Broadcasting metrics.
[ 2026-03-29 19:48:18 | node_33 | INFO ] 📢 Broadcasting metrics.
[ 2026-03-29 19:48:18 | node_41 | INFO ] 🎓 Training step done.
[ 2026-03-29 19:48:18 | node_21 | INFO ] 🤫 Gossip finished.
[ 2026-03-29 19:48:18 | node_20 | INFO ] 📈 Evaluated. Results: {'test_loss': 0.0030056547839194536, 'test_accuracy': 0.9909123778343201, 'test_precision': 0.23498035967350006, 'test_recall': 0.6774308085441589, 'test_f1': 0.34230300784111023, 'communication_cost': 6560172}
[ 2026-03-29 19:48:18 | node_41 | INFO ] 🛠️ Calling force_add_local_model...
[ 2026-03-29 19:48:18 | node_23 | INFO ] 📈 Evaluated. Results: {'test_loss': 0.005121782887727022, 'test_accuracy': 0.991092324256897, 'test_precision': 0.2625647485256195, 'test_recall': 0.5951844453811646, 'test_f1': 0.360909104347229, 'communication_cost': 8746896}
[ 2026-03-29 19:48:18 | node_12 | INFO ] 🎓 Training step done.
[ 2026-03-29 19:48:18 | node_20 | INFO ] 📢 Broadcasting metrics.
[ 2026-03-29 19:48:18 | node_9 | INFO ] 🤫 Gossip finished.
[ 2026-03-29 19:48:18 | node_41 | INFO ] ✅ [FORCE] Local model added for round 148. (1/9)
[ 2026-03-29 19:48:18 | node_21 | INFO ] 🔬 Evaluating...
[ 2026-03-29 19:48:18 | node_12 | INFO ] 🛠️ Calling force_add_local_model...
[ 2026-03-29 19:48:18 | node_23 | INFO ] 📢 Broadcasting metrics.
[ 2026-03-29 19:48:18 | node | INFO ] 📈 Evaluated. Results: {'test_loss': 0.0030052463989704847, 'test_accuracy': 0.99073326587677, 'test_precision': 0.28668925166130066, 'test_recall': 0.7037495970726013, 'test_f1': 0.4023953378200531, 'communication_cost': 5102356}
[ 2026-03-29 19:48:18 | node_12 | INFO ] ✅ [FORCE] Local model added for round 148. (1/6)
[ 2026-03-29 19:48:18 | node_36 | INFO ] 📈 Evaluated. Results: {'test_loss': 0.003283941652625799, 'test_accuracy': 0.9919920563697815, 'test_precision': 0.3045927584171295, 'test_recall': 0.6442775130271912, 'test_f1': 0.40457046031951904, 'communication_cost': 5102356}
[ 2026-03-29 19:48:19 | node_9 | INFO ] 🔬 Evaluating...
[ 2026-03-29 19:48:19 | node | INFO ] 📢 Broadcasting metrics.
[ 2026-03-29 19:48:19 | node_36 | INFO ] 📢 Broadcasting metrics.
[ 2026-03-29 19:48:19 | node_28 | INFO ] 🎓 Training step done.
[ 2026-03-29 19:48:19 | node_28 | INFO ] 🛠️ Calling force_add_local_model...
[ 2026-03-29 19:48:19 | node_28 | INFO ] ✅ [FORCE] Local model added for round 148. (2/7)
[ 2026-03-29 19:48:19 | node_47 | INFO ] 🗣️ Gossiping aggregated model.
[ 2026-03-29 19:48:19 | node_4 | INFO ] 📈 Evaluated. Results: {'test_loss': 0.003849389962852001, 'test_accuracy': 0.9917228817939758, 'test_precision': 0.20295166969299316, 'test_recall': 0.5455113649368286, 'test_f1': 0.2882329821586609, 'communication_cost': 6560172}
[ 2026-03-29 19:48:19 | node_4 | INFO ] 📢 Broadcasting metrics.
[ 2026-03-29 19:48:19 | node_3 | INFO ] 🤫 Gossip finished.
[ 2026-03-29 19:48:19 | node_29 | INFO ] 🎉 Round 148 of 150 finished.
[ 2026-03-29 19:48:19 | node_3 | INFO ] 🔬 Evaluating...
[ 2026-03-29 19:48:19 | node_29 | INFO ] 🗳️ [DETERMINISTIC] Train set assigned (No Voting). Size: 50
[ 2026-03-29 19:48:19 | node_34 | INFO ] ⏹️  Gossiping exited for 10 equal rounds.
[ 2026-03-29 19:48:19 | node_29 | INFO ] ♻️ Proactively processing 1 early models for round 148.
[ 2026-03-29 19:48:19 | node_21 | INFO ] 📈 Evaluated. Results: {'test_loss': 0.0025113478768616915, 'test_accuracy': 0.9941515326499939, 'test_precision': 0.3357678949832916, 'test_recall': 0.7191388607025146, 'test_f1': 0.44601109623908997, 'communication_cost': 7289080}
[ 2026-03-29 19:48:19 | node_34 | INFO ] 🔬 Evaluating...
[ 2026-03-29 19:48:19 | node_29 | INFO ] 🧩 Model added for round 148 (1/8) from ['node_31']
[ 2026-03-29 19:48:19 | node_39 | INFO ] 🤫 Gossip finished.
[ 2026-03-29 19:48:19 | node_13 | INFO ] 🎉 Round 148 of 150 finished.
[ 2026-03-29 19:48:20 | node_29 | INFO ] 🏋️‍♀️ Preparing training...
[ 2026-03-29 19:48:20 | node_9 | INFO ] 📈 Evaluated. Results: {'test_loss': 0.002704617567360401, 'test_accuracy': 0.991273045539856, 'test_precision': 0.24866418540477753, 'test_recall': 0.7495733499526978, 'test_f1': 0.36888042092323303, 'communication_cost': 8017988}
[ 2026-03-29 19:48:20 | node_21 | INFO ] 📢 Broadcasting metrics.
[ 2026-03-29 19:48:20 | node_39 | INFO ] 🔬 Evaluating...
[ 2026-03-29 19:48:20 | node_13 | INFO ] 🗳️ [DETERMINISTIC] Train set assigned (No Voting). Size: 50
[ 2026-03-29 19:48:20 | node_46 | INFO ] 📤 Sending model to 6 direct neighbors: ['node_2', 'node_13', 'node_19', 'node_32', 'node_41', 'node_44']
[ 2026-03-29 19:48:20 | node_9 | INFO ] 📢 Broadcasting metrics.
[ 2026-03-29 19:48:20 | node_41 | INFO ] 🧩 Model added for round 148 (2/9) from ['node_31']
[ 2026-03-29 19:48:20 | node_13 | INFO ] 🏋️‍♀️ Preparing training...
[ 2026-03-29 19:48:20 | node_14 | INFO ] ⏹️  Gossiping exited for 10 equal rounds.
[ 2026-03-29 19:48:20 | node_3 | INFO ] 📈 Evaluated. Results: {'test_loss': 0.0028631219174712896, 'test_accuracy': 0.9918128848075867, 'test_precision': 0.23156653344631195, 'test_recall': 0.7378017902374268, 'test_f1': 0.34678182005882263, 'communication_cost': 3644540}
[ 2026-03-29 19:48:20 | node_27 | INFO ] 🤫 Gossip finished.
[ 2026-03-29 19:48:20 | node_3 | INFO ] 📢 Broadcasting metrics.
[ 2026-03-29 19:48:20 | node_27 | INFO ] 🔬 Evaluating...
[ 2026-03-29 19:48:20 | node_14 | INFO ] 🔬 Evaluating...
[ 2026-03-29 19:48:21 | node_24 | INFO ] 🎉 Round 148 of 150 finished.
[ 2026-03-29 19:48:21 | node_13 | INFO ] 🧩 Model added for round 148 (1/6) from ['node_46']
[ 2026-03-29 19:48:21 | node_24 | INFO ] 🗳️ [DETERMINISTIC] Train set assigned (No Voting). Size: 50
[ 2026-03-29 19:48:21 | node_34 | INFO ] 📈 Evaluated. Results: {'test_loss': 0.002976908115670085, 'test_accuracy': 0.9920820593833923, 'test_precision': 0.2747347056865692, 'test_recall': 0.6626608967781067, 'test_f1': 0.3775295317173004, 'communication_cost': 6560172}
[ 2026-03-29 19:48:21 | node_2 | INFO ] ⏹️  Gossiping exited for 10 equal rounds.
[ 2026-03-29 19:48:21 | node_39 | INFO ] 📈 Evaluated. Results: {'test_loss': 0.0034633579198271036, 'test_accuracy': 0.9924419522285461, 'test_precision': 0.2641148269176483, 'test_recall': 0.6474851965904236, 'test_f1': 0.3612111508846283, 'communication_cost': 6560172}
[ 2026-03-29 19:48:21 | node_34 | INFO ] 📢 Broadcasting metrics.
[ 2026-03-29 19:48:21 | node_16 | INFO ] 🎉 Round 148 of 150 finished.
[ 2026-03-29 19:48:21 | node_39 | INFO ] 📢 Broadcasting metrics.
[ 2026-03-29 19:48:21 | node_24 | INFO ] ♻️ Proactively processing 1 early models for round 148.
[ 2026-03-29 19:48:21 | node_2 | INFO ] 🔬 Evaluating...
[ 2026-03-29 19:48:21 | node_25 | INFO ] 🎉 Round 148 of 150 finished.
[ 2026-03-29 19:48:21 | node_24 | INFO ] 🧩 Model added for round 148 (1/8) from ['node_31']
[ 2026-03-29 19:48:21 | node_16 | INFO ] 🗳️ [DETERMINISTIC] Train set assigned (No Voting). Size: 50
[ 2026-03-29 19:48:21 | node_24 | INFO ] 🏋️‍♀️ Preparing training...
[ 2026-03-29 19:48:21 | node_25 | INFO ] 🗳️ [DETERMINISTIC] Train set assigned (No Voting). Size: 50
[ 2026-03-29 19:48:21 | node_16 | INFO ] 🏋️‍♀️ Preparing training...
[ 2026-03-29 19:48:21 | node_25 | INFO ] 🏋️‍♀️ Preparing training...
[ 2026-03-29 19:48:21 | node_19 | INFO ] 🎉 Round 148 of 150 finished.
[ 2026-03-29 19:48:21 | node_1 | INFO ] 🎉 Round 148 of 150 finished.
[ 2026-03-29 19:48:21 | node_14 | INFO ] 📈 Evaluated. Results: {'test_loss': 0.0033579226583242416, 'test_accuracy': 0.9922627210617065, 'test_precision': 0.33984678983688354, 'test_recall': 0.716796875, 'test_f1': 0.4343932867050171, 'communication_cost': 4373448}
[ 2026-03-29 19:48:21 | node_19 | INFO ] 🗳️ [DETERMINISTIC] Train set assigned (No Voting). Size: 50
[ 2026-03-29 19:48:21 | node_14 | INFO ] 📢 Broadcasting metrics.
[ 2026-03-29 19:48:21 | node_27 | INFO ] 📈 Evaluated. Results: {'test_loss': 0.003258133539929986, 'test_accuracy': 0.9902825355529785, 'test_precision': 0.20392169058322906, 'test_recall': 0.6579475402832031, 'test_f1': 0.3086486756801605, 'communication_cost': 2915632}
[ 2026-03-29 19:48:22 | node_1 | INFO ] 🗳️ [DETERMINISTIC] Train set assigned (No Voting). Size: 50
[ 2026-03-29 19:48:22 | node_27 | INFO ] 📢 Broadcasting metrics.
[ 2026-03-29 19:48:22 | node_49 | INFO ] 🎉 Round 148 of 150 finished.
[ 2026-03-29 19:48:22 | node_19 | INFO ] ♻️ Proactively processing 1 early models for round 148.
[ 2026-03-29 19:48:22 | node_26 | INFO ] ⏹️  Gossiping exited for 10 equal rounds.
[ 2026-03-29 19:48:22 | node_19 | INFO ] 🧩 Model added for round 148 (1/9) from ['node_46']
[ 2026-03-29 19:48:22 | node_1 | INFO ] 🏋️‍♀️ Preparing training...
[ 2026-03-29 19:48:22 | node_49 | INFO ] 🗳️ [DETERMINISTIC] Train set assigned (No Voting). Size: 50
[ 2026-03-29 19:48:22 | node_19 | INFO ] 🏋️‍♀️ Preparing training...
[ 2026-03-29 19:48:22 | node_15 | INFO ] 📤 Sending model to 8 direct neighbors: ['node_2', 'node_8', 'node_16', 'node_22', 'node_37', 'node_40', 'node_42', 'node_44']
[ 2026-03-29 19:48:22 | node_26 | INFO ] 🔬 Evaluating...
[ 2026-03-29 19:48:22 | node_49 | INFO ] 🏋️‍♀️ Preparing training...
[ 2026-03-29 19:48:22 | node_2 | INFO ] 📈 Evaluated. Results: {'test_loss': 0.004720579367130995, 'test_accuracy': 0.9926225543022156, 'test_precision': 0.24493248760700226, 'test_recall': 0.507457971572876, 'test_f1': 0.32713577151298523, 'communication_cost': 5831264}
[ 2026-03-29 19:48:22 | node_2 | INFO ] 📢 Broadcasting metrics.
[ 2026-03-29 19:48:22 | node_41 | INFO ] 🧩 Model added for round 148 (3/9) from ['node_46']
[ 2026-03-29 19:48:23 | node_11 | INFO ] 📤 Sending model to 6 direct neighbors: ['node_18', 'node_22', 'node_29', 'node_32', 'node_40', 'node_44']
[ 2026-03-29 19:48:23 | node | INFO ] 🎉 Round 148 of 150 finished.
[ 2026-03-29 19:48:23 | node | INFO ] 🗳️ [DETERMINISTIC] Train set assigned (No Voting). Size: 50
[ 2026-03-29 19:48:23 | node_29 | INFO ] 🎓 Training step done.
[ 2026-03-29 19:48:23 | node_33 | INFO ] 🎉 Round 148 of 150 finished.
[ 2026-03-29 19:48:23 | node_36 | INFO ] 🎉 Round 148 of 150 finished.
[ 2026-03-29 19:48:23 | node_29 | INFO ] 🛠️ Calling force_add_local_model...
[ 2026-03-29 19:48:23 | node | INFO ] ♻️ Proactively processing 1 early models for round 148.
[ 2026-03-29 19:48:23 | node_29 | INFO ] ✅ [FORCE] Local model added for round 148. (2/8)
[ 2026-03-29 19:48:23 | node_16 | INFO ] 🧩 Model added for round 148 (1/8) from ['node_15']
[ 2026-03-29 19:48:23 | node_36 | INFO ] 🗳️ [DETERMINISTIC] Train set assigned (No Voting). Size: 50
[ 2026-03-29 19:48:23 | node | INFO ] 🧩 Model added for round 148 (1/8) from ['node_31']
[ 2026-03-29 19:48:23 | node_33 | INFO ] 🗳️ [DETERMINISTIC] Train set assigned (No Voting). Size: 50
[ 2026-03-29 19:48:23 | node | INFO ] 🏋️‍♀️ Preparing training...
[ 2026-03-29 19:48:23 | node_42 | INFO ] ⏹️  Gossiping exited for 10 equal rounds.
[ 2026-03-29 19:48:23 | node_3 | INFO ] 🎉 Round 148 of 150 finished.
[ 2026-03-29 19:48:23 | node_13 | INFO ] 🎓 Training step done.
[ 2026-03-29 19:48:23 | node_13 | INFO ] 🛠️ Calling force_add_local_model...
[ 2026-03-29 19:48:23 | node_33 | INFO ] 🏋️‍♀️ Preparing training...
[ 2026-03-29 19:48:23 | node_36 | INFO ] ♻️ Proactively processing 1 early models for round 148.
[ 2026-03-29 19:48:23 | node_13 | INFO ] ✅ [FORCE] Local model added for round 148. (2/6)
[ 2026-03-29 19:48:23 | node_30 | INFO ] 🎉 Round 148 of 150 finished.
[ 2026-03-29 19:48:23 | node_3 | INFO ] 🗳️ [DETERMINISTIC] Train set assigned (No Voting). Size: 50
[ 2026-03-29 19:48:23 | node_36 | INFO ] 🧩 Model added for round 148 (1/8) from ['node_5']
[ 2026-03-29 19:48:23 | node_42 | INFO ] 🔬 Evaluating...
[ 2026-03-29 19:48:23 | node_36 | INFO ] 🏋️‍♀️ Preparing training...
[ 2026-03-29 19:48:23 | node_26 | INFO ] 📈 Evaluated. Results: {'test_loss': 0.0033085145987570286, 'test_accuracy': 0.9944214224815369, 'test_precision': 0.3893994092941284, 'test_recall': 0.6761278510093689, 'test_f1': 0.4865646958351135, 'communication_cost': 6560172}
[ 2026-03-29 19:48:23 | node_30 | INFO ] 🗳️ [DETERMINISTIC] Train set assigned (No Voting). Size: 50
[ 2026-03-29 19:48:23 | node_41 | INFO ] 📤 Sending model to 8 direct neighbors: ['node_8', 'node_17', 'node_19', 'node_26', 'node_31', 'node_32', 'node_42', 'node_46']
[ 2026-03-29 19:48:24 | node_29 | INFO ] 🧩 Model added for round 148 (3/8) from ['node_11']
[ 2026-03-29 19:48:24 | node_26 | INFO ] 📢 Broadcasting metrics.
[ 2026-03-29 19:48:24 | node_3 | INFO ] ♻️ Proactively processing 1 early models for round 148.
[ 2026-03-29 19:48:24 | node_12 | INFO ] 📤 Sending model to 5 direct neighbors: ['node_1', 'node_4', 'node_26', 'node_36', 'node_38']
[ 2026-03-29 19:48:24 | node_30 | INFO ] 🏋️‍♀️ Preparing training...
[ 2026-03-29 19:48:24 | node_3 | INFO ] 🧩 Model added for round 148 (1/6) from ['node_31']
[ 2026-03-29 19:48:24 | node_20 | INFO ] 🎉 Round 148 of 150 finished.
[ 2026-03-29 19:48:24 | node_3 | INFO ] 🏋️‍♀️ Preparing training...
[ 2026-03-29 19:48:24 | node_20 | INFO ] 🗳️ [DETERMINISTIC] Train set assigned (No Voting). Size: 50
[ 2026-03-29 19:48:24 | node_28 | INFO ] 📤 Sending model to 6 direct neighbors: ['node_4', 'node_5', 'node_16', 'node_33', 'node_34', 'node_37']
[ 2026-03-29 19:48:24 | node_1 | INFO ] 🧩 Model added for round 148 (1/9) from ['node_12']
[ 2026-03-29 19:48:24 | node_24 | INFO ] 🎓 Training step done.
[ 2026-03-29 19:48:24 | node_20 | INFO ] 🏋️‍♀️ Preparing training...
[ 2026-03-29 19:48:24 | node_27 | INFO ] 🎉 Round 148 of 150 finished.
[ 2026-03-29 19:48:24 | node_24 | INFO ] 🛠️ Calling force_add_local_model...
[ 2026-03-29 19:48:24 | node_24 | INFO ] ✅ [FORCE] Local model added for round 148. (2/8)
[ 2026-03-29 19:48:24 | node_44 | INFO ] ⏹️  Gossiping exited for 10 equal rounds.
[ 2026-03-29 19:48:24 | node_27 | INFO ] 🗳️ [DETERMINISTIC] Train set assigned (No Voting). Size: 50
[ 2026-03-29 19:48:25 | node_25 | INFO ] 🎓 Training step done.
[ 2026-03-29 19:48:25 | node_25 | INFO ] 🛠️ Calling force_add_local_model...
[ 2026-03-29 19:48:25 | node_44 | INFO ] 🔬 Evaluating...
[ 2026-03-29 19:48:25 | node_27 | INFO ] 🏋️‍♀️ Preparing training...
[ 2026-03-29 19:48:25 | node_4 | INFO ] 🎉 Round 148 of 150 finished.
[ 2026-03-29 19:48:25 | node_8 | INFO ] ⏹️  Gossiping exited for 10 equal rounds.
[ 2026-03-29 19:48:25 | node_8 | INFO ] 🔬 Evaluating...
[ 2026-03-29 19:48:25 | node_4 | INFO ] 🗳️ [DETERMINISTIC] Train set assigned (No Voting). Size: 50
[ 2026-03-29 19:48:25 | node_25 | INFO ] ✅ [FORCE] Local model added for round 148. (1/8)
[ 2026-03-29 19:48:25 | node_16 | INFO ] 🎓 Training step done.
[ 2026-03-29 19:48:25 | node_5 | INFO ] 🧩 Model added for round 148 (2/5) from ['node_28']
[ 2026-03-29 19:48:25 | node_19 | INFO ] 🧩 Model added for round 148 (2/9) from ['node_41']
[ 2026-03-29 19:48:25 | node_16 | INFO ] 🛠️ Calling force_add_local_model...
[ 2026-03-29 19:48:25 | node_16 | INFO ] ✅ [FORCE] Local model added for round 148. (2/8)
[ 2026-03-29 19:48:25 | node_4 | INFO ] ♻️ Proactively processing 1 early models for round 148.
[ 2026-03-29 19:48:25 | node_14 | INFO ] 🎉 Round 148 of 150 finished.
[ 2026-03-29 19:48:25 | node_4 | INFO ] 🧩 Model added for round 148 (1/10) from ['node_28']
[ 2026-03-29 19:48:26 | node_4 | INFO ] 🏋️‍♀️ Preparing training...
[ 2026-03-29 19:48:26 | node_14 | INFO ] 🗳️ [DETERMINISTIC] Train set assigned (No Voting). Size: 50
[ 2026-03-29 19:48:26 | node_42 | INFO ] 📈 Evaluated. Results: {'test_loss': 0.0035794926807284355, 'test_accuracy': 0.9909123778343201, 'test_precision': 0.2346433848142624, 'test_recall': 0.6328119039535522, 'test_f1': 0.3353230953216553, 'communication_cost': 5831264}
[ 2026-03-29 19:48:26 | node_23 | INFO ] 🎉 Round 148 of 150 finished.
[ 2026-03-29 19:48:26 | node_21 | INFO ] 🎉 Round 148 of 150 finished.
[ 2026-03-29 19:48:26 | node_14 | INFO ] 🏋️‍♀️ Preparing training...
[ 2026-03-29 19:48:26 | node_23 | INFO ] 🗳️ [DETERMINISTIC] Train set assigned (No Voting). Size: 50
[ 2026-03-29 19:48:26 | node_42 | INFO ] 📢 Broadcasting metrics.
[ 2026-03-29 19:48:26 | node_21 | INFO ] 🗳️ [DETERMINISTIC] Train set assigned (No Voting). Size: 50
[ 2026-03-29 19:48:26 | node_23 | INFO ] ♻️ Proactively processing 1 early models for round 148.
[ 2026-03-29 19:48:26 | node_19 | INFO ] 🎓 Training step done.
[ 2026-03-29 19:48:26 | node_4 | INFO ] 🧩 Model added for round 148 (2/10) from ['node_12']
[ 2026-03-29 19:48:26 | node_21 | INFO ] 🏋️‍♀️ Preparing training...
[ 2026-03-29 19:48:26 | node_23 | INFO ] 🧩 Model added for round 148 (1/13) from ['node_5']
[ 2026-03-29 19:48:26 | node_19 | INFO ] 🛠️ Calling force_add_local_model...
[ 2026-03-29 19:48:26 | node_23 | INFO ] 🏋️‍♀️ Preparing training...
[ 2026-03-29 19:48:26 | node_19 | INFO ] ✅ [FORCE] Local model added for round 148. (3/9)
[ 2026-03-29 19:48:26 | node_16 | INFO ] 🧩 Model added for round 148 (3/8) from ['node_28']
[ 2026-03-29 19:48:26 | node_49 | INFO ] 🎓 Training step done.
[ 2026-03-29 19:48:26 | node_1 | INFO ] 🎓 Training step done.
[ 2026-03-29 19:48:26 | node_49 | INFO ] 🛠️ Calling force_add_local_model...
[ 2026-03-29 19:48:26 | node_1 | INFO ] 🛠️ Calling force_add_local_model...
[ 2026-03-29 19:48:27 | node_49 | INFO ] ✅ [FORCE] Local model added for round 148. (1/9)
[ 2026-03-29 19:48:27 | node_1 | INFO ] ✅ [FORCE] Local model added for round 148. (2/9)
[ 2026-03-29 19:48:27 | node_34 | INFO ] 🎉 Round 148 of 150 finished.
[ 2026-03-29 19:48:27 | node_9 | INFO ] 🎉 Round 148 of 150 finished.
[ 2026-03-29 19:48:27 | node_39 | INFO ] 🎉 Round 148 of 150 finished.
[ 2026-03-29 19:48:27 | node_34 | INFO ] 🗳️ [DETERMINISTIC] Train set assigned (No Voting). Size: 50
[ 2026-03-29 19:48:27 | node_9 | INFO ] 🗳️ [DETERMINISTIC] Train set assigned (No Voting). Size: 50
[ 2026-03-29 19:48:27 | node_39 | INFO ] 🗳️ [DETERMINISTIC] Train set assigned (No Voting). Size: 50
[ 2026-03-29 19:48:27 | node_34 | INFO ] 🏋️‍♀️ Preparing training...
[ 2026-03-29 19:48:27 | node_10 | INFO ] ⏹️  Gossiping exited for 10 equal rounds.
[ 2026-03-29 19:48:27 | node_9 | INFO ] 🏋️‍♀️ Preparing training...
[ 2026-03-29 19:48:27 | node_6 | INFO ] ⏹️  Gossiping exited for 10 equal rounds.
[ 2026-03-29 19:48:27 | node_39 | INFO ] 🏋️‍♀️ Preparing training...
[ 2026-03-29 19:48:27 | node_10 | INFO ] 🔬 Evaluating...
[ 2026-03-29 19:48:27 | node_6 | INFO ] 🔬 Evaluating...
[ 2026-03-29 19:48:27 | node_2 | INFO ] 🎉 Round 148 of 150 finished.
[ 2026-03-29 19:48:27 | node_2 | INFO ] 🗳️ [DETERMINISTIC] Train set assigned (No Voting). Size: 50
[ 2026-03-29 19:48:27 | node_31 | INFO ] 🧩 Model added for round 148 (2/8) from ['node_41']
[ 2026-03-29 19:48:27 | node_33 | INFO ] 🧩 Model added for round 148 (1/9) from ['node_28']
[ 2026-03-29 19:48:27 | node | INFO ] 🎓 Training step done.
[ 2026-03-29 19:48:27 | node_44 | INFO ] 📈 Evaluated. Results: {'test_loss': 0.0037113733123987913, 'test_accuracy': 0.9901925325393677, 'test_precision': 0.2037268728017807, 'test_recall': 0.5860876441001892, 'test_f1': 0.29417720437049866, 'communication_cost': 5831264}
[ 2026-03-29 19:48:27 | node | INFO ] 🛠️ Calling force_add_local_model...
[ 2026-03-29 19:48:27 | node_2 | INFO ] ♻️ Proactively processing 2 early models for round 148.
[ 2026-03-29 19:48:27 | node_44 | INFO ] 📢 Broadcasting metrics.
[ 2026-03-29 19:48:28 | node_40 | INFO ] ⏹️  Gossiping exited for 10 equal rounds.
[ 2026-03-29 19:48:28 | node_2 | INFO ] 🧩 Model added for round 148 (1/9) from ['node_46']
[ 2026-03-29 19:48:28 | node | INFO ] ✅ [FORCE] Local model added for round 148. (2/8)
[ 2026-03-29 19:48:28 | node_8 | INFO ] 📈 Evaluated. Results: {'test_loss': 0.00471477722749114, 'test_accuracy': 0.9917228817939758, 'test_precision': 0.3315596282482147, 'test_recall': 0.7274188995361328, 'test_f1': 0.43902236223220825, 'communication_cost': 8017988}
[ 2026-03-29 19:48:28 | node_2 | INFO ] 🧩 Model added for round 148 (2/9) from ['node_15']
[ 2026-03-29 19:48:28 | node_8 | INFO ] 📢 Broadcasting metrics.
[ 2026-03-29 19:48:28 | node_2 | INFO ] 🏋️‍♀️ Preparing training...
[ 2026-03-29 19:48:28 | node_40 | INFO ] 🔬 Evaluating...
[ 2026-03-29 19:48:28 | node_36 | INFO ] 🎓 Training step done.
[ 2026-03-29 19:48:28 | node_36 | INFO ] 🛠️ Calling force_add_local_model...
[ 2026-03-29 19:48:28 | node_29 | INFO ] 📤 Sending model to 7 direct neighbors: ['node_11', 'node_23', 'node_31', 'node_38', 'node_42', 'node_45', 'node_49']
[ 2026-03-29 19:48:28 | node_36 | INFO ] ✅ [FORCE] Local model added for round 148. (2/8)
[ 2026-03-29 19:48:28 | node_36 | INFO ] 🧩 Model added for round 148 (3/8) from ['node_12']
[ 2026-03-29 19:48:28 | node_3 | INFO ] 🎓 Training step done.
[ 2026-03-29 19:48:28 | node_3 | INFO ] 🛠️ Calling force_add_local_model...
[ 2026-03-29 19:48:28 | node_11 | INFO ] 🧩 Model added for round 148 (2/7) from ['node_29']
[ 2026-03-29 19:48:28 | node_13 | INFO ] 📤 Sending model to 5 direct neighbors: ['node_25', 'node_26', 'node_32', 'node_39', 'node_46']
[ 2026-03-29 19:48:28 | node_33 | INFO ] 🎓 Training step done.
[ 2026-03-29 19:48:28 | node_33 | INFO ] 🛠️ Calling force_add_local_model...
[ 2026-03-29 19:48:29 | node_3 | INFO ] ✅ [FORCE] Local model added for round 148. (2/6)
[ 2026-03-29 19:48:29 | node_33 | INFO ] ✅ [FORCE] Local model added for round 148. (2/9)
[ 2026-03-29 19:48:29 | node_25 | INFO ] 🧩 Model added for round 148 (2/8) from ['node_13']
[ 2026-03-29 19:48:29 | node_34 | INFO ] 🧩 Model added for round 148 (1/10) from ['node_28']
[ 2026-03-29 19:48:29 | node_30 | INFO ] 🎓 Training step done.
[ 2026-03-29 19:48:29 | node_30 | INFO ] 🛠️ Calling force_add_local_model...
[ 2026-03-29 19:48:29 | node_26 | INFO ] 🎉 Round 148 of 150 finished.
[ 2026-03-29 19:48:29 | node_30 | INFO ] ✅ [FORCE] Local model added for round 148. (1/10)
[ 2026-03-29 19:48:29 | node_20 | INFO ] 🎓 Training step done.
[ 2026-03-29 19:48:29 | node_10 | INFO ] 📈 Evaluated. Results: {'test_loss': 0.0038270042277872562, 'test_accuracy': 0.9901034832000732, 'test_precision': 0.1969611644744873, 'test_recall': 0.5830732583999634, 'test_f1': 0.2904166281223297, 'communication_cost': 5102356}
[ 2026-03-29 19:48:29 | node_20 | INFO ] 🛠️ Calling force_add_local_model...
[ 2026-03-29 19:48:29 | node_26 | INFO ] 🗳️ [DETERMINISTIC] Train set assigned (No Voting). Size: 50
[ 2026-03-29 19:48:29 | node_10 | INFO ] 📢 Broadcasting metrics.
[ 2026-03-29 19:48:29 | node_6 | INFO ] 📈 Evaluated. Results: {'test_loss': 0.004245379939675331, 'test_accuracy': 0.9921727180480957, 'test_precision': 0.2564164996147156, 'test_recall': 0.48725345730781555, 'test_f1': 0.33005234599113464, 'communication_cost': 4373448}
[ 2026-03-29 19:48:29 | node_20 | INFO ] ✅ [FORCE] Local model added for round 148. (1/10)
[ 2026-03-29 19:48:29 | node_24 | INFO ] 📤 Sending model to 7 direct neighbors: ['node_9', 'node_21', 'node_31', 'node_33', 'node_35', 'node_36', 'node_37']
[ 2026-03-29 19:48:29 | node_18 | INFO ] ⏹️  Gossiping exited for 10 equal rounds.
[ 2026-03-29 19:48:29 | node_4 | INFO ] 🎓 Training step done.
[ 2026-03-29 19:48:29 | node_6 | INFO ] 📢 Broadcasting metrics.
[ 2026-03-29 19:48:30 | node_4 | INFO ] 🛠️ Calling force_add_local_model...
[ 2026-03-29 19:48:30 | node_26 | INFO ] ♻️ Proactively processing 2 early models for round 148.
[ 2026-03-29 19:48:30 | node_4 | INFO ] ✅ [FORCE] Local model added for round 148. (3/10)
[ 2026-03-29 19:48:30 | node_46 | INFO ] 🧩 Model added for round 148 (2/7) from ['node_41']
[ 2026-03-29 19:48:30 | node_40 | INFO ] 📈 Evaluated. Results: {'test_loss': 0.004246687050908804, 'test_accuracy': 0.9899226427078247, 'test_precision': 0.2122354805469513, 'test_recall': 0.5744226574897766, 'test_f1': 0.3050929009914398, 'communication_cost': 7289080}
[ 2026-03-29 19:48:30 | node_26 | INFO ] 🧩 Model added for round 148 (1/10) from ['node_41']
[ 2026-03-29 19:48:30 | node_18 | INFO ] 🔬 Evaluating...
[ 2026-03-29 19:48:30 | node_23 | INFO ] 🧩 Model added for round 148 (2/13) from ['node_29']
[ 2026-03-29 19:48:30 | node_40 | INFO ] 📢 Broadcasting metrics.
[ 2026-03-29 19:48:30 | node_26 | INFO ] 🧩 Model added for round 148 (2/10) from ['node_12']
[ 2026-03-29 19:48:30 | node_26 | INFO ] 🏋️‍♀️ Preparing training...
[ 2026-03-29 19:48:30 | node_9 | INFO ] 🧩 Model added for round 148 (1/12) from ['node_24']
[ 2026-03-29 19:48:30 | node_22 | INFO ] ⏹️  Gossiping exited for 10 equal rounds.
[ 2026-03-29 19:48:30 | node_22 | INFO ] 🔬 Evaluating...
[ 2026-03-29 19:48:30 | node_26 | INFO ] 🧩 Model added for round 148 (3/10) from ['node_13']
[ 2026-03-29 19:48:30 | node_25 | INFO ] 📤 Sending model to 7 direct neighbors: ['node_1', 'node_9', 'node_13', 'node_30', 'node_35', 'node_42', 'node_43']
[ 2026-03-29 19:48:30 | node_17 | INFO ] ⏹️  Gossiping exited for 10 equal rounds.
[ 2026-03-29 19:48:30 | node_16 | INFO ] 📤 Sending model to 7 direct neighbors: ['node_7', 'node_15', 'node_19', 'node_28', 'node_38', 'node_42', 'node_45']
[ 2026-03-29 19:48:31 | node_42 | INFO ] 🎉 Round 148 of 150 finished.
[ 2026-03-29 19:48:31 | node_14 | INFO ] 🎓 Training step done.
[ 2026-03-29 19:48:31 | node_27 | INFO ] 🎓 Training step done.
[ 2026-03-29 19:48:31 | node_14 | INFO ] 🛠️ Calling force_add_local_model...
[ 2026-03-29 19:48:31 | node_27 | INFO ] 🛠️ Calling force_add_local_model...
[ 2026-03-29 19:48:31 | node_17 | INFO ] 🔬 Evaluating...
[ 2026-03-29 19:48:31 | node_1 | INFO ] 🧩 Model added for round 148 (3/9) from ['node_25']
[ 2026-03-29 19:48:31 | node_42 | INFO ] 🗳️ [DETERMINISTIC] Train set assigned (No Voting). Size: 50
[ 2026-03-29 19:48:31 | node_14 | INFO ] ✅ [FORCE] Local model added for round 148. (1/7)
[ 2026-03-29 19:48:31 | node_27 | INFO ] ✅ [FORCE] Local model added for round 148. (1/5)
[ 2026-03-29 19:48:31 | node_9 | INFO ] 🎓 Training step done.
[ 2026-03-29 19:48:31 | node_42 | INFO ] ♻️ Proactively processing 2 early models for round 148.
[ 2026-03-29 19:48:31 | node_9 | INFO ] 🛠️ Calling force_add_local_model...
[ 2026-03-29 19:48:31 | node_42 | INFO ] 🧩 Model added for round 148 (1/9) from ['node_15']
[ 2026-03-29 19:48:31 | node_9 | INFO ] ✅ [FORCE] Local model added for round 148. (2/12)
[ 2026-03-29 19:48:31 | node_42 | INFO ] 🧩 Model added for round 148 (2/9) from ['node_41']
[ 2026-03-29 19:48:31 | node_42 | INFO ] 🏋️‍♀️ Preparing training...
[ 2026-03-29 19:48:31 | node_15 | INFO ] 🧩 Model added for round 148 (2/9) from ['node_16']
[ 2026-03-29 19:48:31 | node_34 | INFO ] 🎓 Training step done.
[ 2026-03-29 19:48:31 | node_34 | INFO ] 🛠️ Calling force_add_local_model...
[ 2026-03-29 19:48:31 | node_34 | INFO ] ✅ [FORCE] Local model added for round 148. (2/10)
[ 2026-03-29 19:48:31 | node_18 | INFO ] 📈 Evaluated. Results: {'test_loss': 0.002337948651984334, 'test_accuracy': 0.9917228817939758, 'test_precision': 0.2144467830657959, 'test_recall': 0.7582502365112305, 'test_f1': 0.32610148191452026, 'communication_cost': 5831264}
[ 2026-03-29 19:48:31 | node_19 | INFO ] 📤 Sending model to 8 direct neighbors: ['node_2', 'node_7', 'node_16', 'node_21', 'node_22', 'node_41', 'node_46', 'node_49']
[ 2026-03-29 19:48:31 | node_18 | INFO ] 📢 Broadcasting metrics.
[ 2026-03-29 19:48:31 | node_21 | INFO ] 🎓 Training step done.
[ 2026-03-29 19:48:31 | node_21 | INFO ] 🛠️ Calling force_add_local_model...
[ 2026-03-29 19:48:31 | node_23 | INFO ] 🎓 Training step done.
[ 2026-03-29 19:48:31 | node_37 | INFO ] ⏹️  Gossiping exited for 10 equal rounds.
[ 2026-03-29 19:48:32 | node_21 | INFO ] ✅ [FORCE] Local model added for round 148. (1/11)
[ 2026-03-29 19:48:32 | node_49 | INFO ] 📤 Sending model to 8 direct neighbors: ['node_8', 'node_19', 'node_21', 'node_27', 'node_29', 'node_32', 'node_33', 'node_35']
[ 2026-03-29 19:48:32 | node_23 | INFO ] 🛠️ Calling force_add_local_model...
[ 2026-03-29 19:48:32 | node_1 | INFO ] 📤 Sending model to 8 direct neighbors: ['node_8', 'node_12', 'node_17', 'node_25', 'node_26', 'node_34', 'node_38', 'node_48']
[ 2026-03-29 19:48:32 | node_2 | INFO ] 🧩 Model added for round 148 (3/9) from ['node_19']
[ 2026-03-29 19:48:32 | node_22 | INFO ] 📈 Evaluated. Results: {'test_loss': 0.003486241213977337, 'test_accuracy': 0.9913622736930847, 'test_precision': 0.2219226360321045, 'test_recall': 0.5518115758895874, 'test_f1': 0.2962310016155243, 'communication_cost': 5831264}
[ 2026-03-29 19:48:32 | node_23 | INFO ] ✅ [FORCE] Local model added for round 148. (3/13)
[ 2026-03-29 19:48:32 | node_37 | INFO ] 🔬 Evaluating...
[ 2026-03-29 19:48:32 | node_22 | INFO ] 📢 Broadcasting metrics.
[ 2026-03-29 19:48:32 | node_39 | INFO ] 🎓 Training step done.
[ 2026-03-29 19:48:32 | node_21 | INFO ] 🧩 Model added for round 148 (2/11) from ['node_24']
[ 2026-03-29 19:48:32 | node_31 | INFO ] 🧩 Model added for round 148 (3/8) from ['node_29']
[ 2026-03-29 19:48:32 | node_39 | INFO ] 🛠️ Calling force_add_local_model...
[ 2026-03-29 19:48:32 | node_17 | INFO ] 📈 Evaluated. Results: {'test_loss': 0.003923656884580851, 'test_accuracy': 0.9919028282165527, 'test_precision': 0.27710258960723877, 'test_recall': 0.6567144989967346, 'test_f1': 0.38554683327674866, 'communication_cost': 3644540}
[ 2026-03-29 19:48:32 | node_2 | INFO ] 🎓 Training step done.
[ 2026-03-29 19:48:32 | node_2 | INFO ] 🛠️ Calling force_add_local_model...
[ 2026-03-29 19:48:32 | node_39 | INFO ] ✅ [FORCE] Local model added for round 148. (1/10)
[ 2026-03-29 19:48:32 | node_17 | INFO ] 📢 Broadcasting metrics.
[ 2026-03-29 19:48:32 | node_2 | INFO ] ✅ [FORCE] Local model added for round 148. (4/9)
[ 2026-03-29 19:48:32 | node_44 | INFO ] 🎉 Round 148 of 150 finished.
[ 2026-03-29 19:48:32 | node_9 | INFO ] 🧩 Model added for round 148 (3/12) from ['node_25']
[ 2026-03-29 19:48:32 | node_44 | INFO ] 🗳️ [DETERMINISTIC] Train set assigned (No Voting). Size: 50
[ 2026-03-29 19:48:32 | node_39 | INFO ] 🧩 Model added for round 148 (2/10) from ['node_13']
[ 2026-03-29 19:48:33 | node_44 | INFO ] ♻️ Proactively processing 3 early models for round 148.
[ 2026-03-29 19:48:33 | node_19 | INFO ] 🧩 Model added for round 148 (4/9) from ['node_49']
[ 2026-03-29 19:48:33 | node_12 | INFO ] 🧩 Model added for round 148 (2/6) from ['node_1']
[ 2026-03-29 19:48:33 | node | INFO ] 📤 Sending model to 7 direct neighbors: ['node_7', 'node_10', 'node_14', 'node_26', 'node_30', 'node_31', 'node_45']
[ 2026-03-29 19:48:33 | node_44 | INFO ] 🧩 Model added for round 148 (1/9) from ['node_46']
[ 2026-03-29 19:48:33 | node_44 | INFO ] 🧩 Model added for round 148 (2/9) from ['node_15']
[ 2026-03-29 19:48:33 | node_44 | INFO ] 🧩 Model added for round 148 (3/9) from ['node_11']
[ 2026-03-29 19:48:33 | node_44 | INFO ] 🏋️‍♀️ Preparing training...
[ 2026-03-29 19:48:33 | node_19 | INFO ] 🧩 Model added for round 148 (5/9) from ['node_16']
[ 2026-03-29 19:48:33 | node_37 | INFO ] 📈 Evaluated. Results: {'test_loss': 0.0034001085441559553, 'test_accuracy': 0.9917221665382385, 'test_precision': 0.30820998549461365, 'test_recall': 0.7390314936637878, 'test_f1': 0.42815178632736206, 'communication_cost': 7289080}
[ 2026-03-29 19:48:33 | node_6 | INFO ] 🎉 Round 148 of 150 finished.
[ 2026-03-29 19:48:33 | node_37 | INFO ] 📢 Broadcasting metrics.
[ 2026-03-29 19:48:33 | node_26 | INFO ] 🎓 Training step done.
[ 2026-03-29 19:48:33 | node_6 | INFO ] 🗳️ [DETERMINISTIC] Train set assigned (No Voting). Size: 50
[ 2026-03-29 19:48:33 | node_36 | INFO ] 📤 Sending model to 7 direct neighbors: ['node_5', 'node_9', 'node_12', 'node_20', 'node_24', 'node_39', 'node_48']
[ 2026-03-29 19:48:33 | node_26 | INFO ] 🛠️ Calling force_add_local_model...
[ 2026-03-29 19:48:33 | node_42 | INFO ] 🎓 Training step done.
[ 2026-03-29 19:48:33 | node_26 | INFO ] ✅ [FORCE] Local model added for round 148. (4/10)
[ 2026-03-29 19:48:33 | node_42 | INFO ] 🛠️ Calling force_add_local_model...
[ 2026-03-29 19:48:33 | node_6 | INFO ] 🏋️‍♀️ Preparing training...
[ 2026-03-29 19:48:33 | node_42 | INFO ] ✅ [FORCE] Local model added for round 148. (3/9)
[ 2026-03-29 19:48:33 | node_10 | INFO ] 🎉 Round 148 of 150 finished.
[ 2026-03-29 19:48:34 | node_10 | INFO ] 🗳️ [DETERMINISTIC] Train set assigned (No Voting). Size: 50
[ 2026-03-29 19:48:34 | node_3 | INFO ] 📤 Sending model to 5 direct neighbors: ['node_21', 'node_30', 'node_31', 'node_34', 'node_47']
[ 2026-03-29 19:48:34 | node_5 | INFO ] 🧩 Model added for round 148 (3/5) from ['node_36']
[ 2026-03-29 19:48:34 | node_33 | INFO ] 📤 Sending model to 8 direct neighbors: ['node_4', 'node_22', 'node_23', 'node_24', 'node_28', 'node_34', 'node_39', 'node_49']
[ 2026-03-29 19:48:34 | node_10 | INFO ] ♻️ Proactively processing 2 early models for round 148.
[ 2026-03-29 19:48:34 | node_16 | INFO ] 🧩 Model added for round 148 (4/8) from ['node_19']
[ 2026-03-29 19:48:34 | node_10 | INFO ] 🧩 Model added for round 148 (1/8) from ['node_31']
[ 2026-03-29 19:48:34 | node_10 | INFO ] 🧩 Model added for round 148 (2/8) from ['node']
[ 2026-03-29 19:48:34 | node_32 | INFO ] ⏹️  Gossiping exited for 10 equal rounds.
[ 2026-03-29 19:48:34 | node_14 | INFO ] 🧩 Model added for round 148 (2/7) from ['node']
[ 2026-03-29 19:48:34 | node_31 | INFO ] 🧩 Model added for round 148 (4/8) from ['node_24']
[ 2026-03-29 19:48:34 | node_10 | INFO ] 🏋️‍♀️ Preparing training...
[ 2026-03-29 19:48:34 | node_42 | INFO ] 🧩 Model added for round 148 (4/9) from ['node_29']
[ 2026-03-29 19:48:34 | node_21 | INFO ] 🧩 Model added for round 148 (3/11) from ['node_3']
[ 2026-03-29 19:48:34 | node_4 | INFO ] 🧩 Model added for round 148 (4/10) from ['node_33']
[ 2026-03-29 19:48:34 | node_32 | INFO ] 🔬 Evaluating...
[ 2026-03-29 19:48:34 | node_8 | INFO ] 🎉 Round 148 of 150 finished.
[ 2026-03-29 19:48:34 | node_21 | INFO ] 🧩 Model added for round 148 (4/11) from ['node_49']
[ 2026-03-29 19:48:34 | node_30 | INFO ] 📤 Sending model to 9 direct neighbors: ['node', 'node_3', 'node_6', 'node_7', 'node_25', 'node_35', 'node_37', 'node_39', 'node_44']
[ 2026-03-29 19:48:34 | node_25 | INFO ] 🧩 Model added for round 148 (3/8) from ['node_1']
[ 2026-03-29 19:48:34 | node_8 | INFO ] 🗳️ [DETERMINISTIC] Train set assigned (No Voting). Size: 50
[ 2026-03-29 19:48:34 | node_46 | INFO ] 🧩 Model added for round 148 (3/7) from ['node_13']
[ 2026-03-29 19:48:34 | node_13 | INFO ] 🧩 Model added for round 148 (3/6) from ['node_25']
[ 2026-03-29 19:48:34 | node_20 | INFO ] 📤 Sending model to 9 direct neighbors: ['node_7', 'node_10', 'node_18', 'node_34', 'node_35', 'node_36', 'node_37', 'node_40', 'node_48']
[ 2026-03-29 19:48:35 | node_8 | INFO ] ♻️ Proactively processing 4 early models for round 148.
[ 2026-03-29 19:48:35 | node_28 | INFO ] 🧩 Model added for round 148 (3/7) from ['node_16']
[ 2026-03-29 19:48:35 | node_8 | INFO ] 🧩 Model added for round 148 (1/12) from ['node_15']
[ 2026-03-29 19:48:35 | node_45 | INFO ] ⏹️  Gossiping exited for 10 equal rounds.
[ 2026-03-29 19:48:35 | node_8 | INFO ] 🧩 Model added for round 148 (2/12) from ['node_41']
[ 2026-03-29 19:48:35 | node_4 | INFO ] 📤 Sending model to 9 direct neighbors: ['node_7', 'node_9', 'node_12', 'node_18', 'node_28', 'node_33', 'node_40', 'node_45', 'node_48']
[ 2026-03-29 19:48:35 | node_9 | INFO ] 🧩 Model added for round 148 (4/12) from ['node_36']
[ 2026-03-29 19:48:35 | node_8 | INFO ] 🧩 Model added for round 148 (3/12) from ['node_49']
[ 2026-03-29 19:48:35 | node | INFO ] 🧩 Model added for round 148 (3/8) from ['node_30']
[ 2026-03-29 19:48:35 | node_8 | INFO ] 🧩 Model added for round 148 (4/12) from ['node_1']
[ 2026-03-29 19:48:35 | node_45 | INFO ] 🔬 Evaluating...
[ 2026-03-29 19:48:35 | node_44 | INFO ] 🎓 Training step done.
[ 2026-03-29 19:48:35 | node_8 | INFO ] 🏋️‍♀️ Preparing training...
[ 2026-03-29 19:48:35 | node_44 | INFO ] 🛠️ Calling force_add_local_model...
[ 2026-03-29 19:48:35 | node_44 | INFO ] ✅ [FORCE] Local model added for round 148. (4/9)
[ 2026-03-29 19:48:35 | node_17 | INFO ] 🎉 Round 148 of 150 finished.
[ 2026-03-29 19:48:35 | node_32 | INFO ] 📈 Evaluated. Results: {'test_loss': 0.0033872751519083977, 'test_accuracy': 0.9923520088195801, 'test_precision': 0.29417768120765686, 'test_recall': 0.6099385619163513, 'test_f1': 0.38479024171829224, 'communication_cost': 5831264}
[ 2026-03-29 19:48:35 | node_10 | INFO ] 🧩 Model added for round 148 (3/8) from ['node_20']
[ 2026-03-29 19:48:35 | node_21 | INFO ] 🧩 Model added for round 148 (5/11) from ['node_19']
[ 2026-03-29 19:48:35 | node_26 | INFO ] 🧩 Model added for round 148 (5/10) from ['node']
[ 2026-03-29 19:48:35 | node_17 | INFO ] 🗳️ [DETERMINISTIC] Train set assigned (No Voting). Size: 50
[ 2026-03-29 19:48:35 | node_32 | INFO ] 📢 Broadcasting metrics.
[ 2026-03-29 19:48:36 | node_33 | INFO ] 🧩 Model added for round 148 (3/9) from ['node_24']
[ 2026-03-29 19:48:36 | node_40 | INFO ] 🎉 Round 148 of 150 finished.
[ 2026-03-29 19:48:36 | node_17 | INFO ] ♻️ Proactively processing 3 early models for round 148.
[ 2026-03-29 19:48:36 | node_9 | INFO ] 🧩 Model added for round 148 (5/12) from ['node_4']
[ 2026-03-29 19:48:36 | node_27 | INFO ] 📤 Sending model to 4 direct neighbors: ['node_8', 'node_45', 'node_47', 'node_49']
[ 2026-03-29 19:48:36 | node_14 | INFO ] 📤 Sending model to 6 direct neighbors: ['node', 'node_7', 'node_8', 'node_10', 'node_40', 'node_43']
[ 2026-03-29 19:48:36 | node_17 | INFO ] 🧩 Model added for round 148 (1/6) from ['node_31']
[ 2026-03-29 19:48:36 | node_6 | INFO ] 🎓 Training step done.
[ 2026-03-29 19:48:36 | node_40 | INFO ] 🗳️ [DETERMINISTIC] Train set assigned (No Voting). Size: 50
[ 2026-03-29 19:48:36 | node_17 | INFO ] 🧩 Model added for round 148 (2/6) from ['node_41']
[ 2026-03-29 19:48:36 | node_30 | INFO ] 🧩 Model added for round 148 (2/10) from ['node_25']
[ 2026-03-29 19:48:36 | node_6 | INFO ] 🛠️ Calling force_add_local_model...
[ 2026-03-29 19:48:36 | node_26 | INFO ] 🧩 Model added for round 148 (6/10) from ['node_1']
[ 2026-03-29 19:48:36 | node_17 | INFO ] 🧩 Model added for round 148 (3/6) from ['node_1']
[ 2026-03-29 19:48:36 | node_45 | INFO ] 📈 Evaluated. Results: {'test_loss': 0.0032445923425257206, 'test_accuracy': 0.9909123778343201, 'test_precision': 0.26449519395828247, 'test_recall': 0.7361795902252197, 'test_f1': 0.3879944086074829, 'communication_cost': 8017988}
[ 2026-03-29 19:48:36 | node_6 | INFO ] ✅ [FORCE] Local model added for round 148. (1/7)
[ 2026-03-29 19:48:36 | node_17 | INFO ] 🏋️‍♀️ Preparing training...
[ 2026-03-29 19:48:36 | node_9 | INFO ] 📤 Sending model to 11 direct neighbors: ['node_2', 'node_4', 'node_7', 'node_22', 'node_23', 'node_24', 'node_25', 'node_36', 'node_37', 'node_40', 'node_47']
[ 2026-03-29 19:48:36 | node_40 | INFO ] ♻️ Proactively processing 2 early models for round 148.
[ 2026-03-29 19:48:36 | node_45 | INFO ] 📢 Broadcasting metrics.
[ 2026-03-29 19:48:36 | node_40 | INFO ] 🧩 Model added for round 148 (1/11) from ['node_15']
[ 2026-03-29 19:48:36 | node_30 | INFO ] 🧩 Model added for round 148 (3/10) from ['node_3']
[ 2026-03-29 19:48:36 | node_40 | INFO ] 🧩 Model added for round 148 (2/11) from ['node_11']
[ 2026-03-29 19:48:36 | node_34 | INFO ] 📤 Sending model to 9 direct neighbors: ['node_1', 'node_3', 'node_10', 'node_20', 'node_26', 'node_28', 'node_33', 'node_43', 'node_44']
[ 2026-03-29 19:48:36 | node_49 | INFO ] 🧩 Model added for round 148 (2/9) from ['node_29']
[ 2026-03-29 19:48:36 | node_8 | INFO ] 🧩 Model added for round 148 (5/12) from ['node_27']
[ 2026-03-29 19:48:36 | node_10 | INFO ] 🎓 Training step done.
[ 2026-03-29 19:48:36 | node | INFO ] 🧩 Model added for round 148 (4/8) from ['node_14']
[ 2026-03-29 19:48:36 | node_40 | INFO ] 🏋️‍♀️ Preparing training...
[ 2026-03-29 19:48:36 | node_10 | INFO ] 🛠️ Calling force_add_local_model...
[ 2026-03-29 19:48:36 | node_18 | INFO ] 🎉 Round 148 of 150 finished.
[ 2026-03-29 19:48:37 | node_10 | INFO ] ✅ [FORCE] Local model added for round 148. (4/8)
[ 2026-03-29 19:48:37 | node_3 | INFO ] 🧩 Model added for round 148 (3/6) from ['node_30']
[ 2026-03-29 19:48:37 | node_21 | INFO ] 📤 Sending model to 10 direct neighbors: ['node_2', 'node_3', 'node_6', 'node_19', 'node_22', 'node_24', 'node_37', 'node_38', 'node_47', 'node_49']
[ 2026-03-29 19:48:37 | node_18 | INFO ] 🗳️ [DETERMINISTIC] Train set assigned (No Voting). Size: 50
[ 2026-03-29 19:48:37 | node_2 | INFO ] 🧩 Model added for round 148 (5/9) from ['node_9']
[ 2026-03-29 19:48:37 | node_42 | INFO ] 🧩 Model added for round 148 (5/9) from ['node_16']
[ 2026-03-29 19:48:37 | node_27 | INFO ] 🧩 Model added for round 148 (2/5) from ['node_49']
[ 2026-03-29 19:48:37 | node_23 | INFO ] 📤 Sending model to 12 direct neighbors: ['node_5', 'node_8', 'node_9', 'node_18', 'node_26', 'node_29', 'node_33', 'node_35', 'node_42', 'node_43', 'node_45', 'node_48']
[ 2026-03-29 19:48:37 | node_23 | INFO ] 🧩 Model added for round 148 (4/13) from ['node_33']
[ 2026-03-29 19:48:37 | node_1 | INFO ] 🧩 Model added for round 148 (4/9) from ['node_34']
[ 2026-03-29 19:48:37 | node_18 | INFO ] ♻️ Proactively processing 1 early models for round 148.
[ 2026-03-29 19:48:37 | node_8 | INFO ] 🎓 Training step done.
[ 2026-03-29 19:48:37 | node_22 | INFO ] 🎉 Round 148 of 150 finished.
[ 2026-03-29 19:48:37 | node_18 | INFO ] 🧩 Model added for round 148 (1/9) from ['node_11']
[ 2026-03-29 19:48:37 | node_8 | INFO ] 🛠️ Calling force_add_local_model...
[ 2026-03-29 19:48:37 | node_18 | INFO ] 🏋️‍♀️ Preparing training...
[ 2026-03-29 19:48:37 | node_39 | INFO ] 📤 Sending model to 9 direct neighbors: ['node_13', 'node_22', 'node_30', 'node_32', 'node_33', 'node_35', 'node_36', 'node_42', 'node_47']
[ 2026-03-29 19:48:37 | node_22 | INFO ] 🗳️ [DETERMINISTIC] Train set assigned (No Voting). Size: 50
[ 2026-03-29 19:48:37 | node_2 | INFO ] 📤 Sending model to 8 direct neighbors: ['node_6', 'node_9', 'node_10', 'node_15', 'node_19', 'node_21', 'node_46', 'node_47']
[ 2026-03-29 19:48:37 | node_8 | INFO ] ✅ [FORCE] Local model added for round 148. (6/12)
[ 2026-03-29 19:48:37 | node_12 | INFO ] 🧩 Model added for round 148 (3/6) from ['node_36']
[ 2026-03-29 19:48:37 | node_2 | INFO ] 🧩 Model added for round 148 (6/9) from ['node_21']
[ 2026-03-29 19:48:37 | node_5 | INFO ] 🧩 Model added for round 148 (4/5) from ['node_23']
[ 2026-03-29 19:48:37 | node_18 | INFO ] 🧩 Model added for round 148 (2/9) from ['node_20']
[ 2026-03-29 19:48:37 | node_47 | INFO ] ⏹️  Gossiping exited for 10 equal rounds.
[ 2026-03-29 19:48:37 | node_22 | INFO ] ♻️ Proactively processing 3 early models for round 148.
[ 2026-03-29 19:48:38 | node_22 | INFO ] 🧩 Model added for round 148 (1/9) from ['node_11']
[ 2026-03-29 19:48:38 | node_22 | INFO ] 🧩 Model added for round 148 (2/9) from ['node_15']
[ 2026-03-29 19:48:38 | node_47 | INFO ] 🔬 Evaluating...
[ 2026-03-29 19:48:38 | node_22 | INFO ] 🧩 Model added for round 148 (3/9) from ['node_33']
[ 2026-03-29 19:48:38 | node_13 | INFO ] 🧩 Model added for round 148 (4/6) from ['node_39']
[ 2026-03-29 19:48:38 | node_6 | INFO ] 🧩 Model added for round 148 (2/7) from ['node_2']
[ 2026-03-29 19:48:38 | node_30 | INFO ] 🧩 Model added for round 148 (4/10) from ['node']
[ 2026-03-29 19:48:38 | node_22 | INFO ] 🏋️‍♀️ Preparing training...
[ 2026-03-29 19:48:38 | node_22 | INFO ] 🧩 Model added for round 148 (4/9) from ['node_19']
[ 2026-03-29 19:48:38 | node_29 | INFO ] 🧩 Model added for round 148 (4/8) from ['node_49']
[ 2026-03-29 19:48:38 | node_26 | INFO ] 📤 Sending model to 9 direct neighbors: ['node', 'node_1', 'node_12', 'node_13', 'node_17', 'node_23', 'node_34', 'node_41', 'node_44']
[ 2026-03-29 19:48:38 | node_6 | INFO ] 🧩 Model added for round 148 (3/7) from ['node_30']
[ 2026-03-29 19:48:38 | node_36 | INFO ] 🧩 Model added for round 148 (4/8) from ['node_24']
[ 2026-03-29 19:48:38 | node_34 | INFO ] 🧩 Model added for round 148 (3/10) from ['node_1']
[ 2026-03-29 19:48:38 | node_42 | INFO ] 📤 Sending model to 8 direct neighbors: ['node_15', 'node_16', 'node_23', 'node_25', 'node_29', 'node_39', 'node_40', 'node_41']
[ 2026-03-29 19:48:39 | node_31 | INFO ] 🧩 Model added for round 148 (5/8) from ['node_3']
[ 2026-03-29 19:48:39 | node_12 | INFO ] 🧩 Model added for round 148 (4/6) from ['node_4']
[ 2026-03-29 19:48:39 | node_40 | INFO ] 🎓 Training step done.
[ 2026-03-29 19:48:39 | node_20 | INFO ] 🧩 Model added for round 148 (2/10) from ['node_36']
[ 2026-03-29 19:48:39 | node_8 | INFO ] 🧩 Model added for round 148 (7/12) from ['node_23']
[ 2026-03-29 19:48:39 | node | INFO ] 🧩 Model added for round 148 (5/8) from ['node_26']
[ 2026-03-29 19:48:39 | node_40 | INFO ] 🛠️ Calling force_add_local_model...
[ 2026-03-29 19:48:39 | node_47 | INFO ] 📈 Evaluated. Results: {'test_loss': 0.004334096796810627, 'test_accuracy': 0.9917221665382385, 'test_precision': 0.24645760655403137, 'test_recall': 0.5014416575431824, 'test_f1': 0.33013543486595154, 'communication_cost': 8017988}
[ 2026-03-29 19:48:39 | node_42 | INFO ] 🧩 Model added for round 148 (6/9) from ['node_25']
[ 2026-03-29 19:48:39 | node_17 | INFO ] 🎓 Training step done.
[ 2026-03-29 19:48:39 | node_8 | INFO ] 🧩 Model added for round 148 (8/12) from ['node_14']
[ 2026-03-29 19:48:39 | node_4 | INFO ] 🧩 Model added for round 148 (5/10) from ['node_9']
[ 2026-03-29 19:48:39 | node_17 | INFO ] 🛠️ Calling force_add_local_model...
[ 2026-03-29 19:48:39 | node_40 | INFO ] ✅ [FORCE] Local model added for round 148. (3/11)
[ 2026-03-29 19:48:39 | node_47 | INFO ] 📢 Broadcasting metrics.
[ 2026-03-29 19:48:39 | node_15 | INFO ] 🧩 Model added for round 148 (3/9) from ['node_42']
[ 2026-03-29 19:48:39 | node_17 | INFO ] ✅ [FORCE] Local model added for round 148. (4/6)
[ 2026-03-29 19:48:39 | node_3 | INFO ] 🧩 Model added for round 148 (4/6) from ['node_34']
[ 2026-03-29 19:48:39 | node_22 | INFO ] 🧩 Model added for round 148 (5/9) from ['node_39']
[ 2026-03-29 19:48:39 | node_18 | INFO ] 🎓 Training step done.
[ 2026-03-29 19:48:39 | node_18 | INFO ] 🛠️ Calling force_add_local_model...
[ 2026-03-29 19:48:40 | node_3 | INFO ] 🧩 Model added for round 148 (5/6) from ['node_21']
[ 2026-03-29 19:48:40 | node_18 | INFO ] ✅ [FORCE] Local model added for round 148. (3/9)
[ 2026-03-29 19:48:40 | node_34 | INFO ] 🧩 Model added for round 148 (4/10) from ['node_20']
[ 2026-03-29 19:48:40 | node_9 | INFO ] 🧩 Model added for round 148 (6/12) from ['node_2']
[ 2026-03-29 19:48:40 | node_24 | INFO ] 🧩 Model added for round 148 (3/8) from ['node_33']
[ 2026-03-29 19:48:40 | node_31 | INFO ] 🧩 Model added for round 148 (6/8) from ['node']
[ 2026-03-29 19:48:40 | node_41 | INFO ] 🧩 Model added for round 148 (4/9) from ['node_19']
[ 2026-03-29 19:48:40 | node_37 | INFO ] 🎉 Round 148 of 150 finished.
[ 2026-03-29 19:48:40 | node_44 | INFO ] 📤 Sending model to 8 direct neighbors: ['node_8', 'node_11', 'node_15', 'node_26', 'node_30', 'node_34', 'node_40', 'node_46']
[ 2026-03-29 19:48:40 | node_18 | INFO ] 🧩 Model added for round 148 (4/9) from ['node_4']
[ 2026-03-29 19:48:40 | node_49 | INFO ] 🧩 Model added for round 148 (3/9) from ['node_27']
[ 2026-03-29 19:48:40 | node_37 | INFO ] 🗳️ [DETERMINISTIC] Train set assigned (No Voting). Size: 50
[ 2026-03-29 19:48:40 | node_22 | INFO ] 🎓 Training step done.
[ 2026-03-29 19:48:41 | node_22 | INFO ] 🛠️ Calling force_add_local_model...
[ 2026-03-29 19:48:41 | node_34 | INFO ] 🧩 Model added for round 148 (5/10) from ['node_3']
[ 2026-03-29 19:48:41 | node_25 | INFO ] 🧩 Model added for round 148 (4/8) from ['node_30']
[ 2026-03-29 19:48:41 | node_37 | INFO ] ♻️ Proactively processing 3 early models for round 148.
[ 2026-03-29 19:48:41 | node_22 | INFO ] ✅ [FORCE] Local model added for round 148. (6/9)
[ 2026-03-29 19:48:41 | node_10 | INFO ] 🧩 Model added for round 148 (5/8) from ['node_34']
[ 2026-03-29 19:48:41 | node_33 | INFO ] 🧩 Model added for round 148 (4/9) from ['node_49']
[ 2026-03-29 19:48:41 | node_37 | INFO ] 🧩 Model added for round 148 (1/11) from ['node_15']
[ 2026-03-29 19:48:41 | node_1 | INFO ] 🧩 Model added for round 148 (5/9) from ['node_26']
[ 2026-03-29 19:48:41 | node_8 | INFO ] 🧩 Model added for round 148 (9/12) from ['node_44']
[ 2026-03-29 19:48:41 | node_37 | INFO ] 🧩 Model added for round 148 (2/11) from ['node_28']
[ 2026-03-29 19:48:41 | node_37 | INFO ] 🧩 Model added for round 148 (3/11) from ['node_24']
[ 2026-03-29 19:48:41 | node_37 | INFO ] 🏋️‍♀️ Preparing training...
[ 2026-03-29 19:48:41 | node_6 | INFO ] 📤 Sending model to 6 direct neighbors: ['node_2', 'node_21', 'node_30', 'node_45', 'node_47', 'node_48']
[ 2026-03-29 19:48:41 | node_6 | INFO ] 🧩 Model added for round 148 (4/7) from ['node_21']
[ 2026-03-29 19:48:41 | node_24 | INFO ] 🧩 Model added for round 148 (4/8) from ['node_36']
[ 2026-03-29 19:48:41 | node_16 | INFO ] 🧩 Model added for round 148 (5/8) from ['node_42']
[ 2026-03-29 19:48:41 | node_38 | INFO ] ⏹️  Gossiping exited for 10 equal rounds.
[ 2026-03-29 19:48:42 | node_30 | INFO ] 🧩 Model added for round 148 (5/10) from ['node_39']
[ 2026-03-29 19:48:42 | node_7 | INFO ] ⏹️  Gossiping exited for 10 equal rounds.
[ 2026-03-29 19:48:42 | node_9 | INFO ] 🧩 Model added for round 148 (7/12) from ['node_23']
[ 2026-03-29 19:48:42 | node_32 | INFO ] 🎉 Round 148 of 150 finished.
[ 2026-03-29 19:48:42 | node_2 | INFO ] 🧩 Model added for round 148 (7/9) from ['node_6']
[ 2026-03-29 19:48:42 | node_10 | INFO ] 📤 Sending model to 7 direct neighbors: ['node', 'node_2', 'node_14', 'node_20', 'node_31', 'node_34', 'node_35']
[ 2026-03-29 19:48:42 | node_28 | INFO ] 🧩 Model added for round 148 (4/7) from ['node_33']
[ 2026-03-29 19:48:42 | node_22 | INFO ] 🧩 Model added for round 148 (7/9) from ['node_9']
[ 2026-03-29 19:48:42 | node_38 | INFO ] 🔬 Evaluating...
[ 2026-03-29 19:48:42 | node_32 | INFO ] 🗳️ [DETERMINISTIC] Train set assigned (No Voting). Size: 50
[ 2026-03-29 19:48:42 | node_7 | INFO ] 🔬 Evaluating...
[ 2026-03-29 19:48:42 | node_10 | INFO ] 🧩 Model added for round 148 (6/8) from ['node_14']
[ 2026-03-29 19:48:42 | node_32 | INFO ] ♻️ Proactively processing 5 early models for round 148.
[ 2026-03-29 19:48:42 | node | INFO ] 🧩 Model added for round 148 (6/8) from ['node_10']
[ 2026-03-29 19:48:42 | node_8 | INFO ] 📤 Sending model to 11 direct neighbors: ['node_1', 'node_14', 'node_15', 'node_23', 'node_27', 'node_35', 'node_41', 'node_43', 'node_44', 'node_48', 'node_49']
[ 2026-03-29 19:48:42 | node_32 | INFO ] 🧩 Model added for round 148 (1/9) from ['node_46']
[ 2026-03-29 19:48:42 | node_28 | INFO ] 🧩 Model added for round 148 (5/7) from ['node_4']
[ 2026-03-29 19:48:42 | node_10 | INFO ] 🧩 Model added for round 148 (7/8) from ['node_2']
[ 2026-03-29 19:48:42 | node_32 | INFO ] 🧩 Model added for round 148 (2/9) from ['node_11']
[ 2026-03-29 19:48:42 | node_46 | INFO ] 🧩 Model added for round 148 (4/7) from ['node_19']
[ 2026-03-29 19:48:43 | node_32 | INFO ] 🧩 Model added for round 148 (3/9) from ['node_41']
[ 2026-03-29 19:48:43 | node_36 | INFO ] 🧩 Model added for round 148 (5/8) from ['node_20']
[ 2026-03-29 19:48:43 | node_32 | INFO ] 🧩 Model added for round 148 (4/9) from ['node_13']
[ 2026-03-29 19:48:43 | node_32 | INFO ] 🧩 Model added for round 148 (5/9) from ['node_49']
[ 2026-03-29 19:48:43 | node_20 | INFO ] 🧩 Model added for round 148 (3/10) from ['node_34']
[ 2026-03-29 19:48:43 | node_32 | INFO ] 🏋️‍♀️ Preparing training...
[ 2026-03-29 19:48:43 | node_1 | INFO ] 🧩 Model added for round 148 (6/9) from ['node_8']
[ 2026-03-29 19:48:43 | node_38 | INFO ] 📈 Evaluated. Results: {'test_loss': 0.0037550509441643953, 'test_accuracy': 0.9899226427078247, 'test_precision': 0.20388518273830414, 'test_recall': 0.6028449535369873, 'test_f1': 0.30290788412094116, 'communication_cost': 7289080}
[ 2026-03-29 19:48:43 | node_7 | INFO ] 📈 Evaluated. Results: {'test_loss': 0.003408794291317463, 'test_accuracy': 0.9915429353713989, 'test_precision': 0.2759401798248291, 'test_recall': 0.677964985370636, 'test_f1': 0.3915739357471466, 'communication_cost': 9475804}
[ 2026-03-29 19:48:43 | node_37 | INFO ] 🧩 Model added for round 148 (4/11) from ['node_30']
[ 2026-03-29 19:48:43 | node_12 | INFO ] 🧩 Model added for round 148 (5/6) from ['node_26']
[ 2026-03-29 19:48:43 | node_38 | INFO ] 📢 Broadcasting metrics.
[ 2026-03-29 19:48:43 | node_19 | INFO ] 🧩 Model added for round 148 (6/9) from ['node_21']
[ 2026-03-29 19:48:43 | node_37 | INFO ] 🎓 Training step done.
[ 2026-03-29 19:48:43 | node_7 | INFO ] 📢 Broadcasting metrics.
[ 2026-03-29 19:48:43 | node_37 | INFO ] 🛠️ Calling force_add_local_model...
[ 2026-03-29 19:48:43 | node_23 | INFO ] 🧩 Model added for round 148 (5/13) from ['node_42']
[ 2026-03-29 19:48:43 | node_39 | INFO ] 🧩 Model added for round 148 (3/10) from ['node_36']
[ 2026-03-29 19:48:43 | node_37 | INFO ] ✅ [FORCE] Local model added for round 148. (5/11)
[ 2026-03-29 19:48:43 | node_11 | INFO ] 🧩 Model added for round 148 (3/7) from ['node_44']
[ 2026-03-29 19:48:44 | node_34 | INFO ] 🧩 Model added for round 148 (6/10) from ['node_33']
[ 2026-03-29 19:48:44 | node_21 | INFO ] 🧩 Model added for round 148 (6/11) from ['node_6']
[ 2026-03-29 19:48:44 | node_40 | INFO ] 🧩 Model added for round 148 (4/11) from ['node_14']
[ 2026-03-29 19:48:44 | node_23 | INFO ] 🧩 Model added for round 148 (6/13) from ['node_9']
[ 2026-03-29 19:48:44 | node_32 | INFO ] 🧩 Model added for round 148 (6/9) from ['node_39']
[ 2026-03-29 19:48:44 | node_48 | INFO ] ⏹️  Gossiping exited for 10 equal rounds.
[ 2026-03-29 19:48:44 | node_2 | INFO ] 🧩 Model added for round 148 (8/9) from ['node_10']
[ 2026-03-29 19:48:44 | node_33 | INFO ] 🧩 Model added for round 148 (5/9) from ['node_4']
[ 2026-03-29 19:48:44 | node_49 | INFO ] 🧩 Model added for round 148 (4/9) from ['node_19']
[ 2026-03-29 19:48:44 | node_40 | INFO ] 📤 Sending model to 10 direct neighbors: ['node_4', 'node_9', 'node_11', 'node_14', 'node_15', 'node_20', 'node_38', 'node_42', 'node_44', 'node_48']
[ 2026-03-29 19:48:44 | node_17 | INFO ] 📤 Sending model to 5 direct neighbors: ['node_1', 'node_26', 'node_31', 'node_38', 'node_41']
[ 2026-03-29 19:48:44 | node_18 | INFO ] 🧩 Model added for round 148 (5/9) from ['node_23']
[ 2026-03-29 19:48:44 | node_15 | INFO ] 🧩 Model added for round 148 (4/9) from ['node_2']
[ 2026-03-29 19:48:44 | node_48 | INFO ] 🔬 Evaluating...
[ 2026-03-29 19:48:44 | node_37 | INFO ] 🧩 Model added for round 148 (6/11) from ['node_20']
[ 2026-03-29 19:48:45 | node_13 | INFO ] 🧩 Model added for round 148 (5/6) from ['node_26']
[ 2026-03-29 19:48:45 | node_18 | INFO ] 📤 Sending model to 8 direct neighbors: ['node_4', 'node_11', 'node_20', 'node_23', 'node_32', 'node_38', 'node_45', 'node_47']
[ 2026-03-29 19:48:45 | node_45 | INFO ] 🎉 Round 148 of 150 finished.
[ 2026-03-29 19:48:45 | node_4 | INFO ] 🧩 Model added for round 148 (6/10) from ['node_40']
[ 2026-03-29 19:48:45 | node_26 | INFO ] 🧩 Model added for round 148 (7/10) from ['node_34']
[ 2026-03-29 19:48:45 | node_45 | INFO ] 🗳️ [DETERMINISTIC] Train set assigned (No Voting). Size: 50
[ 2026-03-29 19:48:45 | node_14 | INFO ] 🧩 Model added for round 148 (3/7) from ['node_8']
[ 2026-03-29 19:48:45 | node_1 | INFO ] 🧩 Model added for round 148 (7/9) from ['node_17']
[ 2026-03-29 19:48:45 | node_45 | INFO ] ♻️ Proactively processing 5 early models for round 148.
[ 2026-03-29 19:48:45 | node_22 | INFO ] 🧩 Model added for round 148 (8/9) from ['node_21']
[ 2026-03-29 19:48:45 | node_15 | INFO ] 🧩 Model added for round 148 (5/9) from ['node_44']
[ 2026-03-29 19:48:45 | node_45 | INFO ] 🧩 Model added for round 148 (1/12) from ['node_5']
[ 2026-03-29 19:48:45 | node_4 | INFO ] 🧩 Model added for round 148 (7/10) from ['node_18']
[ 2026-03-29 19:48:45 | node_45 | INFO ] 🧩 Model added for round 148 (2/12) from ['node_29']
[ 2026-03-29 19:48:45 | node_39 | INFO ] 🧩 Model added for round 148 (4/10) from ['node_30']
[ 2026-03-29 19:48:45 | node_45 | INFO ] 🧩 Model added for round 148 (3/12) from ['node_16']
[ 2026-03-29 19:48:45 | node_45 | INFO ] 🧩 Model added for round 148 (4/12) from ['node_27']
[ 2026-03-29 19:48:45 | node_45 | INFO ] 🧩 Model added for round 148 (5/12) from ['node']
[ 2026-03-29 19:48:45 | node_32 | INFO ] 🎓 Training step done.
[ 2026-03-29 19:48:46 | node_45 | INFO ] 🏋️‍♀️ Preparing training...
[ 2026-03-29 19:48:46 | node_32 | INFO ] 🛠️ Calling force_add_local_model...
[ 2026-03-29 19:48:46 | node_48 | INFO ] 📈 Evaluated. Results: {'test_loss': 0.0026887005660682917, 'test_accuracy': 0.9931617975234985, 'test_precision': 0.36565810441970825, 'test_recall': 0.733348548412323, 'test_f1': 0.4622161090373993, 'communication_cost': 7289080}
[ 2026-03-29 19:48:46 | node_32 | INFO ] ✅ [FORCE] Local model added for round 148. (7/9)
[ 2026-03-29 19:48:46 | node_39 | INFO ] 🧩 Model added for round 148 (5/10) from ['node_33']
[ 2026-03-29 19:48:46 | node_48 | INFO ] 📢 Broadcasting metrics.
[ 2026-03-29 19:48:46 | node_22 | INFO ] 📤 Sending model to 8 direct neighbors: ['node_7', 'node_9', 'node_11', 'node_15', 'node_19', 'node_21', 'node_33', 'node_39']
[ 2026-03-29 19:48:46 | node_25 | INFO ] 🧩 Model added for round 148 (5/8) from ['node_42']
[ 2026-03-29 19:48:46 | node_17 | INFO ] 🧩 Model added for round 148 (5/6) from ['node_26']
[ 2026-03-29 19:48:46 | node_33 | INFO ] 🧩 Model added for round 148 (6/9) from ['node_39']
[ 2026-03-29 19:48:46 | node_30 | INFO ] 🧩 Model added for round 148 (6/10) from ['node_6']
[ 2026-03-29 19:48:46 | node_40 | INFO ] 🧩 Model added for round 148 (5/11) from ['node_4']
[ 2026-03-29 19:48:46 | node_14 | INFO ] 🧩 Model added for round 148 (4/7) from ['node_10']
[ 2026-03-29 19:48:46 | node_26 | INFO ] 🧩 Model added for round 148 (8/10) from ['node_23']
[ 2026-03-29 19:48:46 | node_19 | INFO ] 🧩 Model added for round 148 (7/9) from ['node_2']
[ 2026-03-29 19:48:46 | node_15 | INFO ] 🧩 Model added for round 148 (6/9) from ['node_8']
[ 2026-03-29 19:48:46 | node_24 | INFO ] 🧩 Model added for round 148 (5/8) from ['node_9']
[ 2026-03-29 19:48:47 | node_40 | INFO ] 🧩 Model added for round 148 (6/11) from ['node_20']
[ 2026-03-29 19:48:47 | node_9 | INFO ] 🧩 Model added for round 148 (8/12) from ['node_22']
[ 2026-03-29 19:48:47 | node_26 | INFO ] 🧩 Model added for round 148 (9/10) from ['node_17']
[ 2026-03-29 19:48:47 | node_9 | INFO ] 🧩 Model added for round 148 (9/12) from ['node_40']
[ 2026-03-29 19:48:47 | node_24 | INFO ] 🧩 Model added for round 148 (6/8) from ['node_21']
[ 2026-03-29 19:48:47 | node_28 | INFO ] 🧩 Model added for round 148 (6/7) from ['node_34']
[ 2026-03-29 19:48:47 | node_26 | INFO ] 🧩 Model added for round 148 (10/10) from ['node_44']
[ 2026-03-29 19:48:47 | node_47 | INFO ] 🎉 Round 148 of 150 finished.
[ 2026-03-29 19:48:47 | node_11 | INFO ] 🧩 Model added for round 148 (4/7) from ['node_18']
[ 2026-03-29 19:48:47 | node_47 | INFO ] 🗳️ [DETERMINISTIC] Train set assigned (No Voting). Size: 50
[ 2026-03-29 19:48:47 | node_23 | INFO ] 🧩 Model added for round 148 (7/13) from ['node_26']
[ 2026-03-29 19:48:47 | node_44 | INFO ] 🧩 Model added for round 148 (5/9) from ['node_30']
[ 2026-03-29 19:48:48 | node_47 | INFO ] ♻️ Proactively processing 2 early models for round 148.
[ 2026-03-29 19:48:48 | node_29 | INFO ] 🧩 Model added for round 148 (5/8) from ['node_42']
[ 2026-03-29 19:48:48 | node_47 | INFO ] 🧩 Model added for round 148 (1/12) from ['node_27']
[ 2026-03-29 19:48:48 | node_47 | INFO ] 🧩 Model added for round 148 (2/12) from ['node_3']
[ 2026-03-29 19:48:48 | node_47 | INFO ] 🏋️‍♀️ Preparing training...
[ 2026-03-29 19:48:48 | node_20 | INFO ] 🧩 Model added for round 148 (4/10) from ['node_10']
[ 2026-03-29 19:48:48 | node_49 | INFO ] 🧩 Model added for round 148 (5/9) from ['node_33']
[ 2026-03-29 19:48:48 | node_45 | INFO ] 🧩 Model added for round 148 (6/12) from ['node_6']
[ 2026-03-29 19:48:48 | node_25 | INFO ] 🧩 Model added for round 148 (6/8) from ['node_9']
[ 2026-03-29 19:48:48 | node_45 | INFO ] 🎓 Training step done.
[ 2026-03-29 19:48:48 | node_21 | INFO ] 🧩 Model added for round 148 (7/11) from ['node_2']
[ 2026-03-29 19:48:48 | node_45 | INFO ] 🛠️ Calling force_add_local_model...
[ 2026-03-29 19:48:48 | node_45 | INFO ] ✅ [FORCE] Local model added for round 148. (7/12)
[ 2026-03-29 19:48:48 | node_37 | INFO ] 📤 Sending model to 10 direct neighbors: ['node_7', 'node_9', 'node_15', 'node_20', 'node_21', 'node_24', 'node_28', 'node_30', 'node_35', 'node_38']
[ 2026-03-29 19:48:48 | node_36 | INFO ] 🧩 Model added for round 148 (6/8) from ['node_39']
[ 2026-03-29 19:48:48 | node_23 | INFO ] 🧩 Model added for round 148 (8/13) from ['node_8']
[ 2026-03-29 19:48:48 | node_29 | INFO ] 🧩 Model added for round 148 (6/8) from ['node_23']
[ 2026-03-29 19:48:48 | node_45 | INFO ] 🧩 Model added for round 148 (8/12) from ['node_4']
[ 2026-03-29 19:48:49 | node_33 | INFO ] 🧩 Model added for round 148 (7/9) from ['node_34']
[ 2026-03-29 19:48:49 | node_20 | INFO ] 🧩 Model added for round 148 (5/10) from ['node_18']
[ 2026-03-29 19:48:49 | node_37 | INFO ] 🧩 Model added for round 148 (7/11) from ['node_21']
[ 2026-03-29 19:48:49 | node_31 | INFO ] 🧩 Model added for round 148 (7/8) from ['node_17']
[ 2026-03-29 19:48:49 | node_30 | INFO ] 🧩 Model added for round 148 (7/10) from ['node_44']
[ 2026-03-29 19:48:49 | node_11 | INFO ] 🧩 Model added for round 148 (5/7) from ['node_22']
[ 2026-03-29 19:48:49 | node_39 | INFO ] 🧩 Model added for round 148 (6/10) from ['node_42']
[ 2026-03-29 19:48:50 | node_11 | INFO ] 🧩 Model added for round 148 (6/7) from ['node_40']
[ 2026-03-29 19:48:50 | node_9 | INFO ] 🧩 Model added for round 148 (10/12) from ['node_37']
[ 2026-03-29 19:48:50 | node_36 | INFO ] 🧩 Model added for round 148 (7/8) from ['node_9']
[ 2026-03-29 19:48:50 | node_31 | INFO ] 🧩 Model added for round 148 (8/8) from ['node_10']
[ 2026-03-29 19:48:50 | node_47 | INFO ] 🎓 Training step done.
[ 2026-03-29 19:48:50 | node_47 | INFO ] 🛠️ Calling force_add_local_model...
[ 2026-03-29 19:48:50 | node_34 | INFO ] 🧩 Model added for round 148 (7/10) from ['node_26']
[ 2026-03-29 19:48:50 | node_47 | INFO ] ✅ [FORCE] Local model added for round 148. (3/12)
[ 2026-03-29 19:48:50 | node_38 | INFO ] 🎉 Round 148 of 150 finished.
[ 2026-03-29 19:48:50 | node_42 | INFO ] 🧩 Model added for round 148 (7/9) from ['node_39']
[ 2026-03-29 19:48:50 | node_38 | INFO ] 🗳️ [DETERMINISTIC] Train set assigned (No Voting). Size: 50
[ 2026-03-29 19:48:50 | node_33 | INFO ] 🧩 Model added for round 148 (8/9) from ['node_23']
[ 2026-03-29 19:48:50 | node_46 | INFO ] 🧩 Model added for round 148 (5/7) from ['node_2']
[ 2026-03-29 19:48:51 | node_31 | INFO ] 🧠 Aggregation complete. Setting new model.
[ 2026-03-29 19:48:51 | node_38 | INFO ] ♻️ Proactively processing 4 early models for round 148.
[ 2026-03-29 19:48:51 | node_47 | INFO ] 🧩 Model added for round 148 (4/12) from ['node_6']
[ 2026-03-29 19:48:51 | node_38 | INFO ] 🧩 Model added for round 148 (1/11) from ['node_12']
[ 2026-03-29 19:48:51 | node_38 | INFO ] 🧩 Model added for round 148 (2/11) from ['node_29']
[ 2026-03-29 19:48:51 | node_32 | INFO ] 📤 Sending model to 8 direct neighbors: ['node_7', 'node_11', 'node_13', 'node_18', 'node_39', 'node_41', 'node_46', 'node_49']
[ 2026-03-29 19:48:51 | node_38 | INFO ] 🧩 Model added for round 148 (3/11) from ['node_16']
[ 2026-03-29 19:48:51 | node_38 | INFO ] 🧩 Model added for round 148 (4/11) from ['node_1']
[ 2026-03-29 19:48:51 | node_38 | INFO ] 🏋️‍♀️ Preparing training...
[ 2026-03-29 19:48:52 | node_31 | INFO ] 🗣️ Gossiping aggregated model.
[ 2026-03-29 19:48:52 | node_44 | INFO ] 🧩 Model added for round 148 (6/9) from ['node_34']
[ 2026-03-29 19:48:52 | node_14 | INFO ] 🧩 Model added for round 148 (5/7) from ['node_40']
[ 2026-03-29 19:48:52 | node_7 | INFO ] 🎉 Round 148 of 150 finished.
[ 2026-03-29 19:48:52 | node_7 | INFO ] 🗳️ [DETERMINISTIC] Train set assigned (No Voting). Size: 50
[ 2026-03-29 19:48:52 | node_48 | INFO ] 🎉 Round 148 of 150 finished.
[ 2026-03-29 19:48:52 | node_38 | INFO ] 🧩 Model added for round 148 (5/11) from ['node_17']
[ 2026-03-29 19:48:52 | node_48 | INFO ] 🗳️ [DETERMINISTIC] Train set assigned (No Voting). Size: 50
[ 2026-03-29 19:48:52 | node_27 | INFO ] 🧩 Model added for round 148 (3/5) from ['node_8']
[ 2026-03-29 19:48:52 | node_15 | INFO ] 🧩 Model added for round 148 (7/9) from ['node_22']
[ 2026-03-29 19:48:52 | node_7 | INFO ] ♻️ Proactively processing 10 early models for round 148.
[ 2026-03-29 19:48:52 | node_48 | INFO ] ♻️ Proactively processing 3 early models for round 148.
[ 2026-03-29 19:48:52 | node_7 | INFO ] 🧩 Model added for round 148 (1/14) from ['node_16']
[ 2026-03-29 19:48:52 | node_48 | INFO ] 🧩 Model added for round 148 (1/11) from ['node_1']
[ 2026-03-29 19:48:52 | node_7 | INFO ] 🧩 Model added for round 148 (2/14) from ['node']
[ 2026-03-29 19:48:52 | node_48 | INFO ] 🧩 Model added for round 148 (2/11) from ['node_36']
[ 2026-03-29 19:48:52 | node_7 | INFO ] 🧩 Model added for round 148 (3/14) from ['node_19']
[ 2026-03-29 19:48:52 | node_48 | INFO ] 🧩 Model added for round 148 (3/11) from ['node_20']
[ 2026-03-29 19:48:52 | node_7 | INFO ] 🧩 Model added for round 148 (4/14) from ['node_20']
[ 2026-03-29 19:48:52 | node_7 | INFO ] 🧩 Model added for round 148 (5/14) from ['node_4']
[ 2026-03-29 19:48:52 | node_38 | INFO ] 🧩 Model added for round 148 (6/11) from ['node_21']
[ 2026-03-29 19:48:52 | node_48 | INFO ] 🏋️‍♀️ Preparing training...
[ 2026-03-29 19:48:52 | node_7 | INFO ] 🧩 Model added for round 148 (6/14) from ['node_14']
[ 2026-03-29 19:48:52 | node_7 | INFO ] 🧩 Model added for round 148 (7/14) from ['node_30']
[ 2026-03-29 19:48:52 | node_7 | INFO ] 🧩 Model added for round 148 (8/14) from ['node_9']
[ 2026-03-29 19:48:52 | node_34 | INFO ] 🧩 Model added for round 148 (8/10) from ['node_44']
[ 2026-03-29 19:48:52 | node_7 | INFO ] 🧩 Model added for round 148 (9/14) from ['node_22']
[ 2026-03-29 19:48:52 | node_48 | INFO ] 🧩 Model added for round 148 (4/11) from ['node_4']
[ 2026-03-29 19:48:52 | node_7 | INFO ] 🧩 Model added for round 148 (10/14) from ['node_37']
[ 2026-03-29 19:48:52 | node_7 | INFO ] 🏋️‍♀️ Preparing training...
[ 2026-03-29 19:48:52 | node_7 | INFO ] 🧩 Model added for round 148 (11/14) from ['node_32']
[ 2026-03-29 19:48:52 | node_23 | INFO ] 🧩 Model added for round 148 (9/13) from ['node_18']
[ 2026-03-29 19:48:52 | node_41 | INFO ] 🧩 Model added for round 148 (5/9) from ['node_26']
[ 2026-03-29 19:48:53 | node_40 | INFO ] 🧩 Model added for round 148 (7/11) from ['node_42']
[ 2026-03-29 19:48:53 | node_34 | INFO ] 🧩 Model added for round 148 (9/10) from ['node_10']
[ 2026-03-29 19:48:53 | node_15 | INFO ] 🧩 Model added for round 148 (8/9) from ['node_37']
[ 2026-03-29 19:48:53 | node_47 | INFO ] 🧩 Model added for round 148 (5/12) from ['node_2']
[ 2026-03-29 19:48:53 | node_37 | INFO ] 🧩 Model added for round 148 (8/11) from ['node_9']
[ 2026-03-29 19:48:53 | node_47 | INFO ] 🧩 Model added for round 148 (6/12) from ['node_39']
[ 2026-03-29 19:48:53 | node_48 | INFO ] 🧩 Model added for round 148 (5/11) from ['node_6']
[ 2026-03-29 19:48:53 | node_19 | INFO ] 🧩 Model added for round 148 (8/9) from ['node_22']
[ 2026-03-29 19:48:54 | node_45 | INFO ] 📤 Sending model to 11 direct neighbors: ['node', 'node_4', 'node_5', 'node_6', 'node_7', 'node_16', 'node_18', 'node_23', 'node_27', 'node_29', 'node_43']
[ 2026-03-29 19:48:54 | node_15 | INFO ] 🧩 Model added for round 148 (9/9) from ['node_40']
[ 2026-03-29 19:48:54 | node_38 | INFO ] 🎓 Training step done.
[ 2026-03-29 19:48:54 | node_41 | INFO ] 🧩 Model added for round 148 (6/9) from ['node_17']
[ 2026-03-29 19:48:54 | node_42 | INFO ] 🧩 Model added for round 148 (8/9) from ['node_23']
[ 2026-03-29 19:48:54 | node_38 | INFO ] 🛠️ Calling force_add_local_model...
[ 2026-03-29 19:48:54 | node_44 | INFO ] 🧩 Model added for round 148 (7/9) from ['node_26']
[ 2026-03-29 19:48:54 | node_40 | INFO ] 🧩 Model added for round 148 (8/11) from ['node_44']
[ 2026-03-29 19:48:54 | node_38 | INFO ] ✅ [FORCE] Local model added for round 148. (7/11)
[ 2026-03-29 19:48:54 | node_47 | INFO ] 🧩 Model added for round 148 (7/12) from ['node_21']
[ 2026-03-29 19:48:54 | node | INFO ] 🧩 Model added for round 148 (7/8) from ['node_45']
[ 2026-03-29 19:48:54 | node_41 | INFO ] 🧩 Model added for round 148 (7/9) from ['node_8']
[ 2026-03-29 19:48:54 | node_20 | INFO ] 🧩 Model added for round 148 (6/10) from ['node_37']
[ 2026-03-29 19:48:54 | node_15 | INFO ] 🧠 Aggregation complete. Setting new model.
[ 2026-03-29 19:48:54 | node_40 | INFO ] 🧩 Model added for round 148 (9/11) from ['node_9']
[ 2026-03-29 19:48:55 | node_43 | INFO ] ⏹️  Gossiping exited for 10 equal rounds.
[ 2026-03-29 19:48:55 | node_43 | INFO ] 🔬 Evaluating...
[ 2026-03-29 19:48:55 | node_32 | INFO ] 🧩 Model added for round 148 (8/9) from ['node_18']
[ 2026-03-29 19:48:55 | node_48 | INFO ] 🎓 Training step done.
[ 2026-03-29 19:48:55 | node_11 | INFO ] 🧩 Model added for round 148 (7/7) from ['node_32']
[ 2026-03-29 19:48:55 | node_41 | INFO ] 🧩 Model added for round 148 (8/9) from ['node_42']
[ 2026-03-29 19:48:55 | node_21 | INFO ] 🧩 Model added for round 148 (8/11) from ['node_22']
[ 2026-03-29 19:48:55 | node_48 | INFO ] 🛠️ Calling force_add_local_model...
[ 2026-03-29 19:48:55 | node_7 | INFO ] 🎓 Training step done.
[ 2026-03-29 19:48:55 | node_7 | INFO ] 🛠️ Calling force_add_local_model...
[ 2026-03-29 19:48:55 | node_48 | INFO ] ✅ [FORCE] Local model added for round 148. (6/11)
[ 2026-03-29 19:48:55 | node_47 | INFO ] 📤 Sending model to 11 direct neighbors: ['node_2', 'node_3', 'node_6', 'node_7', 'node_9', 'node_18', 'node_21', 'node_27', 'node_38', 'node_39', 'node_48']
[ 2026-03-29 19:48:55 | node_7 | INFO ] ✅ [FORCE] Local model added for round 148. (12/14)
[ 2026-03-29 19:48:55 | node_20 | INFO ] 🧩 Model added for round 148 (7/10) from ['node_40']
[ 2026-03-29 19:48:55 | node_15 | INFO ] 🗣️ Gossiping aggregated model.
[ 2026-03-29 19:48:56 | node_4 | INFO ] 🧩 Model added for round 148 (8/10) from ['node_45']
[ 2026-03-29 19:48:56 | node_2 | INFO ] 🧩 Model added for round 148 (9/9) from ['node_47']
[ 2026-03-29 19:48:56 | node_45 | INFO ] 🧩 Model added for round 148 (9/12) from ['node_23']
[ 2026-03-29 19:48:56 | node_46 | INFO ] 🧩 Model added for round 148 (6/7) from ['node_44']
[ 2026-03-29 19:48:56 | node_21 | INFO ] 🧩 Model added for round 148 (9/11) from ['node_37']
[ 2026-03-29 19:48:56 | node_43 | INFO ] 📈 Evaluated. Results: {'test_loss': 0.0038813906721770763, 'test_accuracy': 0.9922620058059692, 'test_precision': 0.30340075492858887, 'test_recall': 0.6990222930908203, 'test_f1': 0.41997137665748596, 'communication_cost': 5102356}
[ 2026-03-29 19:48:56 | node_47 | INFO ] 🧩 Model added for round 148 (8/12) from ['node_9']
[ 2026-03-29 19:48:56 | node_43 | INFO ] 📢 Broadcasting metrics.
[ 2026-03-29 19:48:56 | node_11 | INFO ] 🧠 Aggregation complete. Setting new model.
[ 2026-03-29 19:48:56 | node_44 | INFO ] 🧩 Model added for round 148 (8/9) from ['node_8']
[ 2026-03-29 19:48:56 | node_49 | INFO ] 🧩 Model added for round 148 (6/9) from ['node_21']
[ 2026-03-29 19:48:56 | node_13 | INFO ] 🧩 Model added for round 148 (6/6) from ['node_32']
[ 2026-03-29 19:48:56 | node_26 | INFO ] 🧠 Aggregation complete. Setting new model.
[ 2026-03-29 19:48:57 | node_38 | INFO ] 🧩 Model added for round 148 (8/11) from ['node_18']
[ 2026-03-29 19:48:57 | node_2 | INFO ] 🧠 Aggregation complete. Setting new model.
[ 2026-03-29 19:48:57 | node_13 | INFO ] 🧠 Aggregation complete. Setting new model.
[ 2026-03-29 19:48:57 | node_11 | INFO ] 🗣️ Gossiping aggregated model.
[ 2026-03-29 19:48:57 | node_13 | INFO ] 🗣️ Gossiping aggregated model.
[ 2026-03-29 19:48:58 | node_2 | INFO ] 🗣️ Gossiping aggregated model.
[ 2026-03-29 19:48:58 | node_26 | INFO ] 🗣️ Gossiping aggregated model.
[ 2026-03-29 19:48:58 | node_33 | INFO ] 🧩 Model added for round 148 (9/9) from ['node_22']
[ 2026-03-29 19:48:58 | node_5 | INFO ] 🧩 Model added for round 148 (5/5) from ['node_45']
[ 2026-03-29 19:48:58 | node_38 | INFO ] 🧩 Model added for round 148 (9/11) from ['node_40']
[ 2026-03-29 19:48:58 | node_3 | INFO ] 🧩 Model added for round 148 (6/6) from ['node_47']
[ 2026-03-29 19:48:58 | node_48 | INFO ] 🧩 Model added for round 148 (7/11) from ['node_23']
[ 2026-03-29 19:48:58 | node_18 | INFO ] 🧩 Model added for round 148 (6/9) from ['node_32']
[ 2026-03-29 19:48:58 | node_24 | INFO ] 🧩 Model added for round 148 (7/8) from ['node_37']
[ 2026-03-29 19:48:58 | node_43 | INFO ] 🎉 Round 148 of 150 finished.
[ 2026-03-29 19:48:58 | node_43 | INFO ] 🗳️ [DETERMINISTIC] Train set assigned (No Voting). Size: 50
[ 2026-03-29 19:48:59 | node_43 | INFO ] ♻️ Proactively processing 5 early models for round 148.
[ 2026-03-29 19:48:59 | node_43 | INFO ] 🧩 Model added for round 148 (1/8) from ['node_25']
[ 2026-03-29 19:48:59 | node_43 | INFO ] 🧩 Model added for round 148 (2/8) from ['node_14']
[ 2026-03-29 19:48:59 | node_45 | INFO ] 🧩 Model added for round 148 (10/12) from ['node_18']
[ 2026-03-29 19:48:59 | node_43 | INFO ] 🧩 Model added for round 148 (3/8) from ['node_34']
[ 2026-03-29 19:48:59 | node_43 | INFO ] 🧩 Model added for round 148 (4/8) from ['node_23']
[ 2026-03-29 19:48:59 | node_43 | INFO ] 🧩 Model added for round 148 (5/8) from ['node_8']
[ 2026-03-29 19:48:59 | node_43 | INFO ] 🏋️‍♀️ Preparing training...
[ 2026-03-29 19:48:59 | node_38 | INFO ] 📤 Sending model to 10 direct neighbors: ['node_1', 'node_12', 'node_16', 'node_17', 'node_18', 'node_21', 'node_29', 'node_37', 'node_40', 'node_47']
[ 2026-03-29 19:48:59 | node_48 | INFO ] 🧩 Model added for round 148 (8/11) from ['node_8']
[ 2026-03-29 19:48:59 | node_6 | INFO ] 🧩 Model added for round 148 (5/7) from ['node_47']
[ 2026-03-29 19:48:59 | node_28 | INFO ] 🧩 Model added for round 148 (7/7) from ['node_37']
[ 2026-03-29 19:48:59 | node_39 | INFO ] 🧩 Model added for round 148 (7/10) from ['node_32']
[ 2026-03-29 19:48:59 | node_42 | INFO ] 🧩 Model added for round 148 (9/9) from ['node_40']
[ 2026-03-29 19:48:59 | node_1 | INFO ] 🧩 Model added for round 148 (8/9) from ['node_38']
[ 2026-03-29 19:48:59 | node_5 | INFO ] 🧠 Aggregation complete. Setting new model.
[ 2026-03-29 19:48:59 | node_3 | INFO ] 🧠 Aggregation complete. Setting new model.
[ 2026-03-29 19:48:59 | node_33 | INFO ] 🧠 Aggregation complete. Setting new model.
[ 2026-03-29 19:49:00 | node_39 | INFO ] 🧩 Model added for round 148 (8/10) from ['node_22']
[ 2026-03-29 19:49:00 | node_6 | INFO ] 🧩 Model added for round 148 (6/7) from ['node_45']
[ 2026-03-29 19:49:00 | node_3 | INFO ] 🗣️ Gossiping aggregated model.
[ 2026-03-29 19:49:00 | node_5 | INFO ] 🗣️ Gossiping aggregated model.
[ 2026-03-29 19:49:00 | node_48 | INFO ] 📤 Sending model to 10 direct neighbors: ['node_1', 'node_4', 'node_6', 'node_8', 'node_20', 'node_23', 'node_36', 'node_40', 'node_43', 'node_47']
[ 2026-03-29 19:49:00 | node_7 | INFO ] 📤 Sending model to 13 direct neighbors: ['node', 'node_4', 'node_9', 'node_14', 'node_16', 'node_19', 'node_20', 'node_22', 'node_30', 'node_32', 'node_37', 'node_45', 'node_47']
[ 2026-03-29 19:49:00 | node_33 | INFO ] 🗣️ Gossiping aggregated model.
[ 2026-03-29 19:49:01 | node_44 | INFO ] 🧩 Model added for round 148 (9/9) from ['node_40']
[ 2026-03-29 19:49:01 | node_30 | INFO ] 🧩 Model added for round 148 (8/10) from ['node_37']
[ 2026-03-29 19:49:01 | node_7 | INFO ] 🧩 Model added for round 148 (13/14) from ['node_47']
[ 2026-03-29 19:49:01 | node | INFO ] 🧩 Model added for round 148 (8/8) from ['node_7']
[ 2026-03-29 19:49:01 | node_41 | INFO ] 🧩 Model added for round 148 (9/9) from ['node_32']
[ 2026-03-29 19:49:01 | node_47 | INFO ] 🧩 Model added for round 148 (9/12) from ['node_18']
[ 2026-03-29 19:49:01 | node_43 | INFO ] 🎓 Training step done.
[ 2026-03-29 19:49:01 | node_49 | INFO ] 🧩 Model added for round 148 (7/9) from ['node_8']
[ 2026-03-29 19:49:01 | node_1 | INFO ] 🧩 Model added for round 148 (9/9) from ['node_48']
[ 2026-03-29 19:49:01 | node_12 | INFO ] 🧩 Model added for round 148 (6/6) from ['node_38']
[ 2026-03-29 19:49:01 | node_7 | INFO ] 🧩 Model added for round 148 (14/14) from ['node_45']
[ 2026-03-29 19:49:01 | node_43 | INFO ] 🛠️ Calling force_add_local_model...
[ 2026-03-29 19:49:01 | node_43 | INFO ] ✅ [FORCE] Local model added for round 148. (6/8)
[ 2026-03-29 19:49:02 | node_42 | INFO ] 🧠 Aggregation complete. Setting new model.
[ 2026-03-29 19:49:02 | node_28 | INFO ] 🧠 Aggregation complete. Setting new model.
[ 2026-03-29 19:49:02 | node_12 | INFO ] 🧠 Aggregation complete. Setting new model.
[ 2026-03-29 19:49:02 | node_41 | INFO ] 🧠 Aggregation complete. Setting new model.
[ 2026-03-29 19:49:02 | node_44 | INFO ] 🧠 Aggregation complete. Setting new model.
[ 2026-03-29 19:49:02 | node_1 | INFO ] 🧠 Aggregation complete. Setting new model.
[ 2026-03-29 19:49:02 | node | INFO ] 🧠 Aggregation complete. Setting new model.
[ 2026-03-29 19:49:02 | node_12 | INFO ] 🗣️ Gossiping aggregated model.
[ 2026-03-29 19:49:02 | node_41 | INFO ] 🗣️ Gossiping aggregated model.
[ 2026-03-29 19:49:02 | node | INFO ] 🗣️ Gossiping aggregated model.
[ 2026-03-29 19:49:03 | node_28 | INFO ] 🗣️ Gossiping aggregated model.
[ 2026-03-29 19:49:03 | node_1 | INFO ] 🗣️ Gossiping aggregated model.
[ 2026-03-29 19:49:03 | node_44 | INFO ] 🗣️ Gossiping aggregated model.
[ 2026-03-29 19:49:03 | node_42 | INFO ] 🗣️ Gossiping aggregated model.
[ 2026-03-29 19:49:03 | node_16 | INFO ] 🧩 Model added for round 148 (6/8) from ['node_38']
[ 2026-03-29 19:49:03 | node_48 | INFO ] 🧩 Model added for round 148 (9/11) from ['node_40']
[ 2026-03-29 19:49:04 | node_4 | INFO ] 🧩 Model added for round 148 (9/10) from ['node_48']
[ 2026-03-29 19:49:04 | node_46 | INFO ] 🧩 Model added for round 148 (7/7) from ['node_32']
[ 2026-03-29 19:49:04 | node_16 | INFO ] 🧩 Model added for round 148 (7/8) from ['node_45']
[ 2026-03-29 19:49:04 | node_9 | INFO ] 🧩 Model added for round 148 (11/12) from ['node_47']
[ 2026-03-29 19:49:04 | node_38 | INFO ] 🧩 Model added for round 148 (10/11) from ['node_37']
[ 2026-03-29 19:49:04 | node_4 | INFO ] 🧩 Model added for round 148 (10/10) from ['node_7']
[ 2026-03-29 19:49:04 | node_17 | INFO ] 🧩 Model added for round 148 (6/6) from ['node_38']
[ 2026-03-29 19:49:04 | node_46 | INFO ] 🧠 Aggregation complete. Setting new model.
[ 2026-03-29 19:49:05 | node_4 | INFO ] 🧠 Aggregation complete. Setting new model.
[ 2026-03-29 19:49:05 | node_17 | INFO ] 🧠 Aggregation complete. Setting new model.
[ 2026-03-29 19:49:05 | node_46 | INFO ] 🗣️ Gossiping aggregated model.
[ 2026-03-29 19:49:05 | node_17 | INFO ] 🗣️ Gossiping aggregated model.
[ 2026-03-29 19:49:06 | node_49 | INFO ] 🧩 Model added for round 148 (8/9) from ['node_32']
[ 2026-03-29 19:49:06 | node_4 | INFO ] 🗣️ Gossiping aggregated model.
[ 2026-03-29 19:49:06 | node_18 | INFO ] 🧩 Model added for round 148 (7/9) from ['node_45']
[ 2026-03-29 19:49:06 | node_6 | INFO ] 🧩 Model added for round 148 (7/7) from ['node_48']
[ 2026-03-29 19:49:06 | node_18 | INFO ] 🧩 Model added for round 148 (8/9) from ['node_47']
[ 2026-03-29 19:49:06 | node_9 | INFO ] 🧩 Model added for round 148 (12/12) from ['node_7']
[ 2026-03-29 19:49:06 | node_35 | INFO ] ⏹️  Gossiping exited for 10 equal rounds.
[ 2026-03-29 19:49:06 | node_35 | INFO ] 🔬 Evaluating...
[ 2026-03-29 19:49:06 | node_18 | INFO ] 🧩 Model added for round 148 (9/9) from ['node_38']
[ 2026-03-29 19:49:06 | node_43 | INFO ] 📤 Sending model to 7 direct neighbors: ['node_8', 'node_14', 'node_23', 'node_25', 'node_34', 'node_45', 'node_48']
[ 2026-03-29 19:49:07 | node_8 | INFO ] 🧩 Model added for round 148 (10/12) from ['node_48']
[ 2026-03-29 19:49:07 | node_23 | INFO ] 🧩 Model added for round 148 (10/13) from ['node_45']
[ 2026-03-29 19:49:07 | node_8 | INFO ] 🧩 Model added for round 148 (11/12) from ['node_43']
[ 2026-03-29 19:49:08 | node_21 | INFO ] 🧩 Model added for round 148 (10/11) from ['node_47']
[ 2026-03-29 19:49:08 | node_6 | INFO ] 🧠 Aggregation complete. Setting new model.
[ 2026-03-29 19:49:08 | node_18 | INFO ] 🧠 Aggregation complete. Setting new model.
[ 2026-03-29 19:49:08 | node_35 | INFO ] 📈 Evaluated. Results: {'test_loss': 0.0028680553659796715, 'test_accuracy': 0.9908223748207092, 'test_precision': 0.2477012425661087, 'test_recall': 0.7269659638404846, 'test_f1': 0.36544138193130493, 'communication_cost': 7289080}
[ 2026-03-29 19:49:08 | node_35 | INFO ] 📢 Broadcasting metrics.
[ 2026-03-29 19:49:08 | node_21 | INFO ] 🧩 Model added for round 148 (11/11) from ['node_38']
[ 2026-03-29 19:49:08 | node_9 | INFO ] 🧠 Aggregation complete. Setting new model.
[ 2026-03-29 19:49:08 | node_14 | INFO ] 🧩 Model added for round 148 (6/7) from ['node_7']
[ 2026-03-29 19:49:09 | node_21 | INFO ] 🧠 Aggregation complete. Setting new model.
[ 2026-03-29 19:49:09 | node_6 | INFO ] 🗣️ Gossiping aggregated model.
[ 2026-03-29 19:49:09 | node_18 | INFO ] 🗣️ Gossiping aggregated model.
[ 2026-03-29 19:49:09 | node_9 | INFO ] 🗣️ Gossiping aggregated model.
[ 2026-03-29 19:49:10 | node_21 | INFO ] 🗣️ Gossiping aggregated model.
[ 2026-03-29 19:49:10 | node_20 | INFO ] 🧩 Model added for round 148 (8/10) from ['node_48']
[ 2026-03-29 19:49:10 | node_27 | INFO ] 🧩 Model added for round 148 (4/5) from ['node_45']
[ 2026-03-29 19:49:10 | node_14 | INFO ] 🧩 Model added for round 148 (7/7) from ['node_43']
[ 2026-03-29 19:49:10 | node_27 | INFO ] 🧩 Model added for round 148 (5/5) from ['node_47']
[ 2026-03-29 19:49:11 | node_29 | INFO ] 🧩 Model added for round 148 (7/8) from ['node_38']
[ 2026-03-29 19:49:11 | node_16 | INFO ] 🧩 Model added for round 148 (8/8) from ['node_7']
[ 2026-03-29 19:49:11 | node_29 | INFO ] 🧩 Model added for round 148 (8/8) from ['node_45']
[ 2026-03-29 19:49:12 | node_38 | INFO ] 🧩 Model added for round 148 (11/11) from ['node_47']
[ 2026-03-29 19:49:12 | node_23 | INFO ] 🧩 Model added for round 148 (11/13) from ['node_43']
[ 2026-03-29 19:49:12 | node_23 | INFO ] 🧩 Model added for round 148 (12/13) from ['node_48']
[ 2026-03-29 19:49:12 | node_37 | INFO ] 🧩 Model added for round 148 (9/11) from ['node_38']
[ 2026-03-29 19:49:12 | node_19 | INFO ] 🧩 Model added for round 148 (9/9) from ['node_7']
[ 2026-03-29 19:49:12 | node_27 | INFO ] 🧠 Aggregation complete. Setting new model.
[ 2026-03-29 19:49:12 | node_16 | INFO ] 🧠 Aggregation complete. Setting new model.
[ 2026-03-29 19:49:12 | node_14 | INFO ] 🧠 Aggregation complete. Setting new model.
[ 2026-03-29 19:49:12 | node_29 | INFO ] 🧠 Aggregation complete. Setting new model.
[ 2026-03-29 19:49:12 | node_35 | INFO ] 🎉 Round 148 of 150 finished.
[ 2026-03-29 19:49:12 | node_35 | INFO ] 🗳️ [DETERMINISTIC] Train set assigned (No Voting). Size: 50
[ 2026-03-29 19:49:12 | node_35 | INFO ] ♻️ Proactively processing 10 early models for round 148.
[ 2026-03-29 19:49:12 | node_35 | INFO ] 🧩 Model added for round 148 (1/11) from ['node_24']
[ 2026-03-29 19:49:12 | node_27 | INFO ] 🗣️ Gossiping aggregated model.
[ 2026-03-29 19:49:12 | node_35 | INFO ] 🧩 Model added for round 148 (2/11) from ['node_25']
[ 2026-03-29 19:49:12 | node_35 | INFO ] 🧩 Model added for round 148 (3/11) from ['node_20']
[ 2026-03-29 19:49:12 | node_35 | INFO ] 🧩 Model added for round 148 (4/11) from ['node_30']
[ 2026-03-29 19:49:12 | node_35 | INFO ] 🧩 Model added for round 148 (5/11) from ['node_49']
[ 2026-03-29 19:49:12 | node_35 | INFO ] 🧩 Model added for round 148 (6/11) from ['node_39']
[ 2026-03-29 19:49:13 | node_14 | INFO ] 🗣️ Gossiping aggregated model.
[ 2026-03-29 19:49:13 | node_35 | INFO ] 🧩 Model added for round 148 (7/11) from ['node_23']
[ 2026-03-29 19:49:13 | node_35 | INFO ] 🧩 Model added for round 148 (8/11) from ['node_8']
[ 2026-03-29 19:49:13 | node_35 | INFO ] 🧩 Model added for round 148 (9/11) from ['node_10']
[ 2026-03-29 19:49:13 | node_35 | INFO ] 🧩 Model added for round 148 (10/11) from ['node_37']
[ 2026-03-29 19:49:13 | node_35 | INFO ] 🏋️‍♀️ Preparing training...
[ 2026-03-29 19:49:13 | node_16 | INFO ] 🗣️ Gossiping aggregated model.
[ 2026-03-29 19:49:13 | node_29 | INFO ] 🗣️ Gossiping aggregated model.
[ 2026-03-29 19:49:13 | node_43 | INFO ] 🧩 Model added for round 148 (7/8) from ['node_45']
[ 2026-03-29 19:49:14 | node_25 | INFO ] 🧩 Model added for round 148 (7/8) from ['node_43']
[ 2026-03-29 19:49:14 | node_40 | INFO ] 🧩 Model added for round 148 (10/11) from ['node_38']
[ 2026-03-29 19:49:14 | node_36 | INFO ] 🧩 Model added for round 148 (8/8) from ['node_48']
[ 2026-03-29 19:49:14 | node_20 | INFO ] 🧩 Model added for round 148 (9/10) from ['node_7']
[ 2026-03-29 19:49:14 | node_39 | INFO ] 🧩 Model added for round 148 (9/10) from ['node_47']
[ 2026-03-29 19:49:14 | node_19 | INFO ] 🧠 Aggregation complete. Setting new model.
[ 2026-03-29 19:49:14 | node_36 | INFO ] 🧠 Aggregation complete. Setting new model.
[ 2026-03-29 19:49:15 | node_36 | INFO ] 🗣️ Gossiping aggregated model.
[ 2026-03-29 19:49:15 | node_19 | INFO ] 🗣️ Gossiping aggregated model.
[ 2026-03-29 19:49:16 | node_34 | INFO ] 🧩 Model added for round 148 (10/10) from ['node_43']
[ 2026-03-29 19:49:16 | node_48 | INFO ] 🧩 Model added for round 148 (10/11) from ['node_47']
[ 2026-03-29 19:49:16 | node_35 | INFO ] 🎓 Training step done.
[ 2026-03-29 19:49:16 | node_40 | INFO ] 🧩 Model added for round 148 (11/11) from ['node_48']
[ 2026-03-29 19:49:16 | node_47 | INFO ] 🧩 Model added for round 148 (10/12) from ['node_38']
[ 2026-03-29 19:49:16 | node_35 | INFO ] 🛠️ Calling force_add_local_model...
[ 2026-03-29 19:49:16 | node_22 | INFO ] 🧩 Model added for round 148 (9/9) from ['node_7']
[ 2026-03-29 19:49:16 | node_35 | INFO ] ✅ [FORCE] Local model added for round 148. (11/11)
[ 2026-03-29 19:49:16 | node_40 | INFO ] 🧠 Aggregation complete. Setting new model.
[ 2026-03-29 19:49:16 | node_22 | INFO ] 🧠 Aggregation complete. Setting new model.
[ 2026-03-29 19:49:16 | node_34 | INFO ] 🧠 Aggregation complete. Setting new model.
[ 2026-03-29 19:49:17 | node_40 | INFO ] 🗣️ Gossiping aggregated model.
[ 2026-03-29 19:49:17 | node_34 | INFO ] 🗣️ Gossiping aggregated model.
[ 2026-03-29 19:49:17 | node_22 | INFO ] 🗣️ Gossiping aggregated model.
[ 2026-03-29 19:49:17 | node_30 | INFO ] 🧩 Model added for round 148 (9/10) from ['node_7']
[ 2026-03-29 19:49:18 | node_45 | INFO ] 🧩 Model added for round 148 (11/12) from ['node_43']
[ 2026-03-29 19:49:18 | node_43 | INFO ] 🧩 Model added for round 148 (8/8) from ['node_48']
[ 2026-03-29 19:49:19 | node_32 | INFO ] 🧩 Model added for round 148 (9/9) from ['node_7']
[ 2026-03-29 19:49:19 | node_47 | INFO ] 🧩 Model added for round 148 (11/12) from ['node_48']
[ 2026-03-29 19:49:19 | node_48 | INFO ] 🧩 Model added for round 148 (11/11) from ['node_43']
[ 2026-03-29 19:49:19 | node_38 | INFO ] 🧠 Aggregation complete. Setting new model.
[ 2026-03-29 19:49:19 | node_32 | INFO ] 🧠 Aggregation complete. Setting new model.
[ 2026-03-29 19:49:20 | node_32 | INFO ] 🗣️ Gossiping aggregated model.
[ 2026-03-29 19:49:20 | node_38 | INFO ] 🗣️ Gossiping aggregated model.
[ 2026-03-29 19:49:20 | node_46 | INFO ] 🤫 Gossip finished.
[ 2026-03-29 19:49:20 | node_46 | INFO ] 🔬 Evaluating...
[ 2026-03-29 19:49:21 | node_35 | INFO ] 📤 Sending model to 10 direct neighbors: ['node_8', 'node_10', 'node_20', 'node_23', 'node_24', 'node_25', 'node_30', 'node_37', 'node_39', 'node_49']
[ 2026-03-29 19:49:21 | node_37 | INFO ] 🧩 Model added for round 148 (10/11) from ['node_7']
[ 2026-03-29 19:49:22 | node_8 | INFO ] 🧩 Model added for round 148 (12/12) from ['node_35']
[ 2026-03-29 19:49:22 | node_45 | INFO ] 🧩 Model added for round 148 (12/12) from ['node_7']
[ 2026-03-29 19:49:23 | node_43 | INFO ] 🧠 Aggregation complete. Setting new model.
[ 2026-03-29 19:49:23 | node_48 | INFO ] 🧠 Aggregation complete. Setting new model.
[ 2026-03-29 19:49:23 | node_8 | INFO ] 🧠 Aggregation complete. Setting new model.
[ 2026-03-29 19:49:23 | node_45 | INFO ] 🧠 Aggregation complete. Setting new model.
[ 2026-03-29 19:49:23 | node_15 | INFO ] ⏹️  Gossiping exited for 10 equal rounds.
[ 2026-03-29 19:49:23 | node_15 | INFO ] 🔬 Evaluating...
[ 2026-03-29 19:49:23 | node_46 | INFO ] 📈 Evaluated. Results: {'test_loss': 0.0028972493018954992, 'test_accuracy': 0.9937916398048401, 'test_precision': 0.32574963569641113, 'test_recall': 0.7055510878562927, 'test_f1': 0.44302788376808167, 'communication_cost': 4373448}
[ 2026-03-29 19:49:24 | node_43 | INFO ] 🗣️ Gossiping aggregated model.
[ 2026-03-29 19:49:24 | node_48 | INFO ] 🗣️ Gossiping aggregated model.
[ 2026-03-29 19:49:24 | node_46 | INFO ] 📢 Broadcasting metrics.
[ 2026-03-29 19:49:24 | node_8 | INFO ] 🗣️ Gossiping aggregated model.
[ 2026-03-29 19:49:24 | node_45 | INFO ] 🗣️ Gossiping aggregated model.
[ 2026-03-29 19:49:24 | node_15 | INFO ] 📈 Evaluated. Results: {'test_loss': 0.003615888301283121, 'test_accuracy': 0.9888439178466797, 'test_precision': 0.24987787008285522, 'test_recall': 0.7298782467842102, 'test_f1': 0.360134094953537, 'communication_cost': 5831264}
[ 2026-03-29 19:49:24 | node_47 | INFO ] 🧩 Model added for round 148 (12/12) from ['node_7']
[ 2026-03-29 19:49:24 | node_10 | INFO ] 🧩 Model added for round 148 (8/8) from ['node_35']
[ 2026-03-29 19:49:25 | node_15 | INFO ] 📢 Broadcasting metrics.
[ 2026-03-29 19:49:26 | node_46 | INFO ] 🎉 Round 149 of 150 finished.
[ 2026-03-29 19:49:26 | node_46 | INFO ] 🗳️ [DETERMINISTIC] Train set assigned (No Voting). Size: 50
[ 2026-03-29 19:49:26 | node_46 | INFO ] 🏋️‍♀️ Preparing training...
[ 2026-03-29 19:49:26 | node_12 | INFO ] ⏹️  Gossiping exited for 10 equal rounds.
[ 2026-03-29 19:49:26 | node_12 | INFO ] 🔬 Evaluating...
[ 2026-03-29 19:49:26 | node_11 | INFO ] ⏹️  Gossiping exited for 10 equal rounds.
[ 2026-03-29 19:49:26 | node_2 | INFO ] ⏹️  Gossiping exited for 10 equal rounds.
[ 2026-03-29 19:49:26 | node_20 | INFO ] 🧩 Model added for round 148 (10/10) from ['node_35']
[ 2026-03-29 19:49:26 | node_2 | INFO ] 🔬 Evaluating...
[ 2026-03-29 19:49:26 | node_11 | INFO ] 🔬 Evaluating...
[ 2026-03-29 19:49:27 | node_10 | INFO ] 🧠 Aggregation complete. Setting new model.
[ 2026-03-29 19:49:27 | node_47 | INFO ] 🧠 Aggregation complete. Setting new model.
[ 2026-03-29 19:49:27 | node_20 | INFO ] 🧠 Aggregation complete. Setting new model.
[ 2026-03-29 19:49:27 | node_7 | INFO ] 🧠 Aggregation complete. Setting new model.
[ 2026-03-29 19:49:27 | node_13 | INFO ] ⏹️  Gossiping exited for 10 equal rounds.
[ 2026-03-29 19:49:27 | node_5 | INFO ] ⏹️  Gossiping exited for 10 equal rounds.
[ 2026-03-29 19:49:27 | node_13 | INFO ] 🔬 Evaluating...
[ 2026-03-29 19:49:27 | node_5 | INFO ] 🔬 Evaluating...
[ 2026-03-29 19:49:27 | node_33 | INFO ] ⏹️  Gossiping exited for 10 equal rounds.
[ 2026-03-29 19:49:27 | node_33 | INFO ] 🔬 Evaluating...
[ 2026-03-29 19:49:27 | node_41 | INFO ] ⏹️  Gossiping exited for 10 equal rounds.
[ 2026-03-29 19:49:28 | node_41 | INFO ] 🔬 Evaluating...
[ 2026-03-29 19:49:28 | node_12 | INFO ] 📈 Evaluated. Results: {'test_loss': 0.0029613864608108997, 'test_accuracy': 0.9913630485534668, 'test_precision': 0.19582810997962952, 'test_recall': 0.6416771411895752, 'test_f1': 0.2925795316696167, 'communication_cost': 3644540}
[ 2026-03-29 19:49:28 | node_10 | INFO ] 🗣️ Gossiping aggregated model.
[ 2026-03-29 19:49:28 | node_15 | INFO ] 🎉 Round 149 of 150 finished.
[ 2026-03-29 19:49:28 | node_2 | INFO ] 📈 Evaluated. Results: {'test_loss': 0.004796653054654598, 'test_accuracy': 0.9923526644706726, 'test_precision': 0.23641029000282288, 'test_recall': 0.507457971572876, 'test_f1': 0.3199044466018677, 'communication_cost': 5831264}
[ 2026-03-29 19:49:28 | node_15 | INFO ] 🗳️ [DETERMINISTIC] Train set assigned (No Voting). Size: 50
[ 2026-03-29 19:49:28 | node_11 | INFO ] 📈 Evaluated. Results: {'test_loss': 0.00282864342443645, 'test_accuracy': 0.9921727180480957, 'test_precision': 0.35706400871276855, 'test_recall': 0.8126736283302307, 'test_f1': 0.48862549662590027, 'communication_cost': 4373448}
[ 2026-03-29 19:49:28 | node_44 | INFO ] ⏹️  Gossiping exited for 10 equal rounds.
[ 2026-03-29 19:49:28 | node_20 | INFO ] 🗣️ Gossiping aggregated model.
[ 2026-03-29 19:49:28 | node_44 | INFO ] 🔬 Evaluating...
[ 2026-03-29 19:49:28 | node_15 | INFO ] 🏋️‍♀️ Preparing training...
[ 2026-03-29 19:49:28 | node_12 | INFO ] 📢 Broadcasting metrics.
[ 2026-03-29 19:49:28 | node_47 | INFO ] 🗣️ Gossiping aggregated model.
[ 2026-03-29 19:49:28 | node_7 | INFO ] 🗣️ Gossiping aggregated model.
[ 2026-03-29 19:49:28 | node_2 | INFO ] 📢 Broadcasting metrics.
[ 2026-03-29 19:49:29 | node_11 | INFO ] 📢 Broadcasting metrics.
[ 2026-03-29 19:49:29 | node_46 | INFO ] 🎓 Training step done.
[ 2026-03-29 19:49:29 | node_23 | INFO ] 🧩 Model added for round 148 (13/13) from ['node_35']
[ 2026-03-29 19:49:29 | node_46 | INFO ] 🛠️ Calling force_add_local_model...
[ 2026-03-29 19:49:29 | node_13 | INFO ] 📈 Evaluated. Results: {'test_loss': 0.004961269907653332, 'test_accuracy': 0.9908232092857361, 'test_precision': 0.25433430075645447, 'test_recall': 0.594760000705719, 'test_f1': 0.346159964799881, 'communication_cost': 3644540}
[ 2026-03-29 19:49:29 | node_17 | INFO ] ⏹️  Gossiping exited for 10 equal rounds.
[ 2026-03-29 19:49:29 | node_16 | INFO ] 🤫 Gossip finished.
[ 2026-03-29 19:49:29 | node_46 | INFO ] ✅ [FORCE] Local model added for round 149. (1/7)
[ 2026-03-29 19:49:29 | node_13 | INFO ] 📢 Broadcasting metrics.
[ 2026-03-29 19:49:29 | node_5 | INFO ] 📈 Evaluated. Results: {'test_loss': 0.002560117980465293, 'test_accuracy': 0.9934322834014893, 'test_precision': 0.35323548316955566, 'test_recall': 0.7815625071525574, 'test_f1': 0.47463494539260864, 'communication_cost': 2915632}
[ 2026-03-29 19:49:29 | node_16 | INFO ] 🔬 Evaluating...
[ 2026-03-29 19:49:29 | node_17 | INFO ] 🔬 Evaluating...
[ 2026-03-29 19:49:29 | node_23 | INFO ] 🧠 Aggregation complete. Setting new model.
[ 2026-03-29 19:49:29 | node_5 | INFO ] 📢 Broadcasting metrics.
[ 2026-03-29 19:49:29 | node_33 | INFO ] 📈 Evaluated. Results: {'test_loss': 0.004846465773880482, 'test_accuracy': 0.9945114254951477, 'test_precision': 0.4017566740512848, 'test_recall': 0.5554905533790588, 'test_f1': 0.4561164677143097, 'communication_cost': 5831264}
[ 2026-03-29 19:49:29 | node_4 | INFO ] 🤫 Gossip finished.
[ 2026-03-29 19:49:29 | node_4 | INFO ] 🔬 Evaluating...
[ 2026-03-29 19:49:29 | node_41 | INFO ] 📈 Evaluated. Results: {'test_loss': 0.003949442412704229, 'test_accuracy': 0.9904624819755554, 'test_precision': 0.26323944330215454, 'test_recall': 0.6794819831848145, 'test_f1': 0.3674033582210541, 'communication_cost': 5831264}
[ 2026-03-29 19:49:29 | node_14 | INFO ] 🤫 Gossip finished.
[ 2026-03-29 19:49:29 | node_14 | INFO ] 🔬 Evaluating...
[ 2026-03-29 19:49:29 | node_33 | INFO ] 📢 Broadcasting metrics.
[ 2026-03-29 19:49:29 | node_44 | INFO ] 📈 Evaluated. Results: {'test_loss': 0.003756539197638631, 'test_accuracy': 0.9899226427078247, 'test_precision': 0.1980924755334854, 'test_recall': 0.5860876441001892, 'test_f1': 0.288851797580719, 'communication_cost': 5831264}
[ 2026-03-29 19:49:30 | node_41 | INFO ] 📢 Broadcasting metrics.
[ 2026-03-29 19:49:30 | node_44 | INFO ] 📢 Broadcasting metrics.
[ 2026-03-29 19:49:30 | node_12 | INFO ] 🎉 Round 149 of 150 finished.
[ 2026-03-29 19:49:30 | node_12 | INFO ] 🗳️ [DETERMINISTIC] Train set assigned (No Voting). Size: 50
[ 2026-03-29 19:49:30 | node_23 | INFO ] 🗣️ Gossiping aggregated model.
[ 2026-03-29 19:49:30 | node_28 | INFO ] ⏹️  Gossiping exited for 10 equal rounds.
[ 2026-03-29 19:49:30 | node_5 | INFO ] 🎉 Round 149 of 150 finished.
[ 2026-03-29 19:49:30 | node_28 | INFO ] 🔬 Evaluating...
[ 2026-03-29 19:49:30 | node_12 | INFO ] 🏋️‍♀️ Preparing training...
[ 2026-03-29 19:49:30 | node_5 | INFO ] 🗳️ [DETERMINISTIC] Train set assigned (No Voting). Size: 50
[ 2026-03-29 19:49:30 | node_17 | INFO ] 📈 Evaluated. Results: {'test_loss': 0.0038552419282495975, 'test_accuracy': 0.9906432628631592, 'test_precision': 0.2492065131664276, 'test_recall': 0.6720690727233887, 'test_f1': 0.3578333854675293, 'communication_cost': 3644540}
[ 2026-03-29 19:49:30 | node_5 | INFO ] 🏋️‍♀️ Preparing training...
[ 2026-03-29 19:49:31 | node_4 | INFO ] 📈 Evaluated. Results: {'test_loss': 0.003836593823507428, 'test_accuracy': 0.9923526644706726, 'test_precision': 0.22309285402297974, 'test_recall': 0.5455113649368286, 'test_f1': 0.3061891794204712, 'communication_cost': 6560172}
[ 2026-03-29 19:49:31 | node_16 | INFO ] 📈 Evaluated. Results: {'test_loss': 0.00556271243840456, 'test_accuracy': 0.991093099117279, 'test_precision': 0.30943000316619873, 'test_recall': 0.5571931600570679, 'test_f1': 0.39163845777511597, 'communication_cost': 5102356}
[ 2026-03-29 19:49:31 | node_13 | INFO ] 🎉 Round 149 of 150 finished.
[ 2026-03-29 19:49:31 | node_14 | INFO ] 📈 Evaluated. Results: {'test_loss': 0.003370417281985283, 'test_accuracy': 0.9919028282165527, 'test_precision': 0.3212728500366211, 'test_recall': 0.716796875, 'test_f1': 0.4202914237976074, 'communication_cost': 4373448}
[ 2026-03-29 19:49:31 | node_13 | INFO ] 🗳️ [DETERMINISTIC] Train set assigned (No Voting). Size: 50
[ 2026-03-29 19:49:31 | node_17 | INFO ] 📢 Broadcasting metrics.
[ 2026-03-29 19:49:31 | node_24 | INFO ] 🧩 Model added for round 148 (8/8) from ['node_35']
[ 2026-03-29 19:49:31 | node_15 | INFO ] 🎓 Training step done.
[ 2026-03-29 19:49:31 | node_4 | INFO ] 📢 Broadcasting metrics.
[ 2026-03-29 19:49:31 | node_15 | INFO ] 🛠️ Calling force_add_local_model...
[ 2026-03-29 19:49:31 | node_16 | INFO ] 📢 Broadcasting metrics.
[ 2026-03-29 19:49:31 | node_14 | INFO ] 📢 Broadcasting metrics.
[ 2026-03-29 19:49:31 | node_15 | INFO ] ✅ [FORCE] Local model added for round 149. (1/9)
[ 2026-03-29 19:49:31 | node_13 | INFO ] 🏋️‍♀️ Preparing training...
[ 2026-03-29 19:49:31 | node_11 | INFO ] 🎉 Round 149 of 150 finished.
[ 2026-03-29 19:49:31 | node_11 | INFO ] 🗳️ [DETERMINISTIC] Train set assigned (No Voting). Size: 50
[ 2026-03-29 19:49:31 | node_24 | INFO ] 🧠 Aggregation complete. Setting new model.
[ 2026-03-29 19:49:31 | node_18 | INFO ] 🤫 Gossip finished.
[ 2026-03-29 19:49:31 | node_11 | INFO ] 🏋️‍♀️ Preparing training...
[ 2026-03-29 19:49:31 | node_2 | INFO ] 🎉 Round 149 of 150 finished.
[ 2026-03-29 19:49:31 | node_28 | INFO ] 📈 Evaluated. Results: {'test_loss': 0.004484368953853846, 'test_accuracy': 0.9893827438354492, 'test_precision': 0.1671125441789627, 'test_recall': 0.5378990173339844, 'test_f1': 0.24956625699996948, 'communication_cost': 4373448}
[ 2026-03-29 19:49:31 | node_18 | INFO ] 🔬 Evaluating...
[ 2026-03-29 19:49:31 | node_2 | INFO ] 🗳️ [DETERMINISTIC] Train set assigned (No Voting). Size: 50
[ 2026-03-29 19:49:32 | node_2 | INFO ] 🏋️‍♀️ Preparing training...
[ 2026-03-29 19:49:32 | node_28 | INFO ] 📢 Broadcasting metrics.
[ 2026-03-29 19:49:32 | node_24 | INFO ] 🗣️ Gossiping aggregated model.
[ 2026-03-29 19:49:32 | node_33 | INFO ] 🎉 Round 149 of 150 finished.
[ 2026-03-29 19:49:32 | node_33 | INFO ] 🗳️ [DETERMINISTIC] Train set assigned (No Voting). Size: 50
[ 2026-03-29 19:49:32 | node_33 | INFO ] 🏋️‍♀️ Preparing training...
[ 2026-03-29 19:49:33 | node_41 | INFO ] 🎉 Round 149 of 150 finished.
[ 2026-03-29 19:49:33 | node_1 | INFO ] ⏹️  Gossiping exited for 10 equal rounds.
[ 2026-03-29 19:49:33 | node_25 | INFO ] 🧩 Model added for round 148 (8/8) from ['node_35']
[ 2026-03-29 19:49:33 | node_41 | INFO ] 🗳️ [DETERMINISTIC] Train set assigned (No Voting). Size: 50
[ 2026-03-29 19:49:33 | node_1 | INFO ] 🔬 Evaluating...
[ 2026-03-29 19:49:33 | node_18 | INFO ] 📈 Evaluated. Results: {'test_loss': 0.002332924399524927, 'test_accuracy': 0.9921727180480957, 'test_precision': 0.22240014374256134, 'test_recall': 0.7582502365112305, 'test_f1': 0.33570924401283264, 'communication_cost': 5831264}
[ 2026-03-29 19:49:33 | node_44 | INFO ] 🎉 Round 149 of 150 finished.
[ 2026-03-29 19:49:33 | node_41 | INFO ] 🏋️‍♀️ Preparing training...
[ 2026-03-29 19:49:33 | node_44 | INFO ] 🗳️ [DETERMINISTIC] Train set assigned (No Voting). Size: 50
[ 2026-03-29 19:49:33 | node_17 | INFO ] 🎉 Round 149 of 150 finished.
[ 2026-03-29 19:49:33 | node_17 | INFO ] 🗳️ [DETERMINISTIC] Train set assigned (No Voting). Size: 50
[ 2026-03-29 19:49:33 | node_44 | INFO ] 🏋️‍♀️ Preparing training...
[ 2026-03-29 19:49:33 | node_17 | INFO ] 🏋️‍♀️ Preparing training...
[ 2026-03-29 19:49:33 | node_18 | INFO ] 📢 Broadcasting metrics.
[ 2026-03-29 19:49:33 | node_5 | INFO ] 🎓 Training step done.
[ 2026-03-29 19:49:34 | node_5 | INFO ] 🛠️ Calling force_add_local_model...
[ 2026-03-29 19:49:34 | node_12 | INFO ] 🎓 Training step done.
[ 2026-03-29 19:49:34 | node_13 | INFO ] 🎓 Training step done.
[ 2026-03-29 19:49:34 | node_25 | INFO ] 🧠 Aggregation complete. Setting new model.
[ 2026-03-29 19:49:34 | node_5 | INFO ] ✅ [FORCE] Local model added for round 149. (1/5)
[ 2026-03-29 19:49:34 | node_12 | INFO ] 🛠️ Calling force_add_local_model...
[ 2026-03-29 19:49:34 | node_13 | INFO ] 🛠️ Calling force_add_local_model...
[ 2026-03-29 19:49:34 | node_46 | INFO ] 📤 Sending model to 6 direct neighbors: ['node_2', 'node_13', 'node_19', 'node_32', 'node_41', 'node_44']
[ 2026-03-29 19:49:34 | node_13 | INFO ] ✅ [FORCE] Local model added for round 149. (1/6)
[ 2026-03-29 19:49:34 | node_12 | INFO ] ✅ [FORCE] Local model added for round 149. (1/6)
[ 2026-03-29 19:49:34 | node_16 | INFO ] 🎉 Round 149 of 150 finished.
[ 2026-03-29 19:49:34 | node_16 | INFO ] 🗳️ [DETERMINISTIC] Train set assigned (No Voting). Size: 50
[ 2026-03-29 19:49:34 | node_14 | INFO ] 🎉 Round 149 of 150 finished.
[ 2026-03-29 19:49:34 | node_16 | INFO ] 🏋️‍♀️ Preparing training...
[ 2026-03-29 19:49:34 | node_14 | INFO ] 🗳️ [DETERMINISTIC] Train set assigned (No Voting). Size: 50
[ 2026-03-29 19:49:34 | node_14 | INFO ] 🏋️‍♀️ Preparing training...
[ 2026-03-29 19:49:34 | node_25 | INFO ] 🗣️ Gossiping aggregated model.
[ 2026-03-29 19:49:35 | node_28 | INFO ] 🎉 Round 149 of 150 finished.
[ 2026-03-29 19:49:35 | node_1 | INFO ] 📈 Evaluated. Results: {'test_loss': 0.005238232668489218, 'test_accuracy': 0.9919028282165527, 'test_precision': 0.26184582710266113, 'test_recall': 0.5304826498031616, 'test_f1': 0.34013327956199646, 'communication_cost': 5831264}
[ 2026-03-29 19:49:35 | node_30 | INFO ] 🧩 Model added for round 148 (10/10) from ['node_35']
[ 2026-03-29 19:49:35 | node_28 | INFO ] 🗳️ [DETERMINISTIC] Train set assigned (No Voting). Size: 50
[ 2026-03-29 19:49:35 | node_6 | INFO ] ⏹️  Gossiping exited for 10 equal rounds.
[ 2026-03-29 19:49:35 | node_2 | INFO ] 🧩 Model added for round 149 (1/9) from ['node_46']
[ 2026-03-29 19:49:35 | node_1 | INFO ] 📢 Broadcasting metrics.
[ 2026-03-29 19:49:35 | node_11 | INFO ] 🎓 Training step done.
[ 2026-03-29 19:49:35 | node_2 | INFO ] 🎓 Training step done.
[ 2026-03-29 19:49:35 | node_28 | INFO ] 🏋️‍♀️ Preparing training...
[ 2026-03-29 19:49:35 | node_11 | INFO ] 🛠️ Calling force_add_local_model...
[ 2026-03-29 19:49:35 | node_2 | INFO ] 🛠️ Calling force_add_local_model...
[ 2026-03-29 19:49:35 | node_6 | INFO ] 🔬 Evaluating...
[ 2026-03-29 19:49:35 | node_30 | INFO ] 🧠 Aggregation complete. Setting new model.
[ 2026-03-29 19:49:35 | node_11 | INFO ] ✅ [FORCE] Local model added for round 149. (1/7)
[ 2026-03-29 19:49:35 | node_4 | INFO ] 🎉 Round 149 of 150 finished.
[ 2026-03-29 19:49:35 | node_2 | INFO ] ✅ [FORCE] Local model added for round 149. (2/9)
[ 2026-03-29 19:49:35 | node_4 | INFO ] 🗳️ [DETERMINISTIC] Train set assigned (No Voting). Size: 50
[ 2026-03-29 19:49:35 | node_43 | INFO ] 🤫 Gossip finished.
[ 2026-03-29 19:49:35 | node_43 | INFO ] 🔬 Evaluating...
[ 2026-03-29 19:49:35 | node_3 | INFO ] 🤫 Gossip finished.
[ 2026-03-29 19:49:35 | node_4 | INFO ] 🏋️‍♀️ Preparing training...
[ 2026-03-29 19:49:35 | node_3 | INFO ] 🔬 Evaluating...
[ 2026-03-29 19:49:36 | node_15 | INFO ] 📤 Sending model to 8 direct neighbors: ['node_2', 'node_8', 'node_16', 'node_22', 'node_37', 'node_40', 'node_42', 'node_44']
[ 2026-03-29 19:49:36 | node_30 | INFO ] 🗣️ Gossiping aggregated model.
[ 2026-03-29 19:49:36 | node_37 | INFO ] 🧩 Model added for round 148 (11/11) from ['node_35']
[ 2026-03-29 19:49:36 | node_33 | INFO ] 🎓 Training step done.
[ 2026-03-29 19:49:36 | node_13 | INFO ] 🧩 Model added for round 149 (2/6) from ['node_46']
[ 2026-03-29 19:49:36 | node_33 | INFO ] 🛠️ Calling force_add_local_model...
[ 2026-03-29 19:49:36 | node_44 | INFO ] 🎓 Training step done.
[ 2026-03-29 19:49:36 | node_41 | INFO ] 🎓 Training step done.
[ 2026-03-29 19:49:36 | node_27 | INFO ] ⏹️  Gossiping exited for 10 equal rounds.
[ 2026-03-29 19:49:36 | node_33 | INFO ] ✅ [FORCE] Local model added for round 149. (1/9)
[ 2026-03-29 19:49:36 | node_44 | INFO ] 🛠️ Calling force_add_local_model...
[ 2026-03-29 19:49:36 | node_41 | INFO ] 🛠️ Calling force_add_local_model...
[ 2026-03-29 19:49:37 | node_41 | INFO ] ✅ [FORCE] Local model added for round 149. (1/9)
[ 2026-03-29 19:49:37 | node_44 | INFO ] ✅ [FORCE] Local model added for round 149. (1/9)
[ 2026-03-29 19:49:37 | node_2 | INFO ] 🧩 Model added for round 149 (3/9) from ['node_15']
[ 2026-03-29 19:49:37 | node_37 | INFO ] 🧠 Aggregation complete. Setting new model.
[ 2026-03-29 19:49:37 | node_17 | INFO ] 🎓 Training step done.
[ 2026-03-29 19:49:37 | node_27 | INFO ] 🔬 Evaluating...
[ 2026-03-29 19:49:37 | node_17 | INFO ] 🛠️ Calling force_add_local_model...
[ 2026-03-29 19:49:37 | node_17 | INFO ] ✅ [FORCE] Local model added for round 149. (1/6)
[ 2026-03-29 19:49:37 | node_6 | INFO ] 📈 Evaluated. Results: {'test_loss': 0.00429524527862668, 'test_accuracy': 0.9919928312301636, 'test_precision': 0.25338470935821533, 'test_recall': 0.50772625207901, 'test_f1': 0.33122316002845764, 'communication_cost': 4373448}
[ 2026-03-29 19:49:37 | node_6 | INFO ] 📢 Broadcasting metrics.
[ 2026-03-29 19:49:37 | node_43 | INFO ] 📈 Evaluated. Results: {'test_loss': 0.003856791416183114, 'test_accuracy': 0.9923520088195801, 'test_precision': 0.3045843541622162, 'test_recall': 0.6990222930908203, 'test_f1': 0.4208541512489319, 'communication_cost': 5102356}
[ 2026-03-29 19:49:37 | node_43 | INFO ] 📢 Broadcasting metrics.
[ 2026-03-29 19:49:37 | node_3 | INFO ] 📈 Evaluated. Results: {'test_loss': 0.002877793973311782, 'test_accuracy': 0.9911831021308899, 'test_precision': 0.21476197242736816, 'test_recall': 0.7378017902374268, 'test_f1': 0.3279877305030823, 'communication_cost': 3644540}
[ 2026-03-29 19:49:37 | node_3 | INFO ] 📢 Broadcasting metrics.
[ 2026-03-29 19:49:37 | node_16 | INFO ] 🎓 Training step done.
[ 2026-03-29 19:49:37 | node_18 | INFO ] 🎉 Round 149 of 150 finished.
[ 2026-03-29 19:49:37 | node_16 | INFO ] 🛠️ Calling force_add_local_model...
[ 2026-03-29 19:49:38 | node_16 | INFO ] ✅ [FORCE] Local model added for round 149. (1/8)
[ 2026-03-29 19:49:38 | node_18 | INFO ] 🗳️ [DETERMINISTIC] Train set assigned (No Voting). Size: 50
[ 2026-03-29 19:49:38 | node_14 | INFO ] 🎓 Training step done.
[ 2026-03-29 19:49:38 | node_27 | INFO ] 📈 Evaluated. Results: {'test_loss': 0.0032857570331543684, 'test_accuracy': 0.9904624819755554, 'test_precision': 0.21050521731376648, 'test_recall': 0.6579475402832031, 'test_f1': 0.31631529331207275, 'communication_cost': 2915632}
[ 2026-03-29 19:49:38 | node_18 | INFO ] 🏋️‍♀️ Preparing training...
[ 2026-03-29 19:49:38 | node_14 | INFO ] 🛠️ Calling force_add_local_model...
[ 2026-03-29 19:49:38 | node_27 | INFO ] 📢 Broadcasting metrics.
[ 2026-03-29 19:49:38 | node_14 | INFO ] ✅ [FORCE] Local model added for round 149. (1/7)
[ 2026-03-29 19:49:38 | node_28 | INFO ] 🎓 Training step done.
[ 2026-03-29 19:49:38 | node_39 | INFO ] 🧩 Model added for round 148 (10/10) from ['node_35']
[ 2026-03-29 19:49:38 | node_37 | INFO ] 🗣️ Gossiping aggregated model.
[ 2026-03-29 19:49:38 | node_28 | INFO ] 🛠️ Calling force_add_local_model...
[ 2026-03-29 19:49:38 | node_28 | INFO ] ✅ [FORCE] Local model added for round 149. (1/7)
[ 2026-03-29 19:49:38 | node_41 | INFO ] 🧩 Model added for round 149 (2/9) from ['node_46']
[ 2026-03-29 19:49:38 | node_4 | INFO ] 🎓 Training step done.
[ 2026-03-29 19:49:38 | node_4 | INFO ] 🛠️ Calling force_add_local_model...
[ 2026-03-29 19:49:38 | node_4 | INFO ] ✅ [FORCE] Local model added for round 149. (1/10)
[ 2026-03-29 19:49:39 | node_16 | INFO ] 🧩 Model added for round 149 (2/8) from ['node_15']
[ 2026-03-29 19:49:39 | node_39 | INFO ] 🧠 Aggregation complete. Setting new model.
[ 2026-03-29 19:49:39 | node_5 | INFO ] 📤 Sending model to 4 direct neighbors: ['node_23', 'node_28', 'node_36', 'node_45']
[ 2026-03-29 19:49:39 | node_1 | INFO ] 🎉 Round 149 of 150 finished.
[ 2026-03-29 19:49:39 | node_1 | INFO ] 🗳️ [DETERMINISTIC] Train set assigned (No Voting). Size: 50
[ 2026-03-29 19:49:39 | node_13 | INFO ] 📤 Sending model to 5 direct neighbors: ['node_25', 'node_26', 'node_32', 'node_39', 'node_46']
[ 2026-03-29 19:49:39 | node_12 | INFO ] 📤 Sending model to 5 direct neighbors: ['node_1', 'node_4', 'node_26', 'node_36', 'node_38']
[ 2026-03-29 19:49:39 | node_1 | INFO ] 🏋️‍♀️ Preparing training...
[ 2026-03-29 19:49:40 | node_3 | INFO ] 🎉 Round 149 of 150 finished.
[ 2026-03-29 19:49:40 | node_3 | INFO ] 🗳️ [DETERMINISTIC] Train set assigned (No Voting). Size: 50
[ 2026-03-29 19:49:40 | node_3 | INFO ] 🏋️‍♀️ Preparing training...
[ 2026-03-29 19:49:40 | node_27 | INFO ] 🎉 Round 149 of 150 finished.
[ 2026-03-29 19:49:40 | node_27 | INFO ] 🗳️ [DETERMINISTIC] Train set assigned (No Voting). Size: 50
[ 2026-03-29 19:49:40 | node_39 | INFO ] 🗣️ Gossiping aggregated model.
[ 2026-03-29 19:49:40 | node_6 | INFO ] 🎉 Round 149 of 150 finished.
[ 2026-03-29 19:49:40 | node_27 | INFO ] 🏋️‍♀️ Preparing training...
[ 2026-03-29 19:49:40 | node_6 | INFO ] 🗳️ [DETERMINISTIC] Train set assigned (No Voting). Size: 50
[ 2026-03-29 19:49:40 | node_1 | INFO ] 🧩 Model added for round 149 (1/9) from ['node_12']
[ 2026-03-29 19:49:40 | node_18 | INFO ] 🎓 Training step done.
[ 2026-03-29 19:49:40 | node_49 | INFO ] 🧩 Model added for round 148 (9/9) from ['node_35']
[ 2026-03-29 19:49:40 | node_44 | INFO ] 🧩 Model added for round 149 (2/9) from ['node_46']
[ 2026-03-29 19:49:40 | node_11 | INFO ] 📤 Sending model to 6 direct neighbors: ['node_18', 'node_22', 'node_29', 'node_32', 'node_40', 'node_44']
[ 2026-03-29 19:49:40 | node_18 | INFO ] 🛠️ Calling force_add_local_model...
[ 2026-03-29 19:49:40 | node_2 | INFO ] 📤 Sending model to 8 direct neighbors: ['node_6', 'node_9', 'node_10', 'node_15', 'node_19', 'node_21', 'node_46', 'node_47']
[ 2026-03-29 19:49:40 | node_6 | INFO ] 🏋️‍♀️ Preparing training...
[ 2026-03-29 19:49:40 | node_28 | INFO ] 🧩 Model added for round 149 (2/7) from ['node_5']
[ 2026-03-29 19:49:40 | node_36 | INFO ] 🤫 Gossip finished.
[ 2026-03-29 19:49:40 | node_18 | INFO ] ✅ [FORCE] Local model added for round 149. (1/9)
[ 2026-03-29 19:49:40 | node_36 | INFO ] 🔬 Evaluating...
[ 2026-03-29 19:49:41 | node_18 | INFO ] 🧩 Model added for round 149 (2/9) from ['node_11']
[ 2026-03-29 19:49:41 | node_43 | INFO ] 🎉 Round 149 of 150 finished.
[ 2026-03-29 19:49:41 | node_6 | INFO ] 🧩 Model added for round 149 (1/7) from ['node_2']
[ 2026-03-29 19:49:41 | node_49 | INFO ] 🧠 Aggregation complete. Setting new model.
[ 2026-03-29 19:49:41 | node_43 | INFO ] 🗳️ [DETERMINISTIC] Train set assigned (No Voting). Size: 50
[ 2026-03-29 19:49:41 | node_43 | INFO ] 🏋️‍♀️ Preparing training...
[ 2026-03-29 19:49:41 | node_33 | INFO ] 📤 Sending model to 8 direct neighbors: ['node_4', 'node_22', 'node_23', 'node_24', 'node_28', 'node_34', 'node_39', 'node_49']
[ 2026-03-29 19:49:42 | node_44 | INFO ] 📤 Sending model to 8 direct neighbors: ['node_8', 'node_11', 'node_15', 'node_26', 'node_30', 'node_34', 'node_40', 'node_46']
[ 2026-03-29 19:49:42 | node_41 | INFO ] 📤 Sending model to 8 direct neighbors: ['node_8', 'node_17', 'node_19', 'node_26', 'node_31', 'node_32', 'node_42', 'node_46']
[ 2026-03-29 19:49:42 | node_4 | INFO ] 🧩 Model added for round 149 (2/10) from ['node_12']
[ 2026-03-29 19:49:42 | node_17 | INFO ] 📤 Sending model to 5 direct neighbors: ['node_1', 'node_26', 'node_31', 'node_38', 'node_41']
[ 2026-03-29 19:49:42 | node_1 | INFO ] 🎓 Training step done.
[ 2026-03-29 19:49:42 | node_1 | INFO ] 🛠️ Calling force_add_local_model...
[ 2026-03-29 19:49:42 | node_36 | INFO ] 📈 Evaluated. Results: {'test_loss': 0.003337786765769124, 'test_accuracy': 0.9919920563697815, 'test_precision': 0.30826079845428467, 'test_recall': 0.6442775130271912, 'test_f1': 0.40655916929244995, 'communication_cost': 5102356}
[ 2026-03-29 19:49:42 | node_1 | INFO ] ✅ [FORCE] Local model added for round 149. (2/9)
[ 2026-03-29 19:49:42 | node_36 | INFO ] 📢 Broadcasting metrics.
[ 2026-03-29 19:49:42 | node_44 | INFO ] 🧩 Model added for round 149 (3/9) from ['node_15']
[ 2026-03-29 19:49:42 | node_46 | INFO ] 🧩 Model added for round 149 (2/7) from ['node_13']
[ 2026-03-29 19:49:42 | node_4 | INFO ] 🧩 Model added for round 149 (3/10) from ['node_33']
[ 2026-03-29 19:49:42 | node_49 | INFO ] 🗣️ Gossiping aggregated model.
[ 2026-03-29 19:49:42 | node_3 | INFO ] 🎓 Training step done.
[ 2026-03-29 19:49:42 | node_27 | INFO ] 🎓 Training step done.
[ 2026-03-29 19:49:42 | node_3 | INFO ] 🛠️ Calling force_add_local_model...
[ 2026-03-29 19:49:42 | node_1 | INFO ] 🧩 Model added for round 149 (3/9) from ['node_17']
[ 2026-03-29 19:49:43 | node_27 | INFO ] 🛠️ Calling force_add_local_model...
[ 2026-03-29 19:49:43 | node_3 | INFO ] ✅ [FORCE] Local model added for round 149. (1/6)
[ 2026-03-29 19:49:43 | node_35 | INFO ] 🧠 Aggregation complete. Setting new model.
[ 2026-03-29 19:49:43 | node_16 | INFO ] 📤 Sending model to 7 direct neighbors: ['node_7', 'node_15', 'node_19', 'node_28', 'node_38', 'node_42', 'node_45']
[ 2026-03-29 19:49:43 | node_27 | INFO ] ✅ [FORCE] Local model added for round 149. (1/5)
[ 2026-03-29 19:49:43 | node_14 | INFO ] 📤 Sending model to 6 direct neighbors: ['node', 'node_7', 'node_8', 'node_10', 'node_40', 'node_43']
[ 2026-03-29 19:49:43 | node_6 | INFO ] 🎓 Training step done.
[ 2026-03-29 19:49:43 | node_17 | INFO ] 🧩 Model added for round 149 (2/6) from ['node_41']
[ 2026-03-29 19:49:43 | node_6 | INFO ] 🛠️ Calling force_add_local_model...
[ 2026-03-29 19:49:43 | node_11 | INFO ] 🧩 Model added for round 149 (2/7) from ['node_44']
[ 2026-03-29 19:49:43 | node_6 | INFO ] ✅ [FORCE] Local model added for round 149. (2/7)
[ 2026-03-29 19:49:43 | node_28 | INFO ] 📤 Sending model to 6 direct neighbors: ['node_4', 'node_5', 'node_16', 'node_33', 'node_34', 'node_37']
[ 2026-03-29 19:49:43 | node_15 | INFO ] 🧩 Model added for round 149 (2/9) from ['node_2']
[ 2026-03-29 19:49:43 | node_43 | INFO ] 🎓 Training step done.
[ 2026-03-29 19:49:44 | node_43 | INFO ] 🛠️ Calling force_add_local_model...
[ 2026-03-29 19:49:44 | node_4 | INFO ] 📤 Sending model to 9 direct neighbors: ['node_7', 'node_9', 'node_12', 'node_18', 'node_28', 'node_33', 'node_40', 'node_45', 'node_48']
[ 2026-03-29 19:49:44 | node_40 | INFO ] ⏹️  Gossiping exited for 10 equal rounds.
[ 2026-03-29 19:49:44 | node_15 | INFO ] 🧩 Model added for round 149 (3/9) from ['node_16']
[ 2026-03-29 19:49:44 | node_43 | INFO ] ✅ [FORCE] Local model added for round 149. (1/8)
[ 2026-03-29 19:49:44 | node_4 | INFO ] 🧩 Model added for round 149 (4/10) from ['node_28']
[ 2026-03-29 19:49:44 | node_40 | INFO ] 🔬 Evaluating...
[ 2026-03-29 19:49:44 | node_35 | INFO ] 🗣️ Gossiping aggregated model.
[ 2026-03-29 19:49:44 | node_35 | INFO ] 🤫 Gossip finished.
[ 2026-03-29 19:49:44 | node_35 | INFO ] 🔬 Evaluating...
[ 2026-03-29 19:49:44 | node_22 | INFO ] ⏹️  Gossiping exited for 10 equal rounds.
[ 2026-03-29 19:49:45 | node_15 | INFO ] 🧩 Model added for round 149 (4/9) from ['node_44']
[ 2026-03-29 19:49:45 | node_22 | INFO ] 🔬 Evaluating...
[ 2026-03-29 19:49:45 | node_39 | INFO ] 🤫 Gossip finished.
[ 2026-03-29 19:49:45 | node_40 | INFO ] 📈 Evaluated. Results: {'test_loss': 0.004238511901348829, 'test_accuracy': 0.9901925325393677, 'test_precision': 0.22269970178604126, 'test_recall': 0.5974566340446472, 'test_f1': 0.3181317448616028, 'communication_cost': 7289080}
[ 2026-03-29 19:49:45 | node_25 | INFO ] 🤫 Gossip finished.
[ 2026-03-29 19:49:45 | node_44 | INFO ] 🧩 Model added for round 149 (4/9) from ['node_11']
[ 2026-03-29 19:49:45 | node_39 | INFO ] 🔬 Evaluating...
[ 2026-03-29 19:49:45 | node_40 | INFO ] 📢 Broadcasting metrics.
[ 2026-03-29 19:49:45 | node_25 | INFO ] 🔬 Evaluating...
[ 2026-03-29 19:49:45 | node_12 | INFO ] 🧩 Model added for round 149 (2/6) from ['node_4']
[ 2026-03-29 19:49:45 | node_18 | INFO ] 📤 Sending model to 8 direct neighbors: ['node_4', 'node_11', 'node_20', 'node_23', 'node_32', 'node_38', 'node_45', 'node_47']
[ 2026-03-29 19:49:45 | node_35 | INFO ] 📈 Evaluated. Results: {'test_loss': 0.0028628658037632704, 'test_accuracy': 0.9914522171020508, 'test_precision': 0.2634373903274536, 'test_recall': 0.7269659638404846, 'test_f1': 0.3815200626850128, 'communication_cost': 7289080}
[ 2026-03-29 19:49:46 | node_35 | INFO ] 📢 Broadcasting metrics.
[ 2026-03-29 19:49:46 | node_22 | INFO ] 📈 Evaluated. Results: {'test_loss': 0.0034749682527035475, 'test_accuracy': 0.9910023212432861, 'test_precision': 0.20955929160118103, 'test_recall': 0.5518115758895874, 'test_f1': 0.2868654727935791, 'communication_cost': 5831264}
[ 2026-03-29 19:49:46 | node_4 | INFO ] 🧩 Model added for round 149 (5/10) from ['node_18']
[ 2026-03-29 19:49:46 | node_38 | INFO ] ⏹️  Gossiping exited for 10 equal rounds.
[ 2026-03-29 19:49:46 | node_28 | INFO ] 🧩 Model added for round 149 (3/7) from ['node_33']
[ 2026-03-29 19:49:46 | node_22 | INFO ] 📢 Broadcasting metrics.
[ 2026-03-29 19:49:46 | node_5 | INFO ] 🧩 Model added for round 149 (2/5) from ['node_28']
[ 2026-03-29 19:49:46 | node_28 | INFO ] 🧩 Model added for round 149 (4/7) from ['node_16']
[ 2026-03-29 19:49:46 | node_39 | INFO ] 📈 Evaluated. Results: {'test_loss': 0.0034651095047593117, 'test_accuracy': 0.9928018450737, 'test_precision': 0.26919499039649963, 'test_recall': 0.6211605668067932, 'test_f1': 0.3639952540397644, 'communication_cost': 6560172}
[ 2026-03-29 19:49:46 | node_25 | INFO ] 📈 Evaluated. Results: {'test_loss': 0.0036659264005720615, 'test_accuracy': 0.9932517409324646, 'test_precision': 0.3326396346092224, 'test_recall': 0.6762059926986694, 'test_f1': 0.4303272068500519, 'communication_cost': 5102356}
[ 2026-03-29 19:49:46 | node_41 | INFO ] 🧩 Model added for round 149 (3/9) from ['node_17']
[ 2026-03-29 19:49:46 | node_38 | INFO ] 🔬 Evaluating...
[ 2026-03-29 19:49:46 | node_39 | INFO ] 📢 Broadcasting metrics.
[ 2026-03-29 19:49:46 | node_43 | INFO ] 🧩 Model added for round 149 (2/8) from ['node_14']
[ 2026-03-29 19:49:46 | node_25 | INFO ] 📢 Broadcasting metrics.
[ 2026-03-29 19:49:47 | node_46 | INFO ] 🧩 Model added for round 149 (3/7) from ['node_2']
[ 2026-03-29 19:49:47 | node_18 | INFO ] 🧩 Model added for round 149 (3/9) from ['node_4']
[ 2026-03-29 19:49:47 | node_36 | INFO ] 🎉 Round 149 of 150 finished.
[ 2026-03-29 19:49:47 | node_36 | INFO ] 🗳️ [DETERMINISTIC] Train set assigned (No Voting). Size: 50
[ 2026-03-29 19:49:47 | node_1 | INFO ] 📤 Sending model to 8 direct neighbors: ['node_8', 'node_12', 'node_17', 'node_25', 'node_26', 'node_34', 'node_38', 'node_48']
[ 2026-03-29 19:49:47 | node_46 | INFO ] 🧩 Model added for round 149 (4/7) from ['node_41']
[ 2026-03-29 19:49:47 | node_36 | INFO ] ♻️ Proactively processing 2 early models for round 149.
[ 2026-03-29 19:49:47 | node_38 | INFO ] 📈 Evaluated. Results: {'test_loss': 0.003750711912289262, 'test_accuracy': 0.989652693271637, 'test_precision': 0.19899220764636993, 'test_recall': 0.6028449535369873, 'test_f1': 0.29683682322502136, 'communication_cost': 7289080}
[ 2026-03-29 19:49:47 | node_36 | INFO ] 🧩 Model added for round 149 (1/8) from ['node_5']
[ 2026-03-29 19:49:47 | node_16 | INFO ] 🧩 Model added for round 149 (3/8) from ['node_28']
[ 2026-03-29 19:49:47 | node_38 | INFO ] 📢 Broadcasting metrics.
[ 2026-03-29 19:49:47 | node_36 | INFO ] 🧩 Model added for round 149 (2/8) from ['node_12']
[ 2026-03-29 19:49:47 | node_36 | INFO ] 🏋️‍♀️ Preparing training...
[ 2026-03-29 19:49:48 | node_3 | INFO ] 📤 Sending model to 5 direct neighbors: ['node_21', 'node_30', 'node_31', 'node_34', 'node_47']
[ 2026-03-29 19:49:48 | node_27 | INFO ] 📤 Sending model to 4 direct neighbors: ['node_8', 'node_45', 'node_47', 'node_49']
[ 2026-03-29 19:49:48 | node_11 | INFO ] 🧩 Model added for round 149 (3/7) from ['node_18']
[ 2026-03-29 19:49:48 | node_6 | INFO ] 📤 Sending model to 6 direct neighbors: ['node_2', 'node_21', 'node_30', 'node_45', 'node_47', 'node_48']
[ 2026-03-29 19:49:48 | node_12 | INFO ] 🧩 Model added for round 149 (3/6) from ['node_1']
[ 2026-03-29 19:49:49 | node_32 | INFO ] ⏹️  Gossiping exited for 10 equal rounds.
[ 2026-03-29 19:49:49 | node_8 | INFO ] ⏹️  Gossiping exited for 10 equal rounds.
[ 2026-03-29 19:49:49 | node_46 | INFO ] 🧩 Model added for round 149 (5/7) from ['node_44']
[ 2026-03-29 19:49:49 | node_28 | INFO ] 🧩 Model added for round 149 (5/7) from ['node_4']
[ 2026-03-29 19:49:49 | node_2 | INFO ] 🧩 Model added for round 149 (4/9) from ['node_6']
[ 2026-03-29 19:49:49 | node_43 | INFO ] 📤 Sending model to 7 direct neighbors: ['node_8', 'node_14', 'node_23', 'node_25', 'node_34', 'node_45', 'node_48']
[ 2026-03-29 19:49:49 | node_32 | INFO ] 🔬 Evaluating...
[ 2026-03-29 19:49:49 | node_8 | INFO ] 🔬 Evaluating...
[ 2026-03-29 19:49:49 | node_33 | INFO ] 🧩 Model added for round 149 (2/9) from ['node_28']
[ 2026-03-29 19:49:49 | node | INFO ] ⏹️  Gossiping exited for 10 equal rounds.
[ 2026-03-29 19:49:50 | node | INFO ] 🔬 Evaluating...
[ 2026-03-29 19:49:50 | node_36 | INFO ] 🎓 Training step done.
[ 2026-03-29 19:49:50 | node_17 | INFO ] 🧩 Model added for round 149 (3/6) from ['node_1']
[ 2026-03-29 19:49:50 | node_36 | INFO ] 🛠️ Calling force_add_local_model...
[ 2026-03-29 19:49:50 | node_14 | INFO ] 🧩 Model added for round 149 (2/7) from ['node_43']
[ 2026-03-29 19:49:50 | node_36 | INFO ] ✅ [FORCE] Local model added for round 149. (3/8)
[ 2026-03-29 19:49:50 | node_8 | INFO ] 📈 Evaluated. Results: {'test_loss': 0.004698628559708595, 'test_accuracy': 0.9914529919624329, 'test_precision': 0.3343459963798523, 'test_recall': 0.7274188995361328, 'test_f1': 0.43615517020225525, 'communication_cost': 8017988}
[ 2026-03-29 19:49:50 | node_32 | INFO ] 📈 Evaluated. Results: {'test_loss': 0.003413594327867031, 'test_accuracy': 0.9919920563697815, 'test_precision': 0.2766018211841583, 'test_recall': 0.5836139917373657, 'test_f1': 0.3632213771343231, 'communication_cost': 5831264}
[ 2026-03-29 19:49:50 | node_8 | INFO ] 📢 Broadcasting metrics.
[ 2026-03-29 19:49:50 | node_32 | INFO ] 📢 Broadcasting metrics.
[ 2026-03-29 19:49:50 | node_33 | INFO ] 🧩 Model added for round 149 (3/9) from ['node_4']
[ 2026-03-29 19:49:51 | node_26 | INFO ] ⏹️  Gossiping exited for 10 equal rounds.
[ 2026-03-29 19:49:51 | node | INFO ] 📈 Evaluated. Results: {'test_loss': 0.0030075146351009607, 'test_accuracy': 0.9905533194541931, 'test_precision': 0.28259286284446716, 'test_recall': 0.7037495970726013, 'test_f1': 0.39847448468208313, 'communication_cost': 5102356}
[ 2026-03-29 19:49:51 | node | INFO ] 📢 Broadcasting metrics.
[ 2026-03-29 19:49:51 | node_26 | INFO ] 🔬 Evaluating...
[ 2026-03-29 19:49:51 | node_42 | INFO ] ⏹️  Gossiping exited for 10 equal rounds.
[ 2026-03-29 19:49:51 | node_45 | INFO ] ⏹️  Gossiping exited for 10 equal rounds.
[ 2026-03-29 19:49:51 | node_25 | INFO ] 🎉 Round 149 of 150 finished.
[ 2026-03-29 19:49:51 | node_42 | INFO ] 🔬 Evaluating...
[ 2026-03-29 19:49:51 | node_25 | INFO ] 🗳️ [DETERMINISTIC] Train set assigned (No Voting). Size: 50
[ 2026-03-29 19:49:51 | node_45 | INFO ] 🔬 Evaluating...
[ 2026-03-29 19:49:51 | node_7 | INFO ] ⏹️  Gossiping exited for 10 equal rounds.
[ 2026-03-29 19:49:51 | node_48 | INFO ] ⏹️  Gossiping exited for 10 equal rounds.
[ 2026-03-29 19:49:51 | node_22 | INFO ] 🎉 Round 149 of 150 finished.
[ 2026-03-29 19:49:51 | node_25 | INFO ] ♻️ Proactively processing 2 early models for round 149.
[ 2026-03-29 19:49:52 | node_25 | INFO ] 🧩 Model added for round 149 (1/8) from ['node_13']
[ 2026-03-29 19:49:52 | node_7 | INFO ] 🔬 Evaluating...
[ 2026-03-29 19:49:52 | node_22 | INFO ] 🗳️ [DETERMINISTIC] Train set assigned (No Voting). Size: 50
[ 2026-03-29 19:49:52 | node_48 | INFO ] 🔬 Evaluating...
[ 2026-03-29 19:49:52 | node_25 | INFO ] 🧩 Model added for round 149 (2/8) from ['node_1']
[ 2026-03-29 19:49:52 | node_25 | INFO ] 🏋️‍♀️ Preparing training...
[ 2026-03-29 19:49:52 | node_25 | INFO ] 🧩 Model added for round 149 (3/8) from ['node_43']
[ 2026-03-29 19:49:52 | node_22 | INFO ] ♻️ Proactively processing 3 early models for round 149.
[ 2026-03-29 19:49:52 | node_26 | INFO ] 📈 Evaluated. Results: {'test_loss': 0.003295443020761013, 'test_accuracy': 0.9935216903686523, 'test_precision': 0.3563745617866516, 'test_recall': 0.7068398594856262, 'test_f1': 0.4637291431427002, 'communication_cost': 6560172}
[ 2026-03-29 19:49:52 | node_22 | INFO ] 🧩 Model added for round 149 (1/9) from ['node_15']
[ 2026-03-29 19:49:52 | node_26 | INFO ] 📢 Broadcasting metrics.
[ 2026-03-29 19:49:52 | node_22 | INFO ] 🧩 Model added for round 149 (2/9) from ['node_11']
[ 2026-03-29 19:49:52 | node_22 | INFO ] 🧩 Model added for round 149 (3/9) from ['node_33']
[ 2026-03-29 19:49:52 | node_40 | INFO ] 🎉 Round 149 of 150 finished.
[ 2026-03-29 19:49:52 | node_22 | INFO ] 🏋️‍♀️ Preparing training...
[ 2026-03-29 19:49:52 | node_40 | INFO ] 🗳️ [DETERMINISTIC] Train set assigned (No Voting). Size: 50
[ 2026-03-29 19:49:52 | node_42 | INFO ] 📈 Evaluated. Results: {'test_loss': 0.003580005606636405, 'test_accuracy': 0.991182267665863, 'test_precision': 0.24538277089595795, 'test_recall': 0.6495639681816101, 'test_f1': 0.3489345610141754, 'communication_cost': 5831264}
[ 2026-03-29 19:49:52 | node_35 | INFO ] 🎉 Round 149 of 150 finished.
[ 2026-03-29 19:49:52 | node_45 | INFO ] 📈 Evaluated. Results: {'test_loss': 0.0032166133169084787, 'test_accuracy': 0.991182267665863, 'test_precision': 0.27032968401908875, 'test_recall': 0.7361795902252197, 'test_f1': 0.39445048570632935, 'communication_cost': 8017988}
[ 2026-03-29 19:49:52 | node_42 | INFO ] 📢 Broadcasting metrics.
[ 2026-03-29 19:49:52 | node_39 | INFO ] 🎉 Round 149 of 150 finished.
[ 2026-03-29 19:49:52 | node_40 | INFO ] ♻️ Proactively processing 5 early models for round 149.
[ 2026-03-29 19:49:52 | node_45 | INFO ] 📢 Broadcasting metrics.
[ 2026-03-29 19:49:52 | node_35 | INFO ] 🗳️ [DETERMINISTIC] Train set assigned (No Voting). Size: 50
[ 2026-03-29 19:49:52 | node_39 | INFO ] 🗳️ [DETERMINISTIC] Train set assigned (No Voting). Size: 50
[ 2026-03-29 19:49:52 | node_40 | INFO ] 🧩 Model added for round 149 (1/11) from ['node_15']
[ 2026-03-29 19:49:53 | node_40 | INFO ] 🧩 Model added for round 149 (2/11) from ['node_11']
[ 2026-03-29 19:49:53 | node_7 | INFO ] 📈 Evaluated. Results: {'test_loss': 0.003387819044291973, 'test_accuracy': 0.9917228817939758, 'test_precision': 0.2812003493309021, 'test_recall': 0.677964985370636, 'test_f1': 0.39663392305374146, 'communication_cost': 9475804}
[ 2026-03-29 19:49:53 | node_40 | INFO ] 🧩 Model added for round 149 (3/11) from ['node_14']
[ 2026-03-29 19:49:53 | node_35 | INFO ] 🏋️‍♀️ Preparing training...
[ 2026-03-29 19:49:53 | node_39 | INFO ] ♻️ Proactively processing 2 early models for round 149.
[ 2026-03-29 19:49:53 | node_7 | INFO ] 📢 Broadcasting metrics.
[ 2026-03-29 19:49:53 | node_40 | INFO ] 🧩 Model added for round 149 (4/11) from ['node_44']
[ 2026-03-29 19:49:53 | node_39 | INFO ] 🧩 Model added for round 149 (1/10) from ['node_13']
[ 2026-03-29 19:49:53 | node_40 | INFO ] 🧩 Model added for round 149 (5/11) from ['node_4']
[ 2026-03-29 19:49:53 | node_39 | INFO ] 🧩 Model added for round 149 (2/10) from ['node_33']
[ 2026-03-29 19:49:53 | node_48 | INFO ] 📈 Evaluated. Results: {'test_loss': 0.002688003471121192, 'test_accuracy': 0.9932517409324646, 'test_precision': 0.3852584660053253, 'test_recall': 0.733348548412323, 'test_f1': 0.4715854525566101, 'communication_cost': 7289080}
[ 2026-03-29 19:49:53 | node_40 | INFO ] 🏋️‍♀️ Preparing training...
[ 2026-03-29 19:49:53 | node_39 | INFO ] 🏋️‍♀️ Preparing training...
[ 2026-03-29 19:49:53 | node_48 | INFO ] 📢 Broadcasting metrics.
[ 2026-03-29 19:49:54 | node_38 | INFO ] 🎉 Round 149 of 150 finished.
[ 2026-03-29 19:49:54 | node_38 | INFO ] 🗳️ [DETERMINISTIC] Train set assigned (No Voting). Size: 50
[ 2026-03-29 19:49:54 | node_38 | INFO ] ♻️ Proactively processing 5 early models for round 149.
[ 2026-03-29 19:49:54 | node_38 | INFO ] 🧩 Model added for round 149 (1/11) from ['node_12']
[ 2026-03-29 19:49:54 | node_25 | INFO ] 🎓 Training step done.
[ 2026-03-29 19:49:54 | node_38 | INFO ] 🧩 Model added for round 149 (2/11) from ['node_17']
[ 2026-03-29 19:49:54 | node_25 | INFO ] 🛠️ Calling force_add_local_model...
[ 2026-03-29 19:49:54 | node_23 | INFO ] ⏹️  Gossiping exited for 10 equal rounds.
[ 2026-03-29 19:49:54 | node_38 | INFO ] 🧩 Model added for round 149 (3/11) from ['node_16']
[ 2026-03-29 19:49:54 | node_25 | INFO ] ✅ [FORCE] Local model added for round 149. (4/8)
[ 2026-03-29 19:49:54 | node_38 | INFO ] 🧩 Model added for round 149 (4/11) from ['node_18']
[ 2026-03-29 19:49:54 | node_38 | INFO ] 🧩 Model added for round 149 (5/11) from ['node_1']
[ 2026-03-29 19:49:54 | node_23 | INFO ] 🔬 Evaluating...
[ 2026-03-29 19:49:54 | node_38 | INFO ] 🏋️‍♀️ Preparing training...
[ 2026-03-29 19:49:54 | node_22 | INFO ] 🎓 Training step done.
[ 2026-03-29 19:49:54 | node_22 | INFO ] 🛠️ Calling force_add_local_model...
[ 2026-03-29 19:49:54 | node_22 | INFO ] ✅ [FORCE] Local model added for round 149. (4/9)
[ 2026-03-29 19:49:55 | node_32 | INFO ] 🎉 Round 149 of 150 finished.
[ 2026-03-29 19:49:55 | node | INFO ] 🎉 Round 149 of 150 finished.
[ 2026-03-29 19:49:55 | node_32 | INFO ] 🗳️ [DETERMINISTIC] Train set assigned (No Voting). Size: 50
[ 2026-03-29 19:49:55 | node | INFO ] 🗳️ [DETERMINISTIC] Train set assigned (No Voting). Size: 50
[ 2026-03-29 19:49:55 | node_35 | INFO ] 🎓 Training step done.
[ 2026-03-29 19:49:55 | node_32 | INFO ] ♻️ Proactively processing 5 early models for round 149.
[ 2026-03-29 19:49:55 | node_36 | INFO ] 📤 Sending model to 7 direct neighbors: ['node_5', 'node_9', 'node_12', 'node_20', 'node_24', 'node_39', 'node_48']
[ 2026-03-29 19:49:55 | node_35 | INFO ] 🛠️ Calling force_add_local_model...
[ 2026-03-29 19:49:55 | node_32 | INFO ] 🧩 Model added for round 149 (1/9) from ['node_46']
[ 2026-03-29 19:49:55 | node | INFO ] ♻️ Proactively processing 1 early models for round 149.
[ 2026-03-29 19:49:55 | node | INFO ] 🧩 Model added for round 149 (1/8) from ['node_14']
[ 2026-03-29 19:49:55 | node_32 | INFO ] 🧩 Model added for round 149 (2/9) from ['node_13']
[ 2026-03-29 19:49:55 | node_35 | INFO ] ✅ [FORCE] Local model added for round 149. (1/11)
[ 2026-03-29 19:49:55 | node | INFO ] 🏋️‍♀️ Preparing training...
[ 2026-03-29 19:49:55 | node_32 | INFO ] 🧩 Model added for round 149 (3/9) from ['node_11']
[ 2026-03-29 19:49:55 | node_32 | INFO ] 🧩 Model added for round 149 (4/9) from ['node_41']
[ 2026-03-29 19:49:55 | node_39 | INFO ] 🎓 Training step done.
[ 2026-03-29 19:49:55 | node_40 | INFO ] 🎓 Training step done.
[ 2026-03-29 19:49:55 | node_32 | INFO ] 🧩 Model added for round 149 (5/9) from ['node_18']
[ 2026-03-29 19:49:55 | node_39 | INFO ] 🛠️ Calling force_add_local_model...
[ 2026-03-29 19:49:55 | node_40 | INFO ] 🛠️ Calling force_add_local_model...
[ 2026-03-29 19:49:55 | node_32 | INFO ] 🏋️‍♀️ Preparing training...
[ 2026-03-29 19:49:55 | node_24 | INFO ] ⏹️  Gossiping exited for 10 equal rounds.
[ 2026-03-29 19:49:55 | node_39 | INFO ] ✅ [FORCE] Local model added for round 149. (3/10)
[ 2026-03-29 19:49:55 | node_23 | INFO ] 📈 Evaluated. Results: {'test_loss': 0.005123764276504517, 'test_accuracy': 0.9920820593833923, 'test_precision': 0.29215696454048157, 'test_recall': 0.5767572522163391, 'test_f1': 0.38483744859695435, 'communication_cost': 8746896}
[ 2026-03-29 19:49:55 | node_40 | INFO ] ✅ [FORCE] Local model added for round 149. (6/11)
[ 2026-03-29 19:49:55 | node_5 | INFO ] 🧩 Model added for round 149 (3/5) from ['node_36']
[ 2026-03-29 19:49:55 | node_24 | INFO ] 🔬 Evaluating...
[ 2026-03-29 19:49:55 | node_23 | INFO ] 📢 Broadcasting metrics.
[ 2026-03-29 19:49:55 | node_47 | INFO ] ⏹️  Gossiping exited for 10 equal rounds.
[ 2026-03-29 19:49:56 | node_20 | INFO ] ⏹️  Gossiping exited for 10 equal rounds.
[ 2026-03-29 19:49:56 | node_10 | INFO ] ⏹️  Gossiping exited for 10 equal rounds.
[ 2026-03-29 19:49:56 | node_47 | INFO ] 🔬 Evaluating...
[ 2026-03-29 19:49:56 | node_20 | INFO ] 🔬 Evaluating...
[ 2026-03-29 19:49:56 | node_10 | INFO ] 🔬 Evaluating...
[ 2026-03-29 19:49:56 | node_8 | INFO ] 🎉 Round 149 of 150 finished.
[ 2026-03-29 19:49:56 | node_8 | INFO ] 🗳️ [DETERMINISTIC] Train set assigned (No Voting). Size: 50
[ 2026-03-29 19:49:56 | node_42 | INFO ] 🎉 Round 149 of 150 finished.
[ 2026-03-29 19:49:56 | node_8 | INFO ] ♻️ Proactively processing 7 early models for round 149.
[ 2026-03-29 19:49:56 | node_8 | INFO ] 🧩 Model added for round 149 (1/12) from ['node_15']
[ 2026-03-29 19:49:56 | node_42 | INFO ] 🗳️ [DETERMINISTIC] Train set assigned (No Voting). Size: 50
[ 2026-03-29 19:49:56 | node_8 | INFO ] 🧩 Model added for round 149 (2/12) from ['node_41']
[ 2026-03-29 19:49:56 | node_8 | INFO ] 🧩 Model added for round 149 (3/12) from ['node_44']
[ 2026-03-29 19:49:56 | node_8 | INFO ] 🧩 Model added for round 149 (4/12) from ['node_14']
[ 2026-03-29 19:49:56 | node_26 | INFO ] 🎉 Round 149 of 150 finished.
[ 2026-03-29 19:49:57 | node_42 | INFO ] ♻️ Proactively processing 3 early models for round 149.
[ 2026-03-29 19:49:57 | node_26 | INFO ] 🗳️ [DETERMINISTIC] Train set assigned (No Voting). Size: 50
[ 2026-03-29 19:49:57 | node_8 | INFO ] 🧩 Model added for round 149 (5/12) from ['node_1']
[ 2026-03-29 19:49:57 | node_8 | INFO ] 🧩 Model added for round 149 (6/12) from ['node_27']
[ 2026-03-29 19:49:57 | node_42 | INFO ] 🧩 Model added for round 149 (1/9) from ['node_15']
[ 2026-03-29 19:49:57 | node_42 | INFO ] 🧩 Model added for round 149 (2/9) from ['node_41']
[ 2026-03-29 19:49:57 | node_8 | INFO ] 🧩 Model added for round 149 (7/12) from ['node_43']
[ 2026-03-29 19:49:57 | node_8 | INFO ] 🏋️‍♀️ Preparing training...
[ 2026-03-29 19:49:57 | node_42 | INFO ] 🧩 Model added for round 149 (3/9) from ['node_16']
[ 2026-03-29 19:49:57 | node_26 | INFO ] ♻️ Proactively processing 6 early models for round 149.
[ 2026-03-29 19:49:57 | node_42 | INFO ] 🏋️‍♀️ Preparing training...
[ 2026-03-29 19:49:57 | node_12 | INFO ] 🧩 Model added for round 149 (4/6) from ['node_36']
[ 2026-03-29 19:49:57 | node_38 | INFO ] 🎓 Training step done.
[ 2026-03-29 19:49:57 | node_26 | INFO ] 🧩 Model added for round 149 (1/10) from ['node_13']
[ 2026-03-29 19:49:57 | node_38 | INFO ] 🛠️ Calling force_add_local_model...
[ 2026-03-29 19:49:57 | node_24 | INFO ] 📈 Evaluated. Results: {'test_loss': 0.00472136028110981, 'test_accuracy': 0.9897426962852478, 'test_precision': 0.1770867556333542, 'test_recall': 0.5288568139076233, 'test_f1': 0.263690710067749, 'communication_cost': 5102356}
[ 2026-03-29 19:49:57 | node_26 | INFO ] 🧩 Model added for round 149 (2/10) from ['node_12']
[ 2026-03-29 19:49:57 | node_19 | INFO ] ⏹️  Gossiping exited for 10 equal rounds.
[ 2026-03-29 19:49:57 | node_26 | INFO ] 🧩 Model added for round 149 (3/10) from ['node_17']
[ 2026-03-29 19:49:57 | node_38 | INFO ] ✅ [FORCE] Local model added for round 149. (6/11)
[ 2026-03-29 19:49:57 | node_24 | INFO ] 📢 Broadcasting metrics.
[ 2026-03-29 19:49:57 | node_26 | INFO ] 🧩 Model added for round 149 (4/10) from ['node_41']
[ 2026-03-29 19:49:57 | node_26 | INFO ] 🧩 Model added for round 149 (5/10) from ['node_44']
[ 2026-03-29 19:49:57 | node_26 | INFO ] 🧩 Model added for round 149 (6/10) from ['node_1']
[ 2026-03-29 19:49:57 | node_19 | INFO ] 🔬 Evaluating...
[ 2026-03-29 19:49:57 | node_47 | INFO ] 📈 Evaluated. Results: {'test_loss': 0.004388885106891394, 'test_accuracy': 0.9915422201156616, 'test_precision': 0.24160563945770264, 'test_recall': 0.516797661781311, 'test_f1': 0.3282434940338135, 'communication_cost': 8017988}
[ 2026-03-29 19:49:57 | node_26 | INFO ] 🏋️‍♀️ Preparing training...
[ 2026-03-29 19:49:57 | node_47 | INFO ] 📢 Broadcasting metrics.
[ 2026-03-29 19:49:57 | node_10 | INFO ] 📈 Evaluated. Results: {'test_loss': 0.003832644782960415, 'test_accuracy': 0.9900134801864624, 'test_precision': 0.19492894411087036, 'test_recall': 0.5830732583999634, 'test_f1': 0.28871583938598633, 'communication_cost': 5102356}
[ 2026-03-29 19:49:57 | node_20 | INFO ] 📈 Evaluated. Results: {'test_loss': 0.0030307131819427013, 'test_accuracy': 0.9906424283981323, 'test_precision': 0.230864480137825, 'test_recall': 0.6774308085441589, 'test_f1': 0.33798491954803467, 'communication_cost': 6560172}
[ 2026-03-29 19:49:57 | node_10 | INFO ] 📢 Broadcasting metrics.
[ 2026-03-29 19:49:57 | node_20 | INFO ] 📢 Broadcasting metrics.
[ 2026-03-29 19:49:58 | node | INFO ] 🎓 Training step done.
[ 2026-03-29 19:49:58 | node_30 | INFO ] ⏹️  Gossiping exited for 10 equal rounds.
[ 2026-03-29 19:49:58 | node | INFO ] 🛠️ Calling force_add_local_model...
[ 2026-03-29 19:49:58 | node_9 | INFO ] ⏹️  Gossiping exited for 10 equal rounds.
[ 2026-03-29 19:49:58 | node | INFO ] ✅ [FORCE] Local model added for round 149. (2/8)
[ 2026-03-29 19:49:58 | node_45 | INFO ] 🎉 Round 149 of 150 finished.
[ 2026-03-29 19:49:58 | node_30 | INFO ] 🔬 Evaluating...
[ 2026-03-29 19:49:58 | node_48 | INFO ] 🎉 Round 149 of 150 finished.
[ 2026-03-29 19:49:58 | node_45 | INFO ] 🗳️ [DETERMINISTIC] Train set assigned (No Voting). Size: 50
[ 2026-03-29 19:49:58 | node_9 | INFO ] 🔬 Evaluating...
[ 2026-03-29 19:49:58 | node_32 | INFO ] 🎓 Training step done.
[ 2026-03-29 19:49:58 | node_48 | INFO ] 🗳️ [DETERMINISTIC] Train set assigned (No Voting). Size: 50
[ 2026-03-29 19:49:58 | node_32 | INFO ] 🛠️ Calling force_add_local_model...
[ 2026-03-29 19:49:58 | node_32 | INFO ] ✅ [FORCE] Local model added for round 149. (6/9)
[ 2026-03-29 19:49:58 | node_45 | INFO ] ♻️ Proactively processing 7 early models for round 149.
[ 2026-03-29 19:49:58 | node_45 | INFO ] 🧩 Model added for round 149 (1/12) from ['node_5']
[ 2026-03-29 19:49:58 | node_48 | INFO ] ♻️ Proactively processing 4 early models for round 149.
[ 2026-03-29 19:49:58 | node_19 | INFO ] 📈 Evaluated. Results: {'test_loss': 0.0024833600036799908, 'test_accuracy': 0.9937916398048401, 'test_precision': 0.23768702149391174, 'test_recall': 0.511532723903656, 'test_f1': 0.31398335099220276, 'communication_cost': 5831264}
[ 2026-03-29 19:49:58 | node_45 | INFO ] 🧩 Model added for round 149 (2/12) from ['node_27']
[ 2026-03-29 19:49:58 | node_48 | INFO ] 🧩 Model added for round 149 (1/11) from ['node_6']
[ 2026-03-29 19:49:58 | node_45 | INFO ] 🧩 Model added for round 149 (3/12) from ['node_16']
[ 2026-03-29 19:49:58 | node_39 | INFO ] 🧩 Model added for round 149 (4/10) from ['node_36']
[ 2026-03-29 19:49:58 | node_19 | INFO ] 📢 Broadcasting metrics.
[ 2026-03-29 19:49:58 | node_48 | INFO ] 🧩 Model added for round 149 (2/11) from ['node_1']
[ 2026-03-29 19:49:58 | node_45 | INFO ] 🧩 Model added for round 149 (4/12) from ['node_6']
[ 2026-03-29 19:49:58 | node_48 | INFO ] 🧩 Model added for round 149 (3/11) from ['node_4']
[ 2026-03-29 19:49:58 | node_45 | INFO ] 🧩 Model added for round 149 (5/12) from ['node_18']
[ 2026-03-29 19:49:58 | node_48 | INFO ] 🧩 Model added for round 149 (4/11) from ['node_43']
[ 2026-03-29 19:49:58 | node_45 | INFO ] 🧩 Model added for round 149 (6/12) from ['node_4']
[ 2026-03-29 19:49:58 | node_48 | INFO ] 🏋️‍♀️ Preparing training...
[ 2026-03-29 19:49:58 | node_45 | INFO ] 🧩 Model added for round 149 (7/12) from ['node_43']
[ 2026-03-29 19:49:58 | node_45 | INFO ] 🏋️‍♀️ Preparing training...
[ 2026-03-29 19:49:59 | node_7 | INFO ] 🎉 Round 149 of 150 finished.
[ 2026-03-29 19:49:59 | node_7 | INFO ] 🗳️ [DETERMINISTIC] Train set assigned (No Voting). Size: 50
[ 2026-03-29 19:49:59 | node_9 | INFO ] 📈 Evaluated. Results: {'test_loss': 0.0027071277145296335, 'test_accuracy': 0.991093099117279, 'test_precision': 0.24566103518009186, 'test_recall': 0.7495733499526978, 'test_f1': 0.3650420010089874, 'communication_cost': 8017988}
[ 2026-03-29 19:49:59 | node_30 | INFO ] 📈 Evaluated. Results: {'test_loss': 0.005537777673453093, 'test_accuracy': 0.9898326396942139, 'test_precision': 0.22901436686515808, 'test_recall': 0.5382263660430908, 'test_f1': 0.3091603219509125, 'communication_cost': 6560172}
[ 2026-03-29 19:49:59 | node_42 | INFO ] 🎓 Training step done.
[ 2026-03-29 19:49:59 | node_8 | INFO ] 🎓 Training step done.
[ 2026-03-29 19:49:59 | node_7 | INFO ] ♻️ Proactively processing 3 early models for round 149.
[ 2026-03-29 19:49:59 | node_9 | INFO ] 📢 Broadcasting metrics.
[ 2026-03-29 19:49:59 | node_42 | INFO ] 🛠️ Calling force_add_local_model...
[ 2026-03-29 19:49:59 | node_7 | INFO ] 🧩 Model added for round 149 (1/14) from ['node_16']
[ 2026-03-29 19:49:59 | node_30 | INFO ] 📢 Broadcasting metrics.
[ 2026-03-29 19:49:59 | node_8 | INFO ] 🛠️ Calling force_add_local_model...
[ 2026-03-29 19:49:59 | node_42 | INFO ] ✅ [FORCE] Local model added for round 149. (4/9)
[ 2026-03-29 19:49:59 | node_7 | INFO ] 🧩 Model added for round 149 (2/14) from ['node_14']
[ 2026-03-29 19:49:59 | node_25 | INFO ] 📤 Sending model to 7 direct neighbors: ['node_1', 'node_9', 'node_13', 'node_30', 'node_35', 'node_42', 'node_43']
[ 2026-03-29 19:49:59 | node_7 | INFO ] 🧩 Model added for round 149 (3/14) from ['node_4']
[ 2026-03-29 19:49:59 | node_8 | INFO ] ✅ [FORCE] Local model added for round 149. (8/12)
[ 2026-03-29 19:49:59 | node_7 | INFO ] 🏋️‍♀️ Preparing training...
[ 2026-03-29 19:49:59 | node_26 | INFO ] 🎓 Training step done.
[ 2026-03-29 19:49:59 | node_26 | INFO ] 🛠️ Calling force_add_local_model...
[ 2026-03-29 19:50:00 | node_26 | INFO ] ✅ [FORCE] Local model added for round 149. (7/10)
[ 2026-03-29 19:50:00 | node_22 | INFO ] 📤 Sending model to 8 direct neighbors: ['node_7', 'node_9', 'node_11', 'node_15', 'node_19', 'node_21', 'node_33', 'node_39']
[ 2026-03-29 19:50:00 | node_48 | INFO ] 🧩 Model added for round 149 (5/11) from ['node_36']
[ 2026-03-29 19:50:00 | node_1 | INFO ] 🧩 Model added for round 149 (4/9) from ['node_25']
[ 2026-03-29 19:50:00 | node_29 | INFO ] ⏹️  Gossiping exited for 10 equal rounds.
[ 2026-03-29 19:50:00 | node_7 | INFO ] 🧩 Model added for round 149 (4/14) from ['node_22']
[ 2026-03-29 19:50:00 | node_24 | INFO ] 🎉 Round 149 of 150 finished.
[ 2026-03-29 19:50:00 | node_29 | INFO ] 🔬 Evaluating...
[ 2026-03-29 19:50:00 | node_35 | INFO ] 📤 Sending model to 10 direct neighbors: ['node_8', 'node_10', 'node_20', 'node_23', 'node_24', 'node_25', 'node_30', 'node_37', 'node_39', 'node_49']
[ 2026-03-29 19:50:00 | node_24 | INFO ] 🗳️ [DETERMINISTIC] Train set assigned (No Voting). Size: 50
[ 2026-03-29 19:50:00 | node_24 | INFO ] ♻️ Proactively processing 2 early models for round 149.
[ 2026-03-29 19:50:00 | node_39 | INFO ] 📤 Sending model to 9 direct neighbors: ['node_13', 'node_22', 'node_30', 'node_32', 'node_33', 'node_35', 'node_36', 'node_42', 'node_47']
[ 2026-03-29 19:50:00 | node_24 | INFO ] 🧩 Model added for round 149 (1/8) from ['node_33']
[ 2026-03-29 19:50:00 | node_40 | INFO ] 📤 Sending model to 10 direct neighbors: ['node_4', 'node_9', 'node_11', 'node_14', 'node_15', 'node_20', 'node_38', 'node_42', 'node_44', 'node_48']
[ 2026-03-29 19:50:00 | node_10 | INFO ] 🎉 Round 149 of 150 finished.
[ 2026-03-29 19:50:00 | node_24 | INFO ] 🧩 Model added for round 149 (2/8) from ['node_36']
[ 2026-03-29 19:50:01 | node_8 | INFO ] 🧩 Model added for round 149 (9/12) from ['node_35']
[ 2026-03-29 19:50:01 | node_24 | INFO ] 🏋️‍♀️ Preparing training...
[ 2026-03-29 19:50:01 | node_10 | INFO ] 🗳️ [DETERMINISTIC] Train set assigned (No Voting). Size: 50
[ 2026-03-29 19:50:01 | node_48 | INFO ] 🎓 Training step done.
[ 2026-03-29 19:50:01 | node_45 | INFO ] 🎓 Training step done.
[ 2026-03-29 19:50:01 | node_48 | INFO ] 🛠️ Calling force_add_local_model...
[ 2026-03-29 19:50:01 | node_4 | INFO ] 🧩 Model added for round 149 (6/10) from ['node_40']
[ 2026-03-29 19:50:01 | node_13 | INFO ] 🧩 Model added for round 149 (3/6) from ['node_39']
[ 2026-03-29 19:50:01 | node_23 | INFO ] 🎉 Round 149 of 150 finished.
[ 2026-03-29 19:50:01 | node_45 | INFO ] 🛠️ Calling force_add_local_model...
[ 2026-03-29 19:50:01 | node_10 | INFO ] ♻️ Proactively processing 2 early models for round 149.
[ 2026-03-29 19:50:01 | node_48 | INFO ] ✅ [FORCE] Local model added for round 149. (6/11)
[ 2026-03-29 19:50:01 | node_10 | INFO ] 🧩 Model added for round 149 (1/8) from ['node_2']
[ 2026-03-29 19:50:01 | node_23 | INFO ] 🗳️ [DETERMINISTIC] Train set assigned (No Voting). Size: 50
[ 2026-03-29 19:50:01 | node_45 | INFO ] ✅ [FORCE] Local model added for round 149. (8/12)
[ 2026-03-29 19:50:01 | node_10 | INFO ] 🧩 Model added for round 149 (2/8) from ['node_14']
[ 2026-03-29 19:50:01 | node_10 | INFO ] 🏋️‍♀️ Preparing training...
[ 2026-03-29 19:50:01 | node_23 | INFO ] ♻️ Proactively processing 4 early models for round 149.
[ 2026-03-29 19:50:01 | node_23 | INFO ] 🧩 Model added for round 149 (1/13) from ['node_5']
[ 2026-03-29 19:50:01 | node_23 | INFO ] 🧩 Model added for round 149 (2/13) from ['node_33']
[ 2026-03-29 19:50:01 | node_23 | INFO ] 🧩 Model added for round 149 (3/13) from ['node_18']
[ 2026-03-29 19:50:01 | node_23 | INFO ] 🧩 Model added for round 149 (4/13) from ['node_43']
[ 2026-03-29 19:50:01 | node_29 | INFO ] 📈 Evaluated. Results: {'test_loss': 0.004768135491758585, 'test_accuracy': 0.991092324256897, 'test_precision': 0.20860323309898376, 'test_recall': 0.47919201850891113, 'test_f1': 0.2885763347148895, 'communication_cost': 5102356}
[ 2026-03-29 19:50:01 | node_23 | INFO ] 🏋️‍♀️ Preparing training...
[ 2026-03-29 19:50:01 | node_29 | INFO ] 📢 Broadcasting metrics.
[ 2026-03-29 19:50:02 | node_34 | INFO ] ⏹️  Gossiping exited for 10 equal rounds.
[ 2026-03-29 19:50:02 | node_7 | INFO ] 🎓 Training step done.
[ 2026-03-29 19:50:02 | node_13 | INFO ] 🧩 Model added for round 149 (4/6) from ['node_25']
[ 2026-03-29 19:50:02 | node_20 | INFO ] 🎉 Round 149 of 150 finished.
[ 2026-03-29 19:50:02 | node_7 | INFO ] 🛠️ Calling force_add_local_model...
[ 2026-03-29 19:50:02 | node_7 | INFO ] ✅ [FORCE] Local model added for round 149. (5/14)
[ 2026-03-29 19:50:02 | node_20 | INFO ] 🗳️ [DETERMINISTIC] Train set assigned (No Voting). Size: 50
[ 2026-03-29 19:50:02 | node_34 | INFO ] 🔬 Evaluating...
[ 2026-03-29 19:50:02 | node_38 | INFO ] 📤 Sending model to 10 direct neighbors: ['node_1', 'node_12', 'node_16', 'node_17', 'node_18', 'node_21', 'node_29', 'node_37', 'node_40', 'node_47']
[ 2026-03-29 19:50:02 | node_22 | INFO ] 🧩 Model added for round 149 (5/9) from ['node_39']
[ 2026-03-29 19:50:02 | node_20 | INFO ] ♻️ Proactively processing 2 early models for round 149.
[ 2026-03-29 19:50:02 | node_20 | INFO ] 🧩 Model added for round 149 (1/10) from ['node_18']
[ 2026-03-29 19:50:02 | node_19 | INFO ] 🎉 Round 149 of 150 finished.
[ 2026-03-29 19:50:02 | node_20 | INFO ] 🧩 Model added for round 149 (2/10) from ['node_36']
[ 2026-03-29 19:50:02 | node_19 | INFO ] 🗳️ [DETERMINISTIC] Train set assigned (No Voting). Size: 50
[ 2026-03-29 19:50:02 | node_20 | INFO ] 🏋️‍♀️ Preparing training...
[ 2026-03-29 19:50:03 | node_1 | INFO ] 🧩 Model added for round 149 (5/9) from ['node_38']
[ 2026-03-29 19:50:03 | node_19 | INFO ] ♻️ Proactively processing 4 early models for round 149.
[ 2026-03-29 19:50:03 | node_11 | INFO ] 🧩 Model added for round 149 (4/7) from ['node_22']
[ 2026-03-29 19:50:03 | node_10 | INFO ] 🧩 Model added for round 149 (3/8) from ['node_35']
[ 2026-03-29 19:50:03 | node_19 | INFO ] 🧩 Model added for round 149 (1/9) from ['node_46']
[ 2026-03-29 19:50:03 | node_47 | INFO ] 🎉 Round 149 of 150 finished.
[ 2026-03-29 19:50:03 | node_19 | INFO ] 🧩 Model added for round 149 (2/9) from ['node_41']
[ 2026-03-29 19:50:03 | node_19 | INFO ] 🧩 Model added for round 149 (3/9) from ['node_2']
[ 2026-03-29 19:50:03 | node | INFO ] 📤 Sending model to 7 direct neighbors: ['node_7', 'node_10', 'node_14', 'node_26', 'node_30', 'node_31', 'node_45']
[ 2026-03-29 19:50:03 | node_47 | INFO ] 🗳️ [DETERMINISTIC] Train set assigned (No Voting). Size: 50
[ 2026-03-29 19:50:03 | node_24 | INFO ] 🎓 Training step done.
[ 2026-03-29 19:50:03 | node_19 | INFO ] 🧩 Model added for round 149 (4/9) from ['node_16']
[ 2026-03-29 19:50:03 | node_24 | INFO ] 🛠️ Calling force_add_local_model...
[ 2026-03-29 19:50:03 | node_19 | INFO ] 🏋️‍♀️ Preparing training...
[ 2026-03-29 19:50:03 | node_24 | INFO ] ✅ [FORCE] Local model added for round 149. (3/8)
[ 2026-03-29 19:50:03 | node_34 | INFO ] 📈 Evaluated. Results: {'test_loss': 0.0029708126094192266, 'test_accuracy': 0.9914522171020508, 'test_precision': 0.2569025754928589, 'test_recall': 0.6810880899429321, 'test_f1': 0.3649202585220337, 'communication_cost': 6560172}
[ 2026-03-29 19:50:03 | node_47 | INFO ] ♻️ Proactively processing 5 early models for round 149.
[ 2026-03-29 19:50:03 | node_11 | INFO ] 🧩 Model added for round 149 (5/7) from ['node_40']
[ 2026-03-29 19:50:03 | node_32 | INFO ] 📤 Sending model to 8 direct neighbors: ['node_7', 'node_11', 'node_13', 'node_18', 'node_39', 'node_41', 'node_46', 'node_49']
[ 2026-03-29 19:50:03 | node_47 | INFO ] 🧩 Model added for round 149 (1/12) from ['node_2']
[ 2026-03-29 19:50:03 | node_47 | INFO ] 🧩 Model added for round 149 (2/12) from ['node_27']
[ 2026-03-29 19:50:03 | node_34 | INFO ] 📢 Broadcasting metrics.
[ 2026-03-29 19:50:03 | node_47 | INFO ] 🧩 Model added for round 149 (3/12) from ['node_3']
[ 2026-03-29 19:50:03 | node_7 | INFO ] 🧩 Model added for round 149 (6/14) from ['node']
[ 2026-03-29 19:50:03 | node_47 | INFO ] 🧩 Model added for round 149 (4/12) from ['node_6']
[ 2026-03-29 19:50:03 | node_47 | INFO ] 🧩 Model added for round 149 (5/12) from ['node_18']
[ 2026-03-29 19:50:04 | node_35 | INFO ] 🧩 Model added for round 149 (2/11) from ['node_25']
[ 2026-03-29 19:50:04 | node_47 | INFO ] 🏋️‍♀️ Preparing training...
[ 2026-03-29 19:50:04 | node_10 | INFO ] 🎓 Training step done.
[ 2026-03-29 19:50:04 | node_10 | INFO ] 🛠️ Calling force_add_local_model...
[ 2026-03-29 19:50:04 | node_7 | INFO ] 🧩 Model added for round 149 (7/14) from ['node_32']
[ 2026-03-29 19:50:04 | node_10 | INFO ] ✅ [FORCE] Local model added for round 149. (4/8)
[ 2026-03-29 19:50:04 | node_15 | INFO ] 🧩 Model added for round 149 (5/9) from ['node_22']
[ 2026-03-29 19:50:04 | node_23 | INFO ] 🎓 Training step done.
[ 2026-03-29 19:50:04 | node_20 | INFO ] 🧩 Model added for round 149 (3/10) from ['node_35']
[ 2026-03-29 19:50:04 | node_32 | INFO ] 🧩 Model added for round 149 (7/9) from ['node_39']
[ 2026-03-29 19:50:04 | node_23 | INFO ] 🛠️ Calling force_add_local_model...
[ 2026-03-29 19:50:04 | node_42 | INFO ] 📤 Sending model to 8 direct neighbors: ['node_15', 'node_16', 'node_23', 'node_25', 'node_29', 'node_39', 'node_40', 'node_41']
[ 2026-03-29 19:50:04 | node_30 | INFO ] 🎉 Round 149 of 150 finished.
[ 2026-03-29 19:50:04 | node_8 | INFO ] 📤 Sending model to 11 direct neighbors: ['node_1', 'node_14', 'node_15', 'node_23', 'node_27', 'node_35', 'node_41', 'node_43', 'node_44', 'node_48', 'node_49']
[ 2026-03-29 19:50:04 | node_23 | INFO ] ✅ [FORCE] Local model added for round 149. (5/13)
[ 2026-03-29 19:50:04 | node_30 | INFO ] 🗳️ [DETERMINISTIC] Train set assigned (No Voting). Size: 50
[ 2026-03-29 19:50:04 | node_12 | INFO ] 🧩 Model added for round 149 (5/6) from ['node_38']
[ 2026-03-29 19:50:05 | node_26 | INFO ] 📤 Sending model to 9 direct neighbors: ['node', 'node_1', 'node_12', 'node_13', 'node_17', 'node_23', 'node_34', 'node_41', 'node_44']
[ 2026-03-29 19:50:05 | node_14 | INFO ] 🧩 Model added for round 149 (3/7) from ['node_40']
[ 2026-03-29 19:50:05 | node_30 | INFO ] ♻️ Proactively processing 5 early models for round 149.
[ 2026-03-29 19:50:05 | node_20 | INFO ] 🎓 Training step done.
[ 2026-03-29 19:50:05 | node_30 | INFO ] 🧩 Model added for round 149 (1/10) from ['node_44']
[ 2026-03-29 19:50:05 | node_15 | INFO ] 🧩 Model added for round 149 (6/9) from ['node_42']
[ 2026-03-29 19:50:05 | node_20 | INFO ] 🛠️ Calling force_add_local_model...
[ 2026-03-29 19:50:05 | node_30 | INFO ] 🧩 Model added for round 149 (2/10) from ['node_3']
[ 2026-03-29 19:50:05 | node_30 | INFO ] 🧩 Model added for round 149 (3/10) from ['node_6']
[ 2026-03-29 19:50:05 | node_1 | INFO ] 🧩 Model added for round 149 (6/9) from ['node_8']
[ 2026-03-29 19:50:05 | node_20 | INFO ] ✅ [FORCE] Local model added for round 149. (4/10)
[ 2026-03-29 19:50:05 | node_30 | INFO ] 🧩 Model added for round 149 (4/10) from ['node_25']
[ 2026-03-29 19:50:05 | node_30 | INFO ] 🧩 Model added for round 149 (5/10) from ['node_39']
[ 2026-03-29 19:50:05 | node_30 | INFO ] 🏋️‍♀️ Preparing training...
[ 2026-03-29 19:50:05 | node | INFO ] 🧩 Model added for round 149 (3/8) from ['node_26']
[ 2026-03-29 19:50:05 | node_19 | INFO ] 🎓 Training step done.
[ 2026-03-29 19:50:05 | node_19 | INFO ] 🛠️ Calling force_add_local_model...
[ 2026-03-29 19:50:05 | node_42 | INFO ] 🧩 Model added for round 149 (5/9) from ['node_25']
[ 2026-03-29 19:50:06 | node_19 | INFO ] ✅ [FORCE] Local model added for round 149. (5/9)
[ 2026-03-29 19:50:06 | node_9 | INFO ] 🎉 Round 149 of 150 finished.
[ 2026-03-29 19:50:06 | node_9 | INFO ] 🗳️ [DETERMINISTIC] Train set assigned (No Voting). Size: 50
[ 2026-03-29 19:50:06 | node_16 | INFO ] 🧩 Model added for round 149 (4/8) from ['node_38']
[ 2026-03-29 19:50:06 | node_10 | INFO ] 🧩 Model added for round 149 (5/8) from ['node']
[ 2026-03-29 19:50:06 | node_19 | INFO ] 🧩 Model added for round 149 (6/9) from ['node_22']
[ 2026-03-29 19:50:06 | node_48 | INFO ] 📤 Sending model to 10 direct neighbors: ['node_1', 'node_4', 'node_6', 'node_8', 'node_20', 'node_23', 'node_36', 'node_40', 'node_43', 'node_47']
[ 2026-03-29 19:50:06 | node_47 | INFO ] 🎓 Training step done.
[ 2026-03-29 19:50:06 | node_29 | INFO ] 🎉 Round 149 of 150 finished.
[ 2026-03-29 19:50:06 | node_45 | INFO ] 📤 Sending model to 11 direct neighbors: ['node', 'node_4', 'node_5', 'node_6', 'node_7', 'node_16', 'node_18', 'node_23', 'node_27', 'node_29', 'node_43']
[ 2026-03-29 19:50:06 | node_47 | INFO ] 🛠️ Calling force_add_local_model...
[ 2026-03-29 19:50:06 | node_9 | INFO ] ♻️ Proactively processing 6 early models for round 149.
[ 2026-03-29 19:50:06 | node_33 | INFO ] 🧩 Model added for round 149 (4/9) from ['node_39']
[ 2026-03-29 19:50:06 | node_29 | INFO ] 🗳️ [DETERMINISTIC] Train set assigned (No Voting). Size: 50
[ 2026-03-29 19:50:06 | node_15 | INFO ] 🧩 Model added for round 149 (7/9) from ['node_40']
[ 2026-03-29 19:50:06 | node_47 | INFO ] ✅ [FORCE] Local model added for round 149. (6/12)
[ 2026-03-29 19:50:06 | node_9 | INFO ] 🧩 Model added for round 149 (1/12) from ['node_2']
[ 2026-03-29 19:50:06 | node_23 | INFO ] 🧩 Model added for round 149 (6/13) from ['node_35']
[ 2026-03-29 19:50:06 | node_9 | INFO ] 🧩 Model added for round 149 (2/12) from ['node_4']
[ 2026-03-29 19:50:06 | node_49 | INFO ] ⏹️  Gossiping exited for 10 equal rounds.
[ 2026-03-29 19:50:06 | node_11 | INFO ] 🧩 Model added for round 149 (6/7) from ['node_32']
[ 2026-03-29 19:50:06 | node_9 | INFO ] 🧩 Model added for round 149 (3/12) from ['node_36']
[ 2026-03-29 19:50:06 | node_29 | INFO ] ♻️ Proactively processing 1 early models for round 149.
[ 2026-03-29 19:50:06 | node_9 | INFO ] 🧩 Model added for round 149 (4/12) from ['node_25']
[ 2026-03-29 19:50:06 | node_1 | INFO ] 🧩 Model added for round 149 (7/9) from ['node_48']
[ 2026-03-29 19:50:06 | node_29 | INFO ] 🧩 Model added for round 149 (1/8) from ['node_11']
[ 2026-03-29 19:50:07 | node_49 | INFO ] 🔬 Evaluating...
[ 2026-03-29 19:50:07 | node_9 | INFO ] 🧩 Model added for round 149 (5/12) from ['node_22']
[ 2026-03-29 19:50:07 | node_29 | INFO ] 🏋️‍♀️ Preparing training...
[ 2026-03-29 19:50:07 | node_9 | INFO ] 🧩 Model added for round 149 (6/12) from ['node_40']
[ 2026-03-29 19:50:07 | node | INFO ] 🧩 Model added for round 149 (4/8) from ['node_45']
[ 2026-03-29 19:50:07 | node_9 | INFO ] 🏋️‍♀️ Preparing training...
[ 2026-03-29 19:50:07 | node_16 | INFO ] 🧩 Model added for round 149 (5/8) from ['node_42']
[ 2026-03-29 19:50:07 | node_7 | INFO ] 📤 Sending model to 13 direct neighbors: ['node', 'node_4', 'node_9', 'node_14', 'node_16', 'node_19', 'node_20', 'node_22', 'node_30', 'node_32', 'node_37', 'node_45', 'node_47']
[ 2026-03-29 19:50:07 | node_14 | INFO ] 🧩 Model added for round 149 (4/7) from ['node_8']
[ 2026-03-29 19:50:07 | node_1 | INFO ] 🧩 Model added for round 149 (8/9) from ['node_26']
[ 2026-03-29 19:50:07 | node_30 | INFO ] 🎓 Training step done.
[ 2026-03-29 19:50:07 | node | INFO ] 🧩 Model added for round 149 (5/8) from ['node_7']
[ 2026-03-29 19:50:07 | node_30 | INFO ] 🛠️ Calling force_add_local_model...
[ 2026-03-29 19:50:08 | node_30 | INFO ] ✅ [FORCE] Local model added for round 149. (6/10)
[ 2026-03-29 19:50:08 | node_43 | INFO ] 🧩 Model added for round 149 (3/8) from ['node_25']
[ 2026-03-29 19:50:08 | node_14 | INFO ] 🧩 Model added for round 149 (5/7) from ['node']
[ 2026-03-29 19:50:08 | node_17 | INFO ] 🧩 Model added for round 149 (4/6) from ['node_38']
[ 2026-03-29 19:50:08 | node_13 | INFO ] 🧩 Model added for round 149 (5/6) from ['node_32']
[ 2026-03-29 19:50:08 | node_49 | INFO ] 📈 Evaluated. Results: {'test_loss': 0.004502969328314066, 'test_accuracy': 0.9919920563697815, 'test_precision': 0.26191017031669617, 'test_recall': 0.5359246730804443, 'test_f1': 0.34790176153182983, 'communication_cost': 5831264}
[ 2026-03-29 19:50:08 | node_49 | INFO ] 📢 Broadcasting metrics.
[ 2026-03-29 19:50:08 | node_24 | INFO ] 📤 Sending model to 7 direct neighbors: ['node_9', 'node_21', 'node_31', 'node_33', 'node_35', 'node_36', 'node_37']
[ 2026-03-29 19:50:08 | node_35 | INFO ] 🧩 Model added for round 149 (3/11) from ['node_39']
[ 2026-03-29 19:50:08 | node_20 | INFO ] 🧩 Model added for round 149 (5/10) from ['node_40']
[ 2026-03-29 19:50:08 | node_33 | INFO ] 🧩 Model added for round 149 (5/9) from ['node_22']
[ 2026-03-29 19:50:08 | node_15 | INFO ] 🧩 Model added for round 149 (8/9) from ['node_8']
[ 2026-03-29 19:50:09 | node_4 | INFO ] 🧩 Model added for round 149 (7/10) from ['node_45']
[ 2026-03-29 19:50:09 | node_23 | INFO ] 🧩 Model added for round 149 (7/13) from ['node_42']
[ 2026-03-29 19:50:09 | node_4 | INFO ] 🧩 Model added for round 149 (8/10) from ['node_48']
[ 2026-03-29 19:50:09 | node_9 | INFO ] 🧩 Model added for round 149 (7/12) from ['node_24']
[ 2026-03-29 19:50:09 | node_10 | INFO ] 📤 Sending model to 7 direct neighbors: ['node', 'node_2', 'node_14', 'node_20', 'node_31', 'node_34', 'node_35']
[ 2026-03-29 19:50:09 | node_24 | INFO ] 🧩 Model added for round 149 (4/8) from ['node_35']
[ 2026-03-29 19:50:09 | node_12 | INFO ] 🧩 Model added for round 149 (6/6) from ['node_26']
[ 2026-03-29 19:50:09 | node_31 | INFO ] ⏹️  Gossiping exited for 10 equal rounds.
[ 2026-03-29 19:50:09 | node_9 | INFO ] 🎓 Training step done.
[ 2026-03-29 19:50:09 | node_4 | INFO ] 🧩 Model added for round 149 (9/10) from ['node_7']
[ 2026-03-29 19:50:09 | node_23 | INFO ] 📤 Sending model to 12 direct neighbors: ['node_5', 'node_8', 'node_9', 'node_18', 'node_26', 'node_29', 'node_33', 'node_35', 'node_42', 'node_43', 'node_45', 'node_48']
[ 2026-03-29 19:50:09 | node_18 | INFO ] 🧩 Model added for round 149 (4/9) from ['node_32']
[ 2026-03-29 19:50:09 | node_9 | INFO ] 🛠️ Calling force_add_local_model...
[ 2026-03-29 19:50:10 | node_29 | INFO ] 🎓 Training step done.
[ 2026-03-29 19:50:10 | node_26 | INFO ] 🧩 Model added for round 149 (8/10) from ['node']
[ 2026-03-29 19:50:10 | node_18 | INFO ] 🧩 Model added for round 149 (5/9) from ['node_38']
[ 2026-03-29 19:50:10 | node | INFO ] 🧩 Model added for round 149 (6/8) from ['node_10']
[ 2026-03-29 19:50:10 | node_34 | INFO ] 🎉 Round 149 of 150 finished.
[ 2026-03-29 19:50:10 | node_29 | INFO ] 🛠️ Calling force_add_local_model...
[ 2026-03-29 19:50:10 | node_9 | INFO ] ✅ [FORCE] Local model added for round 149. (8/12)
[ 2026-03-29 19:50:10 | node_31 | INFO ] 🔬 Evaluating...
[ 2026-03-29 19:50:10 | node_29 | INFO ] ✅ [FORCE] Local model added for round 149. (2/8)
[ 2026-03-29 19:50:10 | node_34 | INFO ] 🗳️ [DETERMINISTIC] Train set assigned (No Voting). Size: 50
[ 2026-03-29 19:50:10 | node_12 | INFO ] 🧠 Aggregation complete. Setting new model.
[ 2026-03-29 19:50:10 | node_34 | INFO ] ♻️ Proactively processing 6 early models for round 149.
[ 2026-03-29 19:50:10 | node_20 | INFO ] 📤 Sending model to 9 direct neighbors: ['node_7', 'node_10', 'node_18', 'node_34', 'node_35', 'node_36', 'node_37', 'node_40', 'node_48']
[ 2026-03-29 19:50:10 | node_34 | INFO ] 🧩 Model added for round 149 (1/10) from ['node_33']
[ 2026-03-29 19:50:10 | node_34 | INFO ] 🧩 Model added for round 149 (2/10) from ['node_44']
[ 2026-03-29 19:50:10 | node_34 | INFO ] 🧩 Model added for round 149 (3/10) from ['node_3']
[ 2026-03-29 19:50:10 | node_34 | INFO ] 🧩 Model added for round 149 (4/10) from ['node_28']
[ 2026-03-29 19:50:10 | node_34 | INFO ] 🧩 Model added for round 149 (5/10) from ['node_1']
[ 2026-03-29 19:50:10 | node_34 | INFO ] 🧩 Model added for round 149 (6/10) from ['node_43']
[ 2026-03-29 19:50:11 | node_34 | INFO ] 🏋️‍♀️ Preparing training...
[ 2026-03-29 19:50:11 | node_12 | INFO ] 🗣️ Gossiping aggregated model.
[ 2026-03-29 19:50:11 | node_19 | INFO ] 📤 Sending model to 8 direct neighbors: ['node_2', 'node_7', 'node_16', 'node_21', 'node_22', 'node_41', 'node_46', 'node_49']
[ 2026-03-29 19:50:11 | node_47 | INFO ] 📤 Sending model to 11 direct neighbors: ['node_2', 'node_3', 'node_6', 'node_7', 'node_9', 'node_18', 'node_21', 'node_27', 'node_38', 'node_39', 'node_48']
[ 2026-03-29 19:50:12 | node_5 | INFO ] 🧩 Model added for round 149 (4/5) from ['node_23']
[ 2026-03-29 19:50:12 | node_31 | INFO ] 📈 Evaluated. Results: {'test_loss': 0.004104429390281439, 'test_accuracy': 0.991092324256897, 'test_precision': 0.2668943703174591, 'test_recall': 0.6817914843559265, 'test_f1': 0.37788125872612, 'communication_cost': 5102356}
[ 2026-03-29 19:50:12 | node_38 | INFO ] 🧩 Model added for round 149 (7/11) from ['node_40']
[ 2026-03-29 19:50:12 | node_25 | INFO ] 🧩 Model added for round 149 (5/8) from ['node_35']
[ 2026-03-29 19:50:12 | node_13 | INFO ] 🧩 Model added for round 149 (6/6) from ['node_26']
[ 2026-03-29 19:50:13 | node_31 | INFO ] 📢 Broadcasting metrics.
[ 2026-03-29 19:50:13 | node_30 | INFO ] 📤 Sending model to 9 direct neighbors: ['node', 'node_3', 'node_6', 'node_7', 'node_25', 'node_35', 'node_37', 'node_39', 'node_44']
[ 2026-03-29 19:50:13 | node_36 | INFO ] 🧩 Model added for round 149 (4/8) from ['node_39']
[ 2026-03-29 19:50:13 | node_39 | INFO ] 🧩 Model added for round 149 (5/10) from ['node_22']
[ 2026-03-29 19:50:13 | node_30 | INFO ] 🧩 Model added for round 149 (7/10) from ['node']
[ 2026-03-29 19:50:13 | node_2 | INFO ] 🧩 Model added for round 149 (5/9) from ['node_19']
[ 2026-03-29 19:50:13 | node_6 | INFO ] 🧩 Model added for round 149 (3/7) from ['node_48']
[ 2026-03-29 19:50:13 | node_7 | INFO ] 🧩 Model added for round 149 (8/14) from ['node_20']
[ 2026-03-29 19:50:13 | node_23 | INFO ] 🧩 Model added for round 149 (8/13) from ['node_8']
[ 2026-03-29 19:50:13 | node_5 | INFO ] 🧩 Model added for round 149 (5/5) from ['node_45']
[ 2026-03-29 19:50:13 | node_2 | INFO ] 🧩 Model added for round 149 (6/9) from ['node_10']
[ 2026-03-29 19:50:13 | node_2 | INFO ] 🧩 Model added for round 149 (7/9) from ['node_47']
[ 2026-03-29 19:50:14 | node_25 | INFO ] 🧩 Model added for round 149 (6/8) from ['node_42']
[ 2026-03-29 19:50:14 | node_9 | INFO ] 🧩 Model added for round 149 (9/12) from ['node_7']
[ 2026-03-29 19:50:14 | node_39 | INFO ] 🧩 Model added for round 149 (6/10) from ['node_32']
[ 2026-03-29 19:50:14 | node_8 | INFO ] 🧩 Model added for round 149 (10/12) from ['node_23']
[ 2026-03-29 19:50:14 | node_34 | INFO ] 🎓 Training step done.
[ 2026-03-29 19:50:14 | node_49 | INFO ] 🎉 Round 149 of 150 finished.
[ 2026-03-29 19:50:14 | node | INFO ] 🧩 Model added for round 149 (7/8) from ['node_30']
[ 2026-03-29 19:50:14 | node_29 | INFO ] 🧩 Model added for round 149 (3/8) from ['node_38']
[ 2026-03-29 19:50:14 | node_34 | INFO ] 🛠️ Calling force_add_local_model...
[ 2026-03-29 19:50:14 | node_17 | INFO ] 🧩 Model added for round 149 (5/6) from ['node_26']
[ 2026-03-29 19:50:14 | node_30 | INFO ] 🧩 Model added for round 149 (8/10) from ['node_35']
[ 2026-03-29 19:50:14 | node_49 | INFO ] 🗳️ [DETERMINISTIC] Train set assigned (No Voting). Size: 50
[ 2026-03-29 19:50:14 | node_34 | INFO ] ✅ [FORCE] Local model added for round 149. (7/10)
[ 2026-03-29 19:50:14 | node_6 | INFO ] 🧩 Model added for round 149 (4/7) from ['node_45']
[ 2026-03-29 19:50:14 | node_13 | INFO ] 🧠 Aggregation complete. Setting new model.
[ 2026-03-29 19:50:14 | node_49 | INFO ] ♻️ Proactively processing 2 early models for round 149.
[ 2026-03-29 19:50:14 | node_42 | INFO ] 🧩 Model added for round 149 (6/9) from ['node_39']
[ 2026-03-29 19:50:14 | node_49 | INFO ] 🧩 Model added for round 149 (1/9) from ['node_33']
[ 2026-03-29 19:50:15 | node_5 | INFO ] 🧠 Aggregation complete. Setting new model.
[ 2026-03-29 19:50:15 | node_33 | INFO ] 🧩 Model added for round 149 (6/9) from ['node_24']
[ 2026-03-29 19:50:15 | node_49 | INFO ] 🧩 Model added for round 149 (2/9) from ['node_27']
[ 2026-03-29 19:50:15 | node_42 | INFO ] 🧩 Model added for round 149 (7/9) from ['node_40']
[ 2026-03-29 19:50:15 | node_49 | INFO ] 🏋️‍♀️ Preparing training...
[ 2026-03-29 19:50:15 | node_8 | INFO ] 🧩 Model added for round 149 (11/12) from ['node_48']
[ 2026-03-29 19:50:15 | node_9 | INFO ] 📤 Sending model to 11 direct neighbors: ['node_2', 'node_4', 'node_7', 'node_22', 'node_23', 'node_24', 'node_25', 'node_36', 'node_37', 'node_40', 'node_47']
[ 2026-03-29 19:50:15 | node_29 | INFO ] 📤 Sending model to 7 direct neighbors: ['node_11', 'node_23', 'node_31', 'node_38', 'node_42', 'node_45', 'node_49']
[ 2026-03-29 19:50:15 | node_7 | INFO ] 🧩 Model added for round 149 (9/14) from ['node_19']
[ 2026-03-29 19:50:15 | node_14 | INFO ] 🧩 Model added for round 149 (6/7) from ['node_10']
[ 2026-03-29 19:50:15 | node_2 | INFO ] 🧩 Model added for round 149 (8/9) from ['node_9']
[ 2026-03-29 19:50:15 | node_29 | INFO ] 🧩 Model added for round 149 (4/8) from ['node_42']
[ 2026-03-29 19:50:15 | node_11 | INFO ] 🧩 Model added for round 149 (7/7) from ['node_29']
[ 2026-03-29 19:50:15 | node_13 | INFO ] 🗣️ Gossiping aggregated model.
[ 2026-03-29 19:50:16 | node_5 | INFO ] 🗣️ Gossiping aggregated model.
[ 2026-03-29 19:50:16 | node_23 | INFO ] 🧩 Model added for round 149 (9/13) from ['node_26']
[ 2026-03-29 19:50:16 | node_3 | INFO ] 🧩 Model added for round 149 (2/6) from ['node_47']
[ 2026-03-29 19:50:16 | node_45 | INFO ] 🧩 Model added for round 149 (9/12) from ['node']
[ 2026-03-29 19:50:16 | node_7 | INFO ] 🧩 Model added for round 149 (10/14) from ['node_45']
[ 2026-03-29 19:50:16 | node_3 | INFO ] 🧩 Model added for round 149 (3/6) from ['node_30']
[ 2026-03-29 19:50:16 | node_10 | INFO ] 🧩 Model added for round 149 (6/8) from ['node_20']
[ 2026-03-29 19:50:16 | node_11 | INFO ] 🧠 Aggregation complete. Setting new model.
[ 2026-03-29 19:50:16 | node_27 | INFO ] 🧩 Model added for round 149 (2/5) from ['node_8']
[ 2026-03-29 19:50:17 | node_35 | INFO ] 🧩 Model added for round 149 (4/11) from ['node_24']
[ 2026-03-29 19:50:17 | node_47 | INFO ] 🧩 Model added for round 149 (7/12) from ['node_39']
[ 2026-03-29 19:50:17 | node_40 | INFO ] 🧩 Model added for round 149 (7/11) from ['node_38']
[ 2026-03-29 19:50:17 | node_14 | INFO ] 🧩 Model added for round 149 (7/7) from ['node_7']
[ 2026-03-29 19:50:17 | node_41 | INFO ] 🧩 Model added for round 149 (4/9) from ['node_32']
[ 2026-03-29 19:50:17 | node_49 | INFO ] 🎓 Training step done.
[ 2026-03-29 19:50:17 | node_39 | INFO ] 🧩 Model added for round 149 (7/10) from ['node_42']
[ 2026-03-29 19:50:17 | node_6 | INFO ] 🧩 Model added for round 149 (5/7) from ['node_47']
[ 2026-03-29 19:50:17 | node_23 | INFO ] 🧩 Model added for round 149 (10/13) from ['node_29']
[ 2026-03-29 19:50:17 | node_9 | INFO ] 🧩 Model added for round 149 (10/12) from ['node_23']
[ 2026-03-29 19:50:17 | node_20 | INFO ] 🧩 Model added for round 149 (6/10) from ['node_10']
[ 2026-03-29 19:50:17 | node_44 | INFO ] 🧩 Model added for round 149 (5/9) from ['node_40']
[ 2026-03-29 19:50:17 | node_49 | INFO ] 🛠️ Calling force_add_local_model...
[ 2026-03-29 19:50:17 | node_4 | INFO ] 🧩 Model added for round 149 (10/10) from ['node_9']
[ 2026-03-29 19:50:17 | node_35 | INFO ] 🧩 Model added for round 149 (5/11) from ['node_8']
[ 2026-03-29 19:50:17 | node_6 | INFO ] 🧩 Model added for round 149 (6/7) from ['node_30']
[ 2026-03-29 19:50:17 | node_11 | INFO ] 🗣️ Gossiping aggregated model.
[ 2026-03-29 19:50:17 | node_16 | INFO ] 🧩 Model added for round 149 (6/8) from ['node_19']
[ 2026-03-29 19:50:17 | node_49 | INFO ] ✅ [FORCE] Local model added for round 149. (3/9)
[ 2026-03-29 19:50:18 | node_39 | INFO ] 🧩 Model added for round 149 (8/10) from ['node_35']
[ 2026-03-29 19:50:18 | node_20 | INFO ] 🧩 Model added for round 149 (7/10) from ['node_48']
[ 2026-03-29 19:50:18 | node_31 | INFO ] 🎉 Round 149 of 150 finished.
[ 2026-03-29 19:50:18 | node_31 | INFO ] 🗳️ [DETERMINISTIC] Train set assigned (No Voting). Size: 50
[ 2026-03-29 19:50:18 | node_18 | INFO ] 🧩 Model added for round 149 (6/9) from ['node_20']
[ 2026-03-29 19:50:18 | node_14 | INFO ] 🧠 Aggregation complete. Setting new model.
[ 2026-03-29 19:50:18 | node_4 | INFO ] 🧠 Aggregation complete. Setting new model.
[ 2026-03-29 19:50:18 | node_31 | INFO ] ♻️ Proactively processing 5 early models for round 149.
[ 2026-03-29 19:50:18 | node_31 | INFO ] 🧩 Model added for round 149 (1/8) from ['node_17']
[ 2026-03-29 19:50:18 | node_31 | INFO ] 🧩 Model added for round 149 (2/8) from ['node_41']
[ 2026-03-29 19:50:18 | node_31 | INFO ] 🧩 Model added for round 149 (3/8) from ['node_3']
[ 2026-03-29 19:50:18 | node_31 | INFO ] 🧩 Model added for round 149 (4/8) from ['node_24']
[ 2026-03-29 19:50:18 | node_31 | INFO ] 🧩 Model added for round 149 (5/8) from ['node']
[ 2026-03-29 19:50:18 | node_31 | INFO ] 🏋️‍♀️ Preparing training...
[ 2026-03-29 19:50:19 | node_14 | INFO ] 🗣️ Gossiping aggregated model.
[ 2026-03-29 19:50:19 | node_16 | INFO ] 🧩 Model added for round 149 (7/8) from ['node_45']
[ 2026-03-29 19:50:19 | node_4 | INFO ] 🗣️ Gossiping aggregated model.
[ 2026-03-29 19:50:19 | node_34 | INFO ] 📤 Sending model to 9 direct neighbors: ['node_1', 'node_3', 'node_10', 'node_20', 'node_26', 'node_28', 'node_33', 'node_43', 'node_44']
[ 2026-03-29 19:50:19 | node_34 | INFO ] 🧩 Model added for round 149 (8/10) from ['node_26']
[ 2026-03-29 19:50:20 | node_7 | INFO ] 🧩 Model added for round 149 (11/14) from ['node_47']
[ 2026-03-29 19:50:20 | node_46 | INFO ] 🧩 Model added for round 149 (6/7) from ['node_32']
[ 2026-03-29 19:50:20 | node_7 | INFO ] 🧩 Model added for round 149 (12/14) from ['node_30']
[ 2026-03-29 19:50:20 | node_36 | INFO ] 🧩 Model added for round 149 (5/8) from ['node_24']
[ 2026-03-29 19:50:20 | node_16 | INFO ] 🧩 Model added for round 149 (8/8) from ['node_7']
[ 2026-03-29 19:50:20 | node_40 | INFO ] 🧩 Model added for round 149 (8/11) from ['node_42']
[ 2026-03-29 19:50:20 | node_48 | INFO ] 🧩 Model added for round 149 (7/11) from ['node_40']
[ 2026-03-29 19:50:20 | node_7 | INFO ] 🧩 Model added for round 149 (13/14) from ['node_9']
[ 2026-03-29 19:50:20 | node_31 | INFO ] 🧩 Model added for round 149 (6/8) from ['node_10']
[ 2026-03-29 19:50:20 | node_47 | INFO ] 🧩 Model added for round 149 (8/12) from ['node_38']
[ 2026-03-29 19:50:20 | node_41 | INFO ] 🧩 Model added for round 149 (5/9) from ['node_8']
[ 2026-03-29 19:50:20 | node_18 | INFO ] 🧩 Model added for round 149 (7/9) from ['node_23']
[ 2026-03-29 19:50:20 | node_23 | INFO ] 🧩 Model added for round 149 (11/13) from ['node_48']
[ 2026-03-29 19:50:20 | node_34 | INFO ] 🧩 Model added for round 149 (9/10) from ['node_20']
[ 2026-03-29 19:50:20 | node_49 | INFO ] 🧩 Model added for round 149 (4/9) from ['node_35']
[ 2026-03-29 19:50:20 | node_31 | INFO ] 🧩 Model added for round 149 (7/8) from ['node_29']
[ 2026-03-29 19:50:20 | node_18 | INFO ] 🧩 Model added for round 149 (8/9) from ['node_45']
[ 2026-03-29 19:50:20 | node_1 | INFO ] 🧩 Model added for round 149 (9/9) from ['node_34']
[ 2026-03-29 19:50:20 | node_22 | INFO ] 🧩 Model added for round 149 (6/9) from ['node_19']
[ 2026-03-29 19:50:21 | node_16 | INFO ] 🧠 Aggregation complete. Setting new model.
[ 2026-03-29 19:50:21 | node_1 | INFO ] 🧠 Aggregation complete. Setting new model.
[ 2026-03-29 19:50:21 | node_31 | INFO ] 🎓 Training step done.
[ 2026-03-29 19:50:21 | node_31 | INFO ] 🛠️ Calling force_add_local_model...
[ 2026-03-29 19:50:21 | node_31 | INFO ] ✅ [FORCE] Local model added for round 149. (8/8)
[ 2026-03-29 19:50:21 | node_41 | INFO ] 🧩 Model added for round 149 (6/9) from ['node_26']
[ 2026-03-29 19:50:21 | node_49 | INFO ] 🧩 Model added for round 149 (5/9) from ['node_32']
[ 2026-03-29 19:50:21 | node_19 | INFO ] 🧩 Model added for round 149 (7/9) from ['node_7']
[ 2026-03-29 19:50:22 | node_16 | INFO ] 🗣️ Gossiping aggregated model.
[ 2026-03-29 19:50:22 | node_38 | INFO ] 🧩 Model added for round 149 (8/11) from ['node_29']
[ 2026-03-29 19:50:22 | node_34 | INFO ] 🧩 Model added for round 149 (10/10) from ['node_10']
[ 2026-03-29 19:50:22 | node_1 | INFO ] 🗣️ Gossiping aggregated model.
[ 2026-03-29 19:50:22 | node_43 | INFO ] 🧩 Model added for round 149 (4/8) from ['node_8']
[ 2026-03-29 19:50:22 | node_23 | INFO ] 🧩 Model added for round 149 (12/13) from ['node_45']
[ 2026-03-29 19:50:22 | node_26 | INFO ] 🧩 Model added for round 149 (9/10) from ['node_23']
[ 2026-03-29 19:50:22 | node_3 | INFO ] 🧩 Model added for round 149 (4/6) from ['node_34']
[ 2026-03-29 19:50:22 | node_41 | INFO ] 🧩 Model added for round 149 (7/9) from ['node_42']
[ 2026-03-29 19:50:22 | node_35 | INFO ] 🧩 Model added for round 149 (6/11) from ['node_20']
[ 2026-03-29 19:50:22 | node_36 | INFO ] 🧩 Model added for round 149 (6/8) from ['node_48']
[ 2026-03-29 19:50:22 | node_41 | INFO ] 🧩 Model added for round 149 (8/9) from ['node_19']
[ 2026-03-29 19:50:22 | node_9 | INFO ] 🧩 Model added for round 149 (11/12) from ['node_47']
[ 2026-03-29 19:50:22 | node_25 | INFO ] 🧩 Model added for round 149 (7/8) from ['node_30']
[ 2026-03-29 19:50:22 | node_49 | INFO ] 📤 Sending model to 8 direct neighbors: ['node_8', 'node_19', 'node_21', 'node_27', 'node_29', 'node_32', 'node_33', 'node_35']
[ 2026-03-29 19:50:23 | node_22 | INFO ] 🧩 Model added for round 149 (7/9) from ['node_9']
[ 2026-03-29 19:50:23 | node_8 | INFO ] 🧩 Model added for round 149 (12/12) from ['node_49']
[ 2026-03-29 19:50:23 | node_44 | INFO ] 🧩 Model added for round 149 (6/9) from ['node_26']
[ 2026-03-29 19:50:23 | node_20 | INFO ] 🧩 Model added for round 149 (8/10) from ['node_7']
[ 2026-03-29 19:50:23 | node_10 | INFO ] 🧩 Model added for round 149 (7/8) from ['node_34']
[ 2026-03-29 19:50:24 | node_21 | INFO ] ⏹️  Gossiping exited for 10 equal rounds.
[ 2026-03-29 19:50:24 | node_44 | INFO ] 🧩 Model added for round 149 (7/9) from ['node_8']
[ 2026-03-29 19:50:24 | node_40 | INFO ] 🧩 Model added for round 149 (9/11) from ['node_48']
[ 2026-03-29 19:50:24 | node_21 | INFO ] 🔬 Evaluating...
[ 2026-03-29 19:50:24 | node_42 | INFO ] 🧩 Model added for round 149 (8/9) from ['node_29']
[ 2026-03-29 19:50:24 | node_35 | INFO ] 🧩 Model added for round 149 (7/11) from ['node_10']
[ 2026-03-29 19:50:24 | node_46 | INFO ] 🧩 Model added for round 149 (7/7) from ['node_19']
[ 2026-03-29 19:50:24 | node_35 | INFO ] 🧩 Model added for round 149 (8/11) from ['node_30']
[ 2026-03-29 19:50:24 | node_29 | INFO ] 🧩 Model added for round 149 (5/8) from ['node_23']
[ 2026-03-29 19:50:24 | node_36 | INFO ] 🧩 Model added for round 149 (7/8) from ['node_20']
[ 2026-03-29 19:50:24 | node_27 | INFO ] 🧩 Model added for round 149 (3/5) from ['node_45']
[ 2026-03-29 19:50:24 | node_23 | INFO ] 🧩 Model added for round 149 (13/13) from ['node_9']
[ 2026-03-29 19:50:24 | node_18 | INFO ] 🧩 Model added for round 149 (9/9) from ['node_47']
[ 2026-03-29 19:50:25 | node_46 | INFO ] 🧠 Aggregation complete. Setting new model.
[ 2026-03-29 19:50:25 | node_18 | INFO ] 🧠 Aggregation complete. Setting new model.
[ 2026-03-29 19:50:25 | node_22 | INFO ] 🧩 Model added for round 149 (8/9) from ['node_7']
[ 2026-03-29 19:50:25 | node_21 | INFO ] 📈 Evaluated. Results: {'test_loss': 0.0025062549393624067, 'test_accuracy': 0.9938815832138062, 'test_precision': 0.3222869634628296, 'test_recall': 0.7191388607025146, 'test_f1': 0.4342288076877594, 'communication_cost': 7289080}
[ 2026-03-29 19:50:25 | node_21 | INFO ] 📢 Broadcasting metrics.
[ 2026-03-29 19:50:25 | node_46 | INFO ] 🗣️ Gossiping aggregated model.
[ 2026-03-29 19:50:26 | node_19 | INFO ] 🧩 Model added for round 149 (8/9) from ['node_49']
[ 2026-03-29 19:50:26 | node_20 | INFO ] 🧩 Model added for round 149 (9/10) from ['node_34']
[ 2026-03-29 19:50:26 | node_18 | INFO ] 🗣️ Gossiping aggregated model.
[ 2026-03-29 19:50:26 | node_45 | INFO ] 🧩 Model added for round 149 (10/12) from ['node_29']
[ 2026-03-29 19:50:26 | node_29 | INFO ] 🧩 Model added for round 149 (6/8) from ['node_45']
[ 2026-03-29 19:50:26 | node_31 | INFO ] 📤 Sending model to 7 direct neighbors: ['node', 'node_3', 'node_10', 'node_17', 'node_24', 'node_29', 'node_41']
[ 2026-03-29 19:50:26 | node_48 | INFO ] 🧩 Model added for round 149 (8/11) from ['node_8']
[ 2026-03-29 19:50:26 | node_49 | INFO ] 🧩 Model added for round 149 (6/9) from ['node_19']
[ 2026-03-29 19:50:26 | node_33 | INFO ] 🧩 Model added for round 149 (7/9) from ['node_23']
[ 2026-03-29 19:50:26 | node_43 | INFO ] 🧩 Model added for round 149 (5/8) from ['node_48']
[ 2026-03-29 19:50:27 | node_24 | INFO ] 🧩 Model added for round 149 (5/8) from ['node_9']
[ 2026-03-29 19:50:27 | node_30 | INFO ] 🧩 Model added for round 149 (9/10) from ['node_7']
[ 2026-03-29 19:50:27 | node_40 | INFO ] 🧩 Model added for round 149 (10/11) from ['node_20']
[ 2026-03-29 19:50:28 | node | INFO ] 🧩 Model added for round 149 (8/8) from ['node_31']
[ 2026-03-29 19:50:28 | node_27 | INFO ] 🧩 Model added for round 149 (4/5) from ['node_47']
[ 2026-03-29 19:50:28 | node_39 | INFO ] 🧩 Model added for round 149 (9/10) from ['node_30']
[ 2026-03-29 19:50:28 | node_26 | INFO ] 🧩 Model added for round 149 (10/10) from ['node_34']
[ 2026-03-29 19:50:28 | node_43 | INFO ] 🧩 Model added for round 149 (6/8) from ['node_45']
[ 2026-03-29 19:50:29 | node_49 | INFO ] 🧩 Model added for round 149 (7/9) from ['node_8']
[ 2026-03-29 19:50:29 | node_49 | INFO ] 🧩 Model added for round 149 (8/9) from ['node_29']
[ 2026-03-29 19:50:29 | node_25 | INFO ] 🧩 Model added for round 149 (8/8) from ['node_9']
[ 2026-03-29 19:50:29 | node_35 | INFO ] 🧩 Model added for round 149 (9/11) from ['node_23']
[ 2026-03-29 19:50:29 | node_47 | INFO ] 🧩 Model added for round 149 (9/12) from ['node_48']
[ 2026-03-29 19:50:29 | node_27 | INFO ] 🧩 Model added for round 149 (5/5) from ['node_49']
[ 2026-03-29 19:50:29 | node_21 | INFO ] 🎉 Round 149 of 150 finished.
[ 2026-03-29 19:50:29 | node_21 | INFO ] 🗳️ [DETERMINISTIC] Train set assigned (No Voting). Size: 50
[ 2026-03-29 19:50:29 | node_32 | INFO ] 🧩 Model added for round 149 (8/9) from ['node_7']
[ 2026-03-29 19:50:29 | node_21 | INFO ] ♻️ Proactively processing 9 early models for round 149.
[ 2026-03-29 19:50:29 | node_21 | INFO ] 🧩 Model added for round 149 (1/11) from ['node_2']
[ 2026-03-29 19:50:29 | node_21 | INFO ] 🧩 Model added for round 149 (2/11) from ['node_3']
[ 2026-03-29 19:50:30 | node_21 | INFO ] 🧩 Model added for round 149 (3/11) from ['node_6']
[ 2026-03-29 19:50:30 | node_48 | INFO ] 🧩 Model added for round 149 (9/11) from ['node_20']
[ 2026-03-29 19:50:30 | node_21 | INFO ] 🧩 Model added for round 149 (4/11) from ['node_22']
[ 2026-03-29 19:50:30 | node_21 | INFO ] 🧩 Model added for round 149 (5/11) from ['node_24']
[ 2026-03-29 19:50:30 | node_21 | INFO ] 🧩 Model added for round 149 (6/11) from ['node_38']
[ 2026-03-29 19:50:30 | node_38 | INFO ] 🧩 Model added for round 149 (9/11) from ['node_47']
[ 2026-03-29 19:50:30 | node_21 | INFO ] 🧩 Model added for round 149 (7/11) from ['node_19']
[ 2026-03-29 19:50:30 | node_21 | INFO ] 🧩 Model added for round 149 (8/11) from ['node_47']
[ 2026-03-29 19:50:30 | node_21 | INFO ] 🧩 Model added for round 149 (9/11) from ['node_49']
[ 2026-03-29 19:50:30 | node_21 | INFO ] 🏋️‍♀️ Preparing training...
[ 2026-03-29 19:50:30 | node_3 | INFO ] 🧩 Model added for round 149 (5/6) from ['node_31']
[ 2026-03-29 19:50:30 | node_37 | INFO ] ⏹️  Gossiping exited for 10 equal rounds.
[ 2026-03-29 19:50:30 | node_44 | INFO ] 🧩 Model added for round 149 (8/9) from ['node_30']
[ 2026-03-29 19:50:30 | node_37 | INFO ] 🔬 Evaluating...
[ 2026-03-29 19:50:30 | node_28 | INFO ] 🧩 Model added for round 149 (6/7) from ['node_34']
[ 2026-03-29 19:50:30 | node_29 | INFO ] 🧩 Model added for round 149 (7/8) from ['node_49']
[ 2026-03-29 19:50:31 | node_36 | INFO ] 🧩 Model added for round 149 (8/8) from ['node_9']
[ 2026-03-29 19:50:31 | node_42 | INFO ] 🧩 Model added for round 149 (9/9) from ['node_23']
[ 2026-03-29 19:50:31 | node_39 | INFO ] 🧩 Model added for round 149 (10/10) from ['node_47']
[ 2026-03-29 19:50:31 | node_10 | INFO ] 🧩 Model added for round 149 (8/8) from ['node_31']
[ 2026-03-29 19:50:31 | node_25 | INFO ] 🧠 Aggregation complete. Setting new model.
[ 2026-03-29 19:50:31 | node | INFO ] 🧠 Aggregation complete. Setting new model.
[ 2026-03-29 19:50:32 | node_36 | INFO ] 🧠 Aggregation complete. Setting new model.
[ 2026-03-29 19:50:32 | node_27 | INFO ] 🧠 Aggregation complete. Setting new model.
[ 2026-03-29 19:50:32 | node_26 | INFO ] 🧠 Aggregation complete. Setting new model.
[ 2026-03-29 19:50:32 | node_27 | INFO ] 🗣️ Gossiping aggregated model.
[ 2026-03-29 19:50:32 | node | INFO ] 🗣️ Gossiping aggregated model.
[ 2026-03-29 19:50:32 | node_45 | INFO ] 🧩 Model added for round 149 (11/12) from ['node_7']
[ 2026-03-29 19:50:32 | node_36 | INFO ] 🗣️ Gossiping aggregated model.
[ 2026-03-29 19:50:32 | node_33 | INFO ] 🧩 Model added for round 149 (8/9) from ['node_34']
[ 2026-03-29 19:50:32 | node_37 | INFO ] 📈 Evaluated. Results: {'test_loss': 0.003399230306968093, 'test_accuracy': 0.991092324256897, 'test_precision': 0.2903135418891907, 'test_recall': 0.7390314936637878, 'test_f1': 0.41057920455932617, 'communication_cost': 7289080}
[ 2026-03-29 19:50:32 | node_25 | INFO ] 🗣️ Gossiping aggregated model.
[ 2026-03-29 19:50:33 | node_32 | INFO ] 🧩 Model added for round 149 (9/9) from ['node_49']
[ 2026-03-29 19:50:33 | node_26 | INFO ] 🗣️ Gossiping aggregated model.
[ 2026-03-29 19:50:33 | node_37 | INFO ] 📢 Broadcasting metrics.
[ 2026-03-29 19:50:33 | node_43 | INFO ] 🧩 Model added for round 149 (7/8) from ['node_23']
[ 2026-03-29 19:50:33 | node_48 | INFO ] 🧩 Model added for round 149 (10/11) from ['node_47']
[ 2026-03-29 19:50:33 | node_21 | INFO ] 🎓 Training step done.
[ 2026-03-29 19:50:33 | node_17 | INFO ] 🧩 Model added for round 149 (6/6) from ['node_31']
[ 2026-03-29 19:50:33 | node_42 | INFO ] 🧠 Aggregation complete. Setting new model.
[ 2026-03-29 19:50:33 | node_40 | INFO ] 🧩 Model added for round 149 (11/11) from ['node_9']
[ 2026-03-29 19:50:33 | node_21 | INFO ] 🛠️ Calling force_add_local_model...
[ 2026-03-29 19:50:34 | node_43 | INFO ] 🧩 Model added for round 149 (8/8) from ['node_34']
[ 2026-03-29 19:50:34 | node_21 | INFO ] ✅ [FORCE] Local model added for round 149. (10/11)
[ 2026-03-29 19:50:34 | node_10 | INFO ] 🧠 Aggregation complete. Setting new model.
[ 2026-03-29 19:50:34 | node_8 | INFO ] 🧠 Aggregation complete. Setting new model.
[ 2026-03-29 19:50:34 | node_39 | INFO ] 🧠 Aggregation complete. Setting new model.
[ 2026-03-29 19:50:34 | node_47 | INFO ] 🧩 Model added for round 149 (10/12) from ['node_7']
[ 2026-03-29 19:50:34 | node_32 | INFO ] 🧠 Aggregation complete. Setting new model.
[ 2026-03-29 19:50:34 | node_33 | INFO ] 🧩 Model added for round 149 (9/9) from ['node_49']
[ 2026-03-29 19:50:34 | node_17 | INFO ] 🧠 Aggregation complete. Setting new model.
[ 2026-03-29 19:50:34 | node_43 | INFO ] 🧠 Aggregation complete. Setting new model.
[ 2026-03-29 19:50:34 | node_40 | INFO ] 🧠 Aggregation complete. Setting new model.
[ 2026-03-29 19:50:35 | node_42 | INFO ] 🗣️ Gossiping aggregated model.
[ 2026-03-29 19:50:35 | node_45 | INFO ] 🧩 Model added for round 149 (12/12) from ['node_23']
[ 2026-03-29 19:50:35 | node_24 | INFO ] 🧩 Model added for round 149 (6/8) from ['node_31']
[ 2026-03-29 19:50:35 | node_10 | INFO ] 🗣️ Gossiping aggregated model.
[ 2026-03-29 19:50:35 | node_33 | INFO ] 🧠 Aggregation complete. Setting new model.
[ 2026-03-29 19:50:35 | node_17 | INFO ] 🗣️ Gossiping aggregated model.
[ 2026-03-29 19:50:35 | node_45 | INFO ] 🧠 Aggregation complete. Setting new model.
[ 2026-03-29 19:50:35 | node_44 | INFO ] 🧩 Model added for round 149 (9/9) from ['node_34']
[ 2026-03-29 19:50:35 | node_8 | INFO ] 🗣️ Gossiping aggregated model.
[ 2026-03-29 19:50:35 | node_43 | INFO ] 🗣️ Gossiping aggregated model.
[ 2026-03-29 19:50:35 | node_39 | INFO ] 🗣️ Gossiping aggregated model.
[ 2026-03-29 19:50:35 | node_32 | INFO ] 🗣️ Gossiping aggregated model.
[ 2026-03-29 19:50:36 | node_40 | INFO ] 🗣️ Gossiping aggregated model.
[ 2026-03-29 19:50:36 | node_33 | INFO ] 🗣️ Gossiping aggregated model.
[ 2026-03-29 19:50:36 | node_13 | INFO ] 🤫 Gossip finished.
[ 2026-03-29 19:50:36 | node_13 | INFO ] 🔬 Evaluating...
[ 2026-03-29 19:50:36 | node_45 | INFO ] 🗣️ Gossiping aggregated model.
[ 2026-03-29 19:50:37 | node_47 | INFO ] 🧩 Model added for round 149 (11/12) from ['node_9']
[ 2026-03-29 19:50:37 | node_29 | INFO ] 🧩 Model added for round 149 (8/8) from ['node_31']
[ 2026-03-29 19:50:37 | node_35 | INFO ] 🧩 Model added for round 149 (10/11) from ['node_49']
[ 2026-03-29 19:50:37 | node_37 | INFO ] 🎉 Round 149 of 150 finished.
[ 2026-03-29 19:50:37 | node_37 | INFO ] 🗳️ [DETERMINISTIC] Train set assigned (No Voting). Size: 50
[ 2026-03-29 19:50:37 | node_37 | INFO ] ♻️ Proactively processing 9 early models for round 149.
[ 2026-03-29 19:50:37 | node_37 | INFO ] 🧩 Model added for round 149 (1/11) from ['node_15']
[ 2026-03-29 19:50:37 | node_37 | INFO ] 🧩 Model added for round 149 (2/11) from ['node_28']
[ 2026-03-29 19:50:37 | node_37 | INFO ] 🧩 Model added for round 149 (3/11) from ['node_38']
[ 2026-03-29 19:50:37 | node_48 | INFO ] 🧩 Model added for round 149 (11/11) from ['node_23']
[ 2026-03-29 19:50:37 | node_37 | INFO ] 🧩 Model added for round 149 (4/11) from ['node_35']
[ 2026-03-29 19:50:37 | node_37 | INFO ] 🧩 Model added for round 149 (5/11) from ['node_24']
[ 2026-03-29 19:50:37 | node_37 | INFO ] 🧩 Model added for round 149 (6/11) from ['node_20']
[ 2026-03-29 19:50:37 | node_37 | INFO ] 🧩 Model added for round 149 (7/11) from ['node_30']
[ 2026-03-29 19:50:37 | node_37 | INFO ] 🧩 Model added for round 149 (8/11) from ['node_7']
[ 2026-03-29 19:50:37 | node_37 | INFO ] 🧩 Model added for round 149 (9/11) from ['node_9']
[ 2026-03-29 19:50:37 | node_37 | INFO ] 🏋️‍♀️ Preparing training...
[ 2026-03-29 19:50:37 | node_13 | INFO ] 📈 Evaluated. Results: {'test_loss': 0.004868232645094395, 'test_accuracy': 0.9904633164405823, 'test_precision': 0.24285005033016205, 'test_recall': 0.594760000705719, 'test_f1': 0.33640891313552856, 'communication_cost': 3644540}
[ 2026-03-29 19:50:38 | node_13 | INFO ] 📢 Broadcasting metrics.
[ 2026-03-29 19:50:38 | node_41 | INFO ] 🧩 Model added for round 149 (9/9) from ['node_31']
[ 2026-03-29 19:50:39 | node_29 | INFO ] 🧠 Aggregation complete. Setting new model.
[ 2026-03-29 19:50:39 | node_44 | INFO ] 🧠 Aggregation complete. Setting new model.
[ 2026-03-29 19:50:39 | node_34 | INFO ] 🧠 Aggregation complete. Setting new model.
[ 2026-03-29 19:50:39 | node_48 | INFO ] 🧠 Aggregation complete. Setting new model.
[ 2026-03-29 19:50:39 | node_41 | INFO ] 🧠 Aggregation complete. Setting new model.
[ 2026-03-29 19:50:39 | node_23 | INFO ] 🧠 Aggregation complete. Setting new model.
[ 2026-03-29 19:50:39 | node_21 | INFO ] 📤 Sending model to 10 direct neighbors: ['node_2', 'node_3', 'node_6', 'node_19', 'node_22', 'node_24', 'node_37', 'node_38', 'node_47', 'node_49']
[ 2026-03-29 19:50:39 | node_2 | INFO ] 🧩 Model added for round 149 (9/9) from ['node_21']
[ 2026-03-29 19:50:40 | node_29 | INFO ] 🗣️ Gossiping aggregated model.
[ 2026-03-29 19:50:40 | node_41 | INFO ] 🗣️ Gossiping aggregated model.
[ 2026-03-29 19:50:40 | node_44 | INFO ] 🗣️ Gossiping aggregated model.
[ 2026-03-29 19:50:40 | node_34 | INFO ] 🗣️ Gossiping aggregated model.
[ 2026-03-29 19:50:40 | node_48 | INFO ] 🗣️ Gossiping aggregated model.
[ 2026-03-29 19:50:40 | node_31 | INFO ] 🧠 Aggregation complete. Setting new model.
[ 2026-03-29 19:50:40 | node_2 | INFO ] 🧠 Aggregation complete. Setting new model.
[ 2026-03-29 19:50:40 | node_37 | INFO ] 🎓 Training step done.
[ 2026-03-29 19:50:40 | node_43 | INFO ] 🤫 Gossip finished.
[ 2026-03-29 19:50:40 | node_37 | INFO ] 🛠️ Calling force_add_local_model...
[ 2026-03-29 19:50:40 | node_43 | INFO ] 🔬 Evaluating...
[ 2026-03-29 19:50:40 | node_37 | INFO ] ✅ [FORCE] Local model added for round 149. (10/11)
[ 2026-03-29 19:50:41 | node_23 | INFO ] 🗣️ Gossiping aggregated model.
[ 2026-03-29 19:50:41 | node_13 | INFO ] 🎉 Round 150 of 150 finished.
[ 2026-03-29 19:50:41 | node_13 | INFO ] 😋 Training finished!!
[ 2026-03-29 19:50:41 | node_3 | INFO ] 🧩 Model added for round 149 (6/6) from ['node_21']
[ 2026-03-29 19:50:41 | node_31 | INFO ] 🗣️ Gossiping aggregated model.
[ 2026-03-29 19:50:41 | node_2 | INFO ] 🗣️ Gossiping aggregated model.
[ 2026-03-29 19:50:41 | node_43 | INFO ] 📈 Evaluated. Results: {'test_loss': 0.0038699256256222725, 'test_accuracy': 0.9928918480873108, 'test_precision': 0.32661670446395874, 'test_recall': 0.6990222930908203, 'test_f1': 0.441262423992157, 'communication_cost': 5102356}
[ 2026-03-29 19:50:41 | node_3 | INFO ] 🧠 Aggregation complete. Setting new model.
[ 2026-03-29 19:50:42 | node_43 | INFO ] 📢 Broadcasting metrics.
[ 2026-03-29 19:50:42 | node_12 | INFO ] ⏹️  Gossiping exited for 10 equal rounds.
[ 2026-03-29 19:50:42 | node_12 | INFO ] 🔬 Evaluating...
[ 2026-03-29 19:50:42 | node_3 | INFO ] 🗣️ Gossiping aggregated model.
[ 2026-03-29 19:50:42 | node_6 | INFO ] 🧩 Model added for round 149 (7/7) from ['node_21']
[ 2026-03-29 19:50:42 | node_5 | INFO ] ⏹️  Gossiping exited for 10 equal rounds.
[ 2026-03-29 19:50:42 | node_5 | INFO ] 🔬 Evaluating...
[ 2026-03-29 19:50:43 | node_6 | INFO ] 🧠 Aggregation complete. Setting new model.
[ 2026-03-29 19:50:43 | node_12 | INFO ] 📈 Evaluated. Results: {'test_loss': 0.002972844522446394, 'test_accuracy': 0.9927125573158264, 'test_precision': 0.22324179112911224, 'test_recall': 0.6416771411895752, 'test_f1': 0.3220145106315613, 'communication_cost': 3644540}
[ 2026-03-29 19:50:43 | node_6 | INFO ] 🗣️ Gossiping aggregated model.
[ 2026-03-29 19:50:43 | node_5 | INFO ] 📈 Evaluated. Results: {'test_loss': 0.0025673515629023314, 'test_accuracy': 0.9936122298240662, 'test_precision': 0.35964006185531616, 'test_recall': 0.7815625071525574, 'test_f1': 0.48109379410743713, 'communication_cost': 2915632}
[ 2026-03-29 19:50:44 | node_12 | INFO ] 📢 Broadcasting metrics.
[ 2026-03-29 19:50:44 | node_4 | INFO ] ⏹️  Gossiping exited for 10 equal rounds.
[ 2026-03-29 19:50:44 | node_4 | INFO ] 🔬 Evaluating...
[ 2026-03-29 19:50:44 | node_19 | INFO ] 🧩 Model added for round 149 (9/9) from ['node_21']
[ 2026-03-29 19:50:44 | node_43 | INFO ] 🎉 Round 150 of 150 finished.
[ 2026-03-29 19:50:44 | node_43 | INFO ] 😋 Training finished!!
[ 2026-03-29 19:50:44 | node_5 | INFO ] 📢 Broadcasting metrics.
[ 2026-03-29 19:50:44 | node_14 | INFO ] ⏹️  Gossiping exited for 10 equal rounds.
[ 2026-03-29 19:50:45 | node_14 | INFO ] 🔬 Evaluating...
[ 2026-03-29 19:50:45 | node_4 | INFO ] 📈 Evaluated. Results: {'test_loss': 0.0038393433205783367, 'test_accuracy': 0.9924426674842834, 'test_precision': 0.22385314106941223, 'test_recall': 0.5455113649368286, 'test_f1': 0.3075603246688843, 'communication_cost': 6560172}
[ 2026-03-29 19:50:45 | node_5 | INFO ] 🎉 Round 150 of 150 finished.
[ 2026-03-29 19:50:45 | node_5 | INFO ] 😋 Training finished!!
[ 2026-03-29 19:50:45 | node_4 | INFO ] 📢 Broadcasting metrics.
[ 2026-03-29 19:50:45 | node_12 | INFO ] 🎉 Round 150 of 150 finished.
[ 2026-03-29 19:50:45 | node_12 | INFO ] 😋 Training finished!!
[ 2026-03-29 19:50:45 | node_1 | INFO ] ⏹️  Gossiping exited for 10 equal rounds.
[ 2026-03-29 19:50:45 | node_37 | INFO ] 📤 Sending model to 10 direct neighbors: ['node_7', 'node_9', 'node_15', 'node_20', 'node_21', 'node_24', 'node_28', 'node_30', 'node_35', 'node_38']
[ 2026-03-29 19:50:46 | node_1 | INFO ] 🔬 Evaluating...
[ 2026-03-29 19:50:46 | node_22 | INFO ] 🧩 Model added for round 149 (9/9) from ['node_21']
[ 2026-03-29 19:50:46 | node_11 | INFO ] ⏹️  Gossiping exited for 10 equal rounds.
[ 2026-03-29 19:50:46 | node_11 | INFO ] 🔬 Evaluating...
[ 2026-03-29 19:50:46 | node_14 | INFO ] 📈 Evaluated. Results: {'test_loss': 0.003353829262778163, 'test_accuracy': 0.9921727180480957, 'test_precision': 0.336698055267334, 'test_recall': 0.716796875, 'test_f1': 0.43073755502700806, 'communication_cost': 4373448}
[ 2026-03-29 19:50:46 | node_14 | INFO ] 📢 Broadcasting metrics.
[ 2026-03-29 19:50:46 | node_7 | INFO ] 🧩 Model added for round 149 (14/14) from ['node_37']
[ 2026-03-29 19:50:46 | node_19 | INFO ] 🧠 Aggregation complete. Setting new model.
[ 2026-03-29 19:50:46 | node_22 | INFO ] 🧠 Aggregation complete. Setting new model.
[ 2026-03-29 19:50:47 | node_1 | INFO ] 📈 Evaluated. Results: {'test_loss': 0.005266630090773106, 'test_accuracy': 0.9920827746391296, 'test_precision': 0.2690715491771698, 'test_recall': 0.5304826498031616, 'test_f1': 0.34452033042907715, 'communication_cost': 5831264}
[ 2026-03-29 19:50:47 | node_11 | INFO ] 📈 Evaluated. Results: {'test_loss': 0.002810476580634713, 'test_accuracy': 0.9917228817939758, 'test_precision': 0.343761146068573, 'test_recall': 0.8126736283302307, 'test_f1': 0.47633543610572815, 'communication_cost': 4373448}
[ 2026-03-29 19:50:47 | node_22 | INFO ] 🗣️ Gossiping aggregated model.
[ 2026-03-29 19:50:47 | node_19 | INFO ] 🗣️ Gossiping aggregated model.
[ 2026-03-29 19:50:47 | node_1 | INFO ] 📢 Broadcasting metrics.
[ 2026-03-29 19:50:47 | node_11 | INFO ] 📢 Broadcasting metrics.
[ 2026-03-29 19:50:48 | node_24 | INFO ] 🧩 Model added for round 149 (7/8) from ['node_21']
[ 2026-03-29 19:50:48 | node_4 | INFO ] 🎉 Round 150 of 150 finished.
[ 2026-03-29 19:50:48 | node_4 | INFO ] 😋 Training finished!!
[ 2026-03-29 19:50:48 | node_14 | INFO ] 🎉 Round 150 of 150 finished.
[ 2026-03-29 19:50:48 | node_9 | INFO ] 🧩 Model added for round 149 (12/12) from ['node_37']
[ 2026-03-29 19:50:48 | node_14 | INFO ] 😋 Training finished!!
[ 2026-03-29 19:50:49 | node_11 | INFO ] 🎉 Round 150 of 150 finished.
[ 2026-03-29 19:50:49 | node_11 | INFO ] 😋 Training finished!!
[ 2026-03-29 19:50:49 | node_37 | INFO ] 🧩 Model added for round 149 (11/11) from ['node_21']
[ 2026-03-29 19:50:50 | node_1 | INFO ] 🎉 Round 150 of 150 finished.
[ 2026-03-29 19:50:50 | node_1 | INFO ] 😋 Training finished!!
[ 2026-03-29 19:50:50 | node_15 | INFO ] 🧩 Model added for round 149 (9/9) from ['node_37']
[ 2026-03-29 19:50:50 | node_7 | INFO ] 🧠 Aggregation complete. Setting new model.
[ 2026-03-29 19:50:50 | node_9 | INFO ] 🧠 Aggregation complete. Setting new model.
[ 2026-03-29 19:50:51 | node_38 | INFO ] 🧩 Model added for round 149 (10/11) from ['node_21']
[ 2026-03-29 19:50:51 | node_15 | INFO ] 🧠 Aggregation complete. Setting new model.
[ 2026-03-29 19:50:51 | node_20 | INFO ] 🧩 Model added for round 149 (10/10) from ['node_37']
[ 2026-03-29 19:50:52 | node_20 | INFO ] 🧠 Aggregation complete. Setting new model.
[ 2026-03-29 19:50:52 | node_9 | INFO ] 🗣️ Gossiping aggregated model.
[ 2026-03-29 19:50:52 | node_7 | INFO ] 🗣️ Gossiping aggregated model.
[ 2026-03-29 19:50:52 | node_15 | INFO ] 🗣️ Gossiping aggregated model.
[ 2026-03-29 19:50:52 | node_20 | INFO ] 🗣️ Gossiping aggregated model.
[ 2026-03-29 19:50:53 | node_21 | INFO ] 🧩 Model added for round 149 (11/11) from ['node_37']
[ 2026-03-29 19:50:53 | node_47 | INFO ] 🧩 Model added for round 149 (12/12) from ['node_21']
[ 2026-03-29 19:50:54 | node_18 | INFO ] ⏹️  Gossiping exited for 10 equal rounds.
[ 2026-03-29 19:50:54 | node_18 | INFO ] 🔬 Evaluating...
[ 2026-03-29 19:50:55 | node_24 | INFO ] 🧩 Model added for round 149 (8/8) from ['node_37']
[ 2026-03-29 19:50:55 | node_49 | INFO ] 🧩 Model added for round 149 (9/9) from ['node_21']
[ 2026-03-29 19:50:56 | node_17 | INFO ] ⏹️  Gossiping exited for 10 equal rounds.
[ 2026-03-29 19:50:56 | node_17 | INFO ] 🔬 Evaluating...
[ 2026-03-29 19:50:56 | node_18 | INFO ] 📈 Evaluated. Results: {'test_loss': 0.002318739425390959, 'test_accuracy': 0.9919028282165527, 'test_precision': 0.2180042862892151, 'test_recall': 0.7582502365112305, 'test_f1': 0.3297087550163269, 'communication_cost': 5831264}
[ 2026-03-29 19:50:56 | node_46 | INFO ] ⏹️  Gossiping exited for 10 equal rounds.
[ 2026-03-29 19:50:56 | node_46 | INFO ] 🔬 Evaluating...
[ 2026-03-29 19:50:56 | node_18 | INFO ] 📢 Broadcasting metrics.
[ 2026-03-29 19:50:56 | node_28 | INFO ] 🧩 Model added for round 149 (7/7) from ['node_37']
[ 2026-03-29 19:50:57 | node_24 | INFO ] 🧠 Aggregation complete. Setting new model.
[ 2026-03-29 19:50:57 | node_28 | INFO ] 🧠 Aggregation complete. Setting new model.
[ 2026-03-29 19:50:57 | node_21 | INFO ] 🧠 Aggregation complete. Setting new model.
[ 2026-03-29 19:50:57 | node_49 | INFO ] 🧠 Aggregation complete. Setting new model.
[ 2026-03-29 19:50:57 | node_47 | INFO ] 🧠 Aggregation complete. Setting new model.
[ 2026-03-29 19:50:57 | node_25 | INFO ] ⏹️  Gossiping exited for 10 equal rounds.
[ 2026-03-29 19:50:57 | node_25 | INFO ] 🔬 Evaluating...
[ 2026-03-29 19:50:58 | node_17 | INFO ] 📈 Evaluated. Results: {'test_loss': 0.0038916505873203278, 'test_accuracy': 0.991273045539856, 'test_precision': 0.26202869415283203, 'test_recall': 0.6720690727233887, 'test_f1': 0.37293392419815063, 'communication_cost': 3644540}
[ 2026-03-29 19:50:58 | node_46 | INFO ] 📈 Evaluated. Results: {'test_loss': 0.0028721874114125967, 'test_accuracy': 0.9943314790725708, 'test_precision': 0.35817790031433105, 'test_recall': 0.7055510878562927, 'test_f1': 0.47011110186576843, 'communication_cost': 4373448}
[ 2026-03-29 19:50:58 | node_24 | INFO ] 🗣️ Gossiping aggregated model.
[ 2026-03-29 19:50:58 | node_28 | INFO ] 🗣️ Gossiping aggregated model.
[ 2026-03-29 19:50:58 | node_49 | INFO ] 🗣️ Gossiping aggregated model.
[ 2026-03-29 19:50:58 | node_21 | INFO ] 🗣️ Gossiping aggregated model.
[ 2026-03-29 19:50:58 | node_47 | INFO ] 🗣️ Gossiping aggregated model.
[ 2026-03-29 19:50:58 | node_17 | INFO ] 📢 Broadcasting metrics.
[ 2026-03-29 19:50:58 | node_30 | INFO ] 🧩 Model added for round 149 (10/10) from ['node_37']
[ 2026-03-29 19:50:58 | node_34 | INFO ] 🤫 Gossip finished.
[ 2026-03-29 19:50:58 | node_46 | INFO ] 📢 Broadcasting metrics.
[ 2026-03-29 19:50:58 | node_34 | INFO ] 🔬 Evaluating...
[ 2026-03-29 19:50:59 | node_30 | INFO ] 🧠 Aggregation complete. Setting new model.
[ 2026-03-29 19:50:59 | node_3 | INFO ] 🤫 Gossip finished.
[ 2026-03-29 19:50:59 | node_3 | INFO ] 🔬 Evaluating...
[ 2026-03-29 19:50:59 | node_25 | INFO ] 📈 Evaluated. Results: {'test_loss': 0.00375464023090899, 'test_accuracy': 0.9924419522285461, 'test_precision': 0.30299708247184753, 'test_recall': 0.6762059926986694, 'test_f1': 0.4043307900428772, 'communication_cost': 5102356}
[ 2026-03-29 19:50:59 | node_34 | INFO ] 📈 Evaluated. Results: {'test_loss': 0.002961421851068735, 'test_accuracy': 0.991182267665863, 'test_precision': 0.24530930817127228, 'test_recall': 0.6889854669570923, 'test_f1': 0.3549661338329315, 'communication_cost': 6560172}
[ 2026-03-29 19:50:59 | node_25 | INFO ] 📢 Broadcasting metrics.
[ 2026-03-29 19:50:59 | node_30 | INFO ] 🗣️ Gossiping aggregated model.
[ 2026-03-29 19:50:59 | node_45 | INFO ] ⏹️  Gossiping exited for 10 equal rounds.
[ 2026-03-29 19:50:59 | node_45 | INFO ] 🔬 Evaluating...
[ 2026-03-29 19:50:59 | node_18 | INFO ] 🎉 Round 150 of 150 finished.
[ 2026-03-29 19:50:59 | node_18 | INFO ] 😋 Training finished!!
[ 2026-03-29 19:51:00 | node_34 | INFO ] 📢 Broadcasting metrics.
[ 2026-03-29 19:51:00 | node_42 | INFO ] ⏹️  Gossiping exited for 10 equal rounds.
[ 2026-03-29 19:51:00 | node_17 | INFO ] 🎉 Round 150 of 150 finished.
[ 2026-03-29 19:51:00 | node_35 | INFO ] 🧩 Model added for round 149 (11/11) from ['node_37']
[ 2026-03-29 19:51:00 | node_17 | INFO ] 😋 Training finished!!
[ 2026-03-29 19:51:00 | node_42 | INFO ] 🔬 Evaluating...
[ 2026-03-29 19:51:00 | node_46 | INFO ] 🎉 Round 150 of 150 finished.
[ 2026-03-29 19:51:00 | node_46 | INFO ] 😋 Training finished!!
[ 2026-03-29 19:51:00 | node_10 | INFO ] ⏹️  Gossiping exited for 10 equal rounds.
[ 2026-03-29 19:51:00 | node_10 | INFO ] 🔬 Evaluating...
[ 2026-03-29 19:51:00 | node_3 | INFO ] 📈 Evaluated. Results: {'test_loss': 0.0028671566396951675, 'test_accuracy': 0.9915429353713989, 'test_precision': 0.22251591086387634, 'test_recall': 0.7378017902374268, 'test_f1': 0.33786192536354065, 'communication_cost': 3644540}
[ 2026-03-29 19:51:01 | node_3 | INFO ] 📢 Broadcasting metrics.
[ 2026-03-29 19:51:01 | node_45 | INFO ] 📈 Evaluated. Results: {'test_loss': 0.0032348630484193563, 'test_accuracy': 0.9912722706794739, 'test_precision': 0.2725234031677246, 'test_recall': 0.7361795902252197, 'test_f1': 0.39688798785209656, 'communication_cost': 8017988}
[ 2026-03-29 19:51:01 | node_32 | INFO ] ⏹️  Gossiping exited for 10 equal rounds.
[ 2026-03-29 19:51:01 | node_45 | INFO ] 📢 Broadcasting metrics.
[ 2026-03-29 19:51:01 | node_42 | INFO ] 📈 Evaluated. Results: {'test_loss': 0.00359335052780807, 'test_accuracy': 0.9907324314117432, 'test_precision': 0.23667465150356293, 'test_recall': 0.6495639681816101, 'test_f1': 0.33953791856765747, 'communication_cost': 5831264}
[ 2026-03-29 19:51:01 | node_32 | INFO ] 🔬 Evaluating...
[ 2026-03-29 19:51:01 | node_38 | INFO ] 🧩 Model added for round 149 (11/11) from ['node_37']
[ 2026-03-29 19:51:02 | node_42 | INFO ] 📢 Broadcasting metrics.
[ 2026-03-29 19:51:02 | node_25 | INFO ] 🎉 Round 150 of 150 finished.
[ 2026-03-29 19:51:02 | node_25 | INFO ] 😋 Training finished!!
[ 2026-03-29 19:51:02 | node_10 | INFO ] 📈 Evaluated. Results: {'test_loss': 0.0038458635099232197, 'test_accuracy': 0.9909131526947021, 'test_precision': 0.21346992254257202, 'test_recall': 0.5830732583999634, 'test_f1': 0.3087729513645172, 'communication_cost': 5102356}
[ 2026-03-29 19:51:02 | node_26 | INFO ] ⏹️  Gossiping exited for 10 equal rounds.
[ 2026-03-29 19:51:02 | node_26 | INFO ] 🔬 Evaluating...
[ 2026-03-29 19:51:02 | node_34 | INFO ] 🎉 Round 150 of 150 finished.
[ 2026-03-29 19:51:02 | node_34 | INFO ] 😋 Training finished!!
[ 2026-03-29 19:51:02 | node_10 | INFO ] 📢 Broadcasting metrics.
[ 2026-03-29 19:51:02 | node_3 | INFO ] 🎉 Round 150 of 150 finished.
[ 2026-03-29 19:51:02 | node_3 | INFO ] 😋 Training finished!!
[ 2026-03-29 19:51:03 | node_40 | INFO ] ⏹️  Gossiping exited for 10 equal rounds.
[ 2026-03-29 19:51:03 | node_8 | INFO ] ⏹️  Gossiping exited for 10 equal rounds.
[ 2026-03-29 19:51:03 | node_40 | INFO ] 🔬 Evaluating...
[ 2026-03-29 19:51:03 | node_35 | INFO ] 🧠 Aggregation complete. Setting new model.
[ 2026-03-29 19:51:03 | node_8 | INFO ] 🔬 Evaluating...
[ 2026-03-29 19:51:03 | node_37 | INFO ] 🧠 Aggregation complete. Setting new model.
[ 2026-03-29 19:51:03 | node_32 | INFO ] 📈 Evaluated. Results: {'test_loss': 0.003375333035364747, 'test_accuracy': 0.9918121099472046, 'test_precision': 0.2820401191711426, 'test_recall': 0.6099385619163513, 'test_f1': 0.37382587790489197, 'communication_cost': 5831264}
[ 2026-03-29 19:51:03 | node_38 | INFO ] 🧠 Aggregation complete. Setting new model.
[ 2026-03-29 19:51:03 | node_32 | INFO ] 📢 Broadcasting metrics.
[ 2026-03-29 19:51:03 | node_44 | INFO ] ⏹️  Gossiping exited for 10 equal rounds.
[ 2026-03-29 19:51:04 | node_44 | INFO ] 🔬 Evaluating...
[ 2026-03-29 19:51:04 | node_2 | INFO ] ⏹️  Gossiping exited for 10 equal rounds.
[ 2026-03-29 19:51:04 | node_26 | INFO ] 📈 Evaluated. Results: {'test_loss': 0.0032592499628663063, 'test_accuracy': 0.9944214224815369, 'test_precision': 0.3893994092941284, 'test_recall': 0.6761278510093689, 'test_f1': 0.4865646958351135, 'communication_cost': 6560172}
[ 2026-03-29 19:51:04 | node_2 | INFO ] 🔬 Evaluating...
[ 2026-03-29 19:51:04 | node_40 | INFO ] 📈 Evaluated. Results: {'test_loss': 0.004314587917178869, 'test_accuracy': 0.9900125861167908, 'test_precision': 0.21765197813510895, 'test_recall': 0.5974566340446472, 'test_f1': 0.3143559992313385, 'communication_cost': 7289080}
[ 2026-03-29 19:51:04 | node_35 | INFO ] 🗣️ Gossiping aggregated model.
[ 2026-03-29 19:51:04 | node_8 | INFO ] 📈 Evaluated. Results: {'test_loss': 0.004730846732854843, 'test_accuracy': 0.9919028282165527, 'test_precision': 0.33968856930732727, 'test_recall': 0.7274188995361328, 'test_f1': 0.4457413852214813, 'communication_cost': 8017988}
[ 2026-03-29 19:51:04 | node_26 | INFO ] 📢 Broadcasting metrics.
[ 2026-03-29 19:51:04 | node_37 | INFO ] 🗣️ Gossiping aggregated model.
[ 2026-03-29 19:51:04 | node_38 | INFO ] 🗣️ Gossiping aggregated model.
[ 2026-03-29 19:51:05 | node_42 | INFO ] 🎉 Round 150 of 150 finished.
[ 2026-03-29 19:51:05 | node_49 | INFO ] 🤫 Gossip finished.
[ 2026-03-29 19:51:05 | node_42 | INFO ] 😋 Training finished!!
[ 2026-03-29 19:51:05 | node_49 | INFO ] 🔬 Evaluating...
[ 2026-03-29 19:51:05 | node_40 | INFO ] 📢 Broadcasting metrics.
[ 2026-03-29 19:51:05 | node_10 | INFO ] 🎉 Round 150 of 150 finished.
[ 2026-03-29 19:51:05 | node_24 | INFO ] 🤫 Gossip finished.
[ 2026-03-29 19:51:05 | node_10 | INFO ] 😋 Training finished!!
[ 2026-03-29 19:51:05 | node_24 | INFO ] 🔬 Evaluating...
[ 2026-03-29 19:51:05 | node_31 | INFO ] ⏹️  Gossiping exited for 10 equal rounds.
[ 2026-03-29 19:51:05 | node_31 | INFO ] 🔬 Evaluating...
[ 2026-03-29 19:51:05 | node_8 | INFO ] 📢 Broadcasting metrics.
[ 2026-03-29 19:51:05 | node_45 | INFO ] 🎉 Round 150 of 150 finished.
[ 2026-03-29 19:51:05 | node_45 | INFO ] 😋 Training finished!!
[ 2026-03-29 19:51:05 | node_44 | INFO ] 📈 Evaluated. Results: {'test_loss': 0.0037526546511799097, 'test_accuracy': 0.9905524849891663, 'test_precision': 0.21149934828281403, 'test_recall': 0.5860876441001892, 'test_f1': 0.3026163578033447, 'communication_cost': 5831264}
[ 2026-03-29 19:51:05 | node_2 | INFO ] 📈 Evaluated. Results: {'test_loss': 0.004800301045179367, 'test_accuracy': 0.9925326108932495, 'test_precision': 0.2416999191045761, 'test_recall': 0.507457971572876, 'test_f1': 0.3244127929210663, 'communication_cost': 5831264}
[ 2026-03-29 19:51:05 | node_41 | INFO ] ⏹️  Gossiping exited for 10 equal rounds.
[ 2026-03-29 19:51:06 | node_41 | INFO ] 🔬 Evaluating...
[ 2026-03-29 19:51:06 | node_44 | INFO ] 📢 Broadcasting metrics.
[ 2026-03-29 19:51:06 | node_2 | INFO ] 📢 Broadcasting metrics.
[ 2026-03-29 19:51:06 | node_23 | INFO ] ⏹️  Gossiping exited for 10 equal rounds.
[ 2026-03-29 19:51:06 | node_49 | INFO ] 📈 Evaluated. Results: {'test_loss': 0.0044314069673419, 'test_accuracy': 0.9914522171020508, 'test_precision': 0.24827136099338531, 'test_recall': 0.5359246730804443, 'test_f1': 0.33482688665390015, 'communication_cost': 5831264}
[ 2026-03-29 19:51:06 | node_23 | INFO ] 🔬 Evaluating...
[ 2026-03-29 19:51:06 | node_48 | INFO ] ⏹️  Gossiping exited for 10 equal rounds.
[ 2026-03-29 19:51:06 | node_32 | INFO ] 🎉 Round 150 of 150 finished.
[ 2026-03-29 19:51:06 | node_32 | INFO ] 😋 Training finished!!
[ 2026-03-29 19:51:06 | node_48 | INFO ] 🔬 Evaluating...
[ 2026-03-29 19:51:06 | node_24 | INFO ] 📈 Evaluated. Results: {'test_loss': 0.004719882737845182, 'test_accuracy': 0.9904624819755554, 'test_precision': 0.19006624817848206, 'test_recall': 0.5288568139076233, 'test_f1': 0.27839139103889465, 'communication_cost': 5102356}
[ 2026-03-29 19:51:06 | node_49 | INFO ] 📢 Broadcasting metrics.
[ 2026-03-29 19:51:07 | node_31 | INFO ] 📈 Evaluated. Results: {'test_loss': 0.0040749600157141685, 'test_accuracy': 0.991182267665863, 'test_precision': 0.27025607228279114, 'test_recall': 0.6817914843559265, 'test_f1': 0.38156574964523315, 'communication_cost': 5102356}
[ 2026-03-29 19:51:07 | node_24 | INFO ] 📢 Broadcasting metrics.
[ 2026-03-29 19:51:07 | node_31 | INFO ] 📢 Broadcasting metrics.
[ 2026-03-29 19:51:07 | node_41 | INFO ] 📈 Evaluated. Results: {'test_loss': 0.0039496952667832375, 'test_accuracy': 0.9904624819755554, 'test_precision': 0.2705264985561371, 'test_recall': 0.6794819831848145, 'test_f1': 0.37307122349739075, 'communication_cost': 5831264}
[ 2026-03-29 19:51:07 | node_41 | INFO ] 📢 Broadcasting metrics.
[ 2026-03-29 19:51:08 | node_6 | INFO ] ⏹️  Gossiping exited for 10 equal rounds.
[ 2026-03-29 19:51:08 | node_6 | INFO ] 🔬 Evaluating...
[ 2026-03-29 19:51:08 | node_40 | INFO ] 🎉 Round 150 of 150 finished.
[ 2026-03-29 19:51:08 | node_26 | INFO ] 🎉 Round 150 of 150 finished.
[ 2026-03-29 19:51:08 | node_40 | INFO ] 😋 Training finished!!
[ 2026-03-29 19:51:08 | node_23 | INFO ] 📈 Evaluated. Results: {'test_loss': 0.005132760852575302, 'test_accuracy': 0.9914522171020508, 'test_precision': 0.2715882360935211, 'test_recall': 0.5767572522163391, 'test_f1': 0.3664205074310303, 'communication_cost': 8746896}
[ 2026-03-29 19:51:08 | node_26 | INFO ] 😋 Training finished!!
[ 2026-03-29 19:51:08 | node_48 | INFO ] 📈 Evaluated. Results: {'test_loss': 0.002676131436601281, 'test_accuracy': 0.9932517409324646, 'test_precision': 0.38489431142807007, 'test_recall': 0.733348548412323, 'test_f1': 0.47131308913230896, 'communication_cost': 7289080}
[ 2026-03-29 19:51:08 | node_23 | INFO ] 📢 Broadcasting metrics.
[ 2026-03-29 19:51:08 | node_29 | INFO ] ⏹️  Gossiping exited for 10 equal rounds.
[ 2026-03-29 19:51:08 | node_8 | INFO ] 🎉 Round 150 of 150 finished.
[ 2026-03-29 19:51:08 | node_8 | INFO ] 😋 Training finished!!
[ 2026-03-29 19:51:08 | node_29 | INFO ] 🔬 Evaluating...
[ 2026-03-29 19:51:08 | node_48 | INFO ] 📢 Broadcasting metrics.
[ 2026-03-29 19:51:08 | node_2 | INFO ] 🎉 Round 150 of 150 finished.
[ 2026-03-29 19:51:08 | node_2 | INFO ] 😋 Training finished!!
[ 2026-03-29 19:51:09 | node_44 | INFO ] 🎉 Round 150 of 150 finished.
[ 2026-03-29 19:51:09 | node_44 | INFO ] 😋 Training finished!!
[ 2026-03-29 19:51:09 | node_6 | INFO ] 📈 Evaluated. Results: {'test_loss': 0.004315758123993874, 'test_accuracy': 0.9920827746391296, 'test_precision': 0.25338470935821533, 'test_recall': 0.50772625207901, 'test_f1': 0.33122316002845764, 'communication_cost': 4373448}
[ 2026-03-29 19:51:09 | node_6 | INFO ] 📢 Broadcasting metrics.
[ 2026-03-29 19:51:09 | node_24 | INFO ] 🎉 Round 150 of 150 finished.
[ 2026-03-29 19:51:09 | node_24 | INFO ] 😋 Training finished!!
[ 2026-03-29 19:51:09 | node_49 | INFO ] 🎉 Round 150 of 150 finished.
[ 2026-03-29 19:51:09 | node_49 | INFO ] 😋 Training finished!!
[ 2026-03-29 19:51:09 | node_31 | INFO ] 🎉 Round 150 of 150 finished.
[ 2026-03-29 19:51:09 | node_31 | INFO ] 😋 Training finished!!
[ 2026-03-29 19:51:10 | node_29 | INFO ] 📈 Evaluated. Results: {'test_loss': 0.004690708126872778, 'test_accuracy': 0.9902825355529785, 'test_precision': 0.19279737770557404, 'test_recall': 0.47919201850891113, 'test_f1': 0.27356863021850586, 'communication_cost': 5102356}
[ 2026-03-29 19:51:10 | node_29 | INFO ] 📢 Broadcasting metrics.
[ 2026-03-29 19:51:10 | node_41 | INFO ] 🎉 Round 150 of 150 finished.
[ 2026-03-29 19:51:10 | node_41 | INFO ] 😋 Training finished!!
[ 2026-03-29 19:51:10 | node_22 | INFO ] ⏹️  Gossiping exited for 10 equal rounds.
[ 2026-03-29 19:51:10 | node_22 | INFO ] 🔬 Evaluating...
[ 2026-03-29 19:51:11 | node_6 | INFO ] 🎉 Round 150 of 150 finished.
[ 2026-03-29 19:51:11 | node_6 | INFO ] 😋 Training finished!!
[ 2026-03-29 19:51:11 | node_23 | INFO ] 🎉 Round 150 of 150 finished.
[ 2026-03-29 19:51:11 | node_23 | INFO ] 😋 Training finished!!
[ 2026-03-29 19:51:11 | node_48 | INFO ] 🎉 Round 150 of 150 finished.
[ 2026-03-29 19:51:11 | node_48 | INFO ] 😋 Training finished!!
[ 2026-03-29 19:51:12 | node_29 | INFO ] 🎉 Round 150 of 150 finished.
[ 2026-03-29 19:51:12 | node_29 | INFO ] 😋 Training finished!!
[ 2026-03-29 19:51:12 | node_22 | INFO ] 📈 Evaluated. Results: {'test_loss': 0.003459235420450568, 'test_accuracy': 0.9900125861167908, 'test_precision': 0.18391284346580505, 'test_recall': 0.5518115758895874, 'test_f1': 0.26491525769233704, 'communication_cost': 5831264}
[ 2026-03-29 19:51:12 | node_22 | INFO ] 📢 Broadcasting metrics.
[ 2026-03-29 19:51:14 | node_22 | INFO ] 🎉 Round 150 of 150 finished.
[ 2026-03-29 19:51:14 | node_22 | INFO ] 😋 Training finished!!
[ 2026-03-29 19:51:15 | node_19 | INFO ] ⏹️  Gossiping exited for 10 equal rounds.
[ 2026-03-29 19:51:15 | node_36 | INFO ] ⏹️  Gossiping exited for 10 equal rounds.
[ 2026-03-29 19:51:15 | node_19 | INFO ] 🔬 Evaluating...
[ 2026-03-29 19:51:15 | node_36 | INFO ] 🔬 Evaluating...
[ 2026-03-29 19:51:15 | node_16 | INFO ] ⏹️  Gossiping exited for 10 equal rounds.
[ 2026-03-29 19:51:15 | node_16 | INFO ] 🔬 Evaluating...
[ 2026-03-29 19:51:16 | node_27 | INFO ] ⏹️  Gossiping exited for 10 equal rounds.
[ 2026-03-29 19:51:16 | node_27 | INFO ] 🔬 Evaluating...
[ 2026-03-29 19:51:16 | node_19 | INFO ] 📈 Evaluated. Results: {'test_loss': 0.0024860375560820103, 'test_accuracy': 0.9943314790725708, 'test_precision': 0.2572993338108063, 'test_recall': 0.4910580515861511, 'test_f1': 0.3277272582054138, 'communication_cost': 5831264}
[ 2026-03-29 19:51:17 | node_36 | INFO ] 📈 Evaluated. Results: {'test_loss': 0.0033404752612113953, 'test_accuracy': 0.9922620058059692, 'test_precision': 0.3144512176513672, 'test_recall': 0.6442775130271912, 'test_f1': 0.4123746454715729, 'communication_cost': 5102356}
[ 2026-03-29 19:51:17 | node_19 | INFO ] 📢 Broadcasting metrics.
[ 2026-03-29 19:51:17 | node_16 | INFO ] 📈 Evaluated. Results: {'test_loss': 0.005541946738958359, 'test_accuracy': 0.9905533194541931, 'test_precision': 0.3015012741088867, 'test_recall': 0.5725477933883667, 'test_f1': 0.38742774724960327, 'communication_cost': 5102356}
[ 2026-03-29 19:51:17 | node_36 | INFO ] 📢 Broadcasting metrics.
[ 2026-03-29 19:51:17 | node_27 | INFO ] 📈 Evaluated. Results: {'test_loss': 0.0032017885241657495, 'test_accuracy': 0.991092324256897, 'test_precision': 0.22273778915405273, 'test_recall': 0.6579475402832031, 'test_f1': 0.33011484146118164, 'communication_cost': 2915632}
[ 2026-03-29 19:51:17 | node_16 | INFO ] 📢 Broadcasting metrics.
[ 2026-03-29 19:51:18 | node_27 | INFO ] 📢 Broadcasting metrics.
[ 2026-03-29 19:51:18 | node_7 | INFO ] ⏹️  Gossiping exited for 10 equal rounds.
[ 2026-03-29 19:51:18 | node_7 | INFO ] 🔬 Evaluating...
[ 2026-03-29 19:51:19 | node_15 | INFO ] ⏹️  Gossiping exited for 10 equal rounds.
[ 2026-03-29 19:51:19 | node_19 | INFO ] 🎉 Round 150 of 150 finished.
[ 2026-03-29 19:51:19 | node_19 | INFO ] 😋 Training finished!!
[ 2026-03-29 19:51:19 | node_15 | INFO ] 🔬 Evaluating...
[ 2026-03-29 19:51:19 | node_27 | INFO ] 🎉 Round 150 of 150 finished.
[ 2026-03-29 19:51:19 | node_27 | INFO ] 😋 Training finished!!
[ 2026-03-29 19:51:19 | node_36 | INFO ] 🎉 Round 150 of 150 finished.
[ 2026-03-29 19:51:19 | node_36 | INFO ] 😋 Training finished!!
[ 2026-03-29 19:51:19 | node_16 | INFO ] 🎉 Round 150 of 150 finished.
[ 2026-03-29 19:51:19 | node_16 | INFO ] 😋 Training finished!!
[ 2026-03-29 19:51:19 | node_7 | INFO ] 📈 Evaluated. Results: {'test_loss': 0.003393410472199321, 'test_accuracy': 0.9919928312301636, 'test_precision': 0.28706979751586914, 'test_recall': 0.677964985370636, 'test_f1': 0.4025256335735321, 'communication_cost': 9475804}
[ 2026-03-29 19:51:20 | node_28 | INFO ] ⏹️  Gossiping exited for 10 equal rounds.
[ 2026-03-29 19:51:20 | node_15 | INFO ] 📈 Evaluated. Results: {'test_loss': 0.003628486767411232, 'test_accuracy': 0.9894737005233765, 'test_precision': 0.26481902599334717, 'test_recall': 0.7562004327774048, 'test_f1': 0.3810723125934601, 'communication_cost': 5831264}
[ 2026-03-29 19:51:20 | node_7 | INFO ] 📢 Broadcasting metrics.
[ 2026-03-29 19:51:20 | node_28 | INFO ] 🔬 Evaluating...
[ 2026-03-29 19:51:20 | node_15 | INFO ] 📢 Broadcasting metrics.
[ 2026-03-29 19:51:20 | node_20 | INFO ] ⏹️  Gossiping exited for 10 equal rounds.
[ 2026-03-29 19:51:20 | node_20 | INFO ] 🔬 Evaluating...
[ 2026-03-29 19:51:21 | node_28 | INFO ] 📈 Evaluated. Results: {'test_loss': 0.004491969011723995, 'test_accuracy': 0.9895626902580261, 'test_precision': 0.16939455270767212, 'test_recall': 0.5378990173339844, 'test_f1': 0.2526184022426605, 'communication_cost': 4373448}
[ 2026-03-29 19:51:22 | node_28 | INFO ] 📢 Broadcasting metrics.
[ 2026-03-29 19:51:22 | node_20 | INFO ] 📈 Evaluated. Results: {'test_loss': 0.003025491489097476, 'test_accuracy': 0.9913622736930847, 'test_precision': 0.24548500776290894, 'test_recall': 0.6774308085441589, 'test_f1': 0.3539813756942749, 'communication_cost': 6560172}
[ 2026-03-29 19:51:22 | node_20 | INFO ] 📢 Broadcasting metrics.
[ 2026-03-29 19:51:22 | node_15 | INFO ] 🎉 Round 150 of 150 finished.
[ 2026-03-29 19:51:22 | node_15 | INFO ] 😋 Training finished!!
[ 2026-03-29 19:51:22 | node_33 | INFO ] ⏹️  Gossiping exited for 10 equal rounds.
[ 2026-03-29 19:51:22 | node_33 | INFO ] 🔬 Evaluating...
[ 2026-03-29 19:51:23 | node_30 | INFO ] ⏹️  Gossiping exited for 10 equal rounds.
[ 2026-03-29 19:51:23 | node_30 | INFO ] 🔬 Evaluating...
[ 2026-03-29 19:51:23 | node_9 | INFO ] ⏹️  Gossiping exited for 10 equal rounds.
[ 2026-03-29 19:51:23 | node_9 | INFO ] 🔬 Evaluating...
[ 2026-03-29 19:51:23 | node_28 | INFO ] 🎉 Round 150 of 150 finished.
[ 2026-03-29 19:51:23 | node_28 | INFO ] 😋 Training finished!!
[ 2026-03-29 19:51:23 | node_47 | INFO ] ⏹️  Gossiping exited for 10 equal rounds.
[ 2026-03-29 19:51:23 | node_47 | INFO ] 🔬 Evaluating...
[ 2026-03-29 19:51:24 | node_7 | INFO ] 🎉 Round 150 of 150 finished.
[ 2026-03-29 19:51:24 | node_7 | INFO ] 😋 Training finished!!
[ 2026-03-29 19:51:24 | node_39 | INFO ] ⏹️  Gossiping exited for 10 equal rounds.
[ 2026-03-29 19:51:24 | node_39 | INFO ] 🔬 Evaluating...
[ 2026-03-29 19:51:24 | node_33 | INFO ] 📈 Evaluated. Results: {'test_loss': 0.0048833684995770454, 'test_accuracy': 0.9931617975234985, 'test_precision': 0.32289740443229675, 'test_recall': 0.5554905533790588, 'test_f1': 0.3992805778980255, 'communication_cost': 5831264}
[ 2026-03-29 19:51:24 | node_33 | INFO ] 📢 Broadcasting metrics.
[ 2026-03-29 19:51:24 | node_20 | INFO ] 🎉 Round 150 of 150 finished.
[ 2026-03-29 19:51:24 | node_20 | INFO ] 😋 Training finished!!
[ 2026-03-29 19:51:24 | node_9 | INFO ] 📈 Evaluated. Results: {'test_loss': 0.0027092534583061934, 'test_accuracy': 0.9916329383850098, 'test_precision': 0.2557777464389801, 'test_recall': 0.7495733499526978, 'test_f1': 0.37699276208877563, 'communication_cost': 8017988}
[ 2026-03-29 19:51:24 | node_30 | INFO ] 📈 Evaluated. Results: {'test_loss': 0.005606377497315407, 'test_accuracy': 0.9901925325393677, 'test_precision': 0.23796306550502777, 'test_recall': 0.5382263660430908, 'test_f1': 0.31862589716911316, 'communication_cost': 6560172}
[ 2026-03-29 19:51:24 | node_9 | INFO ] 📢 Broadcasting metrics.
[ 2026-03-29 19:51:24 | node_47 | INFO ] 📈 Evaluated. Results: {'test_loss': 0.0043593826703727245, 'test_accuracy': 0.9909123778343201, 'test_precision': 0.22592411935329437, 'test_recall': 0.516797661781311, 'test_f1': 0.31299832463264465, 'communication_cost': 8017988}
[ 2026-03-29 19:51:25 | node_30 | INFO ] 📢 Broadcasting metrics.
[ 2026-03-29 19:51:25 | node_39 | INFO ] 📈 Evaluated. Results: {'test_loss': 0.0034203834366053343, 'test_accuracy': 0.9918121099472046, 'test_precision': 0.245145782828331, 'test_recall': 0.6474851965904236, 'test_f1': 0.34521588683128357, 'communication_cost': 6560172}
[ 2026-03-29 19:51:25 | node_47 | INFO ] 📢 Broadcasting metrics.
[ 2026-03-29 19:51:25 | node_39 | INFO ] 📢 Broadcasting metrics.
[ 2026-03-29 19:51:26 | node_33 | INFO ] 🎉 Round 150 of 150 finished.
[ 2026-03-29 19:51:26 | node_33 | INFO ] 😋 Training finished!!
[ 2026-03-29 19:51:27 | node_30 | INFO ] 🎉 Round 150 of 150 finished.
[ 2026-03-29 19:51:27 | node_30 | INFO ] 😋 Training finished!!
[ 2026-03-29 19:51:28 | node_9 | INFO ] 🎉 Round 150 of 150 finished.
[ 2026-03-29 19:51:28 | node_9 | INFO ] 😋 Training finished!!
[ 2026-03-29 19:51:28 | node_39 | INFO ] 🎉 Round 150 of 150 finished.
[ 2026-03-29 19:51:28 | node_39 | INFO ] 😋 Training finished!!
[ 2026-03-29 19:51:28 | node_47 | INFO ] 🎉 Round 150 of 150 finished.
[ 2026-03-29 19:51:28 | node_47 | INFO ] 😋 Training finished!!
[ 2026-03-29 19:51:34 | node_38 | INFO ] ⏹️  Gossiping exited for 10 equal rounds.
[ 2026-03-29 19:51:35 | node_38 | INFO ] 🔬 Evaluating...
[ 2026-03-29 19:51:36 | node_38 | INFO ] 📈 Evaluated. Results: {'test_loss': 0.0037461905740201473, 'test_accuracy': 0.9899226427078247, 'test_precision': 0.20518282055854797, 'test_recall': 0.6028449535369873, 'test_f1': 0.3036632835865021, 'communication_cost': 7289080}
[ 2026-03-29 19:51:36 | node_38 | INFO ] 📢 Broadcasting metrics.
[ 2026-03-29 19:51:37 | node_35 | INFO ] ⏹️  Gossiping exited for 10 equal rounds.
[ 2026-03-29 19:51:37 | node_35 | INFO ] 🔬 Evaluating...
[ 2026-03-29 19:51:38 | node_38 | INFO ] 🎉 Round 150 of 150 finished.
[ 2026-03-29 19:51:38 | node_35 | INFO ] 📈 Evaluated. Results: {'test_loss': 0.002845920855179429, 'test_accuracy': 0.9912722706794739, 'test_precision': 0.25784340500831604, 'test_recall': 0.7269659638404846, 'test_f1': 0.3759138584136963, 'communication_cost': 7289080}
[ 2026-03-29 19:51:38 | node_38 | INFO ] 😋 Training finished!!
[ 2026-03-29 19:51:39 | node_35 | INFO ] 📢 Broadcasting metrics.
[ 2026-03-29 19:51:41 | node_35 | INFO ] 🎉 Round 150 of 150 finished.
[ 2026-03-29 19:51:41 | node_35 | INFO ] 😋 Training finished!!
[ 2026-03-29 19:51:43 | node | INFO ] ⏹️  Gossiping exited for 10 equal rounds.
[ 2026-03-29 19:51:43 | node | INFO ] 🔬 Evaluating...
[ 2026-03-29 19:51:44 | node | INFO ] 📈 Evaluated. Results: {'test_loss': 0.0030116410925984383, 'test_accuracy': 0.99073326587677, 'test_precision': 0.2841605544090271, 'test_recall': 0.6832767724990845, 'test_f1': 0.3968008756637573, 'communication_cost': 5102356}
[ 2026-03-29 19:51:45 | node | INFO ] 📢 Broadcasting metrics.
[ 2026-03-29 19:51:46 | node | INFO ] 🎉 Round 150 of 150 finished.
[ 2026-03-29 19:51:46 | node | INFO ] 😋 Training finished!!
[ 2026-03-29 19:51:49 | node_21 | INFO ] ⏹️  Gossiping exited for 10 equal rounds.
[ 2026-03-29 19:51:50 | node_21 | INFO ] 🔬 Evaluating...
[ 2026-03-29 19:51:51 | node_21 | INFO ] 📈 Evaluated. Results: {'test_loss': 0.002486963989213109, 'test_accuracy': 0.993971586227417, 'test_precision': 0.32819312810897827, 'test_recall': 0.7191388607025146, 'test_f1': 0.43861621618270874, 'communication_cost': 7289080}
[ 2026-03-29 19:51:51 | node_21 | INFO ] 📢 Broadcasting metrics.
[ 2026-03-29 19:51:52 | node_37 | INFO ] ⏹️  Gossiping exited for 10 equal rounds.
[ 2026-03-29 19:51:52 | node_37 | INFO ] 🔬 Evaluating...
[ 2026-03-29 19:51:53 | node_21 | INFO ] 🎉 Round 150 of 150 finished.
[ 2026-03-29 19:51:53 | node_21 | INFO ] 😋 Training finished!!
[ 2026-03-29 19:51:54 | node_37 | INFO ] 📈 Evaluated. Results: {'test_loss': 0.0034364566672593355, 'test_accuracy': 0.991182267665863, 'test_precision': 0.29231148958206177, 'test_recall': 0.7390314936637878, 'test_f1': 0.4118129014968872, 'communication_cost': 7289080}
[ 2026-03-29 19:51:54 | node_37 | INFO ] 📢 Broadcasting metrics.
[ 2026-03-29 19:51:56 | node_37 | INFO ] 🎉 Round 150 of 150 finished.
[ 2026-03-29 19:51:56 | node_37 | INFO ] 😋 Training finished!!
[ 2026-03-29 19:51:56 | None | INFO ] 🏁 All nodes finished training. Waiting 10s for final synchronization...
[ 2026-03-29 19:52:07 | node | INFO ] Stopping node...
[ 2026-03-29 19:52:07 | node | INFO ] 🛑 Stopping gossiper...
[ 2026-03-29 19:52:07 | node | INFO ] InMemoryServer stopped at node
[ 2026-03-29 19:52:07 | node_1 | INFO ] Stopping node...
[ 2026-03-29 19:52:07 | node_1 | INFO ] 🛑 Stopping gossiper...
[ 2026-03-29 19:52:07 | node_1 | INFO ] InMemoryServer stopped at node_1
[ 2026-03-29 19:52:08 | node_2 | INFO ] Stopping node...
[ 2026-03-29 19:52:08 | node_2 | INFO ] 🛑 Stopping gossiper...
[ 2026-03-29 19:52:08 | node_2 | INFO ] InMemoryServer stopped at node_2
[ 2026-03-29 19:52:08 | node_3 | INFO ] Stopping node...
[ 2026-03-29 19:52:08 | node_3 | INFO ] 🛑 Stopping gossiper...
[ 2026-03-29 19:52:08 | node_3 | INFO ] InMemoryServer stopped at node_3
[ 2026-03-29 19:52:08 | node_4 | INFO ] Stopping node...
[ 2026-03-29 19:52:08 | node_4 | INFO ] 🛑 Stopping gossiper...
[ 2026-03-29 19:52:08 | node_4 | INFO ] InMemoryServer stopped at node_4
[ 2026-03-29 19:52:09 | node_5 | INFO ] Stopping node...
[ 2026-03-29 19:52:09 | node_5 | INFO ] 🛑 Stopping gossiper...
[ 2026-03-29 19:52:09 | node_5 | INFO ] InMemoryServer stopped at node_5
[ 2026-03-29 19:52:09 | node_6 | INFO ] Stopping node...
[ 2026-03-29 19:52:09 | node_6 | INFO ] 🛑 Stopping gossiper...
[ 2026-03-29 19:52:09 | node_6 | INFO ] InMemoryServer stopped at node_6
[ 2026-03-29 19:52:09 | node_7 | INFO ] Stopping node...
[ 2026-03-29 19:52:09 | node_7 | INFO ] 🛑 Stopping gossiper...
[ 2026-03-29 19:52:09 | node_7 | INFO ] InMemoryServer stopped at node_7
[ 2026-03-29 19:52:09 | node_8 | INFO ] Stopping node...
[ 2026-03-29 19:52:09 | node_8 | INFO ] 🛑 Stopping gossiper...
[ 2026-03-29 19:52:09 | node_8 | INFO ] InMemoryServer stopped at node_8
[ 2026-03-29 19:52:09 | node_9 | INFO ] Stopping node...
[ 2026-03-29 19:52:09 | node_9 | INFO ] 🛑 Stopping gossiper...
[ 2026-03-29 19:52:09 | node_9 | INFO ] InMemoryServer stopped at node_9
[ 2026-03-29 19:52:09 | node_10 | INFO ] Stopping node...
[ 2026-03-29 19:52:10 | node_10 | INFO ] 🛑 Stopping gossiper...
[ 2026-03-29 19:52:10 | node_10 | INFO ] InMemoryServer stopped at node_10
[ 2026-03-29 19:52:10 | node_11 | INFO ] Stopping node...
[ 2026-03-29 19:52:10 | node_11 | INFO ] 🛑 Stopping gossiper...
[ 2026-03-29 19:52:10 | node_11 | INFO ] InMemoryServer stopped at node_11
[ 2026-03-29 19:52:10 | node_12 | INFO ] Stopping node...
[ 2026-03-29 19:52:10 | node_12 | INFO ] 🛑 Stopping gossiper...
[ 2026-03-29 19:52:10 | node_12 | INFO ] InMemoryServer stopped at node_12
[ 2026-03-29 19:52:10 | node_13 | INFO ] Stopping node...
[ 2026-03-29 19:52:10 | node_13 | INFO ] 🛑 Stopping gossiper...
[ 2026-03-29 19:52:10 | node_13 | INFO ] InMemoryServer stopped at node_13
[ 2026-03-29 19:52:10 | node_14 | INFO ] Stopping node...
[ 2026-03-29 19:52:10 | node_14 | INFO ] 🛑 Stopping gossiper...
[ 2026-03-29 19:52:10 | node_14 | INFO ] InMemoryServer stopped at node_14
[ 2026-03-29 19:52:10 | node_15 | INFO ] Stopping node...
[ 2026-03-29 19:52:10 | node_15 | INFO ] 🛑 Stopping gossiper...
[ 2026-03-29 19:52:10 | node_15 | INFO ] InMemoryServer stopped at node_15
[ 2026-03-29 19:52:11 | node_16 | INFO ] Stopping node...
[ 2026-03-29 19:52:11 | node_16 | INFO ] 🛑 Stopping gossiper...
[ 2026-03-29 19:52:11 | node_16 | INFO ] InMemoryServer stopped at node_16
[ 2026-03-29 19:52:11 | node_17 | INFO ] Stopping node...
[ 2026-03-29 19:52:11 | node_17 | INFO ] 🛑 Stopping gossiper...
[ 2026-03-29 19:52:11 | node_17 | INFO ] InMemoryServer stopped at node_17
[ 2026-03-29 19:52:11 | node_18 | INFO ] Stopping node...
[ 2026-03-29 19:52:11 | node_18 | INFO ] 🛑 Stopping gossiper...
[ 2026-03-29 19:52:11 | node_18 | INFO ] InMemoryServer stopped at node_18
[ 2026-03-29 19:52:11 | node_19 | INFO ] Stopping node...
[ 2026-03-29 19:52:11 | node_19 | INFO ] 🛑 Stopping gossiper...
[ 2026-03-29 19:52:12 | node_19 | INFO ] InMemoryServer stopped at node_19
[ 2026-03-29 19:52:12 | node_20 | INFO ] Stopping node...
[ 2026-03-29 19:52:12 | node_20 | INFO ] 🛑 Stopping gossiper...
[ 2026-03-29 19:52:12 | node_20 | INFO ] InMemoryServer stopped at node_20
[ 2026-03-29 19:52:12 | node_21 | INFO ] Stopping node...
[ 2026-03-29 19:52:12 | node_21 | INFO ] 🛑 Stopping gossiper...
[ 2026-03-29 19:52:12 | node_21 | INFO ] InMemoryServer stopped at node_21
[ 2026-03-29 19:52:12 | node_22 | INFO ] Stopping node...
[ 2026-03-29 19:52:12 | node_22 | INFO ] 🛑 Stopping gossiper...
[ 2026-03-29 19:52:12 | node_22 | INFO ] InMemoryServer stopped at node_22
[ 2026-03-29 19:52:12 | node_23 | INFO ] Stopping node...
[ 2026-03-29 19:52:12 | node_23 | INFO ] 🛑 Stopping gossiper...
[ 2026-03-29 19:52:13 | node_23 | INFO ] InMemoryServer stopped at node_23
[ 2026-03-29 19:52:13 | node_24 | INFO ] Stopping node...
[ 2026-03-29 19:52:13 | node_24 | INFO ] 🛑 Stopping gossiper...
[ 2026-03-29 19:52:13 | node_24 | INFO ] InMemoryServer stopped at node_24
[ 2026-03-29 19:52:13 | node_25 | INFO ] Stopping node...
[ 2026-03-29 19:52:13 | node_25 | INFO ] 🛑 Stopping gossiper...
[ 2026-03-29 19:52:13 | node_25 | INFO ] InMemoryServer stopped at node_25
[ 2026-03-29 19:52:13 | node_26 | INFO ] Stopping node...
[ 2026-03-29 19:52:13 | node_26 | INFO ] 🛑 Stopping gossiper...
[ 2026-03-29 19:52:13 | node_26 | INFO ] InMemoryServer stopped at node_26
[ 2026-03-29 19:52:13 | node_27 | INFO ] Stopping node...
[ 2026-03-29 19:52:13 | node_27 | INFO ] 🛑 Stopping gossiper...
[ 2026-03-29 19:52:14 | node_27 | INFO ] InMemoryServer stopped at node_27
[ 2026-03-29 19:52:14 | node_28 | INFO ] Stopping node...
[ 2026-03-29 19:52:14 | node_28 | INFO ] 🛑 Stopping gossiper...
[ 2026-03-29 19:52:14 | node_28 | INFO ] InMemoryServer stopped at node_28
[ 2026-03-29 19:52:14 | node_29 | INFO ] Stopping node...
[ 2026-03-29 19:52:14 | node_29 | INFO ] 🛑 Stopping gossiper...
[ 2026-03-29 19:52:14 | node_29 | INFO ] InMemoryServer stopped at node_29
[ 2026-03-29 19:52:14 | node_30 | INFO ] Stopping node...
[ 2026-03-29 19:52:14 | node_30 | INFO ] 🛑 Stopping gossiper...
[ 2026-03-29 19:52:14 | node_30 | INFO ] InMemoryServer stopped at node_30
[ 2026-03-29 19:52:14 | node_31 | INFO ] Stopping node...
[ 2026-03-29 19:52:14 | node_31 | INFO ] 🛑 Stopping gossiper...
[ 2026-03-29 19:52:14 | node_31 | INFO ] InMemoryServer stopped at node_31
[ 2026-03-29 19:52:14 | node_32 | INFO ] Stopping node...
[ 2026-03-29 19:52:14 | node_32 | INFO ] 🛑 Stopping gossiper...
[ 2026-03-29 19:52:14 | node_32 | INFO ] InMemoryServer stopped at node_32
[ 2026-03-29 19:52:15 | node_33 | INFO ] Stopping node...
[ 2026-03-29 19:52:15 | node_33 | INFO ] 🛑 Stopping gossiper...
[ 2026-03-29 19:52:15 | node_33 | INFO ] InMemoryServer stopped at node_33
[ 2026-03-29 19:52:15 | node_34 | INFO ] Stopping node...
[ 2026-03-29 19:52:15 | node_34 | INFO ] 🛑 Stopping gossiper...
[ 2026-03-29 19:52:15 | node_34 | INFO ] InMemoryServer stopped at node_34
[ 2026-03-29 19:52:15 | node_35 | INFO ] Stopping node...
[ 2026-03-29 19:52:15 | node_35 | INFO ] 🛑 Stopping gossiper...
[ 2026-03-29 19:52:15 | node_35 | INFO ] InMemoryServer stopped at node_35
[ 2026-03-29 19:52:15 | node_36 | INFO ] Stopping node...
[ 2026-03-29 19:52:15 | node_36 | INFO ] 🛑 Stopping gossiper...
[ 2026-03-29 19:52:15 | node_36 | INFO ] InMemoryServer stopped at node_36
[ 2026-03-29 19:52:15 | node_37 | INFO ] Stopping node...
[ 2026-03-29 19:52:15 | node_37 | INFO ] 🛑 Stopping gossiper...
[ 2026-03-29 19:52:15 | node_37 | INFO ] InMemoryServer stopped at node_37
[ 2026-03-29 19:52:15 | node_38 | INFO ] Stopping node...
[ 2026-03-29 19:52:15 | node_38 | INFO ] 🛑 Stopping gossiper...
[ 2026-03-29 19:52:15 | node_38 | INFO ] InMemoryServer stopped at node_38
[ 2026-03-29 19:52:15 | node_39 | INFO ] Stopping node...
[ 2026-03-29 19:52:16 | node_39 | INFO ] 🛑 Stopping gossiper...
[ 2026-03-29 19:52:16 | node_39 | INFO ] InMemoryServer stopped at node_39
[ 2026-03-29 19:52:16 | node_40 | INFO ] Stopping node...
[ 2026-03-29 19:52:16 | node_40 | INFO ] 🛑 Stopping gossiper...
[ 2026-03-29 19:52:16 | node_40 | INFO ] InMemoryServer stopped at node_40
[ 2026-03-29 19:52:16 | node_41 | INFO ] Stopping node...
[ 2026-03-29 19:52:16 | node_41 | INFO ] 🛑 Stopping gossiper...
[ 2026-03-29 19:52:16 | node_41 | INFO ] InMemoryServer stopped at node_41
[ 2026-03-29 19:52:16 | node_42 | INFO ] Stopping node...
[ 2026-03-29 19:52:16 | node_42 | INFO ] 🛑 Stopping gossiper...
[ 2026-03-29 19:52:16 | node_42 | INFO ] InMemoryServer stopped at node_42
[ 2026-03-29 19:52:16 | node_43 | INFO ] Stopping node...
[ 2026-03-29 19:52:16 | node_43 | INFO ] 🛑 Stopping gossiper...
[ 2026-03-29 19:52:16 | node_43 | INFO ] InMemoryServer stopped at node_43
[ 2026-03-29 19:52:17 | node_44 | INFO ] Stopping node...
[ 2026-03-29 19:52:17 | node_44 | INFO ] 🛑 Stopping gossiper...
[ 2026-03-29 19:52:17 | node_44 | INFO ] InMemoryServer stopped at node_44
[ 2026-03-29 19:52:17 | node_45 | INFO ] Stopping node...
[ 2026-03-29 19:52:17 | node_45 | INFO ] 🛑 Stopping gossiper...
[ 2026-03-29 19:52:17 | node_45 | INFO ] InMemoryServer stopped at node_45
[ 2026-03-29 19:52:17 | node_46 | INFO ] Stopping node...
[ 2026-03-29 19:52:17 | node_46 | INFO ] 🛑 Stopping gossiper...
[ 2026-03-29 19:52:17 | node_46 | INFO ] InMemoryServer stopped at node_46
[ 2026-03-29 19:52:17 | node_47 | INFO ] Stopping node...
[ 2026-03-29 19:52:17 | node_47 | INFO ] 🛑 Stopping gossiper...
[ 2026-03-29 19:52:17 | node_47 | INFO ] InMemoryServer stopped at node_47
[ 2026-03-29 19:52:17 | node_48 | INFO ] Stopping node...
[ 2026-03-29 19:52:17 | node_48 | INFO ] 🛑 Stopping gossiper...
[ 2026-03-29 19:52:17 | node_48 | INFO ] InMemoryServer stopped at node_48
[ 2026-03-29 19:52:17 | node_49 | INFO ] Stopping node...
[ 2026-03-29 19:52:18 | node_49 | INFO ] 🛑 Stopping gossiper...
[ 2026-03-29 19:52:18 | node_49 | INFO ] InMemoryServer stopped at node_49
